/* DBScriptData
DBName: The Deadmines
DBScriptName: instance_deadmines
DB%Complete: 91
DBComment:
@CGUID+179 can run onto the waterwheel - https://youtu.be/71UPdm30VrI?t=2630
EndDBScriptData */

SET @CGUID := 3600000; -- creatures
SET @OGUID := 3600000; -- gameobjects
SET @PGUID := 45200; -- pools
SET @SGUID := 3600000; -- spawngroup

-- =========
-- CREATURES
-- =========

INSERT INTO `creature_movement` (`id`, `point`, `PositionX`, `PositionY`, `PositionZ`, `orientation`, `waittime`, `ScriptId`) VALUES
(@CGUID+49, 1, -199.980743408203125, -576.72650146484375, 20.9768218994140625, 4.454451560974121093, 22000, 0),
(@CGUID+49, 2, -192.083724975585937, -547.28924560546875, 19.30646896362304687, 1.308700442314147949, 26000, 0),
(@CGUID+49, 3, -192.33551, -547.7468, 19.306469, 100, 0, 0),
(@CGUID+50, 1, -208.009994506835937, -546.2076416015625, 19.30646896362304687, 1.66171884536743164, 16000, 0),
(@CGUID+50, 2, -207.65327, -546.0899, 19.306469, 100, 0, 0),
(@CGUID+50, 3, -205.631622314453125, -572.291259765625, 20.97682380676269531, 4.789396286010742187, 15000, 0),
(@CGUID+51, 1, -231.831649780273437, -558.140380859375, 19.30647087097167968, 2.369888544082641601, 16000, 0),
(@CGUID+51, 2, -232.1938, -558.0962, 19.30647, 100, 0, 0),
(@CGUID+51, 3, -226.42947, -563.81116, 19.30647, 100, 0, 0),
(@CGUID+51, 4, -219.59435, -571.0974, 20.976822, 100, 0, 0),
(@CGUID+51, 5, -211.98775, -577.78577, 20.976822, 100, 12000, 0),
(@CGUID+51, 6, -212.07661, -577.3619, 20.976822, 100, 0, 0),
(@CGUID+51, 7, -231.83165, -558.14044, 19.30647, 100, 0, 0),
(@CGUID+52, 1, -194.58905, -586.2585, 20.976818, 100, 15000, 0),
(@CGUID+52, 2, -199.69917, -581.31036, 20.976822, 100, 13000, 0),
(@CGUID+53, 1, -212.866104125976562, -592.3636474609375, 20.97681427001953125, 4.069479942321777343, 15000, 0),
(@CGUID+53, 2, -213.17029, -592.5014, 20.976814, 100, 0, 0),
(@CGUID+53, 3, -207.480087280273437, -585.728759765625, 20.9768218994140625, 0.872036159038543701, 10000, 0),
(@CGUID+53, 4, -208.8252, -587.3651, 21.476818, 100, 0, 0),
(@CGUID+54, 01, -234.78088, -574.0823, 19.30647, 100, 0, 0),
(@CGUID+54, 02, -228.62756, -562.47925, 19.30647, 100, 0, 0),
(@CGUID+54, 03, -216.41878, -552.2443, 19.30647, 100, 0, 0),
(@CGUID+54, 04, -198.8244, -550.1321, 19.306469, 100, 0, 0),
(@CGUID+54, 05, -188.47276, -557.78815, 19.306469, 100, 0, 0),
(@CGUID+54, 06, -182.38043, -566.1832, 19.306469, 100, 0, 0),
(@CGUID+54, 07, -178.76411, -577.1136, 19.310112, 100, 0, 0),
(@CGUID+54, 08, -173.14336, -587.10406, 19.322857, 100, 8000, 0),
(@CGUID+54, 09, -178.76411, -577.1136, 19.310112, 100, 0, 0),
(@CGUID+54, 10, -182.38043, -566.1832, 19.306469, 100, 0, 0),
(@CGUID+54, 11, -188.47276, -557.78815, 19.306469, 100, 0, 0),
(@CGUID+54, 12, -198.8244, -550.1321, 19.306469, 100, 0, 0),
(@CGUID+54, 13, -216.41878, -552.2443, 19.30647, 100, 0, 0),
(@CGUID+54, 14, -228.62756, -562.47925, 19.30647, 100, 0, 0),
(@CGUID+54, 15, -234.78088, -574.0823, 19.30647, 100, 0, 0),
(@CGUID+54, 16, -236.19403, -583.4495, 19.30647, 100, 0, 0),
(@CGUID+54, 17, -230.18112, -593.6112, 19.527985, 100, 0, 0),
(@CGUID+54, 18, -222.1441, -599.7067, 22.367672, 100, 0, 0),
(@CGUID+54, 19, -213.65881, -606.8971, 26.245995, 100, 0, 0),
(@CGUID+54, 20, -199.07507, -605.2112, 31.794928, 100, 0, 0),
(@CGUID+54, 21, -191.25478, -601.9495, 35.35846, 100, 0, 0),
(@CGUID+54, 22, -199.07507, -605.2112, 31.794928, 100, 0, 0),
(@CGUID+54, 23, -213.65881, -606.8971, 26.245995, 100, 0, 0),
(@CGUID+54, 24, -222.1441, -599.7067, 22.367672, 100, 0, 0),
(@CGUID+54, 25, -230.18112, -593.6112, 19.527985, 100, 0, 0),
(@CGUID+54, 26, -236.19403, -583.4495, 19.30647, 100, 0, 0),
(@CGUID+62, 01, -284.02356, -483.8802, 49.92655, 100, 33000, 0),
(@CGUID+62, 02, -284.23383, -485.69238, 49.94569, 100, 0, 0),
(@CGUID+62, 03, -279.00452, -485.9936, 48.912605, 100, 0, 0),
(@CGUID+62, 04, -278.8442, -490.9167, 49.237305, 100, 0, 0),
(@CGUID+62, 05, -283.45578, -493.5826, 49.195206, 100, 0, 0),
(@CGUID+62, 06, -283.5502, -514.0262, 48.907715, 100, 0, 0),
(@CGUID+62, 07, -280.7719, -519.89777, 48.855667, 100, 0, 0),
(@CGUID+62, 08, -283.1958, -521.42285, 48.63613, 100, 10000, 0),
(@CGUID+62, 09, -283.30664, -522.4891, 48.656666, 100, 0, 0),
(@CGUID+62, 10, -274.21652, -519.23425, 49.85315, 100, 0, 0),
(@CGUID+62, 11, -275.3435, -518.56586, 49.80932, 100, 0, 0),
(@CGUID+62, 12, -283.05737, -521.0515, 48.63594, 100, 7000, 0),
(@CGUID+62, 13, -282.92218, -519.98413, 48.61708, 100, 0, 0),
(@CGUID+62, 14, -279.7437, -485.23083, 48.98772, 100, 0, 0),
(@CGUID+64, 01, -301.78625, -488.11188, 49.165245, 100, 33000, 0),
(@CGUID+64, 02, -301.92758, -488.64844, 49.161034, 100, 0, 0),
(@CGUID+64, 03, -297.33508, -497.1024, 49.645508, 100, 0, 0),
(@CGUID+64, 04, -291.17535, -498.39166, 50.226646, 100, 0, 0),
(@CGUID+64, 05, -290.94092, -519.6039, 49.63137, 100, 0, 0),
(@CGUID+64, 06, -289.62323, -523.9527, 49.639244, 100, 0, 0),
(@CGUID+64, 07, -287.98358, -523.6623, 49.5725, 100, 10000, 0),
(@CGUID+64, 08, -288.58807, -522.5039, 49.550705, 100, 0, 0),
(@CGUID+64, 09, -288.80554, -500.67365, 50.145775, 100, 0, 0),
(@CGUID+64, 10, -296.8723, -498.0021, 49.80485, 100, 0, 0),
(@CGUID+64, 11, -300.8313, -493.87317, 49.43989, 100, 0, 0),
(@CGUID+148, 01, -102.52079, -697.94214, 8.844545, 100, 1000, 0),
(@CGUID+148, 02, -102.61659, -710.4934, 9.017014, 100, 0, 0),
(@CGUID+148, 03, -102.21658, -716.5364, 8.732536, 100, 0, 0),
(@CGUID+148, 04, -103.38927, -722.8615, 8.51218, 100, 0, 0),
(@CGUID+148, 05, -102.21658, -716.5364, 8.732536, 100, 0, 0),
(@CGUID+148, 06, -102.61659, -710.4934, 9.017014, 100, 0, 0),
(@CGUID+149, 01, -89.952415, -719.418, 8.568348, 100, 1000, 0),
(@CGUID+149, 02, -89.86063, -712.8904, 8.767227, 100, 0, 0),
(@CGUID+149, 03, -89.50405, -703.4275, 8.996733, 100, 0, 0),
(@CGUID+149, 04, -89.754395, -687.9793, 8.0130825, 100, 0, 0),
(@CGUID+149, 05, -89.50054, -703.3343, 8.99148, 100, 0, 0),
(@CGUID+149, 06, -89.86063, -712.8904, 8.767227, 100, 0, 0),
(@CGUID+113, 01, -13.342728, -376.70654, 60.732327, 100, 0, 0),
(@CGUID+113, 02, -26.269424, -373.45914, 60.55405, 100, 0, 0),
(@CGUID+113, 03, -36.633575, -372.04553, 57.74746, 100, 0, 0),
(@CGUID+113, 04, -48.576828, -374.59464, 55.421486, 100, 0, 0),
(@CGUID+113, 05, -57.26123, -370.5302, 54.975822, 100, 0, 0),
(@CGUID+113, 06, -62.88244, -359.6911, 54.10677, 100, 0, 0),
(@CGUID+113, 07, -64.42009, -367.0666, 55.109085, 100, 0, 0),
(@CGUID+113, 08, -68.61178, -352.7555, 55.824417, 100, 0, 0),
(@CGUID+113, 09, -64.42009, -367.0666, 55.109085, 100, 0, 0),
(@CGUID+113, 10, -66.50143, -371.0593, 55.319252, 100, 0, 0),
(@CGUID+113, 11, -67.34007, -373.65253, 55.106583, 100, 0, 0),
(@CGUID+113, 12, -69.15381, -376.51608, 54.990646, 100, 0, 0),
(@CGUID+113, 13, -68.01747, -382.0384, 53.802254, 100, 0, 0),
(@CGUID+113, 14, -59.618874, -387.82526, 53.643402, 100, 0, 0),
(@CGUID+113, 15, -61.508896, -394.5246, 53.625908, 100, 0, 0),
(@CGUID+113, 16, -54.9338, -401.93414, 55.079895, 100, 0, 0),
(@CGUID+113, 17, -61.508896, -394.5246, 53.625908, 100, 0, 0),
(@CGUID+113, 18, -72.98356, -409.0148, 54.84156, 100, 0, 0),
(@CGUID+113, 19, -67.17714, -404.2614, 54.463245, 100, 0, 0),
(@CGUID+113, 20, -61.980095, -402.55685, 54.348637, 100, 0, 0),
(@CGUID+113, 21, -60.01741, -405.3698, 54.977913, 100, 0, 0),
(@CGUID+113, 22, -51.21392, -400.3385, 55.666183, 100, 0, 0),
(@CGUID+113, 23, -50.3106, -396.58588, 55.761524, 100, 0, 0),
(@CGUID+113, 24, -44.325363, -381.47226, 55.484566, 100, 0, 0),
(@CGUID+113, 25, -34.608727, -376.37997, 58.78998, 100, 0, 0),
(@CGUID+113, 26, -23.800934, -377.42386, 60.978092, 100, 0, 0),
(@CGUID+114, 01, -90.645294, -401.71155, 58.5306, 100, 0, 0),
(@CGUID+114, 02, -93.94673, -396.15424, 58.96117, 100, 0, 0),
(@CGUID+114, 03, -100.54356, -390.8484, 58.008446, 100, 0, 0),
(@CGUID+114, 04, -102.445755, -386.2497, 57.806316, 100, 0, 0),
(@CGUID+114, 05, -102.62831, -381.193, 57.65515, 100, 0, 0),
(@CGUID+114, 06, -103.85683, -375.9284, 58.372665, 100, 0, 0),
(@CGUID+114, 07, -110.787605, -375.8803, 58.4542, 100, 0, 0),
(@CGUID+114, 08, -114.810165, -375.67462, 58.525078, 100, 0, 0),
(@CGUID+114, 09, -115.02583, -386.36444, 57.072067, 100, 0, 0),
(@CGUID+114, 10, -110.420746, -386.20508, 57.00196, 100, 0, 0),
(@CGUID+114, 11, -109.28392, -389.58685, 56.89531, 100, 0, 0),
(@CGUID+114, 12, -108.31071, -398.96924, 59.666073, 100, 0, 0),
(@CGUID+114, 13, -113.03906, -404.96347, 59.856194, 100, 0, 0),
(@CGUID+114, 14, -117.24605, -409.93073, 59.001892, 100, 0, 0),
(@CGUID+114, 15, -123.45601, -405.76562, 58.72492, 100, 0, 0),
(@CGUID+114, 16, -128.69847, -397.30957, 59.002052, 100, 0, 0),
(@CGUID+114, 17, -126.50105, -391.48447, 58.822357, 100, 0, 0),
(@CGUID+114, 18, -125.55838, -383.7503, 59.18976, 100, 0, 0),
(@CGUID+114, 19, -122.47591, -380.95868, 59.43924, 100, 0, 0),
(@CGUID+114, 20, -114.871155, -389.8229, 56.600624, 100, 0, 0),
(@CGUID+114, 21, -105.26889, -396.7763, 58.055862, 100, 0, 0),
(@CGUID+114, 22, -94.07319, -403.81885, 57.57258, 100, 0, 0),
(@CGUID+115, 01, -136.44286, -415.72748, 58.682045, 100, 0, 0),
(@CGUID+115, 02, -131.90804, -414.03656, 57.963463, 100, 0, 0),
(@CGUID+115, 03, -119.45026, -414.6206, 58.212658, 100, 0, 0),
(@CGUID+115, 04, -117.80323, -423.83414, 55.603798, 100, 0, 0),
(@CGUID+115, 05, -120.585785, -425.70575, 55.612785, 100, 0, 0),
(@CGUID+115, 06, -120.60863, -433.48212, 54.47722, 100, 0, 0),
(@CGUID+115, 07, -124.4515, -441.00836, 55.094406, 100, 0, 0),
(@CGUID+115, 08, -110.13608, -437.58096, 55.21454, 100, 0, 0),
(@CGUID+115, 09, -108.72032, -434.24692, 55.103058, 100, 0, 0),
(@CGUID+115, 10, -105.424385, -433.6854, 55.025307, 100, 0, 0),
(@CGUID+115, 11, -115.74409, -420.94128, 56.56216, 100, 0, 0),
(@CGUID+115, 12, -126.89529, -398.04596, 58.753662, 100, 0, 0),
(@CGUID+115, 13, -139.08092, -402.43582, 58.620316, 100, 0, 0),
(@CGUID+115, 14, -143.3673, -402.88263, 57.736656, 100, 0, 0),
(@CGUID+115, 15, -142.87141, -408.06122, 58.45069, 100, 0, 0),
(@CGUID+115, 16, -136.6092, -412.8161, 58.43025, 100, 0, 0),
(@CGUID+116, 01, -205.92087, -428.3792, 54.52316, 100, 12000, 0),
(@CGUID+116, 02, -202.93974, -428.6003, 54.60062, 100, 0, 0),
(@CGUID+116, 03, -200.39009, -434.32867, 53.70125, 100, 0, 0),
(@CGUID+116, 04, -200.4194, -436.4223, 53.361088, 100, 0, 0),
(@CGUID+116, 05, -196.98526, -440.89362, 53.406853, 100, 0, 0),
(@CGUID+116, 06, -190.6257, -439.703, 53.434982, 100, 0, 0),
(@CGUID+116, 07, -186.3699, -437.04877, 53.657623, 100, 0, 0),
(@CGUID+116, 08, -181.0037, -443.2863, 54.74726, 100, 0, 0),
(@CGUID+116, 09, -180.34055, -438.02142, 54.72874, 100, 0, 0),
(@CGUID+116, 10, -176.5292, -428.8615, 54.8445, 100, 6000, 0),
(@CGUID+116, 11, -178.67769, -429.372, 54.80384, 100, 0, 0),
(@CGUID+116, 12, -180.24533, -427.4156, 54.84556, 100, 0, 0),
(@CGUID+116, 13, -180.11002, -424.27484, 55.039017, 100, 1000, 0),
(@CGUID+116, 14, -186.04617, -426.05566, 53.991676, 100, 0, 0),
(@CGUID+116, 15, -191.34048, -430.06088, 53.802635, 100, 0, 0),
(@CGUID+116, 16, -196.33908, -432.64764, 53.75982, 100, 0, 0),
(@CGUID+116, 17, -197.59294, -429.45087, 54.133026, 100, 0, 0),
(@CGUID+116, 18, -200.17792, -430.28, 54.30015, 100, 0, 0),
(@CGUID+116, 19, -201.94344, -429.11115, 54.49671, 100, 0, 0),
(@CGUID+117, 01, -189.10857, -479.75977, 54.015175, 100, 0, 0),
(@CGUID+117, 02, -187.56407, -488.1715, 54.045113, 100, 0, 0),
(@CGUID+117, 03, -186.61412, -478.287, 54.037453, 100, 0, 0),
(@CGUID+117, 04, -187.68817, -468.94525, 54.087425, 100, 0, 0),
(@CGUID+117, 05, -188.26286, -486.00525, 54.043495, 100, 0, 0),
(@CGUID+117, 06, -183.61346, -497.136, 53.60662, 100, 0, 0),
(@CGUID+117, 07, -177.95361, -502.32318, 53.906532, 100, 0, 0),
(@CGUID+117, 08, -191.16168, -502.81213, 52.862732, 100, 0, 0),
(@CGUID+117, 09, -177.95361, -502.32318, 53.906532, 100, 0, 0),
(@CGUID+117, 10, -165.99666, -503.37183, 54.9892, 100, 0, 0),
(@CGUID+117, 11, -168.12268, -503.96173, 54.477898, 100, 0, 0),
(@CGUID+117, 12, -177.72733, -502.61798, 53.909557, 100, 0, 0),
(@CGUID+117, 13, -169.78206, -507.9791, 53.58645, 100, 0, 0),
(@CGUID+117, 14, -160.4488, -507.877, 53.266502, 100, 0, 0),
(@CGUID+117, 15, -153.76253, -516.4237, 52.54428, 100, 0, 0),
(@CGUID+117, 16, -152.06392, -528.5805, 50.213837, 100, 1, 2), -- GENERIC - Change Movement To 1 - Random
(@CGUID+118, 01, -247.06735, -586.6072, 51.142708, 100, 0, 0),
(@CGUID+118, 02, -248.58807, -584.49164, 51.140194, 100, 0, 0),
(@CGUID+118, 03, -251.87608, -583.88275, 51.141483, 100, 0, 0),
(@CGUID+118, 04, -255.12941, -585.2355, 51.14608, 100, 0, 0),
(@CGUID+118, 05, -254.31143, -587.27515, 51.14896, 100, 0, 0),
(@CGUID+118, 06, -274.53098, -578.4672, 50.219402, 100, 0, 0),
(@CGUID+118, 07, -277.50235, -581.4939, 50.311165, 100, 0, 0),
(@CGUID+118, 08, -276.72208, -588.1806, 50.206406, 100, 0, 0),
(@CGUID+118, 09, -286.48737, -599.3257, 48.773582, 100, 0, 0),
(@CGUID+118, 10, -306.93423, -601.514, 47.958206, 100, 0, 0),
(@CGUID+118, 11, -308.79346, -599.8139, 48.20256, 100, 0, 0),
(@CGUID+118, 12, -294.03473, -578.0737, 48.532143, 100, 0, 0),
(@CGUID+118, 13, -290.56244, -574.7206, 48.887825, 100, 0, 0),
(@CGUID+118, 14, -289.32336, -574.98816, 49.05831, 100, 0, 0),
(@CGUID+118, 15, -289.62936, -561.2878, 48.883644, 100, 0, 0),
(@CGUID+118, 16, -297.98553, -548.254, 49.442894, 100, 0, 0),
(@CGUID+118, 17, -296.7915, -546.8063, 49.439693, 100, 0, 0),
(@CGUID+118, 18, -296.25894, -544.5258, 49.43714, 100, 0, 0),
(@CGUID+118, 19, -297.51074, -542.6644, 49.43817, 100, 0, 0),
(@CGUID+119, 01, -111.36128, -617.7238, 13.396099, 100, 0, 0),
(@CGUID+119, 02, -117.82021, -622.4169, 14.221246, 100, 0, 0),
(@CGUID+119, 03, -118.57547, -623.8969, 15.227645, 100, 0, 0),
(@CGUID+119, 04, -123.61241, -626.36664, 13.384993, 100, 0, 0),
(@CGUID+119, 05, -123.37169, -630.0501, 13.389254, 100, 0, 0),
(@CGUID+119, 06, -119.49263, -633.37616, 13.13361, 100, 0, 0),
(@CGUID+119, 07, -107.69629, -649.3585, 7.0208855, 100, 0, 0),
(@CGUID+119, 08, -103.63678, -659.35675, 7.4220676, 100, 0, 0),
(@CGUID+119, 09, -108.40604, -667.52167, 7.414669, 100, 0, 0),
(@CGUID+119, 10, -108.15543, -667.3005, 7.4142666, 100, 0, 0),
(@CGUID+119, 11, -95.70151, -663.3414, 7.4132996, 100, 0, 0),
(@CGUID+119, 12, -114.8092, -644.916, 10.021677, 100, 0, 0),
(@CGUID+119, 13, -133.62381, -636.243, 14.291261, 100, 0, 0),
(@CGUID+119, 14, -137.67427, -628.0509, 14.88417, 100, 0, 0),
(@CGUID+119, 15, -135.10532, -591.2344, 19.058775, 100, 0, 0),
(@CGUID+119, 16, -137.54904, -586.0582, 18.166218, 100, 0, 0),
(@CGUID+119, 17, -141.3818, -582.31287, 18.673775, 100, 0, 0),
(@CGUID+119, 18, -145.31589, -584.5022, 18.800209, 100, 0, 0),
(@CGUID+119, 19, -147.05762, -586.9083, 18.850399, 100, 0, 0),
(@CGUID+119, 20, -146.3705, -588.8868, 19.372875, 100, 0, 0),
(@CGUID+119, 21, -146.60402, -587.2395, 18.887112, 100, 0, 0),
(@CGUID+119, 22, -144.87457, -584.57404, 18.79853, 100, 0, 0),
(@CGUID+119, 23, -140.89883, -582.19836, 18.609165, 100, 0, 0),
(@CGUID+119, 24, -140.04704, -584.7782, 18.291325, 100, 0, 0),
(@CGUID+119, 25, -128.17578, -599.0777, 16.647186, 100, 0, 0),
(@CGUID+119, 26, -127.12801, -610.2, 14.468011, 100, 0, 0),
(@CGUID+119, 27, -117.73259, -618.592, 14.122251, 100, 0, 0),
(@CGUID+119, 28, -108.55789, -619.6602, 13.832647, 100, 0, 0),
(@CGUID+120, 01, -19.692703, -817.70715, 19.666203, 100, 9000, 0),
(@CGUID+120, 02, -17.427414, -818.63855, 19.805122, 100, 0, 0),
(@CGUID+120, 03, -16.222122, -817.1295, 19.883083, 100, 0, 0),
(@CGUID+120, 04, -17.08583, -806.5906, 19.850666, 100, 0, 0),
(@CGUID+120, 05, -27.24202, -794.3803, 19.276024, 100, 0, 0),
(@CGUID+120, 06, -35.70215, -787.3601, 18.893969, 100, 0, 0),
(@CGUID+120, 07, -46.870552, -782.293, 18.41, 100, 0, 0),
(@CGUID+120, 08, -56.69474, -779.28, 18.041986, 100, 0, 0),
(@CGUID+120, 09, -66.52039, -778.3401, 17.719732, 100, 0, 0),
(@CGUID+120, 10, -77.28384, -778.68146, 17.422222, 100, 0, 0),
(@CGUID+120, 11, -80.855034, -779.4319, 17.33651, 100, 0, 0),
(@CGUID+120, 12, -83.41162, -778.9413, 17.647728, 100, 0, 0),
(@CGUID+120, 13, -85.21771, -779.51245, 17.607494, 100, 0, 0),
(@CGUID+120, 14, -91.67295, -782.14105, 17.114193, 100, 0, 0),
(@CGUID+120, 15, -101.109604, -785.7731, 16.968147, 100, 0, 0),
(@CGUID+120, 16, -100.7264, -787.20087, 16.991772, 100, 0, 0),
(@CGUID+120, 17, -102.60629, -787.96106, 16.966885, 100, 0, 0),
(@CGUID+120, 18, -104.8641, -787.11847, 16.916416, 100, 0, 0),
(@CGUID+120, 19, -116.803986, -794.6023, 16.814854, 100, 0, 0),
(@CGUID+120, 20, -120.39795, -805.05914, 16.948978, 100, 8000, 0),
(@CGUID+120, 21, -122.42372, -798.30414, 16.751118, 100, 0, 0),
(@CGUID+120, 22, -134.39854, -792.648, 17.469975, 100, 5000, 0), -- 5000 - 8000
(@CGUID+120, 23, -128.00496, -802.2658, 17.103455, 100, 0, 0),
(@CGUID+120, 24, -134.22586, -792.8417, 17.456932, 100, 0, 0),
(@CGUID+120, 25, -117.02734, -794.8406, 16.808586, 100, 0, 0),
(@CGUID+120, 26, -104.98031, -787.26526, 16.916048, 100, 0, 0),
(@CGUID+120, 27, -103.2991, -786.5359, 16.937725, 100, 0, 0),
(@CGUID+120, 28, -102.48139, -787.7147, 16.966242, 100, 0, 0),
(@CGUID+120, 29, -89.52202, -790.72327, 18.61929, 100, 0, 0),
(@CGUID+120, 30, -102.48139, -787.7147, 16.966242, 100, 0, 0),
(@CGUID+120, 31, -100.28912, -786.71564, 16.993946, 100, 0, 0),
(@CGUID+120, 32, -91.89513, -782.02185, 17.108345, 100, 0, 0),
(@CGUID+120, 33, -85.02452, -780.5136, 17.251099, 100, 0, 0),
(@CGUID+120, 34, -84.4776, -781.7484, 17.272388, 100, 0, 0),
(@CGUID+120, 35, -82.288734, -781.12683, 17.316835, 100, 0, 0),
(@CGUID+120, 36, -82.31928, -779.7382, 17.305977, 100, 0, 0),
(@CGUID+120, 37, -77.33616, -778.6057, 17.420952, 100, 0, 0),
(@CGUID+120, 38, -66.61338, -778.2277, 17.703321, 100, 0, 0),
(@CGUID+120, 39, -56.69744, -779.2976, 18.029669, 100, 0, 0),
(@CGUID+120, 40, -46.762413, -781.82733, 18.404427, 100, 0, 0),
(@CGUID+120, 41, -35.693497, -787.2768, 18.89481, 100, 0, 0),
(@CGUID+120, 42, -27.303223, -794.7998, 19.271385, 100, 0, 0),
(@CGUID+120, 43, -17.845062, -807.02405, 19.8026, 100, 0, 0),
(@CGUID+120, 44, -16.281631, -816.9322, 19.879784, 100, 0, 0),
(@CGUID+120, 45, -17.211319, -819.07166, 19.81768, 100, 0, 0),
(@CGUID+151, 01, -97.28662, -714.35114, 8.69282, 100, 0, 0),
(@CGUID+151, 02, -96.21387, -706.1424, 8.864227, 100, 0, 0),
(@CGUID+151, 03, -97.28662, -714.35114, 8.69282, 100, 0, 0),
(@CGUID+151, 04, -93.32655, -721.48755, 8.5219, 100, 0, 0),
(@CGUID+151, 05, -80.44662, -727.67316, 8.92354, 100, 0, 0),
(@CGUID+151, 06, -69.5746, -731.31445, 8.109911, 100, 0, 0),
(@CGUID+151, 07, -56.12272, -730.7711, 9.157366, 100, 0, 0),
(@CGUID+151, 08, -47.203835, -725.9252, 8.954771, 100, 0, 0),
(@CGUID+151, 09, -35.193413, -726.2176, 8.682568, 100, 0, 0),
(@CGUID+151, 10, -22.702759, -730.3445, 8.226051, 100, 0, 0),
(@CGUID+151, 11, -12.233337, -740.43036, 9.033932, 100, 0, 0),
(@CGUID+151, 12, -2.2230988, -751.9745, 8.774811, 100, 0, 0),
(@CGUID+151, 13, 4.573459, -763.5695, 9.838999, 100, 1000, 0),
(@CGUID+151, 14, -2.2230988, -751.9745, 8.774811, 100, 0, 0),
(@CGUID+151, 15, -12.233337, -740.43036, 9.033932, 100, 0, 0),
(@CGUID+151, 16, -22.702759, -730.3445, 8.226051, 100, 0, 0),
(@CGUID+151, 17, -35.193413, -726.2176, 8.682568, 100, 0, 0),
(@CGUID+151, 18, -47.203835, -725.9252, 8.954771, 100, 0, 0),
(@CGUID+151, 19, -56.12272, -730.7711, 9.157366, 100, 0, 0),
(@CGUID+151, 20, -69.5746, -731.31445, 8.109911, 100, 0, 0),
(@CGUID+151, 21, -80.44662, -727.67316, 8.92354, 100, 0, 0),
(@CGUID+151, 22, -93.32655, -721.48755, 8.5219, 100, 0, 0),
(@CGUID+187, 01, -58.76378, -377.43353, 54.003212, 100, 0, 0),
(@CGUID+187, 02, -66.11079, -373.37067, 55.162174, 100, 0, 0),
(@CGUID+187, 03, -73.79227, -374.31607, 54.66773, 100, 0, 0),
(@CGUID+187, 04, -84.69266, -376.90512, 56.844524, 100, 0, 0),
(@CGUID+187, 05, -99.66847, -378.01794, 58.452507, 100, 0, 0),
(@CGUID+187, 06, -112.35368, -377.89508, 58.22396, 100, 0, 0),
(@CGUID+187, 07, -119.7283, -388.72574, 58.33481, 100, 0, 0),
(@CGUID+187, 08, -112.35368, -377.89508, 58.22396, 100, 0, 0),
(@CGUID+187, 09, -99.66847, -378.01794, 58.452507, 100, 0, 0),
(@CGUID+187, 10, -84.69266, -376.90512, 56.844524, 100, 0, 0),
(@CGUID+187, 11, -73.79227, -374.31607, 54.66773, 100, 0, 0),
(@CGUID+187, 12, -66.11079, -373.37067, 55.162174, 100, 0, 0),
(@CGUID+187, 13, -58.76378, -377.43353, 54.003212, 100, 0, 0),
(@CGUID+187, 14, -52.46672, -379.36597, 54.579678, 100, 0, 0),
(@CGUID+187, 15, -39.569878, -375.84045, 56.07526, 100, 0, 0),
(@CGUID+187, 16, -52.46672, -379.36597, 54.579678, 100, 0, 0),
(@CGUID+189, 01, -86.581604, -376.20258, 57.2615, 100, 0, 0),
(@CGUID+189, 02, -72.23367, -377.3908, 54.352997, 100, 0, 0),
(@CGUID+189, 03, -86.581604, -376.20258, 57.2615, 100, 0, 0),
(@CGUID+189, 04, -106.50342, -384.58344, 57.00715, 100, 0, 0),
(@CGUID+189, 05, -115.66759, -397.75037, 57.232178, 100, 0, 0),
(@CGUID+189, 06, -126.15794, -405.9793, 58.316452, 100, 0, 0),
(@CGUID+189, 07, -136.25526, -408.28925, 58.215996, 100, 0, 0),
(@CGUID+189, 08, -141.91911, -407.14886, 58.51202, 100, 0, 0),
(@CGUID+189, 09, -144.31105, -403.2868, 57.561764, 100, 0, 0),
(@CGUID+189, 10, -153.6606, -398.99005, 56.54003, 100, 0, 0),
(@CGUID+189, 11, -165.11497, -399.59137, 56.648952, 100, 0, 0),
(@CGUID+189, 12, -174.86765, -408.23163, 55.95623, 100, 0, 0),
(@CGUID+189, 13, -187.572006, -425.240997, 53.997337, 100, 0, 0), -- spawn not waypoint, part missing
(@CGUID+189, 14, -174.86765, -408.23163, 55.95623, 100, 0, 0),
(@CGUID+189, 15, -165.11497, -399.59137, 56.648952, 100, 0, 0),
(@CGUID+189, 16, -153.6606, -398.99005, 56.54003, 100, 0, 0),
(@CGUID+189, 17, -144.31105, -403.2868, 57.561764, 100, 0, 0),
(@CGUID+189, 18, -141.91911, -407.14886, 58.51202, 100, 0, 0),
(@CGUID+189, 19, -136.25526, -408.28925, 58.215996, 100, 0, 0),
(@CGUID+189, 20, -126.15794, -405.9793, 58.316452, 100, 0, 0),
(@CGUID+189, 21, -115.66759, -397.75037, 57.232178, 100, 0, 0),
(@CGUID+189, 22, -106.50342, -384.58344, 57.00715, 100, 0, 0),
(@CGUID+190, 01, -116.7749, -444.1193, 54.759884, 100, 0, 0),
(@CGUID+190, 02, -117.9636, -434.5622, 54.967766, 100, 0, 0),
(@CGUID+190, 03, -115.90824, -427.48868, 54.884758, 100, 0, 0),
(@CGUID+190, 04, -120.17801, -416.62067, 57.922184, 100, 0, 0),
(@CGUID+190, 05, -119.5502, -410.78864, 58.469112, 100, 0, 0),
(@CGUID+190, 06, -115.10835, -405.2406, 59.711975, 100, 0, 0),
(@CGUID+190, 07, -105.37104, -397.7303, 58.35349, 100, 0, 0),
(@CGUID+190, 08, -104.52167, -386.5047, 57.10899, 100, 0, 0),
(@CGUID+190, 09, -100.74132, -378.118, 58.120064, 100, 0, 0),
(@CGUID+190, 10, -82.71153, -376.43393, 56.322186, 100, 0, 0),
(@CGUID+190, 11, -72.693306, -379.93402, 54.877014, 100, 0, 0),
(@CGUID+190, 12, -65.48118, -386.8156, 53.401222, 100, 0, 0),
(@CGUID+190, 13, -61.64849, -399.21436, 53.78483, 100, 0, 0),
(@CGUID+190, 14, -65.48118, -386.8156, 53.401222, 100, 0, 0),
(@CGUID+190, 15, -72.693306, -379.93402, 54.877014, 100, 0, 0),
(@CGUID+190, 16, -82.71153, -376.43393, 56.322186, 100, 0, 0),
(@CGUID+190, 17, -100.74132, -378.118, 58.120064, 100, 0, 0),
(@CGUID+190, 18, -104.52167, -386.5047, 57.10899, 100, 0, 0),
(@CGUID+190, 19, -105.37104, -397.7303, 58.35349, 100, 0, 0),
(@CGUID+190, 20, -115.10835, -405.2406, 59.711975, 100, 0, 0),
(@CGUID+190, 21, -119.5502, -410.78864, 58.469112, 100, 0, 0),
(@CGUID+190, 22, -120.17801, -416.62067, 57.922184, 100, 0, 0),
(@CGUID+190, 23, -115.90824, -427.48868, 54.884758, 100, 0, 0),
(@CGUID+190, 24, -117.9636, -434.5622, 54.967766, 100, 0, 0),
(@CGUID+192, 01, -188.06647, -479.887, 54.047768, 100, 0, 0),
(@CGUID+192, 02, -187.91211, -496.45074, 53.40541, 100, 0, 0),
(@CGUID+192, 03, -192.43625, -503.41602, 53.115036, 100, 0, 0),
(@CGUID+192, 04, -202.85753, -505.9479, 52.573483, 100, 0, 0),
(@CGUID+192, 05, -214.83952, -511.1139, 50.75599, 100, 0, 0),
(@CGUID+192, 06, -202.85753, -505.9479, 52.573483, 100, 0, 0),
(@CGUID+192, 07, -192.43625, -503.41602, 53.115044, 100, 0, 0),
(@CGUID+192, 08, -187.91211, -496.45074, 53.40541, 100, 0, 0),
(@CGUID+192, 09, -188.06647, -479.887, 54.04777, 100, 0, 0),
(@CGUID+192, 10, -185.98758, -487.11215, 54.04419, 100, 0, 0),
(@CGUID+192, 11, -183.5982, -498.61597, 53.539482, 100, 0, 0),
(@CGUID+192, 12, -172.41374, -506.0768, 53.896214, 100, 0, 0),
(@CGUID+192, 13, -165.83821, -506.6772 , 53.35173, 100, 0, 0),
(@CGUID+192, 14, -157.95786, -511.49872 , 53.091927, 100, 0, 0),
(@CGUID+192, 15, -153.14784, -526.7511, 50.833046, 100, 0, 0),
(@CGUID+192, 16, -157.95786, -511.49872 , 53.091927, 100, 0, 0),
(@CGUID+192, 17, -165.83821, -506.6772 , 53.35173, 100, 0, 0),
(@CGUID+192, 18, -172.41374, -506.0768, 53.896214, 100, 0, 0),
(@CGUID+192, 19, -183.5982, -498.61597, 53.539482, 100, 0, 0),
(@CGUID+192, 20, -185.98758, -487.11215, 54.04419, 100, 0, 0),
(@CGUID+193, 01, -187.68474, -491.22113, 53.525726, 100, 0, 0),
(@CGUID+193, 02, -187.06964, -501.111, 52.817223, 100, 0, 0),
(@CGUID+193, 03, -198.57916, -506.24493, 53.05465, 100, 0, 0),
(@CGUID+193, 04, -210.25772, -506.26825, 51.188133, 100, 0, 0),
(@CGUID+193, 05, -217.77377, -497.89062, 49.244225, 100, 0, 0),
(@CGUID+193, 06, -226.99973, -486.98877, 48.560753, 100, 0, 0),
(@CGUID+193, 07, -239.53906, -479.85858, 49.07003, 100, 0, 0),
(@CGUID+193, 08, -256.99722, -479.81537, 49.440235, 100, 0, 0),
(@CGUID+193, 09, -239.53906, -479.85858, 49.07003, 100, 0, 0),
(@CGUID+193, 10, -226.99973, -486.98877, 48.560753, 100, 0, 0),
(@CGUID+193, 11, -217.77377, -497.89062, 49.244225, 100, 0, 0),
(@CGUID+193, 12, -210.25772, -506.26825, 51.188133, 100, 0, 0),
(@CGUID+193, 13, -198.57916, -506.24493, 53.05465, 100, 0, 0),
(@CGUID+193, 14, -187.06964, -501.111, 52.817223, 100, 0, 0),
(@CGUID+193, 15, -187.68474, -491.22113, 53.525726, 100, 0, 0),
(@CGUID+193, 16, -191.73372, -483.35373, 54.041306, 100, 0, 0),
(@CGUID+194, 01, -222.82439, -489.6029, 48.53412, 100, 0, 0),
(@CGUID+194, 02, -214.4271, -502.1547, 50.96303, 100, 0, 0),
(@CGUID+194, 03, -215.1579, -513.8491, 51.19925, 100, 0, 0),
(@CGUID+194, 04, -214.4271, -502.1547, 50.96303, 100, 0, 0),
(@CGUID+194, 05, -222.82439, -489.6029, 48.53412, 100, 0, 0),
(@CGUID+194, 06, -248.54062, -481.88538, 49.448555, 100, 0, 0),
(@CGUID+195, 01, -292.01627, -553.296, 49.452904, 100, 0, 0),
(@CGUID+195, 02, -296.85025, -570.1918, 48.577343, 100, 0, 0),
(@CGUID+195, 03, -302.3725, -581.19073, 47.605476, 100, 0, 0),
(@CGUID+195, 04, -301.97244, -593.9545, 48.116074, 100, 0, 0),
(@CGUID+195, 05, -293.54813, -601.5745, 47.47778, 100, 0, 0),
(@CGUID+195, 06, -278.99503, -595.66296, 51.05494, 100, 0, 0),
(@CGUID+195, 07, -274.24017, -583.7839, 50.226143, 100, 0, 0),
(@CGUID+195, 08, -265.88293, -577.00464, 50.52929, 100, 0, 0),
(@CGUID+195, 09, -252.44026, -578.5026, 51.151405, 100, 0, 0),
(@CGUID+195, 10, -265.88293, -577.00464, 50.52929, 100, 0, 0),
(@CGUID+195, 11, -274.24017, -583.7839, 50.226143, 100, 0, 0),
(@CGUID+195, 12, -278.99503, -595.66296, 51.05494, 100, 0, 0),
(@CGUID+195, 13, -293.54813, -601.5745, 47.47778, 100, 0, 0),
(@CGUID+195, 14, -301.97244, -593.9545, 48.116074, 100, 0, 0),
(@CGUID+195, 15, -302.3725, -581.19073, 47.605476, 100, 0, 0),
(@CGUID+195, 16, -296.85025, -570.1918, 48.577343, 100, 0, 0),
(@CGUID+196, 01, -286.73477, -549.68677, 49.43975, 100, 0, 0),
(@CGUID+196, 02, -286.54498, -561.3732, 49.090645, 100, 0, 0),
(@CGUID+196, 03, -291.0139, -571.6229, 48.973297, 100, 0, 0),
(@CGUID+196, 04, -298.56674, -578.64954, 47.511406, 100, 0, 0),
(@CGUID+196, 05, -305.55154, -587.29443, 47.780563, 100, 0, 0),
(@CGUID+196, 06, -306.7934, -598.79144, 48.205612, 100, 0, 0),
(@CGUID+196, 07, -302.50745, -606.9749, 47.58105, 100, 0, 0),
(@CGUID+196, 08, -291.69592, -602.72833, 47.720074, 100, 0, 0),
(@CGUID+196, 09, -279.93256, -593.248, 50.81076, 100, 0, 0),
(@CGUID+196, 10, -268.7006, -578.3376, 50.22232, 100, 0, 0),
(@CGUID+196, 11, -257.3604, -577.2259, 51.145557, 100, 0, 0),
(@CGUID+196, 12, -268.7006, -578.3376, 50.22232, 100, 0, 0),
(@CGUID+196, 13, -279.93256, -593.248, 50.81076, 100, 0, 0),
(@CGUID+196, 14, -291.69592, -602.72833, 47.720074, 100, 0, 0),
(@CGUID+196, 15, -302.50745, -606.9749, 47.58105, 100, 0, 0),
(@CGUID+196, 16, -306.7934, -598.79144, 48.205612, 100, 0, 0),
(@CGUID+196, 17, -305.55154, -587.29443, 47.780563, 100, 0, 0),
(@CGUID+196, 18, -298.56674, -578.64954, 47.511406, 100, 0, 0),
(@CGUID+196, 19, -291.0139, -571.6229, 48.973297, 100, 0, 0),
(@CGUID+196, 20, -286.54498, -561.3732, 49.090645, 100, 0, 0),
(@CGUID+197, 01, -247.10542, -578.5476, 51.19613, 100, 0, 0),
(@CGUID+197, 02, -266.955, -578.12616, 50.42572, 100, 0, 0),
(@CGUID+197, 03, -273.79282, -585.1593, 50.418015, 100, 0, 0),
(@CGUID+197, 04, -282.27957, -597.8999, 50.118706, 100, 0, 0),
(@CGUID+197, 05, -296.09717, -603.58307, 47.515846, 100, 0, 0),
(@CGUID+197, 06, -306.11313, -595.0604, 48.027958, 100, 0, 0),
(@CGUID+197, 07, -298.4439, -578.7232, 47.53197, 100, 0, 0),
(@CGUID+197, 08, -290.46985, -567.01434, 49.170135, 100, 0, 0),
(@CGUID+197, 09, -298.4439, -578.7232, 47.53197, 100, 0, 0),
(@CGUID+197, 10, -306.11313, -595.0604, 48.027958, 100, 0, 0),
(@CGUID+197, 11, -296.09717, -603.58307, 47.515846, 100, 0, 0),
(@CGUID+197, 12, -282.27957, -597.8999, 50.118706, 100, 0, 0),
(@CGUID+197, 13, -273.79282, -585.1593, 50.418015, 100, 0, 0),
(@CGUID+197, 14, -266.955, -578.12616, 50.42572, 100, 0, 0),
(@CGUID+198, 01, -158.41348, -580.4104, 19.298595, 100, 0, 0),
(@CGUID+198, 02, -139.71736, -580.76373, 18.523998, 100, 0, 0),
(@CGUID+198, 03, -131.46512, -589.5594, 18.33189, 100, 0, 0),
(@CGUID+198, 04, -130.63118, -603.9581, 15.526054, 100, 0, 0),
(@CGUID+198, 05, -130.11502, -620.458, 12.97068, 100, 0, 0),
(@CGUID+198, 06, -127.78906, -631.6504, 13.044312, 100, 0, 0),
(@CGUID+198, 07, -113.72759, -642.26294, 9.976677, 100, 0, 0),
(@CGUID+198, 08, -103.50933, -657.09735, 7.4237385, 100, 0, 0),
(@CGUID+198, 09, -113.72759, -642.26294, 9.976677, 100, 0, 0),
(@CGUID+198, 10, -127.78906, -631.6504, 13.044312, 100, 0, 0),
(@CGUID+198, 11, -130.11502, -620.458, 12.97068, 100, 0, 0),
(@CGUID+198, 12, -130.63118, -603.9581, 15.526054, 100, 0, 0),
(@CGUID+198, 13, -131.46512, -589.5594, 18.33189, 100, 0, 0),
(@CGUID+198, 14, -139.71736, -580.76373, 18.523998, 100, 0, 0),
(@CGUID+199, 01, -103.953064, -654.0595, 7.4237385, 100, 0, 0),
(@CGUID+199, 02, -108.63995, -644.96466, 8.169756, 100, 0, 0),
(@CGUID+199, 03, -133.57932, -631.97363, 14.086486, 100, 0, 0),
(@CGUID+199, 04, -128.89893, -620.37335, 12.8853035, 100, 0, 0),
(@CGUID+199, 05, -118.38314, -617.18506, 14.055471, 100, 0, 0),
(@CGUID+199, 06, -131.37022, -609.909, 13.8192425, 100, 0, 0),
(@CGUID+199, 07, -130.78125, -599.5094, 16.114822, 100, 0, 0),
(@CGUID+199, 08, -132.13634, -587.5697, 18.374426, 100, 0, 0),
(@CGUID+199, 09, -140.86057, -577.78467, 18.726727, 100, 0, 0),
(@CGUID+199, 10, -153.77892, -579.9578, 19.309643, 100, 0, 0),
(@CGUID+199, 11, -140.86057, -577.78467, 18.726727, 100, 0, 0),
(@CGUID+199, 12, -132.13634, -587.5697, 18.374426, 100, 0, 0),
(@CGUID+199, 13, -130.78125, -599.5094, 16.114822, 100, 0, 0),
(@CGUID+199, 14, -131.37022, -609.909, 13.8192425, 100, 0, 0),
(@CGUID+199, 15, -118.38314, -617.18506, 14.055471, 100, 0, 0),
(@CGUID+199, 16, -128.89893, -620.37335, 12.8853035, 100, 0, 0),
(@CGUID+199, 17, -133.57932, -631.97363, 14.086486, 100, 0, 0),
(@CGUID+199, 18, -108.63995, -644.96466, 8.169756, 100, 0, 0),
(@CGUID+200, 01, -94.24898, -400.69452, 57.755085, 100, 0, 0),
(@CGUID+200, 02, -114.48709, -393.15775, 56.659332, 100, 0, 0),
(@CGUID+200, 03, -135.5206, -406.13586, 57.978394, 100, 0, 0),
(@CGUID+200, 04, -154.99382, -400.0841, 56.497444, 100, 0, 0),
(@CGUID+200, 05, -171.60515, -403.33044, 57.054592, 100, 0, 0),
(@CGUID+200, 06, -186.2994, -422.38342, 54.308994, 100, 0, 0),
(@CGUID+200, 07, -193.43137, -440.72485, 53.547367, 100, 0, 0),
(@CGUID+200, 08, -191.91858, -454.97757, 54.50148, 100, 0, 0),
(@CGUID+200, 09, -189.18675, -481.0852, 54.007587, 100, 0, 0),
(@CGUID+200, 10, -187.43935, -493.86975, 53.53527, 100, 0, 0),
(@CGUID+200, 11, -178.4633, -502.00378, 53.887436, 100, 0, 0),
(@CGUID+200, 12, -187.43935, -493.86975, 53.53527, 100, 0, 0),
(@CGUID+200, 13, -189.18674, -481.08517, 54.007587, 100, 0, 0),
(@CGUID+200, 14, -191.91856, -454.97754, 54.50148, 100, 0, 0),
(@CGUID+200, 15, -189.18674, -481.08517, 54.007587, 100, 0, 0),
(@CGUID+200, 16, -187.43935, -493.86975, 53.53527, 100, 0, 0),
(@CGUID+200, 17, -178.4633, -502.00378, 53.887436, 100, 0, 0),
(@CGUID+200, 18, -187.43935, -493.86975, 53.53527, 100, 0, 0),
(@CGUID+200, 19, -189.18675, -481.0852, 54.007587, 100, 0, 0),
(@CGUID+200, 20, -191.91858, -454.97757, 54.50148, 100, 0, 0),
(@CGUID+200, 21, -193.43137, -440.72485, 53.547367, 100, 0, 0),
(@CGUID+200, 22, -186.2994, -422.38342, 54.308994, 100, 0, 0),
(@CGUID+200, 23, -171.60515, -403.33044, 57.054592, 100, 0, 0),
(@CGUID+200, 24, -154.99382, -400.0841, 56.497444, 100, 0, 0),
(@CGUID+200, 25, -135.5206, -406.13586, 57.978394, 100, 0, 0),
(@CGUID+200, 26, -114.48709, -393.15775, 56.659332, 100, 0, 0),
(@CGUID+202, 01, -186.95818, -481.76346, 54.040146, 100, 0, 0),
(@CGUID+202, 02, -190.70293, -502.35675, 52.764175, 100, 0, 0),
(@CGUID+202, 03, -212.0412, -505.8564, 50.912086, 100, 0, 0),
(@CGUID+202, 04, -225.21088, -491.1336, 48.06478, 100, 0, 0),
(@CGUID+202, 05, -243.50027, -482.04996, 48.794502, 100, 0, 0),
(@CGUID+202, 06, -277.94595, -482.44012, 48.813126, 100, 0, 0),
(@CGUID+202, 07, -288.72583, -490.04144, 49.882317, 100, 0, 0),
(@CGUID+202, 08, -289.1889, -502.86853, 50.13845, 100, 0, 0),
(@CGUID+202, 09, -290.29633, -515.02405, 49.645164, 100, 0, 0),
(@CGUID+202, 10, -291.81174, -547.0825, 49.449257, 100, 0, 0),
(@CGUID+202, 11, -290.908, -555.2198, 49.45501, 100, 0, 0),
(@CGUID+202, 12, -293.18338, -569.42267, 48.784706, 100, 0, 0),
(@CGUID+202, 13, -303.31754, -584.896, 47.86361, 100, 0, 0),
(@CGUID+202, 14, -304.77106, -598.60785, 48.19625, 100, 0, 0),
(@CGUID+202, 15, -293.51953, -603.1351, 47.57084, 100, 0, 0),
(@CGUID+202, 16, -281.7558, -597.12897, 50.22444, 100, 0, 0),
(@CGUID+202, 17, -271.70645, -581.9288, 49.995926, 100, 0, 0),
(@CGUID+202, 18, -253.54874, -578.5116, 51.14273, 100, 0, 0),
(@CGUID+202, 19, -271.70645, -581.9288, 49.995926, 100, 0, 0),
(@CGUID+202, 20, -281.7558, -597.12897, 50.22444, 100, 0, 0),
(@CGUID+202, 21, -293.51953, -603.1351, 47.57084, 100, 0, 0),
(@CGUID+202, 22, -304.77106, -598.60785, 48.19625, 100, 0, 0),
(@CGUID+202, 23, -303.31754, -584.896, 47.86361, 100, 0, 0),
(@CGUID+202, 24, -293.18338, -569.42267, 48.784706, 100, 0, 0),
(@CGUID+202, 25, -290.908, -555.2198, 49.45501, 100, 0, 0),
(@CGUID+202, 26, -291.81174, -547.0825, 49.449257, 100, 0, 0),
(@CGUID+202, 27, -290.29633, -515.02405, 49.645164, 100, 0, 0),
(@CGUID+202, 28, -289.1889, -502.86853, 50.13845, 100, 0, 0),
(@CGUID+202, 29, -288.72583, -490.04144, 49.882317, 100, 0, 0),
(@CGUID+202, 30, -277.94595, -482.44012, 48.813126, 100, 0, 0),
(@CGUID+202, 31, -243.50027, -482.04996, 48.794502, 100, 0, 0),
(@CGUID+202, 32, -225.21088, -491.1336, 48.06478, 100, 0, 0),
(@CGUID+202, 33, -212.0412, -505.8564, 50.912086, 100, 0, 0),
(@CGUID+202, 34, -190.70293, -502.35675, 52.764175, 100, 0, 0),
-- spawn/start - see creature
-- (@CGUID+204, 01, -308.08636, -589.3385, 47.696728, 100, 0, 0),
-- (@CGUID+204, 02, -293.2387, -604.6723, 47.669945, 100, 0, 0),
-- (@CGUID+204, 03, -270.391, -580.4173, 49.793816, 100, 0, 0),
-- (@CGUID+204, 04, -254.89024, -578.315, 51.143654, 100, 0, 0),
-- (@CGUID+204, 05, -230.24435, -579.23816, 51.280838, 100, 0, 0),
(@CGUID+204, 06, -226.54195, -564.5306, 51.22959, 100, 0, 0),
(@CGUID+204, 07, -209.75278, -553.3245, 51.22959, 100, 0, 0),
(@CGUID+204, 08, -186.41515, -561.52637, 51.229595, 100, 0, 0),
(@CGUID+204, 09, -179.53603, -580.251, 45.519478, 100, 0, 0),
(@CGUID+204, 10, -192.47157, -603.79034, 34.469368, 100, 0, 0),
(@CGUID+204, 11, -214.60352, -604.6466, 25.749641, 100, 0, 0),
(@CGUID+204, 12, -231.67249, -588.0884, 19.30647, 100, 0, 0),
(@CGUID+204, 13, -234.65001, -569.723, 19.30647, 100, 0, 0),
(@CGUID+204, 14, -225.2302, -556.5635, 19.30647, 100, 0, 0),
(@CGUID+204, 15, -209.05774, -551.3421, 19.306469, 100, 0, 0),
(@CGUID+204, 16, -190.22055, -555.4245, 19.306469, 100, 0, 0),
(@CGUID+204, 17, -178.37686, -569.7693, 19.308126, 100, 0, 0),
(@CGUID+204, 18, -176.28462, -580.1344, 19.30925, 100, 0, 0),
(@CGUID+204, 19, -151.21896, -579.62585, 19.311586, 100, 0, 0),
 -- maybe goes further down add guessed points
(@CGUID+204, 20, -139.71736, -580.76373, 18.523998, 100, 0, 0),
(@CGUID+204, 21, -131.46512, -589.5594, 18.33189, 100, 0, 0),
(@CGUID+204, 22, -130.63118, -603.9581, 15.526054, 100, 0, 0),
(@CGUID+204, 23, -130.11502, -620.458, 12.97068, 100, 0, 0),
(@CGUID+204, 24, -127.78906, -631.6504, 13.044312, 100, 0, 0),
(@CGUID+204, 25, -113.72759, -642.26294, 9.976677, 100, 0, 0),
(@CGUID+204, 26, -103.50933, -657.09735, 7.4237385, 100, 0, 0),
(@CGUID+204, 27, -113.72759, -642.26294, 9.976677, 100, 0, 0),
(@CGUID+204, 28, -127.78906, -631.6504, 13.044312, 100, 0, 0),
(@CGUID+204, 29, -130.11502, -620.458, 12.97068, 100, 0, 0),
(@CGUID+204, 30, -130.63118, -603.9581, 15.526054, 100, 0, 0),
(@CGUID+204, 31, -131.46512, -589.5594, 18.33189, 100, 0, 0),
(@CGUID+204, 32, -139.71736, -580.76373, 18.523998, 100, 0, 0),
-- maybe goes further down add guessed points
(@CGUID+204, 33, -176.28462, -580.1344, 19.30925, 100, 0, 0),
(@CGUID+204, 34, -178.37686, -569.7693, 19.308126, 100, 0, 0),
(@CGUID+204, 35, -190.22055, -555.4245, 19.306469, 100, 0, 0),
(@CGUID+204, 36, -209.05774, -551.3421, 19.306469, 100, 0, 0),
(@CGUID+204, 37, -225.2302, -556.5635, 19.30647, 100, 0, 0),
(@CGUID+204, 38, -234.65001, -569.723, 19.30647, 100, 0, 0),
(@CGUID+204, 39, -231.67249, -588.0884, 19.30647, 100, 0, 0),
(@CGUID+204, 40, -214.60352, -604.6466, 25.749641, 100, 0, 0),
(@CGUID+204, 41, -192.47157, -603.79034, 34.469368, 100, 0, 0),
(@CGUID+204, 42, -179.53603, -580.251, 45.519478, 100, 0, 0),
(@CGUID+204, 43, -186.41515, -561.52637, 51.229595, 100, 0, 0),
(@CGUID+204, 44, -209.75278, -553.3245, 51.22959, 100, 0, 0),
(@CGUID+204, 45, -226.54195, -564.5306, 51.22959, 100, 0, 0),
(@CGUID+204, 46, -230.24435, -579.23816, 51.280838, 100, 0, 0),
(@CGUID+204, 47, -254.89024, -578.315, 51.143654, 100, 0, 0),
(@CGUID+204, 48, -270.391, -580.4173, 49.793816, 100, 0, 0),
(@CGUID+204, 49, -293.2387, -604.6723, 47.669945, 100, 0, 0),
(@CGUID+204, 50, -308.08636, -589.3385, 47.696728, 100, 0, 0),
(@CGUID+204, 51, -293.2387, -604.6723, 47.669945, 100, 0, 0),
(@CGUID+204, 52, -270.391, -580.4173, 49.793816, 100, 0, 0),
(@CGUID+204, 53, -254.89024, -578.315, 51.143654, 100, 0, 0),
(@CGUID+204, 54, -230.24435, -579.23816, 51.280838, 100, 0, 0);

DELETE FROM `creature_movement_template` WHERE entry IN (634, 642, 644, 645, 647);
INSERT INTO `creature_movement_template` (`entry`, `pathId`, `point`, `PositionX`, `PositionY`, `PositionZ`, `orientation`, `waittime`, `ScriptId`) VALUES
-- Defias Overseer - Spawned by Defias Gunpowder (17155)
(634, 1, 1, -126.69716, -615.88336, 13.5445595, 100, 0, 0),
(634, 1, 2, -121.63004, -618.0111, 13.660362, 100, 0, 0),
(634, 1, 3, -113.00716, -616.80493, 13.3491745, 100, 1000, 2), -- GENERIC - Change Movement To 1 - Random
-- Sneed's Shredder <Lumbermaster>
(642, 0, 01, -309.30902, -508.85498, 57.300102, 100, 34000, 0),
(642, 0, 02, -310.8667, -514.5936, 54.40195, 100, 0, 0),
(642, 0, 03, -300.48676, -516.3926, 51.41426, 100, 0, 0),
(642, 0, 04, -294.85272, -517.7074, 48.96365, 100, 0, 0),
(642, 0, 05, -295.64676, -525.08527, 49.311577, 100, 0, 0),
(642, 0, 06, -287.786, -525.94446, 49.649414, 100, 14000, 0),
(642, 0, 07, -287.83667, -525.5971, 49.638412, 100, 0, 0),
(642, 0, 08, -294.9804, -524.75183, 49.098244, 100, 0, 0),
(642, 0, 09, -296.03558, -515.90295, 49.509197, 100, 0, 0),
(642, 0, 10, -310.81705, -514.57434, 54.410484, 100, 0, 0),
-- Rhahk'Zor <The Foreman>
(644, 0, 1, -191.90909, -440.37494, 53.496284, 100, 15000, 0),
(644, 0, 2, -192.55725, -446.49152, 54.267075, 100, 0, 0),
(644, 0, 3, -191.6708, -453.17554, 54.521107, 1.65806281566619873, 9000, 0),
(644, 0, 4, -192.42433, -453.19968, 54.426994, 100, 0, 0),
(644, 0, 5, -193.1702, -445.618, 54.148388, 100, 0, 0),
-- Cookie <The Ship's Cook>
(645, 0, 01, -69.32134, -850.14856, 16.931229, 100, 1, 64501),
(645, 0, 02, -66.97825, -855.5297, 17.111067, 100, 0, 0),
(645, 0, 03, -59.45654, -857.23553, 17.353142, 100, 0, 0),
(645, 0, 04, -50.3138, -855.70825, 18.302856, 100, 0, 0),
(645, 0, 05, -35.34467, -851.60175, 18.970959, 100, 0, 0),
(645, 0, 06, -27.44754, -842.3621, 19.31336, 100, 0, 0),
(645, 0, 07, -21.12468, -832.7762, 19.623764, 100, 0, 0),
(645, 0, 08, -18.802567, -829.0729, 19.76191, 100, 0, 0),
(645, 0, 09, -20.687439, -833.7297, 19.655472, 100, 0, 0),
(645, 0, 10, -26.837341, -843.58496, 19.354517, 100, 0, 0),
(645, 0, 11, -36.79807, -850.1254, 18.884825, 100, 0, 0),
(645, 0, 12, -50.30767, -856.97894, 18.310108, 100, 0, 0),
(645, 0, 13, -59.595325, -855.60986, 17.339714, 100, 0, 0),
(645, 0, 14, -77.48779, -856.55023, 16.909397, 100, 0, 0),
(645, 0, 15, -91.12364, -853.84766, 17.185957, 100, 0, 0),
(645, 0, 16, -103.98405, -848.8289, 16.997131, 100, 0, 0),
(645, 0, 17, -113.17393, -842.34204, 16.91727, 100, 0, 0),
(645, 0, 18, -123.847534, -832.82416, 16.895817, 100, 0, 0),
(645, 0, 19, -126.50819, -822.9019, 16.834297, 100, 0, 0),
(645, 0, 20, -122.65848, -832.29535, 16.93224, 100, 0, 0),
(645, 0, 21, -114.2487, -843.2539, 16.883636, 100, 0, 0),
(645, 0, 22, -103.26367, -847.5654, 17.026318, 100, 0, 0),
(645, 0, 23, -90.66455, -852.49133, 17.202484, 100, 0, 0),
(645, 0, 24, -78.37317, -857.9727, 17.437523, 100, 0, 0),
-- Captain Greenskin
(647, 0, 01, -56.56912, -830.9819, 41.92698, 100, 0, 0),
(647, 0, 02, -56.50835, -826.0676, 41.92096, 100, 0, 0),
(647, 0, 03, -55.78435, -812.3325, 41.96623, 100, 0, 0),
(647, 0, 04, -50.19228, -809.0906, 42.50024, 100, 0, 0),
(647, 0, 05, -63.76807, -808.2733, 41.21822, 100, 0, 0),
(647, 0, 06, -79.45795, -807.5516, 39.83706, 100, 0, 0),
(647, 0, 07, -91.9668, -808.2596, 38.83189, 100, 0, 0),
(647, 0, 08, -103.5676, -814.1779, 37.99392, 100, 0, 0),
(647, 0, 09, -102.9695, -824.1078, 38.04074, 100, 0, 0),
(647, 0, 10, -92.63673, -831.0884, 38.81192, 100, 0, 0),
(647, 0, 11, -76.55396, -835.9163, 40.1191, 100, 0, 0),
(647, 0, 12, -65.46484, -836.7028, 41.12366, 100, 0, 0),
(647, 0, 13, -64.1282, -832.9458, 41.23405, 100, 2000, 0);

INSERT INTO `creature_addon` (`guid`, `mount`, `stand_state`, `sheath_state`, `emote`, `moveflags`, `auras`) VALUES
(@CGUID+62, 0, 0, 1, 0, 0, NULL), -- Goblin Woodcarver
(@CGUID+64, 0, 0, 1, 0, 0, NULL), -- Goblin Woodcarver
(@CGUID+68, 0, 0, 1, 0, 0, NULL), -- Goblin Woodcarver
(@CGUID+70, 0, 0, 1, 0, 0, NULL); -- Goblin Woodcarver

REPLACE INTO `creature_template_addon` (`entry`, `mount`, `stand_state`, `sheath_state`, `emote`, `moveflags`, `auras`) VALUES
(598, 0, 0, 1, 233, 0, NULL), -- Defias Miner
(622, 0, 0, 1, 0, 0, NULL), -- Goblin Engineer
(634, 0, 0, 1, 0, 0, NULL), -- Defias Overseer
(636, 0, 0, 1, 0, 0, '6408'), -- Defias Blackguard
(639, 0, 0, 1, 0, 0, NULL), -- Edwin VanCleef
(641, 0, 0, 1, 234, 0, NULL), -- Goblin Woodcarver
(642, 0, 0, 1, 0, 0, NULL), -- Sneed's Shredder
(644, 0, 0, 1, 0, 0, NULL), -- Rhahk'Zor
(645, 0, 0, 1, 0, 0, NULL), -- Cookie
(646, 0, 0, 1, 0, 0, NULL), -- Mr. Smite
(647, 0, 0, 1, 0, 0, NULL), -- Captain Greenskin
(657, 0, 0, 1, 0, 0, NULL), -- Defias Pirate
(1725, 0, 0, 1, 0, 0, NULL), -- Defias Watchman
(1729, 0, 0, 1, 0, 0, NULL), -- Defias Evoker
(1731, 0, 0, 1, 0, 0, NULL), -- Goblin Craftsman
(1732, 0, 0, 1, 0, 0, '12544'), -- Defias Squallshaper
(1763, 0, 0, 1, 0, 0, NULL), -- Gilnid
(3586, 0, 0, 1, 173, 0, NULL), -- Miner Johnson
(3947, 0, 0, 1, 0, 0, NULL), -- Goblin Shipbuilder
(4416, 0, 0, 1, 233, 0, NULL), -- Defias Strip Miner
(4417, 0, 0, 1, 0, 0, NULL), -- Defias Taskmaster
(4418, 0, 0, 1, 0, 0, NULL); -- Defias Wizard

INSERT INTO `creature_spawn_data` (`guid`, `id`) VALUES
(@CGUID+113, 1),(@CGUID+114, 1),(@CGUID+115, 1),(@CGUID+116, 1),(@CGUID+117, 1),(@CGUID+118, 1),(@CGUID+119, 1),(@CGUID+120, 1); -- Rat - SPAWN_FLAG_RUN_ON_SPAWN

INSERT INTO `creature_linking` (`guid`, `master_guid`, `flag`) VALUES
(@CGUID+117, @CGUID+74, 80), -- Rat -> Rhahk'Zor
(@CGUID+55, @CGUID+76, 7), -- Defias Blackguard -> Mr. Smite
(@CGUID+56, @CGUID+76, 7), -- Defias Blackguard -> Mr. Smite
(@CGUID+78, @CGUID+77, 1671), -- Defias Pirate -> Captain Greenskin
(@CGUID+79, @CGUID+77, 1671), -- Defias Squallshaper -> Captain Greenskin
(@CGUID+57, @CGUID+59, 7), -- Defias Blackguard -> Edwin VanCleef
(@CGUID+58, @CGUID+59, 7), -- Defias Blackguard -> Edwin VanCleef
(@CGUID+201, @CGUID+200, 1667), -- Defias Overseer -> Defias Evoker
(@CGUID+203, @CGUID+202, 1667), -- Defias Overseer -> Defias Evoker
(@CGUID+205, @CGUID+204, 1667), -- Defias Overseer -> Defias Wizard
(@CGUID+206, @CGUID+204, 1667); -- Defias Overseer -> Defias Wizard

INSERT INTO `creature_linking_template` (`entry`, `map`, `master_entry`, `flag`, `search_range`) VALUES
(1725, 36, 1725, 3, 30); -- Defias Watchman -> Defias Watchman

INSERT INTO `creature_spawn_entry` (`guid`, `entry`) VALUES
(@CGUID+148, 657), (@CGUID+148, 1732), -- Defias Pirate, Defias Squallshaper
(@CGUID+149, 657), (@CGUID+149, 1732), -- Defias Pirate, Defias Squallshaper
(@CGUID+150, 657), (@CGUID+150, 1732), -- Defias Pirate, Defias Squallshaper
(@CGUID+151, 657), (@CGUID+151, 1732), -- Defias Pirate, Defias Squallshaper
(@CGUID+152, 657), (@CGUID+152, 1732), -- Defias Pirate, Defias Squallshaper
(@CGUID+153, 657), (@CGUID+153, 1732), -- Defias Pirate, Defias Squallshaper
(@CGUID+154, 657), (@CGUID+154, 1732), -- Defias Pirate, Defias Squallshaper
(@CGUID+155, 657), (@CGUID+155, 1732), -- Defias Pirate, Defias Squallshaper
(@CGUID+156, 657), (@CGUID+156, 1732), -- Defias Pirate, Defias Squallshaper
(@CGUID+157, 657), (@CGUID+157, 1732), -- Defias Pirate, Defias Squallshaper
(@CGUID+158, 657), (@CGUID+158, 1732), -- Defias Pirate, Defias Squallshaper
(@CGUID+159, 657), (@CGUID+159, 1732), -- Defias Pirate, Defias Squallshaper
(@CGUID+160, 657), (@CGUID+160, 1732), -- Defias Pirate, Defias Squallshaper
(@CGUID+161, 657), (@CGUID+161, 1732), -- Defias Pirate, Defias Squallshaper
(@CGUID+162, 657), (@CGUID+162, 1732), -- Defias Pirate, Defias Squallshaper
(@CGUID+163, 657), (@CGUID+163, 1732), -- Defias Pirate, Defias Squallshaper
(@CGUID+164, 657), (@CGUID+164, 1732), -- Defias Pirate, Defias Squallshaper
(@CGUID+165, 657), (@CGUID+165, 1732), -- Defias Pirate, Defias Squallshaper
(@CGUID+166, 657), (@CGUID+166, 1732), -- Defias Pirate, Defias Squallshaper
(@CGUID+167, 657), (@CGUID+167, 1732), -- Defias Pirate, Defias Squallshaper
(@CGUID+168, 657), (@CGUID+168, 1732), -- Defias Pirate, Defias Squallshaper
(@CGUID+169, 657), (@CGUID+169, 1732), -- Defias Pirate, Defias Squallshaper
(@CGUID+170, 657), (@CGUID+170, 1732), -- Defias Pirate, Defias Squallshaper
(@CGUID+171, 657), (@CGUID+171, 1732), -- Defias Pirate, Defias Squallshaper
(@CGUID+172, 657), (@CGUID+172, 1732), -- Defias Pirate, Defias Squallshaper
(@CGUID+173, 657), (@CGUID+173, 1732), -- Defias Pirate, Defias Squallshaper
(@CGUID+174, 657), (@CGUID+174, 1732), -- Defias Pirate, Defias Squallshaper
(@CGUID+175, 657), (@CGUID+175, 1732), -- Defias Pirate, Defias Squallshaper
(@CGUID+176, 657), (@CGUID+176, 1732), -- Defias Pirate, Defias Squallshaper
(@CGUID+177, 657), (@CGUID+177, 1732), -- Defias Pirate, Defias Squallshaper
(@CGUID+178, 657), (@CGUID+178, 1732), -- Defias Pirate, Defias Squallshaper
(@CGUID+179, 657), (@CGUID+179, 1732), -- Defias Pirate, Defias Squallshaper
(@CGUID+180, 657), (@CGUID+180, 1732), -- Defias Pirate, Defias Squallshaper
(@CGUID+181, 657), (@CGUID+181, 1732), -- Defias Pirate, Defias Squallshaper
(@CGUID+182, 657), (@CGUID+182, 1732), -- Defias Pirate, Defias Squallshaper
(@CGUID+183, 657), (@CGUID+183, 1732), -- Defias Pirate, Defias Squallshaper
(@CGUID+184, 657), (@CGUID+184, 1732), -- Defias Pirate, Defias Squallshaper
(@CGUID+185, 657), (@CGUID+185, 1732), -- Defias Pirate, Defias Squallshaper
(@CGUID+186, 657), (@CGUID+186, 1732), -- Defias Pirate, Defias Squallshaper
(@CGUID+187, 634), (@CGUID+187, 1729), -- Defias Overseer, Defias Evoker
(@CGUID+188, 634), (@CGUID+188, 1729), -- Defias Overseer, Defias Evoker
(@CGUID+189, 634), (@CGUID+189, 1729), -- Defias Overseer, Defias Evoker
(@CGUID+190, 634), (@CGUID+190, 1729), -- Defias Overseer, Defias Evoker
(@CGUID+191, 634), (@CGUID+191, 1729), -- Defias Overseer, Defias Evoker
(@CGUID+192, 634), (@CGUID+192, 1729), -- Defias Overseer, Defias Evoker
(@CGUID+193, 634), (@CGUID+193, 1729), -- Defias Overseer, Defias Evoker
(@CGUID+194, 634), (@CGUID+194, 1729), -- Defias Overseer, Defias Evoker
(@CGUID+195, 4417), (@CGUID+195, 4418), -- Defias Taskmaster, Defias Wizard
(@CGUID+196, 4417), (@CGUID+196, 4418), -- Defias Taskmaster, Defias Wizard
(@CGUID+197, 4417), (@CGUID+197, 4418), -- Defias Taskmaster, Defias Wizard
(@CGUID+198, 4417), (@CGUID+198, 4418), -- Defias Taskmaster, Defias Wizard
(@CGUID+199, 4417), (@CGUID+199, 4418); -- Defias Taskmaster, Defias Wizard

INSERT INTO `creature` (`guid`, `id`, `map`, `position_x`, `position_y`, `position_z`, `orientation`, `spawntimesecsmin`, `spawntimesecsmax`, `spawndist`, `MovementType`) VALUES
(@CGUID+1, 598, 36, -50.26513671875, -401.19781494140625, 55.68107986450195312, 5.515240192413330078, 7200, 7200, 0, 0), -- Defias Miner
(@CGUID+2, 598, 36, -73.1336288452148437, -407.029541015625, 54.97284698486328125, 2.565634012222290039, 7200, 7200, 0, 0), -- Defias Miner
(@CGUID+3, 598, 36, -104.388832092285156, -426.735687255859375, 55.98816299438476562, 1.099557399749755859, 7200, 7200, 0, 0), -- Defias Miner
(@CGUID+4, 598, 36, -100.262428283691406, -430.704345703125, 56.00503158569335937, 0.767944872379302978, 7200, 7200, 0, 0), -- Defias Miner
(@CGUID+5, 598, 36, -108.015953063964843, -403.976348876953125, 60.01879119873046875, 4.799655437469482421, 7200, 7200, 0, 0), -- Defias Miner
(@CGUID+6, 598, 36, -57.0594062805175781, -406.744964599609375, 55.13359451293945312, 5.06145477294921875, 7200, 7200, 0, 0), -- Defias Miner
(@CGUID+7, 598, 36, -100.508842468261718, -372.9957275390625, 59.21998977661132812, 1.326450228691101074, 7200, 7200, 0, 0), -- Defias Miner
(@CGUID+8, 598, 36, -79.06640625, -382.1356201171875, 55.38840866088867187, 4.642575740814208984, 7200, 7200, 0, 0), -- Defias Miner
(@CGUID+9, 598, 36, -72.5348281860351562, -370.20208740234375, 55.65760421752929687, 1.605702877044677734, 7200, 7200, 0, 0), -- Defias Miner
(@CGUID+10, 598, 36, -40.1199531555175781, -370.386444091796875, 56.566802978515625, 2.356194496154785156, 7200, 7200, 0, 0), -- Defias Miner
(@CGUID+11, 598, 36, -83.0128555297851562, -396.352996826171875, 59.09414291381835937, 0.087266460061073303, 7200, 7200, 0, 0), -- Defias Miner
(@CGUID+12, 598, 36, -70.8895950317382812, -395.710693359375, 55.80126190185546875, 3.647738218307495117, 7200, 7200, 0, 0), -- Defias Miner
(@CGUID+13, 598, 36, -98.282012939453125, -383.228302001953125, 59.29625701904296875, 5.585053443908691406, 7200, 7200, 0, 0), -- Defias Miner
(@CGUID+14, 598, 36, -66.8608932495117187, -364.09771728515625, 54.81822586059570312, 2.897246599197387695, 7200, 7200, 0, 0), -- Defias Miner
(@CGUID+15, 598, 36, -52.6468658447265625, -368.03204345703125, 55.59310531616210937, 1.413716673851013183, 7200, 7200, 0, 0), -- Defias Miner
(@CGUID+16, 598, 36, -116.779518127441406, -411.296905517578125, 58.85693359375, 5.742133140563964843, 7200, 7200, 0, 0), -- Defias Miner
(@CGUID+17, 598, 36, -128.30517578125, -384.093170166015625, 59.18883514404296875, 3.106686115264892578, 7200, 7200, 0, 0), -- Defias Miner
(@CGUID+18, 598, 36, -139.802627563476562, -399.80419921875, 58.43869400024414062, 1.48352980613708496, 7200, 7200, 0, 0), -- Defias Miner
(@CGUID+19, 598, 36, -130.811309814453125, -394.411224365234375, 59.42428970336914062, 2.478367567062377929, 7200, 7200, 0, 0), -- Defias Miner
(@CGUID+20, 598, 36, -139.342239379882812, -412.57305908203125, 58.93017578125, 3.577924966812133789, 7200, 7200, 0, 0), -- Defias Miner
(@CGUID+21, 598, 36, -147.79296875, -407.294830322265625, 57.77676010131835937, 4.066617012023925781, 7200, 7200, 0, 0), -- Defias Miner
(@CGUID+22, 598, 36, -114.903968811035156, -450.413726806640625, 56.42401885986328125, 0, 7200, 7200, 0, 0), -- Defias Miner
(@CGUID+23, 598, 36, -126.517250061035156, -441.7698974609375, 55.59065628051757812, 4.066617012023925781, 7200, 7200, 0, 0), -- Defias Miner
(@CGUID+24, 598, 36, -153.940811157226562, -395.622772216796875, 57.0007171630859375, 1.169370532035827636, 7200, 7200, 0, 0), -- Defias Miner
(@CGUID+25, 598, 36, -165.125381469726562, -403.207672119140625, 57.32584381103515625, 5.480333805084228515, 7200, 7200, 0, 0), -- Defias Miner
(@CGUID+26, 598, 36, -175.251190185546875, -400.119232177734375, 57.56434249877929687, 2.49582076072692871, 7200, 7200, 0, 0), -- Defias Miner
(@CGUID+27, 598, 36, -169.961593627929687, -409.582672119140625, 57.69589996337890625, 5.602506637573242187, 7200, 7200, 0, 0), -- Defias Miner
(@CGUID+28, 598, 36, -182.3017578125, -410.296051025390625, 55.61525344848632812, 2.775073528289794921, 7200, 7200, 0, 0), -- Defias Miner
(@CGUID+29, 598, 36, -176.813690185546875, -487.945098876953125, 54.25147247314453125, 6.2657318115234375, 7200, 7200, 0, 0), -- Defias Miner
(@CGUID+30, 598, 36, -176.344558715820312, -499.3590087890625, 54.23368453979492187, 0.890117883682250976, 7200, 7200, 0, 0), -- Defias Miner
(@CGUID+31, 598, 36, -219.438156127929687, -485.815338134765625, 49.49666213989257812, 0.698131680488586425, 7200, 7200, 0, 0), -- Defias Miner
(@CGUID+32, 598, 36, -197.438308715820312, -490.739471435546875, 54.02431106567382812, 3.769911050796508789, 7200, 7200, 0, 0), -- Defias Miner
(@CGUID+33, 598, 36, -231.30865478515625, -476.98980712890625, 49.34450149536132812, 1.064650893211364746, 7200, 7200, 0, 0), -- Defias Miner
(@CGUID+34, 598, 36, -207.55908203125, -499.156158447265625, 51.0399932861328125, 1.029744267463684082, 7200, 7200, 0, 0), -- Defias Miner
(@CGUID+35, 598, 36, -233.461212158203125, -490.313140869140625, 49.59787368774414062, 4.066617012023925781, 7200, 7200, 0, 0), -- Defias Miner
(@CGUID+36, 598, 36, -186.471633911132812, -506.313690185546875, 53.39559173583984375, 4.799655437469482421, 7200, 7200, 0, 0), -- Defias Miner
(@CGUID+37, 598, 36, -198.65435791015625, -510.056793212890625, 53.46807479858398437, 4.991641521453857421, 7200, 7200, 0, 0), -- Defias Miner
(@CGUID+38, 598, 36, -222.038742065429687, -500.22308349609375, 49.61322402954101562, 3.665191411972045898, 7200, 7200, 0, 0), -- Defias Miner
(@CGUID+39, 598, 36, -170.745330810546875, -509.415740966796875, 53.72360992431640625, 4.852015495300292968, 7200, 7200, 0, 0), -- Defias Miner
(@CGUID+40, 598, 36, -157.933486938476562, -506.574554443359375, 53.44263076782226562, 1.029744267463684082, 7200, 7200, 0, 0), -- Defias Miner
(@CGUID+41, 598, 36, -206.618820190429687, -512.0596923828125, 51.5749359130859375, 4.555309295654296875, 7200, 7200, 0, 0), -- Defias Miner
(@CGUID+42, 598, 36, -158.651962280273437, -513.98394775390625, 52.75412750244140625, 4.084070205688476562, 7200, 7200, 0, 0), -- Defias Miner
(@CGUID+43, 598, 36, -214.18023681640625, -516.23004150390625, 51.49121475219726562, 5.899212837219238281, 7200, 7200, 0, 0), -- Defias Miner
(@CGUID+44, 598, 36, -159.59381103515625, -529.2664794921875, 52.26877593994140625, 3.246312379837036132, 7200, 7200, 0, 0), -- Defias Miner
(@CGUID+45, 598, 36, -149.500320434570312, -519.48455810546875, 53.08687591552734375, 0.104719758033752441, 7200, 7200, 0, 0), -- Defias Miner
(@CGUID+46, 598, 36, -146.344558715820312, -528.77252197265625, 52.17284774780273437, 0.366519153118133544, 7200, 7200, 0, 0), -- Defias Miner
(@CGUID+47, 598, 36, -65.8746185302734375, -348.985015869140625, 56.18732070922851562, 2.687807083129882812, 7200, 7200, 0, 0), -- Defias Miner
(@CGUID+48, 598, 36, -60.23388671875, -350.185394287109375, 55.92962646484375, 6.195918560028076171, 7200, 7200, 0, 0), -- Defias Miner
(@CGUID+49, 622, 36, -199.980743408203125, -576.72650146484375, 20.9768218994140625, 4.454451560974121093, 7200, 7200, 0, 2), -- Goblin Engineer
(@CGUID+50, 622, 36, -208.009994506835937, -546.2076416015625, 19.30646896362304687, 1.66171884536743164, 7200, 7200, 0, 2), -- Goblin Engineer
(@CGUID+51, 622, 36, -231.831649780273437, -558.140380859375, 19.30647087097167968, 2.369888544082641601, 7200, 7200, 0, 2), -- Goblin Engineer
(@CGUID+52, 622, 36, -194.58905029296875, -586.25848388671875, 20.97681808471679687, 5.513892173767089843, 7200, 7200, 0, 2), -- Goblin Engineer
(@CGUID+53, 622, 36, -212.866104125976562, -592.3636474609375, 20.97681427001953125, 4.069479942321777343, 7200, 7200, 0, 2), -- Goblin Engineer
(@CGUID+54, 622, 36, -234.78088, -574.0823, 19.30647, 1.08319, 7200, 7200, 0, 2), -- Goblin Engineer
(@CGUID+55, 636, 36, -0.31494098901748657, -783.81097412109375, 10.09053325653076171, 1.151917338371276855, 86400, 86400, 0, 0), -- Defias Blackguard
(@CGUID+56, 636, 36, -5.20659685134887695, -778.93243408203125, 9.773645401000976562, 0.837758064270019531, 86400, 86400, 0, 0), -- Defias Blackguard
(@CGUID+57, 636, 36, -77.8070755004882812, -815.096923828125, 40.0187835693359375, 3.263765573501586914, 86400, 86400, 0, 0), -- Defias Blackguard
(@CGUID+58, 636, 36, -78.2791366577148437, -824.78411865234375, 40.00070953369140625, 2.932153224945068359, 86400, 86400, 0, 0), -- Defias Blackguard
(@CGUID+59, 639, 36, -87.3690338134765625, -819.8951416015625, 39.30044937133789062, 0, 86400, 86400, 0, 0), -- Edwin VanCleef
(@CGUID+60, 641, 36, -277.25592041015625, -494.08544921875, 49.58584213256835937, 0.436332315206527709, 7200, 7200, 0, 0), -- Goblin Woodcarver
(@CGUID+61, 641, 36, -284.67230224609375, -480.892974853515625, 49.28364181518554687, 4.014257431030273437, 7200, 7200, 0, 0), -- Goblin Woodcarver
(@CGUID+62, 641, 36, -284.0235595703125, -483.880218505859375, 49.92654800415039062, 2.835917949676513671, 7200, 7200, 0, 2), -- Goblin Woodcarver
(@CGUID+63, 641, 36, -270.22796630859375, -523.8636474609375, 49.95036697387695312, 0.296705961227416992, 7200, 7200, 0, 0), -- Goblin Woodcarver
(@CGUID+64, 641, 36, -300.8313, -493.87317, 49.43989, 1.4796, 7200, 7200, 0, 2), -- Goblin Woodcarver
(@CGUID+65, 641, 36, -263.5142822265625, -571.2891845703125, 51.04592132568359375, 2.600540637969970703, 7200, 7200, 0, 0), -- Goblin Woodcarver
(@CGUID+66, 641, 36, -291.98089599609375, -477.76312255859375, 49.27346420288085937, 3.019419670104980468, 7200, 7200, 0, 0), -- Goblin Woodcarver
(@CGUID+67, 641, 36, -284.815155029296875, -518.51348876953125, 48.53851699829101562, 4.520402908325195312, 7200, 7200, 0, 0), -- Goblin Woodcarver
(@CGUID+68, 641, 36, -295.155975341796875, -504.55364990234375, 49.50353240966796875, 0.715584993362426757, 7200, 7200, 1, 1), -- Goblin Woodcarver
(@CGUID+69, 641, 36, -283.22857666015625, -560.0008544921875, 49.51398849487304687, 0.03490658476948738, 7200, 7200, 0, 0), -- Goblin Woodcarver
(@CGUID+70, 641, 36, -296.99127197265625, -528.19970703125, 49.37092971801757812, 1.727875947952270507, 7200, 7200, 2, 1), -- Goblin Woodcarver
(@CGUID+71, 641, 36, -308.87017822265625, -485.281097412109375, 49.80197906494140625, 1.605702877044677734, 7200, 7200, 0, 0), -- Goblin Woodcarver
(@CGUID+72, 641, 36, -292.775115966796875, -608.23553466796875, 47.703643798828125, 5.375614166259765625, 7200, 7200, 0, 0), -- Goblin Woodcarver
(@CGUID+73, 642, 36, -309.30902099609375, -508.855010986328125, 57.3000946044921875, 1.313005566596984863, 86400, 86400, 0, 2), -- Sneed's Shredder
(@CGUID+74, 644, 36, -191.670806884765625, -453.175537109375, 54.52110671997070312, 1.65806281566619873, 86400, 86400, 0, 2), -- Rhahk'Zor
(@CGUID+75, 645, 36, -69.32134, -850.14856, 16.931229, 4.92527, 86400, 86400, 0, 2), -- Cookie
(@CGUID+76, 646, 36, -22.8470592498779296, -797.2828369140625, 20.37448310852050781, 1.047197580337524414, 86400, 86400, 0, 0), -- Mr. Smite
(@CGUID+77, 647, 36, -64.128204345703125, -832.94586181640625, 41.23405075073242187, 1.228980898857116699, 86400, 86400, 0, 2), -- Captain Greenskin
(@CGUID+78, 657, 36, -65.7303848266601562, -833.17083740234375, 41.09013748168945312, 1.22053539752960205, 86400, 86400, 0, 0), -- Defias Pirate (Captain Greenskin follower)
(@CGUID+79, 1732, 36, -63.2659835815429687, -834.741455078125, 41.31669235229492187, 1.159101009368896484, 86400, 86400, 0, 0), -- Defias Squallshaper (Captain Greenskin follower)
(@CGUID+80, 1725, 36, -183.914077758789062, -449.7567138671875, 54.65387725830078125, 0.474726706743240356, 86400, 86400, 0.5, 1), -- Defias Watchman
(@CGUID+81, 1725, 36, -203.096633911132812, -453.1595458984375, 54.25701904296875, 3.168728828430175781, 86400, 86400, 0.5, 1), -- Defias Watchman
(@CGUID+82, 1731, 36, -214.418411254882812, -548.6629638671875, 19.30646896362304687, 0.573459506034851074, 7200, 7200, 3, 1), -- Goblin Craftsman
(@CGUID+83, 1731, 36, -181.192428588867187, -567.52001953125, 50.683837890625, 3.528946876525878906, 7200, 7200, 3, 1), -- Goblin Craftsman
(@CGUID+84, 1731, 36, -184.7484130859375, -564.77813720703125, 51.22959518432617187, 3.31530928611755371, 7200, 7200, 3, 1), -- Goblin Craftsman
(@CGUID+85, 1731, 36, -185.98193359375, -553.23883056640625, 19.30646896362304687, 6.253108501434326171, 7200, 7200, 3, 1), -- Goblin Craftsman
(@CGUID+86, 1731, 36, -209.487197875976562, -568.2860107421875, 20.97682380676269531, 3.169285058975219726, 7200, 7200, 3, 1), -- Goblin Craftsman
(@CGUID+87, 1731, 36, -178.50048828125, -565.64788818359375, 19.30650138854980468, 3.201946020126342773, 7200, 7200, 3, 1), -- Goblin Craftsman
(@CGUID+88, 1731, 36, -226.177398681640625, -557.53167724609375, 19.30647087097167968, 5.007471084594726562, 7200, 7200, 3, 1), -- Goblin Craftsman
(@CGUID+89, 1731, 36, -178.3193359375, -581.49591064453125, 19.39398384094238281, 5.183627605438232421, 7200, 7200, 3, 1), -- Goblin Craftsman
(@CGUID+90, 1731, 36, -189.081268310546875, -600.0074462890625, 36.66722488403320312, 3.385938644409179687, 7200, 7200, 3, 1), -- Goblin Craftsman
(@CGUID+91, 1731, 36, -236.143402099609375, -576.975341796875, 19.30647087097167968, 5.86014413833618164, 7200, 7200, 3, 1), -- Goblin Craftsman
(@CGUID+92, 1731, 36, -206.628372192382812, -607.1571044921875, 28.86180877685546875, 4.590301036834716796, 7200, 7200, 3, 1), -- Goblin Craftsman
(@CGUID+93, 1731, 36, -203.837326049804687, -604.2335205078125, 30.1036376953125, 4.87896585464477539, 7200, 7200, 3, 1), -- Goblin Craftsman
(@CGUID+94, 1731, 36, -199.671005249023437, -603.7176513671875, 19.29909324645996093, 5.742778778076171875, 7200, 7200, 2, 1), -- Goblin Craftsman
(@CGUID+95, 1763, 36, -177.968582153320312, -576.656982421875, 19.310699462890625, 2.933942556381225585, 86400, 86400, 3, 1), -- Gilnid
(@CGUID+96, 3586, 36, -153.073135375976562, -532.10638427734375, 49.68262100219726562, 4.939281940460205078, 86400, 86400, 0, 0), -- Miner Johnson
(@CGUID+97, 3947, 36, -186.708282470703125, -702.1927490234375, 8.918093681335449218, 0.610865235328674316, 7200, 7200, 3, 1), -- Goblin Shipbuilder
(@CGUID+98, 3947, 36, -120.855850219726562, -698.08349609375, 8.765210151672363281, 4.485496044158935546, 7200, 7200, 3, 1), -- Goblin Shipbuilder
(@CGUID+99, 3947, 36, -122.965728759765625, -683.71722412109375, 10.43658924102783203, 1.155518412590026855, 7200, 7200, 3, 1), -- Goblin Shipbuilder
(@CGUID+100, 3947, 36, -48.0471992492675781, -684.40570068359375, 4.596326351165771484, 1.29154360294342041, 7200, 7200, 3, 1), -- Goblin Shipbuilder
(@CGUID+101, 3947, 36, -34.2802314758300781, -690.502685546875, 5.02484893798828125, 2.228387117385864257, 7200, 7200, 3, 1), -- Goblin Shipbuilder
(@CGUID+102, 3947, 36, -140.669540405273437, -760.6517333984375, 4.818889617919921875, 1.518436431884765625, 7200, 7200, 3, 1), -- Goblin Shipbuilder
(@CGUID+103, 3947, 36, -122.881568908691406, -789.112060546875, 17.37205314636230468, 5.445427417755126953, 7200, 7200, 3, 1), -- Goblin Shipbuilder
(@CGUID+104, 3947, 36, -77.8242645263671875, -788.623046875, 38.86585235595703125, 3.034519672393798828, 7200, 7200, 3, 1), -- Goblin Shipbuilder
(@CGUID+105, 3947, 36, -133.066299438476562, -767.89215087890625, 3.384969711303710937, 2.357998371124267578, 7200, 7200, 3, 1), -- Goblin Shipbuilder
(@CGUID+106, 3947, 36, -93.4899063110351562, -787.38958740234375, 17.21835899353027343, 1.815142393112182617, 7200, 7200, 3, 1), -- Goblin Shipbuilder
(@CGUID+107, 3947, 36, -83.3866653442382812, -791.399169921875, 25.8925018310546875, 5.811946392059326171, 7200, 7200, 3, 1), -- Goblin Shipbuilder
(@CGUID+108, 3947, 36, -99.1813125610351562, -803.69317626953125, 30.80696678161621093, 2.39110112190246582, 7200, 7200, 3, 1), -- Goblin Shipbuilder
(@CGUID+109, 3947, 36, -123.130157470703125, -805.6942138671875, 16.98653411865234375, 5.201081275939941406, 7200, 7200, 3, 1), -- Goblin Shipbuilder
(@CGUID+110, 3947, 36, -47.2258033752441406, -784.88299560546875, 18.46812820434570312, 4.118977069854736328, 7200, 7200, 3, 1), -- Goblin Shipbuilder
(@CGUID+111, 3947, 36, -44.1056861877441406, -853.080322265625, 18.63522529602050781, 4.031710624694824218, 7200, 7200, 3, 1), -- Goblin Shipbuilder
(@CGUID+112, 3947, 36, -124.284561157226562, -823.38116455078125, 16.97720718383789062, 1.972222089767456054, 7200, 7200, 2, 1), -- Goblin Shipbuilder
(@CGUID+113, 4075, 36, -13.9421663284301757, -377.629669189453125, 60.79391098022460937, 2.338741064071655273, 900, 900, 0, 2), -- Rat
(@CGUID+114, 4075, 36, -94.6634140014648437, -403.93310546875, 57.58620071411132812, 0.505053520202636718, 900, 900, 0, 2), -- Rat
(@CGUID+115, 4075, 36, -137.211044311523437, -415.713653564453125, 58.88770675659179687, 5.550147056579589843, 900, 900, 0, 2), -- Rat
(@CGUID+116, 4075, 36, -176.586593627929687, -428.736175537109375, 54.90920257568359375, 2.39110112190246582, 900, 900, 0, 2), -- Rat
(@CGUID+117, 4075, 36, -195.525497436523437, -476.9287109375, 54.13211822509765625, 2.967059612274169921, 900, 900, 0, 2), -- Rat
(@CGUID+118, 4075, 36, -247.06735, -586.6072, 51.142708, 6.0705, 900, 900, 0, 2), -- Rat
(@CGUID+119, 4075, 36, -111.36128, -617.7238, 13.396099, 1.50113, 900, 900, 0, 2), -- Rat
(@CGUID+120, 4075, 36, -19.740884780883789, -817.841064453125, 19.74633407592773437, 0.767944872379302978, 900, 900, 0, 2), -- Rat
(@CGUID+121, 4416, 36, -87.4820938110351562, -404.356903076171875, 59.04010009765625, 5.672319889068603515, 7200, 7200, 0, 0), -- Defias Strip Miner
(@CGUID+122, 4416, 36, -139.827911376953125, -569.4420166015625, 19.79055213928222656, 1.396263360977172851, 7200, 7200, 0, 0), -- Defias Strip Miner
(@CGUID+123, 4416, 36, -131.691024780273437, -578.8446044921875, 18.6522369384765625, 0.314159274101257324, 7200, 7200, 0, 0), -- Defias Strip Miner
(@CGUID+124, 4416, 36, -152.99664306640625, -590.70928955078125, 19.0535430908203125, 4.817108631134033203, 7200, 7200, 0, 0), -- Defias Strip Miner
(@CGUID+125, 4416, 36, -275.491119384765625, -574.4688720703125, 50.51919937133789062, 2.49582076072692871, 7200, 7200, 0, 0), -- Defias Strip Miner
(@CGUID+126, 4416, 36, -259.32818603515625, -587.66729736328125, 51.029632568359375, 3.804817676544189453, 7200, 7200, 0, 0), -- Defias Strip Miner
(@CGUID+127, 4416, 36, -297.790252685546875, -567.1851806640625, 50.06658172607421875, 3.071779489517211914, 7200, 7200, 0, 0), -- Defias Strip Miner
(@CGUID+128, 4416, 36, -287.6182861328125, -576.5863037109375, 49.27880096435546875, 5.462880611419677734, 7200, 7200, 0, 0), -- Defias Strip Miner
(@CGUID+129, 4416, 36, -294.312286376953125, -584.5211181640625, 49.76441192626953125, 5.619960308074951171, 7200, 7200, 0, 0), -- Defias Strip Miner
(@CGUID+130, 4416, 36, -305.65924072265625, -579.78607177734375, 48.83633041381835937, 2.356194496154785156, 7200, 7200, 0, 0), -- Defias Strip Miner
(@CGUID+131, 4416, 36, -313.122772216796875, -592.62042236328125, 48.56524276733398437, 3.141592741012573242, 7200, 7200, 0, 0), -- Defias Strip Miner
(@CGUID+132, 4416, 36, -272.938385009765625, -589.21148681640625, 50.90336990356445312, 5.829399585723876953, 7200, 7200, 0, 0), -- Defias Strip Miner
(@CGUID+133, 4416, 36, -280.810546875, -588.13018798828125, 51.04067230224609375, 2.373647689819335937, 7200, 7200, 0, 0), -- Defias Strip Miner
(@CGUID+134, 4416, 36, -281.69085693359375, -601.38336181640625, 50.84339141845703125, 5.06145477294921875, 7200, 7200, 0, 0), -- Defias Strip Miner
(@CGUID+135, 4416, 36, -138.003204345703125, -602.3975830078125, 16.10966873168945312, 3.03687286376953125, 7200, 7200, 0, 0), -- Defias Strip Miner
(@CGUID+136, 4416, 36, -135.128311157226562, -593.66558837890625, 17.89684104919433593, 3.298672199249267578, 7200, 7200, 0, 0), -- Defias Strip Miner
(@CGUID+137, 4416, 36, -138.05126953125, -613.23516845703125, 15.30358505249023437, 3.385938644409179687, 7200, 7200, 0, 0), -- Defias Strip Miner
(@CGUID+138, 4416, 36, -127.413963317871093, -607.54498291015625, 15.17403984069824218, 0.157079637050628662, 7200, 7200, 0, 0), -- Defias Strip Miner
(@CGUID+139, 4416, 36, -126.251632690429687, -596.36358642578125, 17.80879783630371093, 6.248278617858886718, 7200, 7200, 0, 0), -- Defias Strip Miner
(@CGUID+140, 4416, 36, -137.64947509765625, -622.88702392578125, 15.04231071472167968, 2.984513044357299804, 7200, 7200, 0, 0), -- Defias Strip Miner
(@CGUID+141, 4416, 36, -106.130210876464843, -613.61212158203125, 14.39383125305175781, 1.605702877044677734, 7200, 7200, 0, 0), -- Defias Strip Miner
(@CGUID+142, 4416, 36, -115.186851501464843, -621.20147705078125, 14.11266136169433593, 4.939281940460205078, 7200, 7200, 0, 0), -- Defias Strip Miner
(@CGUID+143, 4416, 36, -104.416831970214843, -620.56597900390625, 14.50190162658691406, 5.009094715118408203, 7200, 7200, 0, 0), -- Defias Strip Miner
(@CGUID+144, 4416, 36, -132.504348754882812, -637.78106689453125, 14.33081531524658203, 4.468042850494384765, 7200, 7200, 0, 0), -- Defias Strip Miner
(@CGUID+145, 4416, 36, -118.393119812011718, -635.20245361328125, 12.19704246520996093, 0.78539818525314331, 7200, 7200, 0, 0), -- Defias Strip Miner
(@CGUID+146, 4416, 36, -115.420516967773437, -651.48748779296875, 8.16424560546875, 3.577924966812133789, 7200, 7200, 0, 0), -- Defias Strip Miner
(@CGUID+147, 4416, 36, -104.376411437988281, -640.789306640625, 8.766649246215820312, 0.733038306236267089, 7200, 7200, 0, 0), -- Defias Strip Miner
(@CGUID+148, 0, 36, -102.52079, -697.94214, 8.844545, 1.56316, 7200, 7200, 0, 2), -- Defias Pirate, Defias Squallshaper (instance_deadmines)
(@CGUID+149, 0, 36, -89.952415, -719.418, 8.568348, 1.587, 7200, 7200, 0, 2), -- Defias Pirate, Defias Squallshaper (instance_deadmines)
(@CGUID+150, 0, 36, -96.1439895629882812, -721.42376708984375, 8.460886001586914062, 2.780664443969726562, 7200, 7200, 1, 1), -- Defias Pirate, Defias Squallshaper (instance_deadmines)
(@CGUID+151, 0, 36, -97.28662, -714.35114, 8.69282, 1.44085, 7200, 7200, 0, 2), -- Defias Pirate, Defias Squallshaper
(@CGUID+152, 0, 36, -80.4420928955078125, -728.93865966796875, 8.941698074340820312, 2.974025487899780273, 7200, 7200, 1, 1), -- Defias Pirate, Defias Squallshaper
(@CGUID+153, 0, 36, -49.6348495483398437, -723.2310791015625, 8.86231231689453125, 4.519008636474609375, 7200, 7200, 1, 1), -- Defias Pirate, Defias Squallshaper
(@CGUID+154, 0, 36, -41.06591796875, -730.66778564453125, 9.12889862060546875, 4.625122547149658203, 7200, 7200, 1, 1), -- Defias Pirate, Defias Squallshaper
(@CGUID+155, 0, 36, -32.1471900939941406, -727.72894287109375, 8.616196632385253906, 0.575958669185638427, 7200, 7200, 1, 1), -- Defias Pirate, Defias Squallshaper
(@CGUID+156, 0, 36, -22.71832275390625, -736.560791015625, 8.654451370239257812, 3.060758829116821289, 7200, 7200, 1, 1), -- Defias Pirate, Defias Squallshaper
(@CGUID+157, 0, 36, -15.1033525466918945, -724.56329345703125, 8.090607643127441406, 1.326450228691101074, 7200, 7200, 1, 1), -- Defias Pirate, Defias Squallshaper
(@CGUID+158, 0, 36, -9.55059814453125, -740.607177734375, 8.926136016845703125, 5.811860084533691406, 7200, 7200, 1, 1), -- Defias Pirate, Defias Squallshaper
(@CGUID+159, 0, 36, -28.8177623748779296, -795.67401123046875, 19.39632987976074218, 6.021385669708251953, 7200, 7200, 0, 0), -- Defias Pirate, Defias Squallshaper (at Mr. Smite)
(@CGUID+160, 0, 36, -21.8739700317382812, -802.9405517578125, 19.76328659057617187, 1.727875947952270507, 7200, 7200, 0, 0), -- Defias Pirate, Defias Squallshaper (at Mr. Smite)
(@CGUID+161, 0, 36, -42.0314254760742187, -787.6204833984375, 18.59494400024414062, 1.672088384628295898, 7200, 7200, 1, 1), -- Defias Pirate, Defias Squallshaper
(@CGUID+162, 0, 36, -57.3138580322265625, -783.42803955078125, 18.19202995300292968, 2.565634012222290039, 7200, 7200, 1, 1), -- Defias Pirate, Defias Squallshaper
(@CGUID+163, 0, 36, -79.9947280883789062, -782.8905029296875, 17.38338470458984375, 3.804136514663696289, 7200, 7200, 1, 1), -- Defias Pirate, Defias Squallshaper
(@CGUID+164, 0, 36, -110.960990905761718, -795.7646484375, 17.1208038330078125, 2.146754980087280273, 7200, 7200, 1, 1), -- Defias Pirate, Defias Squallshaper
(@CGUID+165, 0, 36, -130.556106567382812, -790.1776123046875, 17.52841567993164062, 2.809980154037475585, 7200, 7200, 1, 1), -- Defias Pirate, Defias Squallshaper
(@CGUID+166, 0, 36, -99.0812225341796875, -778.77130126953125, 22.30420875549316406, 3.166556596755981445, 7200, 7200, 1, 1), -- Defias Pirate, Defias Squallshaper
(@CGUID+167, 0, 36, -83.0546035766601562, -775.97125244140625, 26.79982566833496093, 4.173614501953125, 7200, 7200, 1, 1), -- Defias Pirate, Defias Squallshaper
(@CGUID+168, 0, 36, -75.4198684692382812, -783.75421142578125, 26.45467376708984375, 3.019419670104980468, 7200, 7200, 1, 1), -- Defias Pirate, Defias Squallshaper
(@CGUID+169, 0, 36, -105.196304321289062, -793.85809326171875, 28.12105941772460937, 0.91515129804611206, 7200, 7200, 1, 1), -- Defias Pirate, Defias Squallshaper
(@CGUID+170, 0, 36, -78.2140426635742187, -796.64697265625, 38.39011383056640625, 5.864605903625488281, 7200, 7200, 1, 1), -- Defias Pirate, Defias Squallshaper
(@CGUID+171, 0, 36, -65.2586669921875, -793.51318359375, 39.42159652709960937, 0.781476378440856933, 7200, 7200, 1, 1), -- Defias Pirate, Defias Squallshaper
(@CGUID+172, 0, 36, -51.6316146850585937, -790.10614013671875, 38.55816268920898437, 1.089548110961914062, 7200, 7200, 1, 1), -- Defias Pirate, Defias Squallshaper
(@CGUID+173, 0, 36, -41.7311859130859375, -798.8203125, 39.3107147216796875, 4.925621986389160156, 7200, 7200, 1, 1), -- Defias Pirate, Defias Squallshaper
(@CGUID+174, 0, 36, -19.1604766845703125, -830.00482177734375, 19.74358367919921875, 4.186211585998535156, 7200, 7200, 1, 1), -- Defias Pirate, Defias Squallshaper
(@CGUID+175, 0, 36, -20.7974720001220703, -835.390380859375, 19.74278450012207031, 3.630284786224365234, 7200, 7200, 1, 1), -- Defias Pirate, Defias Squallshaper
(@CGUID+176, 0, 36, -30.6560707092285156, -844.16424560546875, 19.16157150268554687, 3.907836198806762695, 7200, 7200, 1, 1), -- Defias Pirate, Defias Squallshaper
(@CGUID+177, 0, 36, -85.2252578735351562, -856.46429443359375, 17.29881668090820312, 3.507430315017700195, 7200, 7200, 1, 1), -- Defias Pirate, Defias Squallshaper
(@CGUID+178, 0, 36, -90.7912826538085937, -854.3514404296875, 17.19054794311523437, 3.444939374923706054, 7200, 7200, 1, 1), -- Defias Pirate, Defias Squallshaper
(@CGUID+179, 0, 36, -102.880859375, -848.6883544921875, 17.02053642272949218, 3.519057989120483398, 7200, 7200, 1, 1), -- Defias Pirate, Defias Squallshaperw
(@CGUID+180, 0, 36, -116.983963012695312, -837.9876708984375, 16.92555809020996093, 0.829050958156585693, 7200, 7200, 1, 1), -- Defias Pirate, Defias Squallshaper
(@CGUID+181, 0, 36, -121.246253967285156, -835.79833984375, 16.88503456115722656, 2.957985877990722656, 7200, 7200, 1, 1), -- Defias Pirate, Defias Squallshaper
(@CGUID+182, 0, 36, -142.501480102539062, -874.3291015625, 1.752537727355957031, 4.443250656127929687, 7200, 7200, 1, 1), -- Defias Pirate, Defias Squallshaper
(@CGUID+183, 0, 36, -154.924285888671875, -892.05181884765625, 5.627537727355957031, 0.559827566146850585, 7200, 7200, 1, 1), -- Defias Pirate, Defias Squallshaper
(@CGUID+184, 0, 36, -146.585540771484375, -906.1055908203125, 8.043657302856445312, 0.79233330488204956, 7200, 7200, 1, 1), -- Defias Pirate, Defias Squallshaper
(@CGUID+185, 0, 36, -153.452850341796875, -909.50701904296875, 8.918657302856445312, 1.4669342041015625, 7200, 7200, 1, 1), -- Defias Pirate, Defias Squallshaper
(@CGUID+186, 0, 36, -148.683425903320312, -919.161865234375, 12.66865730285644531, 3.291884422302246093, 7200, 7200, 1, 1), -- Defias Pirate, Defias Squallshaper
(@CGUID+187, 0, 36, -56.64208984375, -376.924407958984375, 54.23626327514648437, 5.916666030883789062, 7200, 7200, 0, 2), -- Defias Overseer, Defias Evoker
(@CGUID+188, 0, 36, -58.9532356262207031, -390.729736328125, 53.94815826416015625, 5.270894527435302734, 7200, 7200, 3, 1), -- Defias Overseer, Defias Evoker
(@CGUID+189, 0, 36, -86.581604, -376.20258, 57.2615, 0.820305, 7200, 7200, 0, 2), -- Defias Overseer, Defias Evoker
(@CGUID+190, 0, 36, -116.77490234375, -444.119293212890625, 54.75988388061523437, 3.735004663467407226, 7200, 7200, 0, 2), -- Defias Overseer, Defias Evoker
(@CGUID+191, 0, 36, -102.588920593261718, -395.52813720703125, 58.16015625, 3.717551231384277343, 7200, 7200, 2, 1), -- Defias Overseer, Defias Evoker
(@CGUID+192, 0, 36, -185.987579345703125, -487.112152099609375, 54.044189453125, 1.775586366653442382, 7200, 7200, 0, 2), -- Defias Overseer, Defias Evoker
(@CGUID+193, 0, 36, -192.541778564453125, -484.369293212890625, 54.13211822509765625, 6.213372230529785156, 7200, 7200, 0, 2), -- Defias Overseer, Defias Evoker
(@CGUID+194, 0, 36, -222.824386596679687, -489.6029052734375, 48.53411865234375, 2.160414934158325195, 7200, 7200, 0, 2), -- Defias Overseer, Defias Evoker
(@CGUID+195, 0, 36, -292.01627, -553.296, 49.452904, 3.030617952346801757, 7200, 7200, 0, 2), -- Defias Taskmaster, Defias Wizard
(@CGUID+196, 0, 36, -286.73477, -549.68677, 49.43975, 0.749326944351196289, 7200, 7200, 0, 2), -- Defias Taskmaster, Defias Wizard
(@CGUID+197, 0, 36, -247.10542, -578.5476, 51.19613, 0.561151, 7200, 7200, 0, 2), -- Defias Taskmaster, Defias Wizard
(@CGUID+198, 0, 36, -158.413482666015625, -580.410400390625, 19.29859542846679687, 3.122688770294189453, 7200, 7200, 0, 2), -- Defias Taskmaster, Defias Wizard
(@CGUID+199, 0, 36, -103.953064, -654.0595, 7.4237385, 5.21559, 7200, 7200, 0, 2), -- Defias Taskmaster, Defias Wizard
-- first boss patrol - spawn on 644 death
(@CGUID+200, 634, 36, -94.328399658203125, -402.580718994140625, 57.47457504272460937, 0.820304751396179199, 7200, 7200, 0, 2), -- Defias Overseer
(@CGUID+201, 1729, 36, -93.0233840942382812, -400.299591064453125, 58.04671859741210937, 3.03687286376953125, 7200, 7200, 0, 0), -- Defias Evoker
-- second boss patrol - spawn on 643 death
(@CGUID+202, 1729, 36, -189.049423217773437, -481.523834228515625, 54.1313323974609375, 2.129301786422729492, 7200, 7200, 0, 2), -- Defias Evoker
(@CGUID+203, 634, 36, -185.333602905273437, -481.7154541015625, 54.12872695922851562, 4.223696708679199218, 7200, 7200, 0, 0), -- Defias Overseer
-- third boss patrol - spawn on 1763 death (needs formations)
(@CGUID+204, 4417, 36, -230.55, -574.55, 51.23, 1.30298, 7200, 7200, 0, 2), -- Defias Taskmaster (-303.65277099609375, -584.90924072265625, 48.00875091552734375, 0.767944872379302978)
(@CGUID+205, 4418, 36, -232.19, -576.18, 51.23, 1.30298, 7200, 7200, 0, 0), -- Defias Wizard (-302.989166259765625, -579.61529541015625, 47.78899383544921875, 4.747295379638671875)
(@CGUID+206, 4417, 36, -229.58, -576.38, 51.23, 1.58573, 7200, 7200, 0, 0), -- Defias Taskmaster (-298.0758056640625, -580.83624267578125, 47.54618453979492187, 2.408554315567016601)
-- Miner Johnson (Substitute)
(@CGUID+207, 4075, 36, -152.545, -526.434, 51.133, 1.73877, 900, 900, 10, 1); -- Rat

UPDATE `creature` SET `spawnMask` = 0 WHERE `guid` BETWEEN @CGUID+200 AND @CGUID+207; -- SpawnFirstDeadminesPatrol()

-- ===========
-- GAMEOBJECTS
-- ===========

INSERT INTO `gameobject` (`guid`, `id`, `map`, `position_x`, `position_y`, `position_z`, `orientation`, `rotation0`, `rotation1`, `rotation2`, `rotation3`, `spawntimesecsmin`, `spawntimesecsmax`) VALUES
(@OGUID+1, 13965, 36, -191.414443969726562, -457.44580078125, 54.43914413452148437, 1.692966461181640625, 0, 0, 0.74895477294921875, 0.662621140480041503, 180, 180), -- Factory Door
(@OGUID+2, 16397, 36, -100.501556396484375, -668.7706298828125, 7.410491943359375, 1.815138816833496093, 0, 0, 0.7880096435546875, 0.615662872791290283, 180, 180), -- Iron Clad Door
(@OGUID+3, 16398, 36, -107.561676025390625, -659.6737060546875, 7.212110519409179687, -0.8902943730354309, -0.00222349166870117, 0.011099815368652343, -0.43050765991210937, 0.902515947818756103, 180, 180), -- Defias Cannon
(@OGUID+4, 16399, 36, -168.513916015625, -579.86077880859375, 19.31592750549316406, 3.124123096466064453, 0, 0, 0.99996185302734375, 0.008734640665352344, 86400, 86400), -- Foundry Door
(@OGUID+5, 16400, 36, -290.2940673828125, -536.960205078125, 49.43531036376953125, 1.553341388702392578, 0, 0, 0.700908660888671875, 0.713251054286956787, 86400, 86400), -- Mast Room Door
(@OGUID+6, 17153, 36, -262.71368408203125, -482.36102294921875, 49.43531036376953125, -0.01745246164500713, 0, 0, -0.00872611999511718, 0.999961912631988525, 86400, 86400), -- Heavy Door
(@OGUID+7, 17154, 36, -242.965164184570312, -578.56097412109375, 51.13660430908203125, 3.124123096466064453, 0, 0, 0.99996185302734375, 0.008734640665352344, 86400, 86400), -- Heavy Door
(@OGUID+8, 17155, 36, -106.409400939941406, -617.28369140625, 13.84952354431152343, -0.76794385910034179, 0, 0, -0.37460613250732421, 0.927184045314788818, 180, 180), -- Defias Gunpowder
(@OGUID+9, 101831, 36, -188.136489868164062, -460.313385009765625, 54.5590667724609375, 1.727874755859375, 0, 0, 0.760405540466308593, 0.649448513984680175, 86400, 86400), -- Door Lever
(@OGUID+10, 101832, 36, -287.281982421875, -539.87677001953125, 49.43212127685546875, 1.727874755859375, 0, 0, 0.760405540466308593, 0.649448513984680175, 86400, 86400), -- Door Lever
(@OGUID+11, 101833, 36, -96.927764892578125, -670.59674072265625, 7.40338134765625, 1.902405619621276855, 0, 0, 0.814114570617675781, 0.580704271793365478, 86400, 86400), -- Door Lever
(@OGUID+12, 101834, 36, -165.404281616210937, -576.9241943359375, 19.30643844604492187, -2.9844982624053955, 0, 0, -0.99691677093505859, 0.078466430306434631, 86400, 86400), -- Door Lever
(@OGUID+13, 123207, 36, -205.6641845703125, -574.58111572265625, 20.99874114990234375, 1.553341388702392578, 0, 0, 0.700908660888671875, 0.713251054286956787, 86400, 86400), -- Goblin Smelting Pot
(@OGUID+14, 123208, 36, -210.428451538085937, -579.20050048828125, 20.99874114990234375, 3.124123096466064453, 0, 0, 0.99996185302734375, 0.008734640665352344, 86400, 86400), -- Goblin Smelting Pot
(@OGUID+15, 123209, 36, -201.04327392578125, -579.37408447265625, 20.99874114990234375, -0.01745246164500713, 0, 0, -0.00872611999511718, 0.999961912631988525, 86400, 86400), -- Goblin Smelting Pot
(@OGUID+16, 123210, 36, -205.80474853515625, -583.96435546875, 20.99874114990234375, -1.58824872970581054, 0, 0, -0.71325016021728515, 0.700909554958343505, 86400, 86400), -- Goblin Smelting Pot
(@OGUID+17, 123211, 36, -205.972640991210937, -613.2620849609375, 19.40043449401855468, -0.10471932590007781, 0, 0, -0.05233573913574218, 0.998629570007324218, 86400, 86400), -- Foundry Anvil
(@OGUID+18, 123212, 36, -196.417144775390625, -610.98046875, 19.40043449401855468, -2.02457880973815917, 0, 0, -0.84804725646972656, 0.529920578002929687, 86400, 86400), -- Foundry Anvil
(@OGUID+19, 123213, 36, -196.491241455078125, -605.3809814453125, 19.40043449401855468, 1.640606880187988281, 0, 0, 0.731352806091308593, 0.6819993257522583, 86400, 86400), -- Foundry Anvil
(@OGUID+20, 144111, 36, 2.690864086151123046, -781.6328125, 9.769848823547363281, 2.338739633560180664, 0, 0, 0.920504570007324218, 0.3907318115234375, 86400, 86400), -- Smite's Chest
(@OGUID+21, 180024, 36, -32.1232, -374.64, 59.06, 3.082, 0, 0, 0.999556, 0.0297919, -300, -300), -- Mysterious Deadmines Chest
-- RE-USE
(@OGUID+81, 0, 36, -144.899200439453125, -891.56048583984375, 4.309537887573242187, 1.518436193466186523, 0, 0, 0.6883544921875, 0.725374460220336914, 86400, 86400), -- Food Crate, Barrel of Milk
(@OGUID+82, 0, 36, -103.5703125, -723.35870361328125, 8.494485855102539062, 0.698131501674652099, 0, 0, 0.342020034790039062, 0.939692676067352294, 86400, 86400), -- Food Crate, Barrel of Milk
(@OGUID+83, 0, 36, -89.3314895629882812, -682.57379150390625, 7.423734188079833984, -2.63544416427612304, 0, 0, -0.96814727783203125, 0.250381410121917724, 86400, 86400), -- Food Crate, Barrel of Milk
(@OGUID+84, 0, 36, -43.7597122192382812, -733.64825439453125, 9.185360908508300781, 1.186823248863220214, 0, 0, 0.559192657470703125, 0.829037725925445556, 86400, 86400), -- Food Crate, Barrel of Milk
(@OGUID+85, 0, 36, -37.05859375, -720.38104248046875, 8.358136177062988281, 3.001946687698364257, 0, 0, 0.997563362121582031, 0.069766148924827575, 86400, 86400), -- Food Crate, Barrel of Milk
-- 3662/3705
(@OGUID+91, 19019, 36, -214.701339721679687, -545.25909423828125, 19.30647087097167968, -1.37880921363830566, 0, 0, -0.636077880859375, 0.771624863147735595, 86400, 86400), -- Box of Assorted Parts
(@OGUID+92, 19019, 36, -170.766006469726562, -588.50836181640625, 19.32762527465820312, 2.775068521499633789, 0, 0, 0.983254432678222656, 0.182238012552261352, 86400, 86400), -- Box of Assorted Parts
(@OGUID+93, 19019, 36, -141.932510375976562, -770.300537109375, 2.44695901870727539, 0.017452461645007133, 0, 0, 0.008726119995117187, 0.999961912631988525, 86400, 86400), -- Box of Assorted Parts
(@OGUID+94, 19019, 36, -236.247, -560.498, 19.3065, 5.88176, 0, 0, -0.199368, 0.979925, 86400, 86400), -- Box of Assorted Parts
(@OGUID+95, 19019, 36, -123.417701721191406, -705.9969482421875, 8.442322731018066406, 0.802850902080535888, 0, 0, 0.390730857849121093, 0.920504987239837646, 86400, 86400), -- Box of Assorted Parts
(@OGUID+96, 19019, 36, -200.773605346679687, -574.158935546875, 20.97682380676269531, 0.767943859100341796, 0, 0, 0.374606132507324218, 0.927184045314788818, 86400, 86400), -- Box of Assorted Parts
(@OGUID+97, 19019, 36, -185.015792846679687, -692.18609619140625, 8.819413185119628906, -1.41371512413024902, 0, 0, -0.64944744110107421, 0.760406434535980224, 86400, 86400), -- Box of Assorted Parts
(@OGUID+98, 19019, 36, -209.953338623046875, -595.72979736328125, 20.97681427001953125, 1.169368624687194824, 0, 0, 0.551936149597167968, 0.833886384963989257, 86400, 86400), -- Box of Assorted Parts
(@OGUID+99, 19019, 36, -43.0481224060058593, -691.14434814453125, 4.213007926940917968, 2.949595212936401367, 0, 0, 0.995395660400390625, 0.095851235091686248, 86400, 86400), -- Box of Assorted Parts
-- 19019
-- Mast Room
(@OGUID+101, 75293, 36, -312.04595947265625, -477.50091552734375, 49.59791183471679687, -1.55334138870239257, 0, 0, -0.70090866088867187, 0.713251054286956787, 86400, 86400), -- Large Battered Chest
(@OGUID+102, 75293, 36, -300.88665771484375, -532.54248046875, 49.42361831665039062, 0.226892471313476562, 0, 0, 0.113203048706054687, 0.993571877479553222, 86400, 86400), -- Large Battered Chest
-- Goblin Foundry
(@OGUID+103, 75293, 36, -209.206, -602.72, 19.3065, -0.139626, 0, 0, -0.0697563, 0.997564, 86400, 86400), -- Large Battered Chest
-- Ironclad Cove
(@OGUID+104, 75293, 36, -121.300621032714843, -810.2078857421875, 16.96380233764648437, 1.762782454490661621, 0, 0, 0.771624565124511718, 0.636078238487243652, 86400, 86400), -- Large Battered Chest
(@OGUID+105, 75293, 36, -77.7409439086914062, -788.59552001953125, 26.10969352722167968, 1.169368624687194824, 0, 0, 0.551936149597167968, 0.833886384963989257, 86400, 86400), -- Large Battered Chest
(@OGUID+106, 75293, 36, -63.0889, -797.013, 39.0067, 1.55334, 0, 0, 0.700908, 0.713252, 86400, 86400), -- Large Battered Chest
(@OGUID+107, 75293, 36, -155.300460815429687, -913.89617919921875, 10.28088092803955078, 0.907570183277130126, 0, 0, 0.438370704650878906, 0.898794233798980712, 86400, 86400), -- Large Battered Chest

-- 1731
(@OGUID + 110, 0, 36, -81.0082473754882812, -394.328826904296875, 61.52583694458007812, 0.436331570148468017, 0, 0, 0.216439247131347656, 0.976296067237854003, 604800, 604800), -- Copper Vein
(@OGUID + 111, 0, 36, -75.6958541870117187, -407.331054687500000, 56.13377761840820312, 4.345870018005371093, 0, 0, -0.82412624359130859, 0.566406130790710449, 604800, 604800), -- Copper Vein
(@OGUID + 112, 0, 36, -56.9023437500000000, -349.056304931640625, 57.40945053100585937, 5.218535900115966796, 0, 0, -0.50753784179687500, 0.861629426479339599, 604800, 604800), -- Copper Vein
(@OGUID + 113, 0, 36, -130.780868530273437, -386.426818847656250, 60.46846389770507812, 3.874631166458129882, 0, 0, -0.93358039855957031, 0.358368009328842163, 604800, 604800), -- Copper Vein

(@OGUID + 120, 0, 36, -314.510162353515625, -592.769714355468750, 51.24377822875976562, 0.959929943084716796, 0, 0, 0.461748123168945312, 0.887011110782623291, 604800, 604800), -- Copper Vein
(@OGUID + 121, 0, 36, -277.478363037109375, -572.825866699218750, 52.62794876098632812, 5.235987663269042968, 0, 0, -0.50000000000000000, 0.866025388240814208, 604800, 604800), -- Copper Vein
(@OGUID + 122, 0, 36, -280.207794189453125, -603.551574707031250, 53.00134277343750000, 6.056293010711669921, 0, 0, -0.11320304870605468, 0.993571877479553222, 604800, 604800), -- Copper Vein
(@OGUID + 123, 0, 36, -286.103515625000000, -577.582397460937500, 50.98287582397460937, 6.213373661041259765, 0, 0, -0.03489875793457031, 0.999390840530395507, 604800, 604800), -- Copper Vein

-- 1732 | 1733
(@OGUID + 130, 0, 36, -106.249397277832031, -611.118286132812500, 16.69453239440917968, 2.251473426818847656, 0, 0, 0.902585029602050781, 0.430511653423309326, 604800, 604800), -- Tin Vein | Silver Vein
(@OGUID + 131, 0, 36, -140.056915283203125, -602.209106445312500, 17.77572059631347656, 4.904376029968261718, 0, 0, -0.63607788085937500, 0.771624863147735595, 604800, 604800), -- Tin Vein | Silver Vein
(@OGUID + 132, 0, 36, -134.418029785156250, -640.135742187500000, 16.60317230224609375, 1.308995485305786132, 0, 0, 0.608760833740234375, 0.793353796005249023, 604800, 604800), -- Tin Vein | Silver Vein
(@OGUID + 133, 0, 36, -139.255157470703125, -567.672851562500000, 21.01113319396972656, 5.305802345275878906, 0, 0, -0.46947097778320312, 0.882947921752929687, 604800, 604800), -- Tin Vein | Silver Vein

(@OGUID + 140, 0, 36, -234.676925659179687, -492.152832031250000, 51.55026626586914062, 2.059488296508789062, 0, 0, 0.857167243957519531, 0.515038192272186279, 604800, 604800), -- Tin Vein | Silver Vein
(@OGUID + 141, 0, 36, -146.761016845703125, -519.809692382812500, 55.09135055541992187, 5.654868602752685546, 0, 0, -0.30901622772216796, 0.951056778430938720, 604800, 604800), -- Tin Vein | Silver Vein
(@OGUID + 142, 0, 36, -174.634109497070312, -497.941314697265625, 55.84768676757812500, 3.787367343902587890, 0, 0, -0.94832324981689453, 0.317305892705917358, 604800, 604800), -- Tin Vein | Silver Vein
(@OGUID + 143, 0, 36, -211.942657470703125, -518.460021972656250, 52.86028289794921875, 3.944445848464965820, 0, 0, -0.92050457000732421, 0.390731811523437500, 604800, 604800), -- Tin Vein | Silver Vein

(@OGUID + 150, 0, 36, -127.871528625488281, -444.353607177734375, 57.16098403930664062, 0.349065244197845458, 0, 0, 0.173647880554199218, 0.984807789325714111, 604800, 604800), -- Tin Vein | Silver Vein
(@OGUID + 151, 0, 36, -154.312820434570312, -393.339752197265625, 58.45208740234375000, 4.084071159362792968, 0, 0, -0.89100646972656250, 0.453990638256072998, 604800, 604800), -- Tin Vein | Silver Vein
(@OGUID + 152, 0, 36, -167.955566406250000, -411.292633056640625, 58.63128662109375000, 2.792518377304077148, 0, 0, 0.984807014465332031, 0.173652306199073791, 604800, 604800); -- Tin Vein | Silver Vein

INSERT INTO gameobject_spawn_entry (guid, entry) VALUES
(@OGUID+81, 3662), (@OGUID+81, 3705), -- Food Crate, Barrel of Milk
(@OGUID+82, 3662), (@OGUID+82, 3705), -- Food Crate, Barrel of Milk
(@OGUID+83, 3662), (@OGUID+83, 3705), -- Food Crate, Barrel of Milk
(@OGUID+84, 3662), (@OGUID+84, 3705), -- Food Crate, Barrel of Milk
(@OGUID+85, 3662), (@OGUID+85, 3705); -- Food Crate, Barrel of Milk

-- INSERT INTO `gameobject_addon` (`guid`, `animprogress`, `state`) VALUES

-- ======
-- EVENTS
-- ======

-- INSERT INTO `game_event_creature` (`guid`, `event`) VALUES
-- INSERT INTO `game_event_creature_data` (`guid`, `entry_id`, `modelid`, `equipment_id`, `spell_start`, `spell_end`, `event`) VALUES
-- INSERT INTO `game_event_gameobject` (`guid`, `event`) VALUES

-- =======
-- POOLING
-- =======

INSERT INTO `pool_pool` (`pool_id`, `mother_pool`, `chance`, `description`) VALUES
(@PGUID+91, @PGUID+90, 0, 'Deadmines (Mast Room) - Chest Pool'),
(@PGUID+92, @PGUID+90, 0, 'Deadmines (Goblin Foundry) - Chest Pool'),
(@PGUID+93, @PGUID+90, 0, 'Deadmines (Ironclad Cove) - Chest Pool');

INSERT INTO `pool_template` (`entry`, `max_limit`, `description`) VALUES
(@PGUID+1, 1, 'Deadmines - Miner Johnson (3586)'),
(@PGUID+70, 3, 'Deadmines - Food Crate / Barrel of Milk Pool'),
(@PGUID+90, 2, 'Deadmines - Master Chest Pool'),
(@PGUID+91, 1, 'Deadmines (Mast Room) - Chest Pool'),
(@PGUID+92, 1, 'Deadmines (Goblin Foundry) - Chest Pool'),
(@PGUID+93, 1, 'Deadmines (Ironclad Cove) - Chest Pool');

INSERT INTO `pool_creature` (`guid`, `pool_entry`, `chance`, `description`) VALUES
(@CGUID+96, @PGUID+1, 20, 'Deadmines - Miner Johnson (3586)'),
(@CGUID+207, @PGUID+1, 0, 'Deadmines - Miner Johnson (Substitute)');

-- INSERT INTO `pool_creature_template` (`id`, `pool_entry`, `chance`, `description`) VALUES

INSERT INTO `pool_gameobject` (`guid`, `pool_entry`, `chance`, `description`) VALUES
(@OGUID+81, @PGUID+70, 0, 'Deadmines - Food Crate, Barrel of Milk (3662,3705)'),
(@OGUID+82, @PGUID+70, 0, 'Deadmines - Food Crate, Barrel of Milk (3662,3705)'),
(@OGUID+83, @PGUID+70, 0, 'Deadmines - Food Crate, Barrel of Milk (3662,3705)'),
(@OGUID+84, @PGUID+70, 0, 'Deadmines - Food Crate, Barrel of Milk (3662,3705)'),
(@OGUID+85, @PGUID+70, 0, 'Deadmines - Food Crate, Barrel of Milk (3662,3705)'),

(@OGUID+101, @PGUID+91, 0, 'Deadmines - Large Battered Chest (75293)'), -- Mast Room
(@OGUID+102, @PGUID+91, 0, 'Deadmines - Large Battered Chest (75293)'), -- Mast Room

(@OGUID+103, @PGUID+92, 0, 'Deadmines - Large Battered Chest (75293)'), -- Goblin Foundry

(@OGUID+104, @PGUID+93, 0, 'Deadmines - Large Battered Chest (75293)'), -- Ironclad Cove
(@OGUID+105, @PGUID+93, 0, 'Deadmines - Large Battered Chest (75293)'), -- Ironclad Cove
(@OGUID+106, @PGUID+93, 0, 'Deadmines - Large Battered Chest (75293)'), -- Ironclad Cove
(@OGUID+107, @PGUID+93, 0, 'Deadmines - Large Battered Chest (75293)'); -- Ironclad Cove

-- INSERT INTO `pool_gameobject_template` (`id`, `pool_entry`, `chance`, `description`) VALUES

-- ===========
-- SPAWNGROUPS
-- ===========

INSERT INTO `spawn_group` (`Id`, `Name`, `Type`, `MaxCount`, `WorldState`, `Flags`) VALUES
(@SGUID + 00, 'The Deadmines - Copper Vein (1) Ore 000', 1, 1, 0, 0),
(@SGUID + 01, 'The Deadmines - Copper Vein (1) Ore 001', 1, 1, 0, 0),

(@SGUID + 02, 'The Deadmines - Tin Vein | Silver Vein (1) Ore 000', 1, 1, 0, 0),
(@SGUID + 03, 'The Deadmines - Tin Vein | Silver Vein (1) Ore 001', 1, 1, 0, 0),
(@SGUID + 04, 'The Deadmines - Tin Vein | Silver Vein (1) Ore 002', 1, 1, 0, 0),

(@SGUID + 102, 'The Deadmines - Box of Assorted Parts (19019)', 1, 6, 0, 0);

-- INSERT INTO `spawn_group_entry` (`Id`, `Entry`, `MinCount`, `MaxCount`, `Chance`) VALUES

INSERT INTO `spawn_group_spawn` (`Id`, `Guid`, `SlotId`) VALUES
(@SGUID + 00, @OGUID + 110, -1), -- Copper Vein
(@SGUID + 00, @OGUID + 111, -1), -- Copper Vein
(@SGUID + 00, @OGUID + 112, -1), -- Copper Vein
(@SGUID + 00, @OGUID + 113, -1), -- Copper Vein

(@SGUID + 01, @OGUID + 120, -1), -- Copper Vein
(@SGUID + 01, @OGUID + 121, -1), -- Copper Vein
(@SGUID + 01, @OGUID + 122, -1), -- Copper Vein
(@SGUID + 01, @OGUID + 123, -1), -- Copper Vein

(@SGUID + 02, @OGUID + 130, -1), -- Tin Vein | Silver Vein
(@SGUID + 02, @OGUID + 131, -1), -- Tin Vein | Silver Vein
(@SGUID + 02, @OGUID + 132, -1), -- Tin Vein | Silver Vein
(@SGUID + 02, @OGUID + 133, -1), -- Tin Vein | Silver Vein

(@SGUID + 03, @OGUID + 140, -1), -- Tin Vein | Silver Vein
(@SGUID + 03, @OGUID + 141, -1), -- Tin Vein | Silver Vein
(@SGUID + 03, @OGUID + 142, -1), -- Tin Vein | Silver Vein
(@SGUID + 03, @OGUID + 143, -1), -- Tin Vein | Silver Vein

(@SGUID + 04, @OGUID + 150, -1), -- Tin Vein | Silver Vein
(@SGUID + 04, @OGUID + 151, -1), -- Tin Vein | Silver Vein
(@SGUID + 04, @OGUID + 152, -1), -- Tin Vein | Silver Vein

(@SGUID + 102, @OGUID+91, -1), -- Box of Assorted Parts
(@SGUID + 102, @OGUID+92, -1), -- Box of Assorted Parts
(@SGUID + 102, @OGUID+93, -1), -- Box of Assorted Parts
(@SGUID + 102, @OGUID+94, -1), -- Box of Assorted Parts
(@SGUID + 102, @OGUID+95, -1), -- Box of Assorted Parts
(@SGUID + 102, @OGUID+96, -1), -- Box of Assorted Parts
(@SGUID + 102, @OGUID+97, -1), -- Box of Assorted Parts
(@SGUID + 102, @OGUID+98, -1), -- Box of Assorted Parts
(@SGUID + 102, @OGUID+99, -1); -- Box of Assorted Parts

INSERT INTO `spawn_group_entry` (`Id`, `Entry`, `MinCount`, `MaxCount`, `Chance`) VALUES
(@SGUID + 00, 1731, 0, 0, 0), -- Copper Vein

(@SGUID + 01, 1731, 0, 0, 0), -- Copper Vein

(@SGUID + 02, 1732, 0, 0, 0), -- Tin Vein
(@SGUID + 02, 1733, 0, 0, 5), -- Silver Vein

(@SGUID + 03, 1732, 0, 0, 0), -- Tin Vein
(@SGUID + 03, 1733, 0, 0, 5), -- Silver Vein

(@SGUID + 04, 1732, 0, 0, 0), -- Tin Vein
(@SGUID + 04, 1733, 0, 0, 5); -- Silver Vein

-- INSERT INTO `spawn_group_formation` (`Id`, `FormationType`, `FormationSpread`, `FormationOptions`, `PathId`, `MovementType`, `Comment`) VALUES
-- INSERT INTO `waypoint_path_name` (`PathId`, `Name`) VALUES
-- INSERT INTO `waypoint_path` (`PathId`, `Point`, `PositionX`, `PositionY`, `PositionZ`, `Orientation`, `WaitTime`, `ScriptId`, `Comment`) VALUES

-- =========
-- DBSCRIPTS
-- =========

INSERT INTO `dbscripts_on_go_use` (`id`, `delay`, `command`, `datalong`, `datalong2`, `datalong3`, `buddy_entry`, `search_radius`, `data_flags`, `dataint`, `dataint2`, `dataint3`, `dataint4`, `x`, `y`, `z`, `o`, `comments`) VALUES
(@OGUID+9, 0, 11, @OGUID+1, 15, 0, 0, 0, 0, 0, 0, 0, 0, 0, 0, 0, 0, 'Door Lever - Open Factory Door'),
(@OGUID+12, 0, 11, @OGUID+4, 15, 0, 0, 0, 0, 0, 0, 0, 0, 0, 0, 0, 0, 'Door Lever - Open Foundry Door'),
(@OGUID+10, 0, 11, @OGUID+5, 15, 0, 0, 0, 0, 0, 0, 0, 0, 0, 0, 0, 0, 'Door Lever - Open Mast Room Door'),
(@OGUID+11, 0, 11, @OGUID+2, 300, 0, 0, 0, 0, 0, 0, 0, 0, 0, 0, 0, 0, 'Door Lever - Open Iron Clad Door');

-- Summon Defias Overseer when Defias Gunpowder object is used
INSERT INTO `dbscripts_on_go_template_use` (`id`, `delay`, `command`, `datalong`, `datalong2`, `datalong3`, `buddy_entry`, `search_radius`, `data_flags`, `dataint`, `dataint2`, `dataint3`, `dataint4`, `x`, `y`, `z`, `o`, `comments`) VALUES
(17155, 1000, 10, 634, 0, 1, 0, 0, 8, 0, 0, 0, 0, -130.775711059570312, -605.472900390625, 15.23517513275146484, 5.445427417755126953, 'Summon Defias Overseer'); -- 1sec after SMSG_DESTROY_OBJECT

INSERT INTO `dbscripts_on_creature_death` (`id`, `delay`, `command`, `datalong`, `datalong2`, `datalong3`, `buddy_entry`, `search_radius`, `data_flags`, `dataint`, `dataint2`, `dataint3`, `dataint4`, `x`, `y`, `z`, `o`, `comments`) VALUES
(642, 3500, 15, 5141, 1, 0, 0, 0, 0, 0, 0, 0, 0, 0, 0, 0, 0, 'Sneed''s Shredder - Cast Eject Sneed on Death'); -- 3 - 4secs

DELETE FROM `dbscripts_on_creature_movement` WHERE `id` IN (64501);
INSERT INTO `dbscripts_on_creature_movement` (`id`, `delay`, `command`, `datalong`, `datalong2`, `datalong3`, `buddy_entry`, `search_radius`, `data_flags`, `dataint`, `dataint2`, `dataint3`, `dataint4`, `x`, `y`, `z`, `o`, `comments`) VALUES
(64501, 0, 20, 1, 1, 60000, 0, 0, 12, 0, 0, 0, 0, 0, 0, 0, 0, 'Cookie - MovementType 1 and Spawndist 1 (60secs)');

-- INSERT INTO `dbscripts_on_relay` (`id`, `delay`, `command`, `datalong`, `datalong2`, `datalong3`, `buddy_entry`, `search_radius`, `data_flags`, `dataint`, `dataint2`, `dataint3`, `dataint4`, `x`, `y`, `z`, `o`, `comments`) VALUES
-- INSERT INTO `dbscripts_on_event` (`id`, `delay`, `command`, `datalong`, `datalong2`, `datalong3`, `buddy_entry`, `search_radius`, `data_flags`, `dataint`, `dataint2`, `dataint3`, `dataint4`, `x`, `y`, `z`, `o`, `comments`) VALUES
-- INSERT INTO `dbscripts_on_spell` (`id`, `delay`, `command`, `datalong`, `datalong2`, `datalong3`, `buddy_entry`, `search_radius`, `data_flags`, `dataint`, `dataint2`, `dataint3`, `dataint4`, `x`, `y`, `z`, `o`, `comments`) VALUES
-- INSERT INTO `dbscripts_on_gossip` (`id`, `delay`, `command`, `datalong`, `datalong2`, `datalong3`, `buddy_entry`, `search_radius`, `data_flags`, `dataint`, `dataint2`, `dataint3`, `dataint4`, `x`, `y`, `z`, `o`, `comments`) VALUES
-- INSERT INTO `dbscripts_on_quest_start` (`id`, `delay`, `command`, `datalong`, `datalong2`, `datalong3`, `buddy_entry`, `search_radius`, `data_flags`, `dataint`, `dataint2`, `dataint3`, `dataint4`, `x`, `y`, `z`, `o`, `comments`) VALUES
-- INSERT INTO `dbscripts_on_quest_end` (`id`, `delay`, `command`, `datalong`, `datalong2`, `datalong3`, `buddy_entry`, `search_radius`, `data_flags`, `dataint`, `dataint2`, `dataint3`, `dataint4`, `x`, `y`, `z`, `o`, `comments`) VALUES
-- INSERT INTO `dbscript_random_templates` (`id`, `type`, `target_id`, `chance`, `comments`) VALUES
