/* DBScriptData
DBName: Gnomeregan
DBScriptName: instance_gnomeregan
DB%Complete: 80
DBComment:
Add additional RP Scripts in The Clean Zone
EndDBScriptData */

SET @CGUID := 900000; -- creatures
SET @OGUID := 900000; -- gameobjects
SET @PGUID := 45700; -- pools

-- =========
-- CREATURES
-- =========

INSERT INTO `creature_movement` (`id`, `point`, `PositionX`, `PositionY`, `PositionZ`, `orientation`, `waittime`, `ScriptId`) VALUES
(@CGUID+24, 1, -566.934, 234.459, -159.428, 100, 0, 0),
(@CGUID+24, 2, -592.232, 208.268, -167.276, 100, 0, 0),
(@CGUID+24, 3, -612.701, 189.15, -174.724, 100, 0, 0),
(@CGUID+24, 4, -634.201, 167.707, -182.916, 100, 0, 0),
(@CGUID+24, 5, -637.146, 153.498, -183.91, 100, 0, 0),
(@CGUID+24, 6, -633.807, 125.486, -183.878, 100, 0, 0),
(@CGUID+24, 7, -612.51, 125.177, -182.301, 100, 0, 0),
(@CGUID+24, 8, -633.807, 125.486, -183.878, 100, 0, 0),
(@CGUID+24, 9, -637.146, 153.498, -183.91, 100, 0, 0),
(@CGUID+24, 10, -634.201, 167.707, -182.916, 100, 0, 0),
(@CGUID+24, 11, -612.701, 189.15, -174.724, 100, 0, 0),
(@CGUID+24, 12, -592.232, 208.268, -167.276, 100, 0, 0),
(@CGUID+24, 13, -566.934, 234.459, -159.428, 100, 0, 0),
(@CGUID+24, 14, -543.783, 214.482, -156.2, 100, 0, 0),
(@CGUID+25, 1, -559.689, 73.4061, -201.944, 100, 0, 0),
(@CGUID+25, 2, -570.938, 89.0203, -202.208, 100, 0, 0),
(@CGUID+25, 3, -574.295, 116.139, -201.952, 100, 0, 0),
(@CGUID+25, 4, -599.614, 123.211, -194.325, 100, 0, 0),
(@CGUID+25, 5, -612.278, 124.827, -182.51, 100, 0, 0),
(@CGUID+25, 6, -630.214, 125.405, -183.879, 100, 0, 0),
(@CGUID+25, 7, -636.318, 155.386, -183.916, 100, 0, 0),
(@CGUID+25, 8, -630.214, 125.405, -183.879, 100, 0, 0),
(@CGUID+25, 9, -612.504, 124.834, -182.299, 100, 0, 0),
(@CGUID+25, 10, -599.614, 123.211, -194.325, 100, 0, 0),
(@CGUID+25, 11, -574.295, 116.139, -201.952, 100, 0, 0),
(@CGUID+25, 12, -570.938, 89.0203, -202.208, 100, 0, 0),
(@CGUID+25, 13, -559.689, 73.4061, -201.944, 100, 0, 0),
(@CGUID+25, 14, -535.605, 76.0671, -202.052, 100, 0, 0),
(@CGUID+26, 1, -457.132, 179.701, -154.743, 100, 0, 0),
(@CGUID+26, 2, -471.353, 175.991, -154.729, 100, 0, 0),
(@CGUID+26, 3, -503.643, 140.105, -154.732, 100, 0, 0),
(@CGUID+26, 4, -508.214, 116.711, -154.724, 100, 0, 0),
(@CGUID+26, 5, -508.595, 93.2001, -154.737, 100, 0, 0),
(@CGUID+26, 6, -505.569, 75.4867, -154.747, 100, 0, 0),
(@CGUID+26, 7, -487.263, 60.5882, -156.991, 100, 0, 0),
(@CGUID+26, 8, -466.135, 39.2224, -154.748, 100, 0, 0),
(@CGUID+26, 9, -422.126, 38.1663, -154.772, 100, 0, 0),
(@CGUID+26, 10, -401.703, 43.435, -154.772, 100, 0, 0),
(@CGUID+26, 11, -368.341, 79.0285, -154.758, 100, 0, 0),
(@CGUID+26, 12, -365.645, 119.526, -154.743, 100, 0, 0),
(@CGUID+26, 13, -368.341, 79.0285, -154.758, 100, 0, 0),
(@CGUID+26, 14, -401.703, 43.435, -154.772, 100, 0, 0),
(@CGUID+26, 15, -422.126, 38.1663, -154.772, 100, 0, 0),
(@CGUID+26, 16, -466.135, 39.2224, -154.748, 100, 0, 0),
(@CGUID+26, 17, -487.263, 60.5882, -156.991, 100, 0, 0),
(@CGUID+26, 18, -505.569, 75.4867, -154.747, 100, 0, 0),
(@CGUID+26, 19, -508.595, 93.2001, -154.737, 100, 0, 0),
(@CGUID+26, 20, -508.214, 116.711, -154.724, 100, 0, 0),
(@CGUID+26, 21, -503.643, 140.105, -154.732, 100, 0, 0),
(@CGUID+26, 22, -471.353, 175.991, -154.729, 100, 0, 0),
(@CGUID+26, 23, -457.132, 179.701, -154.743, 100, 0, 0),
(@CGUID+26, 24, -412.42, 182.583, -154.743, 100, 0, 0),
(@CGUID+27, 1, -537.295, -8.0929, -156.381, 100, 0, 0),
(@CGUID+27, 2, -528.433, 16.5616, -156.506, 100, 0, 0),
(@CGUID+27, 3, -494.313, 50.8165, -156.926, 100, 0, 0),
(@CGUID+27, 4, -509.008, 87.6308, -154.74, 100, 0, 0),
(@CGUID+27, 5, -506.075, 120.476, -154.723, 100, 0, 0),
(@CGUID+27, 6, -501.404, 147.635, -154.711, 100, 0, 0),
(@CGUID+27, 7, -487.952, 158.486, -154.714, 100, 0, 0),
(@CGUID+27, 8, -508.528, 179.469, -155.236, 100, 0, 0),
(@CGUID+27, 9, -531.651, 159.437, -155.236, 100, 0, 0),
(@CGUID+27, 10, -557.415, 172.668, -155.236, 100, 0, 0),
(@CGUID+27, 11, -527.898, 204.697, -155.238, 100, 0, 0),
(@CGUID+27, 12, -557.697, 172.813, -155.237, 100, 0, 0),
(@CGUID+27, 13, -531.651, 159.437, -155.236, 100, 0, 0),
(@CGUID+27, 14, -508.528, 179.469, -155.236, 100, 0, 0),
(@CGUID+27, 15, -487.952, 158.486, -154.714, 100, 0, 0),
(@CGUID+27, 16, -501.404, 147.635, -154.711, 100, 0, 0),
(@CGUID+27, 17, -506.075, 120.476, -154.723, 100, 0, 0),
(@CGUID+27, 18, -509.008, 87.6308, -154.74, 100, 0, 0),
(@CGUID+27, 19, -494.313, 50.8165, -156.926, 100, 0, 0),
(@CGUID+27, 20, -528.433, 16.5616, -156.506, 100, 0, 0),
(@CGUID+27, 21, -537.295, -8.0929, -156.381, 100, 0, 0),
(@CGUID+27, 22, -532.909, -46.197, -152.147, 100, 0, 0),
(@CGUID+31, 1, -561.427, 76.2373, -203.034, 100, 0, 0),
(@CGUID+31, 2, -582.791, 73.7128, -203.104, 100, 0, 0),
(@CGUID+31, 3, -582.274, 94.3503, -202.999, 100, 0, 0),
(@CGUID+31, 4, -573.71, 111.221, -201.717, 100, 0, 0),
(@CGUID+31, 5, -583.401, 134.578, -202.134, 100, 0, 0),
(@CGUID+31, 6, -573.048, 151.098, -202.146, 100, 0, 0),
(@CGUID+31, 7, -541.047, 139.806, -202.151, 100, 0, 0),
(@CGUID+31, 8, -538.994, 107.757, -204.531, 100, 0, 0),
(@CGUID+31, 9, -538.809, 73.1746, -201.544, 100, 0, 0),
(@CGUID+50, 1, -690.742, 691.155, -318.06, 100, 0, 0),
(@CGUID+50, 2, -705.044, 694.504, -318.06, 100, 0, 0),
(@CGUID+50, 3, -716.368, 687.813, -318.06, 100, 0, 0),
(@CGUID+50, 4, -720.547, 673.148, -318.06, 100, 0, 0),
(@CGUID+50, 5, -726.027, 652.772, -309.067, 100, 0, 0),
(@CGUID+50, 6, -733.01, 624.574, -300.06, 100, 0, 0),
(@CGUID+50, 7, -740.017, 596.719, -291.195, 100, 0, 0),
(@CGUID+50, 8, -743.506, 581.688, -291.06, 100, 0, 0),
(@CGUID+50, 9, -736.813, 570.41, -291.06, 100, 0, 0),
(@CGUID+50, 10, -722.587, 566.386, -291.06, 100, 0, 0),
(@CGUID+50, 11, -701.512, 561.003, -282.06, 100, 0, 0),
(@CGUID+50, 12, -694.008, 559.451, -282.06, 100, 0, 0),
(@CGUID+50, 13, -701.512, 561.003, -282.06, 100, 0, 0),
(@CGUID+50, 14, -722.587, 566.386, -291.06, 100, 0, 0),
(@CGUID+50, 15, -736.813, 570.41, -291.06, 100, 0, 0),
(@CGUID+50, 16, -743.506, 581.688, -291.06, 100, 0, 0),
(@CGUID+50, 17, -740.017, 596.719, -291.195, 100, 0, 0),
(@CGUID+50, 18, -733.052, 624.405, -300.06, 100, 0, 0),
(@CGUID+50, 19, -726.031, 652.755, -309.06, 100, 0, 0),
(@CGUID+50, 20, -720.547, 673.148, -318.06, 100, 0, 0),
(@CGUID+50, 21, -716.368, 687.813, -318.06, 100, 0, 0),
(@CGUID+50, 22, -705.044, 694.504, -318.06, 100, 0, 0),
(@CGUID+50, 23, -690.742, 691.155, -318.06, 100, 0, 0),
(@CGUID+50, 24, -669.55, 685.436, -327.06, 100, 0, 0),
(@CGUID+58, 1, -652.5003, 535.2482, -273.05984, 100, 0, 0),
(@CGUID+58, 2, -667.9539, 538.0438, -284.55896, 100, 0, 0),
(@CGUID+58, 3, -678.87396, 541.62964, -286.64133, 100, 0, 0),
(@CGUID+58, 4, -695.9376, 546.4911, -294.30286, 100, 0, 0),
(@CGUID+58, 5, -711.29156, 550.764, -297.64468, 100, 0, 0),
(@CGUID+58, 6, -728.6964, 554.80536, -303.78284, 100, 0, 0),
(@CGUID+58, 7, -747.4513, 561.62726, -303.7828, 100, 0, 0),
(@CGUID+58, 8, -756.25415, 576.1652, -303.7828, 100, 0, 0),
(@CGUID+58, 9, -754.71936, 592.0047, -303.7828, 100, 0, 0),
(@CGUID+166, 1, -856.526, 423.211, -314.368, 100, 0, 0),
(@CGUID+166, 2, -844.277, 432.41, -312.281, 100, 0, 0),
(@CGUID+166, 3, -833.395, 440.807, -310.187, 100, 0, 0),
(@CGUID+166, 4, -821.368, 450.877, -308.104, 100, 0, 0),
(@CGUID+166, 5, -815.841, 456.337, -308.104, 100, 0, 0),
(@CGUID+166, 6, -815.649, 468.987, -308.104, 100, 0, 0),
(@CGUID+166, 7, -815.841, 456.337, -308.104, 100, 0, 0),
(@CGUID+166, 8, -821.33, 450.915, -308.104, 100, 0, 0),
(@CGUID+166, 9, -833.395, 440.807, -310.187, 100, 0, 0),
(@CGUID+166, 10, -844.277, 432.41, -312.281, 100, 0, 0),
(@CGUID+166, 11, -856.526, 423.211, -314.368, 100, 0, 0),
(@CGUID+166, 12, -871.91, 411.937, -316.439, 100, 0, 0),
(@CGUID+168, 1, -892.144, 417.863, -272.596, 100, 0, 0),
(@CGUID+168, 2, -887.644, 428.286, -272.596, 100, 0, 0),
(@CGUID+168, 3, -877.645, 432.046, -272.596, 100, 0, 0),
(@CGUID+168, 4, -849.31, 428.242, -272.596, 100, 0, 0),
(@CGUID+168, 5, -821.944, 424.947, -272.6, 100, 0, 0),
(@CGUID+168, 6, -800.988, 421.857, -272.578, 100, 0, 0),
(@CGUID+168, 7, -787.423, 420.047, -272.578, 100, 0, 0),
(@CGUID+168, 8, -773.025, 418.074, -272.578, 100, 0, 0),
(@CGUID+168, 9, -787.423, 420.047, -272.578, 100, 0, 0),
(@CGUID+168, 10, -800.988, 421.857, -272.578, 100, 0, 0),
(@CGUID+168, 11, -821.944, 424.947, -272.6, 100, 0, 0),
(@CGUID+168, 12, -849.31, 428.242, -272.596, 100, 0, 0),
(@CGUID+168, 13, -877.379, 432.146, -272.596, 100, 0, 0),
(@CGUID+168, 14, -887.644, 428.286, -272.596, 100, 0, 0),
(@CGUID+168, 15, -892.144, 417.863, -272.596, 100, 0, 0),
(@CGUID+168, 16, -895.899, 393.509, -272.596, 100, 0, 0),
(@CGUID+169, 1, -797.69, 538.168, -295.578, 100, 0, 0),
(@CGUID+169, 2, -815.57, 523.729, -300.245, 100, 0, 0),
(@CGUID+169, 3, -828.799, 513.014, -303.937, 100, 0, 0),
(@CGUID+169, 4, -834.088, 503.896, -303.937, 100, 0, 0),
(@CGUID+169, 5, -832.421, 494.262, -303.937, 100, 0, 0),
(@CGUID+169, 6, -821.099, 480.042, -307.016, 100, 0, 0),
(@CGUID+169, 7, -832.421, 494.262, -303.937, 100, 0, 0),
(@CGUID+169, 8, -834.088, 503.896, -303.937, 100, 0, 0),
(@CGUID+169, 9, -828.799, 513.014, -303.937, 100, 0, 0),
(@CGUID+169, 10, -815.57, 523.729, -300.245, 100, 0, 0),
(@CGUID+169, 11, -797.69, 538.168, -295.578, 100, 0, 0),
(@CGUID+169, 12, -778.209, 552.607, -291.126, 100, 0, 0),
(@CGUID+172, 1, -814.733, 174.268, -273.079, 100, 0, 0),
(@CGUID+172, 2, -814.873, 139.446, -268.718, 100, 0, 0),
(@CGUID+172, 3, -813.763, 103.338, -264.732, 100, 0, 0),
(@CGUID+172, 4, -804.045, 95.6667, -264.732, 100, 0, 0),
(@CGUID+172, 5, -773.876, 95.1513, -260.566, 100, 0, 0),
(@CGUID+172, 6, -762.487, 83.9004, -260.566, 100, 0, 0),
(@CGUID+172, 7, -773.876, 95.1513, -260.566, 100, 0, 0),
(@CGUID+172, 8, -804.045, 95.6667, -264.732, 100, 0, 0),
(@CGUID+172, 9, -813.763, 103.338, -264.732, 100, 0, 0),
(@CGUID+172, 10, -814.873, 139.446, -268.718, 100, 0, 0),
(@CGUID+172, 11, -814.733, 174.268, -273.079, 100, 0, 0),
(@CGUID+172, 12, -809.044, 185.352, -273.079, 100, 0, 0),
(@CGUID+176, 1, -907.352, 312.535, -272.596, 100, 0, 0),
(@CGUID+176, 2, -899.083, 298.981, -272.596, 100, 0, 0),
(@CGUID+176, 3, -864.204, 293.002, -272.596, 100, 0, 0),
(@CGUID+176, 4, -840.268, 288.796, -272.606, 100, 0, 0),
(@CGUID+176, 5, -819.072, 286.823, -272.596, 100, 0, 0),
(@CGUID+176, 6, -790.825, 282.736, -272.596, 100, 0, 0),
(@CGUID+176, 7, -819.072, 286.823, -272.596, 100, 0, 0),
(@CGUID+176, 8, -840.268, 288.796, -272.606, 100, 0, 0),
(@CGUID+176, 9, -864.204, 293.002, -272.596, 100, 0, 0),
(@CGUID+176, 10, -899.083, 298.981, -272.596, 100, 0, 0),
(@CGUID+176, 11, -907.352, 312.535, -272.596, 100, 0, 0),
(@CGUID+176, 12, -902.419, 343.376, -272.596, 100, 0, 0),
(@CGUID+182, 1, -529.941, 593.97, -230.601, 100, 0, 0),
(@CGUID+182, 2, -566.064, 596.358, -230.601, 100, 0, 0),
(@CGUID+182, 3, -603.972, 581.169, -230.601, 100, 0, 0),
(@CGUID+182, 4, -632.93, 549.396, -230.601, 100, 0, 0),
(@CGUID+182, 5, -645.608, 506.45, -230.601, 100, 0, 0),
(@CGUID+182, 6, -638.907, 472.245, -230.601, 100, 0, 0),
(@CGUID+182, 7, -645.608, 506.45, -230.601, 100, 0, 0),
(@CGUID+182, 8, -632.93, 549.396, -230.601, 100, 0, 0),
(@CGUID+182, 9, -603.972, 581.169, -230.601, 100, 0, 0),
(@CGUID+182, 10, -566.064, 596.358, -230.601, 100, 0, 0),
(@CGUID+182, 11, -529.941, 593.97, -230.601, 100, 0, 0),
(@CGUID+182, 12, -496.669, 579.886, -230.601, 100, 0, 0),
(@CGUID+183, 1, -544.773, 537.774, -273.07, 100, 0, 0),
(@CGUID+183, 2, -565.186, 544.829, -273.073, 100, 0, 0),
(@CGUID+183, 3, -584.087, 529.736, -273.073, 100, 0, 0),
(@CGUID+183, 4, -580.687, 498.944, -273.076, 100, 0, 0),
(@CGUID+183, 5, -569.551, 477.793, -273.076, 100, 0, 0),
(@CGUID+183, 6, -553.555, 475.599, -273.067, 100, 0, 0),
(@CGUID+183, 7, -532.775, 480.186, -273.069, 100, 0, 0),
(@CGUID+183, 8, -523.572, 491.817, -273.069, 100, 0, 0),
(@CGUID+183, 9, -521.206, 507.233, -273.067, 100, 0, 0),
(@CGUID+183, 10, -526.675, 524.619, -273.068, 100, 0, 0),
(@CGUID+184, 1, -587.104, 508.355, -273.077, 100, 0, 0),
(@CGUID+184, 2, -585.49, 487.777, -273.079, 100, 0, 0),
(@CGUID+184, 3, -601.129, 467.57, -273.084, 100, 0, 0),
(@CGUID+184, 4, -637.853, 438.359, -273.064, 100, 0, 0),
(@CGUID+184, 5, -673.029, 411.361, -273.064, 100, 0, 0),
(@CGUID+184, 6, -637.853, 438.359, -273.064, 100, 0, 0),
(@CGUID+184, 7, -601.244, 467.478, -273.092, 100, 0, 0),
(@CGUID+184, 8, -585.49, 487.777, -273.079, 100, 0, 0),
(@CGUID+184, 9, -587.104, 508.355, -273.077, 100, 0, 0),
(@CGUID+184, 10, -622.531, 522.641, -273.062, 100, 0, 0),
(@CGUID+185, 1, -495.835, 429.647, -230.601, 100, 0, 0),
(@CGUID+185, 2, -468.034, 461.691, -230.601, 100, 0, 0),
(@CGUID+185, 3, -458.966, 499.773, -230.601, 100, 0, 0),
(@CGUID+185, 4, -462.53, 539.847, -230.601, 100, 0, 0),
(@CGUID+185, 5, -488.983, 575.05, -230.601, 100, 0, 0),
(@CGUID+185, 6, -462.53, 539.847, -230.601, 100, 0, 0),
(@CGUID+185, 7, -458.966, 499.773, -230.601, 100, 0, 0),
(@CGUID+185, 8, -468.034, 461.691, -230.601, 100, 0, 0),
(@CGUID+185, 9, -495.835, 429.647, -230.601, 100, 0, 0),
(@CGUID+185, 10, -513.909, 418.426, -230.601, 100, 0, 0),
(@CGUID+192, 1, -663.308, 713.787, -327.06, 100, 0, 0),
(@CGUID+192, 2, -692.062, 721.377, -318.06, 100, 0, 0),
(@CGUID+192, 3, -706.103, 723.074, -318.06, 100, 0, 0),
(@CGUID+192, 4, -720.18, 719.216, -318.06, 100, 0, 0),
(@CGUID+192, 5, -732.442, 712.068, -318.06, 100, 0, 0),
(@CGUID+192, 6, -743.691, 697.216, -318.06, 100, 0, 0),
(@CGUID+192, 7, -749.654, 677.455, -316.903, 100, 0, 0),
(@CGUID+192, 8, -752.935, 662.622, -310.343, 100, 0, 0),
(@CGUID+192, 9, -757.229, 647.8, -307.222, 100, 0, 0),
(@CGUID+192, 10, -759.794, 636.592, -302.256, 100, 0, 0),
(@CGUID+192, 11, -757.229, 647.8, -307.222, 100, 0, 0),
(@CGUID+192, 12, -752.935, 662.622, -310.343, 100, 0, 0),
(@CGUID+192, 13, -749.654, 677.455, -316.903, 100, 0, 0),
(@CGUID+192, 14, -743.691, 697.216, -318.06, 100, 0, 0),
(@CGUID+192, 15, -732.442, 712.068, -318.06, 100, 0, 0),
(@CGUID+192, 16, -720.18, 719.216, -318.06, 100, 0, 0),
(@CGUID+192, 17, -706.103, 723.074, -318.06, 100, 0, 0),
(@CGUID+192, 18, -692.062, 721.377, -318.06, 100, 0, 0),
(@CGUID+192, 19, -663.51, 713.837, -326.974, 100, 0, 0),
(@CGUID+192, 20, -636.836, 706.863, -327.056, 100, 0, 0),
(@CGUID+207, 1, -432.378, 240.297, -211.538, 100, 0, 0),
(@CGUID+207, 2, -443.052, 265.788, -211.541, 100, 0, 0),
(@CGUID+207, 3, -469.447, 277.197, -211.54, 100, 0, 0),
(@CGUID+207, 4, -491.541, 277.134, -211.53, 100, 0, 0),
(@CGUID+207, 5, -516.2, 277.284, -211.539, 100, 0, 0),
(@CGUID+207, 6, -538.292, 286.529, -211.538, 100, 0, 0),
(@CGUID+207, 7, -547.458, 309.004, -216.948, 100, 0, 0),
(@CGUID+207, 8, -546.906, 330.915, -223.711, 100, 0, 0),
(@CGUID+207, 9, -546.482, 351.907, -231.019, 100, 0, 0),
(@CGUID+207, 10, -546.906, 330.915, -223.711, 100, 0, 0),
(@CGUID+207, 11, -547.458, 309.004, -216.948, 100, 0, 0),
(@CGUID+207, 12, -538.292, 286.529, -211.538, 100, 0, 0),
(@CGUID+207, 13, -516.2, 277.284, -211.539, 100, 0, 0),
(@CGUID+207, 14, -491.541, 277.134, -211.53, 100, 0, 0),
(@CGUID+207, 15, -469.447, 277.197, -211.54, 100, 0, 0),
(@CGUID+207, 16, -443.052, 265.788, -211.541, 100, 0, 0),
(@CGUID+207, 17, -432.383, 240.496, -211.538, 100, 0, 0),
(@CGUID+207, 18, -432.523, 220.204, -211.538, 100, 0, 0),
(@CGUID+210, 1, -538.972, 308.117, -216.993, 100, 0, 0),
(@CGUID+210, 2, -532.044, 292.607, -211.549, 100, 0, 0),
(@CGUID+210, 3, -515.288, 285.37, -211.55, 100, 0, 0),
(@CGUID+210, 4, -491.952, 285.24, -211.544, 100, 0, 0),
(@CGUID+210, 5, -468.885, 285.454, -211.551, 100, 0, 0),
(@CGUID+210, 6, -451.103, 278.269, -211.55, 100, 0, 0),
(@CGUID+210, 7, -436.558, 270.885, -211.552, 100, 0, 0),
(@CGUID+210, 8, -430.833, 257.018, -211.551, 100, 0, 0),
(@CGUID+210, 9, -423.366, 239.032, -211.55, 100, 0, 0),
(@CGUID+210, 10, -423.556, 219.722, -211.549, 100, 0, 0),
(@CGUID+210, 11, -423.366, 239.032, -211.55, 100, 0, 0),
(@CGUID+210, 12, -430.833, 257.018, -211.551, 100, 0, 0),
(@CGUID+210, 13, -436.558, 270.885, -211.552, 100, 0, 0),
(@CGUID+210, 14, -451.103, 278.269, -211.55, 100, 0, 0),
(@CGUID+210, 15, -468.885, 285.454, -211.551, 100, 0, 0),
(@CGUID+210, 16, -491.952, 285.24, -211.544, 100, 0, 0),
(@CGUID+210, 17, -515.145, 285.36, -211.549, 100, 0, 0),
(@CGUID+210, 18, -532.044, 292.607, -211.549, 100, 0, 0),
(@CGUID+210, 19, -538.977, 307.891, -216.873, 100, 0, 0),
(@CGUID+210, 20, -538.368, 347.46, -229.482, 100, 0, 0),
(@CGUID+216, 1, -446.722, 238.904, -207.942, 100, 0, 0),
(@CGUID+216, 2, -453.754, 255.332, -207.938, 100, 0, 0),
(@CGUID+216, 3, -470.491, 262.454, -207.94, 100, 0, 0),
(@CGUID+216, 4, -514.434, 262.572, -207.954, 100, 0, 0),
(@CGUID+216, 5, -547.946, 276.406, -207.935, 100, 0, 0),
(@CGUID+216, 6, -561.851, 309.442, -213.397, 100, 0, 0),
(@CGUID+216, 7, -547.946, 276.406, -207.935, 100, 0, 0),
(@CGUID+216, 8, -514.482, 262.572, -207.934, 100, 0, 0),
(@CGUID+216, 9, -470.491, 262.454, -207.94, 100, 0, 0),
(@CGUID+216, 10, -453.754, 255.332, -207.938, 100, 0, 0),
(@CGUID+216, 11, -446.752, 238.973, -207.967, 100, 0, 0),
(@CGUID+216, 12, -445.588, 220.722, -207.907, 100, 0, 0),
(@CGUID+217, 1, -642.33, 357.334, -255.6, 100, 0, 0),
(@CGUID+217, 2, -619.588, 369.404, -247.244, 100, 0, 0),
(@CGUID+217, 3, -639.577, 402.001, -233.689, 100, 0, 0),
(@CGUID+217, 4, -649.459, 413.697, -230.633, 100, 0, 0),
(@CGUID+217, 5, -645.249, 427.468, -230.591, 100, 0, 0),
(@CGUID+217, 6, -637.79, 433.336, -230.606, 100, 0, 0),
(@CGUID+217, 7, -645.249, 427.468, -230.591, 100, 0, 0),
(@CGUID+217, 8, -649.459, 413.697, -230.633, 100, 0, 0),
(@CGUID+217, 9, -639.577, 402.001, -233.689, 100, 0, 0),
(@CGUID+217, 10, -619.588, 369.404, -247.244, 100, 0, 0),
(@CGUID+217, 11, -642.33, 357.334, -255.6, 100, 0, 0),
(@CGUID+217, 12, -664.485, 385.76, -273.062, 100, 0, 0),
(@CGUID+253, 1, -532.052, 164.641, -155.236, 0, 0, 0),
(@CGUID+253, 2, -512.561, 174.285, -155.236, 0, 0, 0),
(@CGUID+253, 3, -492.059, 162.03, -154.697, 0, 0, 0),
(@CGUID+253, 4, -512.561, 174.285, -155.236, 0, 0, 0),
(@CGUID+395, 1, -445.727, 240.449, -207.96, 100, 0, 0),
(@CGUID+395, 2, -452.575, 254.154, -207.934, 100, 0, 0),
(@CGUID+395, 3, -470.16, 262.695, -207.917, 100, 0, 0),
(@CGUID+395, 4, -513.443, 262.288, -207.904, 100, 0, 0),
(@CGUID+395, 5, -546.6, 275.132, -207.88, 100, 0, 0),
(@CGUID+395, 6, -561.003, 309.061, -213.367, 100, 0, 0),
(@CGUID+395, 7, -559.208, 348.035, -226.04, 100, 0, 0),
(@CGUID+395, 8, -552.732, 385.997, -231.667, 100, 0, 0),
(@CGUID+395, 9, -546.476, 411.262, -230.601, 100, 0, 0),
(@CGUID+395, 10, -517.223, 411.91, -230.601, 100, 0, 0),
(@CGUID+395, 11, -489.928, 432.148, -230.601, 100, 0, 0),
(@CGUID+395, 12, -466.543, 462.255, -230.601, 100, 0, 0),
(@CGUID+395, 13, -455.236, 500.509, -230.601, 100, 0, 0),
(@CGUID+395, 14, -462.632, 545.029, -230.601, 100, 0, 0),
(@CGUID+395, 15, -485.715, 575.266, -230.601, 100, 0, 0),
(@CGUID+395, 16, -527.179, 599.641, -230.601, 100, 0, 0),
(@CGUID+395, 17, -544.401, 593.652, -230.601, 100, 0, 0),
(@CGUID+395, 18, -569.65, 599.277, -230.601, 100, 0, 0),
(@CGUID+395, 19, -607.075, 581.481, -230.601, 100, 0, 0),
(@CGUID+395, 20, -632.904, 554.956, -230.601, 100, 0, 0),
(@CGUID+395, 21, -645.848, 527.711, -230.601, 100, 0, 0),
(@CGUID+395, 22, -650.649, 489.373, -230.601, 100, 0, 0),
(@CGUID+395, 23, -645.848, 527.711, -230.601, 100, 0, 0),
(@CGUID+395, 24, -632.904, 554.956, -230.601, 100, 0, 0),
(@CGUID+395, 25, -607.075, 581.481, -230.601, 100, 0, 0),
(@CGUID+395, 26, -569.65, 599.277, -230.601, 100, 0, 0),
(@CGUID+395, 27, -544.401, 593.652, -230.601, 100, 0, 0),
(@CGUID+395, 28, -527.179, 599.641, -230.601, 100, 0, 0),
(@CGUID+395, 29, -485.715, 575.266, -230.601, 100, 0, 0),
(@CGUID+395, 30, -462.632, 545.029, -230.601, 100, 0, 0),
(@CGUID+395, 31, -455.176, 500.711, -230.601, 100, 0, 0),
(@CGUID+395, 32, -466.543, 462.255, -230.601, 100, 0, 0),
(@CGUID+395, 33, -489.928, 432.148, -230.601, 100, 0, 0),
(@CGUID+395, 34, -517.223, 411.91, -230.601, 100, 0, 0),
(@CGUID+395, 35, -546.476, 411.262, -230.601, 100, 0, 0),
(@CGUID+395, 36, -552.732, 385.997, -231.667, 100, 0, 0),
(@CGUID+395, 37, -559.208, 348.035, -226.04, 100, 0, 0),
(@CGUID+395, 38, -561.003, 309.061, -213.367, 100, 0, 0),
(@CGUID+395, 39, -547.065, 275.352, -207.906, 100, 0, 0),
(@CGUID+395, 40, -513.443, 262.288, -207.904, 100, 0, 0),
(@CGUID+395, 41, -470.218, 262.723, -207.937, 100, 0, 0),
(@CGUID+395, 42, -452.575, 254.154, -207.934, 100, 0, 0),
(@CGUID+395, 43, -445.727, 240.449, -207.96, 100, 0, 0),
(@CGUID+395, 44, -446.388, 214.34, -207.907, 100, 0, 0),
(@CGUID+396, 1, -890.732, 422.234, -272.596, 100, 0, 0),
(@CGUID+396, 2, -880.317, 431.704, -272.596, 100, 0, 0),
(@CGUID+396, 3, -853.094, 428.8, -272.596, 100, 0, 0),
(@CGUID+396, 4, -829.955, 426.405, -272.602, 100, 0, 0),
(@CGUID+396, 5, -784.237, 419.781, -272.578, 100, 0, 0),
(@CGUID+396, 6, -761.81, 411.242, -272.578, 100, 0, 0),
(@CGUID+396, 7, -756.636, 388.79, -272.578, 100, 0, 0),
(@CGUID+396, 8, -762.376, 360.669, -272.596, 100, 0, 0),
(@CGUID+396, 9, -768.185, 319.563, -272.596, 100, 0, 0),
(@CGUID+396, 10, -776.393, 288.366, -272.596, 100, 0, 0),
(@CGUID+396, 11, -798.922, 281.951, -272.596, 100, 0, 0),
(@CGUID+396, 12, -840.639, 289.84, -272.607, 100, 0, 0),
(@CGUID+396, 13, -882.196, 294.143, -272.596, 100, 0, 0),
(@CGUID+396, 14, -901.243, 300.2, -272.596, 100, 0, 0),
(@CGUID+396, 15, -906.519, 327.149, -272.596, 100, 0, 0),
(@CGUID+396, 16, -900.599, 360.755, -272.596, 100, 0, 0),
(@CGUID+396, 17, -895.579, 397.062, -272.596, 100, 0, 0),
(@CGUID+398, 1, -640.771, 529.846, -273.061, 100, 0, 0),
(@CGUID+398, 2, -670.469, 540.196, -285.783, 100, 0, 0),
(@CGUID+398, 3, -694.687, 547.437, -293.879, 100, 0, 0),
(@CGUID+398, 4, -717.644, 552.36, -300.474, 100, 0, 0),
(@CGUID+398, 5, -739.957, 557.628, -303.783, 100, 0, 0),
(@CGUID+398, 6, -754.181, 572.554, -303.783, 100, 0, 0),
(@CGUID+398, 7, -754.067, 592.24, -303.783, 100, 0, 0),
(@CGUID+398, 8, -748.994, 614.791, -310.535, 100, 0, 0),
(@CGUID+398, 9, -741.027, 641.893, -319.187, 100, 0, 0),
(@CGUID+398, 10, -735.82, 670.718, -328.27, 100, 0, 0),
(@CGUID+398, 11, -727.032, 694.194, -330.783, 100, 0, 0),
(@CGUID+398, 12, -707.421, 706.391, -330.783, 100, 0, 0),
(@CGUID+398, 13, -684.131, 701.498, -330.962, 100, 0, 0),
(@CGUID+398, 14, -666.277, 697.114, -331.799, 100, 0, 0),
(@CGUID+398, 15, -651.783, 694.365, -328.874, 100, 0, 0),
(@CGUID+398, 16, -632.855, 692.141, -327.059, 100, 0, 0),
(@CGUID+398, 17, -637.027, 706.925, -327.056, 100, 0, 0),
(@CGUID+398, 18, -667.857, 715.439, -324.987, 100, 0, 0),
(@CGUID+398, 19, -695.022, 722.327, -318.06, 100, 0, 0),
(@CGUID+398, 20, -721.29, 719.67, -318.06, 100, 0, 0),
(@CGUID+398, 21, -739.127, 702.301, -318.06, 100, 0, 0),
(@CGUID+398, 22, -746.609, 687.276, -318.06, 100, 0, 0),
(@CGUID+398, 23, -752.096, 660.962, -309.737, 100, 0, 0),
(@CGUID+398, 24, -758.149, 636.062, -302.208, 100, 0, 0),
(@CGUID+398, 25, -766.533, 606.338, -292.413, 100, 0, 0),
(@CGUID+398, 26, -758.149, 636.062, -302.208, 100, 0, 0),
(@CGUID+398, 27, -752.096, 660.962, -309.737, 100, 0, 0),
(@CGUID+398, 28, -746.609, 687.276, -318.06, 100, 0, 0),
(@CGUID+398, 29, -739.127, 702.301, -318.06, 100, 0, 0),
(@CGUID+398, 30, -721.29, 719.67, -318.06, 100, 0, 0),
(@CGUID+398, 31, -695.022, 722.327, -318.06, 100, 0, 0),
(@CGUID+398, 32, -667.857, 715.439, -324.987, 100, 0, 0),
(@CGUID+398, 33, -637.027, 706.925, -327.056, 100, 0, 0),
(@CGUID+398, 34, -632.855, 692.141, -327.059, 100, 0, 0),
(@CGUID+398, 35, -651.783, 694.365, -328.874, 100, 0, 0),
(@CGUID+398, 36, -666.277, 697.114, -331.799, 100, 0, 0),
(@CGUID+398, 37, -684.131, 701.498, -330.962, 100, 0, 0),
(@CGUID+398, 38, -707.421, 706.391, -330.783, 100, 0, 0),
(@CGUID+398, 39, -727.032, 694.194, -330.783, 100, 0, 0),
(@CGUID+398, 40, -735.82, 670.718, -328.27, 100, 0, 0),
(@CGUID+398, 41, -741.027, 641.893, -319.187, 100, 0, 0),
(@CGUID+398, 42, -748.994, 614.791, -310.535, 100, 0, 0),
(@CGUID+398, 43, -754.067, 592.24, -303.783, 100, 0, 0),
(@CGUID+398, 44, -754.181, 572.554, -303.783, 100, 0, 0),
(@CGUID+398, 45, -739.957, 557.628, -303.783, 100, 0, 0),
(@CGUID+398, 46, -717.644, 552.36, -300.474, 100, 0, 0),
(@CGUID+398, 47, -694.687, 547.437, -293.879, 100, 0, 0),
(@CGUID+398, 48, -670.469, 540.196, -285.783, 100, 0, 0),
(@CGUID+398, 49, -640.771, 529.846, -273.061, 100, 0, 0),
(@CGUID+398, 50, -643.777, 511.738, -273.062, 100, 0, 0);

DELETE FROM `creature_movement_template` WHERE `entry` IN (6228,7079,7897);
INSERT INTO `creature_movement_template` (`entry`, `pathId`, `point`, `PositionX`, `PositionY`, `PositionZ`, `orientation`, `waittime`, `ScriptId`) VALUES
(6228, 0, 1, -690.742, 691.155, -318.06, 100, 0, 0),
(6228, 0, 2, -705.044, 694.504, -318.06, 100, 0, 0),
(6228, 0, 3, -716.368, 687.813, -318.06, 100, 0, 0),
(6228, 0, 4, -720.547, 673.148, -318.06, 100, 0, 0),
(6228, 0, 5, -726.027, 652.772, -309.067, 100, 0, 0),
(6228, 0, 6, -733.01, 624.574, -300.06, 100, 0, 0),
(6228, 0, 7, -740.017, 596.719, -291.195, 100, 0, 0),
(6228, 0, 8, -743.506, 581.688, -291.06, 100, 0, 0),
(6228, 0, 9, -736.813, 570.41, -291.06, 100, 0, 0),
(6228, 0, 10, -722.587, 566.386, -291.06, 100, 0, 0),
(6228, 0, 11, -701.512, 561.003, -282.06, 100, 0, 0),
(6228, 0, 12, -694.008, 559.451, -282.06, 100, 0, 0),
(6228, 0, 13, -701.512, 561.003, -282.06, 100, 0, 0),
(6228, 0, 14, -722.587, 566.386, -291.06, 100, 0, 0),
(6228, 0, 15, -736.813, 570.41, -291.06, 100, 0, 0),
(6228, 0, 16, -743.506, 581.688, -291.06, 100, 0, 0),
(6228, 0, 17, -740.017, 596.719, -291.195, 100, 0, 0),
(6228, 0, 18, -733.052, 624.405, -300.06, 100, 0, 0),
(6228, 0, 19, -726.031, 652.755, -309.06, 100, 0, 0),
(6228, 0, 20, -720.547, 673.148, -318.06, 100, 0, 0),
(6228, 0, 21, -716.368, 687.813, -318.06, 100, 0, 0),
(6228, 0, 22, -705.044, 694.504, -318.06, 100, 0, 0),
(6228, 0, 23, -690.742, 691.155, -318.06, 100, 0, 0),
(6228, 0, 24, -669.55, 685.436, -327.06, 100, 0, 0),
(7079, 0, 1, -440.007, 40.4573, -208.528, 100, 0, 0),
(7079, 0, 2, -403.428, 48.1517, -208.92, 100, 0, 0),
(7079, 0, 3, -393.459, 63.5904, -209.678, 100, 0, 0),
(7079, 0, 4, -406.709, 75.8918, -210.99, 100, 0, 0),
(7079, 0, 5, -421.506, 82.5705, -210.045, 100, 0, 0),
(7079, 0, 6, -428.759, 100.234, -209.626, 100, 0, 0),
(7079, 0, 7, -409.098, 109.523, -210.525, 100, 0, 0),
(7079, 0, 8, -393.271, 112.121, -209.804, 100, 0, 0),
(7079, 0, 9, -380.83, 95.3402, -210.582, 100, 0, 0),
(7079, 0, 10, -372.115, 112.371, -209.234, 100, 0, 0),
(7079, 0, 11, -372.697, 137.794, -208.769, 100, 0, 0),
(7079, 0, 12, -396.703, 139.501, -210.381, 100, 0, 0),
(7079, 0, 13, -372.697, 137.794, -208.769, 100, 0, 0),
(7079, 0, 14, -396.703, 139.501, -210.381, 100, 0, 0),
(7079, 0, 15, -372.697, 137.794, -208.769, 100, 0, 0),
(7079, 0, 16, -372.115, 112.371, -209.234, 100, 0, 0),
(7079, 0, 17, -380.83, 95.3402, -210.582, 100, 0, 0),
(7079, 0, 18, -393.271, 112.121, -209.804, 100, 0, 0),
(7079, 0, 19, -409.098, 109.523, -210.525, 100, 0, 0),
(7079, 0, 20, -428.759, 100.234, -209.626, 100, 0, 0),
(7079, 0, 21, -421.506, 82.5705, -210.045, 100, 0, 0),
(7079, 0, 22, -406.709, 75.8918, -210.99, 100, 0, 0),
(7079, 0, 23, -393.459, 63.5904, -209.678, 100, 0, 0),
(7079, 0, 24, -403.428, 48.1517, -208.92, 100, 0, 0),
(7079, 0, 25, -440.007, 40.4573, -208.528, 100, 0, 0),
(7079, 0, 26, -471.277, 47.9361, -208.061, 100, 0, 0),
(7897, 0, 1, -574.488, 113.327, -201.832, 100, 0, 0),
(7897, 0, 2, -574.915, 96.983, -201.557, 100, 0, 0),
(7897, 0, 3, -571.492, 84.7931, -203.301, 100, 0, 0),
(7897, 0, 4, -563.095, 77.1981, -203.549, 100, 0, 0),
(7897, 0, 5, -554.813, 75.1497, -201.725, 100, 0, 0),
(7897, 0, 6, -571.492, 84.7931, -203.301, 100, 0, 0),
(7897, 0, 7, -574.915, 96.983, -201.557, 100, 0, 0),
(7897, 0, 8, -574.488, 113.327, -201.832, 100, 0, 0),
(7897, 0, 9, -572.2, 123.274, -202.141, 100, 0, 0),
(7897, 0, 10, -570.78, 128.66, -202.141, 100, 0, 0);

INSERT INTO `creature_addon` (`guid`, `mount`, `stand_state`, `sheath_state`, `emote`, `moveflags`, `auras`) VALUES
(@CGUID+99, 0, 0, 1, 173, 0, NULL), -- Leprous Technician
(@CGUID+100, 0, 0, 1, 173, 0, NULL), -- Leprous Technician
(@CGUID+114, 0, 0, 1, 173, 0, NULL), -- Leprous Technician
(@CGUID+291, 0, 7, 1, 0, 0, NULL), -- Holdout Warrior
(@CGUID+292, 0, 7, 1, 0, 0, NULL), -- Holdout Warrior
(@CGUID+297, 0, 8, 1, 0, 0, '13864'); -- Holdout Medic

REPLACE INTO `creature_template_addon` (`entry`, `mount`, `stand_state`, `sheath_state`, `emote`, `moveflags`, `auras`) VALUES
(6206, 0, 0, 1, 0, 0, NULL), -- Caverndeep Burrower
(6207, 0, 0, 1, 0, 0, NULL), -- Caverndeep Ambusher
(6211, 0, 0, 1, 0, 0, NULL), -- Caverndeep Reaver
(6212, 0, 0, 1, 0, 0, NULL), -- Dark Iron Agent
(6213, 0, 0, 1, 0, 0, '9769 21862'), -- Irradiated Invader
(6218, 0, 0, 1, 0, 0, NULL), -- Irradiated Slime
(6219, 0, 0, 1, 0, 0, '9460'), -- Corrosive Lurker
(6220, 0, 0, 1, 0, 0, '9205'), -- Irradiated Horror
(6222, 0, 0, 1, 0, 0, NULL), -- Leprous Technician
(6223, 0, 0, 1, 0, 0, NULL), -- Leprous Defender
(6224, 0, 0, 1, 0, 0, NULL), -- Leprous Machinesmith
(6225, 0, 0, 1, 0, 0, NULL), -- Mechano-Tank
(6226, 0, 0, 1, 0, 0, NULL), -- Mechano-Flamewalker
(6227, 0, 0, 1, 0, 0, NULL), -- Mechano-Frostwalker
(6228, 0, 0, 1, 0, 0, NULL), -- Dark Iron Ambassador
(6229, 0, 0, 1, 0, 0, NULL), -- Crowd Pummeler 9-60
(6230, 0, 0, 1, 0, 0, NULL), -- Peacekeeper Security Suit
(6232, 0, 0, 1, 0, 0, NULL), -- Arcane Nullifier X-21
(6233, 0, 0, 1, 0, 0, NULL), -- Mechanized Sentry
(6234, 0, 0, 1, 0, 0, NULL), -- Mechanized Guardian
(6235, 0, 0, 1, 0, 0, NULL), -- Electrocutioner 6000
(6329, 0, 0, 1, 0, 0, '9769 21862'), -- Irradiated Pillager
(6391, 0, 0, 1, 0, 0, NULL), -- Holdout Warrior
(6392, 0, 0, 1, 0, 0, '13864'), -- Holdout Medic
(6407, 0, 0, 1, 0, 0, NULL), -- Holdout Technician
(7079, 0, 0, 1, 0, 0, NULL), -- Viscous Fallout
(7603, 0, 0, 1, 0, 0, NULL), -- Leprous Assistant
(7800, 0, 0, 1, 0, 0, NULL), -- Mekgineer Thermaplugg
(7849, 0, 0, 1, 0, 0, '8279'), -- Mobile Alert System
(7850, 0, 7, 1, 0, 0, NULL), -- Kernobee
(7897, 0, 0, 1, 0, 0, NULL), -- Alarm-a-bomb 2600
(7915, 0, 0, 1, 0, 0, '11830'), -- Walking Bomb
(7998, 0, 0, 1, 0, 0, NULL), -- Blastmaster Emi Shortfuse
(9676, 0, 0, 1, 0, 0, NULL), -- Tink Sprocketwhistle
(13876, 0, 0, 1, 0, 0, NULL); -- Mekgineer Trigger

-- INSERT INTO `creature_linking` (`guid`, `master_guid`, `flag`) VALUES
-- INSERT INTO `creature_linking_template` (`entry`, `map`, `master_entry`, `flag`, `search_range`) VALUES

INSERT INTO `creature` (`guid`, `id`, `map`, `position_x`, `position_y`, `position_z`, `orientation`, `spawntimesecsmin`, `spawntimesecsmax`, `spawndist`, `MovementType`) VALUES
(@CGUID+1, 0, 90, -570.635, 80.1587, -204.094, 3.735, 7200, 7200, 5, 1), -- creature_spawn_entry
(@CGUID+2, 0, 90, -619.84, 58.4296, -199.565, 3.1765, 7200, 7200, 5, 1), -- creature_spawn_entry
(@CGUID+3, 0, 90, -573.965, 77.0107, -203.874, 5.88176, 7200, 7200, 5, 1), -- creature_spawn_entry
(@CGUID+4, 0, 90, -455.935, 178.529, -154.66, 3.66519, 7200, 7200, 5, 1), -- creature_spawn_entry
(@CGUID+5, 0, 90, -632.206, 125.874, -183.795, 0.436332, 7200, 7200, 3, 1), -- creature_spawn_entry
(@CGUID+6, 0, 90, -571.131, 114.998, -201.73, 1.74533, 7200, 7200, 5, 1), -- creature_spawn_entry
(@CGUID+7, 0, 90, -425.096, 111.061, -156.425, 3.29867, 7200, 7200, 0, 0), -- creature_spawn_entry
(@CGUID+8, 0, 90, -528.462, 205.603, -155.156, 5.93412, 7200, 7200, 5, 1), -- creature_spawn_entry
(@CGUID+9, 0, 90, -522.26, 44.992, -153.692, 1.16937, 7200, 7200, 5, 1), -- creature_spawn_entry
(@CGUID+10, 0, 90, -451.295, 40.3806, -154.66, 0.890118, 7200, 7200, 3, 1), -- creature_spawn_entry
(@CGUID+11, 0, 90, -651.76, 88.2629, -179.263, 5.49779, 7200, 7200, 1, 1), -- creature_spawn_entry
(@CGUID+12, 0, 90, -547.073, 78.8734, -201.248, 3.38594, 7200, 7200, 5, 1), -- creature_spawn_entry
(@CGUID+13, 0, 90, -499.676, 43.3165, -156.403, 1.44862, 7200, 7200, 3, 1), -- creature_spawn_entry
(@CGUID+14, 0, 90, -368.251, 84.5512, -154.66, 5.02655, 7200, 7200, 3, 1), -- creature_spawn_entry
(@CGUID+15, 0, 90, -515.554, 52.2393, -154.168, 3.9968, 7200, 7200, 5, 1), -- creature_spawn_entry
(@CGUID+16, 0, 90, -600.52, 24.6008, -179.598, 1.0472, 7200, 7200, 3, 1), -- creature_spawn_entry
(@CGUID+17, 0, 90, -594.108, 96.128, -199.458, 0.925298, 7200, 7200, 0, 0), -- creature_spawn_entry - movement?
(@CGUID+18, 0, 90, -367.079, 101.611, -154.743, 4.66665, 7200, 7200, 5, 1), -- creature_spawn_entry
(@CGUID+19, 0, 90, -507.797, 105.502, -154.66, 2.04204, 7200, 7200, 5, 1), -- creature_spawn_entry
(@CGUID+20, 0, 90, -531.673, 160.769, -155.153, 4.2586, 7200, 7200, 5, 1), -- creature_spawn_entry
(@CGUID+21, 0, 90, -579.958, 98.1969, -202.035, 5.93412, 7200, 7200, 5, 1), -- creature_spawn_entry
(@CGUID+22, 0, 90, -641.052, 113.123, -192.667, 2.98451, 7200, 7200, 0, 0), -- creature_spawn_entry
-- (@CGUID+23, 6207, 90, -367.842, 79.4234, -154.728, 4.66982, 7200, 7200, 5, 1), -- Caverndeep Ambusher
(@CGUID+24, 6207, 90, -543.498, 212.75, -155.86, 2.39444, 7200, 7200, 0, 2), -- Caverndeep Ambusher
(@CGUID+25, 6207, 90, -533.139, 70.3675, -201.784, 3.02764, 7200, 7200, 0, 2), -- Caverndeep Ambusher
(@CGUID+26, 6207, 90, -453.454, 180.058, -154.737, 3.2385, 7200, 7200, 0, 2), -- Caverndeep Ambusher
(@CGUID+27, 6207, 90, -534.864, -31.667, -153.755, 1.67356, 7200, 7200, 0, 2), -- Caverndeep Ambusher
(@CGUID+28, 6207, 90, -583.11, 82.3299, -202.996, 4.52782, 7200, 7200, 5, 1), -- Caverndeep Ambusher
(@CGUID+29, 0, 90, -598.314, 201.79, -169.966, 0.907571, 7200, 7200, 0, 0), -- creature_spawn_entry
(@CGUID+30, 0, 90, -569.119, 119.554, -201.877, 4.15388, 7200, 7200, 5, 1), -- creature_spawn_entry
(@CGUID+31, 0, 90, -554.067, 73.9347, -201.257, 2.83838, 7200, 7200, 0, 2), -- creature_spawn_entry
(@CGUID+32, 0, 90, -612.973, 143.538, -199.573, 0.820305, 7200, 7200, 5, 1), -- creature_spawn_entry
(@CGUID+33, 0, 90, -542.011, 44.5614, -200.109, 0.174533, 7200, 7200, 2, 1), -- creature_spawn_entry
(@CGUID+34, 0, 90, -536.721, 40.5053, -199.526, 3.92699, 7200, 7200, 2, 1), -- creature_spawn_entry
(@CGUID+35, 0, 90, -591.135, 25.0292, -179.599, 1.06465, 7200, 7200, 3, 1), -- creature_spawn_entry
(@CGUID+36, 0, 90, -560.054, 22.1415, -179.654, 2.77507, 7200, 7200, 2, 1), -- creature_spawn_entry
(@CGUID+37, 0, 90, -635.808, 89.3161, -183.187, 4.50295, 7200, 7200, 5, 1), -- creature_spawn_entry
(@CGUID+38, 0, 90, -569.925, 231.347, -159.345, 1.88496, 7200, 7200, 2, 1), -- creature_spawn_entry
(@CGUID+39, 0, 90, -550.133, 18.5031, -179.652, 5.21853, 7200, 7200, 2, 1), -- creature_spawn_entry
(@CGUID+40, 0, 90, -545.883, 72.0569, -200.725, 0.907571, 7200, 7200, 0, 0), -- creature_spawn_entry
(@CGUID+41, 0, 90, -633.632, 101.509, -195.888, 3.87463, 7200, 7200, 1, 1), -- creature_spawn_entry
(@CGUID+42, 0, 90, -572.245, 36.1417, -196.701, 4.46804, 7200, 7200, 2, 1), -- creature_spawn_entry
(@CGUID+43, 0, 90, -640.63, 60.9319, -192.837, 6.05629, 7200, 7200, 1, 1), -- creature_spawn_entry
(@CGUID+44, 0, 90, -594.156, 94.788, -199.414, 3.29641, 7200, 7200, 0, 0), -- creature_spawn_entry - movement?
(@CGUID+45, 6212, 90, -743.592, 584.593, -290.977, 5.25344, 7200, 7200, 0, 0), -- Dark Iron Agent
(@CGUID+46, 6212, 90, -626.563, 695.14, -326.978, 1.39626, 7200, 7200, 3, 1), -- Dark Iron Agent
(@CGUID+47, 6212, 90, -705.796, 692.904, -317.977, 2.26893, 7200, 7200, 0, 0), -- Dark Iron Agent
(@CGUID+48, 6212, 90, -708.767, 693.423, -317.977, 5.5676, 7200, 7200, 0, 0), -- Dark Iron Agent
(@CGUID+49, 6212, 90, -731.227, 710.28, -317.977, 2.42601, 7200, 7200, 2, 1), -- Dark Iron Agent
(@CGUID+50, 6212, 90, -670.911, 686.071, -326.812, 2.99763, 7200, 7200, 0, 2), -- Dark Iron Agent
(@CGUID+51, 6212, 90, -770.363, 594.709, -290.977, 2.68781, 7200, 7200, 2, 1), -- Dark Iron Agent
(@CGUID+52, 6212, 90, -739.926, 655.718, -321.699, 3.28122, 7200, 7200, 3, 1), -- Dark Iron Agent
(@CGUID+53, 6212, 90, -643.658, 531.464, -272.977, 2.16421, 7200, 7200, 3, 1), -- Dark Iron Agent
(@CGUID+54, 6212, 90, -754.458, 657.834, -308.977, 2.3911, 7200, 7200, 4, 1), -- Dark Iron Agent
(@CGUID+55, 6212, 90, -727.748, 648.272, -308.977, 0.226893, 7200, 7200, 0, 0), -- Dark Iron Agent
(@CGUID+56, 6212, 90, -735.093, 713.3, -317.977, 5.67232, 7200, 7200, 2, 1), -- Dark Iron Agent
(@CGUID+57, 6212, 90, -743.108, 622.601, -312.699, 2.80998, 7200, 7200, 0, 0), -- Dark Iron Agent
(@CGUID+58, 6212, 90, -652.5003, 535.2482, -273.05984, 0, 7200, 7200, 0, 4), -- Dark Iron Agent
(@CGUID+59, 6212, 90, -748.046, 624.546, -312.699, 5.84685, 7200, 7200, 0, 0), -- Dark Iron Agent
(@CGUID+60, 6212, 90, -726.655, 651.998, -308.977, 5.16617, 7200, 7200, 0, 0), -- Dark Iron Agent
(@CGUID+61, 6212, 90, -733.927, 709.049, -317.977, 2.89725, 7200, 7200, 2, 1), -- Dark Iron Agent
(@CGUID+62, 6212, 90, -703.428, 694.964, -317.977, 4.34587, 7200, 7200, 0, 0), -- Dark Iron Agent
(@CGUID+63, 6212, 90, -766.203, 600.453, -290.977, 2.98451, 7200, 7200, 0, 0), -- Dark Iron Agent
(@CGUID+64, 6212, 90, -724.26, 698.946, -330.699, 3.89208, 7200, 7200, 3, 1), -- Dark Iron Agent
(@CGUID+65, 6212, 90, -746.574, 542.956, -290.977, 4.03171, 7200, 7200, 2, 1), -- Dark Iron Agent
(@CGUID+66, 6212, 90, -768.671, 568.882, -291.06, 1.68938, 7200, 7200, 3, 1), -- Dark Iron Agent
(@CGUID+67, 6212, 90, -688.181, 704.648, -330.699, 3.89208, 7200, 7200, 5, 1), -- Dark Iron Agent
(@CGUID+68, 6212, 90, -706.772, 549.348, -295.519, 5.3058, 7200, 7200, 2, 1), -- Dark Iron Agent
(@CGUID+69, 6212, 90, -742.329, 579.152, -290.977, 0.959931, 7200, 7200, 0, 0), -- Dark Iron Agent
(@CGUID+70, 6212, 90, -740.86, 558.484, -303.699, 1.36136, 7200, 7200, 3, 1), -- Dark Iron Agent
(@CGUID+71, 6212, 90, -725.086, 648.683, -308.78, 3.29867, 7200, 7200, 0, 0), -- Dark Iron Agent
(@CGUID+72, 6212, 90, -751.021, 604.79, -306.048, 2.60054, 7200, 7200, 3, 1), -- Dark Iron Agent
(@CGUID+73, 6212, 90, -755.573, 580.21, -303.699, 3.80482, 7200, 7200, 3, 1), -- Dark Iron Agent
(@CGUID+74, 6212, 90, -677.469, 541.743, -285.982, 2.49582, 7200, 7200, 2, 1), -- Dark Iron Agent
(@CGUID+75, 6212, 90, -738.731, 663.921, -325.031, 6.14356, 7200, 7200, 2, 1), -- Dark Iron Agent
(@CGUID+76, 6212, 90, -742.175, 581.596, -290.977, 3.61283, 7200, 7200, 0, 0), -- Dark Iron Agent
(@CGUID+77, 6212, 90, -771.775, 601.896, -290.977, 6.12611, 7200, 7200, 0, 0), -- Dark Iron Agent
(@CGUID+78, 6212, 90, -698.728, 706.377, -330.782,  2.85127, 7200, 7200, 3, 1), -- Dark Iron Agent
(@CGUID+79, 0, 90, -373.518, 131.856, -208.89, 3.52556, 7200, 7200, 5, 1), -- Irradiated Slime, Corrosive Lurker, Irradiated Horror
(@CGUID+80, 0, 90, -456.826, 92.256, -210.002, 3.59538, 7200, 7200, 5, 1), -- Irradiated Slime, Corrosive Lurker, Irradiated Horror
(@CGUID+81, 0, 90, -497.661, 130.632, -209.168, 3.9619, 7200, 7200, 5, 1), -- Irradiated Slime, Corrosive Lurker, Irradiated Horror
(@CGUID+82, 0, 90, -409.037, 107.892, -210.274, 4.24115, 7200, 7200, 5, 1), -- Irradiated Slime, Corrosive Lurker, Irradiated Horror
(@CGUID+83, 0, 90, -475.912, 108.416, -210.486, 2.47837, 7200, 7200, 5, 1), -- Irradiated Slime, Corrosive Lurker, Irradiated Horror
(@CGUID+84, 0, 90, -407.507, 159.097, -209.509, 6.19592, 7200, 7200, 5, 1), -- Irradiated Slime, Corrosive Lurker, Irradiated Horror
(@CGUID+85, 0, 90, -418.414886474609375, 42.22382354736328125, -208.608123779296875, 1.780235767364501953, 7200, 7200, 3, 1), -- Irradiated Slime, Corrosive Lurker, Irradiated Horror
(@CGUID+86, 0, 90, -429.852, 137.976, -211.669, 1.29154, 7200, 7200, 5, 1), -- Irradiated Slime, Corrosive Lurker, Irradiated Horror
(@CGUID+87, 0, 90, -392.84, 66.0599, -209.767, 5.11381, 7200, 7200, 5, 1), -- Irradiated Slime, Corrosive Lurker, Irradiated Horror
(@CGUID+88, 0, 90, -409.443, 73.7753, -211.022, 5.75959, 7200, 7200, 5, 1), -- Irradiated Slime, Corrosive Lurker, Irradiated Horror
(@CGUID+89, 0, 90, -447.40020751953125, 41.31859970092773437, -208.607711791992187, 0.436770617961883544, 7200, 7200, 3, 1), -- Irradiated Slime, Corrosive Lurker, Irradiated Horror
(@CGUID+90, 0, 90, -430.123, 94.1727, -209.397, 4.20624, 7200, 7200, 5, 1), -- Irradiated Slime, Corrosive Lurker, Irradiated Horror
(@CGUID+91, 0, 90, -491.239, 82.373, -206.368, 0.750492, 7200, 7200, 5, 1), -- Irradiated Slime, Corrosive Lurker, Irradiated Horror
(@CGUID+92, 0, 90, -472.186, 67.6719, -208.471, 4.62512, 7200, 7200, 5, 1), -- Irradiated Slime, Corrosive Lurker, Irradiated Horror
(@CGUID+93, 0, 90, -444.961, 174.409, -208.732, 3.26377, 7200, 7200, 5, 1), -- Irradiated Slime, Corrosive Lurker, Irradiated Horror
(@CGUID+94, 0, 90, -380.697, 97.865, -210.394, 3.05433, 7200, 7200, 5, 1), -- Irradiated Slime, Corrosive Lurker, Irradiated Horror
(@CGUID+95, 0, 90, -452.865, 118.505, -210.293, 4.93928, 7200, 7200, 5, 1), -- Irradiated Slime, Corrosive Lurker, Irradiated Horror
(@CGUID+96, 0, 90, -398.085, 137.244, -210.625, 5.39307, 7200, 7200, 5, 1), -- Irradiated Slime, Corrosive Lurker, Irradiated Horror
(@CGUID+97, 0, 90, -477.542, 165.387, -208.442, 4.95674, 7200, 7200, 5, 1), -- Irradiated Slime, Corrosive Lurker, Irradiated Horror
(@CGUID+98, 6222, 90, -613.609, 433.56, -230.601, 4.0887, 7200, 7200, 2, 1), -- Leprous Technician
(@CGUID+99, 6222, 90, -634.829, 441.079, -273.063, 0.601507, 7200, 7200, 0, 0), -- Leprous Technician
(@CGUID+100, 6222, 90, -586.3, 596.17, -230.601, 1.44707, 7200, 7200, 0, 0), -- Leprous Technician
(@CGUID+101, 6222, 90, -493.585, 591.612, -230.517, 1.0821, 7200, 7200, 2, 1), -- Leprous Technician
(@CGUID+102, 6222, 90, -505.07, 482.81, -273.08, 6.21937, 7200, 7200, 2, 1), -- Leprous Technician
(@CGUID+103, 6222, 90, -600.478, 425.647, -230.518, 5.3058, 7200, 7200, 2, 1), -- Leprous Technician
(@CGUID+104, 6222, 90, -468.093, 468.025, -230.601, 5.24667, 7200, 7200, 2, 1), -- Leprous Technician
(@CGUID+105, 6222, 90, -502.385, 483.743, -273.08, 6.06902, 7200, 7200, 5, 1), -- Leprous Technician
(@CGUID+106, 6222, 90, -635.625, 513.175, -230.602, 1.09437, 7200, 7200, 2, 1), -- Leprous Technician
(@CGUID+107, 6222, 90, -531.995, 416.335, -230.518, 0.349066, 7200, 7200, 2, 1), -- Leprous Technician
(@CGUID+108, 6222, 90, -615.486, 440.103, -273.061, 5.49537, 7200, 7200, 2, 1), -- Leprous Technician
(@CGUID+109, 6222, 90, -539.803, 554.096, -273.079, 3.99421, 7200, 7200, 2, 1), -- Leprous Technician
(@CGUID+110, 6222, 90, -585.701, 464.577, -273.081, 3.43791, 7200, 7200, 2, 1), -- Leprous Technician
(@CGUID+111, 6222, 90, -523.229, 538.753, -273.073, 5.75422, 7200, 7200, 2, 1), -- Leprous Technician
(@CGUID+112, 6222, 90, -461.171, 464.069, -230.601, 0.802967, 7200, 7200, 2, 1), -- Leprous Technician
(@CGUID+113, 6222, 90, -592.991, 578.047, -230.517, 5.3058, 7200, 7200, 2, 1), -- Leprous Technician
(@CGUID+114, 6222, 90, -487.225, 549.376, -230.602, 2.94272, 7200, 7200, 0, 0), -- Leprous Technician
(@CGUID+115, 6222, 90, -603.687, 507.389, -273.063, 5.74002, 7200, 7200, 2, 1), -- Leprous Technician
(@CGUID+116, 6222, 90, -586.528, 465.276, -273.081, 4.58216, 7200, 7200, 2, 1), -- Leprous Technician
(@CGUID+117, 6222, 90, -464.458, 518.547, -230.602, 5.24279, 7200, 7200, 0, 0), -- Leprous Technician
(@CGUID+118, 6222, 90, -515.631, 587.235, -230.602, 6.02039, 7200, 7200, 2, 1), -- Leprous Technician
(@CGUID+119, 6222, 90, -539.798, 558.085, -273.08, 1.41736, 7200, 7200, 2, 1), -- Leprous Technician
(@CGUID+120, 6222, 90, -633.882, 447.407, -273.063, 5.88472, 7200, 7200, 3, 1), -- Leprous Technician
(@CGUID+121, 6222, 90, -673.195, 412.989, -273.064, 0.950813, 7200, 7200, 2, 1), -- Leprous Technician
(@CGUID+122, 6223, 90, -511.379, 263.088, -207.823, 4.86947, 7200, 7200, 2, 1), -- Leprous Defender
(@CGUID+123, 6223, 90, -617.462, 370.696, -247.188, 2.68781, 7200, 7200, 3, 1), -- Leprous Defender
(@CGUID+124, 6223, 90, -549.057, 278.595, -207.931, 4.79965, 7200, 7200, 2, 1), -- Leprous Defender
(@CGUID+125, 6223, 90, -490.481, 272.661, -211.014, 5.72468, 7200, 7200, 0, 0), -- Leprous Defender
(@CGUID+126, 6223, 90, -468.047, 262.68, -207.823, 4.2237, 7200, 7200, 2, 1), -- Leprous Defender
(@CGUID+127, 6223, 90, -555.465, 369.512, -231.596, 5.51524, 7200, 7200, 5, 1), -- Leprous Defender
(@CGUID+128, 6223, 90, -561.423, 306.01, -212.839, 1.79769, 7200, 7200, 2, 1), -- Leprous Defender
(@CGUID+129, 6223, 90, -440.169, 267.683, -211.46, 1.27409, 7200, 7200, 5, 1), -- Leprous Defender
(@CGUID+130, 6223, 90, -427.261, 238.569, -211.461, 3.29867, 7200, 7200, 2, 1), -- Leprous Defender
(@CGUID+131, 6224, 90, -592.17, 675.474, -326.956, 2.68781, 7200, 7200, 0, 0), -- Leprous Machinesmith
(@CGUID+132, 6224, 90, -768.453, 349.162, -272.596, 4.49674, 7200, 7200, 2, 1), -- Leprous Machinesmith
(@CGUID+133, 6224, 90, -811.597, 100.217, -264.648, 6.03884, 7200, 7200, 2, 1), -- Leprous Machinesmith
(@CGUID+134, 6224, 90, -768.508, 347.22, -272.596, 1.75239, 7200, 7200, 2, 1), -- Leprous Machinesmith
(@CGUID+135, 6224, 90, -798.383, 192.561, -273.081, 3.77095, 7200, 7200, 5, 1), -- Leprous Machinesmith
(@CGUID+136, 6224, 90, -592.591, 684.311, -326.979, 2.87979, 7200, 7200, 0, 0), -- Leprous Machinesmith
(@CGUID+137, 6224, 90, -590.177, 681.183, -326.956, 2.82743, 7200, 7200, 0, 0), -- Leprous Machinesmith
(@CGUID+138, 6224, 90, -838.863, 289.553, -272.606, 3.08878, 7200, 7200, 2, 1), -- Leprous Machinesmith
(@CGUID+139, 6224, 90, -817.881, 161.435, -271.241, 1.46608, 7200, 7200, 3, 1), -- Leprous Machinesmith
(@CGUID+140, 6224, 90, -760.483, 56.4322, -257.402, 4.5204, 7200, 7200, 0, 0), -- Leprous Machinesmith
(@CGUID+141, 6224, 90, -823.79, 401.27, -316.433, 6.02521, 7200, 7200, 2, 1), -- Leprous Machinesmith
(@CGUID+142, 6224, 90, -763.52, 358.724, -272.596, 1.43922, 7200, 7200, 2, 1), -- Leprous Machinesmith
(@CGUID+143, 6224, 90, -840.707, 290.14, -272.607, 5.71985, 7200, 7200, 2, 1), -- Leprous Machinesmith
(@CGUID+144, 6224, 90, -798.065, 382.68, -316.433, 1.66084, 7200, 7200, 2, 1), -- Leprous Machinesmith
(@CGUID+145, 6224, 90, -826.708, 425.943, -272.592, 6.18491, 7200, 7200, 2, 1), -- Leprous Machinesmith
(@CGUID+146, 6224, 90, -588.535, 691.862, -326.979, 3.08923, 7200, 7200, 0, 0), -- Leprous Machinesmith
(@CGUID+147, 6224, 90, -877.407, 363.953, -316.433, 1.62105, 7200, 7200, 3, 1), -- Leprous Machinesmith
(@CGUID+148, 6224, 90, -858.925, 389.898, -316.43, 3.65923, 7200, 7200, 3, 1), -- Leprous Machinesmith
(@CGUID+149, 6224, 90, -764.095, 56.176, -257.347, 4.92183, 7200, 7200, 0, 0), -- Leprous Machinesmith
(@CGUID+150, 6224, 90, -784.163, 210.624, -272.999, 4.18879, 7200, 7200, 3, 1), -- Leprous Machinesmith
(@CGUID+151, 6224, 90, -867.086, 332.016, -316.431, 2.58111, 7200, 7200, 3, 1), -- Leprous Machinesmith
(@CGUID+152, 6224, 90, -742.334, 235.533, -273.08, 0.66947, 7200, 7200, 2, 1), -- Leprous Machinesmith
(@CGUID+153, 6224, 90, -876.962, 365.196, -316.433, 1.62033, 7200, 7200, 3, 1), -- Leprous Machinesmith
(@CGUID+154, 6224, 90, -823.78, 425.54, -272.591, 2.92918, 7200, 7200, 2, 1), -- Leprous Machinesmith
(@CGUID+155, 6224, 90, -781.707, 204.067, -273.081, 3.81134, 7200, 7200, 3, 1), -- Leprous Machinesmith
(@CGUID+156, 6224, 90, -589.443, 686.069, -327.001, 2.94961, 7200, 7200, 0, 0), -- Leprous Machinesmith
(@CGUID+157, 6225, 90, -539.224, 556.1, -273.08, 4.43745, 7200, 7200, 5, 1), -- Mechano-Tank
(@CGUID+158, 6225, 90, -503.192, 479.869, -273.08, 5.01041, 7200, 7200, 5, 1), -- Mechano-Tank
(@CGUID+159, 6225, 90, -605.78, 507.486, -273.063, 2.93658, 7200, 7200, 0, 0), -- Mechano-Tank
(@CGUID+160, 6225, 90, -538.906, 449.608, -273.08, 4.82357, 7200, 7200, 5, 1), -- Mechano-Tank
(@CGUID+161, 6225, 90, -584.71, 548.082, -273.078, 1.99953, 7200, 7200, 5, 1), -- Mechano-Tank
(@CGUID+162, 6225, 90, -586.658, 464.285, -273.081, 4.12239, 7200, 7200, 5, 1), -- Mechano-Tank
(@CGUID+163, 6225, 90, -503.215, 527.958, -273.08, 5.09596, 7200, 7200, 5, 1), -- Mechano-Tank
(@CGUID+164, 0, 90, -758.346, 52.8884, -256.668, 4.72984, 7200, 7200, 0, 0), -- Mechano-Flamewalker, Mechano-Frostwalker
(@CGUID+165, 0, 90, -837.74, 291.732, -272.605, 0.783807, 7200, 7200, 5, 1), -- Mechano-Flamewalker, Mechano-Frostwalker
(@CGUID+166, 0, 90, -870.887, 412.753, -316.378, 0.629453, 1800, 1800, 0, 2), -- Mechano-Flamewalker, Mechano-Frostwalker
(@CGUID+167, 0, 90, -858.712, 391.157, -316.43, 2.59422, 7200, 7200, 3, 1), -- Mechano-Flamewalker, Mechano-Frostwalker
(@CGUID+168, 0, 90, -894.059, 405.467, -272.559, 1.41748, 7200, 7200, 0, 2), -- Mechano-Flamewalker, Mechano-Frostwalker
(@CGUID+169, 0, 90, -785.107, 547.2, -291.131, 3.7642, 1800, 1800, 0, 2), -- Mechano-Flamewalker, Mechano-Frostwalker
(@CGUID+170, 0, 90, -867.12, 333.94, -316.433, 1.04478, 7200, 7200, 5, 1), -- Mechano-Flamewalker, Mechano-Frostwalker
(@CGUID+171, 0, 90, -797.001, 384.529, -316.433, 1.96094, 7200, 7200, 3, 1), -- Mechano-Flamewalker, Mechano-Frostwalker
(@CGUID+172, 0, 90, -808.307, 183.881, -273.004, 4.12311, 7200, 7200, 0, 2), -- Mechano-Flamewalker, Mechano-Frostwalker
(@CGUID+173, 0, 90, -876.693, 363.197, -316.433, 4.18204, 7200, 7200, 3, 1), -- Mechano-Flamewalker, Mechano-Frostwalker
(@CGUID+174, 0, 90, -823.162, 402.095, -316.433, 0.206138, 7200, 7200, 3, 1), -- Mechano-Flamewalker, Mechano-Frostwalker
(@CGUID+175, 0, 90, -781.462, 200.618, -273.081, 5.06208, 7200, 7200, 5, 1), -- Mechano-Flamewalker, Mechano-Frostwalker
(@CGUID+176, 0, 90, -904.221, 336.922, -272.596, 4.5847, 7200, 7200, 0, 2), -- Mechano-Flamewalker, Mechano-Frostwalker
(@CGUID+177, 0, 90, -767.642, 346.271, -272.596, 5.21228, 7200, 7200, 5, 1), -- Mechano-Flamewalker, Mechano-Frostwalker
(@CGUID+178, 0, 90, -822.527, 425.77, -272.59, 0.008276, 7200, 7200, 5, 1), -- Mechano-Flamewalker, Mechano-Frostwalker
(@CGUID+179, 0, 90, -743.622, 238.119, -273.08, 2.5883, 7200, 7200, 5, 1), -- Mechano-Flamewalker, Mechano-Frostwalker
(@CGUID+180, 6228, 90, -670.911, 686.071, -326.812, 2.99763, 86400, 86400, 0, 2), -- Dark Iron Ambassador
(@CGUID+181, 6229, 90, -889.137, 360.668, -272.513, 6.24828, 86400, 86400, 0, 0), -- Crowd Pummeler 9-60
(@CGUID+182, 6230, 90, -503.135, 582.624, -230.601, 2.74118, 7200, 7200, 0, 2), -- Peacekeeper Security Suit
(@CGUID+183, 6230, 90, -529.127, 526.401, -273.068, 2.51303, 7200, 7200, 0, 2), -- Peacekeeper Security Suit
(@CGUID+184, 6230, 90, -617.866, 521.326, -273.069, 5.91549, 7200, 7200, 0, 2), -- Peacekeeper Security Suit
(@CGUID+185, 6230, 90, -507.445, 422.019, -230.601, 0.570874, 7200, 7200, 0, 2), -- Peacekeeper Security Suit
(@CGUID+186, 0, 90, -735.933, 556.045, -303.699, 0.034907, 7200, 7200, 3, 1), -- Arcane Nullifier X-21, Mechanized Guardian
(@CGUID+187, 0, 90, -762.838, 625.098, -299.977, 2.86234, 7200, 7200, 2, 1), -- Arcane Nullifier X-21, Mechanized Guardian
(@CGUID+188, 0, 90, -626.68, 702.281, -326.978, 2.30383, 7200, 7200, 0, 0), -- Arcane Nullifier X-21, Mechanized Guardian
(@CGUID+189, 0, 90, -754.444, 574.93, -303.699, 5.3058, 7200, 7200, 5, 1), -- Arcane Nullifier X-21, Mechanized Guardian
(@CGUID+190, 0, 90, -737.309, 659.8, -323.456, 2.79253, 7200, 7200, 2, 1), -- Arcane Nullifier X-21, Mechanized Guardian
(@CGUID+191, 0, 90, -721.026, 703.277, -330.699, 3.21141, 7200, 7200, 3, 1), -- Arcane Nullifier X-21, Mechanized Guardian
(@CGUID+192, 0, 90, -649.077, 710.205, -327.059, 2.89505, 7200, 7200, 0, 2), -- Arcane Nullifier X-21, Mechanized Guardian
(@CGUID+193, 6233, 90, -560.926, 311.901, -213.461, 1.2258, 7200, 7200, 3, 1), -- Mechanized Sentry
(@CGUID+194, 6233, 90, -474.707, 281.476, -211.459, 4.66003, 7200, 7200, 3, 1), -- Mechanized Sentry
(@CGUID+195, 6233, 90, -639.608, 353.948, -255.521, 1.41372, 7200, 7200, 3, 1), -- Mechanized Sentry
(@CGUID+196, 6233, 90, -445.739, 235.804, -207.823, 3.83972, 7200, 7200, 2, 1), -- Mechanized Sentry
(@CGUID+197, 6233, 90, -538.958, 299.669, -213.308, 4.88692, 7200, 7200, 3, 1), -- Mechanized Sentry
(@CGUID+198, 6233, 90, -517.389, 262.573, -207.823, 5.55015, 7200, 7200, 2, 1), -- Mechanized Sentry
(@CGUID+199, 6233, 90, -473.89, 262.926, -207.823, 0.645772, 7200, 7200, 3, 1), -- Mechanized Sentry
(@CGUID+200, 6233, 90, -451.578, 254.518, -207.823, 1.37881, 7200, 7200, 2, 1), -- Mechanized Sentry
(@CGUID+201, 6233, 90, -472.927, 439.53, -230.518, 1.11701, 7200, 7200, 2, 1), -- Mechanized Sentry
(@CGUID+202, 6233, 90, -466.97, 475.331, -230.601, 5.81475, 7200, 7200, 2, 1), -- Mechanized Sentry
(@CGUID+203, 6233, 90, -859.42, 317.601, -316.407, 5.21927, 7200, 7200, 5, 1), -- Mechanized Sentry
(@CGUID+204, 6233, 90, -758.589, 358.368, -272.513, 0, 7200, 7200, 5, 1), -- Mechanized Sentry
(@CGUID+205, 6233, 90, -766.442, 53.0244, -256.694, 4.72984, 7200, 7200, 0, 0), -- Mechanized Sentry
(@CGUID+206, 6233, 90, -834.252, 423.218, -272.513, 1.309, 7200, 7200, 3, 1), -- Mechanized Sentry
(@CGUID+207, 6233, 90, -432.132, 230.477, -211.508, 1.59581, 7200, 7200, 0, 2), -- Mechanized Sentry
(@CGUID+208, 6233, 90, -516.385, 281.052, -211.46, 5.95157, 7200, 7200, 5, 1), -- Mechanized Sentry
(@CGUID+209, 6233, 90, -545.239, 274.565, -207.823, 4.39823, 7200, 7200, 3, 1), -- Mechanized Sentry
(@CGUID+210, 6233, 90, -538.722, 321.578, -220.447, 4.69381, 7200, 7200, 0, 2), -- Mechanized Sentry
(@CGUID+211, 6233, 90, -455.033, 257.621, -207.823, 0.122173, 7200, 7200, 5, 1), -- Mechanized Sentry
(@CGUID+212, 6233, 90, -446.372, 233.008, -207.908, 4.77612, 7200, 7200, 2, 1), -- Mechanized Sentry
(@CGUID+213, 6233, 90, -547.883, 600.839, -230.518, 0.279253, 7200, 7200, 2, 1), -- Mechanized Sentry
(@CGUID+214, 6233, 90, -538.47, 370.845, -231.387, 3.64774, 7200, 7200, 5, 1), -- Mechanized Sentry
(@CGUID+215, 6233, 90, -653.546, 420.784, -230.541, 4.39823, 7200, 7200, 5, 1), -- Mechanized Sentry
(@CGUID+216, 6233, 90, -446.346, 233.419, -207.872, 1.63923, 7200, 7200, 0, 2), -- Mechanized Sentry
(@CGUID+217, 6233, 90, -657.316, 376.562, -266.027, 2.23283, 7200, 7200, 0, 2), -- Mechanized Sentry
(@CGUID+218, 6233, 90, -637.756, 516.192, -230.518, 0, 7200, 7200, 2, 1), -- Mechanized Sentry
(@CGUID+219, 6233, 90, -517.611, 472.418, -273.077, 0.027281, 7200, 7200, 5, 1), -- Mechanized Sentry
(@CGUID+220, 6233, 90, -479.992, 553.159, -230.602, 3.59214, 7200, 7200, 2, 1), -- Mechanized Sentry
(@CGUID+221, 6233, 90, -738.034, 230.835, -272.997, 0.174533, 7200, 7200, 3, 1), -- Mechanized Sentry
(@CGUID+222, 6233, 90, -852.587, 290.918, -272.61, 4.08323, 7200, 7200, 3, 1), -- Mechanized Sentry
(@CGUID+223, 0, 90, -733.908, 539.547, -291.06, 6.05298, 7200, 7200, 2, 1), -- Arcane Nullifier X-21, Mechanized Guardian
(@CGUID+224, 0, 90, -751.043, 599.917, -304.005, 5.5676, 7200, 7200, 2, 1), -- Arcane Nullifier X-21, Mechanized Guardian
(@CGUID+225, 0, 90, -672.532, 539.306, -285.699, 0.610865, 7200, 7200, 3, 1), -- Arcane Nullifier X-21, Mechanized Guardian
(@CGUID+226, 0, 90, -591.6654052734375, 689.3922119140625, -326.960784912109375, 2.984513044357299804, 7200, 7200, 0, 0), -- Arcane Nullifier X-21, Mechanized Guardian
(@CGUID+227, 0, 90, -629.39, 688.504, -326.973, 0.314159, 7200, 7200, 0, 0), -- Arcane Nullifier X-21, Mechanized Guardian
(@CGUID+228, 0, 90, -753.224, 655.041, -308.977, 5.2709, 7200, 7200, 3, 1), -- Arcane Nullifier X-21, Mechanized Guardian
(@CGUID+229, 0, 90, -593.8326416015625, 679.4468994140625, -326.956298828125, 2.844886541366577148, 7200, 7200, 0, 0), -- Arcane Nullifier X-21, Mechanized Guardian
(@CGUID+230, 0, 90, -701.913, 547.059, -294.699, 0.383972, 7200, 7200, 3, 1), -- Arcane Nullifier X-21, Mechanized Guardian
(@CGUID+231, 0, 90, -664.285, 697.697, -331.711, 3.4383, 7200, 7200, 5, 1), -- Arcane Nullifier X-21, Mechanized Guardian
(@CGUID+232, 0, 90, -758.873, 640.617, -304.039, 4.48742, 7200, 7200, 1, 1), -- Arcane Nullifier X-21, Mechanized Guardian
(@CGUID+233, 0, 90, -696.054, 720.927, -317.977, 5.44543, 7200, 7200, 3, 1), -- Arcane Nullifier X-21, Mechanized Guardian
(@CGUID+234, 0, 90, -765.398, 561.056, -290.977, 4.93928, 7200, 7200, 3, 1), -- Arcane Nullifier X-21, Mechanized Guardian
(@CGUID+235, 0, 90, -745.388, 625.978, -312.699, 5.88176, 7200, 7200, 2, 1), -- Arcane Nullifier X-21, Mechanized Guardian
(@CGUID+236, 0, 90, -727.201, 693.357, -330.699, 0.10472, 7200, 7200, 3, 1), -- Arcane Nullifier X-21, Mechanized Guardian
(@CGUID+237, 0, 90, -646.241, 524.73, -272.977, 2.32129, 7200, 7200, 3, 1), -- Arcane Nullifier X-21, Mechanized Guardian
(@CGUID+238, 0, 90, -687.447, 719.957, -317.977, 2.87979, 7200, 7200, 3, 1), -- Arcane Nullifier X-21, Mechanized Guardian
(@CGUID+239, 0, 90, -741.779, 541.255, -290.977, 3.00197, 7200, 7200, 2, 1), -- Arcane Nullifier X-21, Mechanized Guardian
(@CGUID+240, 6235, 90, -549.4306640625, 500.915985107421875, -216.80999755859375, 5.910975456237792968, 86400, 86400, 10, 1), -- Electrocutioner 6000
(@CGUID+241, 0, 90, -642.76, 76.9467, -183.17, 0.890118, 7200, 7200, 2, 1), -- creature_spawn_entry
(@CGUID+242, 0, 90, -588.034, 18.7032, -179.596, 5.51524, 7200, 7200, 3, 1), -- creature_spawn_entry
(@CGUID+243, 0, 90, -550.351, 137.763, -202.068, 5.48033, 7200, 7200, 5, 1), -- creature_spawn_entry
(@CGUID+244, 0, 90, -634.547, 73.0335, -195.492, 5.06145, 7200, 7200, 3, 1), -- creature_spawn_entry
(@CGUID+245, 0, 90, -636.738, 135.03, -183.794, 0.139626, 7200, 7200, 3, 1), -- creature_spawn_entry
(@CGUID+246, 0, 90, -540.361, 33.9657, -196.964, 0.122173, 7200, 7200, 2, 1), -- creature_spawn_entry
(@CGUID+247, 0, 90, -558.493, 172.266, -155.153, 2.11185, 7200, 7200, 0, 0), -- creature_spawn_entry
(@CGUID+248, 0, 90, -507.402, 78.9238, -154.669, 2.1293, 7200, 7200, 5, 1), -- creature_spawn_entry
(@CGUID+249, 0, 90, -463.033, 110.822, -151.173, 3.08923, 7200, 7200, 0, 0), -- creature_spawn_entry
(@CGUID+250, 0, 90, -468.348, 177.182, -154.653, 6.0912, 7200, 7200, 5, 1), -- creature_spawn_entry
(@CGUID+251, 0, 90, -554.399, 169.332, -155.153, 1.01229, 7200, 7200, 0, 0), -- creature_spawn_entry
(@CGUID+252, 0, 90, -436.441, 122.539, -156.443, 6.23082, 7200, 7200, 0, 0), -- creature_spawn_entry
(@CGUID+253, 0, 90, -532.052, 164.641, -155.236, 2.6529, 7200, 7200, 0, 2), -- creature_spawn_entry
(@CGUID+254, 0, 90, -367.322, 126.659, -154.66, 3.40339, 7200, 7200, 3, 1), -- creature_spawn_entry
(@CGUID+255, 0, 90, -524.084, 17.8809, -156.404, 2.87979, 7200, 7200, 3, 1), -- creature_spawn_entry
(@CGUID+256, 0, 90, -601.919, 197.694, -171.666, 4.60767, 7200, 7200, 2, 1), -- creature_spawn_entry
(@CGUID+257, 6329, 90, -556.832, 96.8535, -201.481, 2.21657, 7200, 7200, 2, 1), -- Irradiated Pillager
(@CGUID+258, 6329, 90, -500.517, 145.52, -154.633, 0.837758, 7200, 7200, 5, 1), -- Irradiated Pillager
(@CGUID+259, 0, 90, -555.872, 176.441, -155.154, 6.16101, 7200, 7200, 5, 1), -- creature_spawn_entry
(@CGUID+260, 6329, 90, -506.921, 119.416, -154.66, 3.54302, 7200, 7200, 5, 1), -- Irradiated Pillager
(@CGUID+261, 0, 90, -434.69, 84.9587, -151.747, 5.93412, 7200, 7200, 0, 0), -- creature_spawn_entry
(@CGUID+262, 0, 90, -465.155, 179.25, -154.745, 0.047407, 7200, 7200, 5, 1), -- creature_spawn_entry
(@CGUID+263, 0, 90, -497.042, 67.753, -154.716, 2.98451, 7200, 7200, 3, 1), -- creature_spawn_entry
(@CGUID+264, 0, 90, -641.7, 101.709, -192.37, 0.017453, 7200, 7200, 0, 0), -- creature_spawn_entry
(@CGUID+265, 0, 90, -582.384, 137.274, -202.052, 5.58505, 7200, 7200, 3, 1), -- creature_spawn_entry
(@CGUID+266, 0, 90, -577.057, 35.9964, -197.327, 2.93215, 7200, 7200, 0, 0), -- creature_spawn_entry
(@CGUID+267, 0, 90, -577.393, 139.893, -202.054, 5.2709, 7200, 7200, 5, 1), -- creature_spawn_entry
(@CGUID+268, 0, 90, -555.28, 20.0494, -179.653, 2.26893, 7200, 7200, 2, 1), -- creature_spawn_entry
(@CGUID+269, 0, 90, -512.154, 175.506, -155.153, 2.53073, 7200, 7200, 3, 1), -- creature_spawn_entry
(@CGUID+270, 0, 90, -425.039, 178.295, -154.66, 5.74213, 7200, 7200, 5, 1), -- creature_spawn_entry
(@CGUID+271, 0, 90, -530.666, 201.902, -155.156, 4.45059, 7200, 7200, 5, 1), -- creature_spawn_entry
(@CGUID+272, 0, 90, -410.196, 39.4883, -154.66, 4.85202, 7200, 7200, 5, 1), -- creature_spawn_entry
(@CGUID+273, 0, 90, -507.703, 110.804, -154.66, 4.10152, 7200, 7200, 5, 1), -- creature_spawn_entry
(@CGUID+274, 0, 90, -397.217, 50.1614, -154.714, 3.08923, 7200, 7200, 3, 1), -- creature_spawn_entry
(@CGUID+275, 0, 90, -472.085, 43.7858, -154.654, 2.51327, 7200, 7200, 5, 1), -- creature_spawn_entry
(@CGUID+276, 0, 90, -633.396, 113.62, -195.992, 2.82743, 7200, 7200, 1, 1), -- creature_spawn_entry
(@CGUID+277, 0, 90, -555.172, 102.537, -201.659, 2.93215, 7200, 7200, 2, 1), -- creature_spawn_entry
(@CGUID+278, 0, 90, -565.925, 233.393, -159.345, 5.79449, 7200, 7200, 5, 1), -- creature_spawn_entry
(@CGUID+279, 0, 90, -630.458, 132.447, -183.796, 3.82227, 7200, 7200, 3, 1), -- creature_spawn_entry
(@CGUID+280, 0, 90, -606.562, 193.586, -172.299, 6.02139, 7200, 7200, 2, 1), -- creature_spawn_entry
(@CGUID+281, 0, 90, -486.77, 159.007, -154.634, 2.1293, 7200, 7200, 3, 1), -- creature_spawn_entry
(@CGUID+282, 0, 90, -506.575, 182.598, -155.153, 2.3911, 7200, 7200, 3, 1), -- creature_spawn_entry
(@CGUID+283, 0, 90, -455.021, 38.1171, -154.66, 0.506145, 7200, 7200, 5, 1), -- creature_spawn_entry
(@CGUID+284, 0, 90, -429.105, 180, -154.743, 3.19489, 7200, 7200, 5, 1), -- creature_spawn_entry
(@CGUID+285, 0, 90, -575.288, 46.7761, -200.157, 4.88692, 7200, 7200, 3, 1), -- creature_spawn_entry
(@CGUID+286, 0, 90, -546.082, 137.754, -202.068, 4.81711, 7200, 7200, 5, 1), -- creature_spawn_entry
(@CGUID+287, 6391, 90, -549.924, 170.193, -193.654, 4.45059, 7200, 7200, 0, 0), -- Holdout Warrior
(@CGUID+288, 6391, 90, -531.838, 207.829, -193.631, 0.645772, 7200, 7200, 0, 0), -- Holdout Warrior
(@CGUID+289, 6391, 90, -526.82, 202.067, -193.631, 0.907571, 7200, 7200, 0, 0), -- Holdout Warrior
(@CGUID+290, 6391, 90, -543.691, 167.098, -193.654, 4.17134, 7200, 7200, 0, 0), -- Holdout Warrior
(@CGUID+291, 6391, 90, -500.113, 223.078, -193.612, 4.38078, 7200, 7200, 0, 0), -- Holdout Warrior
(@CGUID+292, 6391, 90, -503.532, 221.496, -193.613, 2.84489, 7200, 7200, 0, 0), -- Holdout Warrior
(@CGUID+293, 0, 90, -513.335, 177.048, -193.637, 2.61799, 7200, 7200, 0, 0), -- creature_spawn_entry
(@CGUID+294, 0, 90, -563.7, 183.698, -193.653, 3.36848, 7200, 7200, 0, 0), -- creature_spawn_entry
(@CGUID+295, 0, 90, -517.134, 178.266, -193.638, 6.16101, 7200, 7200, 0, 0), -- creature_spawn_entry
(@CGUID+296, 0, 90, -566.097, 182.016, -193.654, 0.715585, 7200, 7200, 0, 0), -- creature_spawn_entry
(@CGUID+297, 6392, 90, -501.96, 222.333, -193.613, 0.279253, 7200, 7200, 0, 0), -- Holdout Medic
(@CGUID+298, 0, 90, -492.279, 195.693, -193.619, 1.43117, 7200, 7200, 0, 0), -- creature_spawn_entry
(@CGUID+299, 0, 90, -491.399, 198.038, -193.618, 4.08407, 7200, 7200, 0, 0), -- creature_spawn_entry
(@CGUID+300, 0, 90, -565.122, 184.7, -193.653, 5.06145, 7200, 7200, 0, 0), -- creature_spawn_entry
(@CGUID+301, 7079, 90, -471.39, 48.4756, -207.954, 6.03304, 86400, 86400, 0, 2), -- Viscous Fallout
(@CGUID+302, 7603, 90, -474.927, 443.173, -230.518, 3.15905, 7200, 7200, 5, 1), -- Leprous Assistant
(@CGUID+303, 7603, 90, -480.313, 440.908, -230.518, 1.76278, 7200, 7200, 2, 1), -- Leprous Assistant
(@CGUID+304, 7603, 90, -481.016, 430.803, -230.518, 2.33874, 7200, 7200, 2, 1), -- Leprous Assistant
(@CGUID+305, 7603, 90, -486.311, 435.922, -230.518, 0, 7200, 7200, 2, 1), -- Leprous Assistant
(@CGUID+306, 7603, 90, -464.858, 487.472, -230.601, 0.360909, 7200, 7200, 2, 1), -- Leprous Assistant
(@CGUID+307, 7603, 90, -469.306, 480.047, -230.602, 3.47808, 7200, 7200, 2, 1), -- Leprous Assistant
(@CGUID+308, 7603, 90, -473.96, 471.998, -230.518, 3.85718, 7200, 7200, 2, 1), -- Leprous Assistant
(@CGUID+309, 7603, 90, -469.989, 486.403, -230.602, 5.99827, 7200, 7200, 2, 1), -- Leprous Assistant
(@CGUID+310, 7603, 90, -504.026, 592.853, -230.518, 4.5204, 7200, 7200, 2, 1), -- Leprous Assistant
(@CGUID+311, 7603, 90, -503.62, 588.685, -230.518, 0, 7200, 7200, 5, 1), -- Leprous Assistant
(@CGUID+312, 7603, 90, -498.561, 589.783, -230.518, 5.07891, 7200, 7200, 2, 1), -- Leprous Assistant
(@CGUID+313, 7603, 90, -505.002, 596.776, -230.601, 3.60776, 7200, 7200, 2, 1), -- Leprous Assistant
(@CGUID+314, 7603, 90, -860.153, 328.662, -316.413, 1.86721, 7200, 7200, 3, 1), -- Leprous Assistant
(@CGUID+315, 7603, 90, -860.844, 330.92, -316.433, 1.86691, 7200, 7200, 3, 1), -- Leprous Assistant
(@CGUID+316, 7603, 90, -855.923, 319.543, -316.408, 5.21929, 7200, 7200, 3, 1), -- Leprous Assistant
(@CGUID+317, 7603, 90, -858.642, 320.32, -316.407, 5.21926, 7200, 7200, 3, 1), -- Leprous Assistant
(@CGUID+318, 7603, 90, -816.426, 101.189, -264.648, 0.139626, 7200, 7200, 2, 1), -- Leprous Assistant
(@CGUID+319, 7603, 90, -806.775, 99.9191, -264.648, 4.92183, 7200, 7200, 2, 1), -- Leprous Assistant
(@CGUID+320, 7603, 90, -810.912, 95.8048, -264.648, 3.85718, 7200, 7200, 2, 1), -- Leprous Assistant
(@CGUID+321, 7603, 90, -811.106, 103.936, -264.648, 1.41372, 7200, 7200, 2, 1), -- Leprous Assistant
(@CGUID+322, 7603, 90, -763.268, 346.868, -272.596, 5.02194, 7200, 7200, 2, 1), -- Leprous Assistant
(@CGUID+323, 7603, 90, -761.55, 355.004, -272.596, 4.64483, 7200, 7200, 2, 1), -- Leprous Assistant
(@CGUID+324, 7603, 90, -756.644, 340.992, -272.596, 1.35328, 7200, 7200, 2, 1), -- Leprous Assistant
(@CGUID+325, 7603, 90, -761.42, 345.627, -272.596, 4.43788, 7200, 7200, 2, 1), -- Leprous Assistant
(@CGUID+326, 7603, 90, -824.891, 419.662, -272.513, 0.383972, 7200, 7200, 2, 1), -- Leprous Assistant
(@CGUID+327, 7603, 90, -820.316, 421.994, -272.513, 0, 7200, 7200, 2, 1), -- Leprous Assistant
(@CGUID+328, 7603, 90, -833.532, 415.708, -272.513, 2.25148, 7200, 7200, 2, 1), -- Leprous Assistant
(@CGUID+329, 7603, 90, -829.622, 421.078, -272.513, 4.90438, 7200, 7200, 2, 1), -- Leprous Assistant
(@CGUID+330, 7603, 90, -552.396, 597.662, -230.601, 5.71414, 7200, 7200, 2, 1), -- Leprous Assistant
(@CGUID+331, 7603, 90, -554.885, 600.666, -230.601, 0.612689, 7200, 7200, 2, 1), -- Leprous Assistant
(@CGUID+332, 7603, 90, -544.425, 597.219, -230.518, 0, 7200, 7200, 2, 1), -- Leprous Assistant
(@CGUID+333, 7603, 90, -549.483, 604.408, -230.601, 1.01299, 7200, 7200, 2, 1), -- Leprous Assistant
(@CGUID+334, 7603, 90, -596.179, 418.708, -230.518, 4.97419, 7200, 7200, 2, 1), -- Leprous Assistant
(@CGUID+335, 7603, 90, -603.907, 422.628, -230.518, 3.42085, 7200, 7200, 2, 1), -- Leprous Assistant
(@CGUID+336, 7603, 90, -595.935, 423.398, -230.518, 0, 7200, 7200, 2, 1), -- Leprous Assistant
(@CGUID+337, 7603, 90, -601.673, 418.79, -230.518, 3.92699, 7200, 7200, 2, 1), -- Leprous Assistant
(@CGUID+338, 7603, 90, -812.808, 161.384, -271.228, 3.61283, 7200, 7200, 3, 1), -- Leprous Assistant
(@CGUID+339, 7603, 90, -810.541, 167.407, -272.674, 0.418879, 7200, 7200, 3, 1), -- Leprous Assistant
(@CGUID+340, 7603, 90, -814.707, 172.722, -272.996, 0.20944, 7200, 7200, 3, 1), -- Leprous Assistant
(@CGUID+341, 7603, 90, -814.842, 167.411, -272.673, 6.12611, 7200, 7200, 3, 1), -- Leprous Assistant
(@CGUID+342, 7603, 90, -640.209, 514.683, -230.602, 1.01504, 7200, 7200, 2, 1), -- Leprous Assistant
(@CGUID+343, 7603, 90, -645.176, 512.149, -230.601, 3.99623, 7200, 7200, 2, 1), -- Leprous Assistant
(@CGUID+344, 7603, 90, -641.537, 508.083, -230.518, 5.34071, 7200, 7200, 2, 1), -- Leprous Assistant
(@CGUID+345, 7603, 90, -646.904, 505.615, -230.601, 2.21234, 7200, 7200, 2, 1), -- Leprous Assistant
(@CGUID+346, 7603, 90, -539.432, 425.888, -230.519, 0, 7200, 7200, 0, 0), -- Leprous Assistant
(@CGUID+347, 7603, 90, -532.556, 421.27, -230.518, 4.95674, 7200, 7200, 2, 1), -- Leprous Assistant
(@CGUID+348, 7603, 90, -538.575, 416.534, -230.518, 2.82743, 7200, 7200, 2, 1), -- Leprous Assistant
(@CGUID+349, 7603, 90, -544.422, 421.018, -230.518, 3.80482, 7200, 7200, 2, 1), -- Leprous Assistant
(@CGUID+350, 7603, 90, -519.763, 535.871, -273.074, 5.12976, 7200, 7200, 2, 1), -- Leprous Assistant
(@CGUID+351, 7603, 90, -520.59, 537.735, -273.074, 5.46984, 7200, 7200, 2, 1), -- Leprous Assistant
(@CGUID+352, 7603, 90, -519.572, 540.375, -273.075, 5.7171, 7200, 7200, 2, 1), -- Leprous Assistant
(@CGUID+353, 7603, 90, -522.211, 541.392, -273.074, 5.98327, 7200, 7200, 2, 1), -- Leprous Assistant
(@CGUID+354, 7603, 90, -456.864, 466.615, -230.601, 1.93866, 7200, 7200, 2, 1), -- Leprous Assistant
(@CGUID+355, 7603, 90, -464.134, 453.529, -230.518, 1.22173, 7200, 7200, 2, 1), -- Leprous Assistant
(@CGUID+356, 7603, 90, -467.127, 458.6, -230.518, 0, 7200, 7200, 2, 1), -- Leprous Assistant
(@CGUID+357, 7603, 90, -460.763, 451.258, -230.517, 6.26573, 7200, 7200, 2, 1), -- Leprous Assistant
(@CGUID+358, 7603, 90, -591.288, 583.902, -230.517, 6.24828, 7200, 7200, 2, 1), -- Leprous Assistant
(@CGUID+359, 7603, 90, -596.914, 584.571, -230.601, 4.46223, 7200, 7200, 2, 1), -- Leprous Assistant
(@CGUID+360, 7603, 90, -593.291, 589.403, -230.517, 0, 7200, 7200, 2, 1), -- Leprous Assistant
(@CGUID+361, 7603, 90, -599.175, 579.219, -230.602, 0.809533, 7200, 7200, 2, 1), -- Leprous Assistant
(@CGUID+362, 7603, 90, -517.836, 474.413, -273.074, 0.027287, 7200, 7200, 2, 1), -- Leprous Assistant
(@CGUID+363, 7603, 90, -516.484, 474.45, -273.078, 0.027284, 7200, 7200, 2, 1), -- Leprous Assistant
(@CGUID+364, 7603, 90, -518.543, 476.394, -273.077, 0.027285, 7200, 7200, 2, 1), -- Leprous Assistant
(@CGUID+365, 7603, 90, -520.488, 474.34, -273.075, 0.027286, 7200, 7200, 2, 1), -- Leprous Assistant
(@CGUID+366, 7603, 90, -479.445, 548.944, -230.518, 0, 7200, 7200, 2, 1), -- Leprous Assistant
(@CGUID+367, 7603, 90, -484.079, 561.437, -230.602, 5.94259, 7200, 7200, 2, 1), -- Leprous Assistant
(@CGUID+368, 7603, 90, -480.532, 560.66, -230.601, 2.62881, 7200, 7200, 2, 1), -- Leprous Assistant
(@CGUID+369, 7603, 90, -489.812, 559.961, -230.602, 3.65961, 7200, 7200, 2, 1), -- Leprous Assistant
(@CGUID+370, 7603, 90, -466.408, 527.329, -230.602, 6.11885, 7200, 7200, 2, 1), -- Leprous Assistant
(@CGUID+371, 7603, 90, -464.437, 527.62, -230.601, 0.364823, 7200, 7200, 2, 1), -- Leprous Assistant
(@CGUID+372, 7603, 90, -467.899, 517.033, -230.518, 2.00713, 7200, 7200, 2, 1), -- Leprous Assistant
(@CGUID+373, 7603, 90, -472.045, 527.063, -230.602, 0.923557, 7200, 7200, 2, 1), -- Leprous Assistant
(@CGUID+374, 7603, 90, -631.247, 444.701, -272.979, 0.925025, 7200, 7200, 3, 1), -- Leprous Assistant
(@CGUID+375, 7603, 90, -626.295, 448.169, -272.978, 3.735, 7200, 7200, 2, 1), -- Leprous Assistant
(@CGUID+376, 7603, 90, -630.799, 450, -272.979, 0, 7200, 7200, 2, 1), -- Leprous Assistant
(@CGUID+377, 7603, 90, -634.205, 453.489, -273.063, 2.70326, 7200, 7200, 2, 1), -- Leprous Assistant
(@CGUID+378, 7603, 90, -732.509, 241.083, -272.997, 1.65806, 7200, 7200, 2, 1), -- Leprous Assistant
(@CGUID+379, 7603, 90, -734.406, 234.689, -272.403, 2.49582, 7200, 7200, 2, 1), -- Leprous Assistant
(@CGUID+380, 7603, 90, -738.795, 225.476, -272.997, 5.49779, 7200, 7200, 2, 1), -- Leprous Assistant
(@CGUID+381, 7603, 90, -740.041, 235.315, -272.997, 0, 7200, 7200, 2, 1), -- Leprous Assistant
(@CGUID+382, 7603, 90, -847.354, 289.447, -272.611, 2.57274, 7200, 7200, 2, 1), -- Leprous Assistant
(@CGUID+383, 7603, 90, -846.367, 294.08, -272.513, 5.044, 7200, 7200, 2, 1), -- Leprous Assistant
(@CGUID+384, 7603, 90, -847.694, 284.091, -272.605, 2.96448, 7200, 7200, 2, 1), -- Leprous Assistant
(@CGUID+385, 7603, 90, -859.787, 292.404, -272.513, 5.32325, 7200, 7200, 2, 1), -- Leprous Assistant
(@CGUID+386, 7603, 90, -788.239, 205.013, -272.999, 3.61283, 7200, 7200, 3, 1), -- Leprous Assistant
(@CGUID+387, 7603, 90, -797.803, 205.898, -272.999, 2.96706, 7200, 7200, 3, 1), -- Leprous Assistant
(@CGUID+388, 7603, 90, -779.544, 216.3, -272.999, 0, 7200, 7200, 3, 1), -- Leprous Assistant
(@CGUID+389, 7603, 90, -791.334, 202.494, -273.082, 3.34306, 7200, 7200, 3, 1), -- Leprous Assistant
(@CGUID+390, 7603, 90, -666.094, 421.115, -272.981, 1.11701, 7200, 7200, 2, 1), -- Leprous Assistant
(@CGUID+391, 7603, 90, -679.972, 412.712, -273.064, 4.5664, 7200, 7200, 2, 1), -- Leprous Assistant
(@CGUID+392, 7603, 90, -670.493, 423.687, -272.981, 0.820305, 7200, 7200, 2, 1), -- Leprous Assistant
(@CGUID+393, 7603, 90, -668.682, 418.405, -272.981, 0, 7200, 7200, 2, 1), -- Leprous Assistant
(@CGUID+394, 7800, 90, -531.3243408203125, 670.1588134765625, -325.1849365234375, 2.914699792861938476, 86400, 86400, 0, 0), -- Mekgineer Thermaplugg
(@CGUID+395, 7849, 90, -445.317, 207.375, -207.823, 1.58319, 1800, 1800, 0, 2), -- Mobile Alert System
(@CGUID+396, 7849, 90, -894.855, 397.924, -272.519, 1.40283, 1800, 1800, 0, 2), -- Mobile Alert System
(@CGUID+397, 7849, 90, -428.066, 223.896, -211.543, 4.84694, 7200, 7200, 5, 1), -- Mobile Alert System
(@CGUID+398, 7849, 90, -644.602, 512.406, -272.998, 1.35457, 1800, 1800, 0, 2), -- Mobile Alert System
(@CGUID+399, 7849, 90, -804.261, 531.519, -297.366, 0.629426, 7200, 7200, 5, 1), -- Mobile Alert System
-- 400
(@CGUID+401, 7897, 90, -569.716, 132.406, -202.059, 4.44676, 7200, 7200, 0, 2), -- Alarm-a-bomb 2600
(@CGUID+402, 7998, 90, -514.935, -138.544, -152.399, 1.65806, 7200, 7200, 0, 0), -- Blastmaster Emi Shortfuse
(@CGUID+403, 9676, 90, -559.508, 195.829, -193.647, 5.93412, 7200, 7200, 0, 0), -- Tink Sprocketwhistle
(@CGUID+404, 13876, 90, -617.377, 715.521, -326.969, 2.67035, 7200, 7200, 0, 0), -- Mekgineer Trigger
-- 405 - 410
(@CGUID+411, 7850, 90, -618.832, 153.15, -199.654, 6.25451, 86400, 86400, 0, 0), -- Kernobee
(@CGUID+412, 7850, 90, -637.053, 101.836, -194.48, 4.76023, 86400, 86400, 0, 0), -- Kernobee
(@CGUID+413, 7850, 90, -639.869140625, 71.649871826171875, -183.183502197265625, 2.478367567062377929, 86400, 86400, 0, 0), -- Kernobee
(@CGUID+414, 7850, 90, -621.389, 51.785, -199.647, 0.992438, 86400, 86400, 0, 0), -- Kernobee
(@CGUID+415, 7850, 90, -600.079, 15.9729, -179.679, 5.47311, 86400, 86400, 0, 0), -- Kernobee
(@CGUID+416, 7850, 90, -577.696, 28.5626, -197.735, 2.93043, 86400, 86400, 0, 0), -- Kernobee
(@CGUID+417, 7850, 90, -540.499, 21.528, -179.737, 1.53634, 86400, 86400, 0, 0), -- Kernobee
(@CGUID+418, 7850, 90, -533.081, 34.7292, -199.073, 1.89563, 86400, 86400, 0, 0), -- Kernobee
(@CGUID+419, 7850, 90, -616.891357421875, 153.102874755859375, -199.571075439453125, 5.654866695404052734, 86400, 86400, 0, 0), -- Kernobee
(@CGUID+420, 7850, 90, -563.77081298828125, 32.2662200927734375, -196.048095703125, 0.279252678155899047, 86400, 86400, 0, 0); -- Kernobee

INSERT INTO `creature_spawn_entry` (`guid`, `entry`) VALUES
(@CGUID+1, 6206), (@CGUID+1, 6211), -- Caverndeep Burrower, Caverndeep Reaver
(@CGUID+2, 6206), (@CGUID+2, 6211), -- Caverndeep Burrower, Caverndeep Reaver
(@CGUID+3, 6206), (@CGUID+3, 6211), -- Caverndeep Burrower, Caverndeep Reaver
(@CGUID+4, 6206), (@CGUID+4, 6329), -- Caverndeep Burrower, Irradiated Pillager
(@CGUID+5, 6206), (@CGUID+5, 6329), -- Caverndeep Burrower, Irradiated Pillager
(@CGUID+6, 6206), (@CGUID+6, 6211), (@CGUID+6, 6329), -- Caverndeep Burrower, Caverndeep Reaver, Irradiated Pillager
(@CGUID+7, 6206), (@CGUID+7, 6329), -- Caverndeep Burrower, Irradiated Pillager
(@CGUID+8, 6206), (@CGUID+8, 6329), -- Caverndeep Burrower, Irradiated Pillager
(@CGUID+9, 6206), (@CGUID+9, 6329), -- Caverndeep Burrower, Irradiated Pillager
(@CGUID+10, 6206), (@CGUID+10, 6329), -- Caverndeep Burrower, Irradiated Pillager
(@CGUID+11, 6206), (@CGUID+11, 6211), (@CGUID+11, 6329), -- Caverndeep Burrower, Caverndeep Reaver, Irradiated Pillager
(@CGUID+12, 6206), (@CGUID+12, 6211), (@CGUID+12, 6329), -- Caverndeep Burrower, Caverndeep Reaver, Irradiated Pillager
(@CGUID+13, 6206), (@CGUID+13, 6329), -- Caverndeep Burrower, Irradiated Pillager
(@CGUID+14, 6206), (@CGUID+14, 6329), -- Caverndeep Burrower, Irradiated Pillager
(@CGUID+15, 6206), (@CGUID+15, 6329), -- Caverndeep Burrower, Irradiated Pillager
(@CGUID+16, 6206), (@CGUID+16, 6211), -- Caverndeep Burrower, Caverndeep Reaver
(@CGUID+17, 6206), (@CGUID+17, 6211), -- Caverndeep Burrower, Caverndeep Reaver
(@CGUID+18, 6206), (@CGUID+18, 6329), -- Caverndeep Burrower, Irradiated Pillager
(@CGUID+19, 6206), (@CGUID+19, 6329), -- Caverndeep Burrower, Irradiated Pillager
(@CGUID+20, 6206), (@CGUID+20, 6329), -- Caverndeep Burrower, Irradiated Pillager
(@CGUID+21, 6206), (@CGUID+21, 6211), (@CGUID+21, 6329), -- Caverndeep Burrower, Caverndeep Reaver, Irradiated Pillager
(@CGUID+22, 6206), (@CGUID+22, 6211), (@CGUID+22, 6329), -- Caverndeep Burrower, Caverndeep Reaver, Irradiated Pillager
(@CGUID+29, 6206), (@CGUID+29, 6211), -- Caverndeep Burrower, Caverndeep Reaver
(@CGUID+30, 6206), (@CGUID+30, 6211), (@CGUID+30, 6329), -- Caverndeep Burrower, Caverndeep Reaver, Irradiated Pillager
(@CGUID+31, 6206), (@CGUID+31, 6211), (@CGUID+31, 6329), -- Caverndeep Burrower, Caverndeep Reaver, Irradiated Pillager
(@CGUID+32, 6211), (@CGUID+32, 6329), -- Caverndeep Reaver, Irradiated Pillager
(@CGUID+33, 6211), (@CGUID+33, 6329), -- Caverndeep Reaver, Irradiated Pillager
(@CGUID+34, 6211), (@CGUID+34, 6329), -- Caverndeep Reaver, Irradiated Pillager
(@CGUID+35, 6206), (@CGUID+35, 6211), (@CGUID+35, 6329), -- Caverndeep Burrower, Caverndeep Reaver, Irradiated Pillager
(@CGUID+36, 6206), (@CGUID+36, 6211), -- Caverndeep Burrower, Caverndeep Reaver
(@CGUID+37, 6211), (@CGUID+37, 6329), -- Caverndeep Reaver, Irradiated Pillager
(@CGUID+38, 6206), (@CGUID+38, 6211), (@CGUID+38, 6329), -- Caverndeep Burrower, Caverndeep Reaver, Irradiated Pillager
(@CGUID+39, 6211), (@CGUID+39, 6329), -- Caverndeep Reaver, Irradiated Pillager
(@CGUID+40, 6206), (@CGUID+40, 6211), -- Caverndeep Burrower, Caverndeep Reaver
(@CGUID+41, 6206), (@CGUID+41, 6211), -- Caverndeep Burrower, Caverndeep Reaver
(@CGUID+42, 6206), (@CGUID+42, 6211), -- Caverndeep Burrower, Caverndeep Reaver
(@CGUID+43, 6206), (@CGUID+43, 6211), (@CGUID+43, 6329), -- Caverndeep Burrower, Caverndeep Reaver, Irradiated Pillager
(@CGUID+44, 6206), (@CGUID+44, 6211), -- Caverndeep Burrower, Caverndeep Reaver
(@CGUID+79, 6218), (@CGUID+79, 6219), (@CGUID+79, 6220), -- Irradiated Slime, Corrosive Lurker, Irradiated Horror
(@CGUID+80, 6218), (@CGUID+80, 6219), (@CGUID+80, 6220), -- Irradiated Slime, Corrosive Lurker, Irradiated Horror
(@CGUID+81, 6218), (@CGUID+81, 6219), (@CGUID+81, 6220), -- Irradiated Slime, Corrosive Lurker, Irradiated Horror
(@CGUID+82, 6218), (@CGUID+82, 6219), (@CGUID+82, 6220), -- Irradiated Slime, Corrosive Lurker, Irradiated Horror
(@CGUID+83, 6218), (@CGUID+83, 6219), (@CGUID+83, 6220), -- Irradiated Slime, Corrosive Lurker, Irradiated Horror
(@CGUID+84, 6218), (@CGUID+84, 6219), (@CGUID+84, 6220), -- Irradiated Slime, Corrosive Lurker, Irradiated Horror
(@CGUID+85, 6218), (@CGUID+85, 6219), (@CGUID+85, 6220), -- Irradiated Slime, Corrosive Lurker, Irradiated Horror
(@CGUID+86, 6218), (@CGUID+86, 6219), (@CGUID+86, 6220), -- Irradiated Slime, Corrosive Lurker, Irradiated Horror
(@CGUID+87, 6218), (@CGUID+87, 6219), (@CGUID+87, 6220), -- Irradiated Slime, Corrosive Lurker, Irradiated Horror
(@CGUID+88, 6218), (@CGUID+88, 6219), (@CGUID+88, 6220), -- Irradiated Slime, Corrosive Lurker, Irradiated Horror
(@CGUID+89, 6218), (@CGUID+89, 6219), (@CGUID+89, 6220), -- Irradiated Slime, Corrosive Lurker, Irradiated Horror
(@CGUID+90, 6218), (@CGUID+90, 6219), (@CGUID+90, 6220), -- Irradiated Slime, Corrosive Lurker, Irradiated Horror
(@CGUID+91, 6218), (@CGUID+91, 6219), (@CGUID+91, 6220), -- Irradiated Slime, Corrosive Lurker, Irradiated Horror
(@CGUID+92, 6218), (@CGUID+92, 6219), (@CGUID+92, 6220), -- Irradiated Slime, Corrosive Lurker, Irradiated Horror
(@CGUID+93, 6218), (@CGUID+93, 6219), (@CGUID+93, 6220), -- Irradiated Slime, Corrosive Lurker, Irradiated Horror
(@CGUID+94, 6218), (@CGUID+94, 6219), (@CGUID+94, 6220), -- Irradiated Slime, Corrosive Lurker, Irradiated Horror
(@CGUID+95, 6218), (@CGUID+95, 6219), (@CGUID+95, 6220), -- Irradiated Slime, Corrosive Lurker, Irradiated Horror
(@CGUID+96, 6218), (@CGUID+96, 6219), (@CGUID+96, 6220), -- Irradiated Slime, Corrosive Lurker, Irradiated Horror
(@CGUID+97, 6218), (@CGUID+97, 6219), (@CGUID+97, 6220), -- Irradiated Slime, Corrosive Lurker, Irradiated Horror
(@CGUID+164, 6226), (@CGUID+164, 6227), -- Mechano-Flamewalker, Mechano-Frostwalker
(@CGUID+165, 6226), (@CGUID+165, 6227), -- Mechano-Flamewalker, Mechano-Frostwalker
(@CGUID+166, 6226), (@CGUID+166, 6227), -- Mechano-Flamewalker, Mechano-Frostwalker
(@CGUID+167, 6226), (@CGUID+167, 6227), -- Mechano-Flamewalker, Mechano-Frostwalker
(@CGUID+168, 6226), (@CGUID+168, 6227), -- Mechano-Flamewalker, Mechano-Frostwalker
(@CGUID+169, 6226), (@CGUID+169, 6227), -- Mechano-Flamewalker, Mechano-Frostwalker
(@CGUID+170, 6226), (@CGUID+170, 6227), -- Mechano-Flamewalker, Mechano-Frostwalker
(@CGUID+171, 6226), (@CGUID+171, 6227), -- Mechano-Flamewalker, Mechano-Frostwalker
(@CGUID+172, 6226), (@CGUID+172, 6227), -- Mechano-Flamewalker, Mechano-Frostwalker
(@CGUID+173, 6226), (@CGUID+173, 6227), -- Mechano-Flamewalker, Mechano-Frostwalker
(@CGUID+174, 6226), (@CGUID+174, 6227), -- Mechano-Flamewalker, Mechano-Frostwalker
(@CGUID+175, 6226), (@CGUID+175, 6227), -- Mechano-Flamewalker, Mechano-Frostwalker
(@CGUID+176, 6226), (@CGUID+176, 6227), -- Mechano-Flamewalker, Mechano-Frostwalker
(@CGUID+177, 6226), (@CGUID+177, 6227), -- Mechano-Flamewalker, Mechano-Frostwalker
(@CGUID+178, 6226), (@CGUID+178, 6227), -- Mechano-Flamewalker, Mechano-Frostwalker
(@CGUID+179, 6226), (@CGUID+179, 6227), -- Mechano-Flamewalker, Mechano-Frostwalker
(@CGUID+186, 6232), (@CGUID+186, 6234), -- Arcane Nullifier X-21, Mechanized Guardian
(@CGUID+187, 6232), (@CGUID+187, 6234), -- Arcane Nullifier X-21, Mechanized Guardian
(@CGUID+188, 6232), (@CGUID+188, 6234), -- Arcane Nullifier X-21, Mechanized Guardian
(@CGUID+189, 6232), (@CGUID+189, 6234), -- Arcane Nullifier X-21, Mechanized Guardian
(@CGUID+190, 6232), (@CGUID+190, 6234), -- Arcane Nullifier X-21, Mechanized Guardian
(@CGUID+191, 6232), (@CGUID+191, 6234), -- Arcane Nullifier X-21, Mechanized Guardian
(@CGUID+192, 6232), (@CGUID+192, 6234), -- Arcane Nullifier X-21, Mechanized Guardian
(@CGUID+223, 6232), (@CGUID+223, 6234), -- Arcane Nullifier X-21, Mechanized Guardian
(@CGUID+224, 6232), (@CGUID+224, 6234), -- Arcane Nullifier X-21, Mechanized Guardian
(@CGUID+225, 6232), (@CGUID+225, 6234), -- Arcane Nullifier X-21, Mechanized Guardian
(@CGUID+226, 6232), (@CGUID+226, 6234), -- Arcane Nullifier X-21, Mechanized Guardian
(@CGUID+227, 6232), (@CGUID+227, 6234), -- Arcane Nullifier X-21, Mechanized Guardian
(@CGUID+228, 6232), (@CGUID+228, 6234), -- Arcane Nullifier X-21, Mechanized Guardian
(@CGUID+229, 6232), (@CGUID+229, 6234), -- Arcane Nullifier X-21, Mechanized Guardian
(@CGUID+230, 6232), (@CGUID+230, 6234), -- Arcane Nullifier X-21, Mechanized Guardian
(@CGUID+231, 6232), (@CGUID+231, 6234), -- Arcane Nullifier X-21, Mechanized Guardian
(@CGUID+232, 6232), (@CGUID+232, 6234), -- Arcane Nullifier X-21, Mechanized Guardian
(@CGUID+233, 6232), (@CGUID+233, 6234), -- Arcane Nullifier X-21, Mechanized Guardian
(@CGUID+234, 6232), (@CGUID+234, 6234), -- Arcane Nullifier X-21, Mechanized Guardian
(@CGUID+235, 6232), (@CGUID+235, 6234), -- Arcane Nullifier X-21, Mechanized Guardian
(@CGUID+236, 6232), (@CGUID+236, 6234), -- Arcane Nullifier X-21, Mechanized Guardian
(@CGUID+237, 6232), (@CGUID+237, 6234), -- Arcane Nullifier X-21, Mechanized Guardian
(@CGUID+238, 6232), (@CGUID+238, 6234), -- Arcane Nullifier X-21, Mechanized Guardian
(@CGUID+239, 6232), (@CGUID+239, 6234), -- Arcane Nullifier X-21, Mechanized Guardian
(@CGUID+241, 6211), (@CGUID+241, 6329), -- Caverndeep Reaver, Irradiated Pillager
(@CGUID+242, 6211), (@CGUID+242, 6329), -- Caverndeep Reaver, Irradiated Pillager
(@CGUID+243, 6211), (@CGUID+243, 6329), -- Caverndeep Reaver, Irradiated Pillager
(@CGUID+244, 6206), (@CGUID+244, 6211), (@CGUID+244, 6329), -- Caverndeep Burrower, Caverndeep Reaver, Irradiated Pillager
(@CGUID+245, 6206), (@CGUID+245, 6211), (@CGUID+245, 6329), -- Caverndeep Burrower, Caverndeep Reaver, Irradiated Pillager
(@CGUID+246, 6206), (@CGUID+246, 6211), (@CGUID+246, 6329), -- Caverndeep Burrower, Caverndeep Reaver, Irradiated Pillager
(@CGUID+247, 6206), (@CGUID+247, 6329), -- Caverndeep Burrower, Irradiated Pillager
(@CGUID+248, 6206), (@CGUID+248, 6329), -- Caverndeep Burrower, Irradiated Pillager
(@CGUID+249, 6206), (@CGUID+249, 6329), -- Caverndeep Burrower, Irradiated Pillager
(@CGUID+250, 6206), (@CGUID+250, 6329), -- Caverndeep Burrower, Irradiated Pillager
(@CGUID+251, 6206), (@CGUID+251, 6329), -- Caverndeep Burrower, Irradiated Pillager
(@CGUID+252, 6206), (@CGUID+252, 6329), -- Caverndeep Burrower, Irradiated Pillager
(@CGUID+253, 6206), (@CGUID+253, 6329), -- Caverndeep Burrower, Irradiated Pillager
(@CGUID+254, 6206), (@CGUID+254, 6329), -- Caverndeep Burrower, Irradiated Pillager
(@CGUID+255, 6206), (@CGUID+255, 6329), -- Caverndeep Burrower, Irradiated Pillager
(@CGUID+256, 6206), (@CGUID+256, 6211), (@CGUID+256, 6329), -- Caverndeep Burrower, Caverndeep Reaver, Irradiated Pillager
(@CGUID+259, 6206), (@CGUID+259, 6329), -- Caverndeep Burrower, Irradiated Pillager
(@CGUID+261, 6206), (@CGUID+261, 6329), -- Caverndeep Burrower, Irradiated Pillager
(@CGUID+262, 6206), (@CGUID+262, 6329), -- Caverndeep Burrower, Irradiated Pillager
(@CGUID+263, 6206), (@CGUID+263, 6329), -- Caverndeep Burrower, Irradiated Pillager
(@CGUID+264, 6206), (@CGUID+264, 6211), (@CGUID+264, 6329), -- Caverndeep Burrower, Caverndeep Reaver, Irradiated Pillager
(@CGUID+265, 6206), (@CGUID+265, 6211), (@CGUID+265, 6329), -- Caverndeep Burrower, Caverndeep Reaver, Irradiated Pillager
(@CGUID+266, 6206), (@CGUID+266, 6329), -- Caverndeep Burrower, Irradiated Pillager
(@CGUID+267, 6206), (@CGUID+267, 6211), (@CGUID+267, 6329), -- Caverndeep Burrower, Caverndeep Reaver, Irradiated Pillager
(@CGUID+268, 6206), (@CGUID+268, 6211), (@CGUID+268, 6329), -- Caverndeep Burrower, Caverndeep Reaver, Irradiated Pillager
(@CGUID+269, 6206), (@CGUID+269, 6329), -- Caverndeep Burrower, Irradiated Pillager
(@CGUID+270, 6206), (@CGUID+270, 6329), -- Caverndeep Burrower, Irradiated Pillager
(@CGUID+271, 6206), (@CGUID+271, 6329), -- Caverndeep Burrower, Irradiated Pillager
(@CGUID+272, 6206), (@CGUID+272, 6329), -- Caverndeep Burrower, Irradiated Pillager
(@CGUID+273, 6206), (@CGUID+273, 6329), -- Caverndeep Burrower, Irradiated Pillager
(@CGUID+274, 6206), (@CGUID+274, 6329), -- Caverndeep Burrower, Irradiated Pillager
(@CGUID+275, 6206), (@CGUID+275, 6329), -- Caverndeep Burrower, Irradiated Pillager
(@CGUID+276, 6206), (@CGUID+276, 6211), (@CGUID+276, 6329), -- Caverndeep Burrower, Caverndeep Reaver, Irradiated Pillager
(@CGUID+277, 6211), (@CGUID+277, 6329), -- Caverndeep Reaver, Irradiated Pillager
(@CGUID+278, 6206), (@CGUID+278, 6329), -- Caverndeep Burrower, Irradiated Pillager
(@CGUID+279, 6206), (@CGUID+279, 6211), (@CGUID+279, 6329), -- Caverndeep Burrower, Caverndeep Reaver, Irradiated Pillager
(@CGUID+280, 6206), (@CGUID+280, 6211), (@CGUID+280, 6329), -- Caverndeep Burrower, Caverndeep Reaver, Irradiated Pillager
(@CGUID+281, 6206), (@CGUID+281, 6329), -- Caverndeep Burrower, Irradiated Pillager
(@CGUID+282, 6206), (@CGUID+282, 6329), -- Caverndeep Burrower, Irradiated Pillager
(@CGUID+283, 6206), (@CGUID+283, 6329), -- Caverndeep Burrower, Irradiated Pillager
(@CGUID+284, 6206), (@CGUID+284, 6329), -- Caverndeep Burrower, Irradiated Pillager
(@CGUID+285, 6206), (@CGUID+285, 6211), (@CGUID+285, 6329), -- Caverndeep Burrower, Caverndeep Reaver, Irradiated Pillager
(@CGUID+286, 6206), (@CGUID+286, 6211), (@CGUID+286, 6329), -- Caverndeep Burrower, Caverndeep Reaver, Irradiated Pillager
(@CGUID+293, 6391), (@CGUID+293, 6392), (@CGUID+293, 6407), -- Holdout Warrior, Holdout Medic, Holdout Technician
(@CGUID+294, 6391), (@CGUID+294, 6392),  -- Holdout Warrior, Holdout Medic
(@CGUID+295, 6392), (@CGUID+295, 6407), -- Holdout Warrior, Holdout Medic, Holdout Technician
(@CGUID+296, 6391), (@CGUID+296, 6392),  -- Holdout Warrior, Holdout Medic
(@CGUID+298, 6391), (@CGUID+298, 6407), -- Holdout Warrior, Holdout Medic, Holdout Technician
(@CGUID+299, 6391), (@CGUID+299, 6392), (@CGUID+299, 6407), -- Holdout Warrior, Holdout Medic, Holdout Technician
(@CGUID+300, 6391), (@CGUID+300, 6392), (@CGUID+300, 6407); -- Holdout Warrior, Holdout Medic, Holdout Technician

-- ===========
-- GAMEOBJECTS
-- ===========

INSERT INTO `gameobject` (`guid`, `id`, `map`, `position_x`, `position_y`, `position_z`, `orientation`, `rotation0`, `rotation1`, `rotation2`, `rotation3`, `spawntimesecsmin`, `spawntimesecsmax`) VALUES
(@OGUID+1, 0, 90, -571.49237060546875, 510.909576416015625, -216.80999755859375, -2.61798930168151855, 0, 0, -0.96592521667480468, 0.258821308612823486, 180, 180), -- Barrel of Melon Juice, Food Crate
(@OGUID+2, 0, 90, -910.03765869140625, 357.3048095703125, -272.596282958984375, -1.76278245449066162, 0, 0, -0.77162456512451171, 0.636078238487243652, 180, 180), -- Barrel of Melon Juice, Food Crate
(@OGUID+3, 19020, 90, -472.185699462890625, 509.81390380859375, -230.601943969726562, 5.829400539398193359, 0, 0, -0.22495079040527343, 0.974370121955871582, 3600, 3600), -- Box of Assorted Parts
(@OGUID+4, 19020, 90, -541.044677734375, 15.71459484100341796, -179.733978271484375, 2.303830623626708984, 0, 0, 0.913544654846191406, 0.406738430261611938, 3600, 3600), -- Box of Assorted Parts
(@OGUID+5, 19020, 90, -466.19573974609375, 104.7978668212890625, -150.113861083984375, 0.226892471313476562, 0, 0, 0.113203048706054687, 0.993571877479553222, 3600, 3600), -- Box of Assorted Parts
(@OGUID+6, 19020, 90, -527.5989990234375, -134.656723022460937, -152.49896240234375, 0.174532130360603332, 0, 0, 0.087155342102050781, 0.996194720268249511, 3600, 3600), -- Box of Assorted Parts
-- 7 - 11
(@OGUID+12, 85556, 90, -806.88653564453125, 323.963104248046875, -271.65631103515625, 2.213074684143066406, 0, 0, 0.894153594970703125, 0.447760373353958129, 3600, 3600), -- Vator2
(@OGUID+13, 90858, 90, -758.53753662109375, 260.385986328125, -273.049285888671875, 2.225293636322021484, 0, 0, 0.896872520446777343, 0.442289173603057861, 3600, 3600), -- Workshop Door
(@OGUID+14, 103820, 90, -511.330352783203125, -139.96221923828125, -152.476058959960937, 0.750490784645080566, 0, 0, 0.3665008544921875, 0.93041771650314331, -86400, -86400), -- Red Rocket
(@OGUID+15, 103820, 90, -510.675445556640625, -139.437088012695312, -152.616653442382812, -2.94959545135498046, 0, 0, -0.99539566040039062, 0.095851235091686248, -86400, -86400), -- Red Rocket
(@OGUID+16, 103820, 90, -511.897613525390625, -139.356185913085937, -152.478485107421875, -2.32128691673278808, 0, 0, -0.91705989837646484, 0.398749500513076782, -86400, -86400), -- Red Rocket
(@OGUID+17, 142207, 90, -618.6083984375, 691.1177978515625, -327.04913330078125, 2.888511419296264648, 0, 0, 0.99200439453125, 0.126203224062919616, 3600, 3600), -- The Final Chamber
(@OGUID+18, 142208, 90, -486.664947509765625, 647.65234375, -327.485015869140625, 2.70525527000427246, 0, 0, 0.97629547119140625, 0.216442063450813293, 3600, 3600), -- Gnome Face 04
(@OGUID+19, 142209, 90, -485.72332763671875, 690.87091064453125, -327.499664306640625, -2.67907953262329101, 0, 0, -0.97337913513183593, 0.229200854897499084, 3600, 3600), -- Gnome Face 03
(@OGUID+20, 142210, 90, -518.903564453125, 718.4716796875, -327.505401611328125, -1.78023409843444824, 0, 0, -0.7771453857421875, 0.629321098327636718, 3600, 3600), -- Gnome Face 02
(@OGUID+21, 142211, 90, -561.23565673828125, 709.88134765625, -327.485015869140625, -0.88139182329177856, 0, 0, -0.42656898498535156, 0.904455006122589111, 3600, 3600), -- Gnome Face 01
(@OGUID+22, 142212, 90, -562.96112060546875, 632.1617431640625, -327.485015869140625, 0.91629725694656372, 0, 0, 0.442288398742675781, 0.896872878074645996, 3600, 3600), -- Gnome Face 06
(@OGUID+23, 142213, 90, -521.02203369140625, 621.54949951171875, -327.485015869140625, 1.815141916275024414, 0, 0, 0.788010597229003906, 0.615661680698394775, 3600, 3600), -- Gnome Face 05
(@OGUID+24, 142214, 90, -551.5740966796875, 706.1116943359375, -325.73779296875, 0.662799477577209472, 0.037234783172607421, -0.10230064392089843, 0.323632240295410156, 0.939899086952209472, 3600, 3600), -- Button
(@OGUID+25, 142215, 90, -515.978515625, 708.009521484375, -325.73779296875, -0.23604248464107513, -0.01090669631958007, -0.10831832885742187, -0.11683845520019531, 0.987166106700897216, 3600, 3600), -- Button
(@OGUID+26, 142216, 90, -492.592742919921875, 681.819091796875, -325.73779296875, -1.13488554954528808, -0.05688285827636718, -0.09282302856445312, -0.53410530090332031, 0.838379204273223876, 3600, 3600), -- Button
(@OGUID+27, 142217, 90, -497.995025634765625, 647.4248046875, -325.73779296875, -2.03373098373413085, -0.09156084060668945, -0.05889320373535156, -0.84529781341552734, 0.523086845874786376, 3600, 3600), -- Button
(@OGUID+28, 142218, 90, -528.37542724609375, 630.04791259765625, -325.73779296875, -2.93256473541259765, -0.10805463790893554, -0.01326751708984375, -0.98861026763916015, 0.10391303151845932, 3600, 3600), -- Button
(@OGUID+29, 142219, 90, -560.7374267578125, 643.35821533203125, -325.73779296875, 2.451758623123168945, 0.103088855743408203, -0.03499317169189453, 0.935581207275390625, 0.335910618305206298, 3600, 3600), -- Button
(@OGUID+77, 142475, 90, -563.83349609375, 154.520172119140625, -202.151123046875, -1.98967242240905761, 0, 0, -0.8386697769165039, 0.544640243053436279, 3600, 3600), -- Matrix Punchograph 3005-B
(@OGUID+78, 142475, 90, -550.35662841796875, 101.493408203125, -202.101577758789062, 3.141592741012573242, 0, 0, -1, 0, 3600, 3600), -- Matrix Punchograph 3005-B
(@OGUID+79, 142475, 90, -546.67303466796875, 129.4357147216796875, -202.151290893554687, 1.553341388702392578, 0, 0, 0.700908660888671875, 0.713251054286956787, 3600, 3600), -- Matrix Punchograph 3005-B
(@OGUID+80, 142475, 90, -562.0859375, 125.453857421875, -202.145217895507812, -3.12412309646606445, 0, 0, -0.99996185302734375, 0.008734640665352344, 3600, 3600), -- Matrix Punchograph 3005-B
(@OGUID+81, 142476, 90, -555.49444580078125, 488.075042724609375, -216.810012817382812, -1.81514191627502441, 0, 0, -0.7880105972290039, 0.615661680698394775, 3600, 3600), -- Matrix Punchograph 3005-C
(@OGUID+82, 142476, 90, -554.10394287109375, 487.731597900390625, -216.810012817382812, -1.83259487152099609, 0, 0, -0.79335308074951171, 0.608761727809906005, 3600, 3600), -- Matrix Punchograph 3005-C
(@OGUID+83, 142476, 90, -555.27471923828125, 488.978179931640625, -216.810012817382812, 1.32644820213317871, 0, 0, 0.615660667419433593, 0.788011372089385986, 3600, 3600), -- Matrix Punchograph 3005-C
(@OGUID+84, 142476, 90, -553.8118896484375, 488.616058349609375, -216.810012817382812, 1.308995485305786132, 0, 0, 0.608760833740234375, 0.793353796005249023, 3600, 3600), -- Matrix Punchograph 3005-C
(@OGUID+85, 142477, 90, -459.942718505859375, 634.92633056640625, -325.314544677734375, 2.652900457382202148, 0, 0, 0.970295727252960205, 0.241921901702880859, 300, 300), -- Thermaplugg's Safe
(@OGUID+86, 142487, 90, -519.31585693359375, 163.1196441650390625, -193.730422973632812, 1.064649581909179687, 0, 0, 0.507537841796875, 0.861629426479339599, 3600, 3600), -- The Sparklematic 5200
(@OGUID+87, 142696, 90, -864.41632080078125, 394.92474365234375, -316.429107666015625, 0.645771682262420654, 0, 0, 0.317304611206054687, 0.948323667049407958, 3600, 3600), -- Matrix Punchograph 3005-D
(@OGUID+88, 142696, 90, -842.56201171875, 369.682281494140625, -316.873138427734375, 2.303830623626708984, 0, 0, 0.913544654846191406, 0.406738430261611938, 3600, 3600), -- Matrix Punchograph 3005-D
(@OGUID+89, 142696, 90, -857.8609619140625, 399.91302490234375, -316.423126220703125, -2.47836709022521972, 0, 0, -0.94551849365234375, 0.325568377971649169, 3600, 3600), -- Matrix Punchograph 3005-D
(@OGUID+90, 144065, 90, -541.8658447265625, -98.52813720703125, -155.854598999023437, 0.733038246631622314, 0, 0, 0.358367919921875, 0.933580458164215087, -86400, -86400), -- Explosive Charge
(@OGUID+91, 144065, 90, -535.1761474609375, -105.623939514160156, -156.00067138671875, 0.331610709428787231, 0, 0, 0.16504669189453125, 0.986285746097564697, -86400, -86400), -- Explosive Charge
(@OGUID+92, 144065, 90, -506.603363037109375, -88.8374557495117187, -151.090164184570312, -0.9773830771446228, 0, 0, -0.46947097778320312, 0.882947921752929687, -86400, -86400), -- Explosive Charge
(@OGUID+93, 144065, 90, -503.868988037109375, -97.234527587890625, -150.952056884765625, 1.727874755859375, 0, 0, 0.760405540466308593, 0.649448513984680175, -86400, -86400), -- Explosive Charge
(@OGUID+94, 144179, 90, -547.90301513671875, 167.2587890625, -193.804351806640625, -1.55334138870239257, 0, 0, -0.70090866088867187, 0.713251054286956787, 3600, 3600), -- Mailbox
(@OGUID+95, 146085, 90, -505.09619140625, -93.9730453491210937, -147.813873291015625, -2.77506852149963378, 0, 0, -0.98325443267822265, 0.182238012552261352, 3600, 3600), -- Cave In
(@OGUID+96, 146086, 90, -541.60736083984375, -105.433807373046875, -151.829193115234375, 0.767941832542419433, 0, 0, 0.374605178833007812, 0.927184462547302246, 3600, 3600), -- Cave In
(@OGUID+97, 175084, 90, -550.03338623046875, 206.1480255126953125, -193.722579956054687, -2.05948829650878906, 0, 0, -0.85716724395751953, 0.515038192272186279, 3600, 3600), -- The Sparklematic 5200
(@OGUID+98, 175085, 90, -496.932464599609375, 185.13385009765625, -193.709716796875, 0.977383077144622802, 0, 0, 0.469470977783203125, 0.882947921752929687, 3600, 3600), -- The Sparklematic 5200
(@OGUID+99, 0, 90, -440.17486572265625, 81.8184967041015625, -151.4757080078125, 1.256635904312133789, 0, 0, 0.587784767150878906, 0.809017360210418701, 86400, 86400), -- Large Iron Bound Chest, Large Solid Chest
(@OGUID+100, 0, 90, -622.5821533203125, 123.0704727172851562, -199.645584106445312, -2.28637886047363281, 0, 0, -0.90996074676513671, 0.414694398641586303, 86400, 86400), -- Large Iron Bound Chest, Large Solid Chest
(@OGUID+101, 0, 90, -630.556, 66.5022, -183.275, 2.75762, 0, 0, 0.981627, 0.190809, 86400, 86400), -- Large Iron Bound Chest, Large Solid Chest
(@OGUID+102, 0, 90, -622.664306640625, 51.51460647583007812, -199.645523071289062, 3.054326534271240234, 0, 0, 0.999048233032226562, 0.043619260191917419, 86400, 86400), -- Large Iron Bound Chest, Large Solid Chest
(@OGUID+103, 0, 90, -830.87335205078125, 278.731414794921875, -272.596282958984375, 1.361356139183044433, 0, 0, 0.629320144653320312, 0.77714616060256958, 86400, 86400), -- Large Iron Bound Chest, Large Solid Chest
(@OGUID+104, 0, 90, -754.34356689453125, 363.99951171875, -272.596282958984375, 2.809975385665893554, 0, 0, 0.986285209655761718, 0.165049895644187927, 86400, 86400), -- Large Iron Bound Chest, Large Solid Chest
(@OGUID+201, 142344, 90, -360.867034912109375, 84.975860595703125, -207.894607543945312, 1.815141916275024414, 0, 0, 0.788010597229003906, 0.615661680698394775, 86400, 86400), -- Artificial Extrapolator
(@OGUID+202, 142344, 90, -413.83837890625, 169.739288330078125, -154.024566650390625, 3.124123096466064453, 0, 0, 0.99996185302734375, 0.008734640665352344, 86400, 86400), -- Artificial Extrapolator
(@OGUID+203, 142344, 90, -369.78656005859375, 148.3659820556640625, -208.0203857421875, 4.48549652099609375, 0, 0, -0.7826080322265625, 0.622514784336090087, 86400, 86400), -- Artificial Extrapolator
(@OGUID+204, 142344, 90, -448.322906494140625, 256.703216552734375, -207.906265258789062, 2.024578809738159179, 0, 0, 0.848047256469726562, 0.529920578002929687, 86400, 86400), -- Artificial Extrapolator
(@OGUID+205, 142344, 90, -467.55413818359375, 266.701263427734375, -207.90631103515625, 0.698131442070007324, 0, 0, 0.342020034790039062, 0.939692676067352294, 86400, 86400), -- Artificial Extrapolator
(@OGUID+206, 142344, 90, -618.1143798828125, 124.1502838134765625, -199.649490356445312, 4.660029888153076171, 0, 0, -0.72537422180175781, 0.688354730606079101, 86400, 86400), -- Artificial Extrapolator
(@OGUID+207, 142344, 90, -514.95489501953125, 406.5631103515625, -230.600753784179687, 2.914689540863037109, 0, 0, 0.993571281433105468, 0.113208353519439697, 86400, 86400), -- Artificial Extrapolator
(@OGUID+208, 142344, 90, -537.03717041015625, 437.349609375, -273.068328857421875, 1.378809213638305664, 0, 0, 0.636077880859375, 0.771624863147735595, 86400, 86400), -- Artificial Extrapolator
(@OGUID+209, 142344, 90, -623.8013916015625, 425.115142822265625, -230.600448608398437, 3.45575571060180664, 0, 0, -0.98768806457519531, 0.156436234712600708, 86400, 86400), -- Artificial Extrapolator
(@OGUID+210, 142344, 90, -490.967987060546875, 497.865386962890625, -273.079559326171875, 2.687806606292724609, 0, 0, 0.974370002746582031, 0.224951311945915222, 86400, 86400), -- Artificial Extrapolator
(@OGUID+211, 142344, 90, -447.076812744140625, 513.967529296875, -230.600753784179687, 6.161012649536132812, 0, 0, -0.06104850769042968, 0.998134791851043701, 86400, 86400), -- Artificial Extrapolator
(@OGUID+212, 142344, 90, -531.903564453125, 498.709136962890625, -273.062225341796875, 1.972219824790954589, 0, 0, 0.83388519287109375, 0.55193793773651123, 86400, 86400), -- Artificial Extrapolator
(@OGUID+213, 142344, 90, -666.1739501953125, 424.0733642578125, -230.628143310546875, 2.827429771423339843, 0, 0, 0.987688064575195312, 0.156436234712600708, 86400, 86400), -- Artificial Extrapolator
(@OGUID+214, 142344, 90, -478.249908447265625, 542.68377685546875, -230.601806640625, 0.767943859100341796, 0, 0, 0.374606132507324218, 0.927184045314788818, 86400, 86400), -- Artificial Extrapolator
(@OGUID+215, 142344, 90, -653.17413330078125, 470.924957275390625, -230.60064697265625, 3.176533222198486328, 0, 0, -0.999847412109375, 0.017469281330704689, 86400, 86400), -- Artificial Extrapolator
(@OGUID+216, 142344, 90, -602.54095458984375, 538.517822265625, -273.079559326171875, 5.829400539398193359, 0, 0, -0.22495079040527343, 0.974370121955871582, 86400, 86400), -- Artificial Extrapolator
(@OGUID+217, 142344, 90, -570.64349365234375, 562.81854248046875, -273.079559326171875, 3.90954136848449707, 0, 0, -0.92718315124511718, 0.37460830807685852, 86400, 86400), -- Artificial Extrapolator
(@OGUID+218, 142344, 90, -630.67132568359375, 543.11602783203125, -273.061676025390625, 2.914689540863037109, 0, 0, 0.993571281433105468, 0.113208353519439697, 86400, 86400), -- Artificial Extrapolator
(@OGUID+219, 142344, 90, -573.88409423828125, 581.25836181640625, -230.601882934570312, 2.949595451354980468, 0, 0, 0.995395660400390625, 0.095851235091686248, 86400, 86400), -- Artificial Extrapolator
(@OGUID+220, 142344, 90, -506.715545654296875, 574.52618408203125, -230.601760864257812, 1.884953022003173828, 0, 0, 0.809016227722167968, 0.587786316871643066, 86400, 86400), -- Artificial Extrapolator
(@OGUID+221, 142344, 90, -476.011871337890625, 579.19366455078125, -230.600723266601562, 1.361356139183044433, 0, 0, 0.629320144653320312, 0.77714616060256958, 86400, 86400), -- Artificial Extrapolator
(@OGUID+222, 142344, 90, -842.6995849609375, 340.36236572265625, -316.871734619140625, 6.178466320037841796, 0, 0, -0.05233573913574218, 0.998629570007324218, 86400, 86400), -- Artificial Extrapolator
(@OGUID+223, 142344, 90, -629.11383056640625, 674.70440673828125, -327.0533447265625, -0.52359795570373535, 0, 0, -0.25881862640380859, 0.965925931930541992, 86400, 86400), -- Artificial Extrapolator
(@OGUID+224, 142344, 90, -737.0216064453125, 561.9456787109375, -303.782806396484375, 0.209439441561698913, 0, 0, 0.104528427124023437, 0.994521915912628173, 86400, 86400), -- Artificial Extrapolator
(@OGUID+225, 142344, 90, -856.640869140625, 308.148956298828125, -316.432830810546875, -0.01745246164500713, 0, 0, -0.00872611999511718, 0.999961912631988525, 86400, 86400), -- Artificial Extrapolator
(@OGUID+226, 142344, 90, -842.885009765625, 375.02166748046875, -316.873138427734375, 3.071766138076782226, 0, 0, 0.999390602111816406, 0.034906134009361267, 86400, 86400), -- Artificial Extrapolator
(@OGUID+227, 142344, 90, -812.693359375, 454.520263671875, -308.10400390625, 2.460912704467773437, 0, 0, 0.942641258239746093, 0.333807557821273803, 86400, 86400), -- Artificial Extrapolator
(@OGUID+228, 142344, 90, -705.8123779296875, 415.3502197265625, -273.06207275390625, 1.186823248863220214, 0, 0, 0.559192657470703125, 0.829037725925445556, 86400, 86400), -- Artificial Extrapolator
(@OGUID+229, 142344, 90, -657.83221435546875, 522.97259521484375, -230.6005859375, 1.989672422409057617, 0, 0, 0.838669776916503906, 0.544640243053436279, 86400, 86400), -- Artificial Extrapolator
(@OGUID+230, 142344, 90, -621.2093505859375, 506.055389404296875, -273.065521240234375, -2.28637886047363281, 0, 0, -0.90996074676513671, 0.414694398641586303, 86400, 86400), -- Artificial Extrapolator
(@OGUID+231, 142344, 90, -609.99322509765625, 484.963592529296875, -273.079559326171875, -0.50614458322525024, 0, 0, -0.25037956237792968, 0.968147754669189453, 86400, 86400), -- Artificial Extrapolator
(@OGUID+232, 142344, 90, -624.42022705078125, 584.54364013671875, -230.600616455078125, -2.70525527000427246, 0, 0, -0.97629547119140625, 0.216442063450813293, 86400, 86400), -- Artificial Extrapolator
(@OGUID+233, 142344, 90, -517.681884765625, 555.83966064453125, -273.079559326171875, -1.62315571308135986, 0, 0, -0.72537422180175781, 0.688354730606079101, 86400, 86400), -- Artificial Extrapolator
(@OGUID+234, 142344, 90, -492.235076904296875, 563.6585693359375, -230.601730346679687, -0.22689247131347656, 0, 0, -0.11320304870605468, 0.993571877479553222, 86400, 86400), -- Artificial Extrapolator
(@OGUID+235, 142344, 90, -376.054840087890625, 111.5245437622070312, -154.024490356445312, 1.553341388702392578, 0, 0, 0.700908660888671875, 0.713251054286956787, 86400, 86400), -- Artificial Extrapolator
(@OGUID+236, 142344, 90, -420.608062744140625, 206.1507110595703125, -211.553314208984375, -2.74016189575195312, 0, 0, -0.97992420196533203, 0.199370384216308593, 86400, 86400), -- Artificial Extrapolator
(@OGUID+237, 142344, 90, -878.901123046875, 413.443695068359375, -316.451995849609375, -0.69813150167465209, 0, 0, -0.34202003479003906, 0.939692676067352294, 86400, 86400), -- Artificial Extrapolator
(@OGUID+238, 142344, 90, -545.8074951171875, 282.38128662109375, -208.120834350585937, 0.174532115459442138, 0, 0, 0.087155342102050781, 0.996194720268249511, 86400, 86400), -- Artificial Extrapolator
(@OGUID+239, 142344, 90, -644.21112060546875, 450.836212158203125, -230.6005859375, 2.321286916732788085, 0, 0, 0.917059898376464843, 0.398749500513076782, 86400, 86400), -- Artificial Extrapolator
(@OGUID+240, 142344, 90, -557.41021728515625, 487.71783447265625, -273.061767578125, -0.33161070942878723, 0, 0, -0.16504669189453125, 0.986285746097564697, 86400, 86400), -- Artificial Extrapolator
(@OGUID+241, 142344, 90, -523.27374267578125, 609.42462158203125, -230.600662231445312, 0.802850902080535888, 0, 0, 0.390730857849121093, 0.920504987239837646, 86400, 86400), -- Artificial Extrapolator
(@OGUID+242, 142344, 90, -526.46826171875, 359.33209228515625, -231.520095825195312, 2.024578809738159179, 0, 0, 0.848047256469726562, 0.529920578002929687, 86400, 86400), -- Artificial Extrapolator
(@OGUID+243, 142344, 90, -518.13177490234375, 260.07244873046875, -207.906326293945312, -1.62315571308135986, 0, 0, -0.72537422180175781, 0.688354730606079101, 86400, 86400), -- Artificial Extrapolator
(@OGUID+244, 142344, 90, -540.65423583984375, 489.965118408203125, -273.06201171875, 1.745326757431030273, 0, 0, 0.766043663024902343, 0.642788589000701904, 86400, 86400), -- Artificial Extrapolator
(@OGUID+245, 142344, 90, -671.05560302734375, 430.92364501953125, -273.063720703125, -1.81514191627502441, 0, 0, -0.7880105972290039, 0.615661680698394775, 86400, 86400), -- Artificial Extrapolator
(@OGUID+246, 142344, 90, -523.78363037109375, 384.632049560546875, -231.678924560546875, -2.14675283432006835, 0, 0, -0.87881660461425781, 0.477159708738327026, 86400, 86400), -- Artificial Extrapolator
(@OGUID+247, 142344, 90, -821.03314208984375, 296.943389892578125, -272.596282958984375, 1.745326757431030273, 0, 0, 0.766043663024902343, 0.642788589000701904, 86400, 86400), -- Artificial Extrapolator
(@OGUID+248, 142344, 90, -425.910308837890625, 33.86928176879882812, -207.918701171875, 2.548179388046264648, 0, 0, 0.956304550170898437, 0.292372345924377441, 86400, 86400), -- Artificial Extrapolator
(@OGUID+249, 142344, 90, -613.81292724609375, 50.1167144775390625, -199.6531982421875, 1.518436431884765625, 0, 0, 0.688354551792144775, 0.725374400615692138, 86400, 86400), -- Artificial Extrapolator
(@OGUID+250, 142344, 90, -651.1585693359375, 404.572998046875, -273.0626220703125, 1.431168079376220703, 0, 0, 0.656058311462402343, 0.754710197448730468, 86400, 86400), -- Artificial Extrapolator
(@OGUID+251, 142344, 90, -497.875701904296875, 268.347503662109375, -207.906326293945312, 2.687806606292724609, 0, 0, 0.974370002746582031, 0.224951311945915222, 86400, 86400), -- Artificial Extrapolator
(@OGUID+252, 142344, 90, -495.90673828125, 463.870819091796875, -273.07000732421875, 1.570795774459838867, 0, 0, 0.707106590270996093, 0.707106947898864746, 86400, 86400), -- Artificial Extrapolator
(@OGUID+253, 142344, 90, -484.3883056640625, 524.04888916015625, -273.067596435546875, -1.9547656774520874, 0, 0, -0.82903671264648437, 0.559194147586822509, 86400, 86400), -- Artificial Extrapolator
(@OGUID+254, 142344, 90, -623.62725830078125, 715.78369140625, -327.055694580078125, -1.50098288059234619, 0, 0, -0.68199825286865234, 0.731353819370269775, 86400, 86400), -- Artificial Extrapolator
(@OGUID+255, 142344, 90, -857.70733642578125, 357.31658935546875, -316.873138427734375, -1.97221982479095458, 0, 0, -0.83388519287109375, 0.55193793773651123, 86400, 86400), -- Artificial Extrapolator
(@OGUID+256, 142344, 90, -577.38861083984375, 429.721343994140625, -230.601913452148437, -2.25147342681884765, 0, 0, -0.90258502960205078, 0.430511653423309326, 86400, 86400), -- Artificial Extrapolator
(@OGUID+257, 142344, 90, -618.89825439453125, 546.45562744140625, -230.601943969726562, 2.094393253326416015, 0, 0, 0.866024971008300781, 0.50000077486038208, 86400, 86400), -- Artificial Extrapolator
(@OGUID+258, 142344, 90, -650.2662353515625, 507.4586181640625, -273.0611572265625, 0.174532115459442138, 0, 0, 0.087155342102050781, 0.996194720268249511, 86400, 86400), -- Artificial Extrapolator
(@OGUID+259, 142344, 90, -598.68328857421875, 441.686676025390625, -230.600692749023437, 0.226892471313476562, 0, 0, 0.113203048706054687, 0.993571877479553222, 86400, 86400), -- Artificial Extrapolator
(@OGUID+260, 142344, 90, -440.509765625, 195.7386016845703125, -207.906173706054687, 3.141592741012573242, 0, 0, -1, 0, 86400, 86400), -- Artificial Extrapolator
(@OGUID+261, 142344, 90, -619.78167724609375, 463.78656005859375, -230.601837158203125, 5.70722818374633789, 0, 0, -0.28401470184326171, 0.958819925785064697, 86400, 86400), -- Artificial Extrapolator
(@OGUID+262, 142344, 90, -494.991363525390625, 445.378997802734375, -230.601776123046875, 0.680676698684692382, 0, 0, 0.333806037902832031, 0.942641794681549072, 86400, 86400), -- Artificial Extrapolator
(@OGUID+263, 142344, 90, -640.36639404296875, 115.2567977905273437, -183.8751220703125, 1.500982880592346191, 0, 0, 0.681998252868652343, 0.731353819370269775, 86400, 86400), -- Artificial Extrapolator
(@OGUID+264, 142344, 90, -893.4329833984375, 346.016021728515625, -272.596282958984375, 0.069811686873435974, 0, 0, 0.034898757934570312, 0.999390840530395507, 86400, 86400), -- Artificial Extrapolator
(@OGUID+265, 142344, 90, -737.69610595703125, 252.4298553466796875, -273.079986572265625, 2.862335443496704101, 0, 0, 0.990267753601074218, 0.139175355434417724, 86400, 86400), -- Artificial Extrapolator
(@OGUID+266, 142344, 90, -360.869537353515625, 139.4809417724609375, -154.743301391601562, 0.174532115459442138, 0, 0, 0.087155342102050781, 0.996194720268249511, 86400, 86400), -- Artificial Extrapolator
(@OGUID+267, 142344, 90, -688.6566162109375, 537.41156005859375, -290.291900634765625, 0.069811686873435974, 0, 0, 0.034898757934570312, 0.999390840530395507, 86400, 86400), -- Artificial Extrapolator
(@OGUID+268, 142344, 90, -535.189453125, 309.620269775390625, -216.939651489257812, 5.096362113952636718, 0, 0, -0.55919265747070312, 0.829037725925445556, 86400, 86400), -- Artificial Extrapolator
(@OGUID+269, 142344, 90, -518.07122802734375, 207.9597625732421875, -155.2369384765625, 2.530723094940185546, 0, 0, 0.953716278076171875, 0.300707906484603881, 86400, 86400), -- Artificial Extrapolator
(@OGUID+270, 142344, 90, -688.03631591796875, 441.761199951171875, -273.06207275390625, 1.588248729705810546, 0, 0, 0.713250160217285156, 0.700909554958343505, 86400, 86400), -- Artificial Extrapolator
(@OGUID+271, 142344, 90, -626.22998046875, 534.40582275390625, -230.60186767578125, 0.104719325900077819, 0, 0, 0.052335739135742187, 0.998629570007324218, 86400, 86400), -- Artificial Extrapolator
(@OGUID+272, 142344, 90, -449.445709228515625, 470.80810546875, -230.600616455078125, 6.03883981704711914, 0, 0, -0.12186908721923828, 0.9925462007522583, 86400, 86400), -- Artificial Extrapolator
(@OGUID+273, 142344, 90, -503.16265869140625, 288.4305419921875, -211.551712036132812, -1.65806281566619873, 0, 0, 0.737277328968048095, -0.67559021711349487, 86400, 86400), -- Artificial Extrapolator
(@OGUID+274, 142344, 90, -639.4989013671875, 98.25762939453125, -183.267166137695312, 2.495818138122558593, 0, 0, 0.948323249816894531, 0.317305892705917358, 86400, 86400), -- Artificial Extrapolator
(@OGUID+275, 142344, 90, -614.76513671875, 446.326385498046875, -273.06036376953125, 3.019413232803344726, 0, 0, 0.998134613037109375, 0.061051756143569946, 86400, 86400), -- Artificial Extrapolator
(@OGUID+276, 142344, 90, -554.9232177734375, 524.83038330078125, -273.0625, -1.13446295261383056, 0, 0, -0.53729915618896484, 0.843391716480255126, 86400, 86400), -- Artificial Extrapolator
(@OGUID+277, 142344, 90, -500.24420166015625, 550.9581298828125, -273.070281982421875, 0.680676698684692382, 0, 0, 0.333806037902832031, 0.942641794681549072, 86400, 86400), -- Artificial Extrapolator
(@OGUID+278, 142344, 90, -549.984375, 572.74530029296875, -273.07220458984375, 1.588248729705810546, 0, 0, 0.713250160217285156, 0.700909554958343505, 86400, 86400), -- Artificial Extrapolator
(@OGUID+279, 142344, 90, -780.9912109375, 192.0969696044921875, -273.08209228515625, 6.03883981704711914, 0, 0, -0.12186908721923828, 0.9925462007522583, 86400, 86400), -- Artificial Extrapolator
(@OGUID+280, 142344, 90, -573.16571044921875, 358.568756103515625, -231.678955078125, 1.308995485305786132, 0, 0, 0.608760833740234375, 0.793353796005249023, 86400, 86400), -- Artificial Extrapolator
(@OGUID+281, 142344, 90, -560.135498046875, 587.78936767578125, -230.601730346679687, 2.984513044357299804, 0, 0, 0.996917307376861572, 0.078459084033966064, 86400, 86400), -- Artificial Extrapolator
(@OGUID+282, 142344, 90, -771.77520751953125, 368.892181396484375, -272.590240478515625, -0.7155848741531372, 0, 0, -0.35020732879638671, 0.936672210693359375, 86400, 86400), -- Artificial Extrapolator
(@OGUID+283, 142344, 90, -441.08892822265625, 235.0667572021484375, -207.907196044921875, 0.890116631984710693, 0, 0, 0.430510520935058593, 0.902585566043853759, 86400, 86400), -- Artificial Extrapolator
(@OGUID+284, 142344, 90, -737.90478515625, 683.43487548828125, -330.78277587890625, -1.15191638469696044, 0, 0, -0.54463863372802734, 0.838670849800109863, 86400, 86400), -- Artificial Extrapolator
(@OGUID+285, 142344, 90, -835.57879638671875, 507.531402587890625, -303.937225341796875, -1.60570168495178222, 0, 0, -0.71933937072753906, 0.694658815860748291, 86400, 86400), -- Artificial Extrapolator
(@OGUID+286, 142344, 90, -824.70501708984375, 434.836822509765625, -272.596466064453125, -1.81514191627502441, 0, 0, -0.7880105972290039, 0.615661680698394775, 86400, 86400), -- Artificial Extrapolator
(@OGUID+287, 142344, 90, -474.89752197265625, 39.90073013305664062, -207.411346435546875, 5.585053920745849609, 0, 0, -0.34202003479003906, 0.939692676067352294, 86400, 86400), -- Artificial Extrapolator
(@OGUID+288, 142344, 90, -798.8680419921875, 397.023406982421875, -316.432891845703125, 2.70525527000427246, 0, 0, 0.97629547119140625, 0.216442063450813293, 86400, 86400), -- Artificial Extrapolator
(@OGUID+289, 142344, 90, -508.93499755859375, 436.862274169921875, -230.601882934570312, 3.054326534271240234, 0, 0, 0.999048233032226562, 0.043619260191917419, 86400, 86400), -- Artificial Extrapolator
(@OGUID+290, 142344, 90, -565.75933837890625, 306.405914306640625, -213.011642456054687, 1.623155713081359863, 0, 0, 0.725374221801757812, 0.688354730606079101, 86400, 86400), -- Artificial Extrapolator
(@OGUID+291, 142344, 90, -676.9036865234375, 694.759033203125, -331.384033203125, -1.08210289478302001, 0, 0, -0.51503753662109375, 0.857167601585388183, 86400, 86400), -- Artificial Extrapolator
(@OGUID+292, 142344, 90, -585.42926025390625, 401.096710205078125, -230.600555419921875, 1.972219824790954589, 0, 0, 0.83388519287109375, 0.55193793773651123, 86400, 86400), -- Artificial Extrapolator
(@OGUID+293, 142344, 90, -750.604, 633.824, -314.793, -2.25148, 0, 0, 0.902585, -0.430511, 86400, 86400); -- Artificial Extrapolator

INSERT INTO `gameobject_addon` (`guid`, `animprogress`, `state`) VALUES
(@OGUID+14, 0, -1),
(@OGUID+15, 0, -1),
(@OGUID+16, 0, -1),
(@OGUID+90, 0, -1),
(@OGUID+91, 0, -1),
(@OGUID+92, 0, -1),
(@OGUID+93, 0, -1);

INSERT INTO `gameobject_spawn_entry` (`guid`, `entry`) VALUES
(@OGUID+1, 3659), (@OGUID+1, 3695), -- Barrel of Melon Juice, Food Crate
(@OGUID+2, 3659), (@OGUID+2, 3695), -- Barrel of Melon Juice, Food Crate
(@OGUID+99, 74447), (@OGUID+99, 74448), -- Large Iron Bound Chest, Large Solid Chest
(@OGUID+100, 74447), (@OGUID+100, 74448), -- Large Iron Bound Chest, Large Solid Chest
(@OGUID+101, 74447), (@OGUID+101, 74448), -- Large Iron Bound Chest, Large Solid Chest
(@OGUID+102, 74447), (@OGUID+102, 74448), -- Large Iron Bound Chest, Large Solid Chest
(@OGUID+103, 74447), (@OGUID+103, 74448), -- Large Iron Bound Chest, Large Solid Chest
(@OGUID+104, 74447), (@OGUID+104, 74448); -- Large Iron Bound Chest, Large Solid Chest

-- ======
-- EVENTS
-- ======

-- INSERT INTO `game_event_creature` (`guid`, `event`) VALUES
-- INSERT INTO `game_event_creature_data` (`guid`, `entry_id`, `modelid`, `equipment_id`, `spell_start`, `spell_end`, `event`) VALUES
-- INSERT INTO `game_event_gameobject` (`guid`, `event`) VALUES

-- ============
-- SPAWN GROUPS
-- ============

-- INSERT INTO `spawn_group` (`Id`, `Name`, `Type`, `MaxCount`, `WorldState`, `Flags`) VALUES
-- INSERT INTO `spawn_group_entry` (`Id`, `Entry`, `MinCount`, `MaxCount`, `Chance`) VALUES
-- INSERT INTO `spawn_group_spawn` (`Id`, `Guid`, `SlotId`, `Chance`) VALUES
-- INSERT INTO `spawn_group_formation` (`Id`, `FormationType`, `FormationSpread`, `FormationOptions`, `PathId`, `MovementType`, `Comment`) VALUES
-- INSERT INTO `waypoint_path_name` (`PathId`, `Name`) VALUES
-- INSERT INTO `waypoint_path` (`PathId`, `Point`, `PositionX`, `PositionY`, `PositionZ`, `Orientation`, `WaitTime`, `ScriptId`, `Comment`) VALUES

-- =======
-- POOLING
-- =======

-- INSERT INTO `pool_pool` (`pool_id`, `mother_pool`, `chance`, `description`) VALUES

INSERT INTO `pool_template` (`entry`, `max_limit`, `description`) VALUES
(@PGUID+1, 1, 'Gnomeregan - Dark Iron Ambassador (6228)'),
(@PGUID+2, 1, 'Gnomeregan - Kernobee (7850)'),
(@PGUID+51, 70, 'Gnomeregan - Artificial Extrapolator (142344)'), -- ~60
(@PGUID+91, 1, 'Gnomeregan (The Hall of Gears) - Chest Pool'),
(@PGUID+92, 1, 'Gnomeregan (The Dormitory) - Chest Pool'),
(@PGUID+93, 1, 'Gnomeregan (Engineering Labs) - Chest Pool');

INSERT INTO `pool_creature` (`guid`, `pool_entry`, `chance`, `description`) VALUES
(@CGUID+50, @PGUID+1, 70, 'Gnomeregan - Dark Iron Ambassador (Substitute)'),
(@CGUID+180, @PGUID+1, 30, 'Gnomeregan - Dark Iron Ambassador (6228)');

INSERT INTO `pool_creature_template` (`id`, `pool_entry`, `chance`, `description`) VALUES
(7850, @PGUID+2, 0, 'Gnomeregan - Kernobee (7850)');

INSERT INTO `pool_gameobject` (`guid`, `pool_entry`, `chance`, `description`) VALUES
(@OGUID+99, @PGUID+91, 0, 'Gnomeregan (The Hall of Gears) - Large Iron Bound Chest, Large Solid Chest (74447,74448)'),
(@OGUID+100, @PGUID+92, 0, 'Gnomeregan (The Dormitory) - Large Iron Bound Chest, Large Solid Chest (74447,74448)'),
(@OGUID+101, @PGUID+92, 0, 'Gnomeregan (The Dormitory) - Large Iron Bound Chest, Large Solid Chest (74447,74448)'),
(@OGUID+102, @PGUID+92, 0, 'Gnomeregan (The Dormitory) - Large Iron Bound Chest, Large Solid Chest (74447,74448)'),
(@OGUID+103, @PGUID+93, 0, 'Gnomeregan (Engineering Labs) - Large Iron Bound Chest, Large Solid Chest (74447,74448)'),
(@OGUID+104, @PGUID+93, 0, 'Gnomeregan (Engineering Labs) - Large Iron Bound Chest, Large Solid Chest (74447,74448)');

INSERT INTO `pool_gameobject_template` (`id`, `pool_entry`, `chance`, `description`) VALUES
(142344, @PGUID+51, 0, 'Gnomeregan - Artificial Extrapolator (142344)');

-- =========
-- DBSCRIPTS
-- =========

-- INSERT INTO `dbscripts_on_creature_movement` (`id`, `delay`, `command`, `datalong`, `datalong2`, `datalong3`, `buddy_entry`, `search_radius`, `data_flags`, `dataint`, `dataint2`, `dataint3`, `dataint4`, `x`, `y`, `z`, `o`, `comments`) VALUES
-- INSERT INTO `dbscripts_on_creature_death` (`id`, `delay`, `command`, `datalong`, `datalong2`, `datalong3`, `buddy_entry`, `search_radius`, `data_flags`, `dataint`, `dataint2`, `dataint3`, `dataint4`, `x`, `y`, `z`, `o`, `comments`) VALUES
-- INSERT INTO `dbscripts_on_go_use` (`id`, `delay`, `command`, `datalong`, `datalong2`, `datalong3`, `buddy_entry`, `search_radius`, `data_flags`, `dataint`, `dataint2`, `dataint3`, `dataint4`, `x`, `y`, `z`, `o`, `comments`) VALUES
-- INSERT INTO `dbscripts_on_go_template_use` (`id`, `delay`, `command`, `datalong`, `datalong2`, `datalong3`, `buddy_entry`, `search_radius`, `data_flags`, `dataint`, `dataint2`, `dataint3`, `dataint4`, `x`, `y`, `z`, `o`, `comments`) VALUES
-- INSERT INTO `dbscripts_on_relay` (`id`, `delay`, `command`, `datalong`, `datalong2`, `datalong3`, `buddy_entry`, `search_radius`, `data_flags`, `dataint`, `dataint2`, `dataint3`, `dataint4`, `x`, `y`, `z`, `o`, `comments`) VALUES
-- INSERT INTO `dbscripts_on_event` (`id`, `delay`, `command`, `datalong`, `datalong2`, `datalong3`, `buddy_entry`, `search_radius`, `data_flags`, `dataint`, `dataint2`, `dataint3`, `dataint4`, `x`, `y`, `z`, `o`, `comments`) VALUES
-- INSERT INTO `dbscripts_on_spell` (`id`, `delay`, `command`, `datalong`, `datalong2`, `datalong3`, `buddy_entry`, `search_radius`, `data_flags`, `dataint`, `dataint2`, `dataint3`, `dataint4`, `x`, `y`, `z`, `o`, `comments`) VALUES
-- INSERT INTO `dbscripts_on_gossip` (`id`, `delay`, `command`, `datalong`, `datalong2`, `datalong3`, `buddy_entry`, `search_radius`, `data_flags`, `dataint`, `dataint2`, `dataint3`, `dataint4`, `x`, `y`, `z`, `o`, `comments`) VALUES
-- INSERT INTO `dbscripts_on_quest_start` (`id`, `delay`, `command`, `datalong`, `datalong2`, `datalong3`, `buddy_entry`, `search_radius`, `data_flags`, `dataint`, `dataint2`, `dataint3`, `dataint4`, `x`, `y`, `z`, `o`, `comments`) VALUES
-- INSERT INTO `dbscripts_on_quest_end` (`id`, `delay`, `command`, `datalong`, `datalong2`, `datalong3`, `buddy_entry`, `search_radius`, `data_flags`, `dataint`, `dataint2`, `dataint3`, `dataint4`, `x`, `y`, `z`, `o`, `comments`) VALUES
-- INSERT INTO `dbscript_random_templates` (`id`, `type`, `target_id`, `chance`, `comments`) VALUES


