/* DBScriptData
DBName: Zul'Gurub
DBScriptName: instance_zulgurub
DB%Complete: 81
DBComment:
* Investigate Muddy Churning Waters (180369) pooling
* Investigate Herb (180164,180165,180166,180167,180168) pooling
* Edge of Madness 4x3 Mad Servant Patrols, out one run on, three others walk (Imp Patrols)
-- 180228/180229 50/50 go_spawn_grp?
EndDBScriptData */

SET @CGUID := 3090000; -- creatures
SET @OGUID := 3090000; -- gameobjects
SET @PGUID := 46700; -- pools
SET @GROUP_ID := 3090000;
SET @PATH_ID := 3090000;

-- =========
-- CREATURES
-- =========

INSERT INTO `creature_movement` (`id`, `point`, `PositionX`, `PositionY`, `PositionZ`, `orientation`, `waittime`, `ScriptId`) VALUES
(@CGUID+130, 1, -11835.700195, -1610.337646, 40.745636, 0, 0, 0),
(@CGUID+130, 2, -11843.541992, -1594.495361, 40.751762, 5.385863, 30000, 0),
(@CGUID+130, 3, -11835.700195, -1610.337646, 40.745636, 0, 0, 0),
(@CGUID+130, 4, -11833.859375, -1669.224609, 37.000687, 0, 0, 0),
(@CGUID+130, 5, -11833.910156, -1687.797241, 40.745869, 0, 0, 0),
(@CGUID+130, 6, -11839.220703, -1702.403320, 40.748905, 0, 0, 0),
(@CGUID+130, 7, -11827.687500, -1693.946289, 40.747974, 0, 0, 0),
(@CGUID+130, 8, -11795.183594, -1693.995483, 52.903801, 0, 0, 0),
(@CGUID+130, 9, -11791.017578, -1684.056519, 52.883823, 0, 0, 0),
(@CGUID+130, 10, -11805.194336, -1673.667969, 52.919411, 0.7853981, 33000, 1134001),
(@CGUID+130, 11, -11791.017578, -1684.056519, 52.883823, 0, 0, 0),
(@CGUID+130, 12, -11795.183594, -1693.995483, 52.903801, 0, 0, 0),
(@CGUID+130, 13, -11827.687500, -1693.946289, 40.747974, 0, 0, 0),
(@CGUID+130, 14, -11839.220703, -1702.403320, 40.748905, 0, 0, 0),
(@CGUID+130, 15, -11833.910156, -1687.797241, 40.745869, 0, 0, 0),
(@CGUID+130, 16, -11833.859375, -1669.224609, 37.000687, 0, 0, 0),
(@CGUID+131, 1, -11738.025391, -1659.748291, 36.999336, 0, 0, 0),
(@CGUID+131, 2, -11742.348633, -1606.971558, 40.747501, 0, 0, 0),
(@CGUID+131, 3, -11737.596680, -1593.075928, 40.752407, 4.262742, 30000, 0),
(@CGUID+131, 4, -11744.348633, -1606.971558, 40.747501, 0, 0, 0),
(@CGUID+131, 5, -11740.620117, -1627.335815, 37.001595, 0, 0, 0),
(@CGUID+131, 6, -11738.025391, -1659.748291, 36.999336, 0, 0, 0),
(@CGUID+131, 7, -11739.377930, -1681.274414, 40.739235, 100, 1000, 0),
(@CGUID+131, 8, -11740.332031, -1692.514404, 40.748524, 100, 1000, 0),
(@CGUID+131, 9, -11770.084961, -1691.659302, 52.917057, 0, 0, 0),
(@CGUID+131, 10, -11780.092773, -1685.940063, 52.887684, 0, 0, 0),
(@CGUID+131, 11, -11769.211914, -1670.690430, 52.920387, 2.3001194, 60000, 1134002),
(@CGUID+131, 12, -11780.092773, -1685.940063, 52.887684, 0, 0, 0),
(@CGUID+131, 13, -11770.084961, -1691.659302, 52.917057, 0, 0, 0),
(@CGUID+131, 14, -11740.332031, -1692.514404, 40.748524, 0, 0, 0),
(@CGUID+131, 15, -11739.377930, -1681.274414, 40.739235, 0, 0, 0),
(@CGUID+169, 1, -12244.9, -1419.02, 130.601, 0, 0, 0),
(@CGUID+169, 2, -12264.1, -1424.68, 130.601, 0, 0, 0),
(@CGUID+169, 3, -12278.6, -1443.49, 130.601, 0, 0, 0),
(@CGUID+169, 4, -12263.1, -1462.14, 130.652, 0, 0, 0),
(@CGUID+169, 5, -12240.3, -1466.63, 130.601, 0, 0, 0),
(@CGUID+169, 6, -12223.6, -1453.73, 130.603, 0, 0, 0),
(@CGUID+169, 7, -12224.3, -1432.33, 130.602, 0, 0, 0),
(@CGUID+169, 8, -12237.2, -1418.88, 130.717, 0, 0, 0),
(@CGUID+170, 1, -12206.7, -1461.37, 131.274, 0, 0, 0),
(@CGUID+170, 2, -12194.1, -1461.65, 131.574, 0, 0, 0),
(@CGUID+170, 3, -12176.1, -1459.42, 130.607, 0, 0, 0),
(@CGUID+170, 4, -12152.8, -1457.41, 130.601, 0, 0, 0),
(@CGUID+170, 5, -12126.3, -1459.62, 130.601, 0, 0, 0),
(@CGUID+170, 6, -12111.6, -1467.74, 130.601, 0, 0, 0),
(@CGUID+170, 7, -12129.8, -1463.4, 130.601, 0, 0, 0),
(@CGUID+170, 8, -12148.9, -1461.91, 130.601, 0, 0, 0),
(@CGUID+170, 9, -12166.5, -1461.25, 130.622, 0, 0, 0),
(@CGUID+170, 10, -12187.5, -1459.55, 130.957, 0, 0, 0),
(@CGUID+170, 11, -12208.7, -1461.66, 131.213, 0, 0, 0),
(@CGUID+171, 1, -12211.1, -1466.82, 130.738, 0, 0, 0),
(@CGUID+171, 2, -12196.7, -1468.15, 130.886, 0, 0, 0),
(@CGUID+171, 3, -12182.8, -1467.57, 130.728, 0, 0, 0),
(@CGUID+171, 4, -12168.9, -1465.35, 130.605, 0, 0, 0),
(@CGUID+171, 5, -12156.9, -1465.64, 131.184, 0, 0, 0),
(@CGUID+171, 6, -12144.3, -1464.74, 130.6, 0, 0, 0),
(@CGUID+171, 7, -12153.9, -1458.21, 130.602, 0, 0, 0),
(@CGUID+171, 8, -12167.3, -1456.28, 130.62, 0, 0, 0),
(@CGUID+171, 9, -12188.2, -1454.3, 130.6, 0, 0, 0),
(@CGUID+171, 10, -12197.2, -1444.23, 131.037, 0, 0, 0),
(@CGUID+171, 11, -12204.1, -1433.72, 131.145, 0, 0, 0),
(@CGUID+171, 12, -12214.6, -1431.26, 130.6, 0, 0, 0),
(@CGUID+171, 13, -12218.8, -1441.48, 130.6, 0, 0, 0),
(@CGUID+171, 14, -12211.8, -1465.1, 130.735, 0, 0, 0),
(@CGUID+175, 1, -11621.6, -1482.01, 46.7243, 0, 0, 0),
(@CGUID+175, 2, -11619.1, -1472.54, 48.942, 0, 0, 0),
(@CGUID+175, 3, -11616.7, -1458.74, 52.5117, 0, 0, 0),
(@CGUID+175, 4, -11616.6, -1442.46, 56.6052, 0, 0, 0),
(@CGUID+175, 5, -11617.8, -1415.62, 61.9263, 0, 0, 0),
(@CGUID+175, 6, -11617.4, -1404.97, 64.913, 0, 0, 0),
(@CGUID+175, 7, -11616.5, -1364.04, 76.3196, 0, 0, 0),
(@CGUID+175, 8, -11618.2, -1403.65, 65.397, 0, 0, 0),
(@CGUID+175, 9, -11618.6, -1413.44, 62.3165, 0, 0, 0),
(@CGUID+175, 10, -11617.9, -1439.09, 57.3167, 0, 0, 0),
(@CGUID+175, 11, -11617.9, -1460.08, 52.0665, 0, 0, 0),
(@CGUID+175, 12, -11619.2, -1469.87, 49.5434, 0, 0, 0),
(@CGUID+175, 13, -11627.1, -1495.7, 44.0402, 0, 0, 0),
(@CGUID+175, 14, -11632, -1503.14, 42.2588, 0, 0, 0),
(@CGUID+175, 15, -11640.9, -1511.29, 40.1723, 0, 0, 0),
(@CGUID+175, 16, -11630.4, -1500.17, 42.928, 0, 0, 0),
(@CGUID+175, 17, -11624.9, -1489.5, 45.1543, 0, 0, 0),
(@CGUID+181, 01, -11892.4951171875, -1857.2500000000000, 63.026908874511718750, 100, 0, 0),
(@CGUID+181, 02, -11922.2255859375, -1844.5981445312500, 58.643447875976562500, 100, 0, 0),
(@CGUID+181, 03, -11943.4892578125, -1843.0251464843750, 56.276336669921875000, 100, 0, 0),
(@CGUID+181, 04, -11955.5322265625, -1833.0516357421875, 55.080913543701171870, 100, 0, 0),
(@CGUID+181, 05, -11953.8310546875, -1798.9094238281250, 53.284046173095703120, 100, 0, 0),
(@CGUID+181, 06, -11956.3964843750, -1766.9594726562500, 53.534046173095703120, 100, 0, 0),
(@CGUID+181, 07, -11968.8564453125, -1756.7725830078125, 53.229122161865234370, 100, 0, 0),
(@CGUID+181, 08, -11999.7802734375, -1753.2364501953125, 54.840938568115234370, 100, 0, 0),
(@CGUID+181, 09, -12033.0712890625, -1750.8511962890625, 55.646064758300781250, 100, 0, 0),
(@CGUID+181, 10, -12050.4570312500, -1766.3370361328125, 60.718105316162109370, 100, 0, 0),
(@CGUID+181, 11, -12066.4062500000, -1786.6547851562500, 69.817367553710937500, 100, 0, 0),
(@CGUID+182, 1, -12326.9, -1867.14, 130.261, 0, 0, 0),
(@CGUID+182, 2, -12323.9, -1854.4, 130.261, 0, 0, 0),
(@CGUID+182, 3, -12314.1, -1863.58, 130.261, 0, 0, 0),
(@CGUID+182, 4, -12307.6, -1870.95, 130.261, 0, 0, 0),
(@CGUID+182, 5, -12297.4, -1891.95, 130.261, 0, 0, 0),
(@CGUID+182, 6, -12293.5, -1897.16, 130.261, 0, 0, 0),
(@CGUID+182, 7, -12298.7, -1890.01, 130.261, 0, 0, 0),
(@CGUID+182, 8, -12307.2, -1871.38, 130.261, 0, 0, 0),
(@CGUID+182, 9, -12324.6, -1854.02, 130.261, 0, 0, 0),
(@CGUID+182, 10, -12320.1, -1836.85, 130.261, 0, 0, 0),
(@CGUID+182, 11, -12302.4, -1829.73, 130.263, 0, 0, 0),
(@CGUID+182, 12, -12292.9, -1820.72, 130.261, 0, 0, 0),
(@CGUID+182, 13, -12244.9, -1820.63, 130.205, 0, 0, 0),
(@CGUID+182, 14, -12292.4, -1821.75, 130.262, 0, 0, 0),
(@CGUID+182, 15, -12323, -1836.59, 130.259, 0, 0, 0),
(@CGUID+182, 16, -12341.3, -1832.95, 130.399, 0, 0, 0),
(@CGUID+182, 17, -12321.7, -1836.53, 130.261, 0, 0, 0),
(@CGUID+182, 18, -12324.4, -1854.5, 130.259, 0, 0, 0),
(@CGUID+182, 19, -12329.5, -1874.39, 130.259, 0, 0, 0),
(@CGUID+182, 20, -12348.3, -1883.78, 130.259, 0, 0, 0),
(@CGUID+182, 21, -12329.9, -1875.18, 130.259, 0, 0, 0),
(@CGUID+183, 1, -12100.7, -1478.6, 128.777, 0, 0, 0),
(@CGUID+183, 2, -12081.9, -1478.66, 115.191, 0, 0, 0),
(@CGUID+183, 3, -12061.4, -1478.62, 96.7433, 0, 0, 0),
(@CGUID+183, 4, -12047.9, -1478.67, 85.3339, 0, 0, 0),
(@CGUID+183, 5, -12043.7, -1479.09, 82.8398, 0, 0, 0),
(@CGUID+183, 6, -12033.4, -1483.15, 80.0855, 0, 0, 0),
(@CGUID+183, 7, -12025.4, -1500.97, 77.2523, 0, 0, 0),
(@CGUID+183, 8, -12026.8, -1511.1, 74.7618, 0, 0, 0),
(@CGUID+183, 9, -12016.7, -1516.81, 68.7344, 0, 0, 0),
(@CGUID+183, 10, -11998.2, -1519.4, 57.982, 0, 0, 0),
(@CGUID+183, 11, -11977.9, -1522.16, 45.8973, 0, 0, 0),
(@CGUID+183, 12, -11960.7, -1529.38, 40.4502, 0, 0, 0),
(@CGUID+183, 13, -11945, -1541.14, 39.5946, 0, 0, 0),
(@CGUID+183, 14, -11960.9, -1527.12, 40.631, 0, 0, 0),
(@CGUID+183, 15, -11968.2, -1525.47, 42.4912, 0, 0, 0),
(@CGUID+183, 16, -11986.6, -1522.15, 50.431, 0, 0, 0),
(@CGUID+183, 17, -12006.4, -1519.31, 62.7144, 0, 0, 0),
(@CGUID+183, 18, -12020.3, -1517.32, 70.7796, 0, 0, 0),
(@CGUID+183, 19, -12029.1, -1505.31, 76.7859, 0, 0, 0),
(@CGUID+183, 20, -12028.7, -1485.79, 79.7765, 0, 0, 0),
(@CGUID+183, 21, -12040.9, -1478.23, 81.4759, 0, 0, 0),
(@CGUID+183, 22, -12049.5, -1478.19, 86.4478, 0, 0, 0),
(@CGUID+183, 23, -12065.3, -1478.53, 100.228, 0, 0, 0),
(@CGUID+183, 24, -12073.8, -1478.59, 108.016, 0, 0, 0),
(@CGUID+183, 25, -12086.8, -1478.22, 118.872, 0, 0, 0),
(@CGUID+183, 26, -12100.8, -1477.74, 128.861, 0, 0, 0),
(@CGUID+188, 01, -11804.3564453125, -1849.8797607421875, 47.52538681030273437, 100, 0, 0),
(@CGUID+188, 02, -11818.4921875000, -1834.6610107421875, 50.14477157592773437, 100, 0, 0),
(@CGUID+188, 03, -11831.5546875000, -1812.5004882812500, 51.02405548095703125, 100, 0, 0),
(@CGUID+188, 04, -11865.9501953125, -1811.2943115234375, 51.13472366333007812, 100, 0, 0),
(@CGUID+188, 05, -11901.0634765625, -1811.8311767578125, 51.26236343383789062, 100, 0, 0),
(@CGUID+188, 06, -11931.6074218750, -1808.4896240234375, 51.38736343383789062, 100, 0, 0),
(@CGUID+188, 07, -11954.1220703125, -1805.8005371093750, 52.85972213745117187, 100, 0, 0),
(@CGUID+188, 08, -11957.2587890625, -1768.3781738281250, 53.47520828247070312, 100, 0, 0),
(@CGUID+188, 09, -11977.5214843750, -1753.1750488281250, 52.67980575561523437, 100, 0, 0),
(@CGUID+189, 1, -11716.8, -1356.8, 61.7656, 0, 0, 0),
(@CGUID+189, 2, -11713.5, -1365.04, 60.6086, 0, 0, 0),
(@CGUID+189, 3, -11719, -1371.42, 56.068, 0, 0, 0),
(@CGUID+189, 4, -11723.7, -1389.47, 45.1872, 0, 0, 0),
(@CGUID+189, 5, -11735.4, -1392.61, 38.5627, 0, 0, 0),
(@CGUID+189, 6, -11728.8, -1392.48, 42.4512, 0, 0, 0),
(@CGUID+189, 7, -11719.1, -1386.85, 48.122, 0, 0, 0),
(@CGUID+189, 8, -11702.3, -1381.2, 58.4623, 0, 0, 0),
(@CGUID+189, 9, -11693, -1380.68, 60.7425, 0, 0, 0),
(@CGUID+189, 10, -11678.7, -1399.05, 58.9748, 0, 0, 0),
(@CGUID+189, 11, -11669.2, -1409.96, 58.5615, 0, 0, 0),
(@CGUID+189, 12, -11656.9, -1414.01, 58.5992, 0, 0, 0),
(@CGUID+189, 13, -11645.5, -1422.05, 58.6073, 0, 0, 0),
(@CGUID+189, 14, -11616.7, -1434.3, 58.398, 0, 0, 0),
(@CGUID+189, 15, -11639.2, -1424.09, 58.7624, 0, 0, 0),
(@CGUID+189, 16, -11671.4, -1408.24, 58.6306, 0, 0, 0),
(@CGUID+189, 17, -11676.4, -1401.48, 58.8433, 0, 0, 0),
(@CGUID+189, 18, -11694.2, -1379.85, 60.6373, 0, 0, 0),
(@CGUID+189, 19, -11712.7, -1359.47, 61.7394, 0, 0, 0),
(@CGUID+189, 20, -11723.1, -1347.46, 62.4024, 0, 0, 0),
(@CGUID+190, 1, -12182.7, -1680.53, 104.765, 0, 0, 0),
(@CGUID+190, 2, -12194.8, -1680.38, 111.035, 0, 0, 0),
(@CGUID+190, 3, -12228.3, -1680.66, 126.691, 0, 0, 0),
(@CGUID+190, 4, -12211.5, -1680.84, 119.025, 0, 0, 0),
(@CGUID+190, 5, -12181.3, -1681.58, 103.956, 0, 0, 0),
(@CGUID+190, 6, -12154.7, -1680.87, 90.4194, 0, 0, 0),
(@CGUID+190, 7, -12134.1, -1681.52, 82.1459, 0, 0, 0),
(@CGUID+190, 8, -12128.5, -1681.93, 80.6856, 0, 0, 0),
(@CGUID+190, 9, -12115.2, -1689.62, 80.2013, 0, 0, 0),
(@CGUID+190, 10, -12118, -1712.73, 80.1763, 0, 0, 0),
(@CGUID+190, 11, -12118.1, -1738.37, 80.1436, 0, 0, 0),
(@CGUID+190, 12, -12118.2, -1768.21, 80.1161, 0, 0, 0),
(@CGUID+190, 13, -12117.1, -1791.52, 80.1708, 0, 0, 0),
(@CGUID+190, 14, -12117.8, -1774.03, 80.1387, 0, 0, 0),
(@CGUID+190, 15, -12118, -1756.53, 80.1393, 0, 0, 0),
(@CGUID+190, 16, -12117.9, -1704.03, 80.1194, 0, 0, 0),
(@CGUID+190, 17, -12118.8, -1684.7, 80.0882, 0, 0, 0),
(@CGUID+190, 18, -12131.8, -1681.45, 81.4656, 0, 0, 0),
(@CGUID+190, 19, -12149.2, -1680.87, 87.8471, 0, 0, 0),
(@CGUID+190, 20, -12169.9, -1680.16, 98.1292, 0, 0, 0),
(@CGUID+191, 1, -11610.4, -1746.11, 38.7347, 0, 0, 0),
(@CGUID+191, 2, -11612.5, -1759, 38.7347, 0, 0, 0),
(@CGUID+191, 3, -11615.4, -1776.23, 39.997, 0, 0, 0),
(@CGUID+191, 4, -11618.7, -1797.23, 40.4412, 0, 0, 0),
(@CGUID+191, 5, -11631.5, -1809.17, 40.4412, 0, 0, 0),
(@CGUID+191, 6, -11647.9, -1826.99, 40.4412, 0, 0, 0),
(@CGUID+191, 7, -11673.8, -1846.99, 40.4412, 0, 0, 0),
(@CGUID+191, 8, -11711.6, -1850.8, 40.4952, 0, 0, 0),
(@CGUID+191, 9, -11702.3, -1850.48, 40.4598, 0, 0, 0),
(@CGUID+191, 10, -11681.4, -1848.55, 40.44, 0, 0, 0),
(@CGUID+191, 11, -11650.5, -1831.52, 40.44, 0, 0, 0),
(@CGUID+191, 12, -11626.4, -1806.19, 40.44, 0, 0, 0),
(@CGUID+191, 13, -11614.3, -1781.23, 40.3366, 0, 0, 0),
(@CGUID+191, 14, -11612, -1766.01, 38.9322, 0, 0, 0),
(@CGUID+191, 15, -11610.1, -1738.09, 38.7351, 0, 0, 0),
(@CGUID+191, 16, -11613.5, -1721.63, 38.7351, 0, 0, 0),
(@CGUID+191, 17, -11619.5, -1703.96, 38.7548, 0, 0, 0),
(@CGUID+191, 18, -11613.4, -1685.96, 38.7345, 0, 0, 0),
(@CGUID+191, 19, -11612.4, -1680.45, 38.7345, 0, 0, 0),
(@CGUID+191, 20, -11615.1, -1654.49, 38.7345, 0, 0, 0),
(@CGUID+191, 21, -11618, -1622.16, 38.8631, 0, 0, 0),
(@CGUID+191, 22, -11620.6, -1641.07, 38.7472, 0, 0, 0),
(@CGUID+191, 23, -11612.4, -1665.86, 38.7352, 0, 0, 0),
(@CGUID+191, 24, -11617.4, -1699.63, 38.7464, 0, 0, 0),
(@CGUID+191, 25, -11617.2, -1715.19, 38.7344, 0, 0, 0),
(@CGUID+191, 26, -11611.8, -1734.82, 38.7344, 0, 0, 0),
(@CGUID+192, 1, -11563.8, -1475.05, 65.1432, 0, 0, 0),
(@CGUID+192, 2, -11558, -1476.72, 66.5984, 0, 0, 0),
(@CGUID+192, 3, -11549.3, -1479.94, 68.9231, 0, 0, 0),
(@CGUID+192, 4, -11532, -1488.93, 77.2121, 0, 0, 0),
(@CGUID+192, 5, -11550.5, -1479.94, 68.509, 0, 0, 0),
(@CGUID+192, 6, -11563.7, -1475.56, 65.2034, 0, 0, 0),
(@CGUID+192, 7, -11568.5, -1478.53, 62.9759, 0, 0, 0),
(@CGUID+192, 8, -11573.5, -1481.9, 59.7566, 0, 0, 0),
(@CGUID+192, 9, -11578.5, -1487.46, 55.5121, 0, 0, 0),
(@CGUID+192, 10, -11586, -1496.95, 53.7031, 0, 0, 0),
(@CGUID+192, 11, -11593.4, -1502.67, 50.411, 0, 0, 0),
(@CGUID+192, 12, -11617.5, -1496.89, 45.3223, 0, 0, 0),
(@CGUID+192, 13, -11602.8, -1499.07, 48.3207, 0, 0, 0),
(@CGUID+192, 14, -11591, -1508.96, 49.9871, 0, 0, 0),
(@CGUID+192, 15, -11579.7, -1519.92, 51.4493, 0, 0, 0),
(@CGUID+192, 16, -11577.8, -1511.56, 53.1651, 0, 0, 0),
(@CGUID+192, 17, -11580, -1503.01, 54.491, 0, 0, 0),
(@CGUID+192, 18, -11580.5, -1490.44, 54.726, 0, 0, 0),
(@CGUID+192, 19, -11578.4, -1487.35, 55.5794, 0, 0, 0),
(@CGUID+192, 20, -11573.3, -1479.03, 60.6432, 0, 0, 0),
(@CGUID+192, 21, -11566.4, -1472.8, 64.5584, 0, 0, 0),
(@CGUID+192, 22, -11562.2, -1478.41, 65.9041, 0, 0, 0),
(@CGUID+193, 1, -12150, -1818.26, 88.1992, 0, 0, 0),
(@CGUID+193, 2, -12161.2, -1818.4, 93.7557, 0, 0, 0),
(@CGUID+193, 3, -12177, -1818.5, 101.713, 0, 0, 0),
(@CGUID+193, 4, -12202.2, -1818.54, 114.406, 0, 0, 0),
(@CGUID+193, 5, -12230.5, -1818.78, 127.481, 0, 0, 0),
(@CGUID+193, 6, -12211, -1819.13, 118.726, 0, 0, 0),
(@CGUID+193, 7, -12190, -1819.41, 108.632, 0, 0, 0),
(@CGUID+193, 8, -12167.1, -1819.29, 96.7693, 0, 0, 0),
(@CGUID+193, 9, -12144.3, -1818.77, 85.8269, 0, 0, 0),
(@CGUID+193, 10, -12134.1, -1818.21, 82.1222, 0, 0, 0),
(@CGUID+193, 11, -12121.4, -1815.26, 80.0922, 0, 0, 0),
(@CGUID+193, 12, -12110.9, -1797.05, 80.5121, 0, 0, 0),
(@CGUID+193, 13, -12089.5, -1795.16, 79.7858, 0, 0, 0),
(@CGUID+193, 14, -12080, -1792.91, 76.5105, 0, 0, 0),
(@CGUID+193, 15, -12064.9, -1788.01, 69.6168, 0, 0, 0),
(@CGUID+193, 16, -12056, -1777.18, 64.0532, 0, 0, 0),
(@CGUID+193, 17, -12050.9, -1767.23, 60.8541, 0, 0, 0),
(@CGUID+193, 18, -12043.1, -1759.85, 57.2228, 0, 0, 0),
(@CGUID+193, 19, -12052.1, -1767.45, 61.3003, 0, 0, 0),
(@CGUID+193, 20, -12056.4, -1778.25, 64.4123, 0, 0, 0),
(@CGUID+193, 21, -12066, -1786.34, 69.6464, 0, 0, 0),
(@CGUID+193, 22, -12085.8, -1795.46, 78.8101, 0, 0, 0),
(@CGUID+193, 23, -12094.7, -1795.47, 80.3404, 0, 0, 0),
(@CGUID+193, 24, -12110.5, -1796.74, 80.5285, 0, 0, 0),
(@CGUID+193, 25, -12124.5, -1817.67, 80.1857, 0, 0, 0),
(@CGUID+193, 26, -12127.8, -1817.84, 80.5708, 0, 0, 0),
(@CGUID+193, 27, -12144.6, -1818.65, 85.9227, 0, 0, 0),
(@CGUID+253, 1, -11741.298828, -1587.655029, 40.752773, 100, 0, 0),
(@CGUID+253, 2, -11738.204102, -1695.299194, 40.751648, 100, 0, 0),
(@CGUID+254, 1, -11835.872070, -1593.121582, 40.749565, 100, 0, 0),
(@CGUID+254, 2, -11833.505859, -1698.850852, 40.749474, 100, 0, 0),
(@CGUID+281, 1, -11839.320703, -1702.403320, 40.748905, 100, 5000, 1135902),
(@CGUID+282, 2, -11732.525391, -1693.093018, 40.746841, 100, 5000, 1135904),
(@CGUID+286, 1, -11756.2, -1888.26, 55.7727, 2.16531, 0, 0),
(@CGUID+286, 2, -11760.3, -1900.44, 56.4305, 4.55684, 0, 0),
(@CGUID+286, 3, -11756.7, -1911.09, 56.6341, 5.27548, 0, 0),
(@CGUID+286, 4, -11746, -1911.68, 55.6124, 6.02553, 0, 0),
(@CGUID+286, 5, -11730.7, -1926.18, 56.0063, 5.55822, 0, 0),
(@CGUID+286, 6, -11721.9, -1919.31, 55.7415, 1.20319, 0, 0),
(@CGUID+286, 7, -11723.8, -1900.2, 55.4995, 1.76082, 0, 0),
(@CGUID+286, 8, -11734.1, -1893.11, 55.704, 2.61298, 0, 0),
(@CGUID+286, 9, -11743.2, -1903.05, 55.8289, 3.59473, 0, 0),
(@CGUID+286, 10, -11751.5, -1896.8, 56.2308, 2.51481, 0, 0),
(@CGUID+292, 1, -11727.6, -1900.31, 56.0292, 0.602363, 0, 0),
(@CGUID+292, 2, -11713.9, -1895.65, 54.0777, 0.150759, 0, 0),
(@CGUID+292, 3, -11691.2, -1892.39, 56.5829, 0.323546, 0, 0),
(@CGUID+292, 4, -11680.1, -1901.2, 56.1875, 3.16669, 0, 0),
(@CGUID+292, 5, -11692.6, -1907.78, 55.9544, 3.46907, 0, 0),
(@CGUID+292, 6, -11713.7, -1911.16, 55.4557, 3.2413, 0, 0),
(@CGUID+292, 7, -11730.4, -1911.97, 56.334, 3.1824, 0, 0),
(@CGUID+292, 8, -11737.8, -1907.53, 55.9993, 1.37598, 0, 0),
(@CGUID+562, 1, -11619.1, -1485.05, 46.5182, 0, 0, 0),
(@CGUID+562, 2, -11616.5, -1477.05, 48.2093, 0, 0, 0),
(@CGUID+562, 3, -11613.3, -1462.5, 51.8296, 0, 0, 0),
(@CGUID+562, 4, -11613.4, -1447.16, 55.6731, 0, 0, 0),
(@CGUID+562, 5, -11613.4, -1447.16, 55.6731, 0, 0, 0),
(@CGUID+562, 6, -11612.9, -1412.24, 63.5141, 0, 0, 0),
(@CGUID+562, 7, -11612.7, -1394.77, 68.065, 0, 0, 0),
(@CGUID+562, 8, -11611.6, -1363.82, 76.4974, 0, 0, 0),
(@CGUID+562, 9, -11611.6, -1363.82, 76.4974, 0, 0, 0),
(@CGUID+562, 10, -11613.1, -1398.05, 67.1645, 0, 0, 0),
(@CGUID+562, 11, -11613.9, -1415.53, 62.5841, 0, 0, 0),
(@CGUID+562, 12, -11613.6, -1432.29, 59.0796, 0, 0, 0),
(@CGUID+562, 13, -11611.5, -1464.85, 51.4664, 0, 0, 0),
(@CGUID+562, 14, -11617, -1480.72, 47.4486, 0, 0, 0),
(@CGUID+562, 15, -11621.4, -1497.39, 44.6129, 0, 0, 0),
(@CGUID+562, 16, -11630.4, -1508.12, 41.7434, 0, 0, 0),
(@CGUID+562, 17, -11646, -1518.29, 39.5062, 0, 0, 0),
(@CGUID+562, 18, -11636.6, -1512.22, 40.4244, 0, 0, 0),
(@CGUID+562, 19, -11624.1, -1500.49, 43.8154, 0, 0, 0),
(@CGUID+562, 20, -11619.2, -1487.91, 46.1131, 0, 0, 0),
(@CGUID+568, 1, -12244.9, -1416.6, 130.601, 0, 0, 0),
(@CGUID+568, 2, -12258.8, -1424.29, 130.601, 0, 0, 0),
(@CGUID+568, 3, -12274.5, -1442.66, 130.601, 0, 0, 0),
(@CGUID+568, 4, -12263.6, -1461.02, 130.616, 0, 0, 0),
(@CGUID+568, 5, -12238.8, -1466.54, 130.601, 0, 0, 0),
(@CGUID+568, 6, -12221.3, -1450.36, 130.601, 0, 0, 0),
(@CGUID+568, 7, -12230.3, -1425.86, 130.891, 0, 0, 0),
(@CGUID+568, 8, -12242.1, -1418.37, 130.601, 0, 0, 0),
(@CGUID+569, 1, -12246.9, -1414.14, 130.601, 0, 0, 0),
(@CGUID+569, 2, -12263.9, -1421.72, 130.601, 0, 0, 0),
(@CGUID+569, 3, -12282.1, -1436.97, 130.601, 0, 0, 0),
(@CGUID+569, 4, -12264.5, -1456.21, 130.601, 0, 0, 0),
(@CGUID+569, 5, -12247.3, -1467.7, 130.601, 0, 0, 0),
(@CGUID+569, 6, -12226.9, -1459.8, 130.602, 0, 0, 0),
(@CGUID+569, 7, -12224.1, -1438.18, 130.601, 0, 0, 0),
(@CGUID+569, 8, -12241.9, -1421.2, 130.601, 0, 0, 0),
(@CGUID+570, 1, -12209.9, -1469.23, 130.61, 0, 0, 0),
(@CGUID+570, 2, -12198.7, -1469.65, 130.6, 0, 0, 0),
(@CGUID+570, 3, -12180.7, -1472.24, 130.603, 0, 0, 0),
(@CGUID+570, 4, -12161.6, -1473.8, 130.606, 0, 0, 0),
(@CGUID+570, 5, -12142.5, -1470.18, 130.601, 0, 0, 0),
(@CGUID+570, 6, -12147.3, -1457.82, 130.601, 0, 0, 0),
(@CGUID+570, 7, -12161.6, -1456.65, 130.6, 0, 0, 0),
(@CGUID+570, 8, -12182, -1454.13, 130.6, 0, 0, 0),
(@CGUID+570, 9, -12196.4, -1446.75, 131.024, 0, 0, 0),
(@CGUID+570, 10, -12211.3, -1445.66, 130.601, 0, 0, 0),
(@CGUID+570, 11, -12217.7, -1462.57, 130.582, 0, 0, 0),
(@CGUID+718, 1, -12298.4, -1653.58, 130.261, 2.1666, 0, 0),
(@CGUID+718, 2, -12312.4, -1639.58, 130.426, 2.1666, 0, 0),
(@CGUID+718, 3, -12310.8, -1613.14, 132.46, 1.43618, 0, 0),
(@CGUID+718, 4, -12314.7, -1591.13, 132.677, 2.0213, 0, 0),
(@CGUID+718, 5, -12329.5, -1591.99, 132.353, 3.32899, 0, 0),
(@CGUID+718, 6, -12336.2, -1606.23, 133.805, 4.27147, 0, 0),
(@CGUID+718, 7, -12333.7, -1630.29, 130.516, 4.62097, 0, 0),
(@CGUID+718, 8, -12332.7, -1648.83, 130.689, 4.91549, 0, 0),
(@CGUID+718, 9, -12320.5, -1668.12, 130.912, 5.38281, 0, 0),
(@CGUID+718, 10, -12309.7, -1674.35, 131.8, 5.38281, 0, 0),
(@CGUID+718, 11, -12301.5, -1684.34, 131.553, 0.454434, 0, 0),
(@CGUID+718, 12, -12292.7, -1675.85, 130.962, 0.788228, 0, 0),
(@CGUID+718, 13, -12286.1, -1669.23, 130.277, 0.788228, 0, 0),
(@CGUID+723, 1, -12363.7, -1650.14, 130.261, 1.72987, 0, 0),
(@CGUID+723, 2, -12357.4, -1632.51, 130.303, 1.22722, 0, 0),
(@CGUID+723, 3, -12349.8, -1611.09, 131.833, 1.22722, 0, 0),
(@CGUID+723, 4, -12346.9, -1628.91, 130.261, 4.96178, 0, 0),
(@CGUID+723, 5, -12343.4, -1642.96, 130.775, 4.96178, 0, 0),
(@CGUID+723, 6, -12358.8, -1662.53, 130.317, 3.87794, 0, 0),
(@CGUID+724, 1, -12336.2, -1632.34, 130.43, 1.34193, 0, 0),
(@CGUID+724, 2, -12329, -1618.04, 132.035, 0.862841, 0, 0),
(@CGUID+724, 3, -12316, -1605.36, 133.578, 0.862841, 0, 0),
(@CGUID+724, 4, -12325.8, -1588.91, 132.354, 2.03308, 0, 0),
(@CGUID+724, 5, -12336.2, -1579.59, 132.707, 2.48862, 0, 0),
(@CGUID+724, 6, -12325.5, -1586.32, 132.354, 6.03076, 0, 0),
(@CGUID+724, 7, -12335.8, -1598.36, 133.387, 3.55676, 0, 0),
(@CGUID+724, 8, -12354.1, -1614.17, 130.337, 4.1733, 0, 0),
(@CGUID+724, 9, -12372.4, -1626.19, 131.418, 3.54498, 0, 0),
(@CGUID+724, 10, -12379.9, -1640.13, 131.643, 4.54636, 0, 0),
(@CGUID+724, 11, -12371.1, -1659.78, 130.633, 5.75587, 0, 0),
(@CGUID+724, 12, -12341.5, -1674.05, 131.338, 5.88939, 0, 0),
(@CGUID+724, 13, -12334.1, -1654.47, 130.26, 1.2359, 0, 0),
(@CGUID+724, 14, -12335.2, -1643.89, 131.244, 1.67573, 0, 0),
(@CGUID+814, 1, -11911.7, -1844.44, 59.6337, 6.21379, 0, 0),
(@CGUID+814, 2, -11891.4, -1855.17, 62.7901, 5.47552, 0, 0),
(@CGUID+814, 3, -11888, -1875.91, 63.5047, 4.86684, 0, 0),
(@CGUID+814, 4, -11889.7, -1859.03, 63.2304, 1.67026, 0, 0),
(@CGUID+814, 5, -11906, -1846.23, 60.3731, 3.10362, 0, 0),
(@CGUID+814, 6, -11923.4, -1844.54, 58.4079, 3.04471, 0, 0),
(@CGUID+814, 7, -11960.2, -1837.45, 55.1267, 3.04471, 0, 0),
(@CGUID+814, 8, -11951.1, -1839.65, 55.4798, 6.09205, 0, 0),
(@CGUID+814, 9, -11933.9, -1842.97, 57.176, 6.24913, 0, 0),
(@CGUID+814, 10, -11922.4, -1843.36, 58.4145, 6.24913, 0, 0);

INSERT INTO `creature_movement_template` (`entry`, `pathId`, `point`, `PositionX`, `PositionY`, `PositionZ`, `orientation`, `waittime`, `ScriptId`) VALUES
(11359, 1, 1, -11833.910156, -1687.797241, 40.745869, 100, 0, 0),
(11359, 1, 2, -11833.859375, -1669.224609, 37.000687, 100, 0, 0),
(11359, 1, 3, -11835.700195, -1610.337646, 40.745636, 100, 0, 0),
(11359, 1, 4, -11843.541992, -1594.495361, 40.751762, 100, 0, 1135901),
(11359, 2, 1, -11835.700195, -1610.337646, 40.745636, 100, 0, 0),
(11359, 2, 2, -11833.859375, -1669.224609, 37.000687, 100, 0, 0),
(11359, 2, 3, -11833.910156, -1687.797241, 40.745869, 100, 0, 0),
(11359, 2, 4, -11839.220703, -1702.403320, 40.748905, 100, 0, 1135902),
(11359, 3, 1, -11739.369141, -1683.157837, 40.745827, 100, 0, 0),
(11359, 3, 2, -11740.111328, -1622.715454, 37.001690, 100, 0, 0),
(11359, 3, 3, -11742.010742, -1606.839600, 40.745846, 100, 0, 0),
(11359, 3, 4, -11737.790039, -1593.216675, 40.750420, 100, 0, 1135903),
(11359, 4, 1, -11742.034180, -1606.073975, 40.748543, 100, 0, 0),
(11359, 4, 2, -11739.069336, -1668.112915, 36.996002, 100, 0, 0),
(11359, 4, 3, -11739.987305, -1681.579712, 40.750183, 100, 0, 0),
(11359, 4, 4, -11732.525391, -1693.093018, 40.746841, 100, 0, 1135904),

(14507, 0, 1, -12029.8, -1707.93, 39.413, 3.71755, 1000, 1450701); -- High Priest Venoxis

INSERT INTO `creature_addon` (`guid`, `mount`, `bytes1`, `b2_0_sheath`, `emote`, `moveflags`, `auras`) VALUES
(@CGUID+127, 0, 0, 1, 0, 0, NULL), -- Hakkari Blood Priest
(@CGUID+129, 0, 1, 1, 0, 0, NULL), -- Hakkari Blood Priest
(@CGUID+130, 0, 0, 1, 0, 0, NULL), -- Hakkari Blood Priest
(@CGUID+131, 0, 0, 1, 0, 0, NULL), -- Hakkari Blood Priest
(@CGUID+196, 0, 0, 1, 333, 0, NULL), -- Gurubashi Blood Drinker
(@CGUID+197, 0, 0, 1, 333, 0, NULL), -- Gurubashi Blood Drinker
(@CGUID+204, 0, 0, 1, 333, 0, NULL), -- Gurubashi Blood Drinker
(@CGUID+205, 0, 0, 1, 333, 0, NULL), -- Gurubashi Blood Drinker
(@CGUID+210, 0, 0, 1, 333, 0, NULL), -- Gurubashi Blood Drinker
(@CGUID+211, 0, 0, 1, 333, 0, NULL), -- Gurubashi Blood Drinker
(@CGUID+212, 0, 0, 1, 333, 0, NULL), -- Gurubashi Blood Drinker
(@CGUID+213, 0, 0, 1, 333, 0, NULL), -- Gurubashi Blood Drinker
(@CGUID+219, 0, 0, 1, 333, 0, NULL), -- Gurubashi Blood Drinker
(@CGUID+220, 0, 0, 1, 333, 0, NULL), -- Gurubashi Blood Drinker
(@CGUID+221, 0, 0, 1, 333, 0, NULL), -- Gurubashi Blood Drinker
(@CGUID+222, 0, 0, 1, 333, 0, NULL), -- Gurubashi Blood Drinker
(@CGUID+227, 0, 0, 1, 333, 0, NULL), -- Gurubashi Blood Drinker
(@CGUID+228, 0, 0, 1, 333, 0, NULL), -- Gurubashi Blood Drinker
(@CGUID+295, 0, 3, 1, 0, 0, NULL), -- Zulian Tiger
(@CGUID+296, 0, 3, 1, 0, 0, NULL), -- Zulian Tiger
(@CGUID+297, 0, 3, 1, 0, 0, NULL), -- Zulian Tiger
(@CGUID+298, 0, 0, 1, 0, 0, NULL), -- Zulian Tiger
(@CGUID+299, 0, 0, 1, 0, 0, NULL), -- Zulian Tiger
(@CGUID+300, 0, 3, 1, 0, 0, NULL), -- Zulian Tiger
(@CGUID+301, 0, 3, 1, 0, 0, NULL), -- Zulian Tiger
(@CGUID+302, 0, 3, 1, 0, 0, NULL), -- Zulian Tiger
(@CGUID+303, 0, 0, 1, 0, 0, NULL), -- Zulian Tiger
(@CGUID+304, 0, 3, 1, 0, 0, NULL), -- Zulian Tiger
(@CGUID+305, 0, 0, 1, 0, 0, NULL), -- Zulian Tiger
(@CGUID+306, 0, 0, 1, 0, 0, NULL), -- Zulian Tiger
(@CGUID+307, 0, 0, 1, 0, 0, NULL), -- Zulian Tiger
(@CGUID+308, 0, 0, 1, 0, 0, NULL), -- Zulian Tiger
(@CGUID+309, 0, 0, 1, 0, 0, NULL), -- Zulian Tiger
(@CGUID+310, 0, 0, 1, 0, 0, NULL), -- Zulian Tiger
(@CGUID+311, 0, 0, 1, 0, 0, NULL), -- Zulian Tiger
(@CGUID+312, 0, 0, 1, 0, 0, NULL), -- Zulian Tiger
(@CGUID+313, 0, 3, 1, 0, 0, NULL), -- Zulian Tiger
(@CGUID+314, 0, 3, 1, 0, 0, NULL), -- Zulian Tiger
(@CGUID+315, 0, 3, 1, 0, 0, NULL), -- Zulian Tiger
(@CGUID+316, 0, 3, 1, 0, 0, NULL), -- Zulian Tiger
(@CGUID+317, 0, 3, 1, 0, 0, NULL), -- Zulian Tiger
(@CGUID+318, 0, 3, 1, 0, 0, NULL), -- Zulian Tiger
(@CGUID+319, 0, 0, 1, 0, 0, NULL), -- Zulian Tiger
(@CGUID+320, 0, 3, 1, 0, 0, NULL), -- Zulian Tiger
(@CGUID+321, 0, 3, 1, 0, 0, NULL), -- Zulian Tiger
(@CGUID+322, 0, 3, 1, 0, 0, NULL), -- Zulian Tiger
(@CGUID+323, 0, 3, 1, 0, 0, NULL), -- Zulian Tiger
(@CGUID+324, 0, 0, 1, 0, 0, NULL), -- Zulian Tiger
(@CGUID+325, 0, 0, 1, 0, 0, NULL), -- Zulian Tiger
(@CGUID+326, 0, 3, 1, 0, 0, NULL), -- Zulian Tiger
(@CGUID+327, 0, 3, 1, 0, 0, NULL), -- Zulian Tiger
(@CGUID+328, 0, 0, 1, 0, 0, NULL), -- Zulian Tiger
(@CGUID+329, 0, 0, 1, 0, 0, NULL), -- Zulian Tiger
(@CGUID+344, 0, 3, 1, 0, 0, NULL), -- Zulian Panther
(@CGUID+345, 0, 3, 1, 0, 0, NULL), -- Zulian Panther
(@CGUID+346, 0, 3, 1, 0, 0, NULL), -- Zulian Panther
(@CGUID+347, 0, 3, 1, 0, 0, NULL), -- Zulian Panther
(@CGUID+379, 0, 3, 1, 0, 0, NULL), -- Zulian Panther
(@CGUID+380, 0, 3, 1, 0, 0, NULL), -- Zulian Panther
(@CGUID+381, 0, 3, 1, 0, 0, NULL), -- Zulian Panther
(@CGUID+382, 0, 3, 1, 0, 0, NULL); -- Zulian Panther

REPLACE INTO `creature_template_addon` (`entry`, `mount`, `bytes1`, `b2_0_sheath`, `emote`, `moveflags`, `auras`) VALUES
(11338, 0, 0, 1, 0, 0, NULL), -- Hakkari Shadowcaster
(11339, 0, 0, 1, 0, 0, NULL), -- Hakkari Shadow Hunter
(11340, 0, 8, 1, 0, 0, NULL), -- Hakkari Blood Priest
(11347, 0, 8, 1, 0, 0, '20545'), -- Zealot Lor'Khan
(11348, 0, 8, 1, 0, 0, NULL), -- Zealot Zath
(11350, 0, 0, 1, 0, 0, NULL), -- Gurubashi Axe Thrower
(11351, 0, 0, 1, 0, 0, NULL), -- Gurubashi Headhunter
(11352, 0, 0, 1, 0, 0, NULL), -- Gurubashi Berserker
(11353, 0, 0, 1, 0, 0, NULL), -- Gurubashi Blood Drinker
(11356, 0, 0, 1, 0, 0, NULL), -- Gurubashi Champion
(11357, 0, 0, 1, 0, 0, '8876'), -- Son of Hakkar
(11359, 0, 0, 1, 0, 0, NULL), -- Soulflayer
(11360, 0, 0, 1, 0, 0, NULL), -- Zulian Cub
(11361, 0, 1536, 1, 0, 0, NULL), -- Zulian Tiger
(11365, 0, 0, 1, 0, 0, NULL), -- Zulian Panther
(11368, 0, 0, 1, 0, 0, '18950'), -- Bloodseeker Bat
(11370, 0, 0, 1, 0, 0, NULL), -- Razzashi Broodwidow
(11371, 0, 0, 1, 0, 0, NULL), -- Razzashi Serpent
(11372, 0, 0, 1, 0, 0, '8876'), -- Razzashi Adder
(11373, 0, 0, 1, 0, 0, NULL), -- Razzashi Cobra
(11374, 0, 0, 1, 0, 0, '18943 18950'), -- Hooktooth Frenzy
(11380, 0, 0, 1, 10, 0, NULL), -- Jin'do the Hexxer
(11382, 15271, 0, 1, 0, 0, NULL), -- Bloodlord Mandokir
(11387, 0, 0, 1, 0, 0, NULL), -- Sandfury Speaker
(11388, 0, 8, 1, 0, 0, NULL), -- Witherbark Speaker
(11389, 0, 8, 1, 0, 0, NULL), -- Bloodscalp Speaker
(11390, 0, 8, 1, 0, 0, NULL), -- Skullsplitter Speaker
(11391, 0, 8, 1, 0, 0, NULL), -- Vilebranch Speaker
(11830, 0, 0, 1, 0, 0, NULL), -- Hakkari Priest
(11831, 0, 0, 1, 0, 0, NULL), -- Hakkari Witch Doctor
(14507, 0, 8, 1, 0, 0, NULL), -- High Priest Venoxis
(14509, 0, 0, 1, 0, 0, NULL), -- High Priest Thekal
(14510, 0, 0, 1, 0, 0, NULL), -- High Priestess Mar'li
(14517, 0, 0, 1, 0, 0, NULL), -- High Priestess Jeklik
(14532, 0, 0, 1, 0, 0, '8601'), -- Razzashi Venombrood
(14750, 0, 0, 1, 0, 0, NULL), -- Gurubashi Bat Rider
(14758, 0, 0, 1, 0, 0, NULL), -- Zul'Gurub Trigger
(14821, 0, 0, 1, 0, 0, '8876'), -- Razzashi Raptor
(14825, 0, 0, 1, 10, 0, NULL), -- Withered Mistress
(14826, 0, 0, 1, 10, 0, NULL), -- Sacrificed Troll
(14834, 0, 0, 1, 0, 0, NULL), -- Hakkar - 'auras' boss_hakkar.cpp
(14880, 0, 0, 1, 0, 0, NULL), -- Razzashi Skitterer
(14882, 0, 0, 1, 10, 0, '8876'), -- Atal'ai Mistress
(14883, 0, 0, 1, 10, 0, NULL), -- Voodoo Slave
(15042, 0, 0, 1, 0, 0, NULL), -- Zanza the Restless
(15043, 0, 0, 1, 0, 0, NULL), -- Zulian Crocolisk
(15067, 0, 0, 1, 0, 0, '22766'), -- Zulian Stalker
(15082, 0, 0, 1, 0, 0, '25039'), -- Gri'lek
(15083, 0, 0, 1, 0, 0, '25039'), -- Hazza'rah
(15084, 0, 0, 1, 0, 0, '25039'), -- Renataki
(15085, 0, 0, 1, 0, 0, '25039'), -- Wushoolay
(15091, 0, 0, 1, 0, 0, NULL), -- Zul'Gurub Panther Trigger
(15101, 0, 0, 1, 0, 0, '8876'), -- Zulian Prowler
(15111, 0, 0, 1, 0, 0, NULL), -- Mad Servant
(15114, 0, 0, 1, 0, 0, '8876'); -- Gahz'ranka

INSERT INTO `creature_linking` (`guid`, `master_guid`, `flag`) VALUES
-- Hakkar temple northern soulflayer pack
(@CGUID+270, @CGUID+282, 1539), -- Son of Hakkar -> Soulflayer
(@CGUID+271, @CGUID+282, 1539), -- Son of Hakkar -> Soulflayer

-- Hakkar temple northern troll pack
(@CGUID+555, @CGUID+131, 1539), -- Hakkari Priest -> Hakkari Blood Priest
(@CGUID+278, @CGUID+131, 1539), -- Soulflayer -> Hakkari Blood Priest
(@CGUID+242, @CGUID+131, 1539), -- Gurubashi Champion -> Hakkari Blood Priest
(@CGUID+556, @CGUID+131, 1539), -- Hakkari Priest -> Hakkari Blood Priest
(@CGUID+279, @CGUID+131, 1539), -- Soulflayer -> Hakkari Blood Priest

-- Hakkar temple southern soulflayer pack
(@CGUID+268, @CGUID+281, 1539), -- Son of Hakkar -> Soulflayer
(@CGUID+269, @CGUID+281, 1539), -- Son of Hakkar -> Soulflayer

-- Hakkar temple southern troll pack
(@CGUID+155, @CGUID+130, 1539), -- Gurubashi Axe Thrower -> Hakkari Blood Priest
(@CGUID+276, @CGUID+130, 1539), -- Soulflayer -> Hakkari Blood Priest
(@CGUID+110, @CGUID+130, 1539), -- Hakkari Shadowcaster -> Hakkari Blood Priest
(@CGUID+571, @CGUID+130, 1539), -- Hakkari Witch Doctor -> Hakkari Blood Priest
(@CGUID+263, @CGUID+130, 1539), -- Son of Hakkar -> Hakkari Blood Priest
(@CGUID+156, @CGUID+130, 1539), -- Gurubashi Axe Thrower -> Hakkari Blood Priest

(@CGUID+132, @CGUID+593, 7), -- Zealot Lor'Khan -> High Priest Thekal
(@CGUID+133, @CGUID+593, 7), -- Zealot Zath -> High Priest Thekal
(@CGUID+306, @CGUID+593, 7), -- Zulian Tiger -> High Priest Thekal
(@CGUID+307, @CGUID+593, 7); -- Zulian Tiger -> High Priest Thekal

REPLACE INTO `creature_linking_template` (`entry`, `map`, `master_entry`, `flag`, `search_range`) VALUES
(11373, 309, 14507, 7, 0), -- Razzashi Cobra -> High Priest Venoxis
(14988, 309, 11382, 4096, 0), -- Ohgan -> Bloodlord Mandokir
(15117, 309, 11382, 4096, 0); -- Chained Spirit -> Bloodlord Mandokir

INSERT INTO `creature` (`guid`, `id`, `map`, `position_x`, `position_y`, `position_z`, `orientation`, `spawntimesecsmin`, `spawntimesecsmax`, `spawndist`, `currentwaypoint`, `DeathState`, `MovementType`) VALUES
(@CGUID+1, 1420, 309, -11722.7, -1739.81, 13.0519, 3.80482, 7200, 7200, 0, 0, 0, 0), -- Toad
(@CGUID+2, 1420, 309, -11911.8, -1490.85, 11.4457, 2.73824, 7200, 7200, 5, 0, 0, 1), -- Toad
(@CGUID+3, 1420, 309, -11702, -1764.4, 10.2326, 2.22875, 7200, 7200, 5, 0, 0, 1), -- Toad
(@CGUID+4, 1420, 309, -11888.2, -1491.94, 11.0643, 0.074227, 7200, 7200, 5, 0, 0, 1), -- Toad
(@CGUID+5, 1420, 309, -11735.8, -1421.87, 12.7935, 2.83332, 7200, 7200, 5, 0, 0, 1), -- Toad
(@CGUID+6, 1420, 309, -11696.1, -1661.09, 14.3397, 1.35043, 7200, 7200, 5, 0, 0, 1), -- Toad
(@CGUID+7, 2914, 309, -11984.9, -1625.89, 34.3907, 4.41906, 7200, 7200, 5, 0, 0, 1), -- Snake
(@CGUID+8, 2914, 309, -11968.2, -1835.49, 55.935, 1.49037, 7200, 7200, 5, 0, 0, 1), -- Snake
(@CGUID+9, 2914, 309, -11721, -1391.06, 46.1644, 0.021481, 7200, 7200, 5, 0, 0, 1), -- Snake
(@CGUID+10, 2914, 309, -11590.2, -1510.71, 50.1497, 3.97508, 7200, 7200, 5, 0, 0, 1), -- Snake
(@CGUID+11, 2914, 309, -12207.6, -1959.89, 132.334, 2.74238, 7200, 7200, 5, 0, 0, 1), -- Snake
(@CGUID+12, 2914, 309, -11903.1, -1516.69, 20.9819, 0.628319, 7200, 7200, 0, 0, 0, 0), -- Snake
(@CGUID+13, 2914, 309, -11635.9, -1671, 40.3503, 3.12784, 7200, 7200, 5, 0, 0, 1), -- Snake
(@CGUID+14, 2914, 309, -11958.1, -1646.27, 37.9205, 3.51339, 7200, 7200, 5, 0, 0, 1), -- Snake
(@CGUID+15, 2914, 309, -12259.9, -1849.64, 133.428, 4.16186, 7200, 7200, 5, 0, 0, 1), -- Snake
(@CGUID+16, 2914, 309, -11559.7, -1468.44, 66.9285, 1.70606, 7200, 7200, 5, 0, 0, 1), -- Snake
(@CGUID+17, 2914, 309, -12234.5, -1969.26, 133.057, 4.52276, 7200, 7200, 5, 0, 0, 1), -- Snake
(@CGUID+18, 2914, 309, -11700.8, -1372.22, 61.4042, 1.17796, 7200, 7200, 5, 0, 0, 1), -- Snake
(@CGUID+19, 2914, 309, -11554.5, -1512.89, 56.4605, 0.566879, 7200, 7200, 5, 0, 0, 1), -- Snake
(@CGUID+20, 2914, 309, -12152.9, -1820.68, 89.8341, 2.68126, 7200, 7200, 5, 0, 0, 1), -- Snake
(@CGUID+21, 2914, 309, -12375.2, -1931.24, 133.189, 0.428727, 7200, 7200, 5, 0, 0, 1), -- Snake
(@CGUID+22, 2914, 309, -11643.5, -1852.48, 40.8151, 6.00771, 7200, 7200, 5, 0, 0, 1), -- Snake
(@CGUID+23, 2914, 309, -12187.2, -1819.68, 107.471, 3.21792, 7200, 7200, 5, 0, 0, 1), -- Snake
(@CGUID+24, 2914, 309, -11984.6, -1524.13, 49.618, 2.118, 7200, 7200, 5, 0, 0, 1), -- Snake
(@CGUID+25, 2914, 309, -11914.6, -1544.07, 35.6675, 0.761486, 7200, 7200, 5, 0, 0, 1), -- Snake
(@CGUID+26, 2914, 309, -11547.3, -1720.08, 41.2549, 2.64911, 7200, 7200, 5, 0, 0, 1), -- Snake
(@CGUID+27, 2914, 309, -12077.7, -1688.02, 46.36, 3.78431, 7200, 7200, 5, 0, 0, 1), -- Snake
(@CGUID+28, 2914, 309, -11938.5, -1771.78, 51.909, 4.61785, 7200, 7200, 5, 0, 0, 1), -- Snake
(@CGUID+29, 2914, 309, -11654.4, -1812.63, 42.3694, 1.52785, 7200, 7200, 5, 0, 0, 1), -- Snake
(@CGUID+30, 2914, 309, -11651.8, -1500.65, 43.4884, 4.16828, 7200, 7200, 5, 0, 0, 1), -- Snake
(@CGUID+31, 2914, 309, -11815.3, -1888.35, 47.8812, 5.76622, 7200, 7200, 5, 0, 0, 1), -- Snake
(@CGUID+32, 2914, 309, -11790.3, -1885.91, 47.0478, 5.95093, 7200, 7200, 5, 0, 0, 1), -- Snake
(@CGUID+33, 2914, 309, -11968.3, -1810.08, 56.6467, 2.43604, 7200, 7200, 5, 0, 0, 1), -- Snake
(@CGUID+34, 2914, 309, -11594.3, -1454.77, 56.925, 1.89255, 7200, 7200, 5, 0, 0, 1), -- Snake
(@CGUID+35, 2914, 309, -11647.6, -1413.19, 59.7141, 2.02788, 7200, 7200, 5, 0, 0, 1), -- Snake
(@CGUID+36, 2914, 309, -11525.9, -1485.9, 78.531, 5.89056, 7200, 7200, 5, 0, 0, 1), -- Snake
(@CGUID+37, 2914, 309, -11979.8, -1711.83, 32.3599, 4.50064, 7200, 7200, 5, 0, 0, 1), -- Snake
(@CGUID+38, 2914, 309, -11576.4, -1488.76, 56.2523, 5.74114, 7200, 7200, 5, 0, 0, 1), -- Snake
(@CGUID+39, 2914, 309, -11646.3, -1581.05, 40.9073, 2.512, 7200, 7200, 5, 0, 0, 1), -- Snake
(@CGUID+40, 2914, 309, -11737.4, -1326.55, 63.8004, 5.83264, 7200, 7200, 5, 0, 0, 1), -- Snake
(@CGUID+41, 2914, 309, -12338, -1922.84, 132.405, 4.57021, 7200, 7200, 5, 0, 0, 1), -- Snake
(@CGUID+42, 2914, 309, -11618.8, -1515.97, 42.3573, 2.34954, 7200, 7200, 5, 0, 0, 1), -- Snake
(@CGUID+43, 2914, 309, -11585, -1745.93, 39.0946, 3.07512, 7200, 7200, 5, 0, 0, 1), -- Snake
(@CGUID+44, 2914, 309, -12318.7, -1895.15, 131.885, 3.72564, 7200, 7200, 5, 0, 0, 1), -- Snake
(@CGUID+45, 2914, 309, -12239.2, -1903.64, 130.896, 0.29478, 7200, 7200, 5, 0, 0, 1), -- Snake
(@CGUID+46, 2914, 309, -12100.6, -1801.78, 81.2352, 5.80062, 7200, 7200, 5, 0, 0, 1), -- Snake
(@CGUID+47, 2914, 309, -12073, -1713.62, 48.3076, 2.58689, 7200, 7200, 5, 0, 0, 1), -- Snake
(@CGUID+48, 2914, 309, -12319, -1812.26, 131.135, 0.388483, 7200, 7200, 5, 0, 0, 1), -- Snake
(@CGUID+49, 2914, 309, -11613.7, -1821.83, 40.898, 1.42365, 7200, 7200, 5, 0, 0, 1), -- Snake
(@CGUID+50, 2914, 309, -12188.5, -1903.77, 133.927, 0.663513, 7200, 7200, 5, 0, 0, 1), -- Snake
(@CGUID+51, 2914, 309, -11994.1, -1709.9, 32.3599, 0.255775, 7200, 7200, 5, 0, 0, 1), -- Snake
(@CGUID+52, 2914, 309, -11816, -1808.63, 51.482, 4.97538, 7200, 7200, 5, 0, 0, 1), -- Snake
(@CGUID+53, 2914, 309, -12153.8, -1943.27, 133.844, 3.20803, 7200, 7200, 5, 0, 0, 1), -- Snake
(@CGUID+54, 2914, 309, -12212.1, -1821.49, 119.646, 6.17555, 7200, 7200, 5, 0, 0, 1), -- Snake
(@CGUID+55, 2914, 309, -11885.7, -1413.49, 60.2263, 3.8731, 7200, 7200, 5, 0, 0, 1), -- Snake
(@CGUID+56, 2914, 309, -12069.3, -1793.35, 72.397, 2.89928, 7200, 7200, 5, 0, 0, 1), -- Snake
(@CGUID+57, 2914, 309, -12012, -1639.97, 36.2836, 4.74421, 7200, 7200, 5, 0, 0, 1), -- Snake
(@CGUID+58, 2914, 309, -11844.7, -1304.98, 66.7188, 4.14986, 7200, 7200, 5, 0, 0, 1), -- Snake
(@CGUID+59, 2914, 309, -12206.4, -1923.66, 133.095, 2.81367, 7200, 7200, 5, 0, 0, 1), -- Snake
(@CGUID+60, 2914, 309, -11622.8, -1747.27, 39.9706, 0.048885, 7200, 7200, 5, 0, 0, 1), -- Snake
(@CGUID+61, 2914, 309, -11584.1, -1513.57, 51.0803, 2.60184, 7200, 7200, 5, 0, 0, 1), -- Snake
(@CGUID+62, 2914, 309, -11909.3, -1342.06, 77.489, 2.40649, 7200, 7200, 5, 0, 0, 1), -- Snake
(@CGUID+63, 2914, 309, -12295.8, -1863.3, 131.629, 4.58145, 7200, 7200, 5, 0, 0, 1), -- Snake
(@CGUID+64, 2914, 309, -11640.4, -1448.13, 61.178, 0.194296, 7200, 7200, 5, 0, 0, 1), -- Snake
(@CGUID+65, 2914, 309, -12012.9, -1670.66, 32.4086, 0.619654, 7200, 7200, 5, 0, 0, 1), -- Snake
(@CGUID+66, 2914, 309, -11589.6, -1819.03, 41.3511, 3.25578, 7200, 7200, 5, 0, 0, 1), -- Snake
(@CGUID+67, 2914, 309, -12001.2, -1679.75, 32.3928, 2.82496, 7200, 7200, 5, 0, 0, 1), -- Snake
(@CGUID+68, 2914, 309, -11695.1, -1828.77, 40.8739, 1.36821, 7200, 7200, 5, 0, 0, 1), -- Snake
(@CGUID+69, 2914, 309, -11657.1, -1555.14, 40.312, 1.14821, 7200, 7200, 5, 0, 0, 1), -- Snake
(@CGUID+70, 2914, 309, -11882.3, -1382.29, 66.0623, 0.147967, 7200, 7200, 5, 0, 0, 1), -- Snake
(@CGUID+71, 2914, 309, -11633.6, -1622.6, 39.7341, 5.81318, 7200, 7200, 5, 0, 0, 1), -- Snake
(@CGUID+72, 2914, 309, -11909.6, -1421.99, 51.0637, 1.14821, 7200, 7200, 5, 0, 0, 1), -- Snake
(@CGUID+73, 2914, 309, -11937.7, -1786.32, 52.9463, 2.05967, 7200, 7200, 5, 0, 0, 1), -- Snake
(@CGUID+74, 2914, 309, -12030.6, -1764.97, 57.5933, 2.97676, 7200, 7200, 5, 0, 0, 1), -- Snake
(@CGUID+75, 2914, 309, -12164.7, -1962.66, 133.199, 1.44741, 7200, 7200, 5, 0, 0, 1), -- Snake
(@CGUID+76, 2914, 309, -11989.4, -1641.88, 34.3422, 3.08212, 7200, 7200, 5, 0, 0, 1), -- Snake
(@CGUID+77, 2914, 309, -11724.4, -1350.83, 61.8102, 2.31388, 7200, 7200, 5, 0, 0, 1), -- Snake
(@CGUID+78, 2914, 309, -11680.1, -1396.89, 59.4186, 1.68426, 7200, 7200, 5, 0, 0, 1), -- Snake
(@CGUID+79, 2914, 309, -12405.4, -1829.42, 133.356, 3.49854, 7200, 7200, 5, 0, 0, 1), -- Snake
(@CGUID+80, 2914, 309, -11950.4, -1542.23, 39.6678, 0.173008, 7200, 7200, 5, 0, 0, 1), -- Snake
(@CGUID+81, 2914, 309, -12267.9, -1937.16, 134.127, 3.73054, 7200, 7200, 5, 0, 0, 1), -- Snake
(@CGUID+82, 2914, 309, -11881.8, -1351.68, 73.0003, 5.90695, 7200, 7200, 5, 0, 0, 1), -- Snake
(@CGUID+83, 2914, 309, -11618.5, -1842.27, 41.1348, 1.88266, 7200, 7200, 5, 0, 0, 1), -- Snake
(@CGUID+84, 2914, 309, -11997.3, -1771.12, 57.7779, 4.22691, 7200, 7200, 5, 0, 0, 1), -- Snake
(@CGUID+85, 2914, 309, -11976.6, -1689.73, 32.3784, 6.07514, 7200, 7200, 5, 0, 0, 1), -- Snake
(@CGUID+86, 2914, 309, -12280, -1810.64, 131.279, 3.80023, 7200, 7200, 5, 0, 0, 1), -- Snake
(@CGUID+87, 2914, 309, -12048.8, -1736.73, 51.8978, 1.24905, 7200, 7200, 5, 0, 0, 1), -- Snake
(@CGUID+88, 2914, 309, -11962, -1745, 53.1181, 5.64046, 7200, 7200, 5, 0, 0, 1), -- Snake
(@CGUID+89, 2914, 309, -12378.3, -1842.5, 131.652, 5.36072, 7200, 7200, 5, 0, 0, 1), -- Snake
(@CGUID+90, 2914, 309, -11881.8, -1310.85, 78.2792, 1.16913, 7200, 7200, 5, 0, 0, 1), -- Snake
(@CGUID+91, 2914, 309, -11554.8, -1752.71, 40.9137, 4.56939, 7200, 7200, 5, 0, 0, 1), -- Snake
(@CGUID+92, 2914, 309, -12255.5, -1804.85, 131.438, 1.14018, 7200, 7200, 5, 0, 0, 1), -- Snake
(@CGUID+93, 2914, 309, -11997, -1743.07, 54.7099, 4.83456, 7200, 7200, 0, 0, 0, 0), -- Snake
(@CGUID+94, 2914, 309, -11645.4, -1752.75, 29.6354, 1.9012, 7200, 7200, 5, 0, 0, 1), -- Snake
(@CGUID+95, 4075, 309, -11570.4, -1320.7, 77.8591, 4.76475, 7200, 7200, 0, 0, 0, 0), -- Rat
(@CGUID+96, 4075, 309, -11537.6, -1289.94, 78.8465, 5.34071, 7200, 7200, 0, 0, 0, 0), -- Rat
(@CGUID+97, 4075, 309, -11622.7, -1279.65, 81.7466, 5.70723, 7200, 7200, 0, 0, 0, 0), -- Rat
(@CGUID+98, 4075, 309, -11607.7, -1225.59, 82.4461, 0.314159, 7200, 7200, 0, 0, 0, 0), -- Rat
(@CGUID+99, 4075, 309, -11568.8, -1255.72, 77.6191, 0.087266, 7200, 7200, 0, 0, 0, 0), -- Rat
(@CGUID+100, 4075, 309, -11584, -1265.31, 77.6076, 1.40767, 7200, 7200, 5, 0, 0, 1), -- Rat
(@CGUID+101, 4075, 309, -11618.4, -1353.27, 77.7979, 1.5708, 7200, 7200, 0, 0, 0, 0), -- Rat
(@CGUID+102, 4075, 309, -11569.4, -1266.36, 77.6208, 2.51327, 7200, 7200, 0, 0, 0, 0), -- Rat
(@CGUID+103, 4075, 309, -11598.4, -1240.72, 77.847, 5.75959, 7200, 7200, 0, 0, 0, 0), -- Rat
(@CGUID+104, 4075, 309, -11532.7, -1257.06, 82.0085, 2.30383, 7200, 7200, 0, 0, 0, 0), -- Rat
(@CGUID+105, 4075, 309, -11588.6, -1263.02, 78.6657, 5.28835, 7200, 7200, 0, 0, 0, 0), -- Rat
(@CGUID+106, 11338, 309, -12285.9, -1637.33, 133.569, 0.732083, 7200, 7200, 5, 0, 0, 1), -- Hakkari Shadowcaster
(@CGUID+107, 11338, 309, -12367.4, -1612.76, 130.85, 6.19852, 7200, 7200, 5, 0, 0, 1), -- Hakkari Shadowcaster
(@CGUID+108, 11338, 309, -12298.1, -1687.7, 131.256, 3.83493, 7200, 7200, 5, 0, 0, 1), -- Hakkari Shadowcaster
(@CGUID+109, 11338, 309, -12309.5, -1696.85, 132.53, 4.02784, 7200, 7200, 5, 0, 0, 1), -- Hakkari Shadowcaster
(@CGUID+110, 11338, 309, -11837.8, -1692.37, 40.7479, 1.19463, 7200, 7200, 0, 0, 0, 0), -- Hakkari Shadowcaster
(@CGUID+111, 11339, 309, -11542.2, -1609.78, 60.4916, 6.1555, 7200, 7200, 0, 0, 0, 0), -- Hakkari Shadow Hunter
(@CGUID+112, 11339, 309, -11640.7, -1488.52, 44.4881, 3.26377, 7200, 7200, 0, 0, 0, 0), -- Hakkari Shadow Hunter
(@CGUID+113, 11339, 309, -11511.3, -1613.84, 71.4066, 3.36848, 7200, 7200, 0, 0, 0, 0), -- Hakkari Shadow Hunter
(@CGUID+114, 11339, 309, -11518.3, -1629.19, 71.4066, 1.43117, 7200, 7200, 0, 0, 0, 0), -- Hakkari Shadow Hunter
(@CGUID+115, 11339, 309, -11511.4, -1628.43, 71.4067, 2.96706, 7200, 7200, 0, 0, 0, 0), -- Hakkari Shadow Hunter
(@CGUID+116, 11339, 309, -11518.3, -1613.51, 71.4067, 4.59022, 7200, 7200, 0, 0, 0, 0), -- Hakkari Shadow Hunter
(@CGUID+117, 11339, 309, -11511.8, -1643.48, 49.6276, 1.74533, 7200, 7200, 0, 0, 0, 0), -- Hakkari Shadow Hunter
(@CGUID+118, 11339, 309, -11526.9, -1643.49, 49.6044, 1.46608, 7200, 7200, 0, 0, 0, 0), -- Hakkari Shadow Hunter
(@CGUID+119, 11339, 309, -11519.9, -1685.07, 50.0721, 0.286186, 7200, 7200, 5, 0, 0, 1), -- Hakkari Shadow Hunter
(@CGUID+120, 11339, 309, -11521.2, -1684.87, 49.9866, 3.74128, 7200, 7200, 5, 0, 0, 1), -- Hakkari Shadow Hunter
(@CGUID+121, 11339, 309, -11496.8, -1621.54, 71.4067, 1.0213, 7200, 7200, 0, 0, 0, 0), -- Hakkari Shadow Hunter
(@CGUID+122, 11339, 309, -11496.3, -1621.55, 71.3234, 1.16697, 7200, 7200, 5, 0, 0, 1), -- Hakkari Shadow Hunter
(@CGUID+123, 11339, 309, -11545.4, -1549.98, 51.6079, 4.25193, 7200, 7200, 0, 0, 0, 0), -- Hakkari Shadow Hunter
(@CGUID+124, 11339, 309, -11545.1, -1550.04, 51.5721, 4.19102, 7200, 7200, 5, 0, 0, 1), -- Hakkari Shadow Hunter
(@CGUID+125, 11340, 309, -11888.9, -1881.35, 63.587, 3.87463, 7200, 7200, 0, 0, 0, 0), -- Hakkari Blood Priest
(@CGUID+126, 11340, 309, -11875.6, -1892, 63.7767, 4.01426, 7200, 7200, 0, 0, 0, 0), -- Hakkari Blood Priest
(@CGUID+127, 11340, 309, -11787.1, -1666.45, 21.2324, 4.72984, 7200, 7200, 0, 0, 0, 0), -- Hakkari Blood Priest
(@CGUID+128, 11340, 309, -11806.8, -1629.93, 21.2326, 3.52556, 7200, 7200, 0, 0, 0, 0), -- Hakkari Blood Priest
(@CGUID+129, 11340, 309, -11771.9, -1618.82, 21.2208, 4.29351, 7200, 7200, 0, 0, 0, 0), -- Hakkari Blood Priest
(@CGUID+130, 11340, 309, -11835, -1689.55, 40.7472, 1.19462, 7200, 7200, 0, 0, 0, 2), -- Hakkari Blood Priest
(@CGUID+131, 11340, 309, -11739.7, -1669.73, 36.9982, 1.60711, 7200, 7200, 0, 0, 0, 2), -- Hakkari Blood Priest
(@CGUID+132, 11347, 309, -11702.6, -1992.61, 62.0147, 5.02655, 7200, 7200, 0, 0, 0, 0), -- Zealot Lor'Khan
(@CGUID+133, 11348, 309, -11699.3, -1992.57, 61.9979, 4.43314, 7200, 7200, 0, 0, 0, 0), -- Zealot Zath
(@CGUID+134, 11350, 309, -11882.7, -1316.07, 78.2369, 3.15905, 7200, 7200, 0, 0, 0, 0), -- Gurubashi Axe Thrower
(@CGUID+135, 11350, 309, -11882, -1323.86, 77.528, 3.10669, 7200, 7200, 0, 0, 0, 0), -- Gurubashi Axe Thrower
(@CGUID+136, 11350, 309, -11985.8, -1622.14, 33.7017, 2.35619, 7200, 7200, 0, 0, 0, 0), -- Gurubashi Axe Thrower
(@CGUID+137, 11350, 309, -11992.8, -1615.27, 35.6098, 5.49779, 7200, 7200, 0, 0, 0, 0), -- Gurubashi Axe Thrower
(@CGUID+138, 11350, 309, -11830.6, -1317, 66.7436, 4.93928, 7200, 7200, 0, 0, 0, 0), -- Gurubashi Axe Thrower
(@CGUID+139, 11350, 309, -11815.3, -1807.61, 51.1677, 2.42601, 7200, 7200, 0, 0, 0, 0), -- Gurubashi Axe Thrower
(@CGUID+140, 11350, 309, -11821, -1803.41, 52.1164, 2.87979, 7200, 7200, 0, 0, 0, 0), -- Gurubashi Axe Thrower
(@CGUID+141, 11350, 309, -11674.6, -1928.62, 57.6635, 1.50098, 7200, 7200, 0, 0, 0, 0), -- Gurubashi Axe Thrower
(@CGUID+142, 11350, 309, -11679.6, -1934.44, 57.6998, 5.72468, 7200, 7200, 0, 0, 0, 0), -- Gurubashi Axe Thrower
(@CGUID+143, 11350, 309, -11693.6, -1940.73, 56.9141, 1.72788, 7200, 7200, 0, 0, 0, 0), -- Gurubashi Axe Thrower
(@CGUID+144, 11350, 309, -11903.7, -1327.2, 77.621, 0.750492, 7200, 7200, 0, 0, 0, 0), -- Gurubashi Axe Thrower
(@CGUID+145, 11350, 309, -11910.8, -1322.43, 77.5587, 0.680678, 7200, 7200, 0, 0, 0, 0), -- Gurubashi Axe Thrower
(@CGUID+146, 11350, 309, -11981.4, -1707.25, 32.3669, 2.80998, 7200, 7200, 0, 0, 0, 0), -- Gurubashi Axe Thrower
(@CGUID+147, 11350, 309, -11875.6, -1415.3, 61.1701, 5.5676, 7200, 7200, 0, 0, 0, 0), -- Gurubashi Axe Thrower
(@CGUID+148, 11350, 309, -12055.0107421875, -1737.7178955078125, 52.92274093627929687, 3.351032257080078125, 21600, 21600, 0, 0, 0, 0), -- Gurubashi Axe Thrower
(@CGUID+149, 11350, 309, -11969.4, -1557.64, 40.2843, 1.11701, 7200, 7200, 0, 0, 0, 0), -- Gurubashi Axe Thrower
(@CGUID+150, 11350, 309, -11637.3, -1885.53, 57.2217, 1.3622, 7200, 7200, 5, 0, 0, 1), -- Gurubashi Axe Thrower
(@CGUID+151, 11350, 309, -11647.7, -1885.87, 57.3467, 6.15927, 7200, 7200, 5, 0, 0, 1), -- Gurubashi Axe Thrower
(@CGUID+152, 11350, 309, -11655.8, -1892.26, 56.9461, 4.53786, 7200, 7200, 0, 0, 0, 0), -- Gurubashi Axe Thrower
(@CGUID+153, 11350, 309, -11694.4, -1832.29, 41.5242, 3.64774, 7200, 7200, 0, 0, 0, 0), -- Gurubashi Axe Thrower
(@CGUID+154, 11350, 309, -11699.7, -1834.12, 42.7127, 2.77507, 7200, 7200, 0, 0, 0, 0), -- Gurubashi Axe Thrower
(@CGUID+155, 11350, 309, -11838.2, -1689.4, 40.7473, 1.19453, 7200, 7200, 0, 0, 0, 0), -- Gurubashi Axe Thrower
(@CGUID+156, 11350, 309, -11833.6, -1692.85, 40.7477, 1.19455, 7200, 7200, 0, 0, 0, 0), -- Gurubashi Axe Thrower
(@CGUID+157, 11350, 309, -11709.6, -1956.15, 57.1976, 6.17767, 7200, 7200, 5, 0, 0, 1), -- Gurubashi Axe Thrower
(@CGUID+158, 11350, 309, -11744.1, -1919, 56.3862, 3.59538, 7200, 7200, 0, 0, 0, 0), -- Gurubashi Axe Thrower
(@CGUID+159, 11350, 309, -11727.6, -1932.4, 56.6076, 1.30805, 7200, 7200, 5, 0, 0, 1), -- Gurubashi Axe Thrower
(@CGUID+160, 11350, 309, -11535.5, -1495.57, 77.9503, 4.97419, 7200, 7200, 0, 0, 0, 0), -- Gurubashi Axe Thrower
(@CGUID+161, 11350, 309, -11596.8, -1757.02, 39.8711, 5.51524, 7200, 7200, 0, 0, 0, 0), -- Gurubashi Axe Thrower
(@CGUID+162, 11350, 309, -11649, -1568.68, 39.3923, 4.20624, 7200, 7200, 0, 0, 0, 0), -- Gurubashi Axe Thrower
(@CGUID+163, 11350, 309, -11938.4, -1757.27, 51.845, 2.79253, 7200, 7200, 0, 0, 0, 0), -- Gurubashi Axe Thrower
(@CGUID+164, 11350, 309, -11555.6, -1492.36, 68.8893, 3.9619, 7200, 7200, 0, 0, 0, 0), -- Gurubashi Axe Thrower
(@CGUID+165, 11350, 309, -11563.3, -1733.07, 38.3489, 0, 7200, 7200, 0, 0, 0, 0), -- Gurubashi Axe Thrower
(@CGUID+166, 11350, 309, -11601.8, -1744, 40.3132, 0.802851, 7200, 7200, 0, 0, 0, 0), -- Gurubashi Axe Thrower
(@CGUID+167, 11351, 309, -12007.2, -1492.45, 82.0241, 1.39626, 7200, 7200, 0, 0, 0, 0), -- Gurubashi Headhunter
(@CGUID+168, 11351, 309, -12008.5, -1484.91, 79.2389, 4.97419, 7200, 7200, 0, 0, 0, 0), -- Gurubashi Headhunter
(@CGUID+169, 11351, 309, -12238.1, -1416.02, 130.817, 0.351163, 7200, 7200, 0, 0, 0, 2), -- Gurubashi Headhunter
(@CGUID+170, 11351, 309, -12208.8, -1462.88, 131.193, 0.307545, 7200, 7200, 0, 0, 0, 2), -- Gurubashi Headhunter
(@CGUID+171, 11351, 309, -12219.2, -1464.7, 130.698, 0.307525, 7200, 7200, 0, 0, 0, 2), -- Gurubashi Headhunter
(@CGUID+172, 11351, 309, -11657.7, -1546.31, 40.038, 3.15905, 7200, 7200, 0, 0, 0, 0), -- Gurubashi Headhunter
(@CGUID+173, 11351, 309, -11652.1, -1453.79, 59.4568, 5.5676, 7200, 7200, 0, 0, 0, 0), -- Gurubashi Headhunter
(@CGUID+174, 11351, 309, -11606.1, -1513.56, 45.2936, 0.05474, 7200, 7200, 0, 0, 0, 0), -- Gurubashi Headhunter
(@CGUID+175, 11351, 309, -11625.6, -1488.06, 45.3629, 4.20245, 7200, 7200, 0, 0, 0, 2), -- Gurubashi Headhunter
(@CGUID+176, 11352, 309, -11815.8, -1712.56, 21.2108, 4.39823, 7200, 7200, 0, 0, 0, 0), -- Gurubashi Berserker
(@CGUID+177, 11352, 309, -11760.3, -1708.16, 21.2108, 2.49582, 7200, 7200, 0, 0, 0, 0), -- Gurubashi Berserker
(@CGUID+178, 11352, 309, -11806.6, -1622.62, 21.2285, 5.49779, 7200, 7200, 0, 0, 0, 0), -- Gurubashi Berserker
(@CGUID+179, 11352, 309, -11736.1, -1651.65, 21.2108, 0.174533, 7200, 7200, 0, 0, 0, 0), -- Gurubashi Berserker
(@CGUID+180, 11352, 309, -11736.7, -1636.54, 21.2108, 6.23082, 7200, 7200, 0, 0, 0, 0), -- Gurubashi Berserker
(@CGUID+181, 11352, 309, -11892.4951171875, -1857.2500000000000, 63.026908874511718750, 4.468042850494384765, 21600, 21600, 0, 0, 0, 4), -- Gurubashi Berserker
(@CGUID+182, 11352, 309, -12329.9, -1870.84, 130.349, 0.978481, 7200, 7200, 0, 0, 0, 2), -- Gurubashi Berserker
(@CGUID+183, 11352, 309, -12101, -1478.76, 128.789, 0.171365, 7200, 7200, 0, 0, 0, 2), -- Gurubashi Berserker
(@CGUID+184, 11352, 309, -11767.9, -1581.04, 21.1237, 1.5707, 7200, 7200, 0, 0, 0, 0), -- Gurubashi Berserker
(@CGUID+185, 11352, 309, -11814.6, -1581.56, 21.1734, 1.5707, 7200, 7200, 0, 0, 0, 0), -- Gurubashi Berserker
(@CGUID+186, 11352, 309, -11842.7, -1640.89, 21.2108, 3.40339, 7200, 7200, 0, 0, 0, 0), -- Gurubashi Berserker
(@CGUID+187, 11352, 309, -11842, -1655.23, 21.2108, 2.94961, 7200, 7200, 0, 0, 0, 0), -- Gurubashi Berserker
(@CGUID+188, 11352, 309, -11804.3564453125, -1849.8797607421875, 47.52538681030273437, 4.921828269958496093, 21600, 21600, 0, 0, 0, 4), -- Gurubashi Berserker
(@CGUID+189, 11352, 309, -11721.2, -1349.94, 62.3459, 5.45638, 7200, 7200, 0, 0, 0, 2), -- Gurubashi Berserker
(@CGUID+190, 11352, 309, -12174.3, -1681.34, 100.199, 6.27537, 7200, 7200, 0, 0, 0, 2), -- Gurubashi Berserker
(@CGUID+191, 11352, 309, -11611.7, -1736.6, 38.7837, 4.9382, 7200, 7200, 0, 0, 0, 2), -- Gurubashi Berserker
(@CGUID+192, 11352, 309, -11565.6, -1478.67, 65.0101, 3.92298, 7200, 7200, 0, 0, 0, 2), -- Gurubashi Berserker
(@CGUID+193, 11352, 309, -12145.2, -1818.32, 86.2209, 6.28123, 7200, 7200, 0, 0, 0, 2), -- Gurubashi Berserker
(@CGUID+194, 11353, 309, -12388.9, -1900.82, 130.636, 4.60767, 7200, 7200, 0, 0, 0, 0), -- Gurubashi Blood Drinker
(@CGUID+195, 11353, 309, -12393, -1905.57, 130.35, 0.663225, 7200, 7200, 0, 0, 0, 0), -- Gurubashi Blood Drinker
(@CGUID+196, 11353, 309, -12387.7, -1849.4, 129.265, 0, 7200, 7200, 0, 0, 0, 0), -- Gurubashi Blood Drinker
(@CGUID+197, 11353, 309, -12384.7, -1849.2, 129.759, 3.24631, 7200, 7200, 0, 0, 0, 0), -- Gurubashi Blood Drinker
(@CGUID+198, 11353, 309, -12186.9, -1977, 133.142, 5.67232, 7200, 7200, 0, 0, 0, 0), -- Gurubashi Blood Drinker
(@CGUID+199, 11353, 309, -12359.7, -1870.49, 130.518, 4.83456, 7200, 7200, 0, 0, 0, 0), -- Gurubashi Blood Drinker
(@CGUID+200, 11353, 309, -12355.5, -1878.74, 130.407, 2.58309, 7200, 7200, 0, 0, 0, 0), -- Gurubashi Blood Drinker
(@CGUID+201, 11353, 309, -11456.2, -1592.29, 50.268, 4.83912, 7200, 7200, 0, 0, 0, 0), -- Gurubashi Blood Drinker
(@CGUID+202, 11353, 309, -11456.2, -1591.86, 50.4685, 4.83576, 7200, 7200, 5, 0, 0, 1), -- Gurubashi Blood Drinker
(@CGUID+203, 11353, 309, -11650.6, -1488.65, 47.9501, 0.017453, 7200, 7200, 0, 0, 0, 0), -- Gurubashi Blood Drinker
(@CGUID+204, 11353, 309, -12264.8, -1862.98, 132.538, 2.68781, 7200, 7200, 0, 0, 0, 0), -- Gurubashi Blood Drinker
(@CGUID+205, 11353, 309, -12267.4, -1861.41, 131.826, 5.70723, 7200, 7200, 0, 0, 0, 0), -- Gurubashi Blood Drinker
(@CGUID+206, 11353, 309, -12298.9, -1843.2, 130.432, 6.05629, 7200, 7200, 0, 0, 0, 0), -- Gurubashi Blood Drinker
(@CGUID+207, 11353, 309, -12294.2, -1846.53, 130.355, 2.40855, 7200, 7200, 0, 0, 0, 0), -- Gurubashi Blood Drinker
(@CGUID+208, 11353, 309, -12363.7, -1935.86, 132.47, 0.15708, 7200, 7200, 0, 0, 0, 0), -- Gurubashi Blood Drinker
(@CGUID+209, 11353, 309, -12354.6, -1936.65, 132.493, 2.6529, 7200, 7200, 0, 0, 0, 0), -- Gurubashi Blood Drinker
(@CGUID+210, 11353, 309, -12347, -1847.58, 131.092, 2.3911, 7200, 7200, 0, 0, 0, 0), -- Gurubashi Blood Drinker
(@CGUID+211, 11353, 309, -12349.6, -1845.43, 131.042, 5.67232, 7200, 7200, 0, 0, 0, 0), -- Gurubashi Blood Drinker
(@CGUID+212, 11353, 309, -12267.7, -1865.83, 132.445, 2.23402, 7200, 7200, 0, 0, 0, 0), -- Gurubashi Blood Drinker
(@CGUID+213, 11353, 309, -12270, -1863.72, 131.597, 5.79449, 7200, 7200, 0, 0, 0, 0), -- Gurubashi Blood Drinker
(@CGUID+214, 11353, 309, -12252.6, -1957.54, 132.868, 2.46091, 7200, 7200, 0, 0, 0, 0), -- Gurubashi Blood Drinker
(@CGUID+215, 11353, 309, -11580.1, -1581.38, 49.6853, 2.29565, 7200, 7200, 0, 0, 0, 0), -- Gurubashi Blood Drinker
(@CGUID+216, 11353, 309, -11579.8, -1582.05, 49.5485, 2.26201, 7200, 7200, 5, 0, 0, 1), -- Gurubashi Blood Drinker
(@CGUID+217, 11353, 309, -12362.4, -1827.53, 130.339, 2.51327, 7200, 7200, 0, 0, 0, 0), -- Gurubashi Blood Drinker
(@CGUID+218, 11353, 309, -12364.4, -1829.42, 130.354, 2.09439, 7200, 7200, 0, 0, 0, 0), -- Gurubashi Blood Drinker
(@CGUID+219, 11353, 309, -12346.7, -1958.36, 132.932, 4.64258, 7200, 7200, 0, 0, 0, 0), -- Gurubashi Blood Drinker
(@CGUID+220, 11353, 309, -12347.7, -1961.11, 132.849, 1.02974, 7200, 7200, 0, 0, 0, 0), -- Gurubashi Blood Drinker
(@CGUID+221, 11353, 309, -12352, -1843.97, 130.966, 1.71042, 7200, 7200, 0, 0, 0, 0), -- Gurubashi Blood Drinker
(@CGUID+222, 11353, 309, -12352.5, -1841.72, 131.105, 5.0091, 7200, 7200, 0, 0, 0, 0), -- Gurubashi Blood Drinker
(@CGUID+223, 11353, 309, -11588, -1663.91, 51.7205, 5.91174, 7200, 7200, 0, 0, 0, 0), -- Gurubashi Blood Drinker
(@CGUID+224, 11353, 309, -11585.8, -1663.11, 51.231, 5.80136, 7200, 7200, 5, 0, 0, 1), -- Gurubashi Blood Drinker
(@CGUID+225, 11353, 309, -11498.4, -1641.72, 60.4915, 0.373932, 7200, 7200, 0, 0, 0, 0), -- Gurubashi Blood Drinker
(@CGUID+226, 11353, 309, -11498.3, -1640.75, 60.4083, 4.54487, 7200, 7200, 5, 0, 0, 1), -- Gurubashi Blood Drinker
(@CGUID+227, 11353, 309, -12393.2, -1940.51, 132.513, 2.05949, 7200, 7200, 0, 0, 0, 0), -- Gurubashi Blood Drinker
(@CGUID+228, 11353, 309, -12394.8, -1936.3, 133.142, 5.11381, 7200, 7200, 0, 0, 0, 0), -- Gurubashi Blood Drinker
(@CGUID+229, 11356, 309, -12340.8, -1958.38, 133.508, 2.72271, 7200, 7200, 0, 0, 0, 0), -- Gurubashi Champion
(@CGUID+230, 11356, 309, -12343.8, -1957.15, 133.218, 5.89921, 7200, 7200, 0, 0, 0, 0), -- Gurubashi Champion
(@CGUID+231, 11356, 309, -12181.4, -1980.66, 134.596, 1.62316, 7200, 7200, 0, 0, 0, 0), -- Gurubashi Champion
(@CGUID+232, 11356, 309, -12190, -1980.93, 133.214, 1.41372, 7200, 7200, 0, 0, 0, 0), -- Gurubashi Champion
(@CGUID+233, 11356, 309, -12332.2, -1903.89, 130.561, 0.575959, 7200, 7200, 0, 0, 0, 0), -- Gurubashi Champion
(@CGUID+234, 11356, 309, -12329.5, -1901.46, 130.609, 4.10152, 7200, 7200, 0, 0, 0, 0), -- Gurubashi Champion
(@CGUID+235, 11356, 309, -12183.8, -1978.48, 133.914, 2.6529, 7200, 7200, 0, 0, 0, 0), -- Gurubashi Champion
(@CGUID+236, 11356, 309, -12391.2, -1942.1, 132.081, 4.24115, 7200, 7200, 0, 0, 0, 0), -- Gurubashi Champion
(@CGUID+237, 11356, 309, -12222.1, -1910.29, 133.499, 2.67035, 7200, 7200, 0, 0, 0, 0), -- Gurubashi Champion
(@CGUID+238, 11356, 309, -12217.4, -1905.82, 133.499, 2.68781, 7200, 7200, 0, 0, 0, 0), -- Gurubashi Champion
(@CGUID+239, 11356, 309, -12215.3, -1911.08, 133.499, 0.017453, 7200, 7200, 0, 0, 0, 0), -- Gurubashi Champion
(@CGUID+240, 11356, 309, -12212.8, -1914.35, 133.499, 1.53589, 7200, 7200, 0, 0, 0, 0), -- Gurubashi Champion
(@CGUID+241, 11356, 309, -12252.2, -1956.25, 131.841, 2.96706, 7200, 7200, 0, 0, 0, 0), -- Gurubashi Champion
(@CGUID+242, 11356, 309, -11740.2, -1680.33, 40.7082, 1.60699, 7200, 7200, 0, 0, 0, 0), -- Gurubashi Champion
(@CGUID+243, 11356, 309, -11775.2, -1622.36, 21.2321, 0.820305, 7200, 7200, 0, 0, 0, 0), -- Gurubashi Champion
(@CGUID+244, 11356, 309, -11772.2, -1625.23, 21.2319, 1.5708, 7200, 7200, 0, 0, 0, 0), -- Gurubashi Champion
(@CGUID+245, 11356, 309, -12288, -1895.71, 130.493, 2.32129, 7200, 7200, 0, 0, 0, 0), -- Gurubashi Champion
(@CGUID+246, 11356, 309, -12299.9, -1905.53, 131.343, 2.1293, 7200, 7200, 0, 0, 0, 0), -- Gurubashi Champion
(@CGUID+247, 11356, 309, -12391.7, -1850.09, 129.413, 0.977384, 7200, 7200, 0, 0, 0, 0), -- Gurubashi Champion
(@CGUID+248, 11356, 309, -12389.4, -1847.39, 129.877, 3.94444, 7200, 7200, 0, 0, 0, 0), -- Gurubashi Champion
(@CGUID+249, 11356, 309, -12294.9, -1902.03, 130.362, 2.14675, 7200, 7200, 0, 0, 0, 0), -- Gurubashi Champion
(@CGUID+250, 11356, 309, -12284, -1891.46, 131.061, 2.51327, 7200, 7200, 0, 0, 0, 0), -- Gurubashi Champion
(@CGUID+251, 11356, 309, -12251.9, -1959.7, 134.07, 0.925025, 7200, 7200, 0, 0, 0, 0), -- Gurubashi Champion
(@CGUID+252, 11356, 309, -12258.5, -1954.66, 131.734, 0.820305, 7200, 7200, 0, 0, 0, 0), -- Gurubashi Champion
(@CGUID+253, 11357, 309, -11742.7, -1620.51, 36.9983, 1.59794, 20, 20, 0, 0, 0, 2), -- Son of Hakkar (Hakkar temple northern, fast respawn intentional)
(@CGUID+254, 11357, 309, -11834.4, -1667.85, 36.9993, 1.51519, 20, 20, 0, 0, 0, 2), -- Son of Hakkar (Hakkar temple southern, fast respawn intentional)
(@CGUID+255, 11357, 309, -11778.4, -1670.83, 21.2324, 1.16937, 7200, 7200, 0, 0, 0, 0), -- Son of Hakkar
(@CGUID+256, 11357, 309, -11795.4, -1670.86, 21.2324, 2.28638, 7200, 7200, 0, 0, 0, 0), -- Son of Hakkar
(@CGUID+257, 11357, 309, -11712.7, -1699.62, 19.8865, 4.77213, 7200, 7200, 5, 0, 0, 1), -- Son of Hakkar
(@CGUID+258, 11357, 309, -11720.2, -1569.7, 19.5764, 2.37036, 7200, 7200, 0, 0, 0, 0), -- Son of Hakkar
(@CGUID+259, 11357, 309, -11770.1, -1622.53, 21.2263, 0.314159, 7200, 7200, 0, 0, 0, 0), -- Son of Hakkar
(@CGUID+260, 11357, 309, -11777.8, -1625.28, 21.2322, 5.16617, 7200, 7200, 0, 0, 0, 0), -- Son of Hakkar
(@CGUID+261, 11357, 309, -11817.8, -1720.2, 20.0253, 5.79449, 7200, 7200, 0, 0, 0, 0), -- Son of Hakkar
(@CGUID+262, 11357, 309, -11808.6, -1711.24, 21.1275, 6.1443, 7200, 7200, 5, 0, 0, 1), -- Son of Hakkar
(@CGUID+263, 11357, 309, -11835, -1693.47, 40.7479, 1.19462, 7200, 7200, 0, 0, 0, 0), -- Son of Hakkar
(@CGUID+264, 11357, 309, -11859.9, -1697.61, 19.792, 1.73108, 7200, 7200, 0, 0, 0, 0), -- Son of Hakkar
(@CGUID+265, 11357, 309, -11862.9, -1597.54, 20.2768, 4.62603, 7200, 7200, 5, 0, 0, 1), -- Son of Hakkar
(@CGUID+266, 11357, 309, -11755.7, -1716.61, 21.1275, 3.042, 7200, 7200, 5, 0, 0, 1), -- Son of Hakkar
(@CGUID+267, 11357, 309, -11769.2, -1708.15, 21.2108, 3.57792, 7200, 7200, 0, 0, 0, 0), -- Son of Hakkar
(@CGUID+268, 11357, 309, -11839, -1694.82, 40.7486, 0.459823, 7200, 7200, 5, 0, 0, 1), -- Son of Hakkar
(@CGUID+269, 11357, 309, -11839.1, -1698.83, 40.7495, 3.71178, 7200, 7200, 5, 0, 0, 1), -- Son of Hakkar
(@CGUID+270, 11357, 309, -11739.4, -1680.21, 40.7056, 1.94557, 7200, 7200, 5, 0, 0, 1), -- Son of Hakkar
(@CGUID+271, 11357, 309, -11737.4, -1678.02, 40.2874, 1.81315, 7200, 7200, 5, 0, 0, 1), -- Son of Hakkar
(@CGUID+272, 11357, 309, -11801.9, -1628.01, 21.1491, 4.97787, 7200, 7200, 5, 0, 0, 1), -- Son of Hakkar
(@CGUID+273, 11357, 309, -11796.7, -1623.35, 21.2323, 6.16101, 7200, 7200, 0, 0, 0, 0), -- Son of Hakkar
(@CGUID+274, 11359, 309, -11714.8, -1700.98, 21.1275, 4.77227, 7200, 7200, 5, 0, 0, 1), -- Soulflayer
(@CGUID+275, 11359, 309, -11819.6, -1705.6, 21.1275, 3.71844, 7200, 7200, 5, 0, 0, 1), -- Soulflayer
(@CGUID+276, 11359, 309, -11838.4, -1690.95, 40.7477, 1.19454, 7200, 7200, 0, 0, 0, 0), -- Soulflayer
(@CGUID+277, 11359, 309, -11861.1, -1600.41, 21.1053, 4.62612, 7200, 7200, 5, 0, 0, 1), -- Soulflayer
(@CGUID+278, 11359, 309, -11741.8, -1679.3, 40.6688, 1.60721, 7200, 7200, 5, 0, 0, 1), -- Soulflayer
(@CGUID+279, 11359, 309, -11736.9, -1679.12, 40.6699, 1.60705, 7200, 7200, 5, 0, 0, 1), -- Soulflayer
(@CGUID+280, 11359, 309, -11753.1, -1704.21, 21.1275, 0.047909, 7200, 7200, 5, 0, 0, 1), -- Soulflayer
(@CGUID+281, 11359, 309, -11839.1, -1697.36, 40.7492, 1.72169, 7200, 7200, 0, 0, 0, 2), -- Soulflayer
(@CGUID+282, 11359, 309, -11739.1, -1674.18, 37.5981, 1.83708, 7200, 7200, 0, 0, 0, 2), -- Soulflayer
(@CGUID+283, 11360, 309, -11686, -1888.25, 57.0057, 2.93215, 7200, 7200, 0, 0, 0, 0), -- Zulian Cub
(@CGUID+284, 11360, 309, -11718.4, -1917.09, 55.7326, 2.57413, 7200, 7200, 5, 0, 0, 1), -- Zulian Cub
(@CGUID+285, 11360, 309, -11805.8, -1878.27, 45.4985, 5.96903, 7200, 7200, 0, 0, 0, 0), -- Zulian Cub
(@CGUID+286, 11360, 309, -11751.7, -1896.04, 56.2729, 2.10993, 7200, 7200, 0, 0, 0, 2), -- Zulian Cub
(@CGUID+287, 11360, 309, -11816.5, -1878.31, 48.0184, 1.01229, 7200, 7200, 0, 0, 0, 0), -- Zulian Cub
(@CGUID+288, 11360, 309, -11811.4, -1899.16, 49.1025, 2.5948, 7200, 7200, 5, 0, 0, 1), -- Zulian Cub
(@CGUID+289, 11360, 309, -11717.1, -1912.08, 55.559, 3.735, 7200, 7200, 0, 0, 0, 0), -- Zulian Cub
(@CGUID+290, 11360, 309, -11811.6, -1888.58, 47.0457, 2.02458, 7200, 7200, 0, 0, 0, 0), -- Zulian Cub
(@CGUID+291, 11360, 309, -11685, -1914.06, 56.075, 5.28835, 7200, 7200, 0, 0, 0, 0), -- Zulian Cub
(@CGUID+292, 11360, 309, -11736.7, -1907.64, 56.2351, 0.855211, 7200, 7200, 0, 0, 0, 2), -- Zulian Cub
(@CGUID+293, 11360, 309, -11799.3, -1890.95, 47.0202, 3.07178, 7200, 7200, 0, 0, 0, 0), -- Zulian Cub
(@CGUID+294, 11360, 309, -11803.6, -1883.74, 45.6479, 0.785398, 7200, 7200, 0, 0, 0, 0), -- Zulian Cub
(@CGUID+295, 11361, 309, -11818.3, -1892.84, 48.7754, 0.628319, 7200, 7200, 0, 0, 0, 0), -- Zulian Tiger
(@CGUID+296, 11361, 309, -11791.4, -1895.77, 48.4045, 1.36136, 7200, 7200, 0, 0, 0, 0), -- Zulian Tiger
(@CGUID+297, 11361, 309, -11807.8, -1897.04, 48.7144, 1.06465, 7200, 7200, 0, 0, 0, 0), -- Zulian Tiger
(@CGUID+298, 11361, 309, -11825.4, -1863.41, 51.7791, 0.05236, 7200, 7200, 0, 0, 0, 0), -- Zulian Tiger
(@CGUID+299, 11361, 309, -11824.2, -1856.49, 51.7036, 4.88692, 7200, 7200, 0, 0, 0, 0), -- Zulian Tiger
(@CGUID+300, 11361, 309, -11826.7, -1871.16, 52.7241, 5.42797, 7200, 7200, 0, 0, 0, 0), -- Zulian Tiger
(@CGUID+301, 11361, 309, -11689.1, -1936.64, 56.8723, 2.75762, 7200, 7200, 0, 0, 0, 0), -- Zulian Tiger
(@CGUID+302, 11361, 309, -11676.5, -1939.07, 57.3162, 4.50295, 7200, 7200, 0, 0, 0, 0), -- Zulian Tiger
(@CGUID+303, 11361, 309, -11668.8, -1930.49, 57.889, 0.226893, 7200, 7200, 0, 0, 0, 0), -- Zulian Tiger
(@CGUID+304, 11361, 309, -11675.5, -1922.65, 56.5736, 3.35103, 7200, 7200, 0, 0, 0, 0), -- Zulian Tiger
(@CGUID+305, 11361, 309, -11680.8, -1928.7, 56.7897, 3.31613, 7200, 7200, 0, 0, 0, 0), -- Zulian Tiger
(@CGUID+306, 11361, 309, -11695.2, -2001.47, 62.4163, 2.44346, 7200, 7200, 0, 0, 0, 0), -- Zulian Tiger
(@CGUID+307, 11361, 309, -11706.6, -2001.38, 62.4163, 1.06465, 7200, 7200, 0, 0, 0, 0), -- Zulian Tiger
(@CGUID+308, 11361, 309, -11591.7, -1756.43, 40.0162, 3.39848, 7200, 7200, 0, 0, 0, 0), -- Zulian Tiger
(@CGUID+309, 11361, 309, -11598.9, -1764.43, 39.9138, 0.610865, 7200, 7200, 0, 0, 0, 0), -- Zulian Tiger
(@CGUID+310, 11361, 309, -11603.5, -1739.6, 39.4761, 5.02655, 7200, 7200, 0, 0, 0, 0), -- Zulian Tiger
(@CGUID+311, 11361, 309, -11601.3, -1729.95, 39.7037, 5.93412, 7200, 7200, 0, 0, 0, 0), -- Zulian Tiger
(@CGUID+312, 11361, 309, -11725, -1938.05, 56.5905, 0.15708, 7200, 7200, 0, 0, 0, 0), -- Zulian Tiger
(@CGUID+313, 11361, 309, -11733.2, -1940.66, 57.593, 5.96903, 7200, 7200, 0, 0, 0, 0), -- Zulian Tiger
(@CGUID+314, 11361, 309, -11733.1, -1929.62, 56.5639, 2.58309, 7200, 7200, 0, 0, 0, 0), -- Zulian Tiger
(@CGUID+315, 11361, 309, -11745.2, -1922.21, 56.6405, 2.67035, 7200, 7200, 0, 0, 0, 0), -- Zulian Tiger
(@CGUID+316, 11361, 309, -11750.4, -1916.03, 56.5897, 1.58825, 7200, 7200, 0, 0, 0, 0), -- Zulian Tiger
(@CGUID+317, 11361, 309, -11689.6, -1831.24, 40.5991, 4.88692, 7200, 7200, 0, 0, 0, 0), -- Zulian Tiger
(@CGUID+318, 11361, 309, -11703.5, -1836.96, 42.6274, 5.75959, 7200, 7200, 0, 0, 0, 0), -- Zulian Tiger
(@CGUID+319, 11361, 309, -11697.6, -1827.12, 41.2645, 3.94444, 7200, 7200, 0, 0, 0, 0), -- Zulian Tiger
(@CGUID+320, 11361, 309, -11653, -1910.85, 57.5342, 3.45575, 7200, 7200, 0, 0, 0, 0), -- Zulian Tiger
(@CGUID+321, 11361, 309, -11642.4, -1890.35, 57.4213, 2.40855, 7200, 7200, 0, 0, 0, 0), -- Zulian Tiger
(@CGUID+322, 11361, 309, -11653.5, -1899.54, 56.6081, 1.16937, 7200, 7200, 0, 0, 0, 0), -- Zulian Tiger
(@CGUID+323, 11361, 309, -11650.4, -1895.66, 56.9303, 3.59538, 7200, 7200, 0, 0, 0, 0), -- Zulian Tiger
(@CGUID+324, 11361, 309, -11656, -1880.3, 56.7794, 4.31096, 7200, 7200, 0, 0, 0, 0), -- Zulian Tiger
(@CGUID+325, 11361, 309, -11813.3, -1803.43, 51.3092, 3.66519, 7200, 7200, 0, 0, 0, 0), -- Zulian Tiger
(@CGUID+326, 11361, 309, -11826.9, -1802.68, 52.0076, 5.53269, 7200, 7200, 0, 0, 0, 0), -- Zulian Tiger
(@CGUID+327, 11361, 309, -11809.5, -1810.02, 51.5274, 1.90241, 7200, 7200, 0, 0, 0, 0), -- Zulian Tiger
(@CGUID+328, 11361, 309, -11940.9, -1763.15, 52.483, 0.453786, 7200, 7200, 0, 0, 0, 0), -- Zulian Tiger
(@CGUID+329, 11361, 309, -11939.3, -1750.69, 52.8272, 0.017453, 7200, 7200, 0, 0, 0, 0), -- Zulian Tiger
(@CGUID+330, 11365, 309, -11612.2, -1568.49, 39.3195, 4.82779, 7200, 7200, 5, 0, 0, 1), -- Zulian Panther
(@CGUID+331, 11365, 309, -11612.3, -1565.29, 39.1839, 5.05803, 7200, 7200, 5, 0, 0, 1), -- Zulian Panther
(@CGUID+332, 11365, 309, -11614.8, -1566.55, 38.8881, 5.0655, 7200, 7200, 5, 0, 0, 1), -- Zulian Panther
(@CGUID+333, 11365, 309, -11632, -1683.5, 39.8163, 4.72216, 7200, 7200, 5, 0, 0, 1), -- Zulian Panther
(@CGUID+334, 11365, 309, -11630.6, -1680.17, 39.2641, 4.72213, 7200, 7200, 5, 0, 0, 1), -- Zulian Panther
(@CGUID+335, 11365, 309, -11633.4, -1680.15, 39.1681, 4.72213, 7200, 7200, 5, 0, 0, 1), -- Zulian Panther
(@CGUID+336, 11365, 309, -11526.2, -1683.66, 49.2104, 6.04566, 7200, 7200, 0, 0, 0, 0), -- Zulian Panther
(@CGUID+337, 11365, 309, -11525, -1685.19, 49.7388, 0.083731, 7200, 7200, 5, 0, 0, 1), -- Zulian Panther
(@CGUID+338, 11365, 309, -11524.2, -1683.65, 49.4405, 5.89116, 7200, 7200, 5, 0, 0, 1), -- Zulian Panther
(@CGUID+339, 11365, 309, -11523, -1686.1, 50.0412, 0.599685, 7200, 7200, 5, 0, 0, 1), -- Zulian Panther
(@CGUID+340, 11365, 309, -11549.3, -1554.1, 50.9232, 0.816936, 7200, 7200, 0, 0, 0, 0), -- Zulian Panther
(@CGUID+341, 11365, 309, -11547.4, -1554.03, 51.0091, 1.11034, 7200, 7200, 5, 0, 0, 1), -- Zulian Panther
(@CGUID+342, 11365, 309, -11547.6, -1549.76, 51.3208, 6.1836, 7200, 7200, 5, 0, 0, 1), -- Zulian Panther
(@CGUID+343, 11365, 309, -11546.5, -1552.91, 51.1642, 1.22446, 7200, 7200, 5, 0, 0, 1), -- Zulian Panther
(@CGUID+344, 11365, 309, -11510.4, -1663.15, 71.4066, 2.28638, 7200, 7200, 0, 0, 0, 0), -- Zulian Panther
(@CGUID+345, 11365, 309, -11511.1, -1670.26, 71.4066, 5.49779, 7200, 7200, 0, 0, 0, 0), -- Zulian Panther
(@CGUID+346, 11365, 309, -11524.2, -1670.44, 71.4067, 3.19395, 7200, 7200, 0, 0, 0, 0), -- Zulian Panther
(@CGUID+347, 11365, 309, -11519, -1664.11, 71.4067, 5.49779, 7200, 7200, 0, 0, 0, 0), -- Zulian Panther
(@CGUID+348, 11365, 309, -11573, -1667.54, 49.6334, 2.80813, 7200, 7200, 0, 0, 0, 0), -- Zulian Panther
(@CGUID+349, 11365, 309, -11576.6, -1666.62, 49.2497, 2.77847, 7200, 7200, 5, 0, 0, 1), -- Zulian Panther
(@CGUID+350, 11365, 309, -11573.4, -1669.59, 49.5494, 2.65977, 7200, 7200, 5, 0, 0, 1), -- Zulian Panther
(@CGUID+351, 11365, 309, -11573.4, -1665.55, 49.5491, 2.94749, 7200, 7200, 5, 0, 0, 1), -- Zulian Panther
(@CGUID+352, 11365, 309, -11534.6, -1610.75, 60.4916, 3.00808, 7200, 7200, 0, 0, 0, 0), -- Zulian Panther
(@CGUID+353, 11365, 309, -11538.1, -1607.61, 60.4083, 3.62696, 7200, 7200, 5, 0, 0, 1), -- Zulian Panther
(@CGUID+354, 11365, 309, -11534.8, -1613.09, 60.4083, 2.71321, 7200, 7200, 5, 0, 0, 1), -- Zulian Panther
(@CGUID+355, 11365, 309, -11536, -1611.98, 60.4083, 2.79071, 7200, 7200, 5, 0, 0, 1), -- Zulian Panther
(@CGUID+356, 11365, 309, -11495.2, -1616.76, 60.4903, 4.48279, 7200, 7200, 0, 0, 0, 0), -- Zulian Panther
(@CGUID+357, 11365, 309, -11495.2, -1621.51, 60.4075, 3.1743, 7200, 7200, 5, 0, 0, 1), -- Zulian Panther
(@CGUID+358, 11365, 309, -11496, -1619.55, 60.4075, 4.58392, 7200, 7200, 5, 0, 0, 1), -- Zulian Panther
(@CGUID+359, 11365, 309, -11495.1, -1618.88, 60.4074, 4.30856, 7200, 7200, 5, 0, 0, 1), -- Zulian Panther
(@CGUID+360, 11365, 309, -11587, -1580.33, 51.4009, 6.13104, 7200, 7200, 0, 0, 0, 0), -- Zulian Panther
(@CGUID+361, 11365, 309, -11584.2, -1576.76, 50.7188, 5.43724, 7200, 7200, 5, 0, 0, 1), -- Zulian Panther
(@CGUID+362, 11365, 309, -11586.7, -1576.85, 51.2061, 5.67895, 7200, 7200, 5, 0, 0, 1), -- Zulian Panther
(@CGUID+363, 11365, 309, -11583.4, -1578.33, 50.5416, 5.53787, 7200, 7200, 5, 0, 0, 1), -- Zulian Panther
(@CGUID+364, 11365, 309, -11453.8, -1611.1, 49.2878, 1.69817, 7200, 7200, 0, 0, 0, 0), -- Zulian Panther
(@CGUID+365, 11365, 309, -11455.8, -1606.51, 49.4163, 1.60445, 7200, 7200, 5, 0, 0, 1), -- Zulian Panther
(@CGUID+366, 11365, 309, -11454.6, -1613.08, 49.0983, 1.6476, 7200, 7200, 5, 0, 0, 1), -- Zulian Panther
(@CGUID+367, 11365, 309, -11454.1, -1609.09, 49.5681, 1.69753, 7200, 7200, 5, 0, 0, 1), -- Zulian Panther
(@CGUID+368, 11365, 309, -11492, -1607.23, 71.4067, 4.41948, 7200, 7200, 0, 0, 0, 0), -- Zulian Panther
(@CGUID+369, 11365, 309, -11491.2, -1612.34, 71.3234, 4.20817, 7200, 7200, 5, 0, 0, 1), -- Zulian Panther
(@CGUID+370, 11365, 309, -11491.9, -1612.31, 71.3234, 4.27319, 7200, 7200, 5, 0, 0, 1), -- Zulian Panther
(@CGUID+371, 11365, 309, -11491.8, -1609.3, 71.3234, 4.36473, 7200, 7200, 5, 0, 0, 1), -- Zulian Panther
(@CGUID+372, 11365, 309, -11519.3, -1642.37, 49.5332, 1.97147, 7200, 7200, 5, 0, 0, 1), -- Zulian Panther
(@CGUID+373, 11365, 309, -11522.6, -1636.72, 49.5283, 2.2845, 7200, 7200, 5, 0, 0, 1), -- Zulian Panther
(@CGUID+374, 11365, 309, -11520.7, -1639.37, 49.5312, 6.22186, 7200, 7200, 5, 0, 0, 1), -- Zulian Panther
(@CGUID+375, 11365, 309, -11514.8, -1632.89, 49.5414, 0.632592, 7200, 7200, 5, 0, 0, 1), -- Zulian Panther
(@CGUID+376, 11365, 309, -11568.5, -1559.21, 49.7218, 1.88666, 7200, 7200, 5, 0, 0, 1), -- Zulian Panther
(@CGUID+377, 11365, 309, -11559.7, -1565.21, 49.5515, 2.87652, 7200, 7200, 5, 0, 0, 1), -- Zulian Panther
(@CGUID+378, 11365, 309, -11559.4, -1563.97, 49.5531, 3.03895, 7200, 7200, 5, 0, 0, 1), -- Zulian Panther
(@CGUID+379, 11365, 309, -11511.2, -1580.07, 71.4067, 2.33874, 7200, 7200, 0, 0, 0, 0), -- Zulian Panther
(@CGUID+380, 11365, 309, -11523.6, -1573.28, 71.4067, 3.76991, 7200, 7200, 0, 0, 0, 0), -- Zulian Panther
(@CGUID+381, 11365, 309, -11525.1, -1582.7, 71.4067, 5.5676, 7200, 7200, 0, 0, 0, 0), -- Zulian Panther
(@CGUID+382, 11365, 309, -11511.8, -1573.41, 71.4067, 2.87979, 7200, 7200, 0, 0, 0, 0), -- Zulian Panther
(@CGUID+383, 11368, 309, -12233.9, -1433.44, 130.711, 5.11337, 7200, 7200, 5, 0, 0, 1), -- Bloodseeker Bat
(@CGUID+384, 11368, 309, -12240.5, -1420.28, 130.725, 5.01408, 7200, 7200, 5, 0, 0, 1), -- Bloodseeker Bat
(@CGUID+385, 11368, 309, -12230.7, -1407, 131.6, 3.19756, 7200, 7200, 5, 0, 0, 1), -- Bloodseeker Bat
(@CGUID+386, 11368, 309, -12243.6, -1424.56, 130.763, 5.19928, 7200, 7200, 5, 0, 0, 1), -- Bloodseeker Bat
(@CGUID+387, 11368, 309, -12245.2, -1425.05, 130.956, 5.09036, 7200, 7200, 5, 0, 0, 1), -- Bloodseeker Bat
(@CGUID+388, 11368, 309, -12214.1, -1477.24, 130.975, 0.493384, 7200, 7200, 5, 0, 0, 1), -- Bloodseeker Bat
(@CGUID+389, 11368, 309, -12213.5, -1480.31, 131.35, 0.173256, 7200, 7200, 5, 0, 0, 1), -- Bloodseeker Bat
(@CGUID+390, 11368, 309, -12236.5, -1497.11, 134.374, 5.69874, 7200, 7200, 5, 0, 0, 1), -- Bloodseeker Bat
(@CGUID+391, 11368, 309, -12235.9, -1490.88, 132.874, 0.130827, 7200, 7200, 5, 0, 0, 1), -- Bloodseeker Bat
(@CGUID+392, 11368, 309, -12051.8, -1427.93, 130.068, 1.18734, 7200, 7200, 0, 0, 0, 0), -- Bloodseeker Bat
(@CGUID+393, 11368, 309, -12058.8, -1438.04, 130.265, 0.967434, 7200, 7200, 3, 0, 0, 1), -- Bloodseeker Bat
(@CGUID+394, 11368, 309, -12054, -1442.81, 130.063, 0.386498, 7200, 7200, 3, 0, 0, 1), -- Bloodseeker Bat
(@CGUID+395, 11368, 309, -12054.5, -1439.37, 130.265, 1.34199, 7200, 7200, 3, 0, 0, 1), -- Bloodseeker Bat
(@CGUID+396, 11368, 309, -12155.9, -1487.27, 130.85, 4.03946, 7200, 7200, 5, 0, 0, 1), -- Bloodseeker Bat
(@CGUID+397, 11368, 309, -12152.5, -1484.64, 130.725, 4.26775, 7200, 7200, 5, 0, 0, 1), -- Bloodseeker Bat
(@CGUID+398, 11368, 309, -12155.2, -1487.32, 130.85, 4.09352, 7200, 7200, 5, 0, 0, 1), -- Bloodseeker Bat
(@CGUID+399, 11368, 309, -12280.6, -1456.59, 130.725, 4.8773, 7200, 7200, 5, 0, 0, 1), -- Bloodseeker Bat
(@CGUID+400, 11368, 309, -12279.2, -1446.06, 130.725, 6.27265, 7200, 7200, 5, 0, 0, 1), -- Bloodseeker Bat
(@CGUID+401, 11368, 309, -12281.7, -1451.19, 130.725, 4.7326, 7200, 7200, 5, 0, 0, 1), -- Bloodseeker Bat
(@CGUID+402, 11368, 309, -12282.1, -1452.07, 130.725, 4.85535, 7200, 7200, 5, 0, 0, 1), -- Bloodseeker Bat
(@CGUID+403, 11368, 309, -12281.2, -1451.29, 130.725, 4.77817, 7200, 7200, 5, 0, 0, 1), -- Bloodseeker Bat
(@CGUID+404, 11368, 309, -12154.1, -1460.24, 130.725, 0.258444, 7200, 7200, 5, 0, 0, 1), -- Bloodseeker Bat
(@CGUID+405, 11368, 309, -12166.8, -1463.59, 130.725, 0.158884, 7200, 7200, 0, 0, 0, 0), -- Bloodseeker Bat
(@CGUID+406, 11368, 309, -12171.8, -1462.23, 130.725, 0.026701, 7200, 7200, 0, 0, 0, 0), -- Bloodseeker Bat
(@CGUID+407, 11368, 309, -11985.9, -1475.85, 79.7788, 1.59486, 7200, 7200, 5, 0, 0, 1), -- Bloodseeker Bat
(@CGUID+408, 11368, 309, -11978.2, -1464.7, 80.1628, 1.46608, 7200, 7200, 0, 0, 0, 0), -- Bloodseeker Bat
(@CGUID+409, 11368, 309, -11988.6, -1467.06, 80.3768, 1.98968, 7200, 7200, 0, 0, 0, 0), -- Bloodseeker Bat
(@CGUID+410, 11368, 309, -11564.6, -1736.66, 39.1476, 0.226893, 7200, 7200, 0, 0, 0, 0), -- Bloodseeker Bat
(@CGUID+411, 11368, 309, -11553.9, -1740.82, 38.8256, 4.4425, 7200, 7200, 5, 0, 0, 1), -- Bloodseeker Bat
(@CGUID+412, 11368, 309, -12193.7, -1470.71, 147.973, 0.718845, 7200, 7200, 5, 0, 0, 1), -- Bloodseeker Bat
(@CGUID+413, 11368, 309, -12150.4, -1468.93, 160.553, 0.188655, 7200, 7200, 5, 0, 0, 1), -- Bloodseeker Bat
(@CGUID+414, 11368, 309, -12214.6, -1414.05, 156.978, 0.240646, 7200, 7200, 5, 0, 0, 1), -- Bloodseeker Bat
(@CGUID+415, 11368, 309, -12263.2, -1452.55, 143.499, 4.92516, 7200, 7200, 5, 0, 0, 1), -- Bloodseeker Bat
(@CGUID+416, 11368, 309, -12226.3, -1429, 148.674, 5.70749, 7200, 7200, 5, 0, 0, 1), -- Bloodseeker Bat
(@CGUID+417, 11368, 309, -12284, -1456.87, 159.373, 4.08001, 7200, 7200, 5, 0, 0, 1), -- Bloodseeker Bat
(@CGUID+418, 11368, 309, -12277.8, -1408.08, 144.63, 4.88027, 7200, 7200, 5, 0, 0, 1), -- Bloodseeker Bat
(@CGUID+419, 11368, 309, -12283.7, -1391.63, 145.494, 5.27237, 7200, 7200, 5, 0, 0, 1), -- Bloodseeker Bat
(@CGUID+420, 11368, 309, -12319.3, -1352.99, 143.958, 0.855211, 7200, 7200, 0, 0, 0, 0), -- Bloodseeker Bat
(@CGUID+421, 11368, 309, -12316, -1348.71, 144.088, 3.00197, 7200, 7200, 0, 0, 0, 0), -- Bloodseeker Bat
(@CGUID+422, 11368, 309, -12313.7, -1350.58, 143.917, 1.71042, 7200, 7200, 0, 0, 0, 0), -- Bloodseeker Bat
(@CGUID+423, 11368, 309, -12316.7, -1352.18, 143.871, 3.1765, 7200, 7200, 0, 0, 0, 0), -- Bloodseeker Bat
(@CGUID+424, 11368, 309, -12309.9, -1348.91, 144.447, 0.314159, 7200, 7200, 0, 0, 0, 0), -- Bloodseeker Bat
(@CGUID+425, 11370, 309, -12363.2, -1614.1, 130.635, 0.896689, 7200, 7200, 5, 0, 0, 1), -- Razzashi Broodwidow
(@CGUID+426, 11370, 309, -12359, -1612.38, 130.385, 5.99684, 7200, 7200, 5, 0, 0, 1), -- Razzashi Broodwidow
(@CGUID+427, 11370, 309, -12362.1, -1683.15, 134.764, 1.62316, 7200, 7200, 0, 0, 0, 0), -- Razzashi Broodwidow
(@CGUID+428, 11370, 309, -12353.9, -1676.98, 130.867, 2.25148, 7200, 7200, 0, 0, 0, 0), -- Razzashi Broodwidow
(@CGUID+429, 11370, 309, -12283, -1650.87, 131.73, 0.017453, 7200, 7200, 0, 0, 0, 0), -- Razzashi Broodwidow
(@CGUID+430, 11370, 309, -12286.3, -1645.34, 133.649, 5.16617, 7200, 7200, 0, 0, 0, 0), -- Razzashi Broodwidow
(@CGUID+431, 11370, 309, -12312.8, -1686.91, 131.308, 4.6604, 7200, 7200, 5, 0, 0, 1), -- Razzashi Broodwidow
(@CGUID+432, 11371, 309, -11558.3, -1801.05, 59.2151, 2.86234, 7200, 7200, 0, 0, 0, 0), -- Razzashi Serpent
(@CGUID+433, 11371, 309, -11649.5, -1565.6, 41.0883, 2.75762, 7200, 7200, 0, 0, 0, 0), -- Razzashi Serpent
(@CGUID+434, 11371, 309, -11583.6, -1805.16, 43.5651, 4.66155, 7200, 7200, 5, 0, 0, 1), -- Razzashi Serpent
(@CGUID+435, 11371, 309, -11583, -1793.24, 50.0265, 4.66155, 7200, 7200, 5, 0, 0, 1), -- Razzashi Serpent
(@CGUID+436, 11371, 309, -11927, -1385.89, 82.0706, 3.57792, 7200, 7200, 3, 0, 0, 1), -- Razzashi Serpent
(@CGUID+437, 0, 309, -11866.1230468750, -1312.9659423828125, 78.2720336914062500, 4.363323211669921875, 21600, 21600, 0, 0, 0, 0), -- Razzashi Serpent, Razzashi Adder
(@CGUID+438, 11371, 309, -12021.3, -1752.41, 55.3888, 3.31613, 7200, 7200, 0, 0, 0, 0), -- Razzashi Serpent
(@CGUID+439, 11371, 309, -12023, -1760.59, 56.2313, 3.5719, 7200, 7200, 5, 0, 0, 1), -- Razzashi Serpent
(@CGUID+440, 11371, 309, -12027.8, -1766.02, 57.1063, 0.477075, 7200, 7200, 5, 0, 0, 1), -- Razzashi Serpent
(@CGUID+441, 11371, 309, -11959.6, -1549.34, 40.7841, 2.26893, 7200, 7200, 0, 0, 0, 0), -- Razzashi Serpent
(@CGUID+442, 11371, 309, -11978.2, -1707.67, 32.3667, 3.7001, 7200, 7200, 0, 0, 0, 0), -- Razzashi Serpent
(@CGUID+443, 11371, 309, -11977.7, -1684.63, 32.2833, 2.64208, 7200, 7200, 0, 0, 0, 0), -- Razzashi Serpent
(@CGUID+444, 11371, 309, -12003.5, -1680.23, 32.3669, 0.418879, 7200, 7200, 0, 0, 0, 0), -- Razzashi Serpent
(@CGUID+445, 11371, 309, -11991.7, -1677.79, 32.3669, 2.86234, 7200, 7200, 0, 0, 0, 0), -- Razzashi Serpent
(@CGUID+446, 11371, 309, -11885, -1368.42, 68.8007, 5.53269, 7200, 7200, 3, 0, 0, 1), -- Razzashi Serpent
(@CGUID+447, 11371, 309, -11878.2, -1368.68, 69.7661, 3.90954, 7200, 7200, 3, 0, 0, 1), -- Razzashi Serpent
(@CGUID+448, 11371, 309, -11896.4, -1365.13, 69.8727, 2.42601, 7200, 7200, 3, 0, 0, 1), -- Razzashi Serpent
(@CGUID+449, 11371, 309, -11563.9, -1490.02, 69.832, 4.32842, 7200, 7200, 0, 0, 0, 0), -- Razzashi Serpent
(@CGUID+450, 0, 309, -11989.8164062500, -1845.6539306640625, 60.00648117065429687, 0.122173048555850982, 21600, 21600, 0, 0, 0, 0), -- Razzashi Serpent, Razzashi Adder
(@CGUID+451, 0, 309, -11993.6064453125, -1842.4761962890625, 58.74357604980468750, 2.897246599197387695, 21600, 21600, 0, 0, 0, 0), -- Razzashi Serpent, Razzashi Adder
(@CGUID+452, 11371, 309, -12068.8, -1691.19, 44.4278, 5.68977, 7200, 7200, 0, 0, 0, 0), -- Razzashi Serpent
(@CGUID+453, 11371, 309, -12083.1, -1694.73, 47.5376, 0.331613, 7200, 7200, 0, 0, 0, 0), -- Razzashi Serpent
(@CGUID+454, 11371, 309, -12068.8, -1701.61, 45.4398, 0.628319, 7200, 7200, 0, 0, 0, 0), -- Razzashi Serpent
(@CGUID+455, 11371, 309, -11737.7, -1335.71, 63.7414, 2.86234, 7200, 7200, 0, 0, 0, 0), -- Razzashi Serpent
(@CGUID+456, 11371, 309, -11988.6, -1822.82, 58.6127, 3.64774, 7200, 7200, 0, 0, 0, 0), -- Razzashi Serpent
(@CGUID+457, 11371, 309, -11989.6, -1815.7, 58.8855, 0.331613, 7200, 7200, 0, 0, 0, 0), -- Razzashi Serpent
(@CGUID+458, 11371, 309, -11988.4, -1829, 58.4375, 1.20428, 7200, 7200, 0, 0, 0, 0), -- Razzashi Serpent
(@CGUID+459, 11371, 309, -11993.5, -1837.69, 57.7444, 0, 7200, 7200, 0, 0, 0, 0), -- Razzashi Serpent
(@CGUID+460, 0, 309, -11949.4492187500, -1645.9305419921875, 39.72154617309570312, 4.886921882629394531, 21600, 21600, 0, 0, 0, 0), -- Razzashi Serpent, Razzashi Adder
(@CGUID+461, 11371, 309, -11536.9, -1511.2, 62.9404, 6.03434, 7200, 7200, 5, 0, 0, 1), -- Razzashi Serpent
(@CGUID+462, 11371, 309, -11647.5, -1496.57, 43.8596, 5.72468, 7200, 7200, 0, 0, 0, 0), -- Razzashi Serpent
(@CGUID+463, 11371, 309, -11544.7, -1788.09, 65.0068, 3.6944, 7200, 7200, 5, 0, 0, 1), -- Razzashi Serpent
(@CGUID+464, 11371, 309, -11556, -1795.03, 57.8967, 0.552799, 7200, 7200, 5, 0, 0, 1), -- Razzashi Serpent
(@CGUID+465, 11372, 309, -11555.2, -1788.64, 59.7608, 4.85202, 7200, 7200, 0, 0, 0, 0), -- Razzashi Adder
(@CGUID+466, 11372, 309, -11643, -1573.21, 39.7114, 4.88692, 7200, 7200, 0, 0, 0, 0), -- Razzashi Adder
(@CGUID+467, 11372, 309, -11932.7, -1394.57, 80.4193, 3.90086, 7200, 7200, 3, 0, 0, 1), -- Razzashi Adder
(@CGUID+468, 0, 309, -11862.1572265625, -1317.2054443359375, 79.0371551513671875, 4.153883457183837890, 21600, 21600, 0, 0, 0, 0), -- Razzashi Serpent, Razzashi Adder
(@CGUID+469, 11372, 309, -12008.8, -1749, 55.3869, 0.122173, 7200, 7200, 0, 0, 0, 0), -- Razzashi Adder
(@CGUID+470, 11372, 309, -11966.8, -1552.08, 41.2712, 0, 7200, 7200, 5, 0, 0, 1), -- Razzashi Adder
(@CGUID+471, 11372, 309, -11984.4, -1714.77, 32.3669, 3.56047, 7200, 7200, 0, 0, 0, 0), -- Razzashi Adder
(@CGUID+472, 11372, 309, -11995.3, -1706.12, 32.3669, 2.46091, 7200, 7200, 0, 0, 0, 0), -- Razzashi Adder
(@CGUID+473, 11372, 309, -11993.5, -1714.75, 32.3669, 4.88692, 7200, 7200, 0, 0, 0, 0), -- Razzashi Adder
(@CGUID+474, 11372, 309, -11997.7, -1674.51, 32.3669, 2.79253, 7200, 7200, 0, 0, 0, 0), -- Razzashi Adder
(@CGUID+475, 11372, 309, -12004.5, -1673.04, 32.3669, 0.471239, 7200, 7200, 0, 0, 0, 0), -- Razzashi Adder
(@CGUID+476, 11372, 309, -11979.1, -1688.06, 32.2768, 2.56747, 7200, 7200, 0, 0, 0, 0), -- Razzashi Adder
(@CGUID+477, 11372, 309, -11884.3, -1379.01, 66.4316, 3.36848, 7200, 7200, 3, 0, 0, 1), -- Razzashi Adder
(@CGUID+478, 11372, 309, -11556.7, -1487.4, 68.982, 6.24828, 7200, 7200, 0, 0, 0, 0), -- Razzashi Adder
(@CGUID+479, 11372, 309, -11934.3, -1328.75, 78.7419, 2.72271, 7200, 7200, 0, 0, 0, 0), -- Razzashi Adder
(@CGUID+480, 11372, 309, -11925.9, -1337.49, 78.4218, 3.38594, 7200, 7200, 0, 0, 0, 0), -- Razzashi Adder
(@CGUID+481, 11372, 309, -12077.5, -1690.05, 46.669, 1.11701, 7200, 7200, 0, 0, 0, 0), -- Razzashi Adder
(@CGUID+482, 11372, 309, -11741.8, -1323.33, 63.4595, 0.471239, 7200, 7200, 0, 0, 0, 0), -- Razzashi Adder
(@CGUID+483, 11372, 309, -11737.5, -1329.37, 63.4688, 2.02458, 7200, 7200, 0, 0, 0, 0), -- Razzashi Adder
(@CGUID+484, 11372, 309, -11727.9, -1338.77, 63.8019, 2.79253, 7200, 7200, 0, 0, 0, 0), -- Razzashi Adder
(@CGUID+485, 11372, 309, -11990.6, -1825.16, 58.6344, 0, 7200, 7200, 0, 0, 0, 0), -- Razzashi Adder
(@CGUID+486, 11372, 309, -11989.2, -1836.3, 57.7291, 5.51524, 7200, 7200, 0, 0, 0, 0), -- Razzashi Adder
(@CGUID+487, 0, 309, -11952.5751953125, -1648.8303222656250, 40.12080001831054687, 3.385938644409179687, 21600, 21600, 0, 0, 0, 0), -- Razzashi Adder
(@CGUID+488, 11372, 309, -11533.1, -1512.37, 63.3527, 5.98368, 7200, 7200, 5, 0, 0, 1), -- Razzashi Adder
(@CGUID+489, 11372, 309, -11615.8, -1847.66, 41.4099, 1.0472, 7200, 7200, 0, 0, 0, 0), -- Razzashi Adder
(@CGUID+490, 11372, 309, -11615.4, -1851.05, 42.0551, 3.94444, 7200, 7200, 0, 0, 0, 0), -- Razzashi Adder
(@CGUID+491, 11372, 309, -11637, -1489.19, 45.4126, 3.07178, 7200, 7200, 0, 0, 0, 0), -- Razzashi Adder
(@CGUID+492, 11372, 309, -11584.3, -1817.37, 41.5385, 5.95157, 7200, 7200, 0, 0, 0, 0), -- Razzashi Adder
(@CGUID+493, 11372, 309, -11590.6, -1812.11, 41.5742, 2.44346, 7200, 7200, 0, 0, 0, 0), -- Razzashi Adder
(@CGUID+494, 11373, 309, -12029.4, -1714.54, 39.3626, 0.680678, 7200, 7200, 0, 0, 0, 0), -- Razzashi Cobra
(@CGUID+495, 11373, 309, -12036.8, -1704.27, 40.0668, 0.453786, 7200, 7200, 0, 0, 0, 0), -- Razzashi Cobra
(@CGUID+496, 11373, 309, -12037.7, -1694.21, 39.3567, 0.279253, 7200, 7200, 0, 0, 0, 0), -- Razzashi Cobra
(@CGUID+497, 11373, 309, -12021.2, -1719.74, 39.3461, 0.855211, 7200, 7200, 0, 0, 0, 0), -- Razzashi Cobra
(@CGUID+498, 11374, 309, -11885.3, -1716.99, 0.825397, 3.12414, 7200, 7200, 0, 0, 0, 0), -- Hooktooth Frenzy
(@CGUID+499, 11374, 309, -11714, -1759.32, -3.72837, 0.820305, 7200, 7200, 0, 0, 0, 0), -- Hooktooth Frenzy
(@CGUID+500, 11374, 309, -11700.9, -1490.58, -14.1047, 3.4628, 7200, 7200, 0, 0, 0, 0), -- Hooktooth Frenzy
(@CGUID+501, 11374, 309, -11724.6, -1806.67, -14.6227, 3.07178, 7200, 7200, 0, 0, 0, 0), -- Hooktooth Frenzy
(@CGUID+502, 11374, 309, -11873.3, -1742.98, -2.55283, 1.43117, 7200, 7200, 0, 0, 0, 0), -- Hooktooth Frenzy
(@CGUID+503, 11374, 309, -11716.9, -1452.71, -14.4241, 6.10865, 7200, 7200, 0, 0, 0, 0), -- Hooktooth Frenzy
(@CGUID+504, 11374, 309, -11793.3, -1753.86, -12.4129, 0.785398, 7200, 7200, 0, 0, 0, 0), -- Hooktooth Frenzy
(@CGUID+505, 11374, 309, -11669.3, -1658.74, -10.4297, 1.71042, 7200, 7200, 0, 0, 0, 0), -- Hooktooth Frenzy
(@CGUID+506, 11374, 309, -11856.4, -1518.22, -13.34, 0.820305, 7200, 7200, 0, 0, 0, 0), -- Hooktooth Frenzy
(@CGUID+507, 11374, 309, -11851.6, -1486.17, -13.2821, 1.16937, 7200, 7200, 0, 0, 0, 0), -- Hooktooth Frenzy
(@CGUID+508, 11374, 309, -11922.8, -1591.78, -14.3138, 1.22173, 7200, 7200, 0, 0, 0, 0), -- Hooktooth Frenzy
(@CGUID+509, 11374, 309, -11935.1, -1466.74, -7.89878, 4.59022, 7200, 7200, 0, 0, 0, 0), -- Hooktooth Frenzy
(@CGUID+510, 11374, 309, -11678.6, -1692.92, -14.7712, 0.453786, 7200, 7200, 0, 0, 0, 0), -- Hooktooth Frenzy
(@CGUID+511, 11374, 309, -11679.6, -1607.96, -14.6621, 0.314159, 7200, 7200, 0, 0, 0, 0), -- Hooktooth Frenzy
(@CGUID+512, 11374, 309, -12044.6, -1581.38, 15.264, 2.87979, 7200, 7200, 0, 0, 0, 0), -- Hooktooth Frenzy
(@CGUID+513, 11374, 309, -11873.9, -1553.86, -8.80764, 2.93215, 7200, 7200, 0, 0, 0, 0), -- Hooktooth Frenzy
(@CGUID+514, 11374, 309, -11676.5, -1727.6, -7.05103, 1.58825, 7200, 7200, 0, 0, 0, 0), -- Hooktooth Frenzy
(@CGUID+515, 11374, 309, -11744.6, -1788.97, -14.3267, 2.86234, 7200, 7200, 0, 0, 0, 0), -- Hooktooth Frenzy
(@CGUID+516, 11374, 309, -12018.9, -1584.4, 14.0031, 3.9968, 7200, 7200, 0, 0, 0, 0), -- Hooktooth Frenzy
(@CGUID+517, 11374, 309, -11771.5, -1433.48, -10.2828, 2.26893, 7200, 7200, 0, 0, 0, 0), -- Hooktooth Frenzy
(@CGUID+518, 11374, 309, -11818.4, -1744.63, -0.007552, 0.191986, 7200, 7200, 0, 0, 0, 0), -- Hooktooth Frenzy
(@CGUID+519, 11374, 309, -11774.5, -1787.13, -14.901, 2.18166, 7200, 7200, 0, 0, 0, 0), -- Hooktooth Frenzy
(@CGUID+520, 11374, 309, -11702, -1519.88, -13.6469, 3.59538, 7200, 7200, 0, 0, 0, 0), -- Hooktooth Frenzy
(@CGUID+521, 11374, 309, -11902.9, -1650.85, -13.7488, 5.02655, 7200, 7200, 0, 0, 0, 0), -- Hooktooth Frenzy
(@CGUID+522, 11374, 309, -11911.4, -1693.87, -13.2041, 3.28122, 7200, 7200, 0, 0, 0, 0), -- Hooktooth Frenzy
(@CGUID+523, 11374, 309, -11819.2, -1383.93, -11.6749, 0.750492, 7200, 7200, 0, 0, 0, 0), -- Hooktooth Frenzy
(@CGUID+524, 11374, 309, -11713, -1542.8, -10.5945, 6.21337, 7200, 7200, 0, 0, 0, 0), -- Hooktooth Frenzy
(@CGUID+525, 11374, 309, -11899.9, -1620.04, -10.8756, 5.58505, 7200, 7200, 0, 0, 0, 0), -- Hooktooth Frenzy
(@CGUID+526, 11374, 309, -11895.7, -1473.57, 2.47185, 1.44862, 7200, 7200, 0, 0, 0, 0), -- Hooktooth Frenzy
(@CGUID+527, 11374, 309, -11819.9, -1448.73, -11.6653, 0.506145, 7200, 7200, 0, 0, 0, 0), -- Hooktooth Frenzy
(@CGUID+528, 11380, 309, -11515.8, -1275.48, 79.6621, 3.15905, 259200, 259200, 0, 0, 0, 0), -- Jin'do the Hexxer
(@CGUID+529, 11382, 309, -12167.8, -1927.25, 153.73, 3.76991, 259200, 259200, 0, 0, 0, 0), -- Bloodlord Mandokir
(@CGUID+530, 11387, 309, -11981.1, -1705.5, 32.3669, 3.19395, 7200, 7200, 0, 0, 0, 0), -- Sandfury Speaker
(@CGUID+531, 11388, 309, -12326.4, -1586.32, 132.436, 1.62316, 7200, 7200, 0, 0, 0, 0), -- Witherbark Speaker
(@CGUID+532, 11389, 309, -11783.5, -1671.14, 21.2324, 1.91986, 7200, 7200, 0, 0, 0, 0), -- Bloodscalp Speaker
(@CGUID+533, 11390, 309, -11790.3, -1671.5, 21.2324, 1.01229, 7200, 7200, 0, 0, 0, 0), -- Skullsplitter Speaker
(@CGUID+534, 11391, 309, -12196.3, -1948.37, 130.36, 0.541052, 7200, 7200, 0, 0, 0, 0), -- Vilebranch Speaker
(@CGUID+535, 11830, 309, -11829.2, -1324.6, 69.845, 1.71042, 7200, 7200, 0, 0, 0, 0), -- Hakkari Priest
(@CGUID+536, 11830, 309, -12344.7, -1888.57, 130.433, 1.27425, 7200, 7200, 5, 0, 0, 1), -- Hakkari Priest
(@CGUID+537, 11830, 309, -12347.5, -1890.89, 130.433, 0.964154, 7200, 7200, 5, 0, 0, 1), -- Hakkari Priest
(@CGUID+538, 11830, 309, -12385.5, -1906.37, 130.344, 2.30383, 7200, 7200, 0, 0, 0, 0), -- Hakkari Priest
(@CGUID+539, 11830, 309, -12187, -1978.89, 133.345, 0.261799, 7200, 7200, 0, 0, 0, 0), -- Hakkari Priest
(@CGUID+540, 11830, 309, -12363, -1879.52, 130.378, 0.645772, 7200, 7200, 0, 0, 0, 0), -- Hakkari Priest
(@CGUID+541, 11830, 309, -11789.1, -1664.91, 21.2324, 4.5204, 7200, 7200, 0, 0, 0, 0), -- Hakkari Priest
(@CGUID+542, 11830, 309, -11784.9, -1664.88, 21.2324, 4.92183, 7200, 7200, 0, 0, 0, 0), -- Hakkari Priest
(@CGUID+543, 11830, 309, -11666.8, -1545.98, 42.7417, 6.19592, 7200, 7200, 0, 0, 0, 0), -- Hakkari Priest
(@CGUID+544, 11830, 309, -11987.5, -1705.43, 32.3669, 0, 7200, 7200, 0, 0, 0, 0), -- Hakkari Priest
(@CGUID+545, 11830, 309, -11867.9, -1420.47, 61.0251, 2.68781, 7200, 7200, 0, 0, 0, 0), -- Hakkari Priest
(@CGUID+546, 0, 309, -12051.0429687500, -1736.5230712890625, 52.04886627197265625, 0.191986218094825744, 21600, 21600, 0, 0, 0, 0), -- Gurubashi Axe Thrower, Hakkari Priest
(@CGUID+547, 11830, 309, -11964.8, -1549.77, 41.5586, 4.11898, 7200, 7200, 0, 0, 0, 0), -- Hakkari Priest
(@CGUID+548, 11830, 309, -12292.9, -1842.97, 130.411, 3.24631, 7200, 7200, 0, 0, 0, 0), -- Hakkari Priest
(@CGUID+549, 11830, 309, -12360.1, -1930.85, 132.438, 5.21853, 7200, 7200, 0, 0, 0, 0), -- Hakkari Priest
(@CGUID+550, 11830, 309, -12271.4, -1857.96, 130.846, 4.13643, 7200, 7200, 0, 0, 0, 0), -- Hakkari Priest
(@CGUID+551, 11830, 309, -12273.9, -1861.77, 130.836, 0.959931, 7200, 7200, 0, 0, 0, 0), -- Hakkari Priest
(@CGUID+552, 11830, 309, -12326.2, -1905.07, 130.62, 3.80482, 7200, 7200, 0, 0, 0, 0), -- Hakkari Priest
(@CGUID+553, 11830, 309, -12328.7, -1907.03, 130.477, 0.698132, 7200, 7200, 0, 0, 0, 0), -- Hakkari Priest
(@CGUID+554, 11830, 309, -12255.2, -1955.45, 131.898, 5.53269, 7200, 7200, 0, 0, 0, 0), -- Hakkari Priest
(@CGUID+555, 11830, 309, -11742.4, -1677.77, 39.9884, 1.60727, 7200, 7200, 5, 0, 0, 1), -- Hakkari Priest
(@CGUID+556, 11830, 309, -11738.4, -1680.27, 40.7086, 1.60699, 7200, 7200, 5, 0, 0, 1), -- Hakkari Priest
(@CGUID+557, 11830, 309, -12368.2, -1822.81, 130.369, 5.2709, 7200, 7200, 0, 0, 0, 0), -- Hakkari Priest
(@CGUID+558, 11830, 309, -11646, -1460.02, 62.202, 2.21657, 7200, 7200, 0, 0, 0, 0), -- Hakkari Priest
(@CGUID+559, 11830, 309, -12323.9, -1883.92, 131.513, 5.04798, 7200, 7200, 5, 0, 0, 1), -- Hakkari Priest
(@CGUID+560, 11830, 309, -12328.2, -1865.28, 130.382, 5.23959, 7200, 7200, 5, 0, 0, 1), -- Hakkari Priest
(@CGUID+561, 11830, 309, -11612.5, -1515.44, 43.5781, 5.15845, 7200, 7200, 0, 0, 0, 0), -- Hakkari Priest
(@CGUID+562, 11830, 309, -11623.7, -1488.89, 45.4706, 4.19151, 7200, 7200, 0, 0, 0, 2), -- Hakkari Priest
(@CGUID+563, 11830, 309, -11652.8, -1574.88, 41.4328, 0.942478, 7200, 7200, 0, 0, 0, 0), -- Hakkari Priest
(@CGUID+564, 11830, 309, -11558.9, -1496.57, 68.8893, 0.959931, 7200, 7200, 0, 0, 0, 0), -- Hakkari Priest
(@CGUID+565, 11830, 309, -11554, -1733.13, 41.3323, 3.10669, 7200, 7200, 0, 0, 0, 0), -- Hakkari Priest
(@CGUID+566, 11830, 309, -11596, -1738.28, 43.4556, 3.89208, 7200, 7200, 0, 0, 0, 0), -- Hakkari Priest
(@CGUID+567, 11831, 309, -12004.8, -1483.22, 79.6192, 4.45059, 7200, 7200, 0, 0, 0, 0), -- Hakkari Witch Doctor
(@CGUID+568, 11831, 309, -12236.9, -1414.1, 131.2, 0.350773, 7200, 7200, 0, 0, 0, 2), -- Hakkari Witch Doctor
(@CGUID+569, 11831, 309, -12238.7, -1413.23, 130.725, 0.350826, 7200, 7200, 0, 0, 0, 2), -- Hakkari Witch Doctor
(@CGUID+570, 11831, 309, -12218.4, -1467.39, 130.725, 0.307554, 7200, 7200, 0, 0, 0, 2), -- Hakkari Witch Doctor
(@CGUID+571, 11831, 309, -11836.5, -1693.3, 40.748, 1.19461, 7200, 7200, 0, 0, 0, 0), -- Hakkari Witch Doctor
(@CGUID+572, 11831, 309, -11533.9, -1501.74, 77.9503, 1.81514, 7200, 7200, 0, 0, 0, 0), -- Hakkari Witch Doctor
(@CGUID+573, 11831, 309, -11591.8, -1763.43, 43.3102, 2.07694, 7200, 7200, 0, 0, 0, 0), -- Hakkari Witch Doctor
(@CGUID+574, 11831, 309, -11946.1, -1754.6, 55.5362, 5.96903, 7200, 7200, 0, 0, 0, 0), -- Hakkari Witch Doctor
(@CGUID+575, 13321, 309, -11618.3, -1331.68, 78.0521, 3.61283, 7200, 7200, 0, 0, 0, 0), -- Frog
(@CGUID+576, 13321, 309, -11594.5, -1344.47, 77.6063, 0.261799, 7200, 7200, 0, 0, 0, 0), -- Frog
(@CGUID+577, 13321, 309, -11600.7, -1403.8, 67.741, 2.74017, 7200, 7200, 0, 0, 0, 0), -- Frog
(@CGUID+578, 13321, 309, -11553.9, -1235.25, 79.3206, 0.471239, 7200, 7200, 0, 0, 0, 0), -- Frog
(@CGUID+579, 13321, 309, -11605.9, -1375.77, 73.5189, 3.28122, 7200, 7200, 0, 0, 0, 0), -- Frog
(@CGUID+580, 13321, 309, -11611.1, -1238.78, 80.4106, 4.45059, 7200, 7200, 0, 0, 0, 0), -- Frog
(@CGUID+581, 13321, 309, -11624.7, -1367.77, 77.3574, 4.5204, 7200, 7200, 0, 0, 0, 0), -- Frog
(@CGUID+582, 13321, 309, -11827.4, -1510.56, 15.03, 0.689255, 7200, 7200, 5, 0, 0, 1), -- Frog
(@CGUID+583, 13321, 309, -11832.5, -1759.44, 12.1525, 6.15871, 7200, 7200, 5, 0, 0, 1), -- Frog
(@CGUID+584, 13321, 309, -11872.2, -1761.27, 10.0581, 0.420804, 7200, 7200, 5, 0, 0, 1), -- Frog
(@CGUID+585, 13321, 309, -11896.6, -1726.76, 10.9919, 0.692738, 7200, 7200, 5, 0, 0, 1), -- Frog
(@CGUID+586, 13321, 309, -11815.9, -1311.57, 60.2826, 1.56394, 7200, 7200, 5, 0, 0, 1), -- Frog
(@CGUID+587, 13321, 309, -11765.1, -1301.81, 58.6226, 2.0587, 7200, 7200, 5, 0, 0, 1), -- Frog
(@CGUID+588, 13321, 309, -11775.4, -1414, 9.79819, 6.07598, 7200, 7200, 5, 0, 0, 1), -- Frog
(@CGUID+589, 13321, 309, -11883.7, -1685.52, 14.3972, 5.8394, 7200, 7200, 5, 0, 0, 1), -- Frog
(@CGUID+590, 13321, 309, -11824.4, -1492.95, 11.4211, 3.67213, 7200, 7200, 5, 0, 0, 1), -- Frog
(@CGUID+591, 13321, 309, -11787.6, -1382.22, 10.9178, 4.84159, 7200, 7200, 5, 0, 0, 1), -- Frog
(@CGUID+592, 14507, 309, -12029.8, -1707.93, 39.413, 3.71755, 259200, 259200, 0, 0, 0, 2), -- High Priest Venoxis
(@CGUID+593, 14509, 309, -11700.8, -1998.94, 62.4163, 1.6057, 259200, 259200, 0, 0, 0, 0), -- High Priest Thekal
(@CGUID+594, 14510, 309, -12326.5, -1577.11, 133.588, 4.81711, 259200, 259200, 0, 0, 0, 0), -- High Priestess Mar'li
(@CGUID+595, 14517, 309, -12291.9, -1380.08, 144.902, 2.28638, 259200, 259200, 0, 0, 0, 0), -- High Priestess Jeklik
(@CGUID+596, 14532, 309, -12351.8, -1607.17, 131.102, 2.66658, 7200, 7200, 5, 0, 0, 1), -- Razzashi Venombrood
(@CGUID+597, 14532, 309, -12362.8, -1627.17, 130.385, 6.23661, 7200, 7200, 5, 0, 0, 1), -- Razzashi Venombrood
(@CGUID+598, 14532, 309, -12386.2, -1619.2, 131.942, 2.78714, 7200, 7200, 5, 0, 0, 1), -- Razzashi Venombrood
(@CGUID+599, 14532, 309, -12375.9, -1612.16, 131.442, 3.07695, 7200, 7200, 5, 0, 0, 1), -- Razzashi Venombrood
(@CGUID+600, 14532, 309, -12365.4, -1598.13, 133.407, 3.13818, 7200, 7200, 5, 0, 0, 1), -- Razzashi Venombrood
(@CGUID+601, 14532, 309, -12346.8, -1603.02, 132.26, 0.90897, 7200, 7200, 5, 0, 0, 1), -- Razzashi Venombrood
(@CGUID+602, 14532, 309, -12353.5, -1618.14, 130.347, 1.98968, 7200, 7200, 0, 0, 0, 0), -- Razzashi Venombrood
(@CGUID+603, 14532, 309, -12338.3, -1593.98, 133.091, 0.09056, 7200, 7200, 5, 0, 0, 1), -- Razzashi Venombrood
(@CGUID+604, 14532, 309, -12355, -1668.35, 130.942, 3.42085, 7200, 7200, 0, 0, 0, 0), -- Razzashi Venombrood
(@CGUID+605, 14532, 309, -12364.9, -1673.16, 132.588, 0.139626, 7200, 7200, 0, 0, 0, 0), -- Razzashi Venombrood
(@CGUID+606, 14532, 309, -12349.7, -1685.52, 133.621, 0.331613, 7200, 7200, 0, 0, 0, 0), -- Razzashi Venombrood
(@CGUID+607, 14532, 309, -12372.1, -1657.33, 130.942, 4.71574, 7200, 7200, 5, 0, 0, 1), -- Razzashi Venombrood
(@CGUID+608, 14532, 309, -12370.2, -1682.7, 132.993, 3.05849, 7200, 7200, 5, 0, 0, 1), -- Razzashi Venombrood
(@CGUID+609, 14532, 309, -12365.6, -1661.6, 130.415, 1.6057, 7200, 7200, 0, 0, 0, 0), -- Razzashi Venombrood
(@CGUID+610, 14532, 309, -12379.9, -1661.66, 131.817, 0, 7200, 7200, 5, 0, 0, 1), -- Razzashi Venombrood
(@CGUID+611, 14532, 309, -12374.9, -1672.46, 131.368, 6.03248, 7200, 7200, 5, 0, 0, 1), -- Razzashi Venombrood
(@CGUID+612, 14532, 309, -12283.2, -1627.24, 133.495, 0, 7200, 7200, 5, 0, 0, 1), -- Razzashi Venombrood
(@CGUID+613, 14532, 309, -12295.6, -1628.43, 131.6, 4.53786, 7200, 7200, 0, 0, 0, 0), -- Razzashi Venombrood
(@CGUID+614, 14532, 309, -12276, -1638.02, 136.952, 3.44739, 7200, 7200, 5, 0, 0, 1), -- Razzashi Venombrood
(@CGUID+615, 14532, 309, -12291.1, -1618.24, 130.8, 1.53693, 7200, 7200, 5, 0, 0, 1), -- Razzashi Venombrood
(@CGUID+616, 14532, 309, -12293.9, -1642.43, 131.585, 1.91986, 7200, 7200, 0, 0, 0, 0), -- Razzashi Venombrood
(@CGUID+617, 14532, 309, -12273.6, -1649.47, 134.943, 1.29154, 7200, 7200, 0, 0, 0, 0), -- Razzashi Venombrood
(@CGUID+618, 14532, 309, -12286.9, -1636.15, 134.768, 2.02458, 7200, 7200, 0, 0, 0, 0), -- Razzashi Venombrood
(@CGUID+619, 14532, 309, -12266.3, -1646.13, 133.791, 3.28122, 7200, 7200, 0, 0, 0, 0), -- Razzashi Venombrood
(@CGUID+620, 14532, 309, -12288.7, -1687.73, 133.104, 4.89839, 7200, 7200, 5, 0, 0, 1), -- Razzashi Venombrood
(@CGUID+621, 14532, 309, -12301.3, -1692.08, 131.708, 3.59538, 7200, 7200, 0, 0, 0, 0), -- Razzashi Venombrood
(@CGUID+622, 14532, 309, -12311, -1684.61, 131.058, 3.7001, 7200, 7200, 0, 0, 0, 0), -- Razzashi Venombrood
(@CGUID+623, 14532, 309, -12283, -1689.28, 131.896, 2.46108, 7200, 7200, 5, 0, 0, 1), -- Razzashi Venombrood
(@CGUID+624, 14532, 309, -12298.9, -1679.9, 131.81, 4.88692, 7200, 7200, 0, 0, 0, 0), -- Razzashi Venombrood
(@CGUID+625, 14532, 309, -11654.5, -1459.82, 60.7145, 0.785398, 7200, 7200, 0, 0, 0, 0), -- Razzashi Venombrood
(@CGUID+626, 14532, 309, -11653.8, -1450.25, 58.7934, 3.7001, 7200, 7200, 0, 0, 0, 0), -- Razzashi Venombrood
(@CGUID+627, 14750, 309, -12237.4, -1413.4, 130.85, 3.49715, 7200, 7200, 5, 0, 0, 1), -- Gurubashi Bat Rider
(@CGUID+628, 14750, 309, -12244.3, -1422.24, 130.774, 5.01624, 7200, 7200, 5, 0, 0, 1), -- Gurubashi Bat Rider
(@CGUID+629, 14750, 309, -12216.8, -1478.67, 130.85, 0.313219, 7200, 7200, 5, 0, 0, 1), -- Gurubashi Bat Rider
(@CGUID+630, 14750, 309, -12211.3, -1480.76, 131.35, 0.100224, 7200, 7200, 5, 0, 0, 1), -- Gurubashi Bat Rider
(@CGUID+631, 14750, 309, -12055, -1443.46, 130.015, 0.972966, 7200, 7200, 0, 0, 0, 0), -- Gurubashi Bat Rider
(@CGUID+632, 14750, 309, -12055.9, -1440.37, 130.261, 0.451543, 7200, 7200, 3, 0, 0, 1), -- Gurubashi Bat Rider
(@CGUID+633, 14750, 309, -12152.5, -1484.64, 130.725, 4.26775, 7200, 7200, 5, 0, 0, 1), -- Gurubashi Bat Rider
(@CGUID+634, 14750, 309, -12152.1, -1486.58, 130.85, 3.48788, 7200, 7200, 5, 0, 0, 1), -- Gurubashi Bat Rider
(@CGUID+635, 14750, 309, -12281.9, -1443, 130.725, 0.029071, 7200, 7200, 5, 0, 0, 1), -- Gurubashi Bat Rider
(@CGUID+636, 14750, 309, -12277.5, -1444.66, 130.725, 6.21831, 7200, 7200, 5, 0, 0, 1), -- Gurubashi Bat Rider
(@CGUID+637, 14750, 309, -12170.5, -1467.25, 130.725, 0.030516, 7200, 7200, 0, 0, 0, 0), -- Gurubashi Bat Rider
(@CGUID+638, 14750, 309, -11980.3, -1478.21, 80.2788, 2.72082, 7200, 7200, 5, 0, 0, 1), -- Gurubashi Bat Rider
(@CGUID+639, 14758, 309, -12296, -1374.69, 145.132, 6.10865, 7200, 7200, 0, 0, 0, 0), -- Zul'Gurub Trigger
(@CGUID+640, 14758, 309, -12364.2, -1633.44, 131.01, 0.331613, 7200, 7200, 0, 0, 0, 0), -- Zul'Gurub Trigger
(@CGUID+641, 14758, 309, -12171.3, -1985.58, 134.759, 1.98968, 7200, 7200, 0, 0, 0, 0), -- Zul'Gurub Trigger
(@CGUID+642, 14758, 309, -11568.9, -1630.06, 41.3826, 4.76475, 7200, 7200, 0, 0, 0, 0), -- Zul'Gurub Trigger
(@CGUID+643, 14758, 309, -11789.5, -1620.9, 73.8948, 5.81195, 7200, 7200, 0, 0, 0, 0), -- Zul'Gurub Trigger
(@CGUID+644, 14758, 309, -11505.8, -1553.69, 52.3677, 1.37881, 7200, 7200, 0, 0, 0, 0), -- Zul'Gurub Trigger
(@CGUID+645, 14821, 309, -12191.9, -1898.71, 134.859, 2.77507, 7200, 7200, 0, 0, 0, 0), -- Razzashi Raptor
(@CGUID+646, 14821, 309, -12180.4, -1897.75, 132.882, 3.21141, 7200, 7200, 0, 0, 0, 0), -- Razzashi Raptor
(@CGUID+647, 14821, 309, -12185.6, -1904.19, 133.015, 4.29351, 7200, 7200, 0, 0, 0, 0), -- Razzashi Raptor
(@CGUID+648, 14821, 309, -12362.7, -1873.9, 130.339, 2.46091, 7200, 7200, 0, 0, 0, 0), -- Razzashi Raptor
(@CGUID+649, 14821, 309, -12160.1, -1952.02, 134.905, 2.02458, 7200, 7200, 0, 0, 0, 0), -- Razzashi Raptor
(@CGUID+650, 14821, 309, -12154.2, -1948.8, 134.675, 4.43314, 7200, 7200, 0, 0, 0, 0), -- Razzashi Raptor
(@CGUID+651, 14821, 309, -12156.7, -1960.58, 132.61, 2.79253, 7200, 7200, 0, 0, 0, 0), -- Razzashi Raptor
(@CGUID+652, 14821, 309, -12172.2, -1899.2, 132.144, 1.20428, 7200, 7200, 0, 0, 0, 0), -- Razzashi Raptor
(@CGUID+653, 14821, 309, -12179.5, -1905.82, 131.446, 3.47321, 7200, 7200, 0, 0, 0, 0), -- Razzashi Raptor
(@CGUID+654, 14821, 309, -12185.2, -1894.29, 133.572, 1.65806, 7200, 7200, 0, 0, 0, 0), -- Razzashi Raptor
(@CGUID+655, 14821, 309, -12394.3, -1909.13, 130.385, 1.52368, 7200, 7200, 5, 0, 0, 1), -- Razzashi Raptor
(@CGUID+656, 14821, 309, -12383.3, -1898.94, 131.257, 2.86234, 7200, 7200, 0, 0, 0, 0), -- Razzashi Raptor
(@CGUID+657, 14821, 309, -12369.8, -1831.55, 131.003, 3.59538, 7200, 7200, 0, 0, 0, 0), -- Razzashi Raptor
(@CGUID+658, 14821, 309, -12363.3, -1817.14, 131.024, 2.79253, 7200, 7200, 0, 0, 0, 0), -- Razzashi Raptor
(@CGUID+659, 14821, 309, -12248.8, -1909.26, 130.932, 1.98968, 7200, 7200, 0, 0, 0, 0), -- Razzashi Raptor
(@CGUID+660, 14821, 309, -12250.2, -1900.48, 131.79, 5.18363, 7200, 7200, 0, 0, 0, 0), -- Razzashi Raptor
(@CGUID+661, 14821, 309, -12243.5, -1912.09, 130.685, 3.03687, 7200, 7200, 0, 0, 0, 0), -- Razzashi Raptor
(@CGUID+662, 14821, 309, -12368.6, -1932.08, 133.385, 3.28954, 7200, 7200, 5, 0, 0, 1), -- Razzashi Raptor
(@CGUID+663, 14821, 309, -12358.3, -1937.95, 132.371, 1.9332, 7200, 7200, 5, 0, 0, 1), -- Razzashi Raptor
(@CGUID+664, 14821, 309, -12350.1, -1929.23, 133.228, 1.98968, 7200, 7200, 0, 0, 0, 0), -- Razzashi Raptor
(@CGUID+665, 14821, 309, -12245.9, -1903.01, 131.051, 1.81514, 7200, 7200, 0, 0, 0, 0), -- Razzashi Raptor
(@CGUID+666, 14821, 309, -12238.6, -1901.74, 131.191, 1.74533, 7200, 7200, 0, 0, 0, 0), -- Razzashi Raptor
(@CGUID+667, 14821, 309, -12241.4, -1896.13, 133.204, 5.70723, 7200, 7200, 0, 0, 0, 0), -- Razzashi Raptor
(@CGUID+668, 14821, 309, -12391, -1837.95, 132.299, 3.7001, 7200, 7200, 0, 0, 0, 0), -- Razzashi Raptor
(@CGUID+669, 14821, 309, -12401.5, -1839.05, 134.551, 2.00162, 7200, 7200, 5, 0, 0, 1), -- Razzashi Raptor
(@CGUID+670, 14821, 309, -12402.3, -1830.9, 132.908, 4.95342, 7200, 7200, 5, 0, 0, 1), -- Razzashi Raptor
(@CGUID+671, 14821, 309, -12299.2, -1850.66, 131.406, 4.34587, 7200, 7200, 0, 0, 0, 0), -- Razzashi Raptor
(@CGUID+672, 14821, 309, -12147.3, -1941.83, 134.184, 5.14872, 7200, 7200, 0, 0, 0, 0), -- Razzashi Raptor
(@CGUID+673, 14821, 309, -12154.6, -1967.22, 132.775, 3.01942, 7200, 7200, 0, 0, 0, 0), -- Razzashi Raptor
(@CGUID+674, 14821, 309, -12156.3, -1943.35, 134.124, 4.01426, 7200, 7200, 0, 0, 0, 0), -- Razzashi Raptor
(@CGUID+675, 14821, 309, -11658.1, -1541.89, 39.6578, 4.92183, 7200, 7200, 0, 0, 0, 0), -- Razzashi Raptor
(@CGUID+676, 14821, 309, -11530.3, -1492.59, 78.5372, 2.02458, 7200, 7200, 0, 0, 0, 0), -- Razzashi Raptor
(@CGUID+677, 14825, 309, -11613.9, -1243.31, 80.8476, 3.80983, 7200, 7200, 5, 0, 0, 1), -- Withered Mistress
(@CGUID+678, 14825, 309, -11613.9, -1243.35, 80.9818, 3.81022, 7200, 7200, 5, 0, 0, 1), -- Withered Mistress
(@CGUID+679, 14825, 309, -11610.4, -1242.8, 80.5328, 3.81085, 7200, 7200, 5, 0, 0, 1), -- Withered Mistress
(@CGUID+680, 14825, 309, -11612.6, -1240.13, 80.5567, 3.81092, 7200, 7200, 5, 0, 0, 1), -- Withered Mistress
(@CGUID+681, 14825, 309, -11569.5, -1314.49, 79.3638, 2.67035, 7200, 7200, 0, 0, 0, 0), -- Withered Mistress
(@CGUID+682, 14825, 309, -11571.4, -1317.26, 79.0674, 1.93731, 7200, 7200, 0, 0, 0, 0), -- Withered Mistress
(@CGUID+683, 14825, 309, -11569.1, -1311.52, 79.4992, 3.40339, 7200, 7200, 0, 0, 0, 0), -- Withered Mistress
(@CGUID+684, 14825, 309, -11570.3, -1310, 79.3561, 3.87463, 7200, 7200, 0, 0, 0, 0), -- Withered Mistress
(@CGUID+685, 14825, 309, -11617.8, -1281.32, 79.5759, 5.70723, 7200, 7200, 0, 0, 0, 0), -- Withered Mistress
(@CGUID+686, 14825, 309, -11616.5, -1274.6, 79.8499, 5.044, 7200, 7200, 0, 0, 0, 0), -- Withered Mistress
(@CGUID+687, 14825, 309, -11615.4, -1279.94, 79.7496, 5.16617, 7200, 7200, 0, 0, 0, 0), -- Withered Mistress
(@CGUID+688, 14825, 309, -11614, -1277.09, 79.8373, 4.79965, 7200, 7200, 0, 0, 0, 0), -- Withered Mistress
(@CGUID+689, 14825, 309, -11547, -1250.59, 78.3985, 2.00713, 7200, 7200, 0, 0, 0, 0), -- Withered Mistress
(@CGUID+690, 14825, 309, -11552, -1248.28, 78.4336, 0.244346, 7200, 7200, 0, 0, 0, 0), -- Withered Mistress
(@CGUID+691, 14825, 309, -11549.8, -1243.92, 78.3484, 5.07891, 7200, 7200, 0, 0, 0, 0), -- Withered Mistress
(@CGUID+692, 14825, 309, -11604.9, -1230.15, 79.452, 5.13127, 7200, 7200, 0, 0, 0, 0), -- Withered Mistress
(@CGUID+693, 14825, 309, -11599.2, -1225.23, 79.1166, 4.41568, 7200, 7200, 0, 0, 0, 0), -- Withered Mistress
(@CGUID+694, 14825, 309, -11602.5, -1230.36, 79.1357, 4.74729, 7200, 7200, 0, 0, 0, 0), -- Withered Mistress
(@CGUID+695, 14825, 309, -11601.1, -1228.4, 79.1072, 4.53786, 7200, 7200, 0, 0, 0, 0), -- Withered Mistress
(@CGUID+696, 14825, 309, -11626.6, -1338.78, 79.2793, 5.49779, 7200, 7200, 0, 0, 0, 0), -- Withered Mistress
(@CGUID+697, 14825, 309, -11627.7, -1335.33, 79.5577, 5.39307, 7200, 7200, 0, 0, 0, 0), -- Withered Mistress
(@CGUID+698, 14825, 309, -11522.8, -1271.63, 79.6408, 3.4383, 7200, 7200, 0, 0, 0, 0), -- Withered Mistress
(@CGUID+699, 14825, 309, -11522.8, -1280.45, 79.6704, 2.89725, 7200, 7200, 0, 0, 0, 0), -- Withered Mistress
(@CGUID+700, 14825, 309, -11528.5, -1270.31, 79.4239, 3.68265, 7200, 7200, 0, 0, 0, 0), -- Withered Mistress
(@CGUID+701, 14825, 309, -11528.7, -1281.83, 79.4193, 2.63545, 7200, 7200, 0, 0, 0, 0), -- Withered Mistress
(@CGUID+702, 14825, 309, -11571.9, -1295.26, 77.6076, 3.55907, 7200, 7200, 0, 0, 0, 0), -- Withered Mistress
(@CGUID+703, 14825, 309, -11569.4, -1294.16, 77.6076, 3.57274, 7200, 7200, 0, 0, 0, 0), -- Withered Mistress
(@CGUID+704, 14825, 309, -11567.6, -1293.33, 77.6094, 3.61198, 7200, 7200, 0, 0, 0, 0), -- Withered Mistress
(@CGUID+705, 14825, 309, -11565.8, -1292.49, 77.6175, 3.65169, 7200, 7200, 0, 0, 0, 0), -- Withered Mistress
(@CGUID+706, 14826, 309, -11584.2, -1252.21, 77.6299, 0.959931, 20, 20, 0, 0, 0, 0), -- Sacrificed Troll
(@CGUID+707, 14826, 309, -11582.5, -1250.32, 77.6299, 3.90954, 20, 20, 0, 0, 0, 0), -- Sacrificed Troll
(@CGUID+708, 14826, 309, -11581.5, -1252.54, 77.6299, 2.61799, 20, 20, 0, 0, 0, 0), -- Sacrificed Troll
(@CGUID+709, 14826, 309, -11583.2, -1254.83, 77.6299, 1.67552, 20, 20, 0, 0, 0, 0), -- Sacrificed Troll
(@CGUID+710, 14826, 309, -11586.4, -1253.92, 77.6299, 0.750492, 20, 20, 0, 0, 0, 0), -- Sacrificed Troll
(@CGUID+711, 14826, 309, -11586.6, -1250.72, 77.6299, 6.07375, 20, 20, 0, 0, 0, 0), -- Sacrificed Troll
(@CGUID+712, 14826, 309, -11585.1, -1248.76, 77.6299, 5.23599, 20, 20, 0, 0, 0, 0), -- Sacrificed Troll
(@CGUID+713, 14826, 309, -11582.3, -1247.86, 77.6299, 4.36332, 20, 20, 0, 0, 0, 0), -- Sacrificed Troll
(@CGUID+714, 14826, 309, -11580.2, -1250.6, 77.6299, 3.36848, 20, 20, 0, 0, 0, 0), -- Sacrificed Troll
(@CGUID+715, 14826, 309, -11580.6, -1254.79, 77.6299, 2.28638, 20, 20, 0, 0, 0, 0), -- Sacrificed Troll
(@CGUID+716, 14834, 309, -11787.4, -1649.34, 54.1017, 4.76475, 259200, 259200, 0, 0, 0, 0), -- Hakkar
(@CGUID+717, 14880, 309, -12289.1, -1645.61, 132.135, 6.24203, 7200, 7200, 0, 0, 0, 0), -- Razzashi Skitterer
(@CGUID+718, 14880, 309, -12286.4, -1669.35, 130.333, 5.43666, 7200, 7200, 0, 0, 0, 2), -- Razzashi Skitterer
(@CGUID+719, 14880, 309, -12181.9, -1689.92, 105.746, 4.52286, 7200, 7200, 0, 0, 0, 0), -- Razzashi Skitterer
(@CGUID+720, 14880, 309, -12180.6, -1682.85, 103.746, 4.52361, 7200, 7200, 5, 0, 0, 1), -- Razzashi Skitterer
(@CGUID+721, 14880, 309, -12120.4, -1755.58, 80.2268, 2.14157, 7200, 7200, 0, 0, 0, 0), -- Razzashi Skitterer
(@CGUID+722, 14880, 309, -12119.2, -1762.42, 80.2211, 1.47591, 7200, 7200, 5, 0, 0, 1), -- Razzashi Skitterer
(@CGUID+723, 14880, 309, -12359.1, -1664.31, 130.494, 2.61807, 7200, 7200, 0, 0, 0, 2), -- Razzashi Skitterer
(@CGUID+724, 14880, 309, -12335.7, -1645.88, 130.792, 1.98902, 7200, 7200, 0, 0, 0, 2), -- Razzashi Skitterer
(@CGUID+725, 14881, 309, -12312.2, -1620.22, 130.89, 5.96685, 7200, 7200, 5, 0, 0, 1), -- Spider
(@CGUID+726, 14881, 309, -12312.3, -1653.33, 130.38, 0.057898, 7200, 7200, 5, 0, 0, 1), -- Spider
(@CGUID+727, 14881, 309, -12346.2, -1656.72, 130.449, 5.78197, 7200, 7200, 5, 0, 0, 1), -- Spider
(@CGUID+728, 14881, 309, -12322.5, -1590.89, 132.51, 5.71796, 7200, 7200, 5, 0, 0, 1), -- Spider
(@CGUID+729, 14881, 309, -12290.1, -1656.85, 130.763, 3.65856, 7200, 7200, 5, 0, 0, 1), -- Spider
(@CGUID+730, 14881, 309, -12346.6, -1619.19, 130.757, 1.82524, 7200, 7200, 5, 0, 0, 1), -- Spider
(@CGUID+731, 14882, 309, -11570.9, -1312.87, 79.7872, 3.03687, 7200, 7200, 0, 0, 0, 0), -- Atal'ai Mistress
(@CGUID+732, 14882, 309, -11571.4, -1315.42, 79.4491, 2.14675, 7200, 7200, 0, 0, 0, 0), -- Atal'ai Mistress
(@CGUID+733, 14882, 309, -11571.1, -1308.7, 79.1717, 4.20624, 7200, 7200, 0, 0, 0, 0), -- Atal'ai Mistress
(@CGUID+734, 14882, 309, -11614.3, -1274.23, 79.8398, 4.81711, 7200, 7200, 0, 0, 0, 0), -- Atal'ai Mistress
(@CGUID+735, 14882, 309, -11613.4, -1278.93, 79.8424, 4.72984, 7200, 7200, 0, 0, 0, 0), -- Atal'ai Mistress
(@CGUID+736, 14882, 309, -11615.8, -1282.03, 79.6598, 5.5676, 7200, 7200, 0, 0, 0, 0), -- Atal'ai Mistress
(@CGUID+737, 14882, 309, -11612.9, -1281.33, 79.8237, 4.53786, 7200, 7200, 0, 0, 0, 0), -- Atal'ai Mistress
(@CGUID+738, 14882, 309, -11545.2, -1246.18, 78.2931, 3.49066, 7200, 7200, 0, 0, 0, 0), -- Atal'ai Mistress
(@CGUID+739, 14882, 309, -11607.3, -1230.79, 79.7656, 5.48033, 7200, 7200, 0, 0, 0, 0), -- Atal'ai Mistress
(@CGUID+740, 14882, 309, -11600.2, -1226.37, 79.1702, 4.4855, 7200, 7200, 0, 0, 0, 0), -- Atal'ai Mistress
(@CGUID+741, 14882, 309, -11598.3, -1223.17, 79.2809, 4.39823, 7200, 7200, 0, 0, 0, 0), -- Atal'ai Mistress
(@CGUID+742, 14882, 309, -11608.9, -1233.39, 80.0797, 5.91667, 7200, 7200, 0, 0, 0, 0), -- Atal'ai Mistress
(@CGUID+743, 14882, 309, -11627.2, -1332.83, 79.33, 5.2709, 7200, 7200, 0, 0, 0, 0), -- Atal'ai Mistress
(@CGUID+744, 14882, 309, -11625.2, -1335.64, 79.5861, 2.72271, 7200, 7200, 0, 0, 0, 0), -- Atal'ai Mistress
(@CGUID+745, 14882, 309, -11532, -1270.02, 79.115, 3.90954, 7200, 7200, 0, 0, 0, 0), -- Atal'ai Mistress
(@CGUID+746, 14882, 309, -11532, -1282.05, 79.074, 2.42601, 7200, 7200, 0, 0, 0, 0), -- Atal'ai Mistress
(@CGUID+747, 14882, 309, -11525.6, -1270.86, 79.571, 3.54302, 7200, 7200, 0, 0, 0, 0), -- Atal'ai Mistress
(@CGUID+748, 14882, 309, -11525.4, -1281.18, 79.6252, 2.79253, 7200, 7200, 0, 0, 0, 0), -- Atal'ai Mistress
(@CGUID+749, 14883, 309, -11571.5, -1319.05, 78.5183, 1.81514, 7200, 7200, 0, 0, 0, 0), -- Voodoo Slave
(@CGUID+750, 14883, 309, -11572.7, -1311.45, 79.8292, 4.32842, 7200, 7200, 0, 0, 0, 0), -- Voodoo Slave
(@CGUID+751, 14883, 309, -11573, -1313.94, 79.8998, 1.71042, 7200, 7200, 0, 0, 0, 0), -- Voodoo Slave
(@CGUID+752, 14883, 309, -11611.5, -1277.22, 79.7617, 4.43314, 7200, 7200, 0, 0, 0, 0), -- Voodoo Slave
(@CGUID+753, 14883, 309, -11614.4, -1283.81, 79.681, 5.91667, 7200, 7200, 0, 0, 0, 0), -- Voodoo Slave
(@CGUID+754, 14883, 309, -11605.9, -1232.2, 79.5657, 5.46288, 7200, 7200, 0, 0, 0, 0), -- Voodoo Slave
(@CGUID+755, 14883, 309, -11603.5, -1231.54, 79.2214, 4.97419, 7200, 7200, 0, 0, 0, 0), -- Voodoo Slave
(@CGUID+756, 14883, 309, -11534.2, -1269.71, 78.6456, 4.13643, 7200, 7200, 0, 0, 0, 0), -- Voodoo Slave
(@CGUID+757, 14883, 309, -11534.8, -1282.44, 78.7332, 2.1293, 7200, 7200, 0, 0, 0, 0), -- Voodoo Slave
(@CGUID+758, 15042, 309, -12013, -1805.91, 81.1094, 1.6057, 7200, 7200, 0, 0, 0, 0), -- Zanza the Restless
(@CGUID+759, 15043, 309, -11712.2, -1728.12, 13.0381, 5.88176, 7200, 7200, 5, 0, 0, 1), -- Zulian Crocolisk
(@CGUID+760, 15043, 309, -11726.1, -1736.4, 15.7301, 0.174533, 7200, 7200, 5, 0, 0, 1), -- Zulian Crocolisk
(@CGUID+761, 15043, 309, -11730.4, -1743.03, 15.3551, 5.18363, 7200, 7200, 5, 0, 0, 1), -- Zulian Crocolisk
(@CGUID+762, 15043, 309, -11723.1, -1730.79, 15.2881, 2.87979, 7200, 7200, 5, 0, 0, 1), -- Zulian Crocolisk
(@CGUID+763, 15043, 309, -11830.2, -1522.1, 12.682, 2.89725, 7200, 7200, 5, 0, 0, 1), -- Zulian Crocolisk
(@CGUID+764, 15043, 309, -11827.8, -1504.08, 13.807, 0.977384, 7200, 7200, 5, 0, 0, 1), -- Zulian Crocolisk
(@CGUID+765, 15043, 309, -11814.2, -1501.94, 16.182, 5.42797, 7200, 7200, 5, 0, 0, 1), -- Zulian Crocolisk
(@CGUID+766, 15043, 309, -11817.2, -1513.66, 19.432, 1.309, 7200, 7200, 5, 0, 0, 1), -- Zulian Crocolisk
(@CGUID+767, 15043, 309, -11823.6, -1764.53, 11.6762, 4.97419, 7200, 7200, 5, 0, 0, 1), -- Zulian Crocolisk
(@CGUID+768, 15043, 309, -11833.2, -1762.04, 12.6214, 4.81012, 7200, 7200, 5, 0, 0, 1), -- Zulian Crocolisk
(@CGUID+769, 15043, 309, -11839.3, -1760.3, 13.1136, 0.598846, 7200, 7200, 5, 0, 0, 1), -- Zulian Crocolisk
(@CGUID+770, 15043, 309, -11834.3, -1768.71, 13.8219, 5.59656, 7200, 7200, 5, 0, 0, 1), -- Zulian Crocolisk
(@CGUID+771, 15043, 309, -11900.7, -1739.61, 13.883, 4.13643, 7200, 7200, 5, 0, 0, 1), -- Zulian Crocolisk
(@CGUID+772, 15043, 309, -11906.2, -1729.76, 13.6116, 4.81711, 7200, 7200, 5, 0, 0, 1), -- Zulian Crocolisk
(@CGUID+773, 15043, 309, -11908.1, -1738.33, 14.5083, 1.46608, 7200, 7200, 5, 0, 0, 1), -- Zulian Crocolisk
(@CGUID+774, 15043, 309, -11901.3, -1733.02, 13.3616, 3.01942, 7200, 7200, 5, 0, 0, 1), -- Zulian Crocolisk
(@CGUID+775, 15043, 309, -11896.4, -1739.52, 13.1136, 1.81514, 7200, 7200, 5, 0, 0, 1), -- Zulian Crocolisk
(@CGUID+776, 15043, 309, -11873.7, -1695.64, 12.9281, 4.01426, 7200, 7200, 5, 0, 0, 1), -- Zulian Crocolisk
(@CGUID+777, 15043, 309, -11881.4, -1685.63, 14.5531, 5.05547, 7200, 7200, 5, 0, 0, 1), -- Zulian Crocolisk
(@CGUID+778, 15043, 309, -11875.7, -1689.96, 14.0531, 4.79605, 7200, 7200, 5, 0, 0, 1), -- Zulian Crocolisk
(@CGUID+779, 15043, 309, -11870.3, -1708.36, 10.4216, 1.65806, 7200, 7200, 5, 0, 0, 1), -- Zulian Crocolisk
(@CGUID+780, 15043, 309, -11873.2, -1633.76, 12.8975, 1.0821, 7200, 7200, 5, 0, 0, 1), -- Zulian Crocolisk
(@CGUID+781, 15043, 309, -11874.6, -1653.27, 14.0225, 1.97222, 7200, 7200, 5, 0, 0, 1), -- Zulian Crocolisk
(@CGUID+782, 15043, 309, -11872, -1642.35, 13.8975, 4.13643, 7200, 7200, 5, 0, 0, 1), -- Zulian Crocolisk
(@CGUID+783, 15043, 309, -11872.8, -1617.81, 14.6531, 4.45059, 7200, 7200, 5, 0, 0, 1), -- Zulian Crocolisk
(@CGUID+784, 15043, 309, -11872.4, -1625.05, 14.1531, 1.58825, 7200, 7200, 5, 0, 0, 1), -- Zulian Crocolisk
(@CGUID+785, 15043, 309, -11903.1, -1490.94, 12.5739, 1.91973, 7200, 7200, 5, 0, 0, 1), -- Zulian Crocolisk
(@CGUID+786, 15043, 309, -11895.3, -1503.19, 15.1803, 5.42918, 7200, 7200, 5, 0, 0, 1), -- Zulian Crocolisk
(@CGUID+787, 15043, 309, -11892.8, -1498.98, 13.7794, 4.75143, 7200, 7200, 5, 0, 0, 1), -- Zulian Crocolisk
(@CGUID+788, 15043, 309, -11912.7, -1494.4, 12.0913, 3.05153, 7200, 7200, 5, 0, 0, 1), -- Zulian Crocolisk
(@CGUID+789, 15043, 309, -11903, -1502.04, 14.7285, 0.400987, 7200, 7200, 5, 0, 0, 1), -- Zulian Crocolisk
(@CGUID+790, 15043, 309, -11780.9, -1397.63, 13.3884, 1.71042, 7200, 7200, 0, 0, 0, 0), -- Zulian Crocolisk
(@CGUID+791, 15043, 309, -11789.2, -1394.14, 12.6841, 3.45575, 7200, 7200, 0, 0, 0, 0), -- Zulian Crocolisk
(@CGUID+792, 15043, 309, -11785, -1402.72, 13.2982, 1.29154, 7200, 7200, 0, 0, 0, 0), -- Zulian Crocolisk
(@CGUID+793, 15043, 309, -11776.8, -1401.87, 13.0835, 1.49921, 7200, 7200, 5, 0, 0, 1), -- Zulian Crocolisk
(@CGUID+794, 15043, 309, -11780.2, -1389.11, 13.0134, 0.610865, 7200, 7200, 0, 0, 0, 0), -- Zulian Crocolisk
(@CGUID+795, 15043, 309, -11693.5, -1656.15, 14.4505, 4.18879, 7200, 7200, 5, 0, 0, 1), -- Zulian Crocolisk
(@CGUID+796, 15043, 309, -11700.7, -1655.62, 15.9441, 5.13127, 7200, 7200, 5, 0, 0, 1), -- Zulian Crocolisk
(@CGUID+797, 15043, 309, -11703, -1667.77, 14.5721, 1.71042, 7200, 7200, 5, 0, 0, 1), -- Zulian Crocolisk
(@CGUID+798, 15043, 309, -11688.6, -1644.38, 14.3255, 1.65806, 7200, 7200, 5, 0, 0, 1), -- Zulian Crocolisk
(@CGUID+799, 15043, 309, -11698.2, -1664.22, 14.2033, 1.15192, 7200, 7200, 5, 0, 0, 1), -- Zulian Crocolisk
(@CGUID+800, 15067, 309, -11464, -1650.71, 49.6302, 2.94961, 7200, 7200, 0, 0, 0, 0), -- Zulian Stalker
(@CGUID+801, 15091, 309, -11518.54, -1652.9, 41.38264, 0.03490658, 7200, 7200, 0, 0, 0, 0), -- Zul'Gurub Panther Trigger
(@CGUID+802, 15091, 309, -11518.46, -1651.542, 41.38264, 0.2617994, 7200, 7200, 0, 0, 0, 0), -- Zul'Gurub Panther Trigger
(@CGUID+803, 15091, 309, -11518.37, -1650.731, 41.38264, 4.433136, 7200, 7200, 0, 0, 0, 0), -- Zul'Gurub Panther Trigger
(@CGUID+804, 15091, 309, -11518.29, -1649.965, 41.38264, 5.131268, 7200, 7200, 0, 0, 0, 0), -- Zul'Gurub Panther Trigger
(@CGUID+805, 15091, 309, -11518.51, -1649.303, 41.38264, 5.864306, 7200, 7200, 0, 0, 0, 0), -- Zul'Gurub Panther Trigger
(@CGUID+806, 15091, 309, -11519.54, -1610.595, 41.38264, 2.565634, 7200, 7200, 0, 0, 0, 0), -- Zul'Gurub Panther Trigger
(@CGUID+807, 15091, 309, -11516.83, -1607.481, 41.38264, 4.764749, 7200, 7200, 0, 0, 0, 0), -- Zul'Gurub Panther Trigger
(@CGUID+808, 15091, 309, -11516.91, -1606.043, 41.38264, 6.248279, 7200, 7200, 0, 0, 0, 0), -- Zul'Gurub Panther Trigger
(@CGUID+809, 15091, 309, -11516.86, -1604.25, 41.38264, 5.288348, 7200, 7200, 0, 0, 0, 0), -- Zul'Gurub Panther Trigger
(@CGUID+810, 15091, 309, -11517.07, -1603.539, 41.38264, 2.059489, 7200, 7200, 0, 0, 0, 0), -- Zul'Gurub Panther Trigger
(@CGUID+811, 15111, 309, -11856.7, -1871.74, 64.2785, 4.6087, 7200, 7200, 5, 0, 0, 1), -- Mad Servant
(@CGUID+812, 15111, 309, -11859.5, -1862.59, 64.4351, 4.88031, 7200, 7200, 5, 0, 0, 1), -- Mad Servant
(@CGUID+813, 15111, 309, -11855.9, -1865.49, 64.4351, 4.99243, 7200, 7200, 5, 0, 0, 1), -- Mad Servant
(@CGUID+814, 15111, 309, -11926, -1843.45, 58.0354, 3.75776, 7200, 7200, 0, 0, 0, 2), -- Mad Servant
(@CGUID+815, 15111, 309, -11864.9, -1875.09, 64.1322, 5.98589, 7200, 7200, 0, 0, 0, 0), -- Mad Servant
(@CGUID+816, 15111, 309, -11969.1, -1830.27, 56.0987, 3.38812, 7200, 7200, 0, 0, 0, 0), -- Mad Servant
(@CGUID+817, 15111, 309, -11968, -1842.86, 56.0263, 0, 7200, 7200, 0, 0, 0, 0), -- Mad Servant
(@CGUID+818, 15111, 309, -11958.3, -1848.26, 56.4179, 1.76084, 7200, 7200, 0, 0, 0, 0), -- Mad Servant
(@CGUID+819, 15111, 309, -11872.7783203125, -1888.9879150390625, 64.28685760498046875, 0.855211317539215087, 21600, 21600, 0, 0, 0, 0), -- Mad Servant
(@CGUID+820, 15111, 309, -11871.7783203125, -1887.9879150390625, 64.28685760498046875, 0.000000000000000000, 21600, 21600, 0, 0, 0, 0), -- Mad Servant
(@CGUID+821, 15111, 309, -11870.7783203125, -1886.9879150390625, 64.28685760498046875, 0.000000000000000000, 21600, 21600, 0, 0, 0, 0), -- Mad Servant
(@CGUID+822, 15111, 309, -11885.8408203125, -1877.8155517578125, 63.5870208740234375, 2.809980154037475585, 21600, 21600, 0, 0, 0, 0), -- Mad Servant
(@CGUID+823, 15111, 309, -11884.8408203125, -1876.8155517578125, 63.5870208740234375, 0.000000000000000000, 21600, 21600, 0, 0, 0, 0), -- Mad Servant
(@CGUID+824, 15111, 309, -11883.8408203125, -1875.8155517578125, 63.5870208740234375, 0.000000000000000000, 21600, 21600, 0, 0, 0, 0); -- Mad Servant

INSERT INTO `creature_spawn_entry` (`guid`, `entry`) VALUES
(@CGUID+437, 11371), (@CGUID+437, 11372), -- Razzashi Serpent, Razzashi Adder
(@CGUID+450, 11371), (@CGUID+450, 11372), -- Razzashi Serpent, Razzashi Adder
(@CGUID+451, 11371), (@CGUID+451, 11372), -- Razzashi Serpent, Razzashi Adder
(@CGUID+460, 11371), (@CGUID+460, 11372), -- Razzashi Serpent, Razzashi Adder
(@CGUID+468, 11371), (@CGUID+468, 11372), -- Razzashi Serpent, Razzashi Adder
(@CGUID+487, 11371), (@CGUID+487, 11372), -- Razzashi Serpent, Razzashi Adder
(@CGUID+546, 11350), (@CGUID+546, 11830); -- Gurubashi Axe Thrower, Hakkari Priest

-- ===========
-- GAMEOBJECTS
-- ===========

INSERT INTO `gameobject` (`guid`, `id`, `map`, `position_x`, `position_y`, `position_z`, `orientation`, `rotation0`, `rotation1`, `rotation2`, `rotation3`, `spawntimesecsmin`, `spawntimesecsmax`, `animprogress`, `state`) VALUES
(@OGUID+1, 180323, 309, -11916.771484375, -1221.220947265625, 92.50450897216796875, -1.57079565525054931, 0, 0, -0.70710653066635131, 0.707107007503509521, 600, 600, 100, 1), -- Gates of Zul'Gurub
(@OGUID+2, 180253, 309, -11900.6, -1905.16, 65.3128, 3.78737, 0, 0, -0.948323, 0.317306, -600, -600, 100, 1), -- Troll Hero Air Portal
(@OGUID+3, 180254, 309, -11900.6, -1905.15, 65.3134, 3.14159, 0, 0, -1, 0, -600, -600, 100, 1), -- Troll Hero Fire Portal
(@OGUID+4, 180385, 309, -11900.3, -1905.49, 65.3169, 0.837758, 0, 0, 0.406736, 0.913545, -600, -600, 100, 1), -- Troll Hero Portal Sound
(@OGUID+5, 180252, 309, -11892.46875, -1913.1458740234375, 65.147064208984375, 2.443460941314697265, 0, 0, 0.939692616462707519, 0.342020153999328613, 600, 600, 100, 1), -- Troll Hero Lightning
(@OGUID+6, 180252, 309, -11906.146484375, -1911.8370361328125, 65.147064208984375, 0.855211377143859863, 0, 0, 0.414693236351013183, 0.909961283206939697, 600, 600, 100, 1), -- Troll Hero Lightning
(@OGUID+7, 180252, 309, -11909.0712890625, -1899.2628173828125, 65.147064208984375, 0.750491559505462646, 0, 0, 0.366501212120056152, 0.930417597293853759, 600, 600, 100, 1), -- Troll Hero Lightning
(@OGUID+8, 180327, 309, -11887.05859375, -1889.802490234375, 63.50368881225585937, 0.855211377143859863, 0, 0, 0.414693236351013183, 0.909961283206939697, 259200, 259200, 100, 1), -- Brazier of Madness
(@OGUID+9, 180368, 309, -11910.4306640625, -1917.0399169921875, 71.6556854248046875, -2.33001399040222167, 0, 0, 0.918790996074676513, -0.39474400877952575, 600, 600, 100, 1), -- Tablet of Madness
(@OGUID+10, 180358, 309, -11874.7919921875, -1927.7274169921875, 67.03594970703125, 1.588248252868652343, 0, 0, 0.71324998140335083, 0.700909972190856933, 600, 600, 100, 1), -- Gri'lek, with the Iron Blood
(@OGUID+11, 180364, 309, -11892.56640625, -1928.8072509765625, 66.81372833251953125, -1.58824825286865234, 0, 0, -0.71324998140335083, 0.700909972190856933, 600, 600, 100, 1), -- Hazza'rah, the Dreamweaver
(@OGUID+12, 180365, 309, -11924.4892578125, -1900.1458740234375, 66.73224639892578125, 3.141592741012573242, 0, 0, 1, 0, 600, 600, 100, 1), -- Renataki, of the Thousand Blades
(@OGUID+13, 180393, 309, -11923.28515625, -1882.98876953125, 66.81372833251953125, -0.02618073672056198, 0, 0, -0.01308999955654144, 0.999913990497589111, 600, 600, 100, 1), -- Wushoolay, the Storm Witch
(@OGUID+14, 176604, 309, -11981.81640625, -1470.2391357421875, 79.0612945556640625, 2.73143935203552246, 0, 0, 0.979044973850250244, 0.203641995787620544, 600, 600, 100, 1), -- Bonfire
(@OGUID+15, 176605, 309, -12164.06640625, -1673.0364990234375, 98.037994384765625, 2.705259561538696289, 0, 0, 0.976296007633209228, 0.216440007090568542, 600, 600, 100, 1), -- Brazier
(@OGUID+16, 176606, 309, -12164.099609375, -1689.1519775390625, 98.453857421875, 2.65290069580078125, 0, 0, 0.970296025276184082, 0.241922006011009216, 600, 600, 100, 1), -- Brazier
(@OGUID+17, 176607, 309, -12134.9130859375, -1689.128662109375, 85.60752105712890625, 2.705259561538696289, 0, 0, 0.976296007633209228, 0.216440007090568542, 600, 600, 100, 1), -- Brazier
(@OGUID+18, 176608, 309, -12135.0693359375, -1672.9853515625, 85.18961334228515625, 2.705259561538696289, 0, 0, 0.976296007633209228, 0.216440007090568542, 600, 600, 100, 1), -- Brazier
(@OGUID+19, 176609, 309, -12192.8798828125, -1688.9586181640625, 112.4695663452148437, 2.679080724716186523, 0, 0, 0.973379015922546386, 0.229200005531311035, 600, 600, 100, 1), -- Brazier
(@OGUID+20, 176610, 309, -12193.30078125, -1673.0775146484375, 113.3940200805664062, 2.713986396789550781, 0, 0, 0.977231025695800781, 0.212178006768226623, 600, 600, 100, 1), -- Brazier
(@OGUID+21, 176611, 309, -12218.1669921875, -1688.986083984375, 124.3018722534179687, 2.679080724716186523, 0, 0, 0.973379015922546386, 0.229200005531311035, 600, 600, 100, 1), -- Brazier
(@OGUID+22, 176612, 309, -12218.125, -1673.08935546875, 125.1525726318359375, 2.679080724716186523, 0, 0, 0.973379015922546386, 0.229200005531311035, 600, 600, 100, 1), -- Brazier
(@OGUID+23, 176617, 309, -12355.3388671875, -1954.6531982421875, 132.3521270751953125, -2.56563496589660644, 0, 0, 0.958819985389709472, -0.28401499986648559, 600, 600, 100, 1), -- Bonfire
(@OGUID+24, 176618, 309, -12388.669921875, -1909.0538330078125, 130.2603607177734375, -0.95120459794998168, 0, 0, -0.45787400007247924, 0.889016985893249511, 600, 600, 100, 1), -- Bonfire
(@OGUID+25, 176619, 309, -11985.3388671875, -1703, 32.28356170654296875, -2.73144054412841796, 0, 0, 0.979045987129211425, -0.20364199578762054, 600, 600, 100, 1), -- Bonfire
(@OGUID+26, 179704, 309, -11548.833984375, -1247.9771728515625, 78.28408050537109375, -2.3038332462310791, 0, 0, 0.913545012474060058, -0.40673699975013732, 600, 600, 100, 1), -- Cauldron
(@OGUID+27, 179985, 309, -12286.4912109375, -1624.2301025390625, 130.4316864013671875, -0.45378574728965759, 0, 0, 0.224951118230819702, -0.9743700623512268, 600, 600, 100, 1), -- Spider Egg
(@OGUID+28, 179985, 309, -12293.5244140625, -1679.861083984375, 131.551544189453125, 2.792526721954345703, 0, 0, 0.984807729721069335, 0.173648223280906677, 600, 600, 100, 1), -- Spider Egg
(@OGUID+29, 179985, 309, -12286.4580078125, -1652.579833984375, 131.4309844970703125, 1.710422515869140625, 0, 0, 0.754709541797637939, 0.656059026718139648, 600, 600, 100, 1), -- Spider Egg
(@OGUID+30, 179985, 309, -12303.3271484375, -1674.697265625, 131.06787109375, 0.191986218094825744, 0, 0, 0.095845751464366912, 0.995396196842193603, 600, 600, 100, 1), -- Spider Egg
(@OGUID+31, 179985, 309, -12310.765625, -1698.396240234375, 132.6454620361328125, -2.91469979286193847, 0, 0, 0.993571877479553222, -0.11320321261882781, 600, 600, 100, 1), -- Spider Egg
(@OGUID+32, 179985, 309, -12263.4697265625, -1640.5982666015625, 135.2315673828125, -1.71042275428771972, 0, 0, 0.754709601402282714, -0.65605896711349487, 600, 600, 100, 1), -- Spider Egg
(@OGUID+33, 179985, 309, -12299.6357421875, -1688.9791259765625, 130.936248779296875, 0.488692224025726318, 0, 0, 0.241921901702880859, 0.970295727252960205, 600, 600, 100, 1), -- Spider Egg
(@OGUID+34, 179985, 309, -12281.490234375, -1684.3375244140625, 132.1078643798828125, 0.907571256160736083, 0, 0, 0.438371151685714721, 0.898794054985046386, 600, 600, 100, 1), -- Spider Egg
(@OGUID+35, 179985, 309, -12272.271484375, -1683.8189697265625, 131.4239654541015625, -0.03490668907761573, 0, 0, 0.017452457919716835, -0.99984771013259887, 600, 600, 100, 1), -- Spider Egg
(@OGUID+36, 179985, 309, -12293.71875, -1645.842041015625, 131.421417236328125, 1.850049138069152832, 0, 0, 0.798635542392730712, 0.60181504487991333, 600, 600, 100, 1), -- Spider Egg
(@OGUID+37, 179985, 309, -12288.0166015625, -1690.2032470703125, 132.4345550537109375, -0.12217313796281814, 0, 0, 0.061048582196235656, -0.9981347918510437, 600, 600, 100, 1), -- Spider Egg
(@OGUID+38, 179985, 309, -12259.12109375, -1661.7095947265625, 131.385589599609375, -2.54818058013916015, 0, 0, 0.956304728984832763, -0.29237174987792968, 600, 600, 100, 1), -- Spider Egg
(@OGUID+39, 179985, 309, -12278.0908203125, -1626.7176513671875, 133.9610748291015625, -2.53072738647460937, 0, 0, 0.953716933727264404, -0.30070579051971435, 600, 600, 100, 1), -- Spider Egg
(@OGUID+40, 179985, 309, -12272.6123046875, -1632.0555419921875, 138.2734527587890625, 0.69813162088394165, 0, 0, 0.342020124197006225, 0.939692616462707519, 600, 600, 100, 1), -- Spider Egg
(@OGUID+41, 179985, 309, -12276.453125, -1647.21875, 131.4020233154296875, -2.49582076072692871, 0, 0, 0.948323667049407958, -0.31730467081069946, 600, 600, 100, 1), -- Spider Egg
(@OGUID+42, 179985, 309, -12248.8408203125, -1663.640625, 132.011474609375, 2.059488534927368164, 0, 0, 0.857167303562164306, 0.515038073062896728, 600, 600, 100, 1), -- Spider Egg
(@OGUID+43, 179985, 309, -12293.5048828125, -1698.0401611328125, 132.4014739990234375, -0.50614529848098754, 0, 0, 0.250379920005798339, -0.9681476354598999, 600, 600, 100, 1), -- Spider Egg
(@OGUID+44, 179985, 309, -12261.951171875, -1692.7117919921875, 131.9766998291015625, 1.65806281566619873, 0, 0, 0.737277328968048095, 0.675590217113494873, 600, 600, 100, 1), -- Spider Egg
(@OGUID+45, 179985, 309, -12272.65625, -1695.6785888671875, 133.5703887939453125, 1.431169986724853515, 0, 0, 0.656059026718139648, 0.754709601402282714, 600, 600, 100, 1), -- Spider Egg
(@OGUID+46, 179985, 309, -12284.4306640625, -1636.0208740234375, 133.045013427734375, -2.25147461891174316, 0, 0, 0.902585268020629882, -0.43051111698150634, 600, 600, 100, 1), -- Spider Egg
(@OGUID+47, 179985, 309, -12263.1181640625, -1653.5052490234375, 132.5929107666015625, 0.890117883682250976, 0, 0, 0.430511087179183959, 0.902585268020629882, 600, 600, 100, 1), -- Spider Egg
(@OGUID+48, 179985, 309, -12247.2666015625, -1692.197998046875, 132.0396575927734375, 2.58308720588684082, 0, 0, 0.961261689662933349, 0.275637388229370117, 600, 600, 100, 1), -- Spider Egg
(@OGUID+49, 179985, 309, -12331.6416015625, -1637.4212646484375, 130.8238067626953125, -1.90240883827209472, 0, 0, 0.814115524291992187, -0.58070296049118041, 600, 600, 100, 1), -- Spider Egg
(@OGUID+50, 179985, 309, -12301.94140625, -1631.13330078125, 130.8245391845703125, -0.55850535631179809, 0, 0, 0.275637358427047729, -0.96126168966293334, 600, 600, 100, 1), -- Spider Egg
(@OGUID+51, 179985, 309, -12327.5283203125, -1646.995849609375, 131.202545166015625, 2.932153224945068359, 0, 0, 0.994521915912628173, 0.10452841967344284, 600, 600, 100, 1), -- Spider Egg
(@OGUID+52, 179985, 309, -12299.26171875, -1608.964111328125, 132.028533935546875, 1.65806281566619873, 0, 0, 0.737277328968048095, 0.675590217113494873, 600, 600, 100, 1), -- Spider Egg
(@OGUID+53, 179985, 309, -12315.4970703125, -1687.511962890625, 130.9962158203125, 3.03687286376953125, 0, 0, 0.998629510402679443, 0.05233597382903099, 600, 600, 100, 1), -- Spider Egg
(@OGUID+54, 179985, 309, -12315.888671875, -1664.3646240234375, 131.508056640625, -1.7278759479522705, 0, 0, 0.760405957698822021, -0.64944803714752197, 600, 600, 100, 1), -- Spider Egg
(@OGUID+55, 179985, 309, -12306.736328125, -1616.9583740234375, 131.5713653564453125, -1.55334317684173583, 0, 0, 0.700909316539764404, -0.71325039863586425, 600, 600, 100, 1), -- Spider Egg
(@OGUID+56, 179985, 309, -12332.3935546875, -1688.4783935546875, 131.3063201904296875, -1.29154384136199951, 0, 0, 0.601815104484558105, -0.79863548278808593, 600, 600, 100, 1), -- Spider Egg
(@OGUID+57, 179985, 309, -12340.9306640625, -1679.7379150390625, 130.73382568359375, 0.418879061937332153, 0, 0, 0.207911700010299682, 0.978147625923156738, 600, 600, 100, 1), -- Spider Egg
(@OGUID+58, 179985, 309, -12305.662109375, -1641.977294921875, 130.9268951416015625, 0.069813162088394165, 0, 0, 0.034899495542049407, 0.999390840530395507, 600, 600, 100, 1), -- Spider Egg
(@OGUID+59, 179985, 309, -12285.3232421875, -1613.888671875, 131.1083831787109375, 2.373647689819335937, 0, 0, 0.927183866500854492, 0.374606639146804809, 600, 600, 100, 1), -- Spider Egg
(@OGUID+60, 179985, 309, -12327.66015625, -1671.953125, 129.9640655517578125, -0.43633255362510681, 0, 0, 0.216439723968505859, -0.97629600763320922, 600, 600, 100, 1), -- Spider Egg
(@OGUID+61, 179985, 309, -12314.728515625, -1674.7083740234375, 132.0467376708984375, 0.977384388446807861, 0, 0, 0.469471573829650878, 0.882947564125061035, 600, 600, 100, 1), -- Spider Egg
(@OGUID+62, 179985, 309, -12309.8193359375, -1627.26220703125, 130.8092193603515625, 1.692969441413879394, 0, 0, 0.748955726623535156, 0.662620067596435546, 600, 600, 100, 1), -- Spider Egg
(@OGUID+63, 179985, 309, -12299.5693359375, -1619.482666015625, 131.1397552490234375, -2.02458167076110839, 0, 0, 0.848048031330108642, -0.5299193263053894, 600, 600, 100, 1), -- Spider Egg
(@OGUID+64, 179985, 309, -12322.33984375, -1696.67919921875, 135.189361572265625, 3.124139308929443359, 0, 0, 0.999961912631988525, 0.008726561442017555, 600, 600, 100, 1), -- Spider Egg
(@OGUID+65, 179985, 309, -12349.9619140625, -1683.829833984375, 131.70196533203125, -2.77507352828979492, 0, 0, 0.983254909515380859, -0.18223547935485839, 600, 600, 100, 1), -- Spider Egg
(@OGUID+66, 179985, 309, -12318.3349609375, -1594.8990478515625, 132.353057861328125, 2.373647689819335937, 0, 0, 0.927183866500854492, 0.374606639146804809, 600, 600, 100, 1), -- Spider Egg
(@OGUID+67, 179985, 309, -12313.28515625, -1608.373291015625, 133.0965728759765625, -1.32645010948181152, 0, 0, 0.615661442279815673, -0.78801077604293823, 600, 600, 100, 1), -- Spider Egg
(@OGUID+68, 179985, 309, -12342.2431640625, -1614.407958984375, 132.1482391357421875, 0.890117883682250976, 0, 0, 0.430511087179183959, 0.902585268020629882, 600, 600, 100, 1), -- Spider Egg
(@OGUID+69, 179985, 309, -12305.1181640625, -1600.4930419921875, 132.5044708251953125, 1.431169986724853515, 0, 0, 0.656059026718139648, 0.754709601402282714, 600, 600, 100, 1), -- Spider Egg
(@OGUID+70, 179985, 309, -12337.4169921875, -1601.96875, 133.9007568359375, -2.74016690254211425, 0, 0, 0.979924738407135009, -0.19936791062355041, 600, 600, 100, 1), -- Spider Egg
(@OGUID+71, 179985, 309, -12307.59375, -1587.0416259765625, 132.7171173095703125, 2.268928050994873046, 0, 0, 0.906307816505432128, 0.422618240118026733, 600, 600, 100, 1), -- Spider Egg
(@OGUID+72, 179985, 309, -12339.705078125, -1645.1492919921875, 131.26910400390625, -2.94960641860961914, 0, 0, 0.995396196842193603, -0.09584572911262512, 600, 600, 100, 1), -- Spider Egg
(@OGUID+73, 179985, 309, -12367.7451171875, -1687.49169921875, 133.7494049072265625, 0.628318548202514648, 0, 0, 0.309017002582550048, 0.951056540012359619, 600, 600, 100, 1), -- Spider Egg
(@OGUID+74, 179985, 309, -12348.5927734375, -1639.1649169921875, 131.314300537109375, -1.50098299980163574, 0, 0, 0.681998312473297119, -0.731353759765625, 600, 600, 100, 1), -- Spider Egg
(@OGUID+75, 179985, 309, -12344.75, -1608.62158203125, 132.507720947265625, -2.84488654136657714, 0, 0, 0.989015877246856689, -0.1478094458580017, 600, 600, 100, 1), -- Spider Egg
(@OGUID+76, 179985, 309, -12316.1533203125, -1586.60546875, 133.266387939453125, -2.14675498008728027, 0, 0, 0.878817141056060791, -0.47715872526168823, 600, 600, 100, 1), -- Spider Egg
(@OGUID+77, 179985, 309, -12333.361328125, -1604.454833984375, 133.0149078369140625, 1.431169986724853515, 0, 0, 0.656059026718139648, 0.754709601402282714, 600, 600, 100, 1), -- Spider Egg
(@OGUID+78, 179985, 309, -12319.978515625, -1587.9427490234375, 132.603057861328125, -2.30383467674255371, 0, 0, 0.913545489311218261, -0.4067365825176239, 600, 600, 100, 1), -- Spider Egg
(@OGUID+79, 179985, 309, -12338.716796875, -1617.6597900390625, 132.661865234375, -1.2042773962020874, 0, 0, 0.566406309604644775, -0.82412612438201904, 600, 600, 100, 1), -- Spider Egg
(@OGUID+80, 179985, 309, -12348.5693359375, -1666.7066650390625, 130.6952056884765625, -1.30899691581726074, 0, 0, 0.608761429786682128, -0.79335331916809082, 600, 600, 100, 1), -- Spider Egg
(@OGUID+81, 179985, 309, -12351.48046875, -1691.3428955078125, 132.40179443359375, -1.7802361249923706, 0, 0, 0.777146041393280029, -0.62932032346725463, 600, 600, 100, 1), -- Spider Egg
(@OGUID+82, 179985, 309, -12304.701171875, -1594.6907958984375, 133.99114990234375, -0.43633255362510681, 0, 0, 0.216439723968505859, -0.97629600763320922, 600, 600, 100, 1), -- Spider Egg
(@OGUID+83, 179985, 309, -12316.8251953125, -1582.4857177734375, 132.8934478759765625, -0.22689278423786163, 0, 0, 0.113203197717666625, -0.99357187747955322, 600, 600, 100, 1), -- Spider Egg
(@OGUID+84, 179985, 309, -12362.9833984375, -1676.57666015625, 130.7482452392578125, -0.34906607866287231, 0, 0, 0.173648297786712646, -0.98480772972106933, 600, 600, 100, 1), -- Spider Egg
(@OGUID+85, 179985, 309, -12353.767578125, -1634.045166015625, 130.6604461669921875, 2.49582076072692871, 0, 0, 0.948323667049407958, 0.31730470061302185, 600, 600, 100, 1), -- Spider Egg
(@OGUID+86, 179985, 309, -12356.75390625, -1672.310791015625, 130.908477783203125, -1.43116986751556396, 0, 0, 0.656058967113494873, -0.75470966100692749, 600, 600, 100, 1), -- Spider Egg
(@OGUID+87, 179985, 309, -12371.251953125, -1672.7396240234375, 131.1305999755859375, -0.62831860780715942, 0, 0, 0.309017032384872436, -0.95105648040771484, 600, 600, 100, 1), -- Spider Egg
(@OGUID+88, 179985, 309, -12312.9814453125, -1599.797119140625, 132.6368408203125, 0.837758004665374755, 0, 0, 0.406736642122268676, 0.913545429706573486, 600, 600, 100, 1), -- Spider Egg
(@OGUID+89, 179985, 309, -12331.298828125, -1610.7552490234375, 132.7266998291015625, -0.97738438844680786, 0, 0, 0.469471573829650878, -0.88294756412506103, 600, 600, 100, 1), -- Spider Egg
(@OGUID+90, 179985, 309, -12311.2412109375, -1582.17578125, 133.0598602294921875, -1.18682420253753662, 0, 0, 0.559193015098571777, -0.82903748750686645, 600, 600, 100, 1), -- Spider Egg
(@OGUID+91, 179985, 309, -12331.44921875, -1627.33740234375, 130.440093994140625, 2.164208173751831054, 0, 0, 0.882947564125061035, 0.469471603631973266, 600, 600, 100, 1), -- Spider Egg
(@OGUID+92, 179985, 309, -12384.8447265625, -1641.2955322265625, 131.1581268310546875, -1.2042773962020874, 0, 0, 0.566406309604644775, -0.82412612438201904, 600, 600, 100, 1), -- Spider Egg
(@OGUID+93, 179985, 309, -12377.681640625, -1665.008056640625, 131.33099365234375, 1.117010712623596191, 0, 0, 0.529919266700744628, 0.848048090934753417, 600, 600, 100, 1), -- Spider Egg
(@OGUID+94, 179985, 309, -12377.103515625, -1622.5504150390625, 130.7606964111328125, -2.42600750923156738, 0, 0, 0.936672151088714599, -0.35020741820335388, 600, 600, 100, 1), -- Spider Egg
(@OGUID+95, 179985, 309, -12313.396484375, -1563.058349609375, 133.6548614501953125, -2.96705961227416992, 0, 0, 0.996194720268249511, -0.0871557667851448, 600, 600, 100, 1), -- Spider Egg
(@OGUID+96, 179985, 309, -12343.3994140625, -1587.8177490234375, 132.23248291015625, -1.23918378353118896, 0, 0, 0.580702960491180419, -0.81411552429199218, 600, 600, 100, 1), -- Spider Egg
(@OGUID+97, 179985, 309, -12317.6083984375, -1577.6944580078125, 132.4249267578125, -2.51327419281005859, 0, 0, 0.951056540012359619, -0.30901694297790527, 600, 600, 100, 1), -- Spider Egg
(@OGUID+98, 179985, 309, -12331.353515625, -1586.4735107421875, 132.353057861328125, 3.019419670104980468, 0, 0, 0.998134791851043701, 0.061048507690429687, 600, 600, 100, 1), -- Spider Egg
(@OGUID+99, 179985, 309, -12380.603515625, -1674.2135009765625, 135.1352081298828125, -0.12217313796281814, 0, 0, 0.061048582196235656, -0.9981347918510437, 600, 600, 100, 1), -- Spider Egg
(@OGUID+100, 179985, 309, -12381.1650390625, -1611.2926025390625, 132.4382171630859375, -0.80285149812698364, 0, 0, 0.39073115587234497, -0.92050486803054809, 600, 600, 100, 1), -- Spider Egg
(@OGUID+101, 179985, 309, -12326.1123046875, -1564.0631103515625, 133.68951416015625, -1.9198620319366455, 0, 0, 0.819151997566223144, -0.57357645034790039, 600, 600, 100, 1), -- Spider Egg
(@OGUID+102, 179985, 309, -12332.9658203125, -1577.06884765625, 132.2977752685546875, -0.62831860780715942, 0, 0, 0.309017032384872436, -0.95105648040771484, 600, 600, 100, 1), -- Spider Egg
(@OGUID+103, 179985, 309, -12359.677734375, -1598.025634765625, 134.8007354736328125, -0.38397243618965148, 0, 0, 0.190809011459350585, -0.98162716627120971, 600, 600, 100, 1), -- Spider Egg
(@OGUID+104, 179985, 309, -12321.521484375, -1580.005615234375, 132.249481201171875, 3.089232683181762695, 0, 0, 0.999657332897186279, 0.026176994666457176, 600, 600, 100, 1), -- Spider Egg
(@OGUID+105, 179985, 309, -12341.470703125, -1596.3148193359375, 132.421630859375, 2.652900457382202148, 0, 0, 0.970295727252960205, 0.241921901702880859, 600, 600, 100, 1), -- Spider Egg
(@OGUID+106, 179985, 309, -12375.0830078125, -1633.2821044921875, 129.587738037109375, -2.51327419281005859, 0, 0, 0.951056540012359619, -0.30901694297790527, 600, 600, 100, 1), -- Spider Egg
(@OGUID+107, 179985, 309, -12319.9638671875, -1566.5418701171875, 132.9080963134765625, 0.191986218094825744, 0, 0, 0.095845751464366912, 0.995396196842193603, 600, 600, 100, 1), -- Spider Egg
(@OGUID+108, 179985, 309, -12310.701171875, -1572.5716552734375, 133.446685791015625, 2.111848354339599609, 0, 0, 0.870355665683746337, 0.492423564195632934, 600, 600, 100, 1), -- Spider Egg
(@OGUID+109, 179985, 309, -12371.6806640625, -1653.59033203125, 130.518829345703125, -1.44862353801727294, 0, 0, 0.662620127201080322, -0.74895566701889038, 600, 600, 100, 1), -- Spider Egg
(@OGUID+110, 179985, 309, -12332.5029296875, -1566.5137939453125, 132.693328857421875, 3.089232683181762695, 0, 0, 0.999657332897186279, 0.026176994666457176, 600, 600, 100, 1), -- Spider Egg
(@OGUID+111, 179985, 309, -12367.8330078125, -1604.669677734375, 132.3591766357421875, -1.25663685798645019, 0, 0, 0.587785184383392333, -0.80901706218719482, 600, 600, 100, 1), -- Spider Egg
(@OGUID+112, 179985, 309, -12338.6669921875, -1582.6458740234375, 132.5365447998046875, 0.872664630413055419, 0, 0, 0.422618269920349121, 0.906307756900787353, 600, 600, 100, 1), -- Spider Egg
(@OGUID+113, 179985, 309, -12375.4033203125, -1604.2081298828125, 133.8431396484375, -0.62831860780715942, 0, 0, 0.309017032384872436, -0.95105648040771484, 600, 600, 100, 1), -- Spider Egg
(@OGUID+114, 179985, 309, -12370.93359375, -1619.595703125, 130.940216064453125, -1.41371667385101318, 0, 0, 0.649448037147521972, -0.76040601730346679, 600, 600, 100, 1), -- Spider Egg
(@OGUID+115, 179985, 309, -12308.8642578125, -1568.1666259765625, 134.03521728515625, 1.082104086875915527, 0, 0, 0.515038073062896728, 0.857167303562164306, 600, 600, 100, 1), -- Spider Egg
(@OGUID+116, 179985, 309, -12345.146484375, -1577.1090087890625, 133.1491241455078125, 0.052359882742166519, 0, 0, 0.026176949962973594, 0.999657332897186279, 600, 600, 100, 1), -- Spider Egg
(@OGUID+117, 179985, 309, -12307.20703125, -1575.849609375, 132.980377197265625, -0.75049144029617309, 0, 0, 0.366501152515411376, -0.93041759729385375, 600, 600, 100, 1), -- Spider Egg
(@OGUID+118, 179985, 309, -12340.296875, -1569.50439453125, 131.40960693359375, -1.29154384136199951, 0, 0, 0.601815104484558105, -0.79863548278808593, 600, 600, 100, 1), -- Spider Egg
(@OGUID+119, 179985, 309, -12365.6416015625, -1610.72900390625, 131.8831024169921875, -1.48352992534637451, 0, 0, 0.675590217113494873, -0.73727732896804809, 600, 600, 100, 1), -- Spider Egg
(@OGUID+120, 179985, 309, -12349.44921875, -1597.14892578125, 134.4842071533203125, 2.58308720588684082, 0, 0, 0.961261689662933349, 0.275637388229370117, 600, 600, 100, 1), -- Spider Egg
(@OGUID+121, 179985, 309, -12383.228515625, -1656.123291015625, 132.7698211669921875, -1.16937041282653808, 0, 0, 0.551936924457550048, -0.83388584852218627, 600, 600, 100, 1), -- Spider Egg
(@OGUID+122, 179985, 309, -12334.3232421875, -1590.640625, 132.3088836669921875, 0.296705961227416992, 0, 0, 0.147809401154518127, 0.989015877246856689, 600, 600, 100, 1), -- Spider Egg
(@OGUID+123, 179985, 309, -12372.5068359375, -1595.4488525390625, 138.234222412109375, -0.59341222047805786, 0, 0, 0.29237183928489685, -0.95630472898483276, 600, 600, 100, 1), -- Spider Egg
(@OGUID+124, 179985, 309, -12366.609375, -1637.8763427734375, 131.4484710693359375, 0.122173056006431579, 0, 0, 0.061048541218042373, 0.998134791851043701, 600, 600, 100, 1), -- Spider Egg
(@OGUID+125, 179985, 309, -12347.5419921875, -1566.5885009765625, 132.6945953369140625, 2.932153224945068359, 0, 0, 0.994521915912628173, 0.10452841967344284, 600, 600, 100, 1), -- Spider Egg
(@OGUID+126, 179985, 309, -12343.22265625, -1570.4896240234375, 131.6309356689453125, 2.652900457382202148, 0, 0, 0.970295727252960205, 0.241921901702880859, 600, 600, 100, 1), -- Spider Egg
-- 127 - 130
(@OGUID+131, 180164, 309, -12347.1650390625, -1845.5013427734375, 131.0122833251953125, -2.93215298652648925, 0, 0, 0.994521915912628173, -0.10452850908041, 259200, 259200, 100, 1), -- Sungrass
(@OGUID+132, 180164, 309, -11597.2822265625, -1752.79345703125, 39.32941055297851562, -0.78539824485778808, 0, 0, 0.382683485746383666, -0.92387950420379638, 259200, 259200, 100, 1), -- Sungrass
(@OGUID+133, 180164, 309, -11855.6, -1886.94, 64.4054, 0.157079, 0, 0, 0.0784588, 0.996917, 259200, 259200, 100, 1), -- Sungrass
(@OGUID+134, 180164, 309, -12156, -1466.72, 131.101, 4.88692, 0, 0, -0.642787, 0.766045, 259200, 259200, 100, 1), -- Sungrass
(@OGUID+135, 180164, 309, -12352.3076171875, -1672.7291259765625, 131.1775665283203125, 2.757613182067871093, 0, 0, 0.981626510620117187, 0.190812408924102783, 259200, 259200, 100, 1), -- Sungrass
(@OGUID+136, 180164, 309, -11556.2, -1480.03, 67.1307, 5.72468, 0, 0, -0.275637, 0.961262, 259200, 259200, 100, 1), -- Sungrass
(@OGUID+137, 180164, 309, -11615.0302734375, -1846.4097900390625, 41.41478729248046875, 3.071766138076782226, 0, 0, 0.999390602111816406, 0.034906134009361267, 259200, 259200, 100, 1), -- Sungrass
-- 138 - 140
(@OGUID+141, 180165, 309, -11969.421875, -1825.954833984375, 56.21387481689453125, 2.164208173751831054, 0, 0, 0.882947564125061035, 0.469471603631973266, 259200, 259200, 100, 1), -- Purple Lotus
(@OGUID+142, 180165, 309, -12334.537109375, -1899.6531982421875, 131.2425537109375, -3.00196623802185058, 0, 0, 0.997564077377319335, -0.06975647807121276, 259200, 259200, 100, 1), -- Purple Lotus
(@OGUID+143, 180165, 309, -11874.828125, -1382.4014892578125, 68.26617431640625, -1.01229083538055419, 0, 0, 0.484809547662734985, -0.87461978197097778, 259200, 259200, 100, 1), -- Purple Lotus
(@OGUID+144, 180165, 309, -12074.7, -1696.28, 46.4935, 2.02458, 0, 0, 0.848047, 0.529921, 259200, 259200, 100, 1), -- Purple Lotus
(@OGUID+145, 180165, 309, -11944.6, -1760.67, 53.5194, 4.39823, 0, 0, -0.809016, 0.587786, 259200, 259200, 100, 1), -- Purple Lotus
(@OGUID+146, 180165, 309, -11972.7548828125, -1553.0035400390625, 40.840301513671875, -1.60570168495178222, 0, 0, -0.71933937072753906, 0.694658815860748291, 259200, 259200, 100, 1), -- Purple Lotus
(@OGUID+147, 180165, 309, -11995.2, -1621.96, 33.2566, 4.32842, 0, 0, -0.829037, 0.559194, 259200, 259200, 100, 1), -- Purple Lotus
(@OGUID+148, 180165, 309, -11688.1, -1941.78, 56.86, 4.36332, 0, 0, -0.819152, 0.573577, 259200, 259200, 100, 1), -- Purple Lotus
(@OGUID+149, 180165, 309, -11657.6787109375, -1565.70556640625, 41.41679763793945312, -2.12930059432983398, 0, 0, -0.8746194839477539, 0.484810054302215576, 259200, 259200, 100, 1), -- Purple Lotus
-- 150
(@OGUID+151, 180166, 309, -11733.876953125, -1945.6007080078125, 58.68107986450195312, -2.82743334770202636, 0, 0, 0.987688362598419189, -0.15643444657325744, 259200, 259200, 100, 1), -- Mountain Silversage
(@OGUID+152, 180166, 309, -12264.7392578125, -1869.3797607421875, 133.451812744140625, 1.29154360294342041, 0, 0, 0.601814985275268554, 0.798635542392730712, 259200, 259200, 100, 1), -- Mountain Silversage
(@OGUID+153, 180166, 309, -11595.2587890625, -1218.1876220703125, 81.0124969482421875, -0.82030475139617919, 0, 0, 0.398749053478240966, -0.91706007719039916, 259200, 259200, 100, 1), -- Mountain Silversage
(@OGUID+154, 180166, 309, -12225.857421875, -1419.9320068359375, 131.391693115234375, -1.25663685798645019, 0, 0, 0.587785184383392333, -0.80901706218719482, 259200, 259200, 100, 1), -- Mountain Silversage
(@OGUID+155, 180166, 309, -11657.0380859375, -1457.0177001953125, 61.00021743774414062, -1.74532675743103027, 0, 0, -0.76604366302490234, 0.642788589000701904, 259200, 259200, 100, 1), -- Mountain Silversage
(@OGUID+156, 180166, 309, -11804.4, -1902, 50.6509, 5.93412, 0, 0, -0.173648, 0.984808, 259200, 259200, 100, 1), -- Mountain Silversage
(@OGUID+157, 180166, 309, -12255.3, -1963.61, 136.048, 0.610863, 0, 0, 0.300705, 0.953717, 259200, 259200, 100, 1), -- Mountain Silversage
(@OGUID+158, 180166, 309, -12346.8, -1965, 133.195, 0.453785, 0, 0, 0.224951, 0.97437, 259200, 259200, 100, 1), -- Mountain Silversage
(@OGUID+159, 180166, 309, -12062.20703125, -1433.8271484375, 130.2298736572265625, -2.79251837730407714, 0, 0, -0.98480701446533203, 0.173652306199073791, 259200, 259200, 100, 1), -- Mountain Silversage
(@OGUID+160, 180166, 309, -11526.8, -1493.28, 80.0608, 2.54818, 0, 0, 0.956305, 0.292372, 259200, 259200, 100, 1), -- Mountain Silversage
(@OGUID+161, 180166, 309, -11561.296875, -1805.5086669921875, 62.4127960205078125, -3.00194692611694335, 0, 0, -0.99756336212158203, 0.069766148924827575, 259200, 259200, 100, 1), -- Mountain Silversage
(@OGUID+162, 180166, 309, -12298.3, -1464.21, 130.6, 2.02458, 0, 0, 0.848047, 0.529921, 259200, 259200, 100, 1), -- Mountain Silversage
-- 163 - 170
(@OGUID+171, 180167, 309, -11988.107421875, -1825.9349365234375, 58.52939224243164062, -1.81514251232147216, 0, 0, 0.788010776042938232, -0.61566144227981567, 259200, 259200, 100, 1), -- Golden Sansam
(@OGUID+172, 180167, 309, -11585.2197265625, -1573.601806640625, 50.7598114013671875, 1.169370651245117187, 0, 0, 0.551936984062194824, 0.833885848522186279, 259200, 259200, 100, 1), -- Golden Sansam
(@OGUID+173, 180167, 309, -12298.3505859375, -1684.076171875, 132.49176025390625, 1.448623299598693847, 0, 0, 0.662620067596435546, 0.748955726623535156, 259200, 259200, 100, 1), -- Golden Sansam
(@OGUID+174, 180167, 309, -11834.8427734375, -1326.258056640625, 67.55466461181640625, -2.63544702529907226, 0, 0, 0.968147635459899902, -0.25038003921508789, 259200, 259200, 100, 1), -- Golden Sansam
(@OGUID+175, 180167, 309, -12223.4521484375, -1416.2662353515625, 131.544952392578125, 2.932153224945068359, 0, 0, 0.994521915912628173, 0.10452841967344284, 259200, 259200, 100, 1), -- Golden Sansam
(@OGUID+176, 180167, 309, -11786.7, -1896.81, 48.9827, 3.31614, 0, 0, -0.996194, 0.087165, 259200, 259200, 100, 1), -- Golden Sansam
(@OGUID+177, 180167, 309, -11558.208984375, -1739.44921875, 38.6247100830078125, -0.52359795570373535, 0, 0, -0.25881862640380859, 0.965925931930541992, 259200, 259200, 100, 1), -- Golden Sansam
(@OGUID+178, 180167, 309, -11457, -1596.5, 49.6861, 5.53269, 0, 0, -0.366501, 0.930418, 259200, 259200, 100, 1), -- Golden Sansam
(@OGUID+179, 180167, 309, -11583.7, -1663.03, 50.6409, 5.21854, 0, 0, -0.507538, 0.861629, 259200, 259200, 100, 1), -- Golden Sansam
(@OGUID+180, 180167, 309, -12367.3193359375, -1615.6109619140625, 131.1434478759765625, 1.815141916275024414, 0, 0, 0.788010597229003906, 0.615661680698394775, 259200, 259200, 100, 1), -- Golden Sansam
(@OGUID+181, 180167, 309, -12197.3, -1983.1, 132.6, 4.83456, 0, 0, -0.66262, 0.748956, 259200, 259200, 100, 1), -- Golden Sansam
(@OGUID+182, 180167, 309, -12380.33203125, -1662.3756103515625, 131.9833221435546875, 2.426007747650146484, 0, 0, 0.936672210693359375, 0.350207358598709106, 259200, 259200, 100, 1), -- Golden Sansam
(@OGUID+183, 180167, 309, -12288.3, -1625.12, 130.261, 1.309, 0, 0, 0.608761, 0.793354, 259200, 259200, 100, 1), -- Golden Sansam
(@OGUID+184, 180167, 309, -11742, -1337.24, 63.7299, 2.77507, 0, 0, 0.983254, 0.182238, 259200, 259200, 100, 1), -- Golden Sansam
(@OGUID+185, 180167, 309, -11656.2, -1572.16, 39.8062, 3.94445, 0, 0, -0.920505, 0.390732, 259200, 259200, 100, 1), -- Golden Sansam
(@OGUID+186, 180167, 309, -12002.8, -1489.2, 80.3559, 0.331611, 0, 0, 0.165047, 0.986286, 259200, 259200, 100, 1), -- Golden Sansam
(@OGUID+187, 180167, 309, -11985.6005859375, -1717.9481201171875, 32.28356170654296875, -0.75049078464508056, 0, 0, -0.3665008544921875, 0.93041771650314331, 259200, 259200, 100, 1), -- Golden Sansam
-- 188 - 190
(@OGUID+191, 180168, 309, -11986.20703125, -1475.364990234375, 79.697052001953125, -3.00196623802185058, 0, 0, 0.997564077377319335, -0.06975647807121276, 259200, 259200, 100, 1), -- Dreamfoil
(@OGUID+192, 180168, 309, -12185.90625, -1901.982666015625, 133.235443115234375, 0.820304811000823974, 0, 0, 0.398749083280563354, 0.917060077190399169, 259200, 259200, 100, 1), -- Dreamfoil
(@OGUID+193, 180168, 309, -11820.98046875, -1892.170166015625, 49.65859603881835937, 0.977384388446807861, 0, 0, 0.469471573829650878, 0.882947564125061035, 259200, 259200, 100, 1), -- Dreamfoil
(@OGUID+194, 180168, 309, -11456.5654296875, -1606.9561767578125, 49.19579696655273437, 2.0245819091796875, 0, 0, 0.848048090934753417, 0.529919266700744628, 259200, 259200, 100, 1), -- Dreamfoil
(@OGUID+195, 180168, 309, -11608.912109375, -1274.0670166015625, 79.27100372314453125, 0.01745329238474369, 0, 0, 0.008726535364985466, 0.999961912631988525, 259200, 259200, 100, 1), -- Dreamfoil
(@OGUID+196, 180168, 309, -11748.7, -1906.19, 55.9028, 4.53786, 0, 0, -0.766044, 0.642789, 259200, 259200, 100, 1), -- Dreamfoil
(@OGUID+197, 180168, 309, -11539.7, -1244.56, 78.744, 1.29154, 0, 0, 0.601814, 0.798636, 259200, 259200, 100, 1), -- Dreamfoil
(@OGUID+198, 180168, 309, -12347.7, -1926.59, 133.29, 5.53269, 0, 0, -0.366501, 0.930418, 259200, 259200, 100, 1), -- Dreamfoil
(@OGUID+199, 180168, 309, -12159.3583984375, -1956.9908447265625, 134.0766448974609375, -0.1221729889512062, 0, 0, -0.06104850769042968, 0.998134791851043701, 259200, 259200, 100, 1), -- Dreamfoil
(@OGUID+200, 180168, 309, -12396.8, -1835.81, 132.798, 5.88176, 0, 0, -0.199367, 0.979925, 259200, 259200, 100, 1), -- Dreamfoil
(@OGUID+201, 180168, 309, -11650, -1890.45, 57.2409, 5.46288, 0, 0, -0.398748, 0.91706, 259200, 259200, 100, 1), -- Dreamfoil
(@OGUID+202, 180168, 309, -11576.4, -1314.08, 80.0355, 0.610863, 0, 0, 0.300705, 0.953717, 259200, 259200, 100, 1), -- Dreamfoil
(@OGUID+203, 180168, 309, -11857, -1854.94, 63.8638, 0.506145, 0, 0, 0.25038, 0.968148, 259200, 259200, 100, 1), -- Dreamfoil
(@OGUID+204, 180168, 309, -11517.21484375, -1688.4107666015625, 51.14802932739257812, -2.79251837730407714, 0, 0, -0.98480701446533203, 0.173652306199073791, 259200, 259200, 100, 1), -- Dreamfoil
(@OGUID+205, 180168, 309, -12236.5, -1472.11, 130.657, 4.50295, 0, 0, -0.777145, 0.629321, 259200, 259200, 100, 1), -- Dreamfoil
(@OGUID+206, 180168, 309, -11543.5, -1548.46, 51.7261, 5.02655, 0, 0, -0.587785, 0.809017, 259200, 259200, 100, 1), -- Dreamfoil
(@OGUID+207, 180168, 309, -12059.7, -1443.07, 130.177, 3.45576, 0, 0, -0.987688, 0.156436, 259200, 259200, 100, 1), -- Dreamfoil
-- 208 - 210
(@OGUID+211, 0, 309, -11518.228515625, -1693.0625, 52.48497390747070312, 1.029743075370788574, 0, 0, 0.492423057556152343, 0.870355963706970214, 259200, 259200, 100, 1), -- Jinxed Hoodoo Pile
(@OGUID+212, 0, 309, -12382.435546875, -1919.368896484375, 131.5534210205078125, -2.84488272666931152, 0, 0, -0.98901557922363281, 0.147811368107795715, 259200, 259200, 100, 1), -- Jinxed Hoodoo Pile
(@OGUID+213, 0, 309, -12376.189453125, -1661.066162109375, 132.8642425537109375, 1.431168079376220703, 0, 0, 0.656058311462402343, 0.754710197448730468, 259200, 259200, 100, 1), -- Jinxed Hoodoo Pile
(@OGUID+214, 0, 309, -12155.8818359375, -1960.3697509765625, 133.1110687255859375, -2.63544416427612304, 0, 0, -0.96814727783203125, 0.250381410121917724, 259200, 259200, 100, 1), -- Jinxed Hoodoo Pile
(@OGUID+215, 0, 309, -12358.32421875, -1939.73095703125, 132.353057861328125, 0.104719325900077819, 0, 0, 0.052335739135742187, 0.998629570007324218, 259200, 259200, 100, 1), -- Jinxed Hoodoo Pile
(@OGUID+216, 0, 309, -11542.681640625, -1544.9483642578125, 51.77915191650390625, -0.7853967547416687, 0, 0, -0.38268280029296875, 0.923879802227020263, 259200, 259200, 100, 1), -- Jinxed Hoodoo Pile
(@OGUID+217, 0, 309, -11555.998046875, -1725.953125, 39.72829818725585937, 0.942476630210876464, 0, 0, 0.453989982604980468, 0.891006767749786376, 259200, 259200, 100, 1), -- Jinxed Hoodoo Pile
(@OGUID+218, 0, 309, -11742.3203125, -1930.49609375, 56.91274642944335937, 1.623155713081359863, 0, 0, 0.725374221801757812, 0.688354730606079101, 259200, 259200, 100, 1), -- Jinxed Hoodoo Pile
(@OGUID+219, 0, 309, -11638.3564453125, -1882.9140625, 57.31586456298828125, -2.42600250244140625, 0, 0, -0.93667125701904296, 0.350209832191467285, 259200, 259200, 100, 1), -- Jinxed Hoodoo Pile
(@OGUID+220, 0, 309, -11452.888671875, -1613.9444580078125, 49.03480148315429687, 2.530723094940185546, 0, 0, 0.953716278076171875, 0.300707906484603881, 259200, 259200, 100, 1), -- Jinxed Hoodoo Pile
(@OGUID+221, 0, 309, -11526.3486328125, -1479.7432861328125, 78.02657318115234375, -1.15191733837127685, 0, 0, 0.544639050960540771, -0.83867055177688598, 259200, 259200, 100, 1), -- Jinxed Hoodoo Pile
(@OGUID+222, 0, 309, -11810.1142578125, -1882.40283203125, 46.07453536987304687, -2.44346022605895996, 0, 0, -0.93969249725341796, 0.34202045202255249, 259200, 259200, 100, 1), -- Jinxed Hoodoo Pile
(@OGUID+223, 0, 309, -11594.6533203125, -1216.6636962890625, 81.3684539794921875, 0.331612557172775268, 0, 0, 0.165047600865364074, 0.986285626888275146, 259200, 259200, 100, 1), -- Jinxed Hoodoo Pile
(@OGUID+224, 0, 309, -11539.875, -1247.64013671875, 78.517669677734375, 3.001966238021850585, 0, 0, 0.997564077377319335, 0.069756507873535156, 259200, 259200, 100, 1), -- Jinxed Hoodoo Pile
(@OGUID+225, 0, 309, -11781.8701171875, -1621.9085693359375, 21.14900398254394531, -3.12412309646606445, 0, 0, -0.99996185302734375, 0.008734640665352344, 259200, 259200, 100, 1), -- Jinxed Hoodoo Pile
(@OGUID+226, 0, 309, -12357.8701171875, -1836.308837890625, 130.8646392822265625, 0.453785032033920288, 0, 0, 0.224950790405273437, 0.974370121955871582, 259200, 259200, 100, 1), -- Jinxed Hoodoo Pile
(@OGUID+227, 0, 309, -11974.7861328125, -1474.543701171875, 79.98345184326171875, 2.932138919830322265, 0, 0, 0.994521141052246093, 0.104535527527332305, 259200, 259200, 100, 1), -- Jinxed Hoodoo Pile
-- 228 - 229
-- Zul'Gurub & Altar of Hir'eek - 1
(@OGUID+230, 180215, 309, -11994.2, -1458.62, 83.1144, 5.044, 0, 0, -0.580703, 0.814116, 259200, 259200, 100, 1), -- Hakkari Thorium Vein
(@OGUID+231, 180215, 309, -12063.5, -1437.4, 130.23, 1.25664, 0, 0, 0.587785, 0.809017, 259200, 259200, 100, 1), -- Hakkari Thorium Vein
(@OGUID+232, 180215, 309, -12241.8525390625, -1488.2923583984375, 131.5126495361328125, 1.588249683380126953, 0, 0, 0.713250458240509033, 0.700909256935119628, 259200, 259200, 100, 1), -- Hakkari Thorium Vein
(@OGUID+233, 180215, 309, -12310.1, -1465.36, 130.6, 3.9619, 0, 0, -0.91706, 0.39875, 259200, 259200, 100, 1), -- Hakkari Thorium Vein
-- Hakkari Grounds - 2
(@OGUID+234, 180215, 309, -12406.4, -1838, 135.3, 1.52754, 0, 0, 0, 0, 259200, 259200, 100, 1), -- Hakkari Thorium Vein						//xyz guessed
(@OGUID+235, 180215, 309, -12145.4, -1941.74, 134.893, 1.8675, 0, 0, 0.803857, 0.594823, 259200, 259200, 100, 1), -- Hakkari Thorium Vein
(@OGUID+236, 180215, 309, -12177.3, -1910.15, 130.807, 1.93731, 0, 0, 0.824125, 0.566408, 259200, 259200, 100, 1), -- Hakkari Thorium Vein
(@OGUID+237, 180215, 309, -12398.2, -1934.43, 133.233, 0.733038, 0, 0, 0.358368, 0.933581, 259200, 259200, 100, 1), -- Hakkari Thorium Vein
-- Zanza's Rise & Zul'Gurub - 3
(@OGUID+238, 180215, 309, -11998.046875, -1843.457275390625, 60.41311264038085937, -0.41887885332107543, 0, 0, 0.207911610603332519, -0.97814762592315673, 259200, 259200, 100, 1), -- Hakkari Thorium Vein
(@OGUID+239, 180215, 309, -11927.7021484375, -1756.9566650390625, 50.15846633911132812, 3.141592741012573242, 0, 0, 1, -0.00000004371138828, 259200, 259200, 100, 1), -- Hakkari Thorium Vein
(@OGUID+240, 180215, 309, -11803.5, -1905.71, 52.927, 2.54818, 0, 0, 0.956305, 0.292372, 259200, 259200, 100, 1), -- Hakkari Thorium Vein
(@OGUID+241, 180215, 309, -11546.4, -1745.06, 40.1541, 1.3439, 0, 0, 0.622514, 0.782609, 259200, 259200, 100, 1), -- Hakkari Thorium Vein
-- Zul'Gurub & The Bloodfire Pit - 4
(@OGUID+242, 180215, 309, -11647.4, -1476.96, 50.3857, 4.31097, 0, 0, -0.833885, 0.551938, 259200, 259200, 100, 1), -- Hakkari Thorium Vein
(@OGUID+243, 180215, 309, -11549.5, -1489.06, 73.2133, 3.71755, 0, 0, -0.958819, 0.284016, 259200, 259200, 100, 1), -- Hakkari Thorium Vein
(@OGUID+244, 180215, 309, -11599, -1217.44, 80.3655, 1.72787, 0, 0, 0.760405, 0.649449, 259200, 259200, 100, 1), -- Hakkari Thorium Vein
(@OGUID+245, 180215, 309, -11545.6, -1237.46, 79.2193, 2.37364, 0, 0, 0.927183, 0.374608, 259200, 259200, 100, 1), -- Hakkari Thorium Vein
-- Muddy Churning Waters
(@OGUID+246, 180369, 309, -11780.9853515625, -1425.22509765625, 10.46028041839599609, -0.73303824663162231, 0, 0, 0.358367919921875, -0.93358045816421508, 259200, 259200, 100, 1), -- Muddy Churning Waters - zg
(@OGUID+247, 180369, 309, -11841.12109375, -1506.41796875, 10.46028041839599609, -0.92502433061599731, 0, 0, 0.446197748184204101, -0.89493441581726074, 259200, 259200, 100, 1), -- Muddy Churning Waters - aotbg
(@OGUID+248, 180369, 309, -11899.955078125, -1479.853515625, 10.46028041839599609, -1.62315630912780761, 0, 0, 0.725374400615692138, -0.6883544921875, 259200, 259200, 100, 1), -- Muddy Churning Waters - zg
(@OGUID+249, 180369, 309, -11680.2138671875, -1659.739013671875, 10.46028041839599609, 1.29154360294342041, 0, 0, 0.601814985275268554, 0.798635542392730712, 259200, 259200, 100, 1), -- Muddy Churning Waters - aotbg
(@OGUID+250, 180369, 309, -11890.2, -1714.73, 10.4603, 2.96704, 0, 0, 0.996194, 0.087165, 259200, 259200, 100, 1), -- Muddy Churning Waters - aotbg
(@OGUID+251, 180369, 309, -11887.7, -1643.9, 10.4603, 3.87463, 0, 0, -0.93358, 0.358368, 259200, 259200, 100, 1), -- Muddy Churning Waters - aotbg
(@OGUID+252, 180369, 309, -11700.5087890625, -1746.4871826171875, 10.46028041839599609, -2.72271275520324707, 0, 0, -0.97814750671386718, 0.207912087440490722, 259200, 259200, 100, 1), -- Muddy Churning Waters - pp
-- 253 - 259
(@OGUID+260, 180366, 309, -11698.146484375, -1771.4991455078125, 12.55782794952392578, -2.93215298652648925, 0, 0, 0.994521915912628173, -0.10452850908041, 600, 600, 100, 1), -- Battered Tackle Box
(@OGUID+261, 180392, 309, -11693.3349609375, -1765.30908203125, 12.59231376647949218, 0.733038246631622314, 0, 0, 0.358367949724197387, 0.933580398559570312, 10, 10, 100, 1), -- Full Jug
(@OGUID+262, 180392, 309, -11696.25390625, -1771.701171875, 12.592315673828125, -0.97738438844680786, 0, 0, 0.469471573829650878, -0.88294756412506103, 10, 10, 100, 1), -- Full Jug
(@OGUID+263, 180392, 309, -11700.4970703125, -1769.894287109375, 12.34756183624267578, -1.93731522560119628, 0, 0, 0.824126124382019042, -0.56640630960464477, 10, 10, 100, 1), -- Full Jug
(@OGUID+264, 180392, 309, -11698.509765625, -1775.004150390625, 12.5728006362915039, 1.466076612472534179, 0, 0, 0.669130623340606689, 0.743144810199737548, 10, 10, 100, 1), -- Full Jug
(@OGUID+265, 180392, 309, -11687.341796875, -1785.8621826171875, 12.59230995178222656, -0.82030475139617919, 0, 0, 0.398749053478240966, -0.91706007719039916, 10, 10, 100, 1), -- Full Jug
(@OGUID+266, 180392, 309, -11691.837890625, -1769.1810302734375, 12.592315673828125, -2.2165684700012207, 0, 0, 0.894934415817260742, -0.4461977481842041, 10, 10, 100, 1), -- Full Jug
(@OGUID+267, 180392, 309, -11686.6748046875, -1786.2242431640625, 12.59230995178222656, -2.80998015403747558, 0, 0, 0.986285626888275146, -0.16504754126071929, 10, 10, 100, 1), -- Full Jug
(@OGUID+268, 180392, 309, -11691.6611328125, -1769.886474609375, 12.592315673828125, 2.600540637969970703, 0, 0, 0.963630437850952148, 0.267238348722457885, 10, 10, 100, 1), -- Full Jug
(@OGUID+269, 180392, 309, -11692.1767578125, -1769.6417236328125, 12.592315673828125, 0.523598790168762207, 0, 0, 0.258819043636322021, 0.965925812721252441, 10, 10, 100, 1), -- Full Jug
(@OGUID+270, 180386, 309, -11516.2421875, -1648.1376953125, 49.53345108032226562, 1.666788697242736816, 0, 0, 0.740217864513397216, 0.6723671555519104, 600, 600, 100, 1), -- Gong
(@OGUID+271, 180497, 309, -11501.8935546875, -1614.798828125, 44.57218170166015625, 1.57952284812927246, 0, 0, 0.710185348987579345, 0.704014778137207031, 600, 600, 100, 0), -- Forcefield
(@OGUID+272, 180526, 309, -11569.19921875, -1627.87451171875, 41.27669906616210937, 0.008725880645215511, 0, 0, 0.004362926352769136, 0.999990463256835937, 600, 600, 100, 1); -- Gong of Bethekk

INSERT INTO `gameobject_spawn_entry` (`guid`, `entry`) SELECT `guid`, 180228 FROM `gameobject` WHERE `guid` BETWEEN @OGUID+211 AND @OGUID+227; -- Jinxed Hoodoo Pile
INSERT INTO `gameobject_spawn_entry` (`guid`, `entry`) SELECT `guid`, 180229 FROM `gameobject` WHERE `guid` BETWEEN @OGUID+211 AND @OGUID+227; -- Jinxed Hoodoo Pile

-- ======
-- EVENTS
-- ======

-- INSERT INTO `game_event_creature` (`guid`, `event`) VALUES
-- INSERT INTO `game_event_creature_data` (`guid`, `entry_id`, `modelid`, `equipment_id`, `spell_start`, `spell_end`, `event`) VALUES
-- INSERT INTO `game_event_gameobject` (`guid`, `event`) VALUES

-- =======
-- POOLING
-- =======

-- INSERT INTO `pool_pool` (`pool_id`, `mother_pool`, `chance`, `description`) VALUES

INSERT INTO `pool_template` (`entry`, `max_limit`, `description`) VALUES
(@PGUID+51, 1, 'Zul''Gurub - Hakkari Thorium Vein (180215) #1'),
(@PGUID+52, 1, 'Zul''Gurub - Hakkari Thorium Vein (180215) #2'),
(@PGUID+53, 1, 'Zul''Gurub - Hakkari Thorium Vein (180215) #3'),
(@PGUID+54, 1, 'Zul''Gurub - Hakkari Thorium Vein (180215) #4'),
(@PGUID+61, 2, 'Zul''Gurub - Sungrass (180164)'),
(@PGUID+62, 3, 'Zul''Gurub - Purple Lotus (180165)'),
(@PGUID+63, 4, 'Zul''Gurub - Mountain Silversage (180166)'),
(@PGUID+64, 5, 'Zul''Gurub - Golden Sansam (180167)'),
(@PGUID+65, 5, 'Zul''Gurub - Dreamfoil (180168)'),
(@PGUID+71, 4, 'Zul''Gurub - Muddy Churning Waters (180369)'),
(@PGUID+81, 6, 'Zul''Gurub - Full Jug (180392)');

-- INSERT INTO `pool_creature` (`guid`, `pool_entry`, `chance`, `description`) VALUES
-- INSERT INTO `pool_creature_template` (`id`, `pool_entry`, `chance`, `description`) VALUES

INSERT INTO `pool_gameobject` (`guid`, `pool_entry`, `chance`, `description`) VALUES
(@OGUID+230, @PGUID+51, 0, 'Zul''Gurub - Hakkari Thorium Vein (180215)'),
(@OGUID+231, @PGUID+51, 0, 'Zul''Gurub - Hakkari Thorium Vein (180215)'),
(@OGUID+232, @PGUID+51, 0, 'Zul''Gurub - Hakkari Thorium Vein (180215)'),
(@OGUID+233, @PGUID+51, 0, 'Zul''Gurub - Hakkari Thorium Vein (180215)'),
(@OGUID+234, @PGUID+52, 0, 'Zul''Gurub - Hakkari Thorium Vein (180215)'),
(@OGUID+235, @PGUID+52, 0, 'Zul''Gurub - Hakkari Thorium Vein (180215)'),
(@OGUID+236, @PGUID+52, 0, 'Zul''Gurub - Hakkari Thorium Vein (180215)'),
(@OGUID+237, @PGUID+52, 0, 'Zul''Gurub - Hakkari Thorium Vein (180215)'),
(@OGUID+238, @PGUID+53, 0, 'Zul''Gurub - Hakkari Thorium Vein (180215)'),
(@OGUID+239, @PGUID+53, 0, 'Zul''Gurub - Hakkari Thorium Vein (180215)'),
(@OGUID+240, @PGUID+53, 0, 'Zul''Gurub - Hakkari Thorium Vein (180215)'),
(@OGUID+241, @PGUID+53, 0, 'Zul''Gurub - Hakkari Thorium Vein (180215)'),
(@OGUID+242, @PGUID+54, 0, 'Zul''Gurub - Hakkari Thorium Vein (180215)'),
(@OGUID+243, @PGUID+54, 0, 'Zul''Gurub - Hakkari Thorium Vein (180215)'),
(@OGUID+244, @PGUID+54, 0, 'Zul''Gurub - Hakkari Thorium Vein (180215)'),
(@OGUID+245, @PGUID+54, 0, 'Zul''Gurub - Hakkari Thorium Vein (180215)');

INSERT INTO `pool_gameobject_template` (`id`, `pool_entry`, `chance`, `description`) VALUES
(180164, @PGUID+61, 0, 'Zul''Gurub - Sungrass (180164)'),
(180165, @PGUID+62, 0, 'Zul''Gurub - Purple Lotus (180165)'),
(180166, @PGUID+63, 0, 'Zul''Gurub - Mountain Silversage (180166)'),
(180167, @PGUID+64, 0, 'Zul''Gurub - Golden Sansam (180167)'),
(180168, @PGUID+65, 0, 'Zul''Gurub - Dreamfoil (180168)'),
(180369, @PGUID+71, 0, 'Zul''Gurub - Muddy Churning Waters (180369)'),
(180392, @PGUID+81, 0, 'Zul''Gurub - Full Jug (180392)');

-- ============
-- SPAWN GROUPS
-- ============

INSERT INTO `spawn_group` (`Id`, `Name`, `Type`, `MaxCount`, `WorldState`, `Flags`) VALUES
(@GROUP_ID+0, 'Zul\'Gurub - Razzashi Serpent | Razzashi Adder (2) Patrol 000', '0', '0', '0', '1'),
(@GROUP_ID+1, 'Zul\'Gurub - Razzashi Serpent | Razzashi Adder (2) Patrol 001', '0', '0', '0', '1'),
(@GROUP_ID+2, 'Zul\'Gurub - Gurubashi Axe Thrower | Hakkari Priest (2) Patrol 000', '0', '0', '0', '1'),
(@GROUP_ID+3, 'Zul\'Gurub - Gurubashi Berserker (1) Patrol 000', '0', '0', '0', '0'),
(@GROUP_ID+4, 'Zul\'Gurub - Razzashi Serpent | Razzashi Adder (2) Patrol 002', '0', '0', '0', '1'),
(@GROUP_ID+5, 'Zul\'Gurub - Mad Servant (3) Patrol 000', '0', '0', '0', '1'),
(@GROUP_ID+6, 'Zul\'Gurub - Mad Servant (3) Patrol 001', '0', '0', '0', '1'),
(@GROUP_ID+7, 'Zul\'Gurub - Gurubashi Berserker (1) Patrol 001', '0', '0', '0', '0');

-- INSERT INTO `spawn_group_entry` (`Id`, `Entry`, `MinCount`, `MaxCount`, `Chance`) VALUES

INSERT INTO `spawn_group_spawn` (`Id`, `Guid`, `SlotId`) VALUES
(@GROUP_ID+0, @CGUID+468, 0), -- Razzashi Serpent, Razzashi Adder
(@GROUP_ID+0, @CGUID+437, 1), -- Razzashi Serpent, Razzashi Adder
(@GROUP_ID+1, @CGUID+487, 0), -- Razzashi Serpent, Razzashi Adder
(@GROUP_ID+1, @CGUID+460, 1), -- Razzashi Serpent, Razzashi Adder
(@GROUP_ID+2, @CGUID+148, 0), -- Gurubashi Axe Thrower
(@GROUP_ID+2, @CGUID+546, 1), -- Gurubashi Axe Thrower, Hakkari Priest
(@GROUP_ID+3, @CGUID+181, 0), -- Gurubashi Berserker
(@GROUP_ID+4, @CGUID+450, 0), -- Razzashi Serpent, Razzashi Adder
(@GROUP_ID+4, @CGUID+451, 1), -- Razzashi Serpent, Razzashi Adder
(@GROUP_ID+5, @CGUID+822, 0), -- Mad Servant
(@GROUP_ID+5, @CGUID+823, 1), -- Mad Servant
(@GROUP_ID+5, @CGUID+824, 2), -- Mad Servant
(@GROUP_ID+6, @CGUID+819, 0), -- Mad Servant
(@GROUP_ID+6, @CGUID+820, 1), -- Mad Servant
(@GROUP_ID+6, @CGUID+821, 2), -- Mad Servant
(@GROUP_ID+7, @CGUID+188, 0); -- Gurubashi Berserker

INSERT INTO `spawn_group_formation` (`Id`, `FormationType`, `FormationSpread`, `FormationOptions`, `PathId`, `MovementType`, `Comment`) VALUES
(@GROUP_ID+0, '2', '2', '0', @PATH_ID+0, 4, 'Zul\'Gurub - Razzashi Serpent | Razzashi Adder (2) Patrol 000'),
(@GROUP_ID+1, '2', '2', '0', @PATH_ID+1, 4, 'Zul\'Gurub - Razzashi Serpent | Razzashi Adder (2) Patrol 001'),
(@GROUP_ID+2, '2', '2', '0', @PATH_ID+2, 4, 'Zul\'Gurub - Gurubashi Axe Thrower | Hakkari Priest (2) Patrol 000'),
(@GROUP_ID+4, '2', '2', '0', @PATH_ID+4, 4, 'Zul\'Gurub - Razzashi Serpent | Razzashi Adder (2) Patrol 002'),
(@GROUP_ID+5, '1', '3', '0', @PATH_ID+5, 2, 'Zul\'Gurub - Mad Servant (3) Patrol 000'),
(@GROUP_ID+6, '1', '3', '0', @PATH_ID+6, 2, 'Zul\'Gurub - Mad Servant (3) Patrol 001');

INSERT INTO `waypoint_path_name` (`PathId`, `Name`) VALUES
(@PATH_ID+0,'Zul\'Gurub - Razzashi Serpent | Razzashi Adder (2) Patrol 000'),
(@PATH_ID+1,'Zul\'Gurub - Razzashi Serpent | Razzashi Adder (2) Patrol 001'),
(@PATH_ID+2,'Zul\'Gurub - Gurubashi Axe Thrower | Hakkari Priest (2) Patrol 000'),
(@PATH_ID+4,'Zul\'Gurub - Razzashi Serpent | Razzashi Adder (2) Patrol 002'),
(@PATH_ID+5,'Zul\'Gurub - Mad Servant (3) Patrol 000'),
(@PATH_ID+6,'Zul\'Gurub - Mad Servant (3) Patrol 001');

INSERT INTO `waypoint_path` (`PathId`, `Point`, `PositionX`, `PositionY`, `PositionZ`, `Orientation`, `WaitTime`, `ScriptId`) VALUES
(@PATH_ID+0, 01, -11863.7529296875, -1313.4700927734375, 78.72680664062500000, 100, 0, 0),
(@PATH_ID+0, 02, -11874.8427734375, -1325.8515625000000, 78.68711090087890625, 100, 0, 0),
(@PATH_ID+0, 03, -11888.3642578125, -1338.8316650390625, 74.93051910400390625, 100, 0, 0),
(@PATH_ID+0, 04, -11904.7236328125, -1344.1304931640625, 75.75994873046875000, 100, 0, 0),
(@PATH_ID+0, 05, -11905.3798828125, -1360.0091552734375, 70.85076904296875000, 100, 0, 0),
(@PATH_ID+0, 06, -11901.8798828125, -1377.7012939453125, 68.11927032470703125, 100, 0, 0),
(@PATH_ID+0, 07, -11884.8662109375, -1380.3492431640625, 66.02857208251953125, 100, 0, 0),
(@PATH_ID+0, 08, -11880.4785156250, -1399.4224853515625, 62.97412872314453125, 100, 0, 0),
(@PATH_ID+0, 09, -11878.0380859375, -1407.8879394531250, 62.20181655883789062, 100, 0, 0),
(@PATH_ID+0, 10, -11894.9189453125, -1416.4415283203125, 57.01041030883789062, 100, 0, 0),
(@PATH_ID+0, 11, -11921.1582031250, -1428.7435302734375, 46.96670150756835937, 100, 0, 0),
(@PATH_ID+1, 01, -11952.9814453125, -1647.8049316406250, 39.70005416870117187, 100, 0, 0),
(@PATH_ID+1, 02, -11970.9707031250, -1640.5399169921875, 35.77315521240234375, 100, 0, 0),
(@PATH_ID+1, 03, -11993.2060546875, -1638.6372070312500, 34.66548919677734375, 100, 0, 0),
(@PATH_ID+1, 04, -12013.4970703125, -1648.2031250000000, 37.28478240966796875, 100, 0, 0),
(@PATH_ID+1, 05, -12023.0908203125, -1633.9068603515625, 38.15856170654296875, 100, 0, 0),
(@PATH_ID+1, 06, -12040.6669921875, -1640.4401855468750, 40.75350952148437500, 100, 0, 0),
(@PATH_ID+1, 07, -12053.6796875000, -1652.7510986328125, 43.13998413085937500, 100, 0, 0),
(@PATH_ID+1, 08, -12060.9423828125, -1668.3537597656250, 42.78941345214843750, 100, 0, 0),
(@PATH_ID+1, 09, -12075.1367187500, -1685.3599853515625, 44.99190139770507812, 100, 0, 0),
(@PATH_ID+1, 10, -12083.7539062500, -1694.3140869140625, 47.72725296020507812, 100, 0, 0),
(@PATH_ID+1, 11, -12081.1992187500, -1711.9125976562500, 50.00900650024414062, 100, 0, 0),
(@PATH_ID+1, 12, -12064.3251953125, -1723.6597900390625, 48.64299011230468750, 100, 0, 0),
(@PATH_ID+1, 13, -12057.3388671875, -1734.9985351562500, 51.70101547241210937, 100, 0, 0),
(@PATH_ID+1, 14, -12041.8056640625, -1740.7376708984375, 53.11239242553710937, 100, 0, 0),
(@PATH_ID+1, 15, -12029.7939453125, -1759.5935058593750, 56.70807647705078125, 100, 0, 0),
(@PATH_ID+1, 16, -12027.4267578125, -1770.7994384765625, 57.35953903198242187, 100, 0, 0),
(@PATH_ID+2, 01, -12047.3779296875, -1730.9136962890625, 50.61271667480468750, 100, 0, 0),
(@PATH_ID+2, 02, -12060.6816406250, -1706.4212646484375, 45.02653503417968750, 100, 0, 0),
(@PATH_ID+2, 03, -12059.0761718750, -1670.9088134765625, 42.50791931152343750, 100, 0, 0),
(@PATH_ID+2, 04, -12041.7695312500, -1650.1911621093750, 40.77352905273437500, 100, 0, 0),
(@PATH_ID+2, 05, -12025.2148437500, -1640.9317626953125, 38.75792694091796875, 100, 0, 0),
(@PATH_ID+2, 06, -12000.1279296875, -1644.0223388671875, 34.70641326904296875, 100, 0, 0),
(@PATH_ID+2, 07, -11968.1445312500, -1647.8521728515625, 35.50362396240234375, 100, 0, 0),
(@PATH_ID+2, 08, -11951.5585937500, -1633.4140625000000, 38.97324752807617187, 100, 0, 0),
(@PATH_ID+2, 09, -11947.8251953125, -1619.8463134765625, 41.20742797851562500, 100, 0, 0),
(@PATH_ID+2, 10, -11945.3076171875, -1590.3101806640625, 36.83780670166015625, 100, 0, 0),
(@PATH_ID+2, 11, -11943.6435546875, -1566.9681396484375, 41.14322280883789062, 100, 0, 0),
(@PATH_ID+2, 12, -11943.1035156250, -1557.1871337890625, 39.79278945922851562, 100, 0, 0),
(@PATH_ID+2, 13, -11947.2548828125, -1542.4146728515625, 39.66778945922851562, 100, 0, 0),
(@PATH_ID+2, 14, -11940.4873046875, -1533.6137695312500, 39.66778945922851562, 100, 0, 0),
(@PATH_ID+2, 15, -11938.0732421875, -1520.2742919921875, 42.86973571777343750, 100, 0, 0),
(@PATH_ID+2, 16, -11927.8134765625, -1477.2751464843750, 32.16494369506835937, 100, 0, 0),
(@PATH_ID+2, 17, -11920.7587890625, -1446.3221435546875, 42.85203552246093750, 100, 0, 0),
(@PATH_ID+2, 18, -11914.9433593750, -1429.7370605468750, 46.97988510131835937, 100, 0, 0),
(@PATH_ID+2, 19, -11898.9667968750, -1416.9801025390625, 55.54922866821289062, 100, 0, 0),
(@PATH_ID+2, 20, -11884.6689453125, -1407.5942382812500, 61.11807632446289062, 100, 0, 0),
(@PATH_ID+2, 21, -11881.2509765625, -1392.7772216796875, 64.10791778564453125, 100, 0, 0),
(@PATH_ID+2, 22, -11884.9316406250, -1366.6773681640625, 69.18042755126953125, 100, 0, 0),
(@PATH_ID+2, 23, -11883.8964843750, -1344.9625244140625, 74.07407379150390625, 100, 0, 0),
(@PATH_ID+2, 24, -11891.5673828125, -1333.3414306640625, 75.76108551025390625, 100, 0, 0),
(@PATH_ID+2, 25, -11900.2197265625, -1322.3067626953125, 77.35015869140625000, 100, 0, 0),
(@PATH_ID+2, 26, -11915.1816406250, -1309.0253906250000, 77.85015869140625000, 100, 0, 0),
(@PATH_ID+4, 01, -11990.6064453125, -1843.1467285156250, 58.96818161010742187, 100, 0, 0),
(@PATH_ID+4, 02, -11988.5332031250, -1816.0250244140625, 58.80046463012695312, 100, 0, 0),
(@PATH_ID+4, 03, -11990.5009765625, -1798.2838134765625, 58.15724563598632812, 100, 0, 0),
(@PATH_ID+4, 04, -11992.6162109375, -1776.3724365234375, 57.82936477661132812, 100, 0, 0),
(@PATH_ID+4, 05, -11992.3447265625, -1765.0465087890625, 56.52746200561523437, 100, 0, 0),
(@PATH_ID+4, 06, -11982.8554687500, -1744.6751708984375, 54.01647567749023437, 100, 0, 0),
(@PATH_ID+4, 07, -11970.2216796875, -1748.2111816406250, 53.05480575561523437, 100, 0, 0),
(@PATH_ID+4, 08, -11968.5029296875, -1770.5247802734375, 54.45021438598632812, 100, 0, 0),
(@PATH_ID+4, 09, -11966.6181640625, -1790.2196044921875, 54.22960281372070312, 100, 0, 0),
(@PATH_ID+4, 10, -11961.9472656250, -1803.9279785156250, 54.60923385620117187, 100, 0, 0),
(@PATH_ID+4, 11, -11938.3281250000, -1819.2622070312500, 52.21226119995117187, 100, 0, 0),
(@PATH_ID+5, 01, -11893.7041015625, -1880.7554931640625, 63.60831832885742187, 100, 0, 0),
(@PATH_ID+5, 02, -11891.0302734375, -1885.1721191406250, 63.60831832885742187, 100, 0, 0),
(@PATH_ID+5, 03, -11885.8535156250, -1884.8515625000000, 63.60831832885742187, 100, 0, 0),
(@PATH_ID+5, 04, -11883.8828125000, -1881.4486083984375, 63.60831832885742187, 100, 0, 0),
(@PATH_ID+5, 05, -11885.8173828125, -1877.1693115234375, 63.60831832885742187, 100, 0, 0),
(@PATH_ID+5, 06, -11891.1093750000, -1875.8903808593750, 63.60831832885742187, 100, 0, 0),
(@PATH_ID+6, 01, -11879.2148437500, -1887.6453857421875, 63.60831832885742187, 100, 0, 0),
(@PATH_ID+6, 02, -11880.9931640625, -1892.7508544921875, 63.60831832885742187, 100, 0, 0),
(@PATH_ID+6, 03, -11877.7763671875, -1896.8364257812500, 63.60831832885742187, 100, 0, 0),
(@PATH_ID+6, 04, -11872.0585937500, -1895.8775634765625, 63.89884567260742187, 100, 0, 0),
(@PATH_ID+6, 05, -11870.7783203125, -1890.4826660156250, 64.42716979980468750, 100, 0, 0),
(@PATH_ID+6, 06, -11874.4931640625, -1886.7122802734375, 64.23136901855468750, 100, 0, 0);

-- =========
-- DBSCRIPTS
-- =========

DELETE FROM `dbscripts_on_creature_movement` WHERE `id` IN (1134001,1134002,1135901,1135902,1135903,1135904,1450701);
INSERT INTO `dbscripts_on_creature_movement` (`id`, `delay`, `command`, `datalong`, `datalong2`, `datalong3`, `buddy_entry`, `search_radius`, `data_flags`, `dataint`, `dataint2`, `dataint3`, `dataint4`, `x`, `y`, `z`, `o`, `comments`) VALUES
(1134001, 0, 28, 8, 0, 0, 0, 0, 0, 0, 0, 0, 0, 0, 0, 0, 0, 'Hakkari Blood Priest - kneel'),
(1134001, 30000, 28, 0, 0, 0, 0, 0, 0, 0, 0, 0, 0, 0, 0, 0, 0, 'Hakkari Blood Priest - stand up'),
(1134001, 30000, 1, 66, 0, 0, 0, 0, 0, 0, 0, 0, 0, 0, 0, 0, 0, 'Hakkari Blood Priest - salute Hakkar'),

(1134002, 0, 28, 8, 0, 0, 0, 0, 0, 0, 0, 0, 0, 0, 0, 0, 0, 'Hakkari Blood Priest - kneel'),
(1134002, 57000, 28, 0, 0, 0, 0, 0, 0, 0, 0, 0, 0, 0, 0, 0, 0, 'Hakkari Blood Priest - stand up'),
(1134002, 57000, 1, 66, 0, 0, 0, 0, 0, 0, 0, 0, 0, 0, 0, 0, 0, 'Hakkari Blood Priest - salute Hakkar'),

(1135901, 1000, 20, 1, 5, 0, 0, 0, 8, 0, 0, 0, 0, 0, 0, 0, 0, 'Soulflayer - random movement after path 1'),
(1135901, 45000, 20, 2, 2, 0, 0, 0, 0, 0, 0, 0, 0, 0, 0, 0, 0, 'Soulflayer - continue on path 2'),

(1135902, 1000, 20, 1, 5, 0, 0, 0, 8, 0, 0, 0, 0, 0, 0, 0, 0, 'Soulflayer - random movement after path 2'),
(1135902, 40000, 20, 2, 1, 0, 0, 0, 0, 0, 0, 0, 0, 0, 0, 0, 0, 'Soulflayer - continue on path 1'),

(1135903, 1000, 20, 1, 5, 0, 0, 0, 8, 0, 0, 0, 0, 0, 0, 0, 0, 'Soulflayer - random movement after path 3'),
(1135903, 30000, 20, 2, 4, 0, 0, 0, 0, 0, 0, 0, 0, 0, 0, 0, 0, 'Soulflayer - continue on path 4'),

(1135904, 1000, 20, 1, 5, 0, 0, 0, 8, 0, 0, 0, 0, 0, 0, 0, 0, 'Soulflayer - random movement after path 4'),
(1135904, 35000, 20, 2, 3, 0, 0, 0, 0, 0, 0, 0, 0, 0, 0, 0, 0, 'Soulflayer - continue on path 3'),

(1450701, 1000, 15, 21157, 0, 0, 0, 0, 0, 0, 0, 0, 0, 0, 0, 0, 0, 'High Priest Venoxis - Cast Dark Channeling');

-- INSERT INTO `dbscripts_on_creature_death` (`id`, `delay`, `command`, `datalong`, `datalong2`, `datalong3`, `buddy_entry`, `search_radius`, `data_flags`, `dataint`, `dataint2`, `dataint3`, `dataint4`, `x`, `y`, `z`, `o`, `comments`) VALUES
-- INSERT INTO `dbscripts_on_go_use` (`id`, `delay`, `command`, `datalong`, `datalong2`, `datalong3`, `buddy_entry`, `search_radius`, `data_flags`, `dataint`, `dataint2`, `dataint3`, `dataint4`, `x`, `y`, `z`, `o`, `comments`) VALUES

INSERT INTO `dbscripts_on_go_template_use` (`id`, `delay`, `priority`, `command`, `datalong`, `datalong2`, `datalong3`, `buddy_entry`, `search_radius`, `data_flags`, `dataint`, `dataint2`, `dataint3`, `dataint4`, `x`, `y`, `z`, `o`, `condition_id`, `comments`) VALUES
(179985, 1000, 0, 10, 15041, 60000, 0, 0, 0, 2, 0, 0, 0, 0, 0, 0, 0, 0, 0, 'Zul''Gurub - Spider Egg - Summon Spawn of Mar''li'),
(180327, 5000, 0, 10, 15082, 259200, 0, 0, 0, 0, 0, 0, 0, 0, -11901.3, -1906.52, 65.36, 0.87, 6029, 'Zul''Gurub - Brazier of Madness - Edge of Madness (Gri''lek)'),
(180327, 5000, 0, 10, 15083, 259200, 0, 0, 0, 0, 0, 0, 0, 0, -11901.3, -1906.52, 65.36, 0.87, 6030, 'Zul''Gurub - Brazier of Madness - Edge of Madness (Hazza''rah)'),
(180327, 5000, 0, 10, 15084, 259200, 0, 0, 0, 0, 0, 0, 0, 0, -11901.3, -1906.52, 65.36, 0.87, 6031, 'Zul''Gurub - Brazier of Madness - Edge of Madness (Renataki)'),
(180327, 5000, 0, 10, 15085, 259200, 0, 0, 0, 0, 0, 0, 0, 0, -11901.3, -1906.52, 65.36, 0.87, 6032, 'Zul''Gurub - Brazier of Madness - Edge of Madness (Wushoolay)');

-- INSERT INTO `dbscripts_on_relay` (`id`, `delay`, `command`, `datalong`, `datalong2`, `datalong3`, `buddy_entry`, `search_radius`, `data_flags`, `dataint`, `dataint2`, `dataint3`, `dataint4`, `x`, `y`, `z`, `o`, `comments`) VALUES
-- INSERT INTO `dbscripts_on_event` (`id`, `delay`, `command`, `datalong`, `datalong2`, `datalong3`, `buddy_entry`, `search_radius`, `data_flags`, `dataint`, `dataint2`, `dataint3`, `dataint4`, `x`, `y`, `z`, `o`, `comments`) VALUES
-- INSERT INTO `dbscripts_on_spell` (`id`, `delay`, `command`, `datalong`, `datalong2`, `datalong3`, `buddy_entry`, `search_radius`, `data_flags`, `dataint`, `dataint2`, `dataint3`, `dataint4`, `x`, `y`, `z`, `o`, `comments`) VALUES
-- INSERT INTO `dbscripts_on_gossip` (`id`, `delay`, `command`, `datalong`, `datalong2`, `datalong3`, `buddy_entry`, `search_radius`, `data_flags`, `dataint`, `dataint2`, `dataint3`, `dataint4`, `x`, `y`, `z`, `o`, `comments`) VALUES
-- INSERT INTO `dbscripts_on_quest_start` (`id`, `delay`, `command`, `datalong`, `datalong2`, `datalong3`, `buddy_entry`, `search_radius`, `data_flags`, `dataint`, `dataint2`, `dataint3`, `dataint4`, `x`, `y`, `z`, `o`, `comments`) VALUES
-- INSERT INTO `dbscripts_on_quest_end` (`id`, `delay`, `command`, `datalong`, `datalong2`, `datalong3`, `buddy_entry`, `search_radius`, `data_flags`, `dataint`, `dataint2`, `dataint3`, `dataint4`, `x`, `y`, `z`, `o`, `comments`) VALUES
-- INSERT INTO `dbscript_random_templates` (`id`, `type`, `target_id`, `chance`, `comments`) VALUES


