/* DBScriptData
DBName: Zul'Gurub
DBScriptName: instance_zulgurub
DB%Complete: 81
DBComment:
* Investigate Muddy Churning Waters (180369) pooling
* Investigate Herb (180164,180165,180166,180167,180168) pooling
* Edge of Madness 4x3 Mad Servant Patrols, out one run on, three others walk (Imp Patrols)
* @GROUP_ID+1001, 'Zul''Gurub - Jinxed Hoodoo Pile (180228,180229) - mincount maxcount?
* Group setups are not completely random, entries and slots should be set combinations
    static and patrolling groups around entrance
        A)  1. Gurubashi Axe Thrower
            2. Gurubashi Axe Thrower
        B)  1. Gurubashi Axe Thrower
            2. Hakkari Priest
    static and patrolling groups around Bat Boss
        A)  1. Gurubashi Headhunter
            2. Gurubashi Headhunter
            3. Hakkari Witch Doctor
        B)  1. Hakkari Witch Doctor
            2. Hakkari Witch Doctor
            3. Gurubashi Headhunter
    static and patrolling groups around Panther Boss
        A)  1. Hakkari Shadow Hunter
            2. Gurubashi Blood Drinker
        B)  1. Gurubashi Axe Thrower
            2. Hakkari Priest
        C)  1. Gurubashi Headhunter
            2. Hakkari Priest
        D)  1. Gurubashi Axe Thrower
            2. Hakkari Witch Doctor
        E)  1. Gurubashi Blood Drinker
            2. Hakkari Witch Doctor
EndDBScriptData */

SET @CGUID := 3090000; -- creatures
SET @OGUID := 3090000; -- gameobjects
SET @PGUID := 46700; -- pools
SET @GROUP_ID := 3090000;
SET @PATH_ID := 3090000;

-- =========
-- CREATURES
-- =========

INSERT INTO `creature_movement` (`id`, `point`, `PositionX`, `PositionY`, `PositionZ`, `orientation`, `waittime`, `ScriptId`) VALUES
(@CGUID+0130, 1, -11835.700195, -1610.337646, 40.745636, 0, 0, 0),
(@CGUID+0130, 2, -11843.541992, -1594.495361, 40.751762, 5.385863, 30000, 0),
(@CGUID+0130, 3, -11835.700195, -1610.337646, 40.745636, 0, 0, 0),
(@CGUID+0130, 4, -11833.859375, -1669.224609, 37.000687, 0, 0, 0),
(@CGUID+0130, 5, -11833.910156, -1687.797241, 40.745869, 0, 0, 0),
(@CGUID+0130, 6, -11839.220703, -1702.403320, 40.748905, 0, 0, 0),
(@CGUID+0130, 7, -11827.687500, -1693.946289, 40.747974, 0, 0, 0),
(@CGUID+0130, 8, -11795.183594, -1693.995483, 52.903801, 0, 0, 0),
(@CGUID+0130, 9, -11791.017578, -1684.056519, 52.883823, 0, 0, 0),
(@CGUID+0130, 10, -11805.194336, -1673.667969, 52.919411, 0.7853981, 33000, 1134001),
(@CGUID+0130, 11, -11791.017578, -1684.056519, 52.883823, 0, 0, 0),
(@CGUID+0130, 12, -11795.183594, -1693.995483, 52.903801, 0, 0, 0),
(@CGUID+0130, 13, -11827.687500, -1693.946289, 40.747974, 0, 0, 0),
(@CGUID+0130, 14, -11839.220703, -1702.403320, 40.748905, 0, 0, 0),
(@CGUID+0130, 15, -11833.910156, -1687.797241, 40.745869, 0, 0, 0),
(@CGUID+0130, 16, -11833.859375, -1669.224609, 37.000687, 0, 0, 0),
(@CGUID+0131, 1, -11738.025391, -1659.748291, 36.999336, 0, 0, 0),
(@CGUID+0131, 2, -11742.348633, -1606.971558, 40.747501, 0, 0, 0),
(@CGUID+0131, 3, -11737.596680, -1593.075928, 40.752407, 4.262742, 30000, 0),
(@CGUID+0131, 4, -11744.348633, -1606.971558, 40.747501, 0, 0, 0),
(@CGUID+0131, 5, -11740.620117, -1627.335815, 37.001595, 0, 0, 0),
(@CGUID+0131, 6, -11738.025391, -1659.748291, 36.999336, 0, 0, 0),
(@CGUID+0131, 7, -11739.377930, -1681.274414, 40.739235, 100, 1000, 0),
(@CGUID+0131, 8, -11740.332031, -1692.514404, 40.748524, 100, 1000, 0),
(@CGUID+0131, 9, -11770.084961, -1691.659302, 52.917057, 0, 0, 0),
(@CGUID+0131, 10, -11780.092773, -1685.940063, 52.887684, 0, 0, 0),
(@CGUID+0131, 11, -11769.211914, -1670.690430, 52.920387, 2.3001194, 60000, 1134002),
(@CGUID+0131, 12, -11780.092773, -1685.940063, 52.887684, 0, 0, 0),
(@CGUID+0131, 13, -11770.084961, -1691.659302, 52.917057, 0, 0, 0),
(@CGUID+0131, 14, -11740.332031, -1692.514404, 40.748524, 0, 0, 0),
(@CGUID+0131, 15, -11739.377930, -1681.274414, 40.739235, 0, 0, 0),
(@CGUID+0181, 01, -11892.4951171875, -1857.2500000000000, 63.026908874511718750, 100, 0, 0),
(@CGUID+0181, 02, -11922.2255859375, -1844.5981445312500, 58.643447875976562500, 100, 0, 0),
(@CGUID+0181, 03, -11943.4892578125, -1843.0251464843750, 56.276336669921875000, 100, 0, 0),
(@CGUID+0181, 04, -11955.5322265625, -1833.0516357421875, 55.080913543701171870, 100, 0, 0),
(@CGUID+0181, 05, -11953.8310546875, -1798.9094238281250, 53.284046173095703120, 100, 0, 0),
(@CGUID+0181, 06, -11956.3964843750, -1766.9594726562500, 53.534046173095703120, 100, 0, 0),
(@CGUID+0181, 07, -11968.8564453125, -1756.7725830078125, 53.229122161865234370, 100, 0, 0),
(@CGUID+0181, 08, -11999.7802734375, -1753.2364501953125, 54.840938568115234370, 100, 0, 0),
(@CGUID+0181, 09, -12033.0712890625, -1750.8511962890625, 55.646064758300781250, 100, 0, 0),
(@CGUID+0181, 10, -12050.4570312500, -1766.3370361328125, 60.718105316162109370, 100, 0, 0),
(@CGUID+0181, 11, -12066.4062500000, -1786.6547851562500, 69.817367553710937500, 100, 0, 0),
(@CGUID+0182, 01, -12232.0986328125, -1935.3337402343750, 130.39581298828125000, 100, 0, 0),
(@CGUID+0182, 02, -12253.3486328125, -1920.6671142578125, 130.39581298828125000, 100, 0, 0),
(@CGUID+0182, 03, -12277.6542968750, -1913.2064208984375, 130.35830688476562500, 100, 0, 0),
(@CGUID+0182, 04, -12292.0078125000, -1899.5505371093750, 130.28303527832031250, 100, 0, 0),
(@CGUID+0182, 05, -12302.6640625000, -1882.1113281250000, 130.38537597656250000, 100, 0, 0),
(@CGUID+0182, 06, -12308.5781250000, -1866.2955322265625, 130.38160705566406250, 100, 0, 0),
(@CGUID+0182, 07, -12321.7617187500, -1855.7916259765625, 130.38160705566406250, 100, 0, 0),
(@CGUID+0182, 08, -12319.3007812500, -1837.3278808593750, 130.38160705566406250, 100, 0, 0),
(@CGUID+0182, 09, -12333.0068359375, -1831.8125000000000, 130.38160705566406250, 100, 0, 0),
(@CGUID+0182, 10, -12316.5126953125, -1835.5278320312500, 130.38160705566406250, 100, 0, 0),
(@CGUID+0182, 11, -12304.3164062500, -1828.3707275390625, 130.38160705566406250, 100, 0, 0),
(@CGUID+0182, 12, -12291.6552734375, -1821.4000244140625, 130.38537597656250000, 100, 0, 0),
(@CGUID+0182, 13, -12321.2011718750, -1840.0312500000000, 130.38160705566406250, 100, 0, 0),
(@CGUID+0182, 14, -12326.5419921875, -1865.9154052734375, 130.38160705566406250, 100, 0, 0),
(@CGUID+0182, 15, -12333.9667968750, -1876.9497070312500, 130.30839538574218750, 100, 0, 0),
(@CGUID+0182, 16, -12345.7744140625, -1883.2954101562500, 130.30839538574218750, 100, 0, 0),
(@CGUID+0182, 17, -12357.8662109375, -1904.3062744140625, 130.47470092773437500, 100, 0, 0),
(@CGUID+0183, 1, -12100.7, -1478.6, 128.777, 0, 0, 0),
(@CGUID+0183, 2, -12081.9, -1478.66, 115.191, 0, 0, 0),
(@CGUID+0183, 3, -12061.4, -1478.62, 96.7433, 0, 0, 0),
(@CGUID+0183, 4, -12047.9, -1478.67, 85.3339, 0, 0, 0),
(@CGUID+0183, 5, -12043.7, -1479.09, 82.8398, 0, 0, 0),
(@CGUID+0183, 6, -12033.4, -1483.15, 80.0855, 0, 0, 0),
(@CGUID+0183, 7, -12025.4, -1500.97, 77.2523, 0, 0, 0),
(@CGUID+0183, 8, -12026.8, -1511.1, 74.7618, 0, 0, 0),
(@CGUID+0183, 9, -12016.7, -1516.81, 68.7344, 0, 0, 0),
(@CGUID+0183, 10, -11998.2, -1519.4, 57.982, 0, 0, 0),
(@CGUID+0183, 11, -11977.9, -1522.16, 45.8973, 0, 0, 0),
(@CGUID+0183, 12, -11960.7, -1529.38, 40.4502, 0, 0, 0),
(@CGUID+0183, 13, -11945, -1541.14, 39.5946, 0, 0, 0),
(@CGUID+0183, 14, -11960.9, -1527.12, 40.631, 0, 0, 0),
(@CGUID+0183, 15, -11968.2, -1525.47, 42.4912, 0, 0, 0),
(@CGUID+0183, 16, -11986.6, -1522.15, 50.431, 0, 0, 0),
(@CGUID+0183, 17, -12006.4, -1519.31, 62.7144, 0, 0, 0),
(@CGUID+0183, 18, -12020.3, -1517.32, 70.7796, 0, 0, 0),
(@CGUID+0183, 19, -12029.1, -1505.31, 76.7859, 0, 0, 0),
(@CGUID+0183, 20, -12028.7, -1485.79, 79.7765, 0, 0, 0),
(@CGUID+0183, 21, -12040.9, -1478.23, 81.4759, 0, 0, 0),
(@CGUID+0183, 22, -12049.5, -1478.19, 86.4478, 0, 0, 0),
(@CGUID+0183, 23, -12065.3, -1478.53, 100.228, 0, 0, 0),
(@CGUID+0183, 24, -12073.8, -1478.59, 108.016, 0, 0, 0),
(@CGUID+0183, 25, -12086.8, -1478.22, 118.872, 0, 0, 0),
(@CGUID+0183, 26, -12100.8, -1477.74, 128.861, 0, 0, 0),
(@CGUID+0188, 01, -11804.3564453125, -1849.8797607421875, 47.52538681030273437, 100, 0, 0),
(@CGUID+0188, 02, -11818.4921875000, -1834.6610107421875, 50.14477157592773437, 100, 0, 0),
(@CGUID+0188, 03, -11831.5546875000, -1812.5004882812500, 51.02405548095703125, 100, 0, 0),
(@CGUID+0188, 04, -11865.9501953125, -1811.2943115234375, 51.13472366333007812, 100, 0, 0),
(@CGUID+0188, 05, -11901.0634765625, -1811.8311767578125, 51.26236343383789062, 100, 0, 0),
(@CGUID+0188, 06, -11931.6074218750, -1808.4896240234375, 51.38736343383789062, 100, 0, 0),
(@CGUID+0188, 07, -11954.1220703125, -1805.8005371093750, 52.85972213745117187, 100, 0, 0),
(@CGUID+0188, 08, -11957.2587890625, -1768.3781738281250, 53.47520828247070312, 100, 0, 0),
(@CGUID+0188, 09, -11977.5214843750, -1753.1750488281250, 52.67980575561523437, 100, 0, 0),
(@CGUID+0189, 01, -11722.9267578125, -1348.5725097656250, 62.35512542724609375, 100, 0, 0),
(@CGUID+0189, 02, -11700.5332031250, -1372.3569335937500, 61.43305969238281250, 100, 0, 0),
(@CGUID+0189, 03, -11675.1611328125, -1399.8482666015625, 59.26188659667968750, 100, 0, 0),
(@CGUID+0189, 04, -11653.1669921875, -1416.7814941406250, 58.61125564575195312, 100, 0, 0),
(@CGUID+0189, 05, -11632.6464843750, -1431.4254150390625, 58.60837173461914062, 100, 0, 0),
(@CGUID+0189, 06, -11615.4980468750, -1437.1557617187500, 57.98181152343750000, 100, 0, 0),
(@CGUID+0189, 07, -11612.5722656250, -1464.4951171875000, 51.47448730468750000, 100, 0, 0),
(@CGUID+0189, 08, -11615.5576171875, -1424.1492919921875, 60.59201431274414062, 100, 0, 0),
(@CGUID+0189, 09, -11613.9238281250, -1386.1484375000000, 70.39424896240234375, 100, 0, 0),
(@CGUID+0189, 10, -11613.2001953125, -1367.2427978515625, 75.62447357177734375, 100, 0, 0),
(@CGUID+0190, 1, -12182.7, -1680.53, 104.765, 0, 0, 0),
(@CGUID+0190, 2, -12194.8, -1680.38, 111.035, 0, 0, 0),
(@CGUID+0190, 3, -12228.3, -1680.66, 126.691, 0, 0, 0),
(@CGUID+0190, 4, -12211.5, -1680.84, 119.025, 0, 0, 0),
(@CGUID+0190, 5, -12181.3, -1681.58, 103.956, 0, 0, 0),
(@CGUID+0190, 6, -12154.7, -1680.87, 90.4194, 0, 0, 0),
(@CGUID+0190, 7, -12134.1, -1681.52, 82.1459, 0, 0, 0),
(@CGUID+0190, 8, -12128.5, -1681.93, 80.6856, 0, 0, 0),
(@CGUID+0190, 9, -12115.2, -1689.62, 80.2013, 0, 0, 0),
(@CGUID+0190, 10, -12118, -1712.73, 80.1763, 0, 0, 0),
(@CGUID+0190, 11, -12118.1, -1738.37, 80.1436, 0, 0, 0),
(@CGUID+0190, 12, -12118.2, -1768.21, 80.1161, 0, 0, 0),
(@CGUID+0190, 13, -12117.1, -1791.52, 80.1708, 0, 0, 0),
(@CGUID+0190, 14, -12117.8, -1774.03, 80.1387, 0, 0, 0),
(@CGUID+0190, 15, -12118, -1756.53, 80.1393, 0, 0, 0),
(@CGUID+0190, 16, -12117.9, -1704.03, 80.1194, 0, 0, 0),
(@CGUID+0190, 17, -12118.8, -1684.7, 80.0882, 0, 0, 0),
(@CGUID+0190, 18, -12131.8, -1681.45, 81.4656, 0, 0, 0),
(@CGUID+0190, 19, -12149.2, -1680.87, 87.8471, 0, 0, 0),
(@CGUID+0190, 20, -12169.9, -1680.16, 98.1292, 0, 0, 0),
(@CGUID+0191, 1, -11610.4, -1746.11, 38.7347, 0, 0, 0),
(@CGUID+0191, 2, -11612.5, -1759, 38.7347, 0, 0, 0),
(@CGUID+0191, 3, -11615.4, -1776.23, 39.997, 0, 0, 0),
(@CGUID+0191, 4, -11618.7, -1797.23, 40.4412, 0, 0, 0),
(@CGUID+0191, 5, -11631.5, -1809.17, 40.4412, 0, 0, 0),
(@CGUID+0191, 6, -11647.9, -1826.99, 40.4412, 0, 0, 0),
(@CGUID+0191, 7, -11673.8, -1846.99, 40.4412, 0, 0, 0),
(@CGUID+0191, 8, -11711.6, -1850.8, 40.4952, 0, 0, 0),
(@CGUID+0191, 9, -11702.3, -1850.48, 40.4598, 0, 0, 0),
(@CGUID+0191, 10, -11681.4, -1848.55, 40.44, 0, 0, 0),
(@CGUID+0191, 11, -11650.5, -1831.52, 40.44, 0, 0, 0),
(@CGUID+0191, 12, -11626.4, -1806.19, 40.44, 0, 0, 0),
(@CGUID+0191, 13, -11614.3, -1781.23, 40.3366, 0, 0, 0),
(@CGUID+0191, 14, -11612, -1766.01, 38.9322, 0, 0, 0),
(@CGUID+0191, 15, -11610.1, -1738.09, 38.7351, 0, 0, 0),
(@CGUID+0191, 16, -11613.5, -1721.63, 38.7351, 0, 0, 0),
(@CGUID+0191, 17, -11619.5, -1703.96, 38.7548, 0, 0, 0),
(@CGUID+0191, 18, -11613.4, -1685.96, 38.7345, 0, 0, 0),
(@CGUID+0191, 19, -11612.4, -1680.45, 38.7345, 0, 0, 0),
(@CGUID+0191, 20, -11615.1, -1654.49, 38.7345, 0, 0, 0),
(@CGUID+0191, 21, -11618, -1622.16, 38.8631, 0, 0, 0),
(@CGUID+0191, 22, -11620.6, -1641.07, 38.7472, 0, 0, 0),
(@CGUID+0191, 23, -11612.4, -1665.86, 38.7352, 0, 0, 0),
(@CGUID+0191, 24, -11617.4, -1699.63, 38.7464, 0, 0, 0),
(@CGUID+0191, 25, -11617.2, -1715.19, 38.7344, 0, 0, 0),
(@CGUID+0191, 26, -11611.8, -1734.82, 38.7344, 0, 0, 0),
(@CGUID+0192, 01, -11556.7353515625, -1468.1048583984375, 67.42318725585937500, 100, 0, 0),
(@CGUID+0192, 02, -11565.6220703125, -1478.6695556640625, 64.82333374023437500, 100, 0, 0),
(@CGUID+0192, 03, -11577.9033203125, -1484.7292480468750, 56.73839950561523437, 100, 0, 0),
(@CGUID+0192, 04, -11585.8974609375, -1500.2114257812500, 53.34272003173828125, 100, 0, 0),
(@CGUID+0192, 05, -11598.6093750000, -1505.5236816406250, 48.41547393798828125, 100, 0, 0),
(@CGUID+0192, 06, -11625.5966796875, -1491.7628173828125, 44.81068801879882812, 100, 0, 0),
(@CGUID+0192, 07, -11646.7919921875, -1521.3978271484375, 39.52875137329101562, 100, 0, 0),
(@CGUID+0192, 08, -11638.8564453125, -1546.3997802734375, 38.85918045043945312, 100, 0, 0),
(@CGUID+0192, 09, -11620.4287109375, -1573.9993896484375, 38.79853057861328125, 100, 0, 0),
(@CGUID+0192, 10, -11618.8916015625, -1600.7325439453125, 38.79853057861328125, 100, 0, 0),
(@CGUID+0192, 11, -11616.3173828125, -1617.7387695312500, 38.94818878173828125, 100, 0, 0),
(@CGUID+0192, 12, -11595.5878906250, -1622.7633056640625, 46.54071807861328125, 100, 0, 0),
(@CGUID+0192, 13, -11616.8144531250, -1624.2426757812500, 39.13788604736328125, 100, 0, 0),
(@CGUID+0192, 14, -11618.5380859375, -1654.4645996093750, 38.84010696411132812, 100, 0, 0),
(@CGUID+0192, 15, -11615.0410156250, -1682.5800781250000, 38.85919189453125000, 100, 0, 0),
(@CGUID+0193, 01, -12247.8388671875, -1818.8044433593750, 130.2639160156250000, 100, 0, 0),
(@CGUID+0193, 02, -12232.8671875000, -1818.0722656250000, 128.2366333007812500, 100, 0, 0),
(@CGUID+0193, 03, -12200.4511718750, -1819.7026367187500, 113.8887329101562500, 100, 0, 0),
(@CGUID+0193, 04, -12166.8173828125, -1818.2792968750000, 96.69460296630859375, 100, 0, 0),
(@CGUID+0193, 05, -12133.2304687500, -1818.3303222656250, 81.92641448974609375, 100, 0, 0),
(@CGUID+0193, 06, -12122.1289062500, -1814.8437500000000, 80.20082855224609375, 100, 0, 0),
(@CGUID+0193, 07, -12112.9130859375, -1800.0133056640625, 80.45082855224609375, 100, 0, 0),
(@CGUID+0193, 08, -12100.0517578125, -1795.4763183593750, 80.59078216552734375, 100, 0, 0),
(@CGUID+0193, 09, -12066.5595703125, -1789.7352294921875, 70.61766052246093750, 100, 0, 0),
(@CGUID+0253, 1, -11741.298828, -1587.655029, 40.752773, 100, 0, 0),
(@CGUID+0253, 2, -11738.204102, -1695.299194, 40.751648, 100, 0, 0),
(@CGUID+0254, 1, -11835.872070, -1593.121582, 40.749565, 100, 0, 0),
(@CGUID+0254, 2, -11833.505859, -1698.850852, 40.749474, 100, 0, 0),
(@CGUID+0281, 1, -11839.320703, -1702.403320, 40.748905, 100, 5000, 1135902),
(@CGUID+0282, 2, -11732.525391, -1693.093018, 40.746841, 100, 5000, 1135904),
(@CGUID+0286, 1, -11756.2, -1888.26, 55.7727, 2.16531, 0, 0),
(@CGUID+0286, 2, -11760.3, -1900.44, 56.4305, 4.55684, 0, 0),
(@CGUID+0286, 3, -11756.7, -1911.09, 56.6341, 5.27548, 0, 0),
(@CGUID+0286, 4, -11746, -1911.68, 55.6124, 6.02553, 0, 0),
(@CGUID+0286, 5, -11730.7, -1926.18, 56.0063, 5.55822, 0, 0),
(@CGUID+0286, 6, -11721.9, -1919.31, 55.7415, 1.20319, 0, 0),
(@CGUID+0286, 7, -11723.8, -1900.2, 55.4995, 1.76082, 0, 0),
(@CGUID+0286, 8, -11734.1, -1893.11, 55.704, 2.61298, 0, 0),
(@CGUID+0286, 9, -11743.2, -1903.05, 55.8289, 3.59473, 0, 0),
(@CGUID+0286, 10, -11751.5, -1896.8, 56.2308, 2.51481, 0, 0),
(@CGUID+0292, 1, -11727.6, -1900.31, 56.0292, 0.602363, 0, 0),
(@CGUID+0292, 2, -11713.9, -1895.65, 54.0777, 0.150759, 0, 0),
(@CGUID+0292, 3, -11691.2, -1892.39, 56.5829, 0.323546, 0, 0),
(@CGUID+0292, 4, -11680.1, -1901.2, 56.1875, 3.16669, 0, 0),
(@CGUID+0292, 5, -11692.6, -1907.78, 55.9544, 3.46907, 0, 0),
(@CGUID+0292, 6, -11713.7, -1911.16, 55.4557, 3.2413, 0, 0),
(@CGUID+0292, 7, -11730.4, -1911.97, 56.334, 3.1824, 0, 0),
(@CGUID+0292, 8, -11737.8, -1907.53, 55.9993, 1.37598, 0, 0),
(@CGUID+0718, 1, -12298.4, -1653.58, 130.261, 2.1666, 0, 0),
(@CGUID+0718, 2, -12312.4, -1639.58, 130.426, 2.1666, 0, 0),
(@CGUID+0718, 3, -12310.8, -1613.14, 132.46, 1.43618, 0, 0),
(@CGUID+0718, 4, -12314.7, -1591.13, 132.677, 2.0213, 0, 0),
(@CGUID+0718, 5, -12329.5, -1591.99, 132.353, 3.32899, 0, 0),
(@CGUID+0718, 6, -12336.2, -1606.23, 133.805, 4.27147, 0, 0),
(@CGUID+0718, 7, -12333.7, -1630.29, 130.516, 4.62097, 0, 0),
(@CGUID+0718, 8, -12332.7, -1648.83, 130.689, 4.91549, 0, 0),
(@CGUID+0718, 9, -12320.5, -1668.12, 130.912, 5.38281, 0, 0),
(@CGUID+0718, 10, -12309.7, -1674.35, 131.8, 5.38281, 0, 0),
(@CGUID+0718, 11, -12301.5, -1684.34, 131.553, 0.454434, 0, 0),
(@CGUID+0718, 12, -12292.7, -1675.85, 130.962, 0.788228, 0, 0),
(@CGUID+0718, 13, -12286.1, -1669.23, 130.277, 0.788228, 0, 0),
(@CGUID+0723, 1, -12363.7, -1650.14, 130.261, 1.72987, 0, 0),
(@CGUID+0723, 2, -12357.4, -1632.51, 130.303, 1.22722, 0, 0),
(@CGUID+0723, 3, -12349.8, -1611.09, 131.833, 1.22722, 0, 0),
(@CGUID+0723, 4, -12346.9, -1628.91, 130.261, 4.96178, 0, 0),
(@CGUID+0723, 5, -12343.4, -1642.96, 130.775, 4.96178, 0, 0),
(@CGUID+0723, 6, -12358.8, -1662.53, 130.317, 3.87794, 0, 0),
(@CGUID+0724, 1, -12336.2, -1632.34, 130.43, 1.34193, 0, 0),
(@CGUID+0724, 2, -12329, -1618.04, 132.035, 0.862841, 0, 0),
(@CGUID+0724, 3, -12316, -1605.36, 133.578, 0.862841, 0, 0),
(@CGUID+0724, 4, -12325.8, -1588.91, 132.354, 2.03308, 0, 0),
(@CGUID+0724, 5, -12336.2, -1579.59, 132.707, 2.48862, 0, 0),
(@CGUID+0724, 6, -12325.5, -1586.32, 132.354, 6.03076, 0, 0),
(@CGUID+0724, 7, -12335.8, -1598.36, 133.387, 3.55676, 0, 0),
(@CGUID+0724, 8, -12354.1, -1614.17, 130.337, 4.1733, 0, 0),
(@CGUID+0724, 9, -12372.4, -1626.19, 131.418, 3.54498, 0, 0),
(@CGUID+0724, 10, -12379.9, -1640.13, 131.643, 4.54636, 0, 0),
(@CGUID+0724, 11, -12371.1, -1659.78, 130.633, 5.75587, 0, 0),
(@CGUID+0724, 12, -12341.5, -1674.05, 131.338, 5.88939, 0, 0),
(@CGUID+0724, 13, -12334.1, -1654.47, 130.26, 1.2359, 0, 0),
(@CGUID+0724, 14, -12335.2, -1643.89, 131.244, 1.67573, 0, 0),
(@CGUID+0814, 1, -11911.7, -1844.44, 59.6337, 6.21379, 0, 0),
(@CGUID+0814, 2, -11891.4, -1855.17, 62.7901, 5.47552, 0, 0),
(@CGUID+0814, 3, -11888, -1875.91, 63.5047, 4.86684, 0, 0),
(@CGUID+0814, 4, -11889.7, -1859.03, 63.2304, 1.67026, 0, 0),
(@CGUID+0814, 5, -11906, -1846.23, 60.3731, 3.10362, 0, 0),
(@CGUID+0814, 6, -11923.4, -1844.54, 58.4079, 3.04471, 0, 0),
(@CGUID+0814, 7, -11960.2, -1837.45, 55.1267, 3.04471, 0, 0),
(@CGUID+0814, 8, -11951.1, -1839.65, 55.4798, 6.09205, 0, 0),
(@CGUID+0814, 9, -11933.9, -1842.97, 57.176, 6.24913, 0, 0),
(@CGUID+0814, 10, -11922.4, -1843.36, 58.4145, 6.24913, 0, 0);

INSERT INTO `creature_movement_template` (`entry`, `pathId`, `point`, `PositionX`, `PositionY`, `PositionZ`, `orientation`, `waittime`, `ScriptId`) VALUES
(11359, 1, 1, -11833.910156, -1687.797241, 40.745869, 100, 0, 0),
(11359, 1, 2, -11833.859375, -1669.224609, 37.000687, 100, 0, 0),
(11359, 1, 3, -11835.700195, -1610.337646, 40.745636, 100, 0, 0),
(11359, 1, 4, -11843.541992, -1594.495361, 40.751762, 100, 0, 1135901),
(11359, 2, 1, -11835.700195, -1610.337646, 40.745636, 100, 0, 0),
(11359, 2, 2, -11833.859375, -1669.224609, 37.000687, 100, 0, 0),
(11359, 2, 3, -11833.910156, -1687.797241, 40.745869, 100, 0, 0),
(11359, 2, 4, -11839.220703, -1702.403320, 40.748905, 100, 0, 1135902),
(11359, 3, 1, -11739.369141, -1683.157837, 40.745827, 100, 0, 0),
(11359, 3, 2, -11740.111328, -1622.715454, 37.001690, 100, 0, 0),
(11359, 3, 3, -11742.010742, -1606.839600, 40.745846, 100, 0, 0),
(11359, 3, 4, -11737.790039, -1593.216675, 40.750420, 100, 0, 1135903),
(11359, 4, 1, -11742.034180, -1606.073975, 40.748543, 100, 0, 0),
(11359, 4, 2, -11739.069336, -1668.112915, 36.996002, 100, 0, 0),
(11359, 4, 3, -11739.987305, -1681.579712, 40.750183, 100, 0, 0),
(11359, 4, 4, -11732.525391, -1693.093018, 40.746841, 100, 0, 1135904),

(14507, 0, 1, -12029.8, -1707.93, 39.413, 3.71755, 1000, 1450701); -- High Priest Venoxis

INSERT INTO `creature_addon` (`guid`, `mount`, `stand_state`, `sheath_state`, `emote`, `moveflags`, `auras`) VALUES
(@CGUID+0127, 0, 0, 1, 0, 0, NULL), -- Hakkari Blood Priest
(@CGUID+0129, 0, 1, 1, 0, 0, NULL), -- Hakkari Blood Priest
(@CGUID+0130, 0, 0, 1, 0, 0, NULL), -- Hakkari Blood Priest
(@CGUID+0131, 0, 0, 1, 0, 0, NULL), -- Hakkari Blood Priest
(@CGUID+0196, 0, 0, 1, 333, 0, NULL), -- Gurubashi Blood Drinker
(@CGUID+0197, 0, 0, 1, 333, 0, NULL), -- Gurubashi Blood Drinker
(@CGUID+0204, 0, 0, 1, 333, 0, NULL), -- Gurubashi Blood Drinker
(@CGUID+0205, 0, 0, 1, 333, 0, NULL), -- Gurubashi Blood Drinker
(@CGUID+0210, 0, 0, 1, 333, 0, NULL), -- Gurubashi Blood Drinker
(@CGUID+0211, 0, 0, 1, 333, 0, NULL), -- Gurubashi Blood Drinker
(@CGUID+0212, 0, 0, 1, 333, 0, NULL), -- Gurubashi Blood Drinker
(@CGUID+0213, 0, 0, 1, 333, 0, NULL), -- Gurubashi Blood Drinker
(@CGUID+0219, 0, 0, 1, 333, 0, NULL), -- Gurubashi Blood Drinker
(@CGUID+0220, 0, 0, 1, 333, 0, NULL), -- Gurubashi Blood Drinker
(@CGUID+0221, 0, 0, 1, 333, 0, NULL), -- Gurubashi Blood Drinker
(@CGUID+0222, 0, 0, 1, 333, 0, NULL), -- Gurubashi Blood Drinker
(@CGUID+0227, 0, 0, 1, 333, 0, NULL), -- Gurubashi Blood Drinker
(@CGUID+0228, 0, 0, 1, 333, 0, NULL), -- Gurubashi Blood Drinker
(@CGUID+0295, 0, 3, 1, 0, 0, NULL), -- Zulian Tiger
(@CGUID+0296, 0, 3, 1, 0, 0, NULL), -- Zulian Tiger
(@CGUID+0297, 0, 3, 1, 0, 0, NULL), -- Zulian Tiger
(@CGUID+0298, 0, 0, 1, 0, 0, NULL), -- Zulian Tiger
(@CGUID+0299, 0, 0, 1, 0, 0, NULL), -- Zulian Tiger
(@CGUID+0300, 0, 3, 1, 0, 0, NULL), -- Zulian Tiger
(@CGUID+0301, 0, 3, 1, 0, 0, NULL), -- Zulian Tiger
(@CGUID+0302, 0, 3, 1, 0, 0, NULL), -- Zulian Tiger
(@CGUID+0303, 0, 0, 1, 0, 0, NULL), -- Zulian Tiger
(@CGUID+0304, 0, 3, 1, 0, 0, NULL), -- Zulian Tiger
(@CGUID+0305, 0, 0, 1, 0, 0, NULL), -- Zulian Tiger
(@CGUID+0306, 0, 0, 1, 0, 0, NULL), -- Zulian Tiger
(@CGUID+0307, 0, 0, 1, 0, 0, NULL), -- Zulian Tiger
(@CGUID+0308, 0, 0, 1, 0, 0, NULL), -- Zulian Tiger
(@CGUID+0309, 0, 0, 1, 0, 0, NULL), -- Zulian Tiger
(@CGUID+0310, 0, 0, 1, 0, 0, NULL), -- Zulian Tiger
(@CGUID+0311, 0, 0, 1, 0, 0, NULL), -- Zulian Tiger
(@CGUID+0312, 0, 0, 1, 0, 0, NULL), -- Zulian Tiger
(@CGUID+0313, 0, 3, 1, 0, 0, NULL), -- Zulian Tiger
(@CGUID+0314, 0, 3, 1, 0, 0, NULL), -- Zulian Tiger
(@CGUID+0315, 0, 3, 1, 0, 0, NULL), -- Zulian Tiger
(@CGUID+0316, 0, 3, 1, 0, 0, NULL), -- Zulian Tiger
(@CGUID+0317, 0, 3, 1, 0, 0, NULL), -- Zulian Tiger
(@CGUID+0318, 0, 3, 1, 0, 0, NULL), -- Zulian Tiger
(@CGUID+0319, 0, 0, 1, 0, 0, NULL), -- Zulian Tiger
(@CGUID+0320, 0, 3, 1, 0, 0, NULL), -- Zulian Tiger
(@CGUID+0321, 0, 3, 1, 0, 0, NULL), -- Zulian Tiger
(@CGUID+0322, 0, 3, 1, 0, 0, NULL), -- Zulian Tiger
(@CGUID+0323, 0, 3, 1, 0, 0, NULL), -- Zulian Tiger
(@CGUID+0324, 0, 0, 1, 0, 0, NULL), -- Zulian Tiger
(@CGUID+0325, 0, 0, 1, 0, 0, NULL), -- Zulian Tiger
(@CGUID+0326, 0, 3, 1, 0, 0, NULL), -- Zulian Tiger
(@CGUID+0327, 0, 3, 1, 0, 0, NULL), -- Zulian Tiger
(@CGUID+0328, 0, 0, 1, 0, 0, NULL), -- Zulian Tiger
(@CGUID+0329, 0, 0, 1, 0, 0, NULL), -- Zulian Tiger
(@CGUID+0344, 0, 3, 1, 0, 0, NULL), -- Zulian Panther
(@CGUID+0345, 0, 3, 1, 0, 0, NULL), -- Zulian Panther
(@CGUID+0346, 0, 3, 1, 0, 0, NULL), -- Zulian Panther
(@CGUID+0347, 0, 3, 1, 0, 0, NULL), -- Zulian Panther
(@CGUID+0379, 0, 3, 1, 0, 0, NULL), -- Zulian Panther
(@CGUID+0380, 0, 3, 1, 0, 0, NULL), -- Zulian Panther
(@CGUID+0381, 0, 3, 1, 0, 0, NULL), -- Zulian Panther
(@CGUID+0382, 0, 3, 1, 0, 0, NULL); -- Zulian Panther

REPLACE INTO `creature_template_addon` (`entry`, `mount`, `stand_state`, `sheath_state`, `emote`, `moveflags`, `auras`) VALUES
(11338, 0, 0, 1, 0, 0, NULL), -- Hakkari Shadowcaster
(11339, 0, 0, 1, 0, 0, NULL), -- Hakkari Shadow Hunter
(11340, 0, 8, 1, 0, 0, NULL), -- Hakkari Blood Priest
(11347, 0, 8, 1, 0, 0, '20545'), -- Zealot Lor'Khan
(11348, 0, 8, 1, 0, 0, NULL), -- Zealot Zath
(11350, 0, 0, 1, 0, 0, NULL), -- Gurubashi Axe Thrower
(11351, 0, 0, 1, 0, 0, NULL), -- Gurubashi Headhunter
(11352, 0, 0, 1, 0, 0, NULL), -- Gurubashi Berserker
(11353, 0, 0, 1, 0, 0, NULL), -- Gurubashi Blood Drinker
(11356, 0, 0, 1, 0, 0, NULL), -- Gurubashi Champion
(11357, 0, 0, 1, 0, 0, NULL), -- Son of Hakkar
(11359, 0, 0, 1, 0, 0, NULL), -- Soulflayer
(11360, 0, 0, 1, 0, 0, NULL), -- Zulian Cub
(11361, 0, 0, 1, 0, 0, NULL), -- Zulian Tiger
(11365, 0, 0, 1, 0, 0, NULL), -- Zulian Panther
(11368, 0, 0, 1, 0, 0, '18950'), -- Bloodseeker Bat
(11370, 0, 0, 1, 0, 0, NULL), -- Razzashi Broodwidow
(11371, 0, 0, 1, 0, 0, NULL), -- Razzashi Serpent
(11372, 0, 0, 1, 0, 0, NULL), -- Razzashi Adder
(11373, 0, 0, 1, 0, 0, NULL), -- Razzashi Cobra
(11374, 0, 0, 1, 0, 0, '18943 18950'), -- Hooktooth Frenzy
(11380, 0, 0, 1, 10, 0, NULL), -- Jin'do the Hexxer
(11382, 15271, 0, 1, 0, 0, NULL), -- Bloodlord Mandokir
(11387, 0, 0, 1, 0, 0, '3417'), -- Sandfury Speaker
(11388, 0, 8, 1, 0, 0, NULL), -- Witherbark Speaker
(11389, 0, 8, 1, 0, 0, NULL), -- Bloodscalp Speaker
(11390, 0, 8, 1, 0, 0, NULL), -- Skullsplitter Speaker
(11391, 0, 8, 1, 0, 0, NULL), -- Vilebranch Speaker
(11830, 0, 0, 1, 0, 0, NULL), -- Hakkari Priest
(11831, 0, 0, 1, 0, 0, NULL), -- Hakkari Witch Doctor
(14507, 0, 8, 1, 0, 0, NULL), -- High Priest Venoxis
(14509, 0, 0, 1, 0, 0, NULL), -- High Priest Thekal
(14510, 0, 0, 1, 0, 0, NULL), -- High Priestess Mar'li
(14517, 0, 0, 1, 0, 0, NULL), -- High Priestess Jeklik
(14532, 0, 0, 1, 0, 0, '8601'), -- Razzashi Venombrood
(14750, 0, 0, 1, 0, 0, NULL), -- Gurubashi Bat Rider
(14758, 0, 0, 1, 0, 0, NULL), -- Zul'Gurub Trigger
(14821, 0, 0, 1, 0, 0, NULL), -- Razzashi Raptor
(14825, 0, 0, 1, 10, 0, NULL), -- Withered Mistress
(14826, 0, 0, 1, 10, 0, NULL), -- Sacrificed Troll
(14834, 0, 0, 1, 0, 0, NULL), -- Hakkar - 'auras' boss_hakkar.cpp
(14880, 0, 0, 1, 0, 0, NULL), -- Razzashi Skitterer
(14882, 0, 0, 1, 10, 0, NULL), -- Atal'ai Mistress
(14883, 0, 0, 1, 10, 0, NULL), -- Voodoo Slave
(15041, 0, 0, 1, 0, 0, '24087'), -- Spawn of Mar'li
(15042, 0, 0, 1, 0, 0, NULL), -- Zanza the Restless
(15043, 0, 0, 1, 0, 0, NULL), -- Zulian Crocolisk
(15067, 0, 0, 1, 0, 0, '7939 22766'), -- Zulian Stalker
(15082, 0, 0, 1, 0, 0, '25039'), -- Gri'lek
(15083, 0, 0, 1, 0, 0, '25039'), -- Hazza'rah
(15084, 0, 0, 1, 0, 0, '25039'), -- Renataki
(15085, 0, 0, 1, 0, 0, '25039'), -- Wushoolay
(15091, 0, 0, 1, 0, 0, NULL), -- Zul'Gurub Panther Trigger
(15101, 0, 0, 1, 0, 0, '7939 22766'), -- Zulian Prowler
(15111, 0, 0, 1, 0, 0, NULL), -- Mad Servant
(15114, 0, 0, 1, 0, 0, NULL); -- Gahz'ranka

INSERT INTO `creature_linking` (`guid`, `master_guid`, `flag`) VALUES
-- Hakkar temple northern soulflayer pack
(@CGUID+0270, @CGUID+0282, 1539), -- Son of Hakkar -> Soulflayer
(@CGUID+0271, @CGUID+0282, 1539), -- Son of Hakkar -> Soulflayer

-- Hakkar temple northern troll pack
(@CGUID+0555, @CGUID+0131, 1539), -- Hakkari Priest -> Hakkari Blood Priest
(@CGUID+0278, @CGUID+0131, 1539), -- Soulflayer -> Hakkari Blood Priest
(@CGUID+0242, @CGUID+0131, 1539), -- Gurubashi Champion -> Hakkari Blood Priest
(@CGUID+0556, @CGUID+0131, 1539), -- Hakkari Priest -> Hakkari Blood Priest
(@CGUID+0279, @CGUID+0131, 1539), -- Soulflayer -> Hakkari Blood Priest

-- Hakkar temple southern soulflayer pack
(@CGUID+0268, @CGUID+0281, 1539), -- Son of Hakkar -> Soulflayer
(@CGUID+0269, @CGUID+0281, 1539), -- Son of Hakkar -> Soulflayer

-- Hakkar temple southern troll pack
(@CGUID+0155, @CGUID+0130, 1539), -- Gurubashi Axe Thrower -> Hakkari Blood Priest
(@CGUID+0276, @CGUID+0130, 1539), -- Soulflayer -> Hakkari Blood Priest
(@CGUID+0110, @CGUID+0130, 1539), -- Hakkari Shadowcaster -> Hakkari Blood Priest
(@CGUID+0571, @CGUID+0130, 1539), -- Hakkari Witch Doctor -> Hakkari Blood Priest
(@CGUID+0263, @CGUID+0130, 1539), -- Son of Hakkar -> Hakkari Blood Priest
(@CGUID+0156, @CGUID+0130, 1539), -- Gurubashi Axe Thrower -> Hakkari Blood Priest

(@CGUID+0132, @CGUID+0593, 7), -- Zealot Lor'Khan -> High Priest Thekal
(@CGUID+0133, @CGUID+0593, 7), -- Zealot Zath -> High Priest Thekal
(@CGUID+0306, @CGUID+0593, 7), -- Zulian Tiger -> High Priest Thekal
(@CGUID+0307, @CGUID+0593, 7); -- Zulian Tiger -> High Priest Thekal

REPLACE INTO `creature_linking_template` (`entry`, `map`, `master_entry`, `flag`, `search_range`) VALUES
(11373, 309, 14507, 7, 0), -- Razzashi Cobra -> High Priest Venoxis
(14988, 309, 11382, 4096, 0), -- Ohgan -> Bloodlord Mandokir
(15117, 309, 11382, 4096, 0); -- Chained Spirit -> Bloodlord Mandokir

INSERT INTO `creature` (`guid`, `id`, `map`, `position_x`, `position_y`, `position_z`, `orientation`, `spawntimesecsmin`, `spawntimesecsmax`, `spawndist`, `MovementType`) VALUES
(@CGUID+0001, 1420, 309, -11722.7, -1739.81, 13.0519, 3.80482, 7200, 7200, 0, 0), -- Toad
(@CGUID+0002, 1420, 309, -11911.8, -1490.85, 11.4457, 2.73824, 7200, 7200, 5, 1), -- Toad
(@CGUID+0003, 1420, 309, -11702, -1764.4, 10.2326, 2.22875, 7200, 7200, 5, 1), -- Toad
(@CGUID+0004, 1420, 309, -11888.2, -1491.94, 11.0643, 0.074227, 7200, 7200, 5, 1), -- Toad
(@CGUID+0005, 1420, 309, -11735.8, -1421.87, 12.7935, 2.83332, 7200, 7200, 5, 1), -- Toad
(@CGUID+0006, 1420, 309, -11696.1, -1661.09, 14.3397, 1.35043, 7200, 7200, 5, 1), -- Toad
(@CGUID+0007, 2914, 309, -11984.9, -1625.89, 34.3907, 4.41906, 7200, 7200, 5, 1), -- Snake
(@CGUID+0008, 2914, 309, -11968.2, -1835.49, 55.935, 1.49037, 7200, 7200, 5, 1), -- Snake
(@CGUID+0009, 2914, 309, -11721, -1391.06, 46.1644, 0.021481, 7200, 7200, 5, 1), -- Snake
(@CGUID+0010, 2914, 309, -11590.2, -1510.71, 50.1497, 3.97508, 7200, 7200, 5, 1), -- Snake
(@CGUID+0011, 2914, 309, -12207.6, -1959.89, 132.334, 2.74238, 7200, 7200, 5, 1), -- Snake
(@CGUID+0012, 2914, 309, -11903.1, -1516.69, 20.9819, 0.628319, 7200, 7200, 0, 0), -- Snake
(@CGUID+0013, 2914, 309, -11635.9, -1671, 40.3503, 3.12784, 7200, 7200, 5, 1), -- Snake
(@CGUID+0014, 2914, 309, -11958.1, -1646.27, 37.9205, 3.51339, 7200, 7200, 5, 1), -- Snake
(@CGUID+0015, 2914, 309, -12259.9, -1849.64, 133.428, 4.16186, 7200, 7200, 5, 1), -- Snake
(@CGUID+0016, 2914, 309, -11559.7, -1468.44, 66.9285, 1.70606, 7200, 7200, 5, 1), -- Snake
(@CGUID+0017, 2914, 309, -12234.5, -1969.26, 133.057, 4.52276, 7200, 7200, 5, 1), -- Snake
(@CGUID+0018, 2914, 309, -11700.8, -1372.22, 61.4042, 1.17796, 7200, 7200, 5, 1), -- Snake
(@CGUID+0019, 2914, 309, -11554.5, -1512.89, 56.4605, 0.566879, 7200, 7200, 5, 1), -- Snake
(@CGUID+0020, 2914, 309, -12152.9, -1820.68, 89.8341, 2.68126, 7200, 7200, 5, 1), -- Snake
(@CGUID+0021, 2914, 309, -12375.2, -1931.24, 133.189, 0.428727, 7200, 7200, 5, 1), -- Snake
(@CGUID+0022, 2914, 309, -11643.5, -1852.48, 40.8151, 6.00771, 7200, 7200, 5, 1), -- Snake
(@CGUID+0023, 2914, 309, -12187.2, -1819.68, 107.471, 3.21792, 7200, 7200, 5, 1), -- Snake
(@CGUID+0024, 2914, 309, -11984.6, -1524.13, 49.618, 2.118, 7200, 7200, 5, 1), -- Snake
(@CGUID+0025, 2914, 309, -11914.6, -1544.07, 35.6675, 0.761486, 7200, 7200, 5, 1), -- Snake
(@CGUID+0026, 2914, 309, -11547.3, -1720.08, 41.2549, 2.64911, 7200, 7200, 5, 1), -- Snake
(@CGUID+0027, 2914, 309, -12077.7, -1688.02, 46.36, 3.78431, 7200, 7200, 5, 1), -- Snake
(@CGUID+0028, 2914, 309, -11938.5, -1771.78, 51.909, 4.61785, 7200, 7200, 5, 1), -- Snake
(@CGUID+0029, 2914, 309, -11654.4, -1812.63, 42.3694, 1.52785, 7200, 7200, 5, 1), -- Snake
(@CGUID+0030, 2914, 309, -11651.8, -1500.65, 43.4884, 4.16828, 7200, 7200, 5, 1), -- Snake
(@CGUID+0031, 2914, 309, -11815.3, -1888.35, 47.8812, 5.76622, 7200, 7200, 5, 1), -- Snake
(@CGUID+0032, 2914, 309, -11790.3, -1885.91, 47.0478, 5.95093, 7200, 7200, 5, 1), -- Snake
(@CGUID+0033, 2914, 309, -11968.3, -1810.08, 56.6467, 2.43604, 7200, 7200, 5, 1), -- Snake
(@CGUID+0034, 2914, 309, -11594.3, -1454.77, 56.925, 1.89255, 7200, 7200, 5, 1), -- Snake
(@CGUID+0035, 2914, 309, -11647.6, -1413.19, 59.7141, 2.02788, 7200, 7200, 5, 1), -- Snake
(@CGUID+0036, 2914, 309, -11525.9, -1485.9, 78.531, 5.89056, 7200, 7200, 5, 1), -- Snake
(@CGUID+0037, 2914, 309, -11979.8, -1711.83, 32.3599, 4.50064, 7200, 7200, 5, 1), -- Snake
(@CGUID+0038, 2914, 309, -11576.4, -1488.76, 56.2523, 5.74114, 7200, 7200, 5, 1), -- Snake
(@CGUID+0039, 2914, 309, -11646.3, -1581.05, 40.9073, 2.512, 7200, 7200, 5, 1), -- Snake
(@CGUID+0040, 2914, 309, -11737.4, -1326.55, 63.8004, 5.83264, 7200, 7200, 5, 1), -- Snake
(@CGUID+0041, 2914, 309, -12338, -1922.84, 132.405, 4.57021, 7200, 7200, 5, 1), -- Snake
(@CGUID+0042, 2914, 309, -11618.8, -1515.97, 42.3573, 2.34954, 7200, 7200, 5, 1), -- Snake
(@CGUID+0043, 2914, 309, -11585, -1745.93, 39.0946, 3.07512, 7200, 7200, 5, 1), -- Snake
(@CGUID+0044, 2914, 309, -12318.7, -1895.15, 131.885, 3.72564, 7200, 7200, 5, 1), -- Snake
(@CGUID+0045, 2914, 309, -12239.2, -1903.64, 130.896, 0.29478, 7200, 7200, 5, 1), -- Snake
(@CGUID+0046, 2914, 309, -12100.6, -1801.78, 81.2352, 5.80062, 7200, 7200, 5, 1), -- Snake
(@CGUID+0047, 2914, 309, -12073, -1713.62, 48.3076, 2.58689, 7200, 7200, 5, 1), -- Snake
(@CGUID+0048, 2914, 309, -12319, -1812.26, 131.135, 0.388483, 7200, 7200, 5, 1), -- Snake
(@CGUID+0049, 2914, 309, -11613.7, -1821.83, 40.898, 1.42365, 7200, 7200, 5, 1), -- Snake
(@CGUID+0050, 2914, 309, -12188.5, -1903.77, 133.927, 0.663513, 7200, 7200, 5, 1), -- Snake
(@CGUID+0051, 2914, 309, -11994.1, -1709.9, 32.3599, 0.255775, 7200, 7200, 5, 1), -- Snake
(@CGUID+0052, 2914, 309, -11816, -1808.63, 51.482, 4.97538, 7200, 7200, 5, 1), -- Snake
(@CGUID+0053, 2914, 309, -12153.8, -1943.27, 133.844, 3.20803, 7200, 7200, 5, 1), -- Snake
(@CGUID+0054, 2914, 309, -12212.1, -1821.49, 119.646, 6.17555, 7200, 7200, 5, 1), -- Snake
(@CGUID+0055, 2914, 309, -11885.7, -1413.49, 60.2263, 3.8731, 7200, 7200, 5, 1), -- Snake
(@CGUID+0056, 2914, 309, -12069.3, -1793.35, 72.397, 2.89928, 7200, 7200, 5, 1), -- Snake
(@CGUID+0057, 2914, 309, -12012, -1639.97, 36.2836, 4.74421, 7200, 7200, 5, 1), -- Snake
(@CGUID+0058, 2914, 309, -11844.7, -1304.98, 66.7188, 4.14986, 7200, 7200, 5, 1), -- Snake
(@CGUID+0059, 2914, 309, -12206.4, -1923.66, 133.095, 2.81367, 7200, 7200, 5, 1), -- Snake
(@CGUID+0060, 2914, 309, -11622.8, -1747.27, 39.9706, 0.048885, 7200, 7200, 5, 1), -- Snake
(@CGUID+0061, 2914, 309, -11584.1, -1513.57, 51.0803, 2.60184, 7200, 7200, 5, 1), -- Snake
(@CGUID+0062, 2914, 309, -11909.3, -1342.06, 77.489, 2.40649, 7200, 7200, 5, 1), -- Snake
(@CGUID+0063, 2914, 309, -12295.8, -1863.3, 131.629, 4.58145, 7200, 7200, 5, 1), -- Snake
(@CGUID+0064, 2914, 309, -11640.4, -1448.13, 61.178, 0.194296, 7200, 7200, 5, 1), -- Snake
(@CGUID+0065, 2914, 309, -12012.9, -1670.66, 32.4086, 0.619654, 7200, 7200, 5, 1), -- Snake
(@CGUID+0066, 2914, 309, -11589.6, -1819.03, 41.3511, 3.25578, 7200, 7200, 5, 1), -- Snake
(@CGUID+0067, 2914, 309, -12001.2, -1679.75, 32.3928, 2.82496, 7200, 7200, 5, 1), -- Snake
(@CGUID+0068, 2914, 309, -11695.1, -1828.77, 40.8739, 1.36821, 7200, 7200, 5, 1), -- Snake
(@CGUID+0069, 2914, 309, -11657.1, -1555.14, 40.312, 1.14821, 7200, 7200, 5, 1), -- Snake
(@CGUID+0070, 2914, 309, -11882.3, -1382.29, 66.0623, 0.147967, 7200, 7200, 5, 1), -- Snake
(@CGUID+0071, 2914, 309, -11633.6, -1622.6, 39.7341, 5.81318, 7200, 7200, 5, 1), -- Snake
(@CGUID+0072, 2914, 309, -11909.6, -1421.99, 51.0637, 1.14821, 7200, 7200, 5, 1), -- Snake
(@CGUID+0073, 2914, 309, -11937.7, -1786.32, 52.9463, 2.05967, 7200, 7200, 5, 1), -- Snake
(@CGUID+0074, 2914, 309, -12030.6, -1764.97, 57.5933, 2.97676, 7200, 7200, 5, 1), -- Snake
(@CGUID+0075, 2914, 309, -12164.7, -1962.66, 133.199, 1.44741, 7200, 7200, 5, 1), -- Snake
(@CGUID+0076, 2914, 309, -11989.4, -1641.88, 34.3422, 3.08212, 7200, 7200, 5, 1), -- Snake
(@CGUID+0077, 2914, 309, -11724.4, -1350.83, 61.8102, 2.31388, 7200, 7200, 5, 1), -- Snake
(@CGUID+0078, 2914, 309, -11680.1, -1396.89, 59.4186, 1.68426, 7200, 7200, 5, 1), -- Snake
(@CGUID+0079, 2914, 309, -12405.4, -1829.42, 133.356, 3.49854, 7200, 7200, 5, 1), -- Snake
(@CGUID+0080, 2914, 309, -11950.4, -1542.23, 39.6678, 0.173008, 7200, 7200, 5, 1), -- Snake
(@CGUID+0081, 2914, 309, -12267.9, -1937.16, 134.127, 3.73054, 7200, 7200, 5, 1), -- Snake
(@CGUID+0082, 2914, 309, -11881.8, -1351.68, 73.0003, 5.90695, 7200, 7200, 5, 1), -- Snake
(@CGUID+0083, 2914, 309, -11618.5, -1842.27, 41.1348, 1.88266, 7200, 7200, 5, 1), -- Snake
(@CGUID+0084, 2914, 309, -11997.3, -1771.12, 57.7779, 4.22691, 7200, 7200, 5, 1), -- Snake
(@CGUID+0085, 2914, 309, -11976.6, -1689.73, 32.3784, 6.07514, 7200, 7200, 5, 1), -- Snake
(@CGUID+0086, 2914, 309, -12280, -1810.64, 131.279, 3.80023, 7200, 7200, 5, 1), -- Snake
(@CGUID+0087, 2914, 309, -12048.8, -1736.73, 51.8978, 1.24905, 7200, 7200, 5, 1), -- Snake
(@CGUID+0088, 2914, 309, -11962, -1745, 53.1181, 5.64046, 7200, 7200, 5, 1), -- Snake
(@CGUID+0089, 2914, 309, -12378.3, -1842.5, 131.652, 5.36072, 7200, 7200, 5, 1), -- Snake
(@CGUID+0090, 2914, 309, -11881.8, -1310.85, 78.2792, 1.16913, 7200, 7200, 5, 1), -- Snake
(@CGUID+0091, 2914, 309, -11554.8, -1752.71, 40.9137, 4.56939, 7200, 7200, 5, 1), -- Snake
(@CGUID+0092, 2914, 309, -12255.5, -1804.85, 131.438, 1.14018, 7200, 7200, 5, 1), -- Snake
(@CGUID+0093, 2914, 309, -11997, -1743.07, 54.7099, 4.83456, 7200, 7200, 0, 0), -- Snake
(@CGUID+0094, 2914, 309, -11645.4, -1752.75, 29.6354, 1.9012, 7200, 7200, 5, 1), -- Snake
(@CGUID+0095, 4075, 309, -11570.4, -1320.7, 77.8591, 4.76475, 7200, 7200, 0, 0), -- Rat
(@CGUID+0096, 4075, 309, -11537.6, -1289.94, 78.8465, 5.34071, 7200, 7200, 0, 0), -- Rat
(@CGUID+0097, 4075, 309, -11622.7, -1279.65, 81.7466, 5.70723, 7200, 7200, 0, 0), -- Rat
(@CGUID+0098, 4075, 309, -11607.7, -1225.59, 82.4461, 0.314159, 7200, 7200, 0, 0), -- Rat
(@CGUID+0099, 4075, 309, -11568.8, -1255.72, 77.6191, 0.087266, 7200, 7200, 0, 0), -- Rat
(@CGUID+0100, 4075, 309, -11584, -1265.31, 77.6076, 1.40767, 7200, 7200, 5, 1), -- Rat
(@CGUID+0101, 4075, 309, -11618.4, -1353.27, 77.7979, 1.5708, 7200, 7200, 0, 0), -- Rat
(@CGUID+0102, 4075, 309, -11569.4, -1266.36, 77.6208, 2.51327, 7200, 7200, 0, 0), -- Rat
(@CGUID+0103, 4075, 309, -11598.4, -1240.72, 77.847, 5.75959, 7200, 7200, 0, 0), -- Rat
(@CGUID+0104, 4075, 309, -11532.7, -1257.06, 82.0085, 2.30383, 7200, 7200, 0, 0), -- Rat
(@CGUID+0105, 4075, 309, -11588.6, -1263.02, 78.6657, 5.28835, 7200, 7200, 0, 0), -- Rat
(@CGUID+0106, 11338, 309, -12285.9, -1637.33, 133.569, 0.732083, 7200, 7200, 5, 1), -- Hakkari Shadowcaster
(@CGUID+0107, 11338, 309, -12367.4, -1612.76, 130.85, 6.19852, 7200, 7200, 5, 1), -- Hakkari Shadowcaster
(@CGUID+0108, 11338, 309, -12298.1, -1687.7, 131.256, 3.83493, 7200, 7200, 5, 1), -- Hakkari Shadowcaster
(@CGUID+0109, 11338, 309, -12309.5, -1696.85, 132.53, 4.02784, 7200, 7200, 5, 1), -- Hakkari Shadowcaster
(@CGUID+0110, 11338, 309, -11837.8, -1692.37, 40.7479, 1.19463, 7200, 7200, 0, 0), -- Hakkari Shadowcaster
(@CGUID+0111, 11339, 309, -11542.2, -1609.78, 60.4916, 6.1555, 7200, 7200, 0, 0), -- Hakkari Shadow Hunter
(@CGUID+0112, 11339, 309, -11640.7, -1488.52, 44.4881, 3.26377, 7200, 7200, 0, 0), -- Hakkari Shadow Hunter
(@CGUID+0113, 11339, 309, -11511.3, -1613.84, 71.4066, 3.36848, 7200, 7200, 0, 0), -- Hakkari Shadow Hunter
(@CGUID+0114, 11339, 309, -11518.3, -1629.19, 71.4066, 1.43117, 7200, 7200, 0, 0), -- Hakkari Shadow Hunter
(@CGUID+0115, 11339, 309, -11511.4, -1628.43, 71.4067, 2.96706, 7200, 7200, 0, 0), -- Hakkari Shadow Hunter
(@CGUID+0116, 11339, 309, -11518.3, -1613.51, 71.4067, 4.59022, 7200, 7200, 0, 0), -- Hakkari Shadow Hunter
(@CGUID+0117, 11339, 309, -11511.8, -1643.48, 49.6276, 1.74533, 7200, 7200, 0, 0), -- Hakkari Shadow Hunter
(@CGUID+0118, 11339, 309, -11526.9, -1643.49, 49.6044, 1.46608, 7200, 7200, 0, 0), -- Hakkari Shadow Hunter
(@CGUID+0119, 11339, 309, -11519.9, -1685.07, 50.0721, 0.286186, 7200, 7200, 5, 1), -- Hakkari Shadow Hunter
(@CGUID+0120, 11339, 309, -11521.2, -1684.87, 49.9866, 3.74128, 7200, 7200, 5, 1), -- Hakkari Shadow Hunter
(@CGUID+0121, 11339, 309, -11496.8, -1621.54, 71.4067, 1.0213, 7200, 7200, 0, 0), -- Hakkari Shadow Hunter
(@CGUID+0122, 11339, 309, -11496.3, -1621.55, 71.3234, 1.16697, 7200, 7200, 5, 1), -- Hakkari Shadow Hunter
(@CGUID+0123, 11339, 309, -11545.4, -1549.98, 51.6079, 4.25193, 7200, 7200, 0, 0), -- Hakkari Shadow Hunter
(@CGUID+0124, 11339, 309, -11545.1, -1550.04, 51.5721, 4.19102, 7200, 7200, 5, 1), -- Hakkari Shadow Hunter
(@CGUID+0125, 11340, 309, -11888.9, -1881.35, 63.587, 3.87463, 7200, 7200, 0, 0), -- Hakkari Blood Priest
(@CGUID+0126, 11340, 309, -11875.6, -1892, 63.7767, 4.01426, 7200, 7200, 0, 0), -- Hakkari Blood Priest
(@CGUID+0127, 11340, 309, -11787.1, -1666.45, 21.2324, 4.72984, 7200, 7200, 0, 0), -- Hakkari Blood Priest
(@CGUID+0128, 11340, 309, -11806.8, -1629.93, 21.2326, 3.52556, 7200, 7200, 0, 0), -- Hakkari Blood Priest
(@CGUID+0129, 11340, 309, -11771.9, -1618.82, 21.2208, 4.29351, 7200, 7200, 0, 0), -- Hakkari Blood Priest
(@CGUID+0130, 11340, 309, -11835, -1689.55, 40.7472, 1.19462, 7200, 7200, 0, 2), -- Hakkari Blood Priest
(@CGUID+0131, 11340, 309, -11739.7, -1669.73, 36.9982, 1.60711, 7200, 7200, 0, 2), -- Hakkari Blood Priest
(@CGUID+0132, 11347, 309, -11702.6, -1992.61, 62.0147, 5.02655, 7200, 7200, 0, 0), -- Zealot Lor'Khan
(@CGUID+0133, 11348, 309, -11699.3, -1992.57, 61.9979, 4.43314, 7200, 7200, 0, 0), -- Zealot Zath
(@CGUID+0134, 11350, 309, -11882.7, -1316.07, 78.2369, 3.15905, 7200, 7200, 0, 0), -- Gurubashi Axe Thrower
(@CGUID+0135, 11350, 309, -11882, -1323.86, 77.528, 3.10669, 7200, 7200, 0, 0), -- Gurubashi Axe Thrower
(@CGUID+0136, 11350, 309, -11985.8, -1622.14, 33.7017, 2.35619, 7200, 7200, 0, 0), -- Gurubashi Axe Thrower
(@CGUID+0137, 11350, 309, -11992.8, -1615.27, 35.6098, 5.49779, 7200, 7200, 0, 0), -- Gurubashi Axe Thrower
(@CGUID+0138, 11350, 309, -11830.6, -1317, 66.7436, 4.93928, 7200, 7200, 0, 0), -- Gurubashi Axe Thrower
(@CGUID+0139, 11350, 309, -11815.3, -1807.61, 51.1677, 2.42601, 7200, 7200, 0, 0), -- Gurubashi Axe Thrower
(@CGUID+0140, 11350, 309, -11821, -1803.41, 52.1164, 2.87979, 7200, 7200, 0, 0), -- Gurubashi Axe Thrower
(@CGUID+0141, 11350, 309, -11674.6, -1928.62, 57.6635, 1.50098, 7200, 7200, 0, 0), -- Gurubashi Axe Thrower
(@CGUID+0142, 11350, 309, -11679.6, -1934.44, 57.6998, 5.72468, 7200, 7200, 0, 0), -- Gurubashi Axe Thrower
(@CGUID+0143, 11350, 309, -11693.6, -1940.73, 56.9141, 1.72788, 7200, 7200, 0, 0), -- Gurubashi Axe Thrower
(@CGUID+0144, 11350, 309, -11903.7, -1327.2, 77.621, 0.750492, 7200, 7200, 0, 0), -- Gurubashi Axe Thrower
(@CGUID+0145, 11350, 309, -11910.8, -1322.43, 77.5587, 0.680678, 7200, 7200, 0, 0), -- Gurubashi Axe Thrower
(@CGUID+0146, 11350, 309, -11981.4, -1707.25, 32.3669, 2.80998, 7200, 7200, 0, 0), -- Gurubashi Axe Thrower
(@CGUID+0147, 11350, 309, -11875.6, -1415.3, 61.1701, 5.5676, 7200, 7200, 0, 0), -- Gurubashi Axe Thrower
(@CGUID+0148, 11350, 309, -12055.0107421875, -1737.7178955078125, 52.92274093627929687, 3.351032257080078125, 21600, 21600, 0, 0), -- Gurubashi Axe Thrower
(@CGUID+0149, 11350, 309, -11969.4, -1557.64, 40.2843, 1.11701, 7200, 7200, 0, 0), -- Gurubashi Axe Thrower
(@CGUID+0150, 11350, 309, -11637.3, -1885.53, 57.2217, 1.3622, 7200, 7200, 5, 1), -- Gurubashi Axe Thrower
(@CGUID+0151, 11350, 309, -11647.7, -1885.87, 57.3467, 6.15927, 7200, 7200, 5, 1), -- Gurubashi Axe Thrower
(@CGUID+0152, 11350, 309, -11655.8, -1892.26, 56.9461, 4.53786, 7200, 7200, 0, 0), -- Gurubashi Axe Thrower
(@CGUID+0153, 11350, 309, -11694.4, -1832.29, 41.5242, 3.64774, 7200, 7200, 0, 0), -- Gurubashi Axe Thrower
(@CGUID+0154, 11350, 309, -11699.7, -1834.12, 42.7127, 2.77507, 7200, 7200, 0, 0), -- Gurubashi Axe Thrower
(@CGUID+0155, 11350, 309, -11838.2, -1689.4, 40.7473, 1.19453, 7200, 7200, 0, 0), -- Gurubashi Axe Thrower
(@CGUID+0156, 11350, 309, -11833.6, -1692.85, 40.7477, 1.19455, 7200, 7200, 0, 0), -- Gurubashi Axe Thrower
(@CGUID+0157, 11350, 309, -11709.6, -1956.15, 57.1976, 6.17767, 7200, 7200, 5, 1), -- Gurubashi Axe Thrower
(@CGUID+0158, 11350, 309, -11744.1, -1919, 56.3862, 3.59538, 7200, 7200, 0, 0), -- Gurubashi Axe Thrower
(@CGUID+0159, 11350, 309, -11727.6, -1932.4, 56.6076, 1.30805, 7200, 7200, 5, 1), -- Gurubashi Axe Thrower
(@CGUID+0160, 11350, 309, -11535.5, -1495.57, 77.9503, 4.97419, 7200, 7200, 0, 0), -- Gurubashi Axe Thrower
(@CGUID+0161, 11350, 309, -11596.8, -1757.02, 39.8711, 5.51524, 7200, 7200, 0, 0), -- Gurubashi Axe Thrower
(@CGUID+0162, 11350, 309, -11649, -1568.68, 39.3923, 4.20624, 7200, 7200, 0, 0), -- Gurubashi Axe Thrower
(@CGUID+0163, 11350, 309, -11938.4, -1757.27, 51.845, 2.79253, 7200, 7200, 0, 0), -- Gurubashi Axe Thrower
(@CGUID+0164, 11350, 309, -11555.6, -1492.36, 68.8893, 3.9619, 7200, 7200, 0, 0), -- Gurubashi Axe Thrower
(@CGUID+0165, 11350, 309, -11563.3, -1733.07, 38.3489, 0, 7200, 7200, 0, 0), -- Gurubashi Axe Thrower
(@CGUID+0166, 11350, 309, -11601.8, -1744, 40.3132, 0.802851, 7200, 7200, 0, 0), -- Gurubashi Axe Thrower
(@CGUID+0167, 11351, 309, -12007.2, -1492.45, 82.0241, 1.39626, 7200, 7200, 0, 0), -- Gurubashi Headhunter
(@CGUID+0168, 11351, 309, -12008.5, -1484.91, 79.2389, 4.97419, 7200, 7200, 0, 0), -- Gurubashi Headhunter
(@CGUID+0172, 11351, 309, -11657.7, -1546.31, 40.038, 3.15905, 7200, 7200, 0, 0), -- Gurubashi Headhunter
(@CGUID+0173, 11351, 309, -11652.1, -1453.79, 59.4568, 5.5676, 7200, 7200, 0, 0), -- Gurubashi Headhunter
(@CGUID+0176, 11352, 309, -11815.8, -1712.56, 21.2108, 4.39823, 7200, 7200, 0, 0), -- Gurubashi Berserker
(@CGUID+0177, 11352, 309, -11760.3, -1708.16, 21.2108, 2.49582, 7200, 7200, 0, 0), -- Gurubashi Berserker
(@CGUID+0178, 11352, 309, -11806.6, -1622.62, 21.2285, 5.49779, 7200, 7200, 0, 0), -- Gurubashi Berserker
(@CGUID+0179, 11352, 309, -11736.1, -1651.65, 21.2108, 0.174533, 7200, 7200, 0, 0), -- Gurubashi Berserker
(@CGUID+0180, 11352, 309, -11736.7, -1636.54, 21.2108, 6.23082, 7200, 7200, 0, 0), -- Gurubashi Berserker
(@CGUID+0181, 11352, 309, -11892.4951171875, -1857.2500000000000, 63.02690887451171875, 4.468042850494384765, 21600, 21600, 0, 4), -- Gurubashi Berserker
(@CGUID+0182, 11352, 309, -12233.3242187500, -1934.5052490234375, 130.3541412353515625, 5.688751697540283203, 21600, 21600, 0, 4), -- Gurubashi Berserker
(@CGUID+0183, 11352, 309, -12101, -1478.76, 128.789, 0.171365, 7200, 7200, 0, 2), -- Gurubashi Berserker
(@CGUID+0184, 11352, 309, -11767.9, -1581.04, 21.1237, 1.5707, 7200, 7200, 0, 0), -- Gurubashi Berserker
(@CGUID+0185, 11352, 309, -11814.6, -1581.56, 21.1734, 1.5707, 7200, 7200, 0, 0), -- Gurubashi Berserker
(@CGUID+0186, 11352, 309, -11842.7, -1640.89, 21.2108, 3.40339, 7200, 7200, 0, 0), -- Gurubashi Berserker
(@CGUID+0187, 11352, 309, -11842, -1655.23, 21.2108, 2.94961, 7200, 7200, 0, 0), -- Gurubashi Berserker
(@CGUID+0188, 11352, 309, -11804.3564453125, -1849.8797607421875, 47.52538681030273437, 4.921828269958496093, 21600, 21600, 0, 4), -- Gurubashi Berserker
(@CGUID+0189, 11352, 309, -11722.7236328125, -1348.5209960937500, 62.37969207763671875, 3.390201091766357421, 21600, 21600, 0, 4), -- Gurubashi Berserker
(@CGUID+0190, 11352, 309, -12174.3, -1681.34, 100.199, 6.27537, 7200, 7200, 0, 2), -- Gurubashi Berserker
(@CGUID+0191, 11352, 309, -11611.7, -1736.6, 38.7837, 4.9382, 7200, 7200, 0, 2), -- Gurubashi Berserker
(@CGUID+0192, 11352, 309, -11556.6367187500, -1469.0388183593750, 67.32805633544921875, 1.675514221191406250, 21600, 21600, 0, 4), -- Gurubashi Berserker
(@CGUID+0193, 11352, 309, -12248.2314453125, -1818.8470458984375, 130.3076934814453125, 0.108089707791805267, 21600, 21600, 0, 4), -- Gurubashi Berserker
(@CGUID+0194, 11353, 309, -12388.9, -1900.82, 130.636, 4.60767, 7200, 7200, 0, 0), -- Gurubashi Blood Drinker
(@CGUID+0195, 11353, 309, -12393, -1905.57, 130.35, 0.663225, 7200, 7200, 0, 0), -- Gurubashi Blood Drinker
(@CGUID+0196, 11353, 309, -12387.7, -1849.4, 129.265, 0, 7200, 7200, 0, 0), -- Gurubashi Blood Drinker
(@CGUID+0197, 11353, 309, -12384.7, -1849.2, 129.759, 3.24631, 7200, 7200, 0, 0), -- Gurubashi Blood Drinker
(@CGUID+0198, 11353, 309, -12186.9, -1977, 133.142, 5.67232, 7200, 7200, 0, 0), -- Gurubashi Blood Drinker
(@CGUID+0199, 11353, 309, -12359.7, -1870.49, 130.518, 4.83456, 7200, 7200, 0, 0), -- Gurubashi Blood Drinker
(@CGUID+0200, 11353, 309, -12355.5, -1878.74, 130.407, 2.58309, 7200, 7200, 0, 0), -- Gurubashi Blood Drinker
(@CGUID+0201, 11353, 309, -11456.2, -1592.29, 50.268, 4.83912, 7200, 7200, 0, 0), -- Gurubashi Blood Drinker
(@CGUID+0202, 11353, 309, -11456.2, -1591.86, 50.4685, 4.83576, 7200, 7200, 5, 1), -- Gurubashi Blood Drinker
(@CGUID+0203, 11353, 309, -11650.6, -1488.65, 47.9501, 0.017453, 7200, 7200, 0, 0), -- Gurubashi Blood Drinker
(@CGUID+0204, 11353, 309, -12264.8, -1862.98, 132.538, 2.68781, 7200, 7200, 0, 0), -- Gurubashi Blood Drinker
(@CGUID+0205, 11353, 309, -12267.4, -1861.41, 131.826, 5.70723, 7200, 7200, 0, 0), -- Gurubashi Blood Drinker
(@CGUID+0206, 11353, 309, -12298.9, -1843.2, 130.432, 6.05629, 7200, 7200, 0, 0), -- Gurubashi Blood Drinker
(@CGUID+0207, 11353, 309, -12294.2, -1846.53, 130.355, 2.40855, 7200, 7200, 0, 0), -- Gurubashi Blood Drinker
(@CGUID+0208, 11353, 309, -12363.7, -1935.86, 132.47, 0.15708, 7200, 7200, 0, 0), -- Gurubashi Blood Drinker
(@CGUID+0209, 11353, 309, -12354.6, -1936.65, 132.493, 2.6529, 7200, 7200, 0, 0), -- Gurubashi Blood Drinker
(@CGUID+0210, 11353, 309, -12347, -1847.58, 131.092, 2.3911, 7200, 7200, 0, 0), -- Gurubashi Blood Drinker
(@CGUID+0211, 11353, 309, -12349.6, -1845.43, 131.042, 5.67232, 7200, 7200, 0, 0), -- Gurubashi Blood Drinker
(@CGUID+0212, 11353, 309, -12267.7, -1865.83, 132.445, 2.23402, 7200, 7200, 0, 0), -- Gurubashi Blood Drinker
(@CGUID+0213, 11353, 309, -12270, -1863.72, 131.597, 5.79449, 7200, 7200, 0, 0), -- Gurubashi Blood Drinker
(@CGUID+0214, 11353, 309, -12252.6, -1957.54, 132.868, 2.46091, 7200, 7200, 0, 0), -- Gurubashi Blood Drinker
(@CGUID+0215, 11353, 309, -11580.1, -1581.38, 49.6853, 2.29565, 7200, 7200, 0, 0), -- Gurubashi Blood Drinker
(@CGUID+0216, 11353, 309, -11579.8, -1582.05, 49.5485, 2.26201, 7200, 7200, 5, 1), -- Gurubashi Blood Drinker
(@CGUID+0217, 11353, 309, -12362.4, -1827.53, 130.339, 2.51327, 7200, 7200, 0, 0), -- Gurubashi Blood Drinker
(@CGUID+0218, 11353, 309, -12364.4, -1829.42, 130.354, 2.09439, 7200, 7200, 0, 0), -- Gurubashi Blood Drinker
(@CGUID+0219, 11353, 309, -12346.7, -1958.36, 132.932, 4.64258, 7200, 7200, 0, 0), -- Gurubashi Blood Drinker
(@CGUID+0220, 11353, 309, -12347.7, -1961.11, 132.849, 1.02974, 7200, 7200, 0, 0), -- Gurubashi Blood Drinker
(@CGUID+0221, 11353, 309, -12352, -1843.97, 130.966, 1.71042, 7200, 7200, 0, 0), -- Gurubashi Blood Drinker
(@CGUID+0222, 11353, 309, -12352.5, -1841.72, 131.105, 5.0091, 7200, 7200, 0, 0), -- Gurubashi Blood Drinker
(@CGUID+0223, 11353, 309, -11588, -1663.91, 51.7205, 5.91174, 7200, 7200, 0, 0), -- Gurubashi Blood Drinker
(@CGUID+0224, 11353, 309, -11585.8, -1663.11, 51.231, 5.80136, 7200, 7200, 5, 1), -- Gurubashi Blood Drinker
(@CGUID+0225, 11353, 309, -11498.4, -1641.72, 60.4915, 0.373932, 7200, 7200, 0, 0), -- Gurubashi Blood Drinker
(@CGUID+0226, 11353, 309, -11498.3, -1640.75, 60.4083, 4.54487, 7200, 7200, 5, 1), -- Gurubashi Blood Drinker
(@CGUID+0227, 11353, 309, -12393.2, -1940.51, 132.513, 2.05949, 7200, 7200, 0, 0), -- Gurubashi Blood Drinker
(@CGUID+0228, 11353, 309, -12394.8, -1936.30, 133.142, 5.11381, 7200, 7200, 0, 0), -- Gurubashi Blood Drinker
(@CGUID+0229, 11356, 309, -12340.8, -1958.38, 133.508, 2.72271, 7200, 7200, 0, 0), -- Gurubashi Champion
(@CGUID+0230, 11356, 309, -12343.8, -1957.15, 133.218, 5.89921, 7200, 7200, 0, 0), -- Gurubashi Champion
(@CGUID+0231, 11356, 309, -12181.4, -1980.66, 134.596, 1.62316, 7200, 7200, 0, 0), -- Gurubashi Champion
(@CGUID+0232, 11356, 309, -12190, -1980.93, 133.214, 1.41372, 7200, 7200, 0, 0), -- Gurubashi Champion
(@CGUID+0233, 11356, 309, -12332.2, -1903.89, 130.561, 0.575959, 7200, 7200, 0, 0), -- Gurubashi Champion
(@CGUID+0234, 11356, 309, -12329.5, -1901.46, 130.609, 4.10152, 7200, 7200, 0, 0), -- Gurubashi Champion
(@CGUID+0235, 11356, 309, -12183.8, -1978.48, 133.914, 2.6529, 7200, 7200, 0, 0), -- Gurubashi Champion
(@CGUID+0236, 11356, 309, -12391.2, -1942.1, 132.081, 4.24115, 7200, 7200, 0, 0), -- Gurubashi Champion
(@CGUID+0237, 11356, 309, -12222.1, -1910.29, 133.499, 2.67035, 7200, 7200, 0, 0), -- Gurubashi Champion
(@CGUID+0238, 11356, 309, -12217.4, -1905.82, 133.499, 2.68781, 7200, 7200, 0, 0), -- Gurubashi Champion
(@CGUID+0239, 11356, 309, -12215.3, -1911.08, 133.499, 0.017453, 7200, 7200, 0, 0), -- Gurubashi Champion
(@CGUID+0240, 11356, 309, -12212.8, -1914.35, 133.499, 1.53589, 7200, 7200, 0, 0), -- Gurubashi Champion
(@CGUID+0241, 11356, 309, -12252.2, -1956.25, 131.841, 2.96706, 7200, 7200, 0, 0), -- Gurubashi Champion
(@CGUID+0242, 11356, 309, -11740.2, -1680.33, 40.7082, 1.60699, 7200, 7200, 0, 0), -- Gurubashi Champion
(@CGUID+0243, 11356, 309, -11775.2, -1622.36, 21.2321, 0.820305, 7200, 7200, 0, 0), -- Gurubashi Champion
(@CGUID+0244, 11356, 309, -11772.2, -1625.23, 21.2319, 1.5708, 7200, 7200, 0, 0), -- Gurubashi Champion
(@CGUID+0245, 11356, 309, -12288, -1895.71, 130.493, 2.32129, 7200, 7200, 0, 0), -- Gurubashi Champion
(@CGUID+0246, 11356, 309, -12299.9, -1905.53, 131.343, 2.1293, 7200, 7200, 0, 0), -- Gurubashi Champion
(@CGUID+0247, 11356, 309, -12391.7, -1850.09, 129.413, 0.977384, 7200, 7200, 0, 0), -- Gurubashi Champion
(@CGUID+0248, 11356, 309, -12389.4, -1847.39, 129.877, 3.94444, 7200, 7200, 0, 0), -- Gurubashi Champion
(@CGUID+0249, 11356, 309, -12294.9, -1902.03, 130.362, 2.14675, 7200, 7200, 0, 0), -- Gurubashi Champion
(@CGUID+0250, 11356, 309, -12284, -1891.46, 131.061, 2.51327, 7200, 7200, 0, 0), -- Gurubashi Champion
(@CGUID+0251, 11356, 309, -12251.9, -1959.7, 134.07, 0.925025, 7200, 7200, 0, 0), -- Gurubashi Champion
(@CGUID+0252, 11356, 309, -12258.5, -1954.66, 131.734, 0.820305, 7200, 7200, 0, 0), -- Gurubashi Champion
(@CGUID+0253, 11357, 309, -11742.7, -1620.51, 36.9983, 1.59794, 20, 20, 0, 2), -- Son of Hakkar (Hakkar temple northern, fast respawn intentional)
(@CGUID+0254, 11357, 309, -11834.4, -1667.85, 36.9993, 1.51519, 20, 20, 0, 2), -- Son of Hakkar (Hakkar temple southern, fast respawn intentional)
(@CGUID+0255, 11357, 309, -11778.4, -1670.83, 21.2324, 1.16937, 7200, 7200, 0, 0), -- Son of Hakkar
(@CGUID+0256, 11357, 309, -11795.4, -1670.86, 21.2324, 2.28638, 7200, 7200, 0, 0), -- Son of Hakkar
(@CGUID+0257, 11357, 309, -11712.7, -1699.62, 19.8865, 4.77213, 7200, 7200, 5, 1), -- Son of Hakkar
(@CGUID+0258, 11357, 309, -11720.2, -1569.7, 19.5764, 2.37036, 7200, 7200, 0, 0), -- Son of Hakkar
(@CGUID+0259, 11357, 309, -11770.1, -1622.53, 21.2263, 0.314159, 7200, 7200, 0, 0), -- Son of Hakkar
(@CGUID+0260, 11357, 309, -11777.8, -1625.28, 21.2322, 5.16617, 7200, 7200, 0, 0), -- Son of Hakkar
(@CGUID+0261, 11357, 309, -11817.8, -1720.2, 20.0253, 5.79449, 7200, 7200, 0, 0), -- Son of Hakkar
(@CGUID+0262, 11357, 309, -11808.6, -1711.24, 21.1275, 6.1443, 7200, 7200, 5, 1), -- Son of Hakkar
(@CGUID+0263, 11357, 309, -11835, -1693.47, 40.7479, 1.19462, 7200, 7200, 0, 0), -- Son of Hakkar
(@CGUID+0264, 11357, 309, -11859.9, -1697.61, 19.792, 1.73108, 7200, 7200, 0, 0), -- Son of Hakkar
(@CGUID+0265, 11357, 309, -11862.9, -1597.54, 20.2768, 4.62603, 7200, 7200, 5, 1), -- Son of Hakkar
(@CGUID+0266, 11357, 309, -11755.7, -1716.61, 21.1275, 3.042, 7200, 7200, 5, 1), -- Son of Hakkar
(@CGUID+0267, 11357, 309, -11769.2, -1708.15, 21.2108, 3.57792, 7200, 7200, 0, 0), -- Son of Hakkar
(@CGUID+0268, 11357, 309, -11839, -1694.82, 40.7486, 0.459823, 7200, 7200, 5, 1), -- Son of Hakkar
(@CGUID+0269, 11357, 309, -11839.1, -1698.83, 40.7495, 3.71178, 7200, 7200, 5, 1), -- Son of Hakkar
(@CGUID+0270, 11357, 309, -11739.4, -1680.21, 40.7056, 1.94557, 7200, 7200, 5, 1), -- Son of Hakkar
(@CGUID+0271, 11357, 309, -11737.4, -1678.02, 40.2874, 1.81315, 7200, 7200, 5, 1), -- Son of Hakkar
(@CGUID+0272, 11357, 309, -11801.9, -1628.01, 21.1491, 4.97787, 7200, 7200, 5, 1), -- Son of Hakkar
(@CGUID+0273, 11357, 309, -11796.7, -1623.35, 21.2323, 6.16101, 7200, 7200, 0, 0), -- Son of Hakkar
(@CGUID+0274, 11359, 309, -11714.8, -1700.98, 21.1275, 4.77227, 7200, 7200, 5, 1), -- Soulflayer
(@CGUID+0275, 11359, 309, -11819.6, -1705.6, 21.1275, 3.71844, 7200, 7200, 5, 1), -- Soulflayer
(@CGUID+0276, 11359, 309, -11838.4, -1690.95, 40.7477, 1.19454, 7200, 7200, 0, 0), -- Soulflayer
(@CGUID+0277, 11359, 309, -11861.1, -1600.41, 21.1053, 4.62612, 7200, 7200, 5, 1), -- Soulflayer
(@CGUID+0278, 11359, 309, -11741.8, -1679.3, 40.6688, 1.60721, 7200, 7200, 5, 1), -- Soulflayer
(@CGUID+0279, 11359, 309, -11736.9, -1679.12, 40.6699, 1.60705, 7200, 7200, 5, 1), -- Soulflayer
(@CGUID+0280, 11359, 309, -11753.1, -1704.21, 21.1275, 0.047909, 7200, 7200, 5, 1), -- Soulflayer
(@CGUID+0281, 11359, 309, -11839.1, -1697.36, 40.7492, 1.72169, 7200, 7200, 0, 2), -- Soulflayer
(@CGUID+0282, 11359, 309, -11739.1, -1674.18, 37.5981, 1.83708, 7200, 7200, 0, 2), -- Soulflayer
(@CGUID+0283, 11360, 309, -11686, -1888.25, 57.0057, 2.93215, 7200, 7200, 0, 0), -- Zulian Cub
(@CGUID+0284, 11360, 309, -11718.4, -1917.09, 55.7326, 2.57413, 7200, 7200, 5, 1), -- Zulian Cub
(@CGUID+0285, 11360, 309, -11805.8, -1878.27, 45.4985, 5.96903, 7200, 7200, 0, 0), -- Zulian Cub
(@CGUID+0286, 11360, 309, -11751.7, -1896.04, 56.2729, 2.10993, 7200, 7200, 0, 2), -- Zulian Cub
(@CGUID+0287, 11360, 309, -11816.5, -1878.31, 48.0184, 1.01229, 7200, 7200, 0, 0), -- Zulian Cub
(@CGUID+0288, 11360, 309, -11811.4, -1899.16, 49.1025, 2.5948, 7200, 7200, 5, 1), -- Zulian Cub
(@CGUID+0289, 11360, 309, -11717.1, -1912.08, 55.559, 3.735, 7200, 7200, 0, 0), -- Zulian Cub
(@CGUID+0290, 11360, 309, -11811.6, -1888.58, 47.0457, 2.02458, 7200, 7200, 0, 0), -- Zulian Cub
(@CGUID+0291, 11360, 309, -11685, -1914.06, 56.075, 5.28835, 7200, 7200, 0, 0), -- Zulian Cub
(@CGUID+0292, 11360, 309, -11736.7, -1907.64, 56.2351, 0.855211, 7200, 7200, 0, 2), -- Zulian Cub
(@CGUID+0293, 11360, 309, -11799.3, -1890.95, 47.0202, 3.07178, 7200, 7200, 0, 0), -- Zulian Cub
(@CGUID+0294, 11360, 309, -11803.6, -1883.74, 45.6479, 0.785398, 7200, 7200, 0, 0), -- Zulian Cub
(@CGUID+0295, 11361, 309, -11818.3, -1892.84, 48.7754, 0.628319, 7200, 7200, 0, 0), -- Zulian Tiger
(@CGUID+0296, 11361, 309, -11791.4, -1895.77, 48.4045, 1.36136, 7200, 7200, 0, 0), -- Zulian Tiger
(@CGUID+0297, 11361, 309, -11807.8, -1897.04, 48.7144, 1.06465, 7200, 7200, 0, 0), -- Zulian Tiger
(@CGUID+0298, 11361, 309, -11825.4, -1863.41, 51.7791, 0.05236, 7200, 7200, 0, 0), -- Zulian Tiger
(@CGUID+0299, 11361, 309, -11824.2, -1856.49, 51.7036, 4.88692, 7200, 7200, 0, 0), -- Zulian Tiger
(@CGUID+0300, 11361, 309, -11826.7, -1871.16, 52.7241, 5.42797, 7200, 7200, 0, 0), -- Zulian Tiger
(@CGUID+0301, 11361, 309, -11689.1, -1936.64, 56.8723, 2.75762, 7200, 7200, 0, 0), -- Zulian Tiger
(@CGUID+0302, 11361, 309, -11676.5, -1939.07, 57.3162, 4.50295, 7200, 7200, 0, 0), -- Zulian Tiger
(@CGUID+0303, 11361, 309, -11668.8, -1930.49, 57.889, 0.226893, 7200, 7200, 0, 0), -- Zulian Tiger
(@CGUID+0304, 11361, 309, -11675.5, -1922.65, 56.5736, 3.35103, 7200, 7200, 0, 0), -- Zulian Tiger
(@CGUID+0305, 11361, 309, -11680.8, -1928.7, 56.7897, 3.31613, 7200, 7200, 0, 0), -- Zulian Tiger
(@CGUID+0306, 11361, 309, -11695.2, -2001.47, 62.4163, 2.44346, 7200, 7200, 0, 0), -- Zulian Tiger
(@CGUID+0307, 11361, 309, -11706.6, -2001.38, 62.4163, 1.06465, 7200, 7200, 0, 0), -- Zulian Tiger
(@CGUID+0308, 11361, 309, -11591.7, -1756.43, 40.0162, 3.39848, 7200, 7200, 0, 0), -- Zulian Tiger
(@CGUID+0309, 11361, 309, -11598.9, -1764.43, 39.9138, 0.610865, 7200, 7200, 0, 0), -- Zulian Tiger
(@CGUID+0310, 11361, 309, -11603.5, -1739.6, 39.4761, 5.02655, 7200, 7200, 0, 0), -- Zulian Tiger
(@CGUID+0311, 11361, 309, -11601.3, -1729.95, 39.7037, 5.93412, 7200, 7200, 0, 0), -- Zulian Tiger
(@CGUID+0312, 11361, 309, -11725, -1938.05, 56.5905, 0.15708, 7200, 7200, 0, 0), -- Zulian Tiger
(@CGUID+0313, 11361, 309, -11733.2, -1940.66, 57.593, 5.96903, 7200, 7200, 0, 0), -- Zulian Tiger
(@CGUID+0314, 11361, 309, -11733.1, -1929.62, 56.5639, 2.58309, 7200, 7200, 0, 0), -- Zulian Tiger
(@CGUID+0315, 11361, 309, -11745.2, -1922.21, 56.6405, 2.67035, 7200, 7200, 0, 0), -- Zulian Tiger
(@CGUID+0316, 11361, 309, -11750.4, -1916.03, 56.5897, 1.58825, 7200, 7200, 0, 0), -- Zulian Tiger
(@CGUID+0317, 11361, 309, -11689.6, -1831.24, 40.5991, 4.88692, 7200, 7200, 0, 0), -- Zulian Tiger
(@CGUID+0318, 11361, 309, -11703.5, -1836.96, 42.6274, 5.75959, 7200, 7200, 0, 0), -- Zulian Tiger
(@CGUID+0319, 11361, 309, -11697.6, -1827.12, 41.2645, 3.94444, 7200, 7200, 0, 0), -- Zulian Tiger
(@CGUID+0320, 11361, 309, -11653, -1910.85, 57.5342, 3.45575, 7200, 7200, 0, 0), -- Zulian Tiger
(@CGUID+0321, 11361, 309, -11642.4, -1890.35, 57.4213, 2.40855, 7200, 7200, 0, 0), -- Zulian Tiger
(@CGUID+0322, 11361, 309, -11653.5, -1899.54, 56.6081, 1.16937, 7200, 7200, 0, 0), -- Zulian Tiger
(@CGUID+0323, 11361, 309, -11650.4, -1895.66, 56.9303, 3.59538, 7200, 7200, 0, 0), -- Zulian Tiger
(@CGUID+0324, 11361, 309, -11656, -1880.3, 56.7794, 4.31096, 7200, 7200, 0, 0), -- Zulian Tiger
(@CGUID+0325, 11361, 309, -11813.3, -1803.43, 51.3092, 3.66519, 7200, 7200, 0, 0), -- Zulian Tiger
(@CGUID+0326, 11361, 309, -11826.9, -1802.68, 52.0076, 5.53269, 7200, 7200, 0, 0), -- Zulian Tiger
(@CGUID+0327, 11361, 309, -11809.5, -1810.02, 51.5274, 1.90241, 7200, 7200, 0, 0), -- Zulian Tiger
(@CGUID+0328, 11361, 309, -11940.9, -1763.15, 52.483, 0.453786, 7200, 7200, 0, 0), -- Zulian Tiger
(@CGUID+0329, 11361, 309, -11939.3, -1750.69, 52.8272, 0.017453, 7200, 7200, 0, 0), -- Zulian Tiger
(@CGUID+0336, 11365, 309, -11526.2, -1683.66, 49.2104, 6.04566, 7200, 7200, 0, 0), -- Zulian Panther
(@CGUID+0337, 11365, 309, -11525, -1685.19, 49.7388, 0.083731, 7200, 7200, 5, 1), -- Zulian Panther
(@CGUID+0338, 11365, 309, -11524.2, -1683.65, 49.4405, 5.89116, 7200, 7200, 5, 1), -- Zulian Panther
(@CGUID+0339, 11365, 309, -11523, -1686.1, 50.0412, 0.599685, 7200, 7200, 5, 1), -- Zulian Panther
(@CGUID+0340, 11365, 309, -11549.3, -1554.1, 50.9232, 0.816936, 7200, 7200, 0, 0), -- Zulian Panther
(@CGUID+0341, 11365, 309, -11547.4, -1554.03, 51.0091, 1.11034, 7200, 7200, 5, 1), -- Zulian Panther
(@CGUID+0342, 11365, 309, -11547.6, -1549.76, 51.3208, 6.1836, 7200, 7200, 5, 1), -- Zulian Panther
(@CGUID+0343, 11365, 309, -11546.5, -1552.91, 51.1642, 1.22446, 7200, 7200, 5, 1), -- Zulian Panther
(@CGUID+0344, 11365, 309, -11510.4, -1663.15, 71.4066, 2.28638, 7200, 7200, 0, 0), -- Zulian Panther
(@CGUID+0345, 11365, 309, -11511.1, -1670.26, 71.4066, 5.49779, 7200, 7200, 0, 0), -- Zulian Panther
(@CGUID+0346, 11365, 309, -11524.2, -1670.44, 71.4067, 3.19395, 7200, 7200, 0, 0), -- Zulian Panther
(@CGUID+0347, 11365, 309, -11519, -1664.11, 71.4067, 5.49779, 7200, 7200, 0, 0), -- Zulian Panther
(@CGUID+0348, 11365, 309, -11573, -1667.54, 49.6334, 2.80813, 7200, 7200, 0, 0), -- Zulian Panther
(@CGUID+0349, 11365, 309, -11576.6, -1666.62, 49.2497, 2.77847, 7200, 7200, 5, 1), -- Zulian Panther
(@CGUID+0350, 11365, 309, -11573.4, -1669.59, 49.5494, 2.65977, 7200, 7200, 5, 1), -- Zulian Panther
(@CGUID+0351, 11365, 309, -11573.4, -1665.55, 49.5491, 2.94749, 7200, 7200, 5, 1), -- Zulian Panther
(@CGUID+0352, 11365, 309, -11534.6, -1610.75, 60.4916, 3.00808, 7200, 7200, 0, 0), -- Zulian Panther
(@CGUID+0353, 11365, 309, -11538.1, -1607.61, 60.4083, 3.62696, 7200, 7200, 5, 1), -- Zulian Panther
(@CGUID+0354, 11365, 309, -11534.8, -1613.09, 60.4083, 2.71321, 7200, 7200, 5, 1), -- Zulian Panther
(@CGUID+0355, 11365, 309, -11536, -1611.98, 60.4083, 2.79071, 7200, 7200, 5, 1), -- Zulian Panther
(@CGUID+0356, 11365, 309, -11495.2, -1616.76, 60.4903, 4.48279, 7200, 7200, 0, 0), -- Zulian Panther
(@CGUID+0357, 11365, 309, -11495.2, -1621.51, 60.4075, 3.1743, 7200, 7200, 5, 1), -- Zulian Panther
(@CGUID+0358, 11365, 309, -11496, -1619.55, 60.4075, 4.58392, 7200, 7200, 5, 1), -- Zulian Panther
(@CGUID+0359, 11365, 309, -11495.1, -1618.88, 60.4074, 4.30856, 7200, 7200, 5, 1), -- Zulian Panther
(@CGUID+0360, 11365, 309, -11587, -1580.33, 51.4009, 6.13104, 7200, 7200, 0, 0), -- Zulian Panther
(@CGUID+0361, 11365, 309, -11584.2, -1576.76, 50.7188, 5.43724, 7200, 7200, 5, 1), -- Zulian Panther
(@CGUID+0362, 11365, 309, -11586.7, -1576.85, 51.2061, 5.67895, 7200, 7200, 5, 1), -- Zulian Panther
(@CGUID+0363, 11365, 309, -11583.4, -1578.33, 50.5416, 5.53787, 7200, 7200, 5, 1), -- Zulian Panther
(@CGUID+0364, 11365, 309, -11453.8, -1611.1, 49.2878, 1.69817, 7200, 7200, 0, 0), -- Zulian Panther
(@CGUID+0365, 11365, 309, -11455.8, -1606.51, 49.4163, 1.60445, 7200, 7200, 5, 1), -- Zulian Panther
(@CGUID+0366, 11365, 309, -11454.6, -1613.08, 49.0983, 1.6476, 7200, 7200, 5, 1), -- Zulian Panther
(@CGUID+0367, 11365, 309, -11454.1, -1609.09, 49.5681, 1.69753, 7200, 7200, 5, 1), -- Zulian Panther
(@CGUID+0368, 11365, 309, -11492, -1607.23, 71.4067, 4.41948, 7200, 7200, 0, 0), -- Zulian Panther
(@CGUID+0369, 11365, 309, -11491.2, -1612.34, 71.3234, 4.20817, 7200, 7200, 5, 1), -- Zulian Panther
(@CGUID+0370, 11365, 309, -11491.9, -1612.31, 71.3234, 4.27319, 7200, 7200, 5, 1), -- Zulian Panther
(@CGUID+0371, 11365, 309, -11491.8, -1609.3, 71.3234, 4.36473, 7200, 7200, 5, 1), -- Zulian Panther
(@CGUID+0372, 11365, 309, -11519.3, -1642.37, 49.5332, 1.97147, 7200, 7200, 5, 1), -- Zulian Panther
(@CGUID+0373, 11365, 309, -11522.6, -1636.72, 49.5283, 2.2845, 7200, 7200, 5, 1), -- Zulian Panther
(@CGUID+0374, 11365, 309, -11520.7, -1639.37, 49.5312, 6.22186, 7200, 7200, 5, 1), -- Zulian Panther
(@CGUID+0375, 11365, 309, -11514.8, -1632.89, 49.5414, 0.632592, 7200, 7200, 5, 1), -- Zulian Panther
(@CGUID+0379, 11365, 309, -11511.2, -1580.07, 71.4067, 2.33874, 7200, 7200, 0, 0), -- Zulian Panther
(@CGUID+0380, 11365, 309, -11523.6, -1573.28, 71.4067, 3.76991, 7200, 7200, 0, 0), -- Zulian Panther
(@CGUID+0381, 11365, 309, -11525.1, -1582.7, 71.4067, 5.5676, 7200, 7200, 0, 0), -- Zulian Panther
(@CGUID+0382, 11365, 309, -11511.8, -1573.41, 71.4067, 2.87979, 7200, 7200, 0, 0), -- Zulian Panther
(@CGUID+0388, 11368, 309, -12214.1, -1477.24, 130.975, 0.493384, 7200, 7200, 5, 1), -- Bloodseeker Bat
(@CGUID+0389, 11368, 309, -12213.5, -1480.31, 131.35, 0.173256, 7200, 7200, 5, 1), -- Bloodseeker Bat
(@CGUID+0390, 11368, 309, -12236.5, -1497.11, 134.374, 5.69874, 7200, 7200, 5, 1), -- Bloodseeker Bat
(@CGUID+0391, 11368, 309, -12235.9, -1490.88, 132.874, 0.130827, 7200, 7200, 5, 1), -- Bloodseeker Bat
(@CGUID+0392, 11368, 309, -12051.8, -1427.93, 130.068, 1.18734, 7200, 7200, 0, 0), -- Bloodseeker Bat
(@CGUID+0393, 11368, 309, -12058.8, -1438.04, 130.265, 0.967434, 7200, 7200, 3, 1), -- Bloodseeker Bat
(@CGUID+0394, 11368, 309, -12054, -1442.81, 130.063, 0.386498, 7200, 7200, 3, 1), -- Bloodseeker Bat
(@CGUID+0395, 11368, 309, -12054.5, -1439.37, 130.265, 1.34199, 7200, 7200, 3, 1), -- Bloodseeker Bat
(@CGUID+0396, 11368, 309, -12155.9, -1487.27, 130.85, 4.03946, 7200, 7200, 5, 1), -- Bloodseeker Bat
(@CGUID+0397, 11368, 309, -12152.5, -1484.64, 130.725, 4.26775, 7200, 7200, 5, 1), -- Bloodseeker Bat
(@CGUID+0398, 11368, 309, -12155.2, -1487.32, 130.85, 4.09352, 7200, 7200, 5, 1), -- Bloodseeker Bat
(@CGUID+0404, 11368, 309, -12154.1, -1460.24, 130.725, 0.258444, 7200, 7200, 5, 1), -- Bloodseeker Bat
(@CGUID+0405, 11368, 309, -12166.8, -1463.59, 130.725, 0.158884, 7200, 7200, 0, 0), -- Bloodseeker Bat
(@CGUID+0406, 11368, 309, -12171.8, -1462.23, 130.725, 0.026701, 7200, 7200, 0, 0), -- Bloodseeker Bat
(@CGUID+0407, 11368, 309, -11985.9, -1475.85, 79.7788, 1.59486, 7200, 7200, 5, 1), -- Bloodseeker Bat
(@CGUID+0408, 11368, 309, -11978.2, -1464.7, 80.1628, 1.46608, 7200, 7200, 0, 0), -- Bloodseeker Bat
(@CGUID+0409, 11368, 309, -11988.6, -1467.06, 80.3768, 1.98968, 7200, 7200, 0, 0), -- Bloodseeker Bat
(@CGUID+0410, 11368, 309, -11564.6, -1736.66, 39.1476, 0.226893, 7200, 7200, 0, 0), -- Bloodseeker Bat
(@CGUID+0411, 11368, 309, -11553.9, -1740.82, 38.8256, 4.4425, 7200, 7200, 5, 1), -- Bloodseeker Bat
(@CGUID+0412, 11368, 309, -12193.7, -1470.71, 147.973, 0.718845, 7200, 7200, 5, 1), -- Bloodseeker Bat
(@CGUID+0413, 11368, 309, -12150.4, -1468.93, 160.553, 0.188655, 7200, 7200, 5, 1), -- Bloodseeker Bat
(@CGUID+0414, 11368, 309, -12214.6, -1414.05, 156.978, 0.240646, 7200, 7200, 5, 1), -- Bloodseeker Bat
(@CGUID+0415, 11368, 309, -12263.2, -1452.55, 143.499, 4.92516, 7200, 7200, 5, 1), -- Bloodseeker Bat
(@CGUID+0418, 11368, 309, -12277.8, -1408.08, 144.63, 4.88027, 7200, 7200, 5, 1), -- Bloodseeker Bat
(@CGUID+0419, 11368, 309, -12283.7, -1391.63, 145.494, 5.27237, 7200, 7200, 5, 1), -- Bloodseeker Bat
(@CGUID+0420, 11368, 309, -12319.3, -1352.99, 143.958, 0.855211, 7200, 7200, 0, 0), -- Bloodseeker Bat
(@CGUID+0421, 11368, 309, -12316, -1348.71, 144.088, 3.00197, 7200, 7200, 0, 0), -- Bloodseeker Bat
(@CGUID+0422, 11368, 309, -12313.7, -1350.58, 143.917, 1.71042, 7200, 7200, 0, 0), -- Bloodseeker Bat
(@CGUID+0423, 11368, 309, -12316.7, -1352.18, 143.871, 3.1765, 7200, 7200, 0, 0), -- Bloodseeker Bat
(@CGUID+0424, 11368, 309, -12309.9, -1348.91, 144.447, 0.314159, 7200, 7200, 0, 0), -- Bloodseeker Bat
(@CGUID+0425, 11370, 309, -12363.2, -1614.1, 130.635, 0.896689, 7200, 7200, 5, 1), -- Razzashi Broodwidow
(@CGUID+0426, 11370, 309, -12359, -1612.38, 130.385, 5.99684, 7200, 7200, 5, 1), -- Razzashi Broodwidow
(@CGUID+0427, 11370, 309, -12362.1, -1683.15, 134.764, 1.62316, 7200, 7200, 0, 0), -- Razzashi Broodwidow
(@CGUID+0428, 11370, 309, -12353.9, -1676.98, 130.867, 2.25148, 7200, 7200, 0, 0), -- Razzashi Broodwidow
(@CGUID+0429, 11370, 309, -12283, -1650.87, 131.73, 0.017453, 7200, 7200, 0, 0), -- Razzashi Broodwidow
(@CGUID+0430, 11370, 309, -12286.3, -1645.34, 133.649, 5.16617, 7200, 7200, 0, 0), -- Razzashi Broodwidow
(@CGUID+0431, 11370, 309, -12312.8, -1686.91, 131.308, 4.6604, 7200, 7200, 5, 1), -- Razzashi Broodwidow
(@CGUID+0433, 11371, 309, -11649.5, -1565.6, 41.0883, 2.75762, 7200, 7200, 0, 0), -- Razzashi Serpent
(@CGUID+0437, 0, 309, -11866.1230468750, -1312.9659423828125, 78.2720336914062500, 4.363323211669921875, 21600, 21600, 0, 0), -- Razzashi Serpent, Razzashi Adder
(@CGUID+0441, 11371, 309, -11959.6, -1549.34, 40.7841, 2.26893, 7200, 7200, 0, 0), -- Razzashi Serpent
(@CGUID+0446, 11371, 309, -11885, -1368.42, 68.8007, 5.53269, 7200, 7200, 3, 1), -- Razzashi Serpent
(@CGUID+0447, 11371, 309, -11878.2, -1368.68, 69.7661, 3.90954, 7200, 7200, 3, 1), -- Razzashi Serpent
(@CGUID+0448, 11371, 309, -11896.4, -1365.13, 69.8727, 2.42601, 7200, 7200, 3, 1), -- Razzashi Serpent
(@CGUID+0449, 11371, 309, -11563.9, -1490.02, 69.832, 4.32842, 7200, 7200, 0, 0), -- Razzashi Serpent
(@CGUID+0450, 0, 309, -11989.8164062500, -1845.6539306640625, 60.00648117065429687, 0.122173048555850982, 21600, 21600, 0, 0), -- Razzashi Serpent, Razzashi Adder
(@CGUID+0451, 0, 309, -11993.6064453125, -1842.4761962890625, 58.74357604980468750, 2.897246599197387695, 21600, 21600, 0, 0), -- Razzashi Serpent, Razzashi Adder
(@CGUID+0460, 0, 309, -11949.4492187500, -1645.9305419921875, 39.72154617309570312, 4.886921882629394531, 21600, 21600, 0, 0), -- Razzashi Serpent, Razzashi Adder
(@CGUID+0462, 11371, 309, -11647.5, -1496.57, 43.8596, 5.72468, 7200, 7200, 0, 0), -- Razzashi Serpent
(@CGUID+0463, 11371, 309, -11544.7, -1788.09, 65.0068, 3.6944, 7200, 7200, 5, 1), -- Razzashi Serpent
(@CGUID+0464, 11371, 309, -11556, -1795.03, 57.8967, 0.552799, 7200, 7200, 5, 1), -- Razzashi Serpent
(@CGUID+0466, 11372, 309, -11643, -1573.21, 39.7114, 4.88692, 7200, 7200, 0, 0), -- Razzashi Adder
(@CGUID+0468, 0, 309, -11862.1572265625, -1317.2054443359375, 79.0371551513671875, 4.153883457183837890, 21600, 21600, 0, 0), -- Razzashi Serpent, Razzashi Adder
(@CGUID+0470, 11372, 309, -11966.8, -1552.08, 41.2712, 0, 7200, 7200, 5, 1), -- Razzashi Adder
(@CGUID+0477, 11372, 309, -11884.3, -1379.01, 66.4316, 3.36848, 7200, 7200, 3, 1), -- Razzashi Adder
(@CGUID+0478, 11372, 309, -11556.7, -1487.4, 68.982, 6.24828, 7200, 7200, 0, 0), -- Razzashi Adder
(@CGUID+0487, 0, 309, -11952.5751953125, -1648.8303222656250, 40.12080001831054687, 3.385938644409179687, 21600, 21600, 0, 0), -- Razzashi Adder
(@CGUID+0489, 11372, 309, -11615.8, -1847.66, 41.4099, 1.0472, 7200, 7200, 0, 0), -- Razzashi Adder
(@CGUID+0490, 11372, 309, -11615.4, -1851.05, 42.0551, 3.94444, 7200, 7200, 0, 0), -- Razzashi Adder
(@CGUID+0491, 11372, 309, -11637, -1489.19, 45.4126, 3.07178, 7200, 7200, 0, 0), -- Razzashi Adder
(@CGUID+0492, 11372, 309, -11584.3, -1817.37, 41.5385, 5.95157, 7200, 7200, 0, 0), -- Razzashi Adder
(@CGUID+0493, 11372, 309, -11590.6, -1812.11, 41.5742, 2.44346, 7200, 7200, 0, 0), -- Razzashi Adder
(@CGUID+0494, 11373, 309, -12029.4, -1714.54, 39.3626, 0.680678, 7200, 7200, 0, 0), -- Razzashi Cobra
(@CGUID+0495, 11373, 309, -12036.8, -1704.27, 40.0668, 0.453786, 7200, 7200, 0, 0), -- Razzashi Cobra
(@CGUID+0496, 11373, 309, -12037.7, -1694.21, 39.3567, 0.279253, 7200, 7200, 0, 0), -- Razzashi Cobra
(@CGUID+0497, 11373, 309, -12021.2, -1719.74, 39.3461, 0.855211, 7200, 7200, 0, 0), -- Razzashi Cobra
(@CGUID+0498, 11374, 309, -11885.3, -1716.99, 0.825397, 3.12414, 7200, 7200, 0, 0), -- Hooktooth Frenzy
(@CGUID+0499, 11374, 309, -11714, -1759.32, -3.72837, 0.820305, 7200, 7200, 0, 0), -- Hooktooth Frenzy
(@CGUID+0500, 11374, 309, -11700.9, -1490.58, -14.1047, 3.4628, 7200, 7200, 0, 0), -- Hooktooth Frenzy
(@CGUID+0501, 11374, 309, -11724.6, -1806.67, -14.6227, 3.07178, 7200, 7200, 0, 0), -- Hooktooth Frenzy
(@CGUID+0502, 11374, 309, -11873.3, -1742.98, -2.55283, 1.43117, 7200, 7200, 0, 0), -- Hooktooth Frenzy
(@CGUID+0503, 11374, 309, -11716.9, -1452.71, -14.4241, 6.10865, 7200, 7200, 0, 0), -- Hooktooth Frenzy
(@CGUID+0504, 11374, 309, -11793.3, -1753.86, -12.4129, 0.785398, 7200, 7200, 0, 0), -- Hooktooth Frenzy
(@CGUID+0505, 11374, 309, -11669.3, -1658.74, -10.4297, 1.71042, 7200, 7200, 0, 0), -- Hooktooth Frenzy
(@CGUID+0506, 11374, 309, -11856.4, -1518.22, -13.34, 0.820305, 7200, 7200, 0, 0), -- Hooktooth Frenzy
(@CGUID+0507, 11374, 309, -11851.6, -1486.17, -13.2821, 1.16937, 7200, 7200, 0, 0), -- Hooktooth Frenzy
(@CGUID+0508, 11374, 309, -11922.8, -1591.78, -14.3138, 1.22173, 7200, 7200, 0, 0), -- Hooktooth Frenzy
(@CGUID+0509, 11374, 309, -11935.1, -1466.74, -7.89878, 4.59022, 7200, 7200, 0, 0), -- Hooktooth Frenzy
(@CGUID+0510, 11374, 309, -11678.6, -1692.92, -14.7712, 0.453786, 7200, 7200, 0, 0), -- Hooktooth Frenzy
(@CGUID+0511, 11374, 309, -11679.6, -1607.96, -14.6621, 0.314159, 7200, 7200, 0, 0), -- Hooktooth Frenzy
(@CGUID+0512, 11374, 309, -12044.6, -1581.38, 15.264, 2.87979, 7200, 7200, 0, 0), -- Hooktooth Frenzy
(@CGUID+0513, 11374, 309, -11873.9, -1553.86, -8.80764, 2.93215, 7200, 7200, 0, 0), -- Hooktooth Frenzy
(@CGUID+0514, 11374, 309, -11676.5, -1727.6, -7.05103, 1.58825, 7200, 7200, 0, 0), -- Hooktooth Frenzy
(@CGUID+0515, 11374, 309, -11744.6, -1788.97, -14.3267, 2.86234, 7200, 7200, 0, 0), -- Hooktooth Frenzy
(@CGUID+0516, 11374, 309, -12018.9, -1584.4, 14.0031, 3.9968, 7200, 7200, 0, 0), -- Hooktooth Frenzy
(@CGUID+0517, 11374, 309, -11771.5, -1433.48, -10.2828, 2.26893, 7200, 7200, 0, 0), -- Hooktooth Frenzy
(@CGUID+0518, 11374, 309, -11818.4, -1744.63, -0.007552, 0.191986, 7200, 7200, 0, 0), -- Hooktooth Frenzy
(@CGUID+0519, 11374, 309, -11774.5, -1787.13, -14.901, 2.18166, 7200, 7200, 0, 0), -- Hooktooth Frenzy
(@CGUID+0520, 11374, 309, -11702, -1519.88, -13.6469, 3.59538, 7200, 7200, 0, 0), -- Hooktooth Frenzy
(@CGUID+0521, 11374, 309, -11902.9, -1650.85, -13.7488, 5.02655, 7200, 7200, 0, 0), -- Hooktooth Frenzy
(@CGUID+0522, 11374, 309, -11911.4, -1693.87, -13.2041, 3.28122, 7200, 7200, 0, 0), -- Hooktooth Frenzy
(@CGUID+0523, 11374, 309, -11819.2, -1383.93, -11.6749, 0.750492, 7200, 7200, 0, 0), -- Hooktooth Frenzy
(@CGUID+0524, 11374, 309, -11713, -1542.8, -10.5945, 6.21337, 7200, 7200, 0, 0), -- Hooktooth Frenzy
(@CGUID+0525, 11374, 309, -11899.9, -1620.04, -10.8756, 5.58505, 7200, 7200, 0, 0), -- Hooktooth Frenzy
(@CGUID+0526, 11374, 309, -11895.7, -1473.57, 2.47185, 1.44862, 7200, 7200, 0, 0), -- Hooktooth Frenzy
(@CGUID+0527, 11374, 309, -11819.9, -1448.73, -11.6653, 0.506145, 7200, 7200, 0, 0), -- Hooktooth Frenzy
(@CGUID+0528, 11380, 309, -11515.8, -1275.48, 79.6621, 3.15905, 259200, 259200, 0, 0), -- Jin'do the Hexxer
(@CGUID+0529, 11382, 309, -12167.8, -1927.25, 153.73, 3.76991, 259200, 259200, 0, 0), -- Bloodlord Mandokir
(@CGUID+0530, 11387, 309, -11981.1, -1705.5, 32.3669, 3.19395, 7200, 7200, 0, 0), -- Sandfury Speaker
(@CGUID+0531, 11388, 309, -12326.4, -1586.32, 132.436, 1.62316, 7200, 7200, 0, 0), -- Witherbark Speaker
(@CGUID+0532, 11389, 309, -11783.5, -1671.14, 21.2324, 1.91986, 7200, 7200, 0, 0), -- Bloodscalp Speaker
(@CGUID+0533, 11390, 309, -11790.3, -1671.5, 21.2324, 1.01229, 7200, 7200, 0, 0), -- Skullsplitter Speaker
(@CGUID+0534, 11391, 309, -12196.3, -1948.37, 130.36, 0.541052, 7200, 7200, 0, 0), -- Vilebranch Speaker
(@CGUID+0535, 11830, 309, -11829.2, -1324.6, 69.845, 1.71042, 7200, 7200, 0, 0), -- Hakkari Priest
(@CGUID+0536, 11830, 309, -12344.7, -1888.57, 130.433, 1.27425, 7200, 7200, 5, 1), -- Hakkari Priest
(@CGUID+0537, 11830, 309, -12347.5, -1890.89, 130.433, 0.964154, 7200, 7200, 5, 1), -- Hakkari Priest
(@CGUID+0538, 11830, 309, -12385.5, -1906.37, 130.344, 2.30383, 7200, 7200, 0, 0), -- Hakkari Priest
(@CGUID+0539, 11830, 309, -12187, -1978.89, 133.345, 0.261799, 7200, 7200, 0, 0), -- Hakkari Priest
(@CGUID+0540, 11830, 309, -12363, -1879.52, 130.378, 0.645772, 7200, 7200, 0, 0), -- Hakkari Priest
(@CGUID+0541, 11830, 309, -11789.1, -1664.91, 21.2324, 4.5204, 7200, 7200, 0, 0), -- Hakkari Priest
(@CGUID+0542, 11830, 309, -11784.9, -1664.88, 21.2324, 4.92183, 7200, 7200, 0, 0), -- Hakkari Priest
(@CGUID+0543, 11830, 309, -11666.8, -1545.98, 42.7417, 6.19592, 7200, 7200, 0, 0), -- Hakkari Priest
(@CGUID+0544, 11830, 309, -11987.5, -1705.43, 32.3669, 0, 7200, 7200, 0, 0), -- Hakkari Priest
(@CGUID+0545, 11830, 309, -11867.9, -1420.47, 61.0251, 2.68781, 7200, 7200, 0, 0), -- Hakkari Priest
(@CGUID+0546, 0, 309, -12051.0429687500, -1736.5230712890625, 52.04886627197265625, 0.191986218094825744, 21600, 21600, 0, 0), -- Gurubashi Axe Thrower, Hakkari Priest
(@CGUID+0547, 11830, 309, -11964.8, -1549.77, 41.5586, 4.11898, 7200, 7200, 0, 0), -- Hakkari Priest
(@CGUID+0548, 11830, 309, -12292.9, -1842.97, 130.411, 3.24631, 7200, 7200, 0, 0), -- Hakkari Priest
(@CGUID+0549, 11830, 309, -12360.1, -1930.85, 132.438, 5.21853, 7200, 7200, 0, 0), -- Hakkari Priest
(@CGUID+0550, 11830, 309, -12271.4, -1857.96, 130.846, 4.13643, 7200, 7200, 0, 0), -- Hakkari Priest
(@CGUID+0551, 11830, 309, -12273.9, -1861.77, 130.836, 0.959931, 7200, 7200, 0, 0), -- Hakkari Priest
(@CGUID+0552, 11830, 309, -12326.2, -1905.07, 130.62, 3.80482, 7200, 7200, 0, 0), -- Hakkari Priest
(@CGUID+0553, 11830, 309, -12328.7, -1907.03, 130.477, 0.698132, 7200, 7200, 0, 0), -- Hakkari Priest
(@CGUID+0554, 11830, 309, -12255.2, -1955.45, 131.898, 5.53269, 7200, 7200, 0, 0), -- Hakkari Priest
(@CGUID+0555, 11830, 309, -11742.4, -1677.77, 39.9884, 1.60727, 7200, 7200, 5, 1), -- Hakkari Priest
(@CGUID+0556, 11830, 309, -11738.4, -1680.27, 40.7086, 1.60699, 7200, 7200, 5, 1), -- Hakkari Priest
(@CGUID+0557, 11830, 309, -12368.2, -1822.81, 130.369, 5.2709, 7200, 7200, 0, 0), -- Hakkari Priest
(@CGUID+0558, 11830, 309, -11646, -1460.02, 62.202, 2.21657, 7200, 7200, 0, 0), -- Hakkari Priest
(@CGUID+0559, 11830, 309, -12323.9, -1883.92, 131.513, 5.04798, 7200, 7200, 5, 1), -- Hakkari Priest
(@CGUID+0560, 11830, 309, -12328.2, -1865.28, 130.382, 5.23959, 7200, 7200, 5, 1), -- Hakkari Priest
(@CGUID+0563, 11830, 309, -11652.8, -1574.88, 41.4328, 0.942478, 7200, 7200, 0, 0), -- Hakkari Priest
(@CGUID+0564, 11830, 309, -11558.9, -1496.57, 68.8893, 0.959931, 7200, 7200, 0, 0), -- Hakkari Priest
(@CGUID+0565, 11830, 309, -11554, -1733.13, 41.3323, 3.10669, 7200, 7200, 0, 0), -- Hakkari Priest
(@CGUID+0566, 11830, 309, -11596, -1738.28, 43.4556, 3.89208, 7200, 7200, 0, 0), -- Hakkari Priest
(@CGUID+0567, 11831, 309, -12004.8, -1483.22, 79.6192, 4.45059, 7200, 7200, 0, 0), -- Hakkari Witch Doctor
(@CGUID+0571, 11831, 309, -11836.5, -1693.3, 40.748, 1.19461, 7200, 7200, 0, 0), -- Hakkari Witch Doctor
(@CGUID+0572, 11831, 309, -11533.9, -1501.74, 77.9503, 1.81514, 7200, 7200, 0, 0), -- Hakkari Witch Doctor
(@CGUID+0573, 11831, 309, -11591.8, -1763.43, 43.3102, 2.07694, 7200, 7200, 0, 0), -- Hakkari Witch Doctor
(@CGUID+0574, 11831, 309, -11946.1, -1754.6, 55.5362, 5.96903, 7200, 7200, 0, 0), -- Hakkari Witch Doctor
(@CGUID+0575, 13321, 309, -11618.3, -1331.68, 78.0521, 3.61283, 7200, 7200, 0, 0), -- Frog
(@CGUID+0576, 13321, 309, -11594.5, -1344.47, 77.6063, 0.261799, 7200, 7200, 0, 0), -- Frog
(@CGUID+0577, 13321, 309, -11600.7, -1403.8, 67.741, 2.74017, 7200, 7200, 0, 0), -- Frog
(@CGUID+0578, 13321, 309, -11553.9, -1235.25, 79.3206, 0.471239, 7200, 7200, 0, 0), -- Frog
(@CGUID+0579, 13321, 309, -11605.9, -1375.77, 73.5189, 3.28122, 7200, 7200, 0, 0), -- Frog
(@CGUID+0580, 13321, 309, -11611.1, -1238.78, 80.4106, 4.45059, 7200, 7200, 0, 0), -- Frog
(@CGUID+0581, 13321, 309, -11624.7, -1367.77, 77.3574, 4.5204, 7200, 7200, 0, 0), -- Frog
(@CGUID+0582, 13321, 309, -11827.4, -1510.56, 15.03, 0.689255, 7200, 7200, 5, 1), -- Frog
(@CGUID+0583, 13321, 309, -11832.5, -1759.44, 12.1525, 6.15871, 7200, 7200, 5, 1), -- Frog
(@CGUID+0584, 13321, 309, -11872.2, -1761.27, 10.0581, 0.420804, 7200, 7200, 5, 1), -- Frog
(@CGUID+0585, 13321, 309, -11896.6, -1726.76, 10.9919, 0.692738, 7200, 7200, 5, 1), -- Frog
(@CGUID+0586, 13321, 309, -11815.9, -1311.57, 60.2826, 1.56394, 7200, 7200, 5, 1), -- Frog
(@CGUID+0587, 13321, 309, -11765.1, -1301.81, 58.6226, 2.0587, 7200, 7200, 5, 1), -- Frog
(@CGUID+0588, 13321, 309, -11775.4, -1414, 9.79819, 6.07598, 7200, 7200, 5, 1), -- Frog
(@CGUID+0589, 13321, 309, -11883.7, -1685.52, 14.3972, 5.8394, 7200, 7200, 5, 1), -- Frog
(@CGUID+0590, 13321, 309, -11824.4, -1492.95, 11.4211, 3.67213, 7200, 7200, 5, 1), -- Frog
(@CGUID+0591, 13321, 309, -11787.6, -1382.22, 10.9178, 4.84159, 7200, 7200, 5, 1), -- Frog
(@CGUID+0592, 14507, 309, -12029.8, -1707.93, 39.413, 3.71755, 259200, 259200, 0, 2), -- High Priest Venoxis
(@CGUID+0593, 14509, 309, -11700.8, -1998.94, 62.4163, 1.6057, 259200, 259200, 0, 0), -- High Priest Thekal
(@CGUID+0594, 14510, 309, -12326.5, -1577.11, 133.588, 4.81711, 259200, 259200, 0, 0), -- High Priestess Mar'li
(@CGUID+0595, 14517, 309, -12291.9, -1380.08, 144.902, 2.28638, 259200, 259200, 0, 0), -- High Priestess Jeklik
(@CGUID+0596, 14532, 309, -12351.8, -1607.17, 131.102, 2.66658, 7200, 7200, 5, 1), -- Razzashi Venombrood
(@CGUID+0597, 14532, 309, -12362.8, -1627.17, 130.385, 6.23661, 7200, 7200, 5, 1), -- Razzashi Venombrood
(@CGUID+0598, 14532, 309, -12386.2, -1619.2, 131.942, 2.78714, 7200, 7200, 5, 1), -- Razzashi Venombrood
(@CGUID+0599, 14532, 309, -12375.9, -1612.16, 131.442, 3.07695, 7200, 7200, 5, 1), -- Razzashi Venombrood
(@CGUID+0600, 14532, 309, -12365.4, -1598.13, 133.407, 3.13818, 7200, 7200, 5, 1), -- Razzashi Venombrood
(@CGUID+0601, 14532, 309, -12346.8, -1603.02, 132.26, 0.90897, 7200, 7200, 5, 1), -- Razzashi Venombrood
(@CGUID+0602, 14532, 309, -12353.5, -1618.14, 130.347, 1.98968, 7200, 7200, 0, 0), -- Razzashi Venombrood
(@CGUID+0603, 14532, 309, -12338.3, -1593.98, 133.091, 0.09056, 7200, 7200, 5, 1), -- Razzashi Venombrood
(@CGUID+0604, 14532, 309, -12355, -1668.35, 130.942, 3.42085, 7200, 7200, 0, 0), -- Razzashi Venombrood
(@CGUID+0605, 14532, 309, -12364.9, -1673.16, 132.588, 0.139626, 7200, 7200, 0, 0), -- Razzashi Venombrood
(@CGUID+0606, 14532, 309, -12349.7, -1685.52, 133.621, 0.331613, 7200, 7200, 0, 0), -- Razzashi Venombrood
(@CGUID+0607, 14532, 309, -12372.1, -1657.33, 130.942, 4.71574, 7200, 7200, 5, 1), -- Razzashi Venombrood
(@CGUID+0608, 14532, 309, -12370.2, -1682.7, 132.993, 3.05849, 7200, 7200, 5, 1), -- Razzashi Venombrood
(@CGUID+0609, 14532, 309, -12365.6, -1661.6, 130.415, 1.6057, 7200, 7200, 0, 0), -- Razzashi Venombrood
(@CGUID+0610, 14532, 309, -12379.9, -1661.66, 131.817, 0, 7200, 7200, 5, 1), -- Razzashi Venombrood
(@CGUID+0611, 14532, 309, -12374.9, -1672.46, 131.368, 6.03248, 7200, 7200, 5, 1), -- Razzashi Venombrood
(@CGUID+0612, 14532, 309, -12283.2, -1627.24, 133.495, 0, 7200, 7200, 5, 1), -- Razzashi Venombrood
(@CGUID+0613, 14532, 309, -12295.6, -1628.43, 131.6, 4.53786, 7200, 7200, 0, 0), -- Razzashi Venombrood
(@CGUID+0614, 14532, 309, -12276, -1638.02, 136.952, 3.44739, 7200, 7200, 5, 1), -- Razzashi Venombrood
(@CGUID+0615, 14532, 309, -12291.1, -1618.24, 130.8, 1.53693, 7200, 7200, 5, 1), -- Razzashi Venombrood
(@CGUID+0616, 14532, 309, -12293.9, -1642.43, 131.585, 1.91986, 7200, 7200, 0, 0), -- Razzashi Venombrood
(@CGUID+0617, 14532, 309, -12273.6, -1649.47, 134.943, 1.29154, 7200, 7200, 0, 0), -- Razzashi Venombrood
(@CGUID+0618, 14532, 309, -12286.9, -1636.15, 134.768, 2.02458, 7200, 7200, 0, 0), -- Razzashi Venombrood
(@CGUID+0619, 14532, 309, -12266.3, -1646.13, 133.791, 3.28122, 7200, 7200, 0, 0), -- Razzashi Venombrood
(@CGUID+0620, 14532, 309, -12288.7, -1687.73, 133.104, 4.89839, 7200, 7200, 5, 1), -- Razzashi Venombrood
(@CGUID+0621, 14532, 309, -12301.3, -1692.08, 131.708, 3.59538, 7200, 7200, 0, 0), -- Razzashi Venombrood
(@CGUID+0622, 14532, 309, -12311, -1684.61, 131.058, 3.7001, 7200, 7200, 0, 0), -- Razzashi Venombrood
(@CGUID+0623, 14532, 309, -12283, -1689.28, 131.896, 2.46108, 7200, 7200, 5, 1), -- Razzashi Venombrood
(@CGUID+0624, 14532, 309, -12298.9, -1679.9, 131.81, 4.88692, 7200, 7200, 0, 0), -- Razzashi Venombrood
(@CGUID+0625, 14532, 309, -11654.5, -1459.82, 60.7145, 0.785398, 7200, 7200, 0, 0), -- Razzashi Venombrood
(@CGUID+0626, 14532, 309, -11653.8, -1450.25, 58.7934, 3.7001, 7200, 7200, 0, 0), -- Razzashi Venombrood
(@CGUID+0629, 14750, 309, -12216.8, -1478.67, 130.85, 0.313219, 7200, 7200, 5, 1), -- Gurubashi Bat Rider
(@CGUID+0630, 14750, 309, -12211.3, -1480.76, 131.35, 0.100224, 7200, 7200, 5, 1), -- Gurubashi Bat Rider
(@CGUID+0631, 14750, 309, -12055, -1443.46, 130.015, 0.972966, 7200, 7200, 0, 0), -- Gurubashi Bat Rider
(@CGUID+0632, 14750, 309, -12055.9, -1440.37, 130.261, 0.451543, 7200, 7200, 3, 1), -- Gurubashi Bat Rider
(@CGUID+0633, 14750, 309, -12152.5, -1484.64, 130.725, 4.26775, 7200, 7200, 5, 1), -- Gurubashi Bat Rider
(@CGUID+0634, 14750, 309, -12152.1, -1486.58, 130.85, 3.48788, 7200, 7200, 5, 1), -- Gurubashi Bat Rider
(@CGUID+0637, 14750, 309, -12170.5, -1467.25, 130.725, 0.030516, 7200, 7200, 0, 0), -- Gurubashi Bat Rider
(@CGUID+0638, 14750, 309, -11980.3, -1478.21, 80.2788, 2.72082, 7200, 7200, 5, 1), -- Gurubashi Bat Rider
(@CGUID+0639, 14758, 309, -12296, -1374.69, 145.132, 6.10865, 7200, 7200, 0, 0), -- Zul'Gurub Trigger
(@CGUID+0640, 14758, 309, -12364.2, -1633.44, 131.01, 0.331613, 7200, 7200, 0, 0), -- Zul'Gurub Trigger
(@CGUID+0641, 14758, 309, -12171.3, -1985.58, 134.759, 1.98968, 7200, 7200, 0, 0), -- Zul'Gurub Trigger
(@CGUID+0642, 14758, 309, -11568.9, -1630.06, 41.3826, 4.76475, 7200, 7200, 0, 0), -- Zul'Gurub Trigger
(@CGUID+0643, 14758, 309, -11789.5, -1620.9, 73.8948, 5.81195, 7200, 7200, 0, 0), -- Zul'Gurub Trigger
(@CGUID+0644, 14758, 309, -11505.8, -1553.69, 52.3677, 1.37881, 7200, 7200, 0, 0), -- Zul'Gurub Trigger
(@CGUID+0645, 14821, 309, -12191.9, -1898.71, 134.859, 2.77507, 7200, 7200, 0, 0), -- Razzashi Raptor
(@CGUID+0646, 14821, 309, -12180.4, -1897.75, 132.882, 3.21141, 7200, 7200, 0, 0), -- Razzashi Raptor
(@CGUID+0647, 14821, 309, -12185.6, -1904.19, 133.015, 4.29351, 7200, 7200, 0, 0), -- Razzashi Raptor
(@CGUID+0648, 14821, 309, -12362.7, -1873.9, 130.339, 2.46091, 7200, 7200, 0, 0), -- Razzashi Raptor
(@CGUID+0649, 14821, 309, -12160.1, -1952.02, 134.905, 2.02458, 7200, 7200, 0, 0), -- Razzashi Raptor
(@CGUID+0650, 14821, 309, -12154.2, -1948.8, 134.675, 4.43314, 7200, 7200, 0, 0), -- Razzashi Raptor
(@CGUID+0651, 14821, 309, -12156.7, -1960.58, 132.61, 2.79253, 7200, 7200, 0, 0), -- Razzashi Raptor
(@CGUID+0652, 14821, 309, -12172.2, -1899.2, 132.144, 1.20428, 7200, 7200, 0, 0), -- Razzashi Raptor
(@CGUID+0653, 14821, 309, -12179.5, -1905.82, 131.446, 3.47321, 7200, 7200, 0, 0), -- Razzashi Raptor
(@CGUID+0654, 14821, 309, -12185.2, -1894.29, 133.572, 1.65806, 7200, 7200, 0, 0), -- Razzashi Raptor
(@CGUID+0655, 14821, 309, -12394.3, -1909.13, 130.385, 1.52368, 7200, 7200, 5, 1), -- Razzashi Raptor
(@CGUID+0656, 14821, 309, -12383.3, -1898.94, 131.257, 2.86234, 7200, 7200, 0, 0), -- Razzashi Raptor
(@CGUID+0657, 14821, 309, -12369.8, -1831.55, 131.003, 3.59538, 7200, 7200, 0, 0), -- Razzashi Raptor
(@CGUID+0658, 14821, 309, -12363.3, -1817.14, 131.024, 2.79253, 7200, 7200, 0, 0), -- Razzashi Raptor
(@CGUID+0659, 14821, 309, -12248.8, -1909.26, 130.932, 1.98968, 7200, 7200, 0, 0), -- Razzashi Raptor
(@CGUID+0660, 14821, 309, -12250.2, -1900.48, 131.79, 5.18363, 7200, 7200, 0, 0), -- Razzashi Raptor
(@CGUID+0661, 14821, 309, -12243.5, -1912.09, 130.685, 3.03687, 7200, 7200, 0, 0), -- Razzashi Raptor
(@CGUID+0662, 14821, 309, -12368.6, -1932.08, 133.385, 3.28954, 7200, 7200, 5, 1), -- Razzashi Raptor
(@CGUID+0663, 14821, 309, -12358.3, -1937.95, 132.371, 1.9332, 7200, 7200, 5, 1), -- Razzashi Raptor
(@CGUID+0664, 14821, 309, -12350.1, -1929.23, 133.228, 1.98968, 7200, 7200, 0, 0), -- Razzashi Raptor
(@CGUID+0665, 14821, 309, -12245.9, -1903.01, 131.051, 1.81514, 7200, 7200, 0, 0), -- Razzashi Raptor
(@CGUID+0666, 14821, 309, -12238.6, -1901.74, 131.191, 1.74533, 7200, 7200, 0, 0), -- Razzashi Raptor
(@CGUID+0667, 14821, 309, -12241.4, -1896.13, 133.204, 5.70723, 7200, 7200, 0, 0), -- Razzashi Raptor
(@CGUID+0668, 14821, 309, -12391, -1837.95, 132.299, 3.7001, 7200, 7200, 0, 0), -- Razzashi Raptor
(@CGUID+0669, 14821, 309, -12401.5, -1839.05, 134.551, 2.00162, 7200, 7200, 5, 1), -- Razzashi Raptor
(@CGUID+0670, 14821, 309, -12402.3, -1830.9, 132.908, 4.95342, 7200, 7200, 5, 1), -- Razzashi Raptor
(@CGUID+0671, 14821, 309, -12299.2, -1850.66, 131.406, 4.34587, 7200, 7200, 0, 0), -- Razzashi Raptor
(@CGUID+0672, 14821, 309, -12147.3, -1941.83, 134.184, 5.14872, 7200, 7200, 0, 0), -- Razzashi Raptor
(@CGUID+0673, 14821, 309, -12154.6, -1967.22, 132.775, 3.01942, 7200, 7200, 0, 0), -- Razzashi Raptor
(@CGUID+0674, 14821, 309, -12156.3, -1943.35, 134.124, 4.01426, 7200, 7200, 0, 0), -- Razzashi Raptor
(@CGUID+0675, 14821, 309, -11658.1, -1541.89, 39.6578, 4.92183, 7200, 7200, 0, 0), -- Razzashi Raptor
(@CGUID+0676, 14821, 309, -11530.3, -1492.59, 78.5372, 2.02458, 7200, 7200, 0, 0), -- Razzashi Raptor
(@CGUID+0681, 14825, 309, -11569.5, -1314.49, 79.3638, 2.67035, 7200, 7200, 0, 0), -- Withered Mistress
(@CGUID+0682, 14825, 309, -11571.4, -1317.26, 79.0674, 1.93731, 7200, 7200, 0, 0), -- Withered Mistress
(@CGUID+0683, 14825, 309, -11569.1, -1311.52, 79.4992, 3.40339, 7200, 7200, 0, 0), -- Withered Mistress
(@CGUID+0684, 14825, 309, -11570.3, -1310, 79.3561, 3.87463, 7200, 7200, 0, 0), -- Withered Mistress
(@CGUID+0685, 14825, 309, -11617.8, -1281.32, 79.5759, 5.70723, 7200, 7200, 0, 0), -- Withered Mistress
(@CGUID+0686, 14825, 309, -11616.5, -1274.6, 79.8499, 5.044, 7200, 7200, 0, 0), -- Withered Mistress
(@CGUID+0687, 14825, 309, -11615.4, -1279.94, 79.7496, 5.16617, 7200, 7200, 0, 0), -- Withered Mistress
(@CGUID+0688, 14825, 309, -11614, -1277.09, 79.8373, 4.79965, 7200, 7200, 0, 0), -- Withered Mistress
(@CGUID+0689, 14825, 309, -11547, -1250.59, 78.3985, 2.00713, 7200, 7200, 0, 0), -- Withered Mistress
(@CGUID+0690, 14825, 309, -11552, -1248.28, 78.4336, 0.244346, 7200, 7200, 0, 0), -- Withered Mistress
(@CGUID+0691, 14825, 309, -11549.8, -1243.92, 78.3484, 5.07891, 7200, 7200, 0, 0), -- Withered Mistress
(@CGUID+0692, 14825, 309, -11604.9, -1230.15, 79.452, 5.13127, 7200, 7200, 0, 0), -- Withered Mistress
(@CGUID+0693, 14825, 309, -11599.2, -1225.23, 79.1166, 4.41568, 7200, 7200, 0, 0), -- Withered Mistress
(@CGUID+0694, 14825, 309, -11602.5, -1230.36, 79.1357, 4.74729, 7200, 7200, 0, 0), -- Withered Mistress
(@CGUID+0695, 14825, 309, -11601.1, -1228.4, 79.1072, 4.53786, 7200, 7200, 0, 0), -- Withered Mistress
(@CGUID+0696, 14825, 309, -11626.6, -1338.78, 79.2793, 5.49779, 7200, 7200, 0, 0), -- Withered Mistress
(@CGUID+0697, 14825, 309, -11627.7, -1335.33, 79.5577, 5.39307, 7200, 7200, 0, 0), -- Withered Mistress
(@CGUID+0698, 14825, 309, -11522.8, -1271.63, 79.6408, 3.4383, 7200, 7200, 0, 0), -- Withered Mistress
(@CGUID+0699, 14825, 309, -11522.8, -1280.45, 79.6704, 2.89725, 7200, 7200, 0, 0), -- Withered Mistress
(@CGUID+0700, 14825, 309, -11528.5, -1270.31, 79.4239, 3.68265, 7200, 7200, 0, 0), -- Withered Mistress
(@CGUID+0701, 14825, 309, -11528.7, -1281.83, 79.4193, 2.63545, 7200, 7200, 0, 0), -- Withered Mistress
(@CGUID+0706, 14826, 309, -11584.2, -1252.21, 77.6299, 0.959931, 20, 20, 0, 0), -- Sacrificed Troll
(@CGUID+0707, 14826, 309, -11582.5, -1250.32, 77.6299, 3.90954, 20, 20, 0, 0), -- Sacrificed Troll
(@CGUID+0708, 14826, 309, -11581.5, -1252.54, 77.6299, 2.61799, 20, 20, 0, 0), -- Sacrificed Troll
(@CGUID+0709, 14826, 309, -11583.2, -1254.83, 77.6299, 1.67552, 20, 20, 0, 0), -- Sacrificed Troll
(@CGUID+0710, 14826, 309, -11586.4, -1253.92, 77.6299, 0.750492, 20, 20, 0, 0), -- Sacrificed Troll
(@CGUID+0711, 14826, 309, -11586.6, -1250.72, 77.6299, 6.07375, 20, 20, 0, 0), -- Sacrificed Troll
(@CGUID+0712, 14826, 309, -11585.1, -1248.76, 77.6299, 5.23599, 20, 20, 0, 0), -- Sacrificed Troll
(@CGUID+0713, 14826, 309, -11582.3, -1247.86, 77.6299, 4.36332, 20, 20, 0, 0), -- Sacrificed Troll
(@CGUID+0714, 14826, 309, -11580.2, -1250.6, 77.6299, 3.36848, 20, 20, 0, 0), -- Sacrificed Troll
(@CGUID+0715, 14826, 309, -11580.6, -1254.79, 77.6299, 2.28638, 20, 20, 0, 0), -- Sacrificed Troll
(@CGUID+0716, 14834, 309, -11787.4, -1649.34, 54.1017, 4.76475, 259200, 259200, 0, 0), -- Hakkar
(@CGUID+0717, 14880, 309, -12289.1, -1645.61, 132.135, 6.24203, 7200, 7200, 0, 0), -- Razzashi Skitterer
(@CGUID+0718, 14880, 309, -12286.4, -1669.35, 130.333, 5.43666, 7200, 7200, 0, 2), -- Razzashi Skitterer
(@CGUID+0719, 14880, 309, -12181.9, -1689.92, 105.746, 4.52286, 7200, 7200, 0, 0), -- Razzashi Skitterer
(@CGUID+0720, 14880, 309, -12180.6, -1682.85, 103.746, 4.52361, 7200, 7200, 5, 1), -- Razzashi Skitterer
(@CGUID+0721, 14880, 309, -12120.4, -1755.58, 80.2268, 2.14157, 7200, 7200, 0, 0), -- Razzashi Skitterer
(@CGUID+0722, 14880, 309, -12119.2, -1762.42, 80.2211, 1.47591, 7200, 7200, 5, 1), -- Razzashi Skitterer
(@CGUID+0723, 14880, 309, -12359.1, -1664.31, 130.494, 2.61807, 7200, 7200, 0, 2), -- Razzashi Skitterer
(@CGUID+0724, 14880, 309, -12335.7, -1645.88, 130.792, 1.98902, 7200, 7200, 0, 2), -- Razzashi Skitterer
(@CGUID+0725, 14881, 309, -12312.2, -1620.22, 130.89, 5.96685, 7200, 7200, 5, 1), -- Spider
(@CGUID+0726, 14881, 309, -12312.3, -1653.33, 130.38, 0.057898, 7200, 7200, 5, 1), -- Spider
(@CGUID+0727, 14881, 309, -12346.2, -1656.72, 130.449, 5.78197, 7200, 7200, 5, 1), -- Spider
(@CGUID+0728, 14881, 309, -12322.5, -1590.89, 132.51, 5.71796, 7200, 7200, 5, 1), -- Spider
(@CGUID+0729, 14881, 309, -12290.1, -1656.85, 130.763, 3.65856, 7200, 7200, 5, 1), -- Spider
(@CGUID+0730, 14881, 309, -12346.6, -1619.19, 130.757, 1.82524, 7200, 7200, 5, 1), -- Spider
(@CGUID+0731, 14882, 309, -11570.9, -1312.87, 79.7872, 3.03687, 7200, 7200, 0, 0), -- Atal'ai Mistress
(@CGUID+0732, 14882, 309, -11571.4, -1315.42, 79.4491, 2.14675, 7200, 7200, 0, 0), -- Atal'ai Mistress
(@CGUID+0733, 14882, 309, -11571.1, -1308.7, 79.1717, 4.20624, 7200, 7200, 0, 0), -- Atal'ai Mistress
(@CGUID+0734, 14882, 309, -11614.3, -1274.23, 79.8398, 4.81711, 7200, 7200, 0, 0), -- Atal'ai Mistress
(@CGUID+0735, 14882, 309, -11613.4, -1278.93, 79.8424, 4.72984, 7200, 7200, 0, 0), -- Atal'ai Mistress
(@CGUID+0736, 14882, 309, -11615.8, -1282.03, 79.6598, 5.5676, 7200, 7200, 0, 0), -- Atal'ai Mistress
(@CGUID+0737, 14882, 309, -11612.9, -1281.33, 79.8237, 4.53786, 7200, 7200, 0, 0), -- Atal'ai Mistress
(@CGUID+0738, 14882, 309, -11545.2, -1246.18, 78.2931, 3.49066, 7200, 7200, 0, 0), -- Atal'ai Mistress
(@CGUID+0739, 14882, 309, -11607.3, -1230.79, 79.7656, 5.48033, 7200, 7200, 0, 0), -- Atal'ai Mistress
(@CGUID+0740, 14882, 309, -11600.2, -1226.37, 79.1702, 4.4855, 7200, 7200, 0, 0), -- Atal'ai Mistress
(@CGUID+0741, 14882, 309, -11598.3, -1223.17, 79.2809, 4.39823, 7200, 7200, 0, 0), -- Atal'ai Mistress
(@CGUID+0742, 14882, 309, -11608.9, -1233.39, 80.0797, 5.91667, 7200, 7200, 0, 0), -- Atal'ai Mistress
(@CGUID+0743, 14882, 309, -11627.2, -1332.83, 79.33, 5.2709, 7200, 7200, 0, 0), -- Atal'ai Mistress
(@CGUID+0744, 14882, 309, -11625.2, -1335.64, 79.5861, 2.72271, 7200, 7200, 0, 0), -- Atal'ai Mistress
(@CGUID+0745, 14882, 309, -11532, -1270.02, 79.115, 3.90954, 7200, 7200, 0, 0), -- Atal'ai Mistress
(@CGUID+0746, 14882, 309, -11532, -1282.05, 79.074, 2.42601, 7200, 7200, 0, 0), -- Atal'ai Mistress
(@CGUID+0747, 14882, 309, -11525.6, -1270.86, 79.571, 3.54302, 7200, 7200, 0, 0), -- Atal'ai Mistress
(@CGUID+0748, 14882, 309, -11525.4, -1281.18, 79.6252, 2.79253, 7200, 7200, 0, 0), -- Atal'ai Mistress
(@CGUID+0749, 14883, 309, -11571.5, -1319.05, 78.5183, 1.81514, 7200, 7200, 0, 0), -- Voodoo Slave
(@CGUID+0750, 14883, 309, -11572.7, -1311.45, 79.8292, 4.32842, 7200, 7200, 0, 0), -- Voodoo Slave
(@CGUID+0751, 14883, 309, -11573, -1313.94, 79.8998, 1.71042, 7200, 7200, 0, 0), -- Voodoo Slave
(@CGUID+0752, 14883, 309, -11611.5, -1277.22, 79.7617, 4.43314, 7200, 7200, 0, 0), -- Voodoo Slave
(@CGUID+0753, 14883, 309, -11614.4, -1283.81, 79.681, 5.91667, 7200, 7200, 0, 0), -- Voodoo Slave
(@CGUID+0754, 14883, 309, -11605.9, -1232.2, 79.5657, 5.46288, 7200, 7200, 0, 0), -- Voodoo Slave
(@CGUID+0755, 14883, 309, -11603.5, -1231.54, 79.2214, 4.97419, 7200, 7200, 0, 0), -- Voodoo Slave
(@CGUID+0756, 14883, 309, -11534.2, -1269.71, 78.6456, 4.13643, 7200, 7200, 0, 0), -- Voodoo Slave
(@CGUID+0757, 14883, 309, -11534.8, -1282.44, 78.7332, 2.1293, 7200, 7200, 0, 0), -- Voodoo Slave
(@CGUID+0758, 15042, 309, -12013, -1805.91, 81.1094, 1.6057, 7200, 7200, 0, 0), -- Zanza the Restless
(@CGUID+0759, 15043, 309, -11712.2, -1728.12, 13.0381, 5.88176, 7200, 7200, 5, 1), -- Zulian Crocolisk
(@CGUID+0760, 15043, 309, -11726.1, -1736.4, 15.7301, 0.174533, 7200, 7200, 5, 1), -- Zulian Crocolisk
(@CGUID+0761, 15043, 309, -11730.4, -1743.03, 15.3551, 5.18363, 7200, 7200, 5, 1), -- Zulian Crocolisk
(@CGUID+0762, 15043, 309, -11723.1, -1730.79, 15.2881, 2.87979, 7200, 7200, 5, 1), -- Zulian Crocolisk
(@CGUID+0763, 15043, 309, -11830.2, -1522.1, 12.682, 2.89725, 7200, 7200, 5, 1), -- Zulian Crocolisk
(@CGUID+0764, 15043, 309, -11827.8, -1504.08, 13.807, 0.977384, 7200, 7200, 5, 1), -- Zulian Crocolisk
(@CGUID+0765, 15043, 309, -11814.2, -1501.94, 16.182, 5.42797, 7200, 7200, 5, 1), -- Zulian Crocolisk
(@CGUID+0766, 15043, 309, -11817.2, -1513.66, 19.432, 1.309, 7200, 7200, 5, 1), -- Zulian Crocolisk
(@CGUID+0767, 15043, 309, -11823.6, -1764.53, 11.6762, 4.97419, 7200, 7200, 5, 1), -- Zulian Crocolisk
(@CGUID+0768, 15043, 309, -11833.2, -1762.04, 12.6214, 4.81012, 7200, 7200, 5, 1), -- Zulian Crocolisk
(@CGUID+0769, 15043, 309, -11839.3, -1760.3, 13.1136, 0.598846, 7200, 7200, 5, 1), -- Zulian Crocolisk
(@CGUID+0770, 15043, 309, -11834.3, -1768.71, 13.8219, 5.59656, 7200, 7200, 5, 1), -- Zulian Crocolisk
(@CGUID+0771, 15043, 309, -11900.7, -1739.61, 13.883, 4.13643, 7200, 7200, 5, 1), -- Zulian Crocolisk
(@CGUID+0772, 15043, 309, -11906.2, -1729.76, 13.6116, 4.81711, 7200, 7200, 5, 1), -- Zulian Crocolisk
(@CGUID+0773, 15043, 309, -11908.1, -1738.33, 14.5083, 1.46608, 7200, 7200, 5, 1), -- Zulian Crocolisk
(@CGUID+0774, 15043, 309, -11901.3, -1733.02, 13.3616, 3.01942, 7200, 7200, 5, 1), -- Zulian Crocolisk
(@CGUID+0775, 15043, 309, -11896.4, -1739.52, 13.1136, 1.81514, 7200, 7200, 5, 1), -- Zulian Crocolisk
(@CGUID+0776, 15043, 309, -11873.7, -1695.64, 12.9281, 4.01426, 7200, 7200, 5, 1), -- Zulian Crocolisk
(@CGUID+0777, 15043, 309, -11881.4, -1685.63, 14.5531, 5.05547, 7200, 7200, 5, 1), -- Zulian Crocolisk
(@CGUID+0778, 15043, 309, -11875.7, -1689.96, 14.0531, 4.79605, 7200, 7200, 5, 1), -- Zulian Crocolisk
(@CGUID+0779, 15043, 309, -11870.3, -1708.36, 10.4216, 1.65806, 7200, 7200, 5, 1), -- Zulian Crocolisk
(@CGUID+0780, 15043, 309, -11873.2, -1633.76, 12.8975, 1.0821, 7200, 7200, 5, 1), -- Zulian Crocolisk
(@CGUID+0781, 15043, 309, -11874.6, -1653.27, 14.0225, 1.97222, 7200, 7200, 5, 1), -- Zulian Crocolisk
(@CGUID+0782, 15043, 309, -11872, -1642.35, 13.8975, 4.13643, 7200, 7200, 5, 1), -- Zulian Crocolisk
(@CGUID+0783, 15043, 309, -11872.8, -1617.81, 14.6531, 4.45059, 7200, 7200, 5, 1), -- Zulian Crocolisk
(@CGUID+0784, 15043, 309, -11872.4, -1625.05, 14.1531, 1.58825, 7200, 7200, 5, 1), -- Zulian Crocolisk
(@CGUID+0785, 15043, 309, -11903.1, -1490.94, 12.5739, 1.91973, 7200, 7200, 5, 1), -- Zulian Crocolisk
(@CGUID+0786, 15043, 309, -11895.3, -1503.19, 15.1803, 5.42918, 7200, 7200, 5, 1), -- Zulian Crocolisk
(@CGUID+0787, 15043, 309, -11892.8, -1498.98, 13.7794, 4.75143, 7200, 7200, 5, 1), -- Zulian Crocolisk
(@CGUID+0788, 15043, 309, -11912.7, -1494.4, 12.0913, 3.05153, 7200, 7200, 5, 1), -- Zulian Crocolisk
(@CGUID+0789, 15043, 309, -11903, -1502.04, 14.7285, 0.400987, 7200, 7200, 5, 1), -- Zulian Crocolisk
(@CGUID+0790, 15043, 309, -11780.9, -1397.63, 13.3884, 1.71042, 7200, 7200, 0, 0), -- Zulian Crocolisk
(@CGUID+0791, 15043, 309, -11789.2, -1394.14, 12.6841, 3.45575, 7200, 7200, 0, 0), -- Zulian Crocolisk
(@CGUID+0792, 15043, 309, -11785, -1402.72, 13.2982, 1.29154, 7200, 7200, 0, 0), -- Zulian Crocolisk
(@CGUID+0793, 15043, 309, -11776.8, -1401.87, 13.0835, 1.49921, 7200, 7200, 5, 1), -- Zulian Crocolisk
(@CGUID+0794, 15043, 309, -11780.2, -1389.11, 13.0134, 0.610865, 7200, 7200, 0, 0), -- Zulian Crocolisk
(@CGUID+0795, 15043, 309, -11693.5, -1656.15, 14.4505, 4.18879, 7200, 7200, 5, 1), -- Zulian Crocolisk
(@CGUID+0796, 15043, 309, -11700.7, -1655.62, 15.9441, 5.13127, 7200, 7200, 5, 1), -- Zulian Crocolisk
(@CGUID+0797, 15043, 309, -11703, -1667.77, 14.5721, 1.71042, 7200, 7200, 5, 1), -- Zulian Crocolisk
(@CGUID+0798, 15043, 309, -11688.6, -1644.38, 14.3255, 1.65806, 7200, 7200, 5, 1), -- Zulian Crocolisk
(@CGUID+0799, 15043, 309, -11698.2, -1664.22, 14.2033, 1.15192, 7200, 7200, 5, 1), -- Zulian Crocolisk
(@CGUID+0800, 15067, 309, -11464, -1650.71, 49.6302, 2.94961, 7200, 7200, 0, 0), -- Zulian Stalker
(@CGUID+0801, 15091, 309, -11518.54, -1652.9, 41.38264, 0.03490658, 7200, 7200, 0, 0), -- Zul'Gurub Panther Trigger
(@CGUID+0802, 15091, 309, -11518.46, -1651.542, 41.38264, 0.2617994, 7200, 7200, 0, 0), -- Zul'Gurub Panther Trigger
(@CGUID+0803, 15091, 309, -11518.37, -1650.731, 41.38264, 4.433136, 7200, 7200, 0, 0), -- Zul'Gurub Panther Trigger
(@CGUID+0804, 15091, 309, -11518.29, -1649.965, 41.38264, 5.131268, 7200, 7200, 0, 0), -- Zul'Gurub Panther Trigger
(@CGUID+0805, 15091, 309, -11518.51, -1649.303, 41.38264, 5.864306, 7200, 7200, 0, 0), -- Zul'Gurub Panther Trigger
(@CGUID+0806, 15091, 309, -11519.54, -1610.595, 41.38264, 2.565634, 7200, 7200, 0, 0), -- Zul'Gurub Panther Trigger
(@CGUID+0807, 15091, 309, -11516.83, -1607.481, 41.38264, 4.764749, 7200, 7200, 0, 0), -- Zul'Gurub Panther Trigger
(@CGUID+0808, 15091, 309, -11516.91, -1606.043, 41.38264, 6.248279, 7200, 7200, 0, 0), -- Zul'Gurub Panther Trigger
(@CGUID+0809, 15091, 309, -11516.86, -1604.25, 41.38264, 5.288348, 7200, 7200, 0, 0), -- Zul'Gurub Panther Trigger
(@CGUID+0810, 15091, 309, -11517.07, -1603.539, 41.38264, 2.059489, 7200, 7200, 0, 0), -- Zul'Gurub Panther Trigger
(@CGUID+0811, 15111, 309, -11856.7, -1871.74, 64.2785, 4.6087, 7200, 7200, 5, 1), -- Mad Servant
(@CGUID+0812, 15111, 309, -11859.5, -1862.59, 64.4351, 4.88031, 7200, 7200, 5, 1), -- Mad Servant
(@CGUID+0813, 15111, 309, -11855.9, -1865.49, 64.4351, 4.99243, 7200, 7200, 5, 1), -- Mad Servant
(@CGUID+0814, 15111, 309, -11926, -1843.45, 58.0354, 3.75776, 7200, 7200, 0, 2), -- Mad Servant
(@CGUID+0815, 15111, 309, -11864.9, -1875.09, 64.1322, 5.98589, 7200, 7200, 0, 0), -- Mad Servant
(@CGUID+0816, 15111, 309, -11969.1, -1830.27, 56.0987, 3.38812, 7200, 7200, 0, 0), -- Mad Servant
(@CGUID+0817, 15111, 309, -11968, -1842.86, 56.0263, 0, 7200, 7200, 0, 0), -- Mad Servant
(@CGUID+0818, 15111, 309, -11958.3, -1848.26, 56.4179, 1.76084, 7200, 7200, 0, 0), -- Mad Servant
(@CGUID+0819, 15111, 309, -11872.7783203125, -1888.9879150390625, 64.28685760498046875, 0.855211317539215087, 21600, 21600, 0, 0), -- Mad Servant
(@CGUID+0820, 15111, 309, -11871.7783203125, -1887.9879150390625, 64.28685760498046875, 0.000000000000000000, 21600, 21600, 0, 0), -- Mad Servant
(@CGUID+0821, 15111, 309, -11870.7783203125, -1886.9879150390625, 64.28685760498046875, 0.000000000000000000, 21600, 21600, 0, 0), -- Mad Servant
(@CGUID+0822, 15111, 309, -11885.8408203125, -1877.8155517578125, 63.58702087402343750, 2.809980154037475585, 21600, 21600, 0, 0), -- Mad Servant
(@CGUID+0823, 15111, 309, -11884.8408203125, -1876.8155517578125, 63.58702087402343750, 0.000000000000000000, 21600, 21600, 0, 0), -- Mad Servant
(@CGUID+0824, 15111, 309, -11883.8408203125, -1875.8155517578125, 63.58702087402343750, 0.000000000000000000, 21600, 21600, 0, 0), -- Mad Servant
-- Zul''Gurub - Razzashi Serpent | Razzashi Adder (2) Wandering 000
(@CGUID+0479, 0, 309, -11934.2529296875, -1328.7517089843750, 78.74189758300781250, 2.722713708877563476, 21600, 21600, 3, 1), -- Razzashi Serpent / Razzashi Adder
(@CGUID+0480, 0, 309, -11925.9404296875, -1337.4871826171875, 78.42181396484375000, 3.385938644409179687, 21600, 21600, 3, 1), -- Razzashi Serpent / Razzashi Adder
-- Zul''Gurub - Razzashi Serpent | Razzashi Adder (2) Wandering 001
(@CGUID+0436, 0, 309, -11932.4501953125, -1395.3247070312500, 80.41854858398437500, 0.733038306236267089, 21600, 21600, 3, 1), -- Razzashi Serpent / Razzashi Adder
(@CGUID+0467, 0, 309, -11926.9863281250, -1385.8947753906250, 82.07057952880859375, 3.577924966812133789, 21600, 21600, 3, 1), -- Razzashi Serpent / Razzashi Adder
-- Zul''Gurub - Razzashi Serpent | Razzashi Adder (4) Wandering 000
(@CGUID+0900, 0, 309, -12083.1191406250, -1694.7313232421875, 47.53757095336914062, 0.331612557172775268, 21600, 21600, 3, 1), -- Razzashi Serpent / Razzashi Adder
(@CGUID+0901, 0, 309, -12068.8173828125, -1701.6119384765625, 45.43975830078125000, 0.628318548202514648, 21600, 21600, 3, 1), -- Razzashi Serpent / Razzashi Adder
(@CGUID+0902, 0, 309, -12077.5498046875, -1690.0494384765625, 46.66904449462890625, 1.117010712623596191, 21600, 21600, 3, 1), -- Razzashi Serpent / Razzashi Adder
(@CGUID+0903, 0, 309, -12068.8173828125, -1691.1933593750000, 44.42779541015625000, 5.689773082733154296, 21600, 21600, 3, 1), -- Razzashi Serpent / Razzashi Adder
-- Zul''Gurub - Razzashi Serpent | Razzashi Adder (4) Wandering 001
(@CGUID+0910, 0, 309, -12021.3105468750, -1752.4123535156250, 55.38882827758789062, 3.316125631332397460, 21600, 21600, 3, 1), -- Razzashi Serpent / Razzashi Adder
(@CGUID+0911, 0, 309, -12028.2060546875, -1766.5531005859375, 57.24588394165039062, 2.897246599197387695, 21600, 21600, 3, 1), -- Razzashi Serpent / Razzashi Adder
(@CGUID+0912, 0, 309, -12008.7587890625, -1749.0039062500000, 55.38692474365234375, 0.122173048555850982, 21600, 21600, 3, 1), -- Razzashi Serpent / Razzashi Adder
(@CGUID+0913, 0, 309, -12020.5869140625, -1761.2897949218750, 55.86968231201171875, 5.759586334228515625, 21600, 21600, 3, 1), -- Razzashi Serpent / Razzashi Adder
-- Zul''Gurub - Razzashi Serpent | Razzashi Adder (4) Wandering 002
(@CGUID+0920, 0, 309, -11978.2001953125, -1707.6719970703125, 32.36671447753906250, 3.700098037719726562, 21600, 21600, 3, 1), -- Razzashi Serpent / Razzashi Adder
(@CGUID+0921, 0, 309, -11993.5214843750, -1714.7542724609375, 32.36689376831054687, 4.886921882629394531, 21600, 21600, 3, 1), -- Razzashi Serpent / Razzashi Adder
(@CGUID+0922, 0, 309, -11984.4394531250, -1714.7678222656250, 32.36689376831054687, 3.560471534729003906, 21600, 21600, 3, 1), -- Razzashi Serpent / Razzashi Adder
(@CGUID+0923, 0, 309, -11995.3408203125, -1706.1215820312500, 32.36689376831054687, 2.460914134979248046, 21600, 21600, 3, 1), -- Razzashi Serpent / Razzashi Adder
-- Zul''Gurub - Razzashi Serpent | Razzashi Adder (4) Wandering 003
(@CGUID+0455, 0, 309, -11727.8535156250, -1338.7701416015625, 63.80186462402343750, 5.869445800781250000, 21600, 21600, 3, 1), -- Razzashi Serpent / Razzashi Adder
(@CGUID+0482, 0, 309, -11741.8447265625, -1323.3314208984375, 63.45951843261718750, 5.111480712890625000, 21600, 21600, 3, 1), -- Razzashi Serpent / Razzashi Adder
(@CGUID+0483, 0, 309, -11737.7021484375, -1335.7142333984375, 63.74137115478515625, 2.758674621582031250, 21600, 21600, 3, 1), -- Razzashi Serpent / Razzashi Adder
(@CGUID+0484, 0, 309, -11737.5439453125, -1329.3747558593750, 63.46878814697265625, 2.024581909179687500, 21600, 21600, 3, 1), -- Razzashi Serpent / Razzashi Adder
-- Zul''Gurub - Razzashi Serpent | Razzashi Adder (6) Wandering 000
(@CGUID+0930, 0, 309, -11997.7343750000, -1674.5139160156250, 32.36689376831054687, 2.792526721954345703, 21600, 21600, 3, 1), -- Razzashi Serpent / Razzashi Adder
(@CGUID+0931, 0, 309, -11989.2626953125, -1683.8687744140625, 32.36689376831054687, 2.024581909179687500, 21600, 21600, 3, 1), -- Razzashi Serpent / Razzashi Adder
(@CGUID+0932, 0, 309, -12003.4755859375, -1680.2312011718750, 32.36689376831054687, 0.418879032135009765, 21600, 21600, 3, 1), -- Razzashi Serpent / Razzashi Adder
(@CGUID+0933, 0, 309, -11996.4189453125, -1682.3209228515625, 32.36689758300781250, 1.413716673851013183, 21600, 21600, 3, 1), -- Razzashi Serpent / Razzashi Adder
(@CGUID+0934, 0, 309, -11991.7001953125, -1677.7856445312500, 32.36689376831054687, 2.862339973449707031, 21600, 21600, 3, 1), -- Razzashi Serpent / Razzashi Adder
(@CGUID+0935, 0, 309, -12004.5244140625, -1673.0386962890625, 32.36689376831054687, 0.471238881349563598, 21600, 21600, 3, 1), -- Razzashi Serpent / Razzashi Adder
-- Zul''Gurub - Razzashi Serpent | Razzashi Adder (6) Wandering 001
(@CGUID+0940, 0, 309, -11989.6250000000, -1815.6972656250000, 58.88548278808593750, 0.331612557172775268, 21600, 21600, 3, 1), -- Razzashi Serpent / Razzashi Adder
(@CGUID+0941, 0, 309, -11989.1982421875, -1836.2965087890625, 57.72910308837890625, 5.515240192413330078, 21600, 21600, 3, 1), -- Razzashi Serpent / Razzashi Adder
(@CGUID+0942, 0, 309, -11990.5976562500, -1825.1610107421875, 58.63441085815429687, 0.000000000000000000, 21600, 21600, 3, 1), -- Razzashi Serpent / Razzashi Adder
(@CGUID+0943, 0, 309, -11988.3740234375, -1829.0006103515625, 58.43753814697265625, 1.204277157783508300, 21600, 21600, 3, 1), -- Razzashi Serpent / Razzashi Adder
(@CGUID+0944, 0, 309, -11993.5029296875, -1837.6894531250000, 57.74435806274414062, 0.000000000000000000, 21600, 21600, 3, 1), -- Razzashi Serpent / Razzashi Adder
(@CGUID+0945, 0, 309, -11988.5810546875, -1822.8231201171875, 58.61273193359375000, 3.647738218307495117, 21600, 21600, 3, 1), -- Razzashi Serpent / Razzashi Adder
-- Zul''Gurub - Troll (3) Patrol 000
(@CGUID+0950, 11351, 309, -12209.6992187500, -1459.6898193359375, 131.1045532226562500, 5.338116168975830078, 21600, 21600, 0, 0), -- Gurubashi Headhunter
(@CGUID+0951, 11351, 309, -12205.9433593750, -1459.9007568359375, 131.3079376220703125, 4.590448379516601562, 21600, 21600, 0, 0), -- Gurubashi Headhunter
(@CGUID+0952, 11831, 309, -12208.6884765625, -1463.4533691406250, 131.1935882568359375, 1.065640449523925781, 21600, 21600, 0, 0), -- Hakkari Witch Doctor
-- Zul''Gurub - Troll (3) Patrol 001
(@CGUID+0960, 11831, 309, -12315.8095703125, -1444.6771240234375, 130.6948242187500000, 4.357125759124755859, 21600, 21600, 0, 0), -- Hakkari Witch Doctor
(@CGUID+0961, 11831, 309, -12318.9228515625, -1449.4129638671875, 130.7590484619140625, 2.111848354339599609, 21600, 21600, 0, 0), -- Hakkari Witch Doctor
(@CGUID+0962, 11351, 309, -12320.0292968750, -1445.1849365234375, 130.8789520263671875, 4.468042850494384765, 21600, 21600, 0, 0), -- Gurubashi Headhunter
-- Zul''Gurub - Bat (8) Patrol 000
(@CGUID+0970, 11368, 309, -12237.5214843750, -1402.2976074218750, 131.0046234130859375, 5.748809337615966796, 21600, 21600, 0, 0), -- Bloodseeker Bat
(@CGUID+0971, 11368, 309, -12215.3720703125, -1425.9145507812500, 130.6835327148437500, 2.093881607055664062, 21600, 21600, 0, 0), -- Bloodseeker Bat
(@CGUID+0972, 11368, 309, -12220.1777343750, -1417.3699951171875, 131.0138854980468750, 2.200775861740112304, 21600, 21600, 0, 0), -- Bloodseeker Bat
(@CGUID+0973, 11368, 309, -12231.7197265625, -1415.0797119140625, 131.6257934570312500, 1.545531988143920898, 21600, 21600, 0, 0), -- Bloodseeker Bat
(@CGUID+0974, 11368, 309, -12222.2304687500, -1427.7281494140625, 130.6835327148437500, 1.498512148857116699, 21600, 21600, 0, 0), -- Bloodseeker Bat
(@CGUID+0975, 11368, 309, -12214.3720703125, -1424.9145507812500, 130.6835327148437500, 1.860992312431335449, 21600, 21600, 0, 0), -- Bloodseeker Bat
(@CGUID+0976, 14750, 309, -12239.4052734375, -1414.3970947265625, 130.6951446533203125, 0.303890645503997802, 21600, 21600, 0, 0), -- Gurubashi Bat Rider
(@CGUID+0977, 14750, 309, -12209.1357421875, -1423.8873291015625, 130.6835327148437500, 2.313260316848754882, 21600, 21600, 0, 0), -- Gurubashi Bat Rider
-- Zul''Gurub - Bat (8) Patrol 001
(@CGUID+0980, 11368, 309, -12304.8251953125, -1449.7393798828125, 130.6904449462890625, 4.482231616973876953, 21600, 21600, 0, 0), -- Bloodseeker Bat
(@CGUID+0981, 11368, 309, -12293.5146484375, -1461.5032958984375, 130.6835327148437500, 2.571098566055297851, 21600, 21600, 0, 0), -- Bloodseeker Bat
(@CGUID+0982, 11368, 309, -12288.8037109375, -1480.1812744140625, 130.6835327148437500, 2.268963813781738281, 21600, 21600, 0, 0), -- Bloodseeker Bat
(@CGUID+0983, 11368, 309, -12310.4199218750, -1454.0107421875000, 130.6835327148437500, 5.513119697570800781, 21600, 21600, 0, 0), -- Bloodseeker Bat
(@CGUID+0984, 11368, 309, -12306.3876953125, -1476.4865722656250, 132.1769714355468750, 1.745811581611633300, 21600, 21600, 0, 0), -- Bloodseeker Bat
(@CGUID+0985, 11368, 309, -12303.4199218750, -1447.0107421875000, 130.6835327148437500, 5.163874149322509765, 21600, 21600, 0, 0), -- Bloodseeker Bat
(@CGUID+0986, 14750, 309, -12301.9238281250, -1467.1900634765625, 131.0992584228515625, 2.049895286560058593, 21600, 21600, 0, 0), -- Gurubashi Bat Rider
(@CGUID+0987, 14750, 309, -12288.9111328125, -1472.4573974609375, 130.6835479736328125, 2.386638879776000976, 21600, 21600, 0, 0), -- Gurubashi Bat Rider
-- Zul''Gurub - Razzashi Serpent | Razzashi Adder (2) Patrol 003
(@CGUID+0990, 0, 309, -11549.2207031250, -1848.9637451171875, 84.334197998046875000, 4.140111923217773437, 21600, 21600, 0, 0), -- Razzashi Serpent / Razzashi Adder
(@CGUID+0991, 0, 309, -11550.9501953125, -1852.1029052734375, 84.036598205566406250, 1.087337136268615722, 21600, 21600, 0, 0), -- Razzashi Serpent / Razzashi Adder
-- Zul''Gurub - Razzashi Serpent | Razzashi Adder (2) Patrol 004
(@CGUID+0434, 0, 309, -11536.6259765625, -1782.0689697265625, 70.867942810058593750, 2.080583095550537109, 21600, 21600, 0, 0), -- Razzashi Serpent / Razzashi Adder
(@CGUID+0435, 0, 309, -11538.3984375000, -1780.2098388671875, 69.337074279785156250, 5.453408718109130859, 21600, 21600, 0, 0), -- Razzashi Serpent / Razzashi Adder
-- Zul''Gurub - Zulian Panther (3) Patrol 000
(@CGUID+0333, 0, 309, -11635.1650390625, -1612.2094726562500, 40.757427215576171870, 1.496905326843261718, 21600, 21600, 0, 0), -- Zulian Panther
(@CGUID+0334, 0, 309, -11633.7460937500, -1629.2441406250000, 41.210441589355468750, 0.034906584769487380, 21600, 21600, 0, 0), -- Zulian Panther
(@CGUID+0335, 0, 309, -11636.5380859375, -1619.7567138671875, 40.030929565429687500, 5.829399585723876953, 21600, 21600, 0, 0), -- Zulian Panther
-- Zul''Gurub - Zulian Panther (3) Patrol 001
(@CGUID+0376, 0, 309, -11637.2197265625, -1658.8735351562500, 40.488574981689453128, 5.420167922973632812, 21600, 21600, 0, 0), -- Zulian Panther
(@CGUID+0377, 0, 309, -11637.2812500000, -1666.6124267578125, 40.171134948730468750, 5.166174411773681640, 21600, 21600, 0, 0), -- Zulian Panther
(@CGUID+0378, 0, 309, -11639.8476562500, -1662.9742431640625, 40.027671813964843750, 3.316125631332397460, 21600, 21600, 0, 0), -- Zulian Panther
-- Zul''Gurub - Zulian Panther (3) Patrol 002
(@CGUID+0330, 0, 309, -11557.2636718750, -1523.5804443359375, 52.030876159667968750, 1.236941456794738769, 21600, 21600, 0, 0), -- Zulian Panther
(@CGUID+0331, 0, 309, -11558.4316406250, -1521.1265869140625, 52.596446990966796870, 0.443607687950134277, 21600, 21600, 0, 0), -- Zulian Panther
(@CGUID+0332, 0, 309, -11560.4443359375, -1516.1149902343750, 53.925300598144531250, 5.467591285705566406, 21600, 21600, 0, 0), -- Zulian Panther
-- Zul''Gurub - Troll (2) Patrol 000
(@CGUID+0175, 0, 309, -11640.9482421875, -1450.2486572265625, 61.020847320556640620, 0.371453642845153808, 21600, 21600, 0, 0), -- Hakkari Shadow Hunter / Gurubashi Axe Thrower / Gurubashi Headhunter / Gurubashi Blood Drinker
(@CGUID+0562, 0, 309, -11641.6845703125, -1447.1177978515625, 62.171615600585937500, 6.230956077575683593, 21600, 21600, 0, 0), -- Gurubashi Blood Drinker / Hakkari Priest / Hakkari Witch Doctor
-- Zul''Gurub - Troll (2) Patrol 001
(@CGUID+0174, 0, 309, -11639.8779296875, -1483.2453613281250, 45.577960968017578120, 1.200051546096801757, 21600, 21600, 0, 0), -- Hakkari Shadow Hunter / Gurubashi Axe Thrower / Gurubashi Headhunter / Gurubashi Blood Drinker
(@CGUID+0561, 0, 309, -11640.9091796875, -1480.3803710937500, 46.188648223876953120, 3.996803998947143554, 21600, 21600, 0, 0), -- Gurubashi Blood Drinker / Hakkari Priest / Hakkari Witch Doctor
-- Zul''Gurub - Razzashi Serpent | Razzashi Adder (2) Patrol 005
(@CGUID+0461, 0, 309, -11668.3750000000, -1445.5885009765625, 58.208835601806640620, 1.412112236022949218, 21600, 21600, 0, 0), -- Razzashi Serpent / Razzashi Adder
(@CGUID+0488, 0, 309, -11668.6132812500, -1449.3172607421875, 58.710487365722656250, 1.727875947952270507, 21600, 21600, 0, 0), -- Razzashi Serpent / Razzashi Adder
-- Zul''Gurub - Undead Troll (4) Patrol 000
(@CGUID+0677, 0, 309, -11537.1826171875, -1234.2504882812500, 80.868446350097656250, 2.603715658187866210, 21600, 21600, 0, 0), -- Withered Mistress
(@CGUID+0678, 0, 309, -11537.3740234375, -1232.4720458984375, 81.145332336425781250, 2.643042087554931640, 21600, 21600, 0, 0), -- Withered Mistress
(@CGUID+0679, 0, 309, -11539.4345703125, -1230.7359619140625, 81.130920410156250000, 4.278568267822265625, 21600, 21600, 0, 0), -- Withered Mistress
(@CGUID+0680, 0, 309, -11541.3398437500, -1230.9425048828125, 80.849502563476562500, 6.272993087768554687, 21600, 21600, 0, 0), -- Withered Mistress
-- Zul''Gurub - Undead Troll (4) Patrol 001
(@CGUID+0702, 0, 309, -11580.6123046875, -1268.9251708984375, 77.579238891601562500, 4.581816196441650390, 21600, 21600, 0, 0), -- Withered Mistress
(@CGUID+0703, 0, 309, -11580.4716796875, -1271.1423339843750, 77.577072143554687500, 4.799655437469482421, 21600, 21600, 0, 0), -- Withered Mistress
(@CGUID+0704, 0, 309, -11580.3652343750, -1273.1625976562500, 77.578483581542968750, 4.817108631134033203, 21600, 21600, 0, 0), -- Withered Mistress
(@CGUID+0705, 0, 309, -11580.3457031250, -1274.9625244140625, 77.578948974609375000, 4.904375076293945312, 21600, 21600, 0, 0); -- Withered Mistress

INSERT INTO `creature_spawn_entry` (`guid`, `entry`) VALUES
(@CGUID+0437, 11371), (@CGUID+0437, 11372), -- Razzashi Serpent, Razzashi Adder
(@CGUID+0450, 11371), (@CGUID+0450, 11372), -- Razzashi Serpent, Razzashi Adder
(@CGUID+0451, 11371), (@CGUID+0451, 11372), -- Razzashi Serpent, Razzashi Adder
(@CGUID+0460, 11371), (@CGUID+0460, 11372), -- Razzashi Serpent, Razzashi Adder
(@CGUID+0468, 11371), (@CGUID+0468, 11372), -- Razzashi Serpent, Razzashi Adder
(@CGUID+0487, 11371), (@CGUID+0487, 11372), -- Razzashi Serpent, Razzashi Adder
(@CGUID+0546, 11350), (@CGUID+0546, 11830); -- Gurubashi Axe Thrower, Hakkari Priest

-- ===========
-- GAMEOBJECTS
-- ===========

INSERT INTO `gameobject` (`guid`, `id`, `map`, `position_x`, `position_y`, `position_z`, `orientation`, `rotation0`, `rotation1`, `rotation2`, `rotation3`, `spawntimesecsmin`, `spawntimesecsmax`) VALUES
(@OGUID+1, 180323, 309, -11916.771484375, -1221.220947265625, 92.50450897216796875, -1.57079565525054931, 0, 0, -0.70710653066635131, 0.707107007503509521, 600, 600), -- Gates of Zul'Gurub
(@OGUID+2, 180253, 309, -11900.6, -1905.16, 65.3128, 3.78737, 0, 0, -0.948323, 0.317306, -600, -600), -- Troll Hero Air Portal
(@OGUID+3, 180254, 309, -11900.6, -1905.15, 65.3134, 3.14159, 0, 0, -1, 0, -600, -600), -- Troll Hero Fire Portal
(@OGUID+4, 180385, 309, -11900.3, -1905.49, 65.3169, 0.837758, 0, 0, 0.406736, 0.913545, -600, -600), -- Troll Hero Portal Sound
(@OGUID+5, 180252, 309, -11892.46875, -1913.1458740234375, 65.147064208984375, 2.443460941314697265, 0, 0, 0.939692616462707519, 0.342020153999328613, 600, 600), -- Troll Hero Lightning
(@OGUID+6, 180252, 309, -11906.146484375, -1911.8370361328125, 65.147064208984375, 0.855211377143859863, 0, 0, 0.414693236351013183, 0.909961283206939697, 600, 600), -- Troll Hero Lightning
(@OGUID+7, 180252, 309, -11909.0712890625, -1899.2628173828125, 65.147064208984375, 0.750491559505462646, 0, 0, 0.366501212120056152, 0.930417597293853759, 600, 600), -- Troll Hero Lightning
(@OGUID+8, 180327, 309, -11887.05859375, -1889.802490234375, 63.50368881225585937, 0.855211377143859863, 0, 0, 0.414693236351013183, 0.909961283206939697, 259200, 259200), -- Brazier of Madness
(@OGUID+9, 180368, 309, -11910.4306640625, -1917.0399169921875, 71.6556854248046875, -2.33001399040222167, 0, 0, 0.918790996074676513, -0.39474400877952575, 600, 600), -- Tablet of Madness
(@OGUID+10, 180358, 309, -11874.7919921875, -1927.7274169921875, 67.03594970703125, 1.588248252868652343, 0, 0, 0.71324998140335083, 0.700909972190856933, 600, 600), -- Gri'lek, with the Iron Blood
(@OGUID+11, 180364, 309, -11892.56640625, -1928.8072509765625, 66.81372833251953125, -1.58824825286865234, 0, 0, -0.71324998140335083, 0.700909972190856933, 600, 600), -- Hazza'rah, the Dreamweaver
(@OGUID+12, 180365, 309, -11924.4892578125, -1900.1458740234375, 66.73224639892578125, 3.141592741012573242, 0, 0, 1, 0, 600, 600), -- Renataki, of the Thousand Blades
(@OGUID+13, 180393, 309, -11923.28515625, -1882.98876953125, 66.81372833251953125, -0.02618073672056198, 0, 0, -0.01308999955654144, 0.999913990497589111, 600, 600), -- Wushoolay, the Storm Witch
(@OGUID+14, 176604, 309, -11981.81640625, -1470.2391357421875, 79.0612945556640625, 2.73143935203552246, 0, 0, 0.979044973850250244, 0.203641995787620544, 600, 600), -- Bonfire
(@OGUID+15, 176605, 309, -12164.06640625, -1673.0364990234375, 98.037994384765625, 2.705259561538696289, 0, 0, 0.976296007633209228, 0.216440007090568542, 600, 600), -- Brazier
(@OGUID+16, 176606, 309, -12164.099609375, -1689.1519775390625, 98.453857421875, 2.65290069580078125, 0, 0, 0.970296025276184082, 0.241922006011009216, 600, 600), -- Brazier
(@OGUID+17, 176607, 309, -12134.9130859375, -1689.128662109375, 85.60752105712890625, 2.705259561538696289, 0, 0, 0.976296007633209228, 0.216440007090568542, 600, 600), -- Brazier
(@OGUID+18, 176608, 309, -12135.0693359375, -1672.9853515625, 85.18961334228515625, 2.705259561538696289, 0, 0, 0.976296007633209228, 0.216440007090568542, 600, 600), -- Brazier
(@OGUID+19, 176609, 309, -12192.8798828125, -1688.9586181640625, 112.4695663452148437, 2.679080724716186523, 0, 0, 0.973379015922546386, 0.229200005531311035, 600, 600), -- Brazier
(@OGUID+20, 176610, 309, -12193.30078125, -1673.0775146484375, 113.3940200805664062, 2.713986396789550781, 0, 0, 0.977231025695800781, 0.212178006768226623, 600, 600), -- Brazier
(@OGUID+21, 176611, 309, -12218.1669921875, -1688.986083984375, 124.3018722534179687, 2.679080724716186523, 0, 0, 0.973379015922546386, 0.229200005531311035, 600, 600), -- Brazier
(@OGUID+22, 176612, 309, -12218.125, -1673.08935546875, 125.1525726318359375, 2.679080724716186523, 0, 0, 0.973379015922546386, 0.229200005531311035, 600, 600), -- Brazier
(@OGUID+23, 176617, 309, -12355.3388671875, -1954.6531982421875, 132.3521270751953125, -2.56563496589660644, 0, 0, 0.958819985389709472, -0.28401499986648559, 600, 600), -- Bonfire
(@OGUID+24, 176618, 309, -12388.669921875, -1909.0538330078125, 130.2603607177734375, -0.95120459794998168, 0, 0, -0.45787400007247924, 0.889016985893249511, 600, 600), -- Bonfire
(@OGUID+25, 176619, 309, -11985.3388671875, -1703, 32.28356170654296875, -2.73144054412841796, 0, 0, 0.979045987129211425, -0.20364199578762054, 600, 600), -- Bonfire
(@OGUID+26, 179704, 309, -11548.833984375, -1247.9771728515625, 78.28408050537109375, -2.3038332462310791, 0, 0, 0.913545012474060058, -0.40673699975013732, 600, 600), -- Cauldron
(@OGUID+27, 179985, 309, -12286.4912109375, -1624.2301025390625, 130.4316864013671875, -0.45378574728965759, 0, 0, 0.224951118230819702, -0.9743700623512268, 600, 600), -- Spider Egg
(@OGUID+28, 179985, 309, -12293.5244140625, -1679.861083984375, 131.551544189453125, 2.792526721954345703, 0, 0, 0.984807729721069335, 0.173648223280906677, 600, 600), -- Spider Egg
(@OGUID+29, 179985, 309, -12286.4580078125, -1652.579833984375, 131.4309844970703125, 1.710422515869140625, 0, 0, 0.754709541797637939, 0.656059026718139648, 600, 600), -- Spider Egg
(@OGUID+30, 179985, 309, -12303.3271484375, -1674.697265625, 131.06787109375, 0.191986218094825744, 0, 0, 0.095845751464366912, 0.995396196842193603, 600, 600), -- Spider Egg
(@OGUID+31, 179985, 309, -12310.765625, -1698.396240234375, 132.6454620361328125, -2.91469979286193847, 0, 0, 0.993571877479553222, -0.11320321261882781, 600, 600), -- Spider Egg
(@OGUID+32, 179985, 309, -12263.4697265625, -1640.5982666015625, 135.2315673828125, -1.71042275428771972, 0, 0, 0.754709601402282714, -0.65605896711349487, 600, 600), -- Spider Egg
(@OGUID+33, 179985, 309, -12299.6357421875, -1688.9791259765625, 130.936248779296875, 0.488692224025726318, 0, 0, 0.241921901702880859, 0.970295727252960205, 600, 600), -- Spider Egg
(@OGUID+34, 179985, 309, -12281.490234375, -1684.3375244140625, 132.1078643798828125, 0.907571256160736083, 0, 0, 0.438371151685714721, 0.898794054985046386, 600, 600), -- Spider Egg
(@OGUID+35, 179985, 309, -12272.271484375, -1683.8189697265625, 131.4239654541015625, -0.03490668907761573, 0, 0, 0.017452457919716835, -0.99984771013259887, 600, 600), -- Spider Egg
(@OGUID+36, 179985, 309, -12293.71875, -1645.842041015625, 131.421417236328125, 1.850049138069152832, 0, 0, 0.798635542392730712, 0.60181504487991333, 600, 600), -- Spider Egg
(@OGUID+37, 179985, 309, -12288.0166015625, -1690.2032470703125, 132.4345550537109375, -0.12217313796281814, 0, 0, 0.061048582196235656, -0.9981347918510437, 600, 600), -- Spider Egg
(@OGUID+38, 179985, 309, -12259.12109375, -1661.7095947265625, 131.385589599609375, -2.54818058013916015, 0, 0, 0.956304728984832763, -0.29237174987792968, 600, 600), -- Spider Egg
(@OGUID+39, 179985, 309, -12278.0908203125, -1626.7176513671875, 133.9610748291015625, -2.53072738647460937, 0, 0, 0.953716933727264404, -0.30070579051971435, 600, 600), -- Spider Egg
(@OGUID+40, 179985, 309, -12272.6123046875, -1632.0555419921875, 138.2734527587890625, 0.69813162088394165, 0, 0, 0.342020124197006225, 0.939692616462707519, 600, 600), -- Spider Egg
(@OGUID+41, 179985, 309, -12276.453125, -1647.21875, 131.4020233154296875, -2.49582076072692871, 0, 0, 0.948323667049407958, -0.31730467081069946, 600, 600), -- Spider Egg
(@OGUID+42, 179985, 309, -12248.8408203125, -1663.640625, 132.011474609375, 2.059488534927368164, 0, 0, 0.857167303562164306, 0.515038073062896728, 600, 600), -- Spider Egg
(@OGUID+43, 179985, 309, -12293.5048828125, -1698.0401611328125, 132.4014739990234375, -0.50614529848098754, 0, 0, 0.250379920005798339, -0.9681476354598999, 600, 600), -- Spider Egg
(@OGUID+44, 179985, 309, -12261.951171875, -1692.7117919921875, 131.9766998291015625, 1.65806281566619873, 0, 0, 0.737277328968048095, 0.675590217113494873, 600, 600), -- Spider Egg
(@OGUID+45, 179985, 309, -12272.65625, -1695.6785888671875, 133.5703887939453125, 1.431169986724853515, 0, 0, 0.656059026718139648, 0.754709601402282714, 600, 600), -- Spider Egg
(@OGUID+46, 179985, 309, -12284.4306640625, -1636.0208740234375, 133.045013427734375, -2.25147461891174316, 0, 0, 0.902585268020629882, -0.43051111698150634, 600, 600), -- Spider Egg
(@OGUID+47, 179985, 309, -12263.1181640625, -1653.5052490234375, 132.5929107666015625, 0.890117883682250976, 0, 0, 0.430511087179183959, 0.902585268020629882, 600, 600), -- Spider Egg
(@OGUID+48, 179985, 309, -12247.2666015625, -1692.197998046875, 132.0396575927734375, 2.58308720588684082, 0, 0, 0.961261689662933349, 0.275637388229370117, 600, 600), -- Spider Egg
(@OGUID+49, 179985, 309, -12331.6416015625, -1637.4212646484375, 130.8238067626953125, -1.90240883827209472, 0, 0, 0.814115524291992187, -0.58070296049118041, 600, 600), -- Spider Egg
(@OGUID+50, 179985, 309, -12301.94140625, -1631.13330078125, 130.8245391845703125, -0.55850535631179809, 0, 0, 0.275637358427047729, -0.96126168966293334, 600, 600), -- Spider Egg
(@OGUID+51, 179985, 309, -12327.5283203125, -1646.995849609375, 131.202545166015625, 2.932153224945068359, 0, 0, 0.994521915912628173, 0.10452841967344284, 600, 600), -- Spider Egg
(@OGUID+52, 179985, 309, -12299.26171875, -1608.964111328125, 132.028533935546875, 1.65806281566619873, 0, 0, 0.737277328968048095, 0.675590217113494873, 600, 600), -- Spider Egg
(@OGUID+53, 179985, 309, -12315.4970703125, -1687.511962890625, 130.9962158203125, 3.03687286376953125, 0, 0, 0.998629510402679443, 0.05233597382903099, 600, 600), -- Spider Egg
(@OGUID+54, 179985, 309, -12315.888671875, -1664.3646240234375, 131.508056640625, -1.7278759479522705, 0, 0, 0.760405957698822021, -0.64944803714752197, 600, 600), -- Spider Egg
(@OGUID+55, 179985, 309, -12306.736328125, -1616.9583740234375, 131.5713653564453125, -1.55334317684173583, 0, 0, 0.700909316539764404, -0.71325039863586425, 600, 600), -- Spider Egg
(@OGUID+56, 179985, 309, -12332.3935546875, -1688.4783935546875, 131.3063201904296875, -1.29154384136199951, 0, 0, 0.601815104484558105, -0.79863548278808593, 600, 600), -- Spider Egg
(@OGUID+57, 179985, 309, -12340.9306640625, -1679.7379150390625, 130.73382568359375, 0.418879061937332153, 0, 0, 0.207911700010299682, 0.978147625923156738, 600, 600), -- Spider Egg
(@OGUID+58, 179985, 309, -12305.662109375, -1641.977294921875, 130.9268951416015625, 0.069813162088394165, 0, 0, 0.034899495542049407, 0.999390840530395507, 600, 600), -- Spider Egg
(@OGUID+59, 179985, 309, -12285.3232421875, -1613.888671875, 131.1083831787109375, 2.373647689819335937, 0, 0, 0.927183866500854492, 0.374606639146804809, 600, 600), -- Spider Egg
(@OGUID+60, 179985, 309, -12327.66015625, -1671.953125, 129.9640655517578125, -0.43633255362510681, 0, 0, 0.216439723968505859, -0.97629600763320922, 600, 600), -- Spider Egg
(@OGUID+61, 179985, 309, -12314.728515625, -1674.7083740234375, 132.0467376708984375, 0.977384388446807861, 0, 0, 0.469471573829650878, 0.882947564125061035, 600, 600), -- Spider Egg
(@OGUID+62, 179985, 309, -12309.8193359375, -1627.26220703125, 130.8092193603515625, 1.692969441413879394, 0, 0, 0.748955726623535156, 0.662620067596435546, 600, 600), -- Spider Egg
(@OGUID+63, 179985, 309, -12299.5693359375, -1619.482666015625, 131.1397552490234375, -2.02458167076110839, 0, 0, 0.848048031330108642, -0.5299193263053894, 600, 600), -- Spider Egg
(@OGUID+64, 179985, 309, -12322.33984375, -1696.67919921875, 135.189361572265625, 3.124139308929443359, 0, 0, 0.999961912631988525, 0.008726561442017555, 600, 600), -- Spider Egg
(@OGUID+65, 179985, 309, -12349.9619140625, -1683.829833984375, 131.70196533203125, -2.77507352828979492, 0, 0, 0.983254909515380859, -0.18223547935485839, 600, 600), -- Spider Egg
(@OGUID+66, 179985, 309, -12318.3349609375, -1594.8990478515625, 132.353057861328125, 2.373647689819335937, 0, 0, 0.927183866500854492, 0.374606639146804809, 600, 600), -- Spider Egg
(@OGUID+67, 179985, 309, -12313.28515625, -1608.373291015625, 133.0965728759765625, -1.32645010948181152, 0, 0, 0.615661442279815673, -0.78801077604293823, 600, 600), -- Spider Egg
(@OGUID+68, 179985, 309, -12342.2431640625, -1614.407958984375, 132.1482391357421875, 0.890117883682250976, 0, 0, 0.430511087179183959, 0.902585268020629882, 600, 600), -- Spider Egg
(@OGUID+69, 179985, 309, -12305.1181640625, -1600.4930419921875, 132.5044708251953125, 1.431169986724853515, 0, 0, 0.656059026718139648, 0.754709601402282714, 600, 600), -- Spider Egg
(@OGUID+70, 179985, 309, -12337.4169921875, -1601.96875, 133.9007568359375, -2.74016690254211425, 0, 0, 0.979924738407135009, -0.19936791062355041, 600, 600), -- Spider Egg
(@OGUID+71, 179985, 309, -12307.59375, -1587.0416259765625, 132.7171173095703125, 2.268928050994873046, 0, 0, 0.906307816505432128, 0.422618240118026733, 600, 600), -- Spider Egg
(@OGUID+72, 179985, 309, -12339.705078125, -1645.1492919921875, 131.26910400390625, -2.94960641860961914, 0, 0, 0.995396196842193603, -0.09584572911262512, 600, 600), -- Spider Egg
(@OGUID+73, 179985, 309, -12367.7451171875, -1687.49169921875, 133.7494049072265625, 0.628318548202514648, 0, 0, 0.309017002582550048, 0.951056540012359619, 600, 600), -- Spider Egg
(@OGUID+74, 179985, 309, -12348.5927734375, -1639.1649169921875, 131.314300537109375, -1.50098299980163574, 0, 0, 0.681998312473297119, -0.731353759765625, 600, 600), -- Spider Egg
(@OGUID+75, 179985, 309, -12344.75, -1608.62158203125, 132.507720947265625, -2.84488654136657714, 0, 0, 0.989015877246856689, -0.1478094458580017, 600, 600), -- Spider Egg
(@OGUID+76, 179985, 309, -12316.1533203125, -1586.60546875, 133.266387939453125, -2.14675498008728027, 0, 0, 0.878817141056060791, -0.47715872526168823, 600, 600), -- Spider Egg
(@OGUID+77, 179985, 309, -12333.361328125, -1604.454833984375, 133.0149078369140625, 1.431169986724853515, 0, 0, 0.656059026718139648, 0.754709601402282714, 600, 600), -- Spider Egg
(@OGUID+78, 179985, 309, -12319.978515625, -1587.9427490234375, 132.603057861328125, -2.30383467674255371, 0, 0, 0.913545489311218261, -0.4067365825176239, 600, 600), -- Spider Egg
(@OGUID+79, 179985, 309, -12338.716796875, -1617.6597900390625, 132.661865234375, -1.2042773962020874, 0, 0, 0.566406309604644775, -0.82412612438201904, 600, 600), -- Spider Egg
(@OGUID+80, 179985, 309, -12348.5693359375, -1666.7066650390625, 130.6952056884765625, -1.30899691581726074, 0, 0, 0.608761429786682128, -0.79335331916809082, 600, 600), -- Spider Egg
(@OGUID+81, 179985, 309, -12351.48046875, -1691.3428955078125, 132.40179443359375, -1.7802361249923706, 0, 0, 0.777146041393280029, -0.62932032346725463, 600, 600), -- Spider Egg
(@OGUID+82, 179985, 309, -12304.701171875, -1594.6907958984375, 133.99114990234375, -0.43633255362510681, 0, 0, 0.216439723968505859, -0.97629600763320922, 600, 600), -- Spider Egg
(@OGUID+83, 179985, 309, -12316.8251953125, -1582.4857177734375, 132.8934478759765625, -0.22689278423786163, 0, 0, 0.113203197717666625, -0.99357187747955322, 600, 600), -- Spider Egg
(@OGUID+84, 179985, 309, -12362.9833984375, -1676.57666015625, 130.7482452392578125, -0.34906607866287231, 0, 0, 0.173648297786712646, -0.98480772972106933, 600, 600), -- Spider Egg
(@OGUID+85, 179985, 309, -12353.767578125, -1634.045166015625, 130.6604461669921875, 2.49582076072692871, 0, 0, 0.948323667049407958, 0.31730470061302185, 600, 600), -- Spider Egg
(@OGUID+86, 179985, 309, -12356.75390625, -1672.310791015625, 130.908477783203125, -1.43116986751556396, 0, 0, 0.656058967113494873, -0.75470966100692749, 600, 600), -- Spider Egg
(@OGUID+87, 179985, 309, -12371.251953125, -1672.7396240234375, 131.1305999755859375, -0.62831860780715942, 0, 0, 0.309017032384872436, -0.95105648040771484, 600, 600), -- Spider Egg
(@OGUID+88, 179985, 309, -12312.9814453125, -1599.797119140625, 132.6368408203125, 0.837758004665374755, 0, 0, 0.406736642122268676, 0.913545429706573486, 600, 600), -- Spider Egg
(@OGUID+89, 179985, 309, -12331.298828125, -1610.7552490234375, 132.7266998291015625, -0.97738438844680786, 0, 0, 0.469471573829650878, -0.88294756412506103, 600, 600), -- Spider Egg
(@OGUID+90, 179985, 309, -12311.2412109375, -1582.17578125, 133.0598602294921875, -1.18682420253753662, 0, 0, 0.559193015098571777, -0.82903748750686645, 600, 600), -- Spider Egg
(@OGUID+91, 179985, 309, -12331.44921875, -1627.33740234375, 130.440093994140625, 2.164208173751831054, 0, 0, 0.882947564125061035, 0.469471603631973266, 600, 600), -- Spider Egg
(@OGUID+92, 179985, 309, -12384.8447265625, -1641.2955322265625, 131.1581268310546875, -1.2042773962020874, 0, 0, 0.566406309604644775, -0.82412612438201904, 600, 600), -- Spider Egg
(@OGUID+93, 179985, 309, -12377.681640625, -1665.008056640625, 131.33099365234375, 1.117010712623596191, 0, 0, 0.529919266700744628, 0.848048090934753417, 600, 600), -- Spider Egg
(@OGUID+94, 179985, 309, -12377.103515625, -1622.5504150390625, 130.7606964111328125, -2.42600750923156738, 0, 0, 0.936672151088714599, -0.35020741820335388, 600, 600), -- Spider Egg
(@OGUID+95, 179985, 309, -12313.396484375, -1563.058349609375, 133.6548614501953125, -2.96705961227416992, 0, 0, 0.996194720268249511, -0.0871557667851448, 600, 600), -- Spider Egg
(@OGUID+96, 179985, 309, -12343.3994140625, -1587.8177490234375, 132.23248291015625, -1.23918378353118896, 0, 0, 0.580702960491180419, -0.81411552429199218, 600, 600), -- Spider Egg
(@OGUID+97, 179985, 309, -12317.6083984375, -1577.6944580078125, 132.4249267578125, -2.51327419281005859, 0, 0, 0.951056540012359619, -0.30901694297790527, 600, 600), -- Spider Egg
(@OGUID+98, 179985, 309, -12331.353515625, -1586.4735107421875, 132.353057861328125, 3.019419670104980468, 0, 0, 0.998134791851043701, 0.061048507690429687, 600, 600), -- Spider Egg
(@OGUID+99, 179985, 309, -12380.603515625, -1674.2135009765625, 135.1352081298828125, -0.12217313796281814, 0, 0, 0.061048582196235656, -0.9981347918510437, 600, 600), -- Spider Egg
(@OGUID+100, 179985, 309, -12381.1650390625, -1611.2926025390625, 132.4382171630859375, -0.80285149812698364, 0, 0, 0.39073115587234497, -0.92050486803054809, 600, 600), -- Spider Egg
(@OGUID+101, 179985, 309, -12326.1123046875, -1564.0631103515625, 133.68951416015625, -1.9198620319366455, 0, 0, 0.819151997566223144, -0.57357645034790039, 600, 600), -- Spider Egg
(@OGUID+102, 179985, 309, -12332.9658203125, -1577.06884765625, 132.2977752685546875, -0.62831860780715942, 0, 0, 0.309017032384872436, -0.95105648040771484, 600, 600), -- Spider Egg
(@OGUID+103, 179985, 309, -12359.677734375, -1598.025634765625, 134.8007354736328125, -0.38397243618965148, 0, 0, 0.190809011459350585, -0.98162716627120971, 600, 600), -- Spider Egg
(@OGUID+104, 179985, 309, -12321.521484375, -1580.005615234375, 132.249481201171875, 3.089232683181762695, 0, 0, 0.999657332897186279, 0.026176994666457176, 600, 600), -- Spider Egg
(@OGUID+105, 179985, 309, -12341.470703125, -1596.3148193359375, 132.421630859375, 2.652900457382202148, 0, 0, 0.970295727252960205, 0.241921901702880859, 600, 600), -- Spider Egg
(@OGUID+106, 179985, 309, -12375.0830078125, -1633.2821044921875, 129.587738037109375, -2.51327419281005859, 0, 0, 0.951056540012359619, -0.30901694297790527, 600, 600), -- Spider Egg
(@OGUID+107, 179985, 309, -12319.9638671875, -1566.5418701171875, 132.9080963134765625, 0.191986218094825744, 0, 0, 0.095845751464366912, 0.995396196842193603, 600, 600), -- Spider Egg
(@OGUID+108, 179985, 309, -12310.701171875, -1572.5716552734375, 133.446685791015625, 2.111848354339599609, 0, 0, 0.870355665683746337, 0.492423564195632934, 600, 600), -- Spider Egg
(@OGUID+109, 179985, 309, -12371.6806640625, -1653.59033203125, 130.518829345703125, -1.44862353801727294, 0, 0, 0.662620127201080322, -0.74895566701889038, 600, 600), -- Spider Egg
(@OGUID+110, 179985, 309, -12332.5029296875, -1566.5137939453125, 132.693328857421875, 3.089232683181762695, 0, 0, 0.999657332897186279, 0.026176994666457176, 600, 600), -- Spider Egg
(@OGUID+111, 179985, 309, -12367.8330078125, -1604.669677734375, 132.3591766357421875, -1.25663685798645019, 0, 0, 0.587785184383392333, -0.80901706218719482, 600, 600), -- Spider Egg
(@OGUID+112, 179985, 309, -12338.6669921875, -1582.6458740234375, 132.5365447998046875, 0.872664630413055419, 0, 0, 0.422618269920349121, 0.906307756900787353, 600, 600), -- Spider Egg
(@OGUID+113, 179985, 309, -12375.4033203125, -1604.2081298828125, 133.8431396484375, -0.62831860780715942, 0, 0, 0.309017032384872436, -0.95105648040771484, 600, 600), -- Spider Egg
(@OGUID+114, 179985, 309, -12370.93359375, -1619.595703125, 130.940216064453125, -1.41371667385101318, 0, 0, 0.649448037147521972, -0.76040601730346679, 600, 600), -- Spider Egg
(@OGUID+115, 179985, 309, -12308.8642578125, -1568.1666259765625, 134.03521728515625, 1.082104086875915527, 0, 0, 0.515038073062896728, 0.857167303562164306, 600, 600), -- Spider Egg
(@OGUID+116, 179985, 309, -12345.146484375, -1577.1090087890625, 133.1491241455078125, 0.052359882742166519, 0, 0, 0.026176949962973594, 0.999657332897186279, 600, 600), -- Spider Egg
(@OGUID+117, 179985, 309, -12307.20703125, -1575.849609375, 132.980377197265625, -0.75049144029617309, 0, 0, 0.366501152515411376, -0.93041759729385375, 600, 600), -- Spider Egg
(@OGUID+118, 179985, 309, -12340.296875, -1569.50439453125, 131.40960693359375, -1.29154384136199951, 0, 0, 0.601815104484558105, -0.79863548278808593, 600, 600), -- Spider Egg
(@OGUID+119, 179985, 309, -12365.6416015625, -1610.72900390625, 131.8831024169921875, -1.48352992534637451, 0, 0, 0.675590217113494873, -0.73727732896804809, 600, 600), -- Spider Egg
(@OGUID+120, 179985, 309, -12349.44921875, -1597.14892578125, 134.4842071533203125, 2.58308720588684082, 0, 0, 0.961261689662933349, 0.275637388229370117, 600, 600), -- Spider Egg
(@OGUID+121, 179985, 309, -12383.228515625, -1656.123291015625, 132.7698211669921875, -1.16937041282653808, 0, 0, 0.551936924457550048, -0.83388584852218627, 600, 600), -- Spider Egg
(@OGUID+122, 179985, 309, -12334.3232421875, -1590.640625, 132.3088836669921875, 0.296705961227416992, 0, 0, 0.147809401154518127, 0.989015877246856689, 600, 600), -- Spider Egg
(@OGUID+123, 179985, 309, -12372.5068359375, -1595.4488525390625, 138.234222412109375, -0.59341222047805786, 0, 0, 0.29237183928489685, -0.95630472898483276, 600, 600), -- Spider Egg
(@OGUID+124, 179985, 309, -12366.609375, -1637.8763427734375, 131.4484710693359375, 0.122173056006431579, 0, 0, 0.061048541218042373, 0.998134791851043701, 600, 600), -- Spider Egg
(@OGUID+125, 179985, 309, -12347.5419921875, -1566.5885009765625, 132.6945953369140625, 2.932153224945068359, 0, 0, 0.994521915912628173, 0.10452841967344284, 600, 600), -- Spider Egg
(@OGUID+126, 179985, 309, -12343.22265625, -1570.4896240234375, 131.6309356689453125, 2.652900457382202148, 0, 0, 0.970295727252960205, 0.241921901702880859, 600, 600), -- Spider Egg
-- 127 - 130
(@OGUID+131, 180164, 309, -12347.1650390625, -1845.5013427734375, 131.0122833251953125, -2.93215298652648925, 0, 0, 0.994521915912628173, -0.10452850908041, 259200, 259200), -- Sungrass
(@OGUID+132, 180164, 309, -11597.2822265625, -1752.79345703125, 39.32941055297851562, -0.78539824485778808, 0, 0, 0.382683485746383666, -0.92387950420379638, 259200, 259200), -- Sungrass
(@OGUID+133, 180164, 309, -11855.6, -1886.94, 64.4054, 0.157079, 0, 0, 0.0784588, 0.996917, 259200, 259200), -- Sungrass
(@OGUID+134, 180164, 309, -12156, -1466.72, 131.101, 4.88692, 0, 0, -0.642787, 0.766045, 259200, 259200), -- Sungrass
(@OGUID+135, 180164, 309, -12352.3076171875, -1672.7291259765625, 131.1775665283203125, 2.757613182067871093, 0, 0, 0.981626510620117187, 0.190812408924102783, 259200, 259200), -- Sungrass
(@OGUID+136, 180164, 309, -11556.2, -1480.03, 67.1307, 5.72468, 0, 0, -0.275637, 0.961262, 259200, 259200), -- Sungrass
(@OGUID+137, 180164, 309, -11615.0302734375, -1846.4097900390625, 41.41478729248046875, 3.071766138076782226, 0, 0, 0.999390602111816406, 0.034906134009361267, 259200, 259200), -- Sungrass
-- 138 - 140
(@OGUID+141, 180165, 309, -11969.421875, -1825.954833984375, 56.21387481689453125, 2.164208173751831054, 0, 0, 0.882947564125061035, 0.469471603631973266, 259200, 259200), -- Purple Lotus
(@OGUID+142, 180165, 309, -12334.537109375, -1899.6531982421875, 131.2425537109375, -3.00196623802185058, 0, 0, 0.997564077377319335, -0.06975647807121276, 259200, 259200), -- Purple Lotus
(@OGUID+143, 180165, 309, -11874.828125, -1382.4014892578125, 68.26617431640625, -1.01229083538055419, 0, 0, 0.484809547662734985, -0.87461978197097778, 259200, 259200), -- Purple Lotus
(@OGUID+144, 180165, 309, -12074.7, -1696.28, 46.4935, 2.02458, 0, 0, 0.848047, 0.529921, 259200, 259200), -- Purple Lotus
(@OGUID+145, 180165, 309, -11944.6, -1760.67, 53.5194, 4.39823, 0, 0, -0.809016, 0.587786, 259200, 259200), -- Purple Lotus
(@OGUID+146, 180165, 309, -11972.7548828125, -1553.0035400390625, 40.840301513671875, -1.60570168495178222, 0, 0, -0.71933937072753906, 0.694658815860748291, 259200, 259200), -- Purple Lotus
(@OGUID+147, 180165, 309, -11995.2, -1621.96, 33.2566, 4.32842, 0, 0, -0.829037, 0.559194, 259200, 259200), -- Purple Lotus
(@OGUID+148, 180165, 309, -11688.1, -1941.78, 56.86, 4.36332, 0, 0, -0.819152, 0.573577, 259200, 259200), -- Purple Lotus
(@OGUID+149, 180165, 309, -11657.6787109375, -1565.70556640625, 41.41679763793945312, -2.12930059432983398, 0, 0, -0.8746194839477539, 0.484810054302215576, 259200, 259200), -- Purple Lotus
-- 150
(@OGUID+151, 180166, 309, -11733.876953125, -1945.6007080078125, 58.68107986450195312, -2.82743334770202636, 0, 0, 0.987688362598419189, -0.15643444657325744, 259200, 259200), -- Mountain Silversage
(@OGUID+152, 180166, 309, -12264.7392578125, -1869.3797607421875, 133.451812744140625, 1.29154360294342041, 0, 0, 0.601814985275268554, 0.798635542392730712, 259200, 259200), -- Mountain Silversage
(@OGUID+153, 180166, 309, -11595.2587890625, -1218.1876220703125, 81.0124969482421875, -0.82030475139617919, 0, 0, 0.398749053478240966, -0.91706007719039916, 259200, 259200), -- Mountain Silversage
(@OGUID+154, 180166, 309, -12225.857421875, -1419.9320068359375, 131.391693115234375, -1.25663685798645019, 0, 0, 0.587785184383392333, -0.80901706218719482, 259200, 259200), -- Mountain Silversage
(@OGUID+155, 180166, 309, -11657.0380859375, -1457.0177001953125, 61.00021743774414062, -1.74532675743103027, 0, 0, -0.76604366302490234, 0.642788589000701904, 259200, 259200), -- Mountain Silversage
(@OGUID+156, 180166, 309, -11804.4, -1902, 50.6509, 5.93412, 0, 0, -0.173648, 0.984808, 259200, 259200), -- Mountain Silversage
(@OGUID+157, 180166, 309, -12255.3, -1963.61, 136.048, 0.610863, 0, 0, 0.300705, 0.953717, 259200, 259200), -- Mountain Silversage
(@OGUID+158, 180166, 309, -12346.8, -1965, 133.195, 0.453785, 0, 0, 0.224951, 0.97437, 259200, 259200), -- Mountain Silversage
(@OGUID+159, 180166, 309, -12062.20703125, -1433.8271484375, 130.2298736572265625, -2.79251837730407714, 0, 0, -0.98480701446533203, 0.173652306199073791, 259200, 259200), -- Mountain Silversage
(@OGUID+160, 180166, 309, -11526.8, -1493.28, 80.0608, 2.54818, 0, 0, 0.956305, 0.292372, 259200, 259200), -- Mountain Silversage
(@OGUID+161, 180166, 309, -11561.296875, -1805.5086669921875, 62.4127960205078125, -3.00194692611694335, 0, 0, -0.99756336212158203, 0.069766148924827575, 259200, 259200), -- Mountain Silversage
(@OGUID+162, 180166, 309, -12298.3, -1464.21, 130.6, 2.02458, 0, 0, 0.848047, 0.529921, 259200, 259200), -- Mountain Silversage
-- 163 - 170
(@OGUID+171, 180167, 309, -11988.107421875, -1825.9349365234375, 58.52939224243164062, -1.81514251232147216, 0, 0, 0.788010776042938232, -0.61566144227981567, 259200, 259200), -- Golden Sansam
(@OGUID+172, 180167, 309, -11585.2197265625, -1573.601806640625, 50.7598114013671875, 1.169370651245117187, 0, 0, 0.551936984062194824, 0.833885848522186279, 259200, 259200), -- Golden Sansam
(@OGUID+173, 180167, 309, -12298.3505859375, -1684.076171875, 132.49176025390625, 1.448623299598693847, 0, 0, 0.662620067596435546, 0.748955726623535156, 259200, 259200), -- Golden Sansam
(@OGUID+174, 180167, 309, -11834.8427734375, -1326.258056640625, 67.55466461181640625, -2.63544702529907226, 0, 0, 0.968147635459899902, -0.25038003921508789, 259200, 259200), -- Golden Sansam
(@OGUID+175, 180167, 309, -12223.4521484375, -1416.2662353515625, 131.544952392578125, 2.932153224945068359, 0, 0, 0.994521915912628173, 0.10452841967344284, 259200, 259200), -- Golden Sansam
(@OGUID+176, 180167, 309, -11786.7, -1896.81, 48.9827, 3.31614, 0, 0, -0.996194, 0.087165, 259200, 259200), -- Golden Sansam
(@OGUID+177, 180167, 309, -11558.208984375, -1739.44921875, 38.6247100830078125, -0.52359795570373535, 0, 0, -0.25881862640380859, 0.965925931930541992, 259200, 259200), -- Golden Sansam
(@OGUID+178, 180167, 309, -11457, -1596.5, 49.6861, 5.53269, 0, 0, -0.366501, 0.930418, 259200, 259200), -- Golden Sansam
(@OGUID+179, 180167, 309, -11583.7, -1663.03, 50.6409, 5.21854, 0, 0, -0.507538, 0.861629, 259200, 259200), -- Golden Sansam
(@OGUID+180, 180167, 309, -12367.3193359375, -1615.6109619140625, 131.1434478759765625, 1.815141916275024414, 0, 0, 0.788010597229003906, 0.615661680698394775, 259200, 259200), -- Golden Sansam
(@OGUID+181, 180167, 309, -12197.3, -1983.1, 132.6, 4.83456, 0, 0, -0.66262, 0.748956, 259200, 259200), -- Golden Sansam
(@OGUID+182, 180167, 309, -12380.33203125, -1662.3756103515625, 131.9833221435546875, 2.426007747650146484, 0, 0, 0.936672210693359375, 0.350207358598709106, 259200, 259200), -- Golden Sansam
(@OGUID+183, 180167, 309, -12288.3, -1625.12, 130.261, 1.309, 0, 0, 0.608761, 0.793354, 259200, 259200), -- Golden Sansam
(@OGUID+184, 180167, 309, -11742, -1337.24, 63.7299, 2.77507, 0, 0, 0.983254, 0.182238, 259200, 259200), -- Golden Sansam
(@OGUID+185, 180167, 309, -11656.2, -1572.16, 39.8062, 3.94445, 0, 0, -0.920505, 0.390732, 259200, 259200), -- Golden Sansam
(@OGUID+186, 180167, 309, -12002.8, -1489.2, 80.3559, 0.331611, 0, 0, 0.165047, 0.986286, 259200, 259200), -- Golden Sansam
(@OGUID+187, 180167, 309, -11985.6005859375, -1717.9481201171875, 32.28356170654296875, -0.75049078464508056, 0, 0, -0.3665008544921875, 0.93041771650314331, 259200, 259200), -- Golden Sansam
-- 188 - 190
(@OGUID+191, 180168, 309, -11986.20703125, -1475.364990234375, 79.697052001953125, -3.00196623802185058, 0, 0, 0.997564077377319335, -0.06975647807121276, 259200, 259200), -- Dreamfoil
(@OGUID+192, 180168, 309, -12185.90625, -1901.982666015625, 133.235443115234375, 0.820304811000823974, 0, 0, 0.398749083280563354, 0.917060077190399169, 259200, 259200), -- Dreamfoil
(@OGUID+193, 180168, 309, -11820.98046875, -1892.170166015625, 49.65859603881835937, 0.977384388446807861, 0, 0, 0.469471573829650878, 0.882947564125061035, 259200, 259200), -- Dreamfoil
(@OGUID+194, 180168, 309, -11456.5654296875, -1606.9561767578125, 49.19579696655273437, 2.0245819091796875, 0, 0, 0.848048090934753417, 0.529919266700744628, 259200, 259200), -- Dreamfoil
(@OGUID+195, 180168, 309, -11608.912109375, -1274.0670166015625, 79.27100372314453125, 0.01745329238474369, 0, 0, 0.008726535364985466, 0.999961912631988525, 259200, 259200), -- Dreamfoil
(@OGUID+196, 180168, 309, -11748.7, -1906.19, 55.9028, 4.53786, 0, 0, -0.766044, 0.642789, 259200, 259200), -- Dreamfoil
(@OGUID+197, 180168, 309, -11539.7, -1244.56, 78.744, 1.29154, 0, 0, 0.601814, 0.798636, 259200, 259200), -- Dreamfoil
(@OGUID+198, 180168, 309, -12347.7, -1926.59, 133.29, 5.53269, 0, 0, -0.366501, 0.930418, 259200, 259200), -- Dreamfoil
(@OGUID+199, 180168, 309, -12159.3583984375, -1956.9908447265625, 134.0766448974609375, -0.1221729889512062, 0, 0, -0.06104850769042968, 0.998134791851043701, 259200, 259200), -- Dreamfoil
(@OGUID+200, 180168, 309, -12396.8, -1835.81, 132.798, 5.88176, 0, 0, -0.199367, 0.979925, 259200, 259200), -- Dreamfoil
(@OGUID+201, 180168, 309, -11650, -1890.45, 57.2409, 5.46288, 0, 0, -0.398748, 0.91706, 259200, 259200), -- Dreamfoil
(@OGUID+202, 180168, 309, -11576.4, -1314.08, 80.0355, 0.610863, 0, 0, 0.300705, 0.953717, 259200, 259200), -- Dreamfoil
(@OGUID+203, 180168, 309, -11857, -1854.94, 63.8638, 0.506145, 0, 0, 0.25038, 0.968148, 259200, 259200), -- Dreamfoil
(@OGUID+204, 180168, 309, -11517.21484375, -1688.4107666015625, 51.14802932739257812, -2.79251837730407714, 0, 0, -0.98480701446533203, 0.173652306199073791, 259200, 259200), -- Dreamfoil
(@OGUID+205, 180168, 309, -12236.5, -1472.11, 130.657, 4.50295, 0, 0, -0.777145, 0.629321, 259200, 259200), -- Dreamfoil
(@OGUID+206, 180168, 309, -11543.5, -1548.46, 51.7261, 5.02655, 0, 0, -0.587785, 0.809017, 259200, 259200), -- Dreamfoil
(@OGUID+207, 180168, 309, -12059.7, -1443.07, 130.177, 3.45576, 0, 0, -0.987688, 0.156436, 259200, 259200), -- Dreamfoil
-- 208 - 210
(@OGUID+211, 0, 309, -11518.228515625, -1693.0625, 52.48497390747070312, 1.029743075370788574, 0, 0, 0.492423057556152343, 0.870355963706970214, 259200, 259200), -- Jinxed Hoodoo Pile
(@OGUID+212, 0, 309, -12382.435546875, -1919.368896484375, 131.5534210205078125, -2.84488272666931152, 0, 0, -0.98901557922363281, 0.147811368107795715, 259200, 259200), -- Jinxed Hoodoo Pile
(@OGUID+213, 0, 309, -12376.189453125, -1661.066162109375, 132.8642425537109375, 1.431168079376220703, 0, 0, 0.656058311462402343, 0.754710197448730468, 259200, 259200), -- Jinxed Hoodoo Pile
(@OGUID+214, 0, 309, -12155.8818359375, -1960.3697509765625, 133.1110687255859375, -2.63544416427612304, 0, 0, -0.96814727783203125, 0.250381410121917724, 259200, 259200), -- Jinxed Hoodoo Pile
(@OGUID+215, 0, 309, -12358.32421875, -1939.73095703125, 132.353057861328125, 0.104719325900077819, 0, 0, 0.052335739135742187, 0.998629570007324218, 259200, 259200), -- Jinxed Hoodoo Pile
(@OGUID+216, 0, 309, -11542.681640625, -1544.9483642578125, 51.77915191650390625, -0.7853967547416687, 0, 0, -0.38268280029296875, 0.923879802227020263, 259200, 259200), -- Jinxed Hoodoo Pile
(@OGUID+217, 0, 309, -11555.998046875, -1725.953125, 39.72829818725585937, 0.942476630210876464, 0, 0, 0.453989982604980468, 0.891006767749786376, 259200, 259200), -- Jinxed Hoodoo Pile
(@OGUID+218, 0, 309, -11742.3203125, -1930.49609375, 56.91274642944335937, 1.623155713081359863, 0, 0, 0.725374221801757812, 0.688354730606079101, 259200, 259200), -- Jinxed Hoodoo Pile
(@OGUID+219, 0, 309, -11638.3564453125, -1882.9140625, 57.31586456298828125, -2.42600250244140625, 0, 0, -0.93667125701904296, 0.350209832191467285, 259200, 259200), -- Jinxed Hoodoo Pile
(@OGUID+220, 0, 309, -11452.888671875, -1613.9444580078125, 49.03480148315429687, 2.530723094940185546, 0, 0, 0.953716278076171875, 0.300707906484603881, 259200, 259200), -- Jinxed Hoodoo Pile
(@OGUID+221, 0, 309, -11526.3486328125, -1479.7432861328125, 78.02657318115234375, -1.15191733837127685, 0, 0, 0.544639050960540771, -0.83867055177688598, 259200, 259200), -- Jinxed Hoodoo Pile
(@OGUID+222, 0, 309, -11810.1142578125, -1882.40283203125, 46.07453536987304687, -2.44346022605895996, 0, 0, -0.93969249725341796, 0.34202045202255249, 259200, 259200), -- Jinxed Hoodoo Pile
(@OGUID+223, 0, 309, -11594.6533203125, -1216.6636962890625, 81.3684539794921875, 0.331612557172775268, 0, 0, 0.165047600865364074, 0.986285626888275146, 259200, 259200), -- Jinxed Hoodoo Pile
(@OGUID+224, 0, 309, -11539.875, -1247.64013671875, 78.517669677734375, 3.001966238021850585, 0, 0, 0.997564077377319335, 0.069756507873535156, 259200, 259200), -- Jinxed Hoodoo Pile
(@OGUID+225, 0, 309, -11781.8701171875, -1621.9085693359375, 21.14900398254394531, -3.12412309646606445, 0, 0, -0.99996185302734375, 0.008734640665352344, 259200, 259200), -- Jinxed Hoodoo Pile
(@OGUID+226, 0, 309, -12357.8701171875, -1836.308837890625, 130.8646392822265625, 0.453785032033920288, 0, 0, 0.224950790405273437, 0.974370121955871582, 259200, 259200), -- Jinxed Hoodoo Pile
(@OGUID+227, 0, 309, -11974.7861328125, -1474.543701171875, 79.98345184326171875, 2.932138919830322265, 0, 0, 0.994521141052246093, 0.104535527527332305, 259200, 259200), -- Jinxed Hoodoo Pile
-- 228 - 245
-- Muddy Churning Waters
(@OGUID+246, 180369, 309, -11780.9853515625, -1425.22509765625, 10.46028041839599609, -0.73303824663162231, 0, 0, 0.358367919921875, -0.93358045816421508, 259200, 259200), -- Muddy Churning Waters - zg
(@OGUID+247, 180369, 309, -11841.12109375, -1506.41796875, 10.46028041839599609, -0.92502433061599731, 0, 0, 0.446197748184204101, -0.89493441581726074, 259200, 259200), -- Muddy Churning Waters - aotbg
(@OGUID+248, 180369, 309, -11899.955078125, -1479.853515625, 10.46028041839599609, -1.62315630912780761, 0, 0, 0.725374400615692138, -0.6883544921875, 259200, 259200), -- Muddy Churning Waters - zg
(@OGUID+249, 180369, 309, -11680.2138671875, -1659.739013671875, 10.46028041839599609, 1.29154360294342041, 0, 0, 0.601814985275268554, 0.798635542392730712, 259200, 259200), -- Muddy Churning Waters - aotbg
(@OGUID+250, 180369, 309, -11890.2, -1714.73, 10.4603, 2.96704, 0, 0, 0.996194, 0.087165, 259200, 259200), -- Muddy Churning Waters - aotbg
(@OGUID+251, 180369, 309, -11887.7, -1643.9, 10.4603, 3.87463, 0, 0, -0.93358, 0.358368, 259200, 259200), -- Muddy Churning Waters - aotbg
(@OGUID+252, 180369, 309, -11700.5087890625, -1746.4871826171875, 10.46028041839599609, -2.72271275520324707, 0, 0, -0.97814750671386718, 0.207912087440490722, 259200, 259200), -- Muddy Churning Waters - pp
-- 253 - 259
(@OGUID+260, 180366, 309, -11698.146484375, -1771.4991455078125, 12.55782794952392578, -2.93215298652648925, 0, 0, 0.994521915912628173, -0.10452850908041, 600, 600), -- Battered Tackle Box
(@OGUID+261, 180392, 309, -11693.3349609375, -1765.30908203125, 12.59231376647949218, 0.733038246631622314, 0, 0, 0.358367949724197387, 0.933580398559570312, 10, 10), -- Full Jug
(@OGUID+262, 180392, 309, -11696.25390625, -1771.701171875, 12.592315673828125, -0.97738438844680786, 0, 0, 0.469471573829650878, -0.88294756412506103, 10, 10), -- Full Jug
(@OGUID+263, 180392, 309, -11700.4970703125, -1769.894287109375, 12.34756183624267578, -1.93731522560119628, 0, 0, 0.824126124382019042, -0.56640630960464477, 10, 10), -- Full Jug
(@OGUID+264, 180392, 309, -11698.509765625, -1775.004150390625, 12.5728006362915039, 1.466076612472534179, 0, 0, 0.669130623340606689, 0.743144810199737548, 10, 10), -- Full Jug
(@OGUID+265, 180392, 309, -11687.341796875, -1785.8621826171875, 12.59230995178222656, -0.82030475139617919, 0, 0, 0.398749053478240966, -0.91706007719039916, 10, 10), -- Full Jug
(@OGUID+266, 180392, 309, -11691.837890625, -1769.1810302734375, 12.592315673828125, -2.2165684700012207, 0, 0, 0.894934415817260742, -0.4461977481842041, 10, 10), -- Full Jug
(@OGUID+267, 180392, 309, -11686.6748046875, -1786.2242431640625, 12.59230995178222656, -2.80998015403747558, 0, 0, 0.986285626888275146, -0.16504754126071929, 10, 10), -- Full Jug
(@OGUID+268, 180392, 309, -11691.6611328125, -1769.886474609375, 12.592315673828125, 2.600540637969970703, 0, 0, 0.963630437850952148, 0.267238348722457885, 10, 10), -- Full Jug
(@OGUID+269, 180392, 309, -11692.1767578125, -1769.6417236328125, 12.592315673828125, 0.523598790168762207, 0, 0, 0.258819043636322021, 0.965925812721252441, 10, 10), -- Full Jug
(@OGUID+270, 180386, 309, -11516.2421875, -1648.1376953125, 49.53345108032226562, 1.666788697242736816, 0, 0, 0.740217864513397216, 0.6723671555519104, 600, 600), -- Gong
(@OGUID+271, 180497, 309, -11501.8935546875, -1614.798828125, 44.57218170166015625, 1.57952284812927246, 0, 0, 0.710185348987579345, 0.704014778137207031, 600, 600), -- Forcefield
(@OGUID+272, 180526, 309, -11569.19921875, -1627.87451171875, 41.27669906616210937, 0.008725880645215511, 0, 0, 0.004362926352769136, 0.999990463256835937, 600, 600), -- Gong of Bethekk
-- Zul''Gurub - Hakkari Thorium Vein (1) Ore 000
(@OGUID+0300, 0, 309, -12310.1220703125, -1465.3640136718750, 130.6002044677734375, 3.961898565292358398, 0, 0, -0.91705989837646484, 0.398749500513076782, 604800, 604800), -- Hakkari Thorium Vein
(@OGUID+0301, 0, 309, -12063.4775390625, -1437.3966064453125, 130.2297821044921875, 1.256635904312133789, 0, 0, 0.587784767150878906, 0.809017360210418701, 604800, 604800), -- Hakkari Thorium Vein
(@OGUID+0302, 0, 309, -11994.1826171875, -1458.6176757812500, 83.11444854736328125, 5.044002056121826171, 0, 0, -0.58070278167724609, 0.814115643501281738, 604800, 604800), -- Hakkari Thorium Vein
(@OGUID+0303, 0, 309, -12241.8525390625, -1488.2923583984375, 131.5126495361328125, 1.588248729705810546, 0, 0, 0.713250160217285156, 0.700909554958343505, 604800, 604800), -- Hakkari Thorium Vein
-- Zul''Gurub - Hakkari Thorium Vein (1) Ore 001
(@OGUID+0310, 0, 309, -12398.2011718750, -1934.4305419921875, 133.2330322265625000, 0.733038187026977539, 0, 0, 0.358367919921875000, 0.933580458164215087, 604800, 604800), -- Hakkari Thorium Vein
(@OGUID+0311, 0, 309, -12145.3847656250, -1941.7357177734375, 134.8932342529296875, 1.867502212524414062, 0, 0, 0.803856849670410156, 0.594822824001312255, 604800, 604800), -- Hakkari Thorium Vein
(@OGUID+0312, 0, 309, -12406.1650390625, -1837.8758544921875, 135.8400573730468750, 1.274088263511657714, 0, 0, 0.594821929931640625, 0.803857445716857910, 604800, 604800), -- Hakkari Thorium Vein
(@OGUID+0313, 0, 309, -12177.2714843750, -1910.1519775390625, 130.8068542480468750, 1.937312245368957519, 0, 0, 0.824125289916992187, 0.566407561302185058, 604800, 604800), -- Hakkari Thorium Vein
-- Zul''Gurub - Hakkari Thorium Vein (1) Ore 002
(@OGUID+0320, 0, 309, -11549.4941406250, -1489.0610351562500, 73.21334075927734375, 3.717553615570068359, 0, 0, -0.95881938934326171, 0.284016460180282592, 604800, 604800), -- Hakkari Thorium Vein
(@OGUID+0321, 0, 309, -11803.4824218750, -1905.7117919921875, 52.92700958251953125, 2.548179388046264648, 0, 0, 0.956304550170898437, 0.292372345924377441, 604800, 604800), -- Hakkari Thorium Vein
(@OGUID+0322, 0, 309, -11546.4208984375, -1745.0648193359375, 40.15413284301757812, 1.343901276588439941, 0, 0, 0.622513771057128906, 0.782608807086944580, 604800, 604800), -- Hakkari Thorium Vein
(@OGUID+0323, 0, 309, -11998.0468750000, -1843.4572753906250, 60.41311264038085937, 5.864306926727294921, 0, 0, -0.20791149139404296, 0.978147625923156738, 604800, 604800), -- Hakkari Thorium Vein
-- Zul''Gurub - Hakkari Thorium Vein (1) Ore 003
(@OGUID+0330, 0, 309, -11545.5927734375, -1237.4613037109375, 79.21926879882812500, 2.373644113540649414, 0, 0, 0.927183151245117187, 0.374608308076858520, 604800, 604800), -- Hakkari Thorium Vein
(@OGUID+0331, 0, 309, -11927.7021484375, -1756.9566650390625, 50.15846633911132812, 3.141592741012573242, 0, 0, -1.00000000000000000, 0.000000000000000000, 604800, 604800), -- Hakkari Thorium Vein
(@OGUID+0332, 0, 309, -11599.0000000000, -1217.4381103515625, 80.36554718017578125, 1.727874636650085449, 0, 0, 0.760405540466308593, 0.649448513984680175, 604800, 604800), -- Hakkari Thorium Vein
(@OGUID+0333, 0, 309, -11647.3632812500, -1476.9616699218750, 50.38566970825195312, 4.310965538024902343, 0, 0, -0.83388519287109375, 0.551937937736511230, 604800, 604800); -- Hakkari Thorium Vein

-- INSERT INTO `gameobject_addon` (`guid`, `animprogress`, `state`) VALUES

-- ======
-- EVENTS
-- ======

-- INSERT INTO `game_event_creature` (`guid`, `event`) VALUES
-- INSERT INTO `game_event_creature_data` (`guid`, `entry_id`, `modelid`, `equipment_id`, `spell_start`, `spell_end`, `event`) VALUES
-- INSERT INTO `game_event_gameobject` (`guid`, `event`) VALUES

-- =======
-- POOLING
-- =======

-- INSERT INTO `pool_pool` (`pool_id`, `mother_pool`, `chance`, `description`) VALUES

INSERT INTO `pool_template` (`entry`, `max_limit`, `description`) VALUES
(@PGUID+61, 2, 'Zul''Gurub - Sungrass (180164)'),
(@PGUID+62, 3, 'Zul''Gurub - Purple Lotus (180165)'),
(@PGUID+63, 4, 'Zul''Gurub - Mountain Silversage (180166)'),
(@PGUID+64, 5, 'Zul''Gurub - Golden Sansam (180167)'),
(@PGUID+65, 5, 'Zul''Gurub - Dreamfoil (180168)'),
(@PGUID+71, 4, 'Zul''Gurub - Muddy Churning Waters (180369)');

-- INSERT INTO `pool_creature` (`guid`, `pool_entry`, `chance`, `description`) VALUES
-- INSERT INTO `pool_creature_template` (`id`, `pool_entry`, `chance`, `description`) VALUES
-- INSERT INTO `pool_gameobject` (`guid`, `pool_entry`, `chance`, `description`) VALUES

INSERT INTO `pool_gameobject_template` (`id`, `pool_entry`, `chance`, `description`) VALUES
(180164, @PGUID+61, 0, 'Zul''Gurub - Sungrass (180164)'),
(180165, @PGUID+62, 0, 'Zul''Gurub - Purple Lotus (180165)'),
(180166, @PGUID+63, 0, 'Zul''Gurub - Mountain Silversage (180166)'),
(180167, @PGUID+64, 0, 'Zul''Gurub - Golden Sansam (180167)'),
(180168, @PGUID+65, 0, 'Zul''Gurub - Dreamfoil (180168)'),
(180369, @PGUID+71, 0, 'Zul''Gurub - Muddy Churning Waters (180369)');

-- ============
-- SPAWN GROUPS
-- ============

INSERT INTO `spawn_group` (`Id`, `Name`, `Type`, `MaxCount`, `WorldState`, `Flags`) VALUES
(@GROUP_ID+0000, 'Zul''Gurub - Razzashi Serpent | Razzashi Adder (2) Patrol 000', '0', '0', '0', '1'),
(@GROUP_ID+0001, 'Zul''Gurub - Razzashi Serpent | Razzashi Adder (2) Patrol 001', '0', '0', '0', '1'),
(@GROUP_ID+0002, 'Zul''Gurub - Gurubashi Axe Thrower | Hakkari Priest (2) Patrol 000', '0', '0', '0', '1'),
(@GROUP_ID+0003, 'Zul''Gurub - Gurubashi Berserker (1) Patrol 000', '0', '0', '0', '0'),
(@GROUP_ID+0004, 'Zul''Gurub - Razzashi Serpent | Razzashi Adder (2) Patrol 002', '0', '0', '0', '1'),
(@GROUP_ID+0005, 'Zul''Gurub - Mad Servant (3) Patrol 000', '0', '0', '0', '1'),
(@GROUP_ID+0006, 'Zul''Gurub - Mad Servant (3) Patrol 001', '0', '0', '0', '1'),
(@GROUP_ID+0007, 'Zul''Gurub - Gurubashi Berserker (1) Patrol 001', '0', '0', '0', '0'),
(@GROUP_ID+0010, 'Zul''Gurub - Razzashi Serpent | Razzashi Adder (4) Wandering 000', '0', '0', '0', '1'),
(@GROUP_ID+0011, 'Zul''Gurub - Razzashi Serpent | Razzashi Adder (4) Wandering 001', '0', '0', '0', '1'),
(@GROUP_ID+0012, 'Zul''Gurub - Razzashi Serpent | Razzashi Adder (4) Wandering 002', '0', '0', '0', '1'),
(@GROUP_ID+0013, 'Zul''Gurub - Razzashi Serpent | Razzashi Adder (6) Wandering 000', '0', '0', '0', '1'),
(@GROUP_ID+0014, 'Zul''Gurub - Razzashi Serpent | Razzashi Adder (6) Wandering 001', '0', '0', '0', '1'),
(@GROUP_ID+0020, 'Zul''Gurub - Zul''Gurub - Troll (3) Patrol 000', '0', '0', '0', '1'),
(@GROUP_ID+0021, 'Zul''Gurub - Zul''Gurub - Troll (3) Patrol 001', '0', '0', '0', '1'),
(@GROUP_ID+0030, 'Zul''Gurub - Zul''Gurub - Bat (8) Patrol 000', '0', '0', '0', '1'),
(@GROUP_ID+0031, 'Zul''Gurub - Zul''Gurub - Bat (8) Patrol 001', '0', '0', '0', '1'),
(@GROUP_ID+0032, 'Zul''Gurub - Razzashi Serpent | Razzashi Adder (2) Patrol 003', '0', '0', '0', '1'),
(@GROUP_ID+0033, 'Zul''Gurub - Razzashi Serpent | Razzashi Adder (2) Patrol 004', '0', '0', '0', '1'),
(@GROUP_ID+0034, 'Zul''Gurub - Razzashi Serpent | Razzashi Adder (2) Wandering 000', '0', '0', '0', '1'),
(@GROUP_ID+0035, 'Zul''Gurub - Razzashi Serpent | Razzashi Adder (2) Wandering 001', '0', '0', '0', '1'),
(@GROUP_ID+0036, 'Zul''Gurub - Zulian Panther (3) Patrol 000', '0', '0', '0', '1'),
(@GROUP_ID+0037, 'Zul''Gurub - Zulian Panther (3) Patrol 001', '0', '0', '0', '1'),
(@GROUP_ID+0038, 'Zul''Gurub - Zulian Panther (3) Patrol 002', '0', '0', '0', '1'),
(@GROUP_ID+0039, 'Zul''Gurub - Gurubashi Berserker (1) Patrol 002', '0', '0', '0', '0'),
(@GROUP_ID+0040, 'Zul''Gurub - Troll (2) Patrol 000', '0', '0', '0', '0'),
(@GROUP_ID+0041, 'Zul''Gurub - Troll (2) Patrol 001', '0', '0', '0', '0'),
(@GROUP_ID+0042, 'Zul''Gurub - Razzashi Serpent | Razzashi Adder (4) Wandering 003', '0', '0', '0', '0'),
(@GROUP_ID+0043, 'Zul''Gurub - Gurubashi Berserker (1) Patrol 003', '0', '0', '0', '0'),
(@GROUP_ID+0044, 'Zul''Gurub - Razzashi Serpent | Razzashi Adder (2) Patrol 005', '0', '0', '0', '0'),
(@GROUP_ID+0045, 'Zul''Gurub - Undead Troll (4) Patrol 000', '0', '0', '0', '0'),
(@GROUP_ID+0046, 'Zul''Gurub - Undead Troll (4) Patrol 001', '0', '0', '0', '0'),
(@GROUP_ID+0047, 'Zul''Gurub - Gurubashi Berserker (1) Patrol 004', '0', '0', '0', '0'),
(@GROUP_ID+0048, 'Zul''Gurub - Gurubashi Berserker (1) Patrol 005', '0', '0', '0', '0'),
-- gameobject
(@GROUP_ID+1001, 'Zul''Gurub - Jinxed Hoodoo Pile (180228,180229)', '1', '1', '0', '0'),
(@GROUP_ID+1002, 'Zul''Gurub - Hakkari Thorium Vein (1) Ore 000', '1', '1', '0', '0'),
(@GROUP_ID+1003, 'Zul''Gurub - Hakkari Thorium Vein (1) Ore 001', '1', '1', '0', '0'),
(@GROUP_ID+1004, 'Zul''Gurub - Hakkari Thorium Vein (1) Ore 002', '1', '1', '0', '0'),
(@GROUP_ID+1005, 'Zul''Gurub - Hakkari Thorium Vein (1) Ore 003', '1', '1', '0', '0');

INSERT INTO `spawn_group_entry` (`Id`, `Entry`, `MinCount`, `MaxCount`, `Chance`) VALUES
-- Zul''Gurub - Razzashi Serpent | Razzashi Adder (2) Wandering 000
(@GROUP_ID+0034, 11371, 0, 2, 0),
(@GROUP_ID+0034, 11372, 0, 2, 0),
-- Zul''Gurub - Razzashi Serpent | Razzashi Adder (2) Wandering 001
(@GROUP_ID+0035, 11371, 0, 2, 0),
(@GROUP_ID+0035, 11372, 0, 2, 0),
-- Zul''Gurub - Razzashi Serpent | Razzashi Adder (4) Wandering 000
(@GROUP_ID+0010, 11371, 1, 3, 0),
(@GROUP_ID+0010, 11372, 1, 3, 0),
-- Zul''Gurub - Razzashi Serpent | Razzashi Adder (4) Wandering 001
(@GROUP_ID+0011, 11371, 1, 3, 0),
(@GROUP_ID+0011, 11372, 1, 3, 0),
-- Zul''Gurub - Razzashi Serpent | Razzashi Adder (4) Wandering 002
(@GROUP_ID+0012, 11371, 1, 3, 0),
(@GROUP_ID+0012, 11372, 1, 3, 0),
-- Zul''Gurub - Razzashi Serpent | Razzashi Adder (6) Wandering 000
(@GROUP_ID+0013, 11371, 2, 4, 0),
(@GROUP_ID+0013, 11372, 2, 4, 0),
-- Zul''Gurub - Razzashi Serpent | Razzashi Adder (6) Wandering 001
(@GROUP_ID+0014, 11371, 2, 4, 0),
(@GROUP_ID+0014, 11372, 2, 4, 0),
(@GROUP_ID+1001, 180228, 0, 0, 66), -- Jinxed Hoodoo Pile (without trap)
(@GROUP_ID+1001, 180229, 0, 0, 0), -- Jinxed Hoodoo Pile (s.24184)
-- Zul''Gurub - Razzashi Serpent | Razzashi Adder (2) Patrol 003
(@GROUP_ID+0032, 11371, 0, 2, 0),
(@GROUP_ID+0032, 11372, 0, 2, 0),
-- Zul''Gurub - Razzashi Serpent | Razzashi Adder (2) Patrol 004
(@GROUP_ID+0033, 11371, 0, 2, 0),
(@GROUP_ID+0033, 11372, 0, 2, 0),
-- Zul''Gurub - Zulian Panther (3) Patrol 000
(@GROUP_ID+0036, 11365, 3, 3, 0),
-- Zul''Gurub - Zulian Panther (3) Patrol 001
(@GROUP_ID+0037, 11365, 3, 3, 0),
-- Zul''Gurub - Zulian Panther (3) Patrol 002
(@GROUP_ID+0038, 11365, 3, 3, 0),
-- Zul''Gurub - Troll (2) Patrol 000
(@GROUP_ID+0040, 11339, 1, 1, 0),
(@GROUP_ID+0040, 11350, 1, 1, 0),
(@GROUP_ID+0040, 11351, 1, 1, 0),
(@GROUP_ID+0040, 11353, 1, 1, 0),
(@GROUP_ID+0040, 11830, 1, 1, 0),
(@GROUP_ID+0040, 11831, 1, 1, 0),
-- Zul''Gurub - Troll (2) Patrol 001
(@GROUP_ID+0041, 11339, 1, 1, 0),
(@GROUP_ID+0041, 11350, 1, 1, 0),
(@GROUP_ID+0041, 11351, 1, 1, 0),
(@GROUP_ID+0041, 11353, 1, 1, 0),
(@GROUP_ID+0041, 11830, 1, 1, 0),
(@GROUP_ID+0041, 11831, 1, 1, 0),
-- Zul''Gurub - Razzashi Serpent | Razzashi Adder (4) Wandering 003
(@GROUP_ID+0042, 11371, 1, 3, 0),
(@GROUP_ID+0042, 11372, 1, 3, 0),
-- Zul''Gurub - Razzashi Serpent | Razzashi Adder (2) Patrol 005
(@GROUP_ID+0044, 11371, 0, 2, 0),
(@GROUP_ID+0044, 11372, 0, 2, 0),
-- Zul''Gurub - Undead Troll (4) Patrol 000
(@GROUP_ID+0045, 14825, 4, 4, 0),
-- Zul''Gurub - Undead Troll (4) Patrol 001
(@GROUP_ID+0046, 14825, 4, 4, 0),
-- Zul''Gurub - Hakkari Thorium Vein (1) Ore 000
(@GROUP_ID+1002, 180215, 0, 0, 0),
-- Zul''Gurub - Hakkari Thorium Vein (1) Ore 001
(@GROUP_ID+1003, 180215, 0, 0, 0),
-- Zul''Gurub - Hakkari Thorium Vein (1) Ore 002
(@GROUP_ID+1004, 180215, 0, 0, 0),
-- Zul''Gurub - Hakkari Thorium Vein (1) Ore 003
(@GROUP_ID+1005, 180215, 0, 0, 0);

INSERT INTO `spawn_group_spawn` (`Id`, `Guid`, `SlotId`, `Chance`) VALUES
(@GROUP_ID+000, @CGUID+468, 0, 00), -- Razzashi Serpent, Razzashi Adder
(@GROUP_ID+000, @CGUID+437, 1, 00), -- Razzashi Serpent, Razzashi Adder
(@GROUP_ID+001, @CGUID+487, 0, 00), -- Razzashi Serpent, Razzashi Adder
(@GROUP_ID+001, @CGUID+460, 1, 00), -- Razzashi Serpent, Razzashi Adder
(@GROUP_ID+002, @CGUID+148, 0, 00), -- Gurubashi Axe Thrower
(@GROUP_ID+002, @CGUID+546, 1, 00), -- Gurubashi Axe Thrower, Hakkari Priest
(@GROUP_ID+003, @CGUID+181, 0, 00), -- Gurubashi Berserker
(@GROUP_ID+004, @CGUID+450, 0, 00), -- Razzashi Serpent, Razzashi Adder
(@GROUP_ID+004, @CGUID+451, 1, 00), -- Razzashi Serpent, Razzashi Adder
(@GROUP_ID+005, @CGUID+822, 0, 00), -- Mad Servant
(@GROUP_ID+005, @CGUID+823, 1, 00), -- Mad Servant
(@GROUP_ID+005, @CGUID+824, 2, 00), -- Mad Servant
(@GROUP_ID+006, @CGUID+819, 0, 00), -- Mad Servant
(@GROUP_ID+006, @CGUID+820, 1, 00), -- Mad Servant
(@GROUP_ID+006, @CGUID+821, 2, 00), -- Mad Servant
(@GROUP_ID+007, @CGUID+188, 0, 00), -- Gurubashi Berserker
-- Zul''Gurub - Razzashi Serpent | Razzashi Adder (4) Wandering 000
(@GROUP_ID+0010, @CGUID+0900, 0, 00), -- Razzashi Serpent, Razzashi Adder
(@GROUP_ID+0010, @CGUID+0901, 1, 00), -- Razzashi Serpent, Razzashi Adder
(@GROUP_ID+0010, @CGUID+0902, 2, 00), -- Razzashi Serpent, Razzashi Adder
(@GROUP_ID+0010, @CGUID+0903, 3, 00), -- Razzashi Serpent, Razzashi Adder
-- Zul''Gurub - Razzashi Serpent | Razzashi Adder (4) Wandering 001
(@GROUP_ID+0011, @CGUID+0910, 0, 00), -- Razzashi Serpent, Razzashi Adder
(@GROUP_ID+0011, @CGUID+0911, 1, 00), -- Razzashi Serpent, Razzashi Adder
(@GROUP_ID+0011, @CGUID+0912, 2, 00), -- Razzashi Serpent, Razzashi Adder
(@GROUP_ID+0011, @CGUID+0913, 3, 00), -- Razzashi Serpent, Razzashi Adder
-- Zul''Gurub - Razzashi Serpent | Razzashi Adder (4) Wandering 002
(@GROUP_ID+0012, @CGUID+0920, 0, 00), -- Razzashi Serpent, Razzashi Adder
(@GROUP_ID+0012, @CGUID+0921, 1, 00), -- Razzashi Serpent, Razzashi Adder
(@GROUP_ID+0012, @CGUID+0922, 2, 00), -- Razzashi Serpent, Razzashi Adder
(@GROUP_ID+0012, @CGUID+0923, 3, 00), -- Razzashi Serpent, Razzashi Adder
-- Zul''Gurub - Razzashi Serpent | Razzashi Adder (6) Wandering 000
(@GROUP_ID+0013, @CGUID+0930, 0, 00), -- Razzashi Serpent, Razzashi Adder
(@GROUP_ID+0013, @CGUID+0931, 1, 00), -- Razzashi Serpent, Razzashi Adder
(@GROUP_ID+0013, @CGUID+0932, 2, 00), -- Razzashi Serpent, Razzashi Adder
(@GROUP_ID+0013, @CGUID+0933, 3, 00), -- Razzashi Serpent, Razzashi Adder
(@GROUP_ID+0013, @CGUID+0934, 4, 00), -- Razzashi Serpent, Razzashi Adder
(@GROUP_ID+0013, @CGUID+0935, 5, 00), -- Razzashi Serpent, Razzashi Adder
-- Zul''Gurub - Razzashi Serpent | Razzashi Adder (6) Wandering 001
(@GROUP_ID+0014, @CGUID+0940, 0, 00), -- Razzashi Serpent, Razzashi Adder
(@GROUP_ID+0014, @CGUID+0941, 1, 00), -- Razzashi Serpent, Razzashi Adder
(@GROUP_ID+0014, @CGUID+0942, 2, 00), -- Razzashi Serpent, Razzashi Adder
(@GROUP_ID+0014, @CGUID+0943, 3, 00), -- Razzashi Serpent, Razzashi Adder
(@GROUP_ID+0014, @CGUID+0944, 4, 00), -- Razzashi Serpent, Razzashi Adder
(@GROUP_ID+0014, @CGUID+0945, 5, 00), -- Razzashi Serpent, Razzashi Adder
-- Zul''Gurub - Troll (3) Patrol 000
(@GROUP_ID+0020, @CGUID+0950, 0, 00), -- Hakkari Witch Doctor
(@GROUP_ID+0020, @CGUID+0951, 1, 00), -- Hakkari Witch Doctor
(@GROUP_ID+0020, @CGUID+0952, 2, 00), -- Gurubashi Headhunter
-- Zul''Gurub - Troll (3) Patrol 001
(@GROUP_ID+0021, @CGUID+0960, 0, 00), -- Gurubashi Headhunter
(@GROUP_ID+0021, @CGUID+0961, 1, 00), -- Gurubashi Headhunter
(@GROUP_ID+0021, @CGUID+0962, 2, 00), -- Hakkari Witch Doctor
-- Zul''Gurub - Bat (8) Patrol 000
(@GROUP_ID+0030, @CGUID+0970, 0, 00), -- Bloodseeker Bat
(@GROUP_ID+0030, @CGUID+0971, 1, 00), -- Bloodseeker Bat
(@GROUP_ID+0030, @CGUID+0972, 2, 00), -- Bloodseeker Bat
(@GROUP_ID+0030, @CGUID+0973, 3, 00), -- Bloodseeker Bat
(@GROUP_ID+0030, @CGUID+0974, 4, 00), -- Bloodseeker Bat
(@GROUP_ID+0030, @CGUID+0975, 5, 50), -- Bloodseeker Bat (chance not confirmed, nor if it's this slot)
(@GROUP_ID+0030, @CGUID+0976, 6, 00), -- Gurubashi Bat Rider
(@GROUP_ID+0030, @CGUID+0977, 7, 00), -- Gurubashi Bat Rider
-- Zul''Gurub - Bat (8) Patrol 001
(@GROUP_ID+0031, @CGUID+0980, 0, 00), -- Bloodseeker Bat
(@GROUP_ID+0031, @CGUID+0981, 1, 00), -- Bloodseeker Bat
(@GROUP_ID+0031, @CGUID+0982, 2, 00), -- Bloodseeker Bat
(@GROUP_ID+0031, @CGUID+0983, 3, 00), -- Bloodseeker Bat
(@GROUP_ID+0031, @CGUID+0984, 4, 00), -- Bloodseeker Bat
(@GROUP_ID+0031, @CGUID+0985, 5, 50), -- Bloodseeker Bat (chance not confirmed, nor if it's this slot)
(@GROUP_ID+0031, @CGUID+0986, 6, 00), -- Gurubashi Bat Rider
(@GROUP_ID+0031, @CGUID+0987, 7, 00), -- Gurubashi Bat Rider
-- Zul''Gurub - Razzashi Serpent | Razzashi Adder (2) Patrol 003
(@GROUP_ID+0032, @CGUID+0990, 0, 00), -- Razzashi Serpent, Razzashi Adder
(@GROUP_ID+0032, @CGUID+0991, 1, 00), -- Razzashi Serpent, Razzashi Adder
-- Zul''Gurub - Razzashi Serpent | Razzashi Adder (2) Patrol 004
(@GROUP_ID+0033, @CGUID+0434, 0, 00), -- Razzashi Serpent, Razzashi Adder
(@GROUP_ID+0033, @CGUID+0435, 1, 00), -- Razzashi Serpent, Razzashi Adder
-- Zul''Gurub - Razzashi Serpent | Razzashi Adder (2) Wandering 000
(@GROUP_ID+0034, @CGUID+0479, 0, 00), -- Razzashi Serpent, Razzashi Adder
(@GROUP_ID+0034, @CGUID+0480, 1, 00), -- Razzashi Serpent, Razzashi Adder
-- Zul''Gurub - Razzashi Serpent | Razzashi Adder (2) Wandering 001
(@GROUP_ID+0035, @CGUID+0436, 0, 00), -- Razzashi Serpent, Razzashi Adder
(@GROUP_ID+0035, @CGUID+0467, 1, 00), -- Razzashi Serpent, Razzashi Adder
-- Zul''Gurub - Zulian Panther (3) Patrol 000
(@GROUP_ID+0036, @CGUID+0333, 0, 00), -- Razzashi Serpent, Razzashi Adder
(@GROUP_ID+0036, @CGUID+0334, 1, 00), -- Razzashi Serpent, Razzashi Adder
(@GROUP_ID+0036, @CGUID+0335, 2, 00), -- Razzashi Serpent, Razzashi Adder
-- Zul''Gurub - Zulian Panther (3) Patrol 001
(@GROUP_ID+0037, @CGUID+0376, 0, 00), -- Razzashi Serpent, Razzashi Adder
(@GROUP_ID+0037, @CGUID+0377, 1, 00), -- Razzashi Serpent, Razzashi Adder
(@GROUP_ID+0037, @CGUID+0378, 2, 00), -- Razzashi Serpent, Razzashi Adder
-- Zul''Gurub - Zulian Panther (3) Patrol 002
(@GROUP_ID+0038, @CGUID+0330, 0, 00), -- Razzashi Serpent, Razzashi Adder
(@GROUP_ID+0038, @CGUID+0331, 1, 00), -- Razzashi Serpent, Razzashi Adder
(@GROUP_ID+0038, @CGUID+0332, 2, 00), -- Razzashi Serpent, Razzashi Adder
-- Zul''Gurub - Gurubashi Berserker (1) Patrol 002
(@GROUP_ID+0039, @CGUID+0192, 0, 00), -- Gurubashi Berserker
-- Zul''Gurub - Troll (2) Patrol 000
(@GROUP_ID+0040, @CGUID+0175, 0, 00), -- Hakkari Shadow Hunter / Gurubashi Axe Thrower / Gurubashi Headhunter / Gurubashi Blood Drinker
(@GROUP_ID+0040, @CGUID+0562, 1, 00), -- Gurubashi Blood Drinker / Hakkari Priest / Hakkari Witch Doctor
-- Zul''Gurub - Troll (2) Patrol 001
(@GROUP_ID+0041, @CGUID+0174, 0, 00), -- Hakkari Shadow Hunter / Gurubashi Axe Thrower / Gurubashi Headhunter / Gurubashi Blood Drinker
(@GROUP_ID+0041, @CGUID+0561, 1, 00), -- Gurubashi Blood Drinker / Hakkari Priest / Hakkari Witch Doctor
-- Zul''Gurub - Razzashi Serpent | Razzashi Adder (4) Wandering 003
(@GROUP_ID+0042, @CGUID+0455, 0, 00), -- Razzashi Serpent, Razzashi Adder
(@GROUP_ID+0042, @CGUID+0482, 1, 00), -- Razzashi Serpent, Razzashi Adder
(@GROUP_ID+0042, @CGUID+0483, 2, 00), -- Razzashi Serpent, Razzashi Adder
(@GROUP_ID+0042, @CGUID+0484, 3, 00), -- Razzashi Serpent, Razzashi Adder
-- Zul''Gurub - Gurubashi Berserker (1) Patrol 003
(@GROUP_ID+0043, @CGUID+0189, 0, 00), -- Gurubashi Berserker
-- Zul''Gurub - Razzashi Serpent | Razzashi Adder (2) Patrol 005
(@GROUP_ID+0044, @CGUID+0461, 0, 00), -- Razzashi Serpent, Razzashi Adder
(@GROUP_ID+0044, @CGUID+0488, 1, 00), -- Razzashi Serpent, Razzashi Adder
-- Zul''Gurub - Undead Troll (4) Patrol 000
(@GROUP_ID+0045, @CGUID+0677, 0, 00), -- Withered Mistress
(@GROUP_ID+0045, @CGUID+0678, 1, 00), -- Withered Mistress
(@GROUP_ID+0045, @CGUID+0679, 2, 00), -- Withered Mistress
(@GROUP_ID+0045, @CGUID+0680, 3, 00), -- Withered Mistress
-- Zul''Gurub - Undead Troll (4) Patrol 001
(@GROUP_ID+0046, @CGUID+0702, 0, 00), -- Withered Mistress
(@GROUP_ID+0046, @CGUID+0703, 1, 00), -- Withered Mistress
(@GROUP_ID+0046, @CGUID+0704, 2, 00), -- Withered Mistress
(@GROUP_ID+0046, @CGUID+0705, 3, 00), -- Withered Mistress
-- Zul''Gurub - Gurubashi Berserker (1) Patrol 004
(@GROUP_ID+0047, @CGUID+0193, 0, 00), -- Gurubashi Berserker
-- Zul''Gurub - Gurubashi Berserker (1) Patrol 005
(@GROUP_ID+0048, @CGUID+0182, 0, 00), -- Gurubashi Berserker
-- Zul''Gurub - Hakkari Thorium Vein (1) Ore 000
(@GROUP_ID+1002, @OGUID+0300, -1, 00),  -- Hakkari Thorium Vein
(@GROUP_ID+1002, @OGUID+0301, -1, 00),  -- Hakkari Thorium Vein
(@GROUP_ID+1002, @OGUID+0302, -1, 00),  -- Hakkari Thorium Vein
(@GROUP_ID+1002, @OGUID+0303, -1, 00),  -- Hakkari Thorium Vein
-- Zul''Gurub - Hakkari Thorium Vein (1) Ore 001
(@GROUP_ID+1003, @OGUID+0310, -1, 00),  -- Hakkari Thorium Vein
(@GROUP_ID+1003, @OGUID+0311, -1, 00),  -- Hakkari Thorium Vein
(@GROUP_ID+1003, @OGUID+0312, -1, 00),  -- Hakkari Thorium Vein
(@GROUP_ID+1003, @OGUID+0313, -1, 00),  -- Hakkari Thorium Vein
-- Zul''Gurub - Hakkari Thorium Vein (1) Ore 002
(@GROUP_ID+1004, @OGUID+0320, -1, 00),  -- Hakkari Thorium Vein
(@GROUP_ID+1004, @OGUID+0321, -1, 00),  -- Hakkari Thorium Vein
(@GROUP_ID+1004, @OGUID+0322, -1, 00),  -- Hakkari Thorium Vein
(@GROUP_ID+1004, @OGUID+0323, -1, 00),  -- Hakkari Thorium Vein
-- Zul''Gurub - Hakkari Thorium Vein (1) Ore 003
(@GROUP_ID+1005, @OGUID+0330, -1, 00),  -- Hakkari Thorium Vein
(@GROUP_ID+1005, @OGUID+0331, -1, 00),  -- Hakkari Thorium Vein
(@GROUP_ID+1005, @OGUID+0332, -1, 00),  -- Hakkari Thorium Vein
(@GROUP_ID+1005, @OGUID+0333, -1, 00);  -- Hakkari Thorium Vein

INSERT INTO `spawn_group_spawn` (`guid`, `Id`) SELECT `guid`, @GROUP_ID+1001 FROM `gameobject` WHERE `guid` BETWEEN @OGUID+211 AND @OGUID+227; -- Jinxed Hoodoo Pile

INSERT INTO `spawn_group_formation` (`Id`, `FormationType`, `FormationSpread`, `FormationOptions`, `PathId`, `MovementType`, `Comment`) VALUES
(@GROUP_ID+000, '2', '02', '0', @PATH_ID+0000, 4, 'Zul''Gurub - Razzashi Serpent | Razzashi Adder (2) Patrol 000'),
(@GROUP_ID+001, '2', '02', '0', @PATH_ID+0001, 4, 'Zul''Gurub - Razzashi Serpent | Razzashi Adder (2) Patrol 001'),
(@GROUP_ID+002, '2', '02', '0', @PATH_ID+0002, 4, 'Zul''Gurub - Gurubashi Axe Thrower | Hakkari Priest (2) Patrol 000'),
(@GROUP_ID+004, '2', '02', '0', @PATH_ID+0004, 4, 'Zul''Gurub - Razzashi Serpent | Razzashi Adder (2) Patrol 002'),
(@GROUP_ID+005, '1', '03', '0', @PATH_ID+0005, 2, 'Zul''Gurub - Mad Servant (3) Patrol 000'),
(@GROUP_ID+006, '1', '03', '0', @PATH_ID+0006, 2, 'Zul''Gurub - Mad Servant (3) Patrol 001'),
(@GROUP_ID+020, '3', '02', '0', @PATH_ID+0010, 4, 'Zul''Gurub - Troll (3) Patrol 000'),
(@GROUP_ID+021, '3', '02', '0', @PATH_ID+0011, 4, 'Zul''Gurub - Troll (3) Patrol 001'),
(@GROUP_ID+030, '0', '10', '0', @PATH_ID+0020, 2, 'Zul''Gurub - Bat (8) Patrol 000'),
(@GROUP_ID+031, '0', '10', '0', @PATH_ID+0021, 2, 'Zul''Gurub - Bat (8) Patrol 001'),
(@GROUP_ID+032, '1', '03', '0', @PATH_ID+0022, 4, 'Zul''Gurub - Razzashi Serpent | Razzashi Adder (2) Patrol 003'),
(@GROUP_ID+033, '1', '03', '0', @PATH_ID+0023, 4, 'Zul''Gurub - Razzashi Serpent | Razzashi Adder (2) Patrol 004'),
(@GROUP_ID+036, '3', '02', '0', @PATH_ID+0024, 4, 'Zul''Gurub - Zulian Panther (3) Patrol 000'),
(@GROUP_ID+037, '3', '02', '0', @PATH_ID+0025, 2, 'Zul''Gurub - Zulian Panther (3) Patrol 001'),
(@GROUP_ID+038, '3', '02', '0', @PATH_ID+0026, 4, 'Zul''Gurub - Zulian Panther (3) Patrol 002'),
(@GROUP_ID+040, '2', '02', '0', @PATH_ID+0027, 4, 'Zul''Gurub - Troll (2) Patrol 000'),
(@GROUP_ID+041, '2', '02', '0', @PATH_ID+0028, 4, 'Zul''Gurub - Troll (2) Patrol 001'),
(@GROUP_ID+044, '1', '03', '0', @PATH_ID+0029, 4, 'Zul''Gurub - Razzashi Serpent | Razzashi Adder (2) Patrol 005'),
(@GROUP_ID+045, '6', '02', '0', @PATH_ID+0030, 2, 'Zul''Gurub - Undead Troll (4) Patrol 000'),
(@GROUP_ID+046, '1', '02', '0', @PATH_ID+0031, 2, 'Zul''Gurub - Undead Troll (4) Patrol 001');

INSERT INTO `waypoint_path_name` (`PathId`, `Name`) VALUES
(@PATH_ID+0000,'Zul''Gurub - Razzashi Serpent | Razzashi Adder (2) Patrol 000'),
(@PATH_ID+0001,'Zul''Gurub - Razzashi Serpent | Razzashi Adder (2) Patrol 001'),
(@PATH_ID+0002,'Zul''Gurub - Gurubashi Axe Thrower | Hakkari Priest (2) Patrol 000'),
(@PATH_ID+0004,'Zul''Gurub - Razzashi Serpent | Razzashi Adder (2) Patrol 002'),
(@PATH_ID+0005,'Zul''Gurub - Mad Servant (3) Patrol 000'),
(@PATH_ID+0006,'Zul''Gurub - Mad Servant (3) Patrol 001'),
(@PATH_ID+0010,'Zul''Gurub - Troll (3) Patrol 000'),
(@PATH_ID+0011,'Zul''Gurub - Troll (3) Patrol 001'),
(@PATH_ID+0020,'Zul''Gurub - Bat (8) Patrol 000'),
(@PATH_ID+0021,'Zul''Gurub - Bat (8) Patrol 001'),
(@PATH_ID+0022,'Zul''Gurub - Razzashi Serpent | Razzashi Adder (2) Patrol 003'),
(@PATH_ID+0023,'Zul''Gurub - Razzashi Serpent | Razzashi Adder (2) Patrol 004'),
(@PATH_ID+0024,'Zul''Gurub - Zulian Panther (3) Patrol 000'),
(@PATH_ID+0025,'Zul''Gurub - Zulian Panther (3) Patrol 001'),
(@PATH_ID+0026,'Zul''Gurub - Zulian Panther (3) Patrol 002'),
(@PATH_ID+0027,'Zul''Gurub - Troll (2) Patrol 000'),
(@PATH_ID+0028,'Zul''Gurub - Troll (2) Patrol 001'),
(@PATH_ID+0029,'Zul''Gurub - Razzashi Serpent | Razzashi Adder (2) Patrol 005'),
(@PATH_ID+0030,'Zul''Gurub - Undead Troll (4) Patrol 000'),
(@PATH_ID+0031,'Zul''Gurub - Undead Troll (4) Patrol 001');

INSERT INTO `waypoint_path` (`PathId`, `Point`, `PositionX`, `PositionY`, `PositionZ`, `Orientation`, `WaitTime`, `ScriptId`) VALUES
(@PATH_ID+0000, 01, -11863.7529296875, -1313.4700927734375, 78.72680664062500000, 100, 0, 0),
(@PATH_ID+0000, 02, -11874.8427734375, -1325.8515625000000, 78.68711090087890625, 100, 0, 0),
(@PATH_ID+0000, 03, -11888.3642578125, -1338.8316650390625, 74.93051910400390625, 100, 0, 0),
(@PATH_ID+0000, 04, -11904.7236328125, -1344.1304931640625, 75.75994873046875000, 100, 0, 0),
(@PATH_ID+0000, 05, -11905.3798828125, -1360.0091552734375, 70.85076904296875000, 100, 0, 0),
(@PATH_ID+0000, 06, -11901.8798828125, -1377.7012939453125, 68.11927032470703125, 100, 0, 0),
(@PATH_ID+0000, 07, -11884.8662109375, -1380.3492431640625, 66.02857208251953125, 100, 0, 0),
(@PATH_ID+0000, 08, -11880.4785156250, -1399.4224853515625, 62.97412872314453125, 100, 0, 0),
(@PATH_ID+0000, 09, -11878.0380859375, -1407.8879394531250, 62.20181655883789062, 100, 0, 0),
(@PATH_ID+0000, 10, -11894.9189453125, -1416.4415283203125, 57.01041030883789062, 100, 0, 0),
(@PATH_ID+0000, 11, -11921.1582031250, -1428.7435302734375, 46.96670150756835937, 100, 0, 0),

(@PATH_ID+0001, 01, -11952.9814453125, -1647.8049316406250, 39.70005416870117187, 100, 0, 0),
(@PATH_ID+0001, 02, -11970.9707031250, -1640.5399169921875, 35.77315521240234375, 100, 0, 0),
(@PATH_ID+0001, 03, -11993.2060546875, -1638.6372070312500, 34.66548919677734375, 100, 0, 0),
(@PATH_ID+0001, 04, -12013.4970703125, -1648.2031250000000, 37.28478240966796875, 100, 0, 0),
(@PATH_ID+0001, 05, -12023.0908203125, -1633.9068603515625, 38.15856170654296875, 100, 0, 0),
(@PATH_ID+0001, 06, -12040.6669921875, -1640.4401855468750, 40.75350952148437500, 100, 0, 0),
(@PATH_ID+0001, 07, -12053.6796875000, -1652.7510986328125, 43.13998413085937500, 100, 0, 0),
(@PATH_ID+0001, 08, -12060.9423828125, -1668.3537597656250, 42.78941345214843750, 100, 0, 0),
(@PATH_ID+0001, 09, -12075.1367187500, -1685.3599853515625, 44.99190139770507812, 100, 0, 0),
(@PATH_ID+0001, 10, -12083.7539062500, -1694.3140869140625, 47.72725296020507812, 100, 0, 0),
(@PATH_ID+0001, 11, -12081.1992187500, -1711.9125976562500, 50.00900650024414062, 100, 0, 0),
(@PATH_ID+0001, 12, -12064.3251953125, -1723.6597900390625, 48.64299011230468750, 100, 0, 0),
(@PATH_ID+0001, 13, -12057.3388671875, -1734.9985351562500, 51.70101547241210937, 100, 0, 0),
(@PATH_ID+0001, 14, -12041.8056640625, -1740.7376708984375, 53.11239242553710937, 100, 0, 0),
(@PATH_ID+0001, 15, -12029.7939453125, -1759.5935058593750, 56.70807647705078125, 100, 0, 0),
(@PATH_ID+0001, 16, -12027.4267578125, -1770.7994384765625, 57.35953903198242187, 100, 0, 0),

(@PATH_ID+0002, 01, -12047.3779296875, -1730.9136962890625, 50.61271667480468750, 100, 0, 0),
(@PATH_ID+0002, 02, -12060.6816406250, -1706.4212646484375, 45.02653503417968750, 100, 0, 0),
(@PATH_ID+0002, 03, -12059.0761718750, -1670.9088134765625, 42.50791931152343750, 100, 0, 0),
(@PATH_ID+0002, 04, -12041.7695312500, -1650.1911621093750, 40.77352905273437500, 100, 0, 0),
(@PATH_ID+0002, 05, -12025.2148437500, -1640.9317626953125, 38.75792694091796875, 100, 0, 0),
(@PATH_ID+0002, 06, -12000.1279296875, -1644.0223388671875, 34.70641326904296875, 100, 0, 0),
(@PATH_ID+0002, 07, -11968.1445312500, -1647.8521728515625, 35.50362396240234375, 100, 0, 0),
(@PATH_ID+0002, 08, -11951.5585937500, -1633.4140625000000, 38.97324752807617187, 100, 0, 0),
(@PATH_ID+0002, 09, -11947.8251953125, -1619.8463134765625, 41.20742797851562500, 100, 0, 0),
(@PATH_ID+0002, 10, -11945.3076171875, -1590.3101806640625, 36.83780670166015625, 100, 0, 0),
(@PATH_ID+0002, 11, -11943.6435546875, -1566.9681396484375, 41.14322280883789062, 100, 0, 0),
(@PATH_ID+0002, 12, -11943.1035156250, -1557.1871337890625, 39.79278945922851562, 100, 0, 0),
(@PATH_ID+0002, 13, -11947.2548828125, -1542.4146728515625, 39.66778945922851562, 100, 0, 0),
(@PATH_ID+0002, 14, -11940.4873046875, -1533.6137695312500, 39.66778945922851562, 100, 0, 0),
(@PATH_ID+0002, 15, -11938.0732421875, -1520.2742919921875, 42.86973571777343750, 100, 0, 0),
(@PATH_ID+0002, 16, -11927.8134765625, -1477.2751464843750, 32.16494369506835937, 100, 0, 0),
(@PATH_ID+0002, 17, -11920.7587890625, -1446.3221435546875, 42.85203552246093750, 100, 0, 0),
(@PATH_ID+0002, 18, -11914.9433593750, -1429.7370605468750, 46.97988510131835937, 100, 0, 0),
(@PATH_ID+0002, 19, -11898.9667968750, -1416.9801025390625, 55.54922866821289062, 100, 0, 0),
(@PATH_ID+0002, 20, -11884.6689453125, -1407.5942382812500, 61.11807632446289062, 100, 0, 0),
(@PATH_ID+0002, 21, -11881.2509765625, -1392.7772216796875, 64.10791778564453125, 100, 0, 0),
(@PATH_ID+0002, 22, -11884.9316406250, -1366.6773681640625, 69.18042755126953125, 100, 0, 0),
(@PATH_ID+0002, 23, -11883.8964843750, -1344.9625244140625, 74.07407379150390625, 100, 0, 0),
(@PATH_ID+0002, 24, -11891.5673828125, -1333.3414306640625, 75.76108551025390625, 100, 0, 0),
(@PATH_ID+0002, 25, -11900.2197265625, -1322.3067626953125, 77.35015869140625000, 100, 0, 0),
(@PATH_ID+0002, 26, -11915.1816406250, -1309.0253906250000, 77.85015869140625000, 100, 0, 0),

(@PATH_ID+0004, 01, -11990.6064453125, -1843.1467285156250, 58.96818161010742187, 100, 0, 0),
(@PATH_ID+0004, 02, -11988.5332031250, -1816.0250244140625, 58.80046463012695312, 100, 0, 0),
(@PATH_ID+0004, 03, -11990.5009765625, -1798.2838134765625, 58.15724563598632812, 100, 0, 0),
(@PATH_ID+0004, 04, -11992.6162109375, -1776.3724365234375, 57.82936477661132812, 100, 0, 0),
(@PATH_ID+0004, 05, -11992.3447265625, -1765.0465087890625, 56.52746200561523437, 100, 0, 0),
(@PATH_ID+0004, 06, -11982.8554687500, -1744.6751708984375, 54.01647567749023437, 100, 0, 0),
(@PATH_ID+0004, 07, -11970.2216796875, -1748.2111816406250, 53.05480575561523437, 100, 0, 0),
(@PATH_ID+0004, 08, -11968.5029296875, -1770.5247802734375, 54.45021438598632812, 100, 0, 0),
(@PATH_ID+0004, 09, -11966.6181640625, -1790.2196044921875, 54.22960281372070312, 100, 0, 0),
(@PATH_ID+0004, 10, -11961.9472656250, -1803.9279785156250, 54.60923385620117187, 100, 0, 0),
(@PATH_ID+0004, 11, -11938.3281250000, -1819.2622070312500, 52.21226119995117187, 100, 0, 0),

(@PATH_ID+0005, 01, -11893.7041015625, -1880.7554931640625, 63.60831832885742187, 100, 0, 0),
(@PATH_ID+0005, 02, -11891.0302734375, -1885.1721191406250, 63.60831832885742187, 100, 0, 0),
(@PATH_ID+0005, 03, -11885.8535156250, -1884.8515625000000, 63.60831832885742187, 100, 0, 0),
(@PATH_ID+0005, 04, -11883.8828125000, -1881.4486083984375, 63.60831832885742187, 100, 0, 0),
(@PATH_ID+0005, 05, -11885.8173828125, -1877.1693115234375, 63.60831832885742187, 100, 0, 0),
(@PATH_ID+0005, 06, -11891.1093750000, -1875.8903808593750, 63.60831832885742187, 100, 0, 0),

(@PATH_ID+0006, 01, -11879.2148437500, -1887.6453857421875, 63.60831832885742187, 100, 0, 0),
(@PATH_ID+0006, 02, -11880.9931640625, -1892.7508544921875, 63.60831832885742187, 100, 0, 0),
(@PATH_ID+0006, 03, -11877.7763671875, -1896.8364257812500, 63.60831832885742187, 100, 0, 0),
(@PATH_ID+0006, 04, -11872.0585937500, -1895.8775634765625, 63.89884567260742187, 100, 0, 0),
(@PATH_ID+0006, 05, -11870.7783203125, -1890.4826660156250, 64.42716979980468750, 100, 0, 0),
(@PATH_ID+0006, 06, -11874.4931640625, -1886.7122802734375, 64.23136901855468750, 100, 0, 0),

(@PATH_ID+0010, 01, -12207.6845703125, -1462.4699707031250, 131.3228149414062500, 100, 0, 0),
(@PATH_ID+0010, 02, -12245.6796875000, -1474.5806884765625, 130.6244659423828125, 100, 0, 0),
(@PATH_ID+0010, 03, -12272.6777343750, -1484.2138671875000, 130.7252044677734375, 100, 0, 0),
(@PATH_ID+0010, 04, -12291.4335937500, -1475.9296875000000, 130.7252044677734375, 100, 0, 0),
(@PATH_ID+0010, 05, -12312.4716796875, -1457.0942382812500, 130.7025451660156250, 100, 0, 0),

(@PATH_ID+0011, 01, -12317.0097656250, -1447.9121093750000, 130.7025451660156250, 100, 0, 0),
(@PATH_ID+0011, 02, -12294.4345703125, -1452.9664306640625, 130.7252044677734375, 100, 0, 0),
(@PATH_ID+0011, 03, -12274.9619140625, -1432.1677246093750, 130.7252044677734375, 100, 0, 0),
(@PATH_ID+0011, 04, -12251.2285156250, -1419.3248291015625, 130.7252044677734375, 100, 0, 0),
(@PATH_ID+0011, 05, -12218.3720703125, -1407.2830810546875, 131.8233489990234375, 100, 0, 0),

(@PATH_ID+0020, 01, -12206.0283203125, -1432.4018554687500, 130.8897552490234375, 100, 0, 0),
(@PATH_ID+0020, 02, -12216.2519531250, -1414.8685302734375, 130.7252044677734375, 100, 0, 0),
(@PATH_ID+0020, 03, -12228.8525390625, -1409.4326171875000, 131.9503021240234375, 100, 0, 0),
(@PATH_ID+0020, 04, -12238.9423828125, -1405.2170410156250, 130.7252044677734375, 100, 0, 0),
(@PATH_ID+0020, 05, -12251.5458984375, -1405.7375488281250, 131.0950775146484375, 100, 0, 0),
(@PATH_ID+0020, 06, -12255.3115234375, -1419.0620117187500, 130.7252044677734375, 100, 0, 0),
(@PATH_ID+0020, 07, -12248.5361328125, -1428.0125732421875, 130.7252044677734375, 100, 0, 0),
(@PATH_ID+0020, 08, -12235.7207031250, -1434.8424072265625, 130.7252044677734375, 100, 0, 0),
(@PATH_ID+0020, 09, -12224.7500000000, -1444.1573486328125, 130.6978149414062500, 100, 0, 0),
(@PATH_ID+0020, 10, -12218.6562500000, -1453.3082275390625, 130.6978149414062500, 100, 0, 0),
(@PATH_ID+0020, 11, -12211.1757812500, -1456.2633056640625, 130.6978149414062500, 100, 0, 0),
(@PATH_ID+0020, 12, -12201.2373046875, -1448.5683593750000, 130.6978149414062500, 100, 0, 0),
(@PATH_ID+0020, 13, -12202.7421875000, -1439.2171630859375, 130.9312133789062500, 100, 0, 0),
(@PATH_ID+0020, 14, -12205.0019531250, -1422.5133056640625, 130.8123626708984375, 100, 0, 0),
(@PATH_ID+0020, 15, -12218.0302734375, -1411.0070800781250, 131.1927337646484375, 100, 0, 0),
(@PATH_ID+0020, 16, -12232.6679687500, -1409.5202636718750, 131.2147064208984375, 100, 0, 0),
(@PATH_ID+0020, 17, -12242.1289062500, -1411.9429931640625, 130.7252044677734375, 100, 0, 0),
(@PATH_ID+0020, 18, -12244.3750000000, -1420.1545410156250, 130.7252044677734375, 100, 0, 0),
(@PATH_ID+0020, 19, -12239.2363281250, -1429.6348876953125, 130.7252044677734375, 100, 0, 0),
(@PATH_ID+0020, 20, -12226.5566406250, -1440.8917236328125, 130.6978149414062500, 100, 0, 0),
(@PATH_ID+0020, 21, -12210.0976562500, -1440.5778808593750, 130.6978149414062500, 100, 0, 0),
(@PATH_ID+0020, 22, -12199.8144531250, -1432.7246093750000, 132.3024902343750000, 100, 0, 0),
(@PATH_ID+0020, 23, -12201.0917968750, -1418.7756347656250, 133.0694427490234375, 100, 0, 0),
(@PATH_ID+0020, 24, -12216.1445312500, -1407.9874267578125, 131.4542083740234375, 100, 0, 0),
(@PATH_ID+0020, 25, -12231.3515625000, -1405.2097167968750, 131.3882904052734375, 100, 0, 0),
(@PATH_ID+0020, 26, -12243.2861328125, -1411.2496337890625, 130.7252044677734375, 100, 0, 0),
(@PATH_ID+0020, 27, -12238.4306640625, -1422.6789550781250, 130.7252044677734375, 100, 0, 0),
(@PATH_ID+0020, 28, -12229.9052734375, -1442.7913818359375, 130.6978149414062500, 100, 0, 0),
(@PATH_ID+0020, 29, -12225.5488281250, -1451.1140136718750, 130.6978149414062500, 100, 0, 0),
(@PATH_ID+0020, 30, -12214.3779296875, -1447.3992919921875, 130.6978149414062500, 100, 0, 0),

(@PATH_ID+0021, 01, -12305.5341796875, -1452.7662353515625, 130.7025451660156250, 100, 0, 0),
(@PATH_ID+0021, 02, -12293.2597656250, -1443.0798339843750, 130.7252044677734375, 100, 0, 0),
(@PATH_ID+0021, 03, -12282.4980468750, -1445.1746826171875, 130.7252044677734375, 100, 0, 0),
(@PATH_ID+0021, 04, -12280.5976562500, -1456.5935058593750, 130.7252044677734375, 100, 0, 0),
(@PATH_ID+0021, 05, -12285.7714843750, -1470.3275146484375, 130.7252044677734375, 100, 0, 0),
(@PATH_ID+0021, 06, -12298.2714843750, -1481.0421142578125, 131.1480560302734375, 100, 0, 0),
(@PATH_ID+0021, 07, -12309.9404296875, -1483.0844726562500, 132.7617950439453125, 100, 0, 0),
(@PATH_ID+0021, 08, -12314.1640625000, -1468.7449951171875, 130.7132110595703125, 100, 0, 0),
(@PATH_ID+0021, 09, -12311.9257812500, -1459.6638183593750, 130.7025451660156250, 100, 0, 0),
(@PATH_ID+0021, 10, -12307.5244140625, -1451.2375488281250, 130.7025451660156250, 100, 0, 0),
(@PATH_ID+0021, 11, -12298.4179687500, -1444.7873535156250, 130.7252044677734375, 100, 0, 0),
(@PATH_ID+0021, 12, -12290.9970703125, -1444.8538818359375, 130.7252044677734375, 100, 0, 0),
(@PATH_ID+0021, 13, -12286.2939453125, -1450.8980712890625, 130.7252044677734375, 100, 0, 0),
(@PATH_ID+0021, 14, -12286.3203125000, -1459.2678222656250, 130.7252044677734375, 100, 0, 0),
(@PATH_ID+0021, 15, -12291.3134765625, -1470.9210205078125, 130.7252044677734375, 100, 0, 0),
(@PATH_ID+0021, 16, -12301.4960937500, -1479.0214843750000, 131.8382110595703125, 100, 0, 0),
(@PATH_ID+0021, 17, -12310.9521484375, -1473.5144042968750, 131.4795684814453125, 100, 0, 0),
(@PATH_ID+0021, 18, -12310.7978515625, -1461.9359130859375, 130.7025451660156250, 100, 0, 0),
(@PATH_ID+0021, 19, -12295.6074218750, -1443.4049072265625, 130.7252044677734375, 100, 0, 0),
(@PATH_ID+0021, 20, -12279.6611328125, -1437.7651367187500, 130.7252044677734375, 100, 0, 0),
(@PATH_ID+0021, 21, -12273.8886718750, -1442.9455566406250, 130.7252044677734375, 100, 0, 0),
(@PATH_ID+0021, 22, -12272.7470703125, -1455.5313720703125, 130.7252044677734375, 100, 0, 0),
(@PATH_ID+0021, 23, -12277.2021484375, -1464.8106689453125, 130.7252044677734375, 100, 0, 0),
(@PATH_ID+0021, 24, -12284.1904296875, -1473.1727294921875, 130.7252044677734375, 100, 0, 0),
(@PATH_ID+0021, 25, -12294.5341796875, -1480.2685546875000, 130.8816986083984375, 100, 0, 0),
(@PATH_ID+0021, 26, -12304.7441406250, -1479.3315429687500, 132.0127716064453125, 100, 0, 0),
(@PATH_ID+0021, 27, -12316.1962890625, -1462.9426269531250, 130.7025451660156250, 100, 0, 0),

(@PATH_ID+0022, 01, -11555.0849609375, -1858.0629882812500, 83.08460998535156250, 100, 0, 0),
(@PATH_ID+0022, 02, -11548.0117187500, -1846.4807128906250, 83.45814514160156250, 100, 0, 0),
(@PATH_ID+0022, 03, -11548.8505859375, -1831.1031494140625, 71.01150512695312500, 100, 0, 0),
(@PATH_ID+0022, 04, -11546.4804687500, -1812.3234863281250, 69.07913208007812500, 100, 0, 0),
(@PATH_ID+0022, 05, -11551.2753906250, -1802.8292236328125, 61.18899154663085937, 100, 0, 0),
(@PATH_ID+0022, 06, -11564.5097656250, -1795.0236816406250, 56.25656890869140625, 100, 0, 0),
(@PATH_ID+0022, 07, -11573.9052734375, -1787.8057861328125, 49.01577758789062500, 100, 0, 0),
(@PATH_ID+0022, 08, -11582.8232421875, -1789.2036132812500, 51.68203735351562500, 100, 0, 0),
(@PATH_ID+0022, 09, -11583.6132812500, -1805.4566650390625, 43.52650833129882812, 100, 0, 0),
(@PATH_ID+0022, 10, -11595.5898437500, -1804.6367187500000, 40.94008255004882812, 100, 0, 0),
(@PATH_ID+0022, 11, -11608.3085937500, -1796.7623291015625, 41.13563919067382812, 100, 0, 0),
(@PATH_ID+0022, 12, -11630.7119140625, -1786.9908447265625, 42.43837356567382812, 100, 0, 0),
(@PATH_ID+0022, 13, -11649.7910156250, -1801.5214843750000, 42.69132614135742187, 100, 0, 0),
(@PATH_ID+0022, 14, -11654.5478515625, -1810.3747558593750, 42.80949020385742187, 100, 0, 0),

(@PATH_ID+0023, 01, -11536.7304687500, -1781.8819580078125, 70.68698883056640625, 100, 0, 0),
(@PATH_ID+0023, 02, -11544.3046875000, -1787.8140869140625, 65.44748687744140625, 100, 0, 0),
(@PATH_ID+0023, 03, -11556.8349609375, -1795.5504150390625, 57.54587554931640625, 100, 0, 0),
(@PATH_ID+0023, 04, -11567.0283203125, -1793.9372558593750, 55.09878540039062500, 100, 0, 0),
(@PATH_ID+0023, 05, -11578.6259765625, -1785.7139892578125, 50.36611938476562500, 100, 0, 0),
(@PATH_ID+0023, 06, -11587.0253906250, -1803.8789062500000, 42.81508255004882812, 100, 0, 0),
(@PATH_ID+0023, 07, -11586.2783203125, -1814.2578125000000, 41.64906692504882812, 100, 0, 0),
(@PATH_ID+0023, 08, -11597.1523437500, -1830.3585205078125, 40.87318801879882812, 100, 0, 0),
(@PATH_ID+0023, 09, -11612.7236328125, -1838.1774902343750, 42.92127609252929687, 100, 0, 0),
(@PATH_ID+0023, 10, -11612.6054687500, -1854.1682128906250, 42.94056320190429687, 100, 0, 0),
(@PATH_ID+0023, 11, -11623.0214843750, -1860.6818847656250, 45.10950851440429687, 100, 0, 0),

(@PATH_ID+0024, 01, -11634.1269531250, -1598.2363281250000, 39.14191818237304687, 100, 0, 0),
(@PATH_ID+0024, 02, -11632.1718750000, -1624.0839843750000, 39.87689971923828125, 100, 0, 0),
(@PATH_ID+0024, 03, -11631.5732421875, -1646.1881103515625, 38.94508743286132812, 100, 0, 0),
(@PATH_ID+0024, 04, -11632.0664062500, -1671.7193603515625, 41.19049072265625000, 100, 0, 0),
(@PATH_ID+0024, 05, -11631.8398437500, -1696.8825683593750, 40.05401611328125000, 100, 0, 0),

(@PATH_ID+0025, 01, -11629.8916015625, -1667.4483642578125, 41.13385009765625000, 100, 0, 0),
(@PATH_ID+0025, 02, -11626.5332031250, -1644.3599853515625, 39.07936477661132812, 100, 0, 0),
(@PATH_ID+0025, 03, -11615.7099609375, -1624.0926513671875, 39.27216339111328125, 100, 0, 0),
(@PATH_ID+0025, 04, -11590.8740234375, -1621.3721923828125, 48.73896026611328125, 100, 0, 0),
(@PATH_ID+0025, 05, -11581.0634765625, -1641.8532714843750, 49.52446746826171875, 100, 0, 0),
(@PATH_ID+0025, 06, -11567.5214843750, -1667.5407714843750, 49.72083663940429687, 100, 0, 0),
(@PATH_ID+0025, 07, -11553.5830078125, -1692.6387939453125, 50.86830520629882812, 100, 0, 0),
(@PATH_ID+0025, 08, -11519.3798828125, -1674.3471679687500, 49.72084045410156250, 100, 0, 0),
(@PATH_ID+0025, 09, -11477.0097656250, -1671.6424560546875, 49.72083663940429687, 100, 0, 0),
(@PATH_ID+0025, 10, -11462.7431640625, -1648.2841796875000, 49.72084045410156250, 100, 0, 0),
(@PATH_ID+0025, 11, -11462.5673828125, -1620.9614257812500, 49.72083282470703125, 100, 0, 0),
(@PATH_ID+0025, 12, -11462.6298828125, -1594.6408691406250, 49.63734436035156250, 100, 0, 0),
(@PATH_ID+0025, 13, -11465.4423828125, -1568.8903808593750, 49.63734054565429687, 100, 0, 0),
(@PATH_ID+0025, 14, -11487.8798828125, -1566.2319335937500, 49.62094879150390625, 100, 0, 0),
(@PATH_ID+0025, 15, -11513.9414062500, -1568.0570068359375, 49.63734817504882812, 100, 0, 0),
(@PATH_ID+0025, 16, -11547.5537109375, -1566.8209228515625, 49.69098663330078125, 100, 0, 0),
(@PATH_ID+0025, 17, -11572.3818359375, -1554.7301025390625, 50.69623565673828125, 100, 0, 0),
(@PATH_ID+0025, 18, -11581.8984375000, -1588.2259521484375, 50.05463409423828125, 100, 0, 0),
(@PATH_ID+0025, 19, -11577.3447265625, -1606.2500000000000, 48.54853057861328125, 100, 0, 0),
(@PATH_ID+0025, 20, -11586.5556640625, -1616.7745361328125, 49.72083663940429687, 100, 0, 0),
(@PATH_ID+0025, 21, -11615.3691406250, -1621.9932861328125, 39.39179229736328125, 100, 0, 0),
(@PATH_ID+0025, 22, -11616.8828125000, -1653.8944091796875, 38.84010696411132812, 100, 0, 0),
(@PATH_ID+0025, 23, -11609.1953125000, -1682.1885986328125, 39.02716064453125000, 100, 0, 0),
(@PATH_ID+0025, 24, -11625.4951171875, -1686.3771972656250, 39.85919189453125000, 100, 0, 0),

(@PATH_ID+0026, 01, -11553.6464843750, -1513.1582031250000, 56.56540679931640625, 100, 0, 0),
(@PATH_ID+0026, 02, -11568.2333984375, -1517.8378906250000, 52.54633331298828125, 100, 0, 0),
(@PATH_ID+0026, 03, -11586.3515625000, -1515.1041259765625, 50.52826690673828125, 100, 0, 0),
(@PATH_ID+0026, 04, -11596.5576171875, -1508.7161865234375, 48.42060089111328125, 100, 0, 0),
(@PATH_ID+0026, 05, -11608.4033203125, -1513.7017822265625, 44.82685089111328125, 100, 0, 0),
(@PATH_ID+0026, 06, -11627.7841796875, -1526.7974853515625, 41.41840362548828125, 100, 0, 0),
(@PATH_ID+0026, 07, -11622.7578125000, -1546.7374267578125, 40.30229949951171875, 100, 0, 0),
(@PATH_ID+0026, 08, -11612.3134765625, -1567.4998779296875, 39.30536651611328125, 100, 0, 0),
(@PATH_ID+0026, 09, -11610.1884765625, -1585.9324951171875, 39.10199737548828125, 100, 0, 0),

(@PATH_ID+0027, 01, -11638.1796875000, -1449.1712646484375, 59.97192764282226562, 100, 0, 0),
(@PATH_ID+0027, 02, -11620.7470703125, -1453.2868652343750, 54.16247558593750000, 100, 0, 0),
(@PATH_ID+0027, 03, -11617.4726562500, -1473.5356445312500, 48.90150833129882812, 100, 0, 0),
(@PATH_ID+0027, 04, -11635.5234375000, -1505.7321777343750, 41.57782363891601562, 100, 0, 0),
(@PATH_ID+0027, 05, -11646.6474609375, -1520.3574218750000, 39.52875137329101562, 100, 0, 0),
(@PATH_ID+0027, 06, -11655.1845703125, -1556.1297607421875, 41.08574295043945312, 100, 0, 0),

(@PATH_ID+0028, 01, -11639.5498046875, -1482.4012451171875, 45.77051544189453125, 100, 0, 0),
(@PATH_ID+0028, 02, -11623.1269531250, -1497.8248291015625, 44.31972122192382812, 100, 0, 0),
(@PATH_ID+0028, 03, -11615.3291015625, -1514.1256103515625, 43.01630401611328125, 100, 0, 0),
(@PATH_ID+0028, 04, -11596.9345703125, -1513.0582275390625, 48.12787628173828125, 100, 0, 0),
(@PATH_ID+0028, 05, -11583.9941406250, -1504.7121582031250, 53.77436065673828125, 100, 0, 0),
(@PATH_ID+0028, 06, -11579.7314453125, -1490.2340087890625, 54.89074325561523437, 100, 0, 0),
(@PATH_ID+0028, 07, -11569.0537109375, -1475.5391845703125, 63.00963973999023437, 100, 0, 0),
(@PATH_ID+0028, 08, -11558.0468750000, -1477.5064697265625, 66.72030639648437500, 100, 0, 0),
(@PATH_ID+0028, 09, -11537.7333984375, -1487.2949218750000, 74.98080444335937500, 100, 0, 0),

(@PATH_ID+0029, 01, -11667.9033203125, -1442.6356201171875, 58.95603942871093750, 100, 0, 0),
(@PATH_ID+0029, 02, -11652.5429687500, -1417.3338623046875, 58.61125564575195312, 100, 0, 0),
(@PATH_ID+0029, 03, -11629.6328125000, -1415.1328125000000, 61.56686782836914062, 100, 0, 0),
(@PATH_ID+0029, 04, -11617.2744140625, -1426.2169189453125, 59.97287368774414062, 100, 0, 0),
(@PATH_ID+0029, 05, -11603.7470703125, -1445.4776611328125, 58.45983886718750000, 100, 0, 0),
(@PATH_ID+0029, 06, -11604.5566406250, -1463.4433593750000, 52.77429199218750000, 100, 0, 0),
(@PATH_ID+0029, 07, -11629.0673828125, -1474.2370605468750, 48.77846145629882812, 100, 0, 0),
(@PATH_ID+0029, 08, -11609.7333984375, -1498.5668945312500, 46.87318801879882812, 100, 0, 0),
(@PATH_ID+0029, 09, -11579.9609375000, -1504.0708007812500, 54.54511260986328125, 100, 0, 0),
(@PATH_ID+0029, 10, -11562.9111328125, -1508.6621093750000, 55.51218414306640625, 100, 0, 0),
(@PATH_ID+0029, 11, -11540.6523437500, -1510.0275878906250, 62.37009429931640625, 100, 0, 0),
(@PATH_ID+0029, 12, -11528.1484375000, -1513.8928222656250, 63.90500640869140625, 100, 0, 0),

(@PATH_ID+0030, 01, -11543.1083984375, -1228.7406005859375, 80.86101531982421875, 100, 0, 0),
(@PATH_ID+0030, 02, -11550.0927734375, -1223.9448242187500, 80.22014617919921875, 100, 0, 0),
(@PATH_ID+0030, 03, -11557.2226562500, -1222.4227294921875, 79.65862274169921875, 100, 0, 0),
(@PATH_ID+0030, 04, -11571.9257812500, -1223.9309082031250, 78.61394500732421875, 100, 0, 0),
(@PATH_ID+0030, 05, -11587.2939453125, -1224.6429443359375, 78.26921844482421875, 100, 0, 0),
(@PATH_ID+0030, 06, -11596.5429687500, -1229.5101318359375, 78.13176727294921875, 100, 0, 0),
(@PATH_ID+0030, 07, -11602.1650390625, -1234.0627441406250, 78.75080108642578125, 100, 0, 0),
(@PATH_ID+0030, 08, -11617.2519531250, -1245.9791259765625, 81.09845733642578125, 100, 0, 0),
(@PATH_ID+0030, 09, -11618.7636718750, -1255.8804931640625, 80.15998077392578125, 100, 0, 0),
(@PATH_ID+0030, 10, -11610.5908203125, -1265.3710937500000, 79.51178741455078125, 100, 0, 0),
(@PATH_ID+0030, 11, -11605.6630859375, -1273.7218017578125, 78.79364776611328125, 100, 0, 0),
(@PATH_ID+0030, 12, -11605.7275390625, -1286.8110351562500, 79.64252471923828125, 100, 0, 0),
(@PATH_ID+0030, 13, -11610.8203125000, -1291.4453125000000, 79.48163604736328125, 100, 0, 0),
(@PATH_ID+0030, 14, -11624.2275390625, -1295.4606933593750, 79.23749542236328125, 100, 0, 0),
(@PATH_ID+0030, 15, -11626.5380859375, -1301.7443847656250, 79.03057098388671875, 100, 0, 0),
(@PATH_ID+0030, 16, -11619.5234375000, -1305.1301269531250, 78.82817840576171875, 100, 0, 0),
(@PATH_ID+0030, 17, -11606.9121093750, -1305.0998535156250, 78.94072723388671875, 100, 0, 0),
(@PATH_ID+0030, 18, -11596.4960937500, -1293.9732666015625, 78.49968719482421875, 100, 0, 0),
(@PATH_ID+0030, 19, -11595.9042968750, -1278.6560058593750, 78.05364227294921875, 100, 0, 0),
(@PATH_ID+0030, 20, -11603.3613281250, -1272.9172363281250, 78.54608917236328125, 100, 0, 0),
(@PATH_ID+0030, 21, -11609.2636718750, -1264.9315185546875, 79.29767608642578125, 100, 0, 0),
(@PATH_ID+0030, 22, -11616.0751953125, -1255.8618164062500, 80.27912139892578125, 100, 0, 0),
(@PATH_ID+0030, 23, -11614.4062500000, -1247.4045410156250, 80.71857452392578125, 100, 0, 0),
(@PATH_ID+0030, 24, -11601.2929687500, -1235.7603759765625, 78.52106475830078125, 100, 0, 0),
(@PATH_ID+0030, 25, -11595.6367187500, -1230.9722900390625, 77.77165985107421875, 100, 0, 0),
(@PATH_ID+0030, 26, -11586.5361328125, -1226.4370117187500, 77.81951141357421875, 100, 0, 0),
(@PATH_ID+0030, 27, -11572.4765625000, -1226.1782226562500, 78.07488250732421875, 100, 0, 0),
(@PATH_ID+0030, 28, -11564.8359375000, -1228.5527343750000, 78.73259735107421875, 100, 0, 0),
(@PATH_ID+0030, 29, -11564.7568359375, -1228.5727539062500, 78.76555633544921875, 100, 0, 0),
(@PATH_ID+0030, 30, -11558.2353515625, -1235.8303222656250, 79.16846466064453125, 100, 0, 0),
(@PATH_ID+0030, 31, -11559.5439453125, -1245.3492431640625, 78.53052520751953125, 100, 0, 0),
(@PATH_ID+0030, 32, -11558.7802734375, -1252.0249023437500, 78.53052520751953125, 100, 0, 0),
(@PATH_ID+0030, 33, -11553.2675781250, -1256.9980468750000, 78.90552520751953125, 100, 0, 0),
(@PATH_ID+0030, 34, -11545.6386718750, -1258.4367675781250, 78.65552520751953125, 100, 0, 0),
(@PATH_ID+0030, 35, -11538.4960937500, -1250.3382568359375, 78.84839630126953125, 100, 0, 0),
(@PATH_ID+0030, 36, -11536.5615234375, -1241.8759765625000, 79.54346466064453125, 100, 0, 0),
(@PATH_ID+0030, 37, -11537.7236328125, -1233.9278564453125, 80.84253692626953125, 100, 0, 0),

(@PATH_ID+0031, 01, -11580.2490234375, -1281.9635009765625, 77.60759735107421875, 100, 0, 0),
(@PATH_ID+0031, 02, -11580.2138671875, -1288.6029052734375, 77.60759735107421875, 100, 0, 0),
(@PATH_ID+0031, 03, -11578.5048828125, -1292.3072509765625, 77.60759735107421875, 100, 0, 0),
(@PATH_ID+0031, 04, -11573.2949218750, -1292.3150634765625, 77.60759735107421875, 100, 0, 0),
(@PATH_ID+0031, 05, -11568.8945312500, -1290.8673095703125, 77.60759735107421875, 100, 0, 0),
(@PATH_ID+0031, 06, -11564.2480468750, -1288.0080566406250, 77.61753845214843750, 100, 0, 0),
(@PATH_ID+0031, 07, -11558.1083984375, -1284.2280273437500, 77.61753845214843750, 100, 0, 0),
(@PATH_ID+0031, 08, -11551.8720703125, -1280.8896484375000, 77.61753845214843750, 100, 0, 0),
(@PATH_ID+0031, 09, -11547.0224609375, -1278.6217041015625, 77.61753845214843750, 100, 0, 0),
(@PATH_ID+0031, 10, -11541.5019531250, -1275.4726562500000, 77.69981384277343750, 100, 0, 0),
(@PATH_ID+0031, 11, -11535.8066406250, -1272.9000244140625, 78.52378845214843750, 100, 0, 0),
(@PATH_ID+0031, 12, -11530.4824218750, -1273.9100341796875, 79.16865539550781250, 100, 0, 0),
(@PATH_ID+0031, 13, -11523.0136718750, -1274.1940917968750, 79.63911437988281250, 100, 0, 0),
(@PATH_ID+0031, 14, -11521.9062500000, -1276.0814208984375, 79.63911437988281250, 100, 0, 0),
(@PATH_ID+0031, 15, -11526.3564453125, -1277.2069091796875, 79.51411437988281250, 100, 0, 0),
(@PATH_ID+0031, 16, -11533.6718750000, -1277.9887695312500, 78.76426696777343750, 100, 0, 0),
(@PATH_ID+0031, 17, -11539.8652343750, -1279.0991210937500, 77.89610290527343750, 100, 0, 0),
(@PATH_ID+0031, 18, -11545.0742187500, -1280.2617187500000, 77.46495056152343750, 100, 0, 0),
(@PATH_ID+0031, 19, -11550.3798828125, -1283.0655517578125, 77.61753845214843750, 100, 0, 0),
(@PATH_ID+0031, 20, -11558.3818359375, -1288.1755371093750, 77.61753845214843750, 100, 0, 0),
(@PATH_ID+0031, 21, -11565.4785156250, -1292.4176025390625, 77.61753845214843750, 100, 0, 0),
(@PATH_ID+0031, 22, -11571.8916015625, -1295.2624511718750, 77.60759735107421875, 100, 0, 0),
(@PATH_ID+0031, 23, -11577.3984375000, -1298.0808105468750, 77.60759735107421875, 100, 0, 0),
(@PATH_ID+0031, 24, -11585.5195312500, -1301.9450683593750, 77.67639160156250000, 100, 0, 0),
(@PATH_ID+0031, 25, -11589.5634765625, -1305.7448730468750, 77.67639160156250000, 100, 0, 0),
(@PATH_ID+0031, 26, -11593.0478515625, -1310.1058349609375, 77.64465332031250000, 100, 0, 0),
(@PATH_ID+0031, 27, -11599.7421875000, -1319.1441650390625, 77.55139160156250000, 100, 0, 0),
(@PATH_ID+0031, 28, -11601.7724609375, -1324.7398681640625, 77.55522918701171875, 100, 0, 0),
(@PATH_ID+0031, 29, -11605.4785156250, -1334.0861816406250, 77.55612945556640625, 100, 0, 0),
(@PATH_ID+0031, 30, -11609.2597656250, -1342.6188964843750, 77.63230133056640625, 100, 0, 0),
(@PATH_ID+0031, 31, -11610.7734375000, -1352.7749023437500, 77.55612945556640625, 100, 0, 0),
(@PATH_ID+0031, 32, -11611.9394531250, -1368.4354248046875, 75.22457122802734375, 100, 0, 0),
(@PATH_ID+0031, 33, -11611.7695312500, -1382.5566406250000, 71.45577239990234375, 100, 0, 0),
(@PATH_ID+0031, 34, -11611.9189453125, -1396.4942626953125, 67.74263763427734375, 100, 0, 0),
(@PATH_ID+0031, 35, -11611.1962890625, -1407.0864257812500, 65.20993041992187500, 100, 0, 0),
(@PATH_ID+0031, 36, -11611.1757812500, -1420.5205078125000, 61.98801040649414062, 100, 0, 0),
(@PATH_ID+0031, 37, -11614.5351562500, -1423.8511962890625, 60.78537368774414062, 100, 0, 0),
(@PATH_ID+0031, 38, -11614.5351562500, -1423.8511962890625, 60.78537368774414062, 100, 0, 0),
(@PATH_ID+0031, 39, -11618.9267578125, -1420.7843017578125, 60.74460220336914062, 100, 0, 0),
(@PATH_ID+0031, 40, -11618.4277343750, -1412.8007812500000, 62.56686782836914062, 100, 0, 0),
(@PATH_ID+0031, 41, -11618.4199218750, -1412.6768798828125, 62.60348892211914062, 100, 0, 0),
(@PATH_ID+0031, 42, -11618.2373046875, -1398.9095458984375, 66.78096771240234375, 100, 0, 0),
(@PATH_ID+0031, 43, -11618.1250000000, -1388.1809082031250, 69.71138763427734375, 100, 0, 0),
(@PATH_ID+0031, 44, -11617.4736328125, -1372.5541992187500, 74.23116302490234375, 100, 0, 0),
(@PATH_ID+0031, 45, -11614.3027343750, -1362.1171875000000, 76.78952789306640625, 100, 0, 0),
(@PATH_ID+0031, 46, -11614.1503906250, -1351.4322509765625, 77.55612945556640625, 100, 0, 0),
(@PATH_ID+0031, 47, -11610.3496093750, -1337.7463378906250, 77.55612945556640625, 100, 0, 0),
(@PATH_ID+0031, 48, -11603.9853515625, -1322.4636230468750, 77.55522918701171875, 100, 0, 0),
(@PATH_ID+0031, 49, -11598.5566406250, -1313.0482177734375, 77.55139160156250000, 100, 0, 0),
(@PATH_ID+0031, 50, -11589.1396484375, -1301.8582763671875, 77.45251464843750000, 100, 0, 0),
(@PATH_ID+0031, 51, -11584.9648437500, -1296.8316650390625, 77.60759735107421875, 100, 0, 0),
(@PATH_ID+0031, 52, -11584.5410156250, -1288.1437988281250, 77.60759735107421875, 100, 0, 0),
(@PATH_ID+0031, 53, -11585.8330078125, -1272.9136962890625, 77.60759735107421875, 100, 0, 0),
(@PATH_ID+0031, 54, -11583.1562500000, -1271.3704833984375, 77.60759735107421875, 100, 0, 0),
(@PATH_ID+0031, 55, -11581.0751953125, -1272.4500732421875, 77.60759735107421875, 100, 0, 0);

-- =========
-- DBSCRIPTS
-- =========

DELETE FROM `dbscripts_on_creature_movement` WHERE `id` IN (1134001,1134002,1135901,1135902,1135903,1135904,1450701);
INSERT INTO `dbscripts_on_creature_movement` (`id`, `delay`, `command`, `datalong`, `datalong2`, `datalong3`, `buddy_entry`, `search_radius`, `data_flags`, `dataint`, `dataint2`, `dataint3`, `dataint4`, `x`, `y`, `z`, `o`, `comments`) VALUES
(1134001, 0, 28, 8, 0, 0, 0, 0, 0, 0, 0, 0, 0, 0, 0, 0, 0, 'Hakkari Blood Priest - kneel'),
(1134001, 30000, 28, 0, 0, 0, 0, 0, 0, 0, 0, 0, 0, 0, 0, 0, 0, 'Hakkari Blood Priest - stand up'),
(1134001, 30000, 1, 66, 0, 0, 0, 0, 0, 0, 0, 0, 0, 0, 0, 0, 0, 'Hakkari Blood Priest - salute Hakkar'),

(1134002, 0, 28, 8, 0, 0, 0, 0, 0, 0, 0, 0, 0, 0, 0, 0, 0, 'Hakkari Blood Priest - kneel'),
(1134002, 57000, 28, 0, 0, 0, 0, 0, 0, 0, 0, 0, 0, 0, 0, 0, 0, 'Hakkari Blood Priest - stand up'),
(1134002, 57000, 1, 66, 0, 0, 0, 0, 0, 0, 0, 0, 0, 0, 0, 0, 0, 'Hakkari Blood Priest - salute Hakkar'),

(1135901, 1000, 20, 1, 5, 0, 0, 0, 8, 0, 0, 0, 0, 0, 0, 0, 0, 'Soulflayer - random movement after path 1'),
(1135901, 45000, 20, 2, 2, 0, 0, 0, 0, 0, 0, 0, 0, 0, 0, 0, 0, 'Soulflayer - continue on path 2'),

(1135902, 1000, 20, 1, 5, 0, 0, 0, 8, 0, 0, 0, 0, 0, 0, 0, 0, 'Soulflayer - random movement after path 2'),
(1135902, 40000, 20, 2, 1, 0, 0, 0, 0, 0, 0, 0, 0, 0, 0, 0, 0, 'Soulflayer - continue on path 1'),

(1135903, 1000, 20, 1, 5, 0, 0, 0, 8, 0, 0, 0, 0, 0, 0, 0, 0, 'Soulflayer - random movement after path 3'),
(1135903, 30000, 20, 2, 4, 0, 0, 0, 0, 0, 0, 0, 0, 0, 0, 0, 0, 'Soulflayer - continue on path 4'),

(1135904, 1000, 20, 1, 5, 0, 0, 0, 8, 0, 0, 0, 0, 0, 0, 0, 0, 'Soulflayer - random movement after path 4'),
(1135904, 35000, 20, 2, 3, 0, 0, 0, 0, 0, 0, 0, 0, 0, 0, 0, 0, 'Soulflayer - continue on path 3'),

(1450701, 1000, 15, 21157, 0, 0, 0, 0, 0, 0, 0, 0, 0, 0, 0, 0, 0, 'High Priest Venoxis - Cast Dark Channeling');

-- INSERT INTO `dbscripts_on_creature_death` (`id`, `delay`, `command`, `datalong`, `datalong2`, `datalong3`, `buddy_entry`, `search_radius`, `data_flags`, `dataint`, `dataint2`, `dataint3`, `dataint4`, `x`, `y`, `z`, `o`, `comments`) VALUES
-- INSERT INTO `dbscripts_on_go_use` (`id`, `delay`, `command`, `datalong`, `datalong2`, `datalong3`, `buddy_entry`, `search_radius`, `data_flags`, `dataint`, `dataint2`, `dataint3`, `dataint4`, `x`, `y`, `z`, `o`, `comments`) VALUES

INSERT INTO `dbscripts_on_go_template_use` (`id`, `delay`, `priority`, `command`, `datalong`, `datalong2`, `datalong3`, `buddy_entry`, `search_radius`, `data_flags`, `dataint`, `dataint2`, `dataint3`, `dataint4`, `x`, `y`, `z`, `o`, `condition_id`, `comments`) VALUES
(179985, 1000, 0, 10, 15041, 60000, 0, 0, 0, 2, 0, 0, 0, 0, 0, 0, 0, 0, 0, 'Zul''Gurub - Spider Egg - Summon Spawn of Mar''li'),
(180327, 5000, 0, 10, 15082, 259200, 0, 0, 0, 0, 0, 0, 0, 0, -11901.3, -1906.52, 65.36, 0.87, 6029, 'Zul''Gurub - Brazier of Madness - Edge of Madness (Gri''lek)'),
(180327, 5000, 0, 10, 15083, 259200, 0, 0, 0, 0, 0, 0, 0, 0, -11901.3, -1906.52, 65.36, 0.87, 6030, 'Zul''Gurub - Brazier of Madness - Edge of Madness (Hazza''rah)'),
(180327, 5000, 0, 10, 15084, 259200, 0, 0, 0, 0, 0, 0, 0, 0, -11901.3, -1906.52, 65.36, 0.87, 6031, 'Zul''Gurub - Brazier of Madness - Edge of Madness (Renataki)'),
(180327, 5000, 0, 10, 15085, 259200, 0, 0, 0, 0, 0, 0, 0, 0, -11901.3, -1906.52, 65.36, 0.87, 6032, 'Zul''Gurub - Brazier of Madness - Edge of Madness (Wushoolay)');

-- INSERT INTO `dbscripts_on_relay` (`id`, `delay`, `command`, `datalong`, `datalong2`, `datalong3`, `buddy_entry`, `search_radius`, `data_flags`, `dataint`, `dataint2`, `dataint3`, `dataint4`, `x`, `y`, `z`, `o`, `comments`) VALUES
-- INSERT INTO `dbscripts_on_event` (`id`, `delay`, `command`, `datalong`, `datalong2`, `datalong3`, `buddy_entry`, `search_radius`, `data_flags`, `dataint`, `dataint2`, `dataint3`, `dataint4`, `x`, `y`, `z`, `o`, `comments`) VALUES
-- INSERT INTO `dbscripts_on_spell` (`id`, `delay`, `command`, `datalong`, `datalong2`, `datalong3`, `buddy_entry`, `search_radius`, `data_flags`, `dataint`, `dataint2`, `dataint3`, `dataint4`, `x`, `y`, `z`, `o`, `comments`) VALUES
-- INSERT INTO `dbscripts_on_gossip` (`id`, `delay`, `command`, `datalong`, `datalong2`, `datalong3`, `buddy_entry`, `search_radius`, `data_flags`, `dataint`, `dataint2`, `dataint3`, `dataint4`, `x`, `y`, `z`, `o`, `comments`) VALUES
-- INSERT INTO `dbscripts_on_quest_start` (`id`, `delay`, `command`, `datalong`, `datalong2`, `datalong3`, `buddy_entry`, `search_radius`, `data_flags`, `dataint`, `dataint2`, `dataint3`, `dataint4`, `x`, `y`, `z`, `o`, `comments`) VALUES
-- INSERT INTO `dbscripts_on_quest_end` (`id`, `delay`, `command`, `datalong`, `datalong2`, `datalong3`, `buddy_entry`, `search_radius`, `data_flags`, `dataint`, `dataint2`, `dataint3`, `dataint4`, `x`, `y`, `z`, `o`, `comments`) VALUES
-- INSERT INTO `dbscript_random_templates` (`id`, `type`, `target_id`, `chance`, `comments`) VALUES


