/* DBScriptData
DBName: Temple of Ahn'Qiraj
DBScriptName: instance_temple_of_ahnqiraj
DB%Complete: 80
DBComment:
EndDBScriptData */

SET @CGUID := 5310000; -- creatures
SET @OGUID := 5310000; -- gameobjects
SET @PGUID := 47600; -- pools
SET @GROUP_ID := 5310000;

-- =========
-- CREATURES
-- =========

INSERT INTO `creature_movement` (`id`, `point`, `PositionX`, `PositionY`, `PositionZ`, `orientation`, `waittime`, `ScriptId`) VALUES
(@CGUID+1, 1, -7955.62, 1322.46, -90.46, 4.38823, 1, 5),
(@CGUID+1, 2, -7973.68, 1279.11, -73.0509, 3.51644, 0, 0),
(@CGUID+1, 3, -8013.56, 1259.14, -79.3275, 3.71279, 0, 0),
(@CGUID+1, 4, -7973.68, 1279.11, -73.0509, 3.51644, 0, 0),
(@CGUID+2, 1, -7903.95, 1411.55, -66.4528, 4.24687, 1, 5),
(@CGUID+2, 2, -7930.8, 1365.57, -80.6155, 4.55317, 0, 0),
(@CGUID+2, 3, -7938.66, 1323.18, -92.4099, 4.54532, 0, 0),
(@CGUID+2, 6, -7930.8, 1365.57, -80.6155, 4.55317, 0, 0),
(@CGUID+3, 1, -7940.78, 1491.18, -64.0933, 5.48118, 1, 5),
(@CGUID+3, 2, -7901.33, 1455.16, -65.4513, 4.36592, 0, 0),
(@CGUID+3, 3, -7917.27, 1413.86, -65.8609, 4.39341, 0, 0),
(@CGUID+3, 4, -7901.33, 1455.16, -65.4513, 4.36592, 0, 0),
(@CGUID+4, 1, -7977.78, 1572.38, -61.796, 5.14348, 1, 5),
(@CGUID+4, 2, -7965.01, 1527.57, -61.0709, 5.54009, 0, 0),
(@CGUID+4, 3, -7926.43, 1500.91, -63.0274, 5.64612, 0, 0),
(@CGUID+4, 4, -7965.01, 1527.57, -61.0709, 5.54009, 0, 0),
(@CGUID+5, 1, -8027.47, 1553.08, -66.5098, 2.26892, 1, 5),
(@CGUID+5, 2, -8056.88, 1588.13, -61.5625, 2.36709, 0, 0),
(@CGUID+5, 3, -8087.16, 1613.53, -56.4564, 2.88938, 0, 0),
(@CGUID+5, 4, -8128.66, 1623.85, -47.762, 3.05824, 0, 0),
(@CGUID+5, 5, -8157.81, 1625.9, -41.3811, 3.11323, 0, 0),
(@CGUID+5, 6, -8128.66, 1623.85, -47.762, 3.05824, 0, 0),
(@CGUID+5, 7, -8087.16, 1613.53, -56.4564, 2.88938, 0, 0),
(@CGUID+5, 8, -8056.88, 1588.13, -61.5625, 2.36709, 0, 0),
(@CGUID+6, 1, -8160.64, 1669.32, -36.0642, 6.27443, 1, 5),
(@CGUID+6, 2, -8070.62, 1659.97, -55.1165, 5.76393, 0, 0),
(@CGUID+6, 3, -8043.52, 1646.35, -59.0589, 5.39087, 0, 0),
(@CGUID+6, 4, -8022.23, 1618.92, -59.3598, 5.3359, 0, 0),
(@CGUID+6, 5, -8043.52, 1646.35, -59.0589, 5.39087, 0, 0),
(@CGUID+6, 6, -8070.62, 1659.97, -55.1165, 5.76393, 0, 0),
(@CGUID+48, 1, -8617.82, 1770.24, -90.4684, 0, 0, 0),
(@CGUID+48, 2, -8635.84, 1744.95, -91.8206, 0, 0, 0),
(@CGUID+48, 3, -8645.39, 1710.06, -90.0669, 0, 0, 0),
(@CGUID+48, 4, -8622.46, 1691.9, -91.2665, 0, 0, 0),
(@CGUID+48, 5, -8613.52, 1668.71, -90.5144, 0, 0, 0),
(@CGUID+48, 6, -8585.78, 1654.99, -89.7973, 0, 0, 0),
(@CGUID+48, 7, -8558.68, 1666.23, -90.6913, 0, 0, 0),
(@CGUID+48, 8, -8542.14, 1699.38, -90.3976, 0, 0, 0),
(@CGUID+48, 9, -8548.45, 1731.57, -91.8245, 0, 0, 0),
(@CGUID+48, 10, -8563.52, 1739.6, -90.4636, 0, 0, 0),
(@CGUID+48, 11, -8580.76, 1732.14, -91.3918, 0, 0, 0),
(@CGUID+48, 12, -8595.64, 1703.54, -91.6936, 0, 0, 0),
(@CGUID+48, 13, -8598.31, 1670.84, -90.6368, 0, 0, 0),
(@CGUID+48, 14, -8596.67, 1642.03, -89.5621, 0, 0, 0),
(@CGUID+48, 15, -8602.97, 1615.22, -88.6513, 0, 0, 0),
(@CGUID+48, 16, -8605.68, 1582.75, -82.176, 0, 0, 0),
(@CGUID+48, 17, -8617.5, 1563.51, -79.1204, 0, 0, 0),
(@CGUID+48, 18, -8621.84, 1547.02, -76.5539, 0, 0, 0),
(@CGUID+48, 19, -8617.5, 1516.14, -70.1993, 0, 0, 0),
(@CGUID+48, 20, -8625.5, 1479.61, -68.0449, 0, 0, 0),
(@CGUID+48, 21, -8614.83, 1443.64, -66.6911, 0, 0, 0),
(@CGUID+48, 22, -8600.25, 1422.46, -65.3914, 0, 0, 0),
(@CGUID+48, 23, -8611.4, 1385.67, -69.8073, 0, 0, 0),
(@CGUID+48, 24, -8623.59, 1364.61, -69.9178, 0, 0, 0),
(@CGUID+48, 25, -8604.51, 1328.14, -69.9451, 0, 0, 0),
(@CGUID+48, 26, -8589.59, 1311.02, -69.1087, 0, 0, 0),
(@CGUID+48, 27, -8604.51, 1328.14, -69.9451, 0, 0, 0),
(@CGUID+48, 28, -8623.59, 1364.61, -69.9178, 0, 0, 0),
(@CGUID+48, 29, -8611.4, 1385.67, -69.8073, 0, 0, 0),
(@CGUID+48, 30, -8600.25, 1422.46, -65.3914, 0, 0, 0),
(@CGUID+48, 31, -8614.83, 1443.64, -66.6911, 0, 0, 0),
(@CGUID+48, 32, -8625.5, 1479.61, -68.0449, 0, 0, 0),
(@CGUID+48, 33, -8617.5, 1516.14, -70.1993, 0, 0, 0),
(@CGUID+48, 34, -8621.84, 1547.02, -76.5539, 0, 0, 0),
(@CGUID+48, 35, -8617.5, 1563.51, -79.1204, 0, 0, 0),
(@CGUID+48, 36, -8605.68, 1582.75, -82.176, 0, 0, 0),
(@CGUID+48, 37, -8602.97, 1615.22, -88.6513, 0, 0, 0),
(@CGUID+48, 38, -8596.67, 1642.03, -89.5621, 0, 0, 0),
(@CGUID+48, 39, -8598.31, 1670.84, -90.6368, 0, 0, 0),
(@CGUID+48, 40, -8595.64, 1703.54, -91.6936, 0, 0, 0),
(@CGUID+48, 41, -8580.76, 1732.14, -91.3918, 0, 0, 0),
(@CGUID+48, 42, -8563.52, 1739.6, -90.4636, 0, 0, 0),
(@CGUID+48, 43, -8548.45, 1731.57, -91.8245, 0, 0, 0),
(@CGUID+48, 44, -8542.14, 1699.38, -90.3976, 0, 0, 0),
(@CGUID+48, 45, -8558.68, 1666.23, -90.6913, 0, 0, 0),
(@CGUID+48, 46, -8585.78, 1654.99, -89.7973, 0, 0, 0),
(@CGUID+48, 47, -8613.52, 1668.71, -90.5144, 0, 0, 0),
(@CGUID+48, 48, -8622.46, 1691.9, -91.2665, 0, 0, 0),
(@CGUID+48, 49, -8645.39, 1710.06, -90.0669, 0, 0, 0),
(@CGUID+48, 50, -8635.84, 1744.95, -91.8206, 0, 0, 0),
(@CGUID+49, 1, -8645.39, 1710.06, -90.0669, 0, 0, 0),
(@CGUID+49, 2, -8576.6, 1669.09, -90.3697, 0, 0, 0),
(@CGUID+49, 3, -8584.21, 1701.45, -91.6607, 0, 0, 0),
(@CGUID+49, 4, -8570.8, 1737.57, -90.7566, 0, 0, 0),
(@CGUID+49, 5, -8581.88, 1760.92, -91.8754, 0, 0, 0),
(@CGUID+49, 6, -8589.55, 1734.61, -90.937, 0, 0, 0),
(@CGUID+49, 7, -8588.17, 1710.71, -91.7302, 0, 0, 0),
(@CGUID+49, 8, -8596.26, 1697.51, -91.6601, 0, 0, 0),
(@CGUID+49, 9, -8605.49, 1655.25, -89.9893, 0, 0, 0),
(@CGUID+49, 10, -8632.32, 1660.24, -89.734, 0, 0, 0),
(@CGUID+49, 11, -8677.9, 1675.27, -88.1852, 0, 0, 0),
(@CGUID+49, 12, -8718.77, 1662.17, -84.1889, 0, 0, 0),
(@CGUID+49, 13, -8690.87, 1675.74, -85.9258, 0, 0, 0),
(@CGUID+49, 14, -8653.21, 1690.79, -90.2311, 0, 0, 0),
(@CGUID+49, 15, -8620.7, 1704.38, -90.8803, 0, 0, 0),
(@CGUID+49, 16, -8593.16, 1708.36, -91.6861, 0, 0, 0),
(@CGUID+49, 17, -8571.98, 1710.36, -91.6353, 0, 0, 0),
(@CGUID+49, 18, -8537.26, 1707.52, -90.4988, 0, 0, 0),
(@CGUID+49, 19, -8571.9, 1710.36, -91.619, 0, 0, 0),
(@CGUID+49, 20, -8593.16, 1708.36, -91.6861, 0, 0, 0),
(@CGUID+49, 21, -8620.7, 1704.38, -90.8803, 0, 0, 0),
(@CGUID+49, 22, -8653.21, 1690.79, -90.2311, 0, 0, 0),
(@CGUID+49, 23, -8690.87, 1675.74, -85.9258, 0, 0, 0),
(@CGUID+49, 24, -8718.77, 1662.17, -84.1889, 0, 0, 0),
(@CGUID+49, 25, -8677.9, 1675.27, -88.1852, 0, 0, 0),
(@CGUID+49, 26, -8632.32, 1660.24, -89.734, 0, 0, 0),
(@CGUID+49, 27, -8605.49, 1655.25, -89.9893, 0, 0, 0),
(@CGUID+49, 28, -8596.26, 1697.51, -91.6601, 0, 0, 0),
(@CGUID+49, 29, -8588.17, 1710.71, -91.7302, 0, 0, 0),
(@CGUID+49, 30, -8589.55, 1734.61, -90.937, 0, 0, 0),
(@CGUID+49, 31, -8581.88, 1760.92, -91.8754, 0, 0, 0),
(@CGUID+49, 32, -8570.8, 1737.57, -90.7566, 0, 0, 0),
(@CGUID+49, 33, -8584.21, 1701.45, -91.6607, 0, 0, 0),
(@CGUID+49, 34, -8576.6, 1669.09, -90.3697, 0, 0, 0),
(@CGUID+49, 35, -8586.32, 1634.42, -89.2142, 0, 0, 0),
(@CGUID+49, 36, -8612.33, 1613.27, -88.5558, 0, 0, 0),
(@CGUID+49, 37, -8605.36, 1575.12, -80.1935, 0, 0, 0),
(@CGUID+49, 38, -8627.88, 1556.9, -77.6994, 0, 0, 0),
(@CGUID+49, 39, -8615.41, 1527.63, -72.2181, 0, 0, 0),
(@CGUID+49, 40, -8621.28, 1502.71, -68.8405, 0, 0, 0),
(@CGUID+49, 41, -8613.86, 1468.64, -65.5181, 0, 0, 0),
(@CGUID+49, 42, -8611.4, 1441.91, -66.0752, 0, 0, 0),
(@CGUID+49, 43, -8648.35, 1425.72, -69.7682, 0, 0, 0),
(@CGUID+49, 44, -8690.11, 1425.44, -69.8985, 0, 0, 0),
(@CGUID+49, 45, -8688.04, 1466.35, -69.9028, 0, 0, 0),
(@CGUID+49, 46, -8686.7, 1491.77, -69.906, 0, 0, 0),
(@CGUID+49, 47, -8703.4, 1513.32, -68.8687, 0, 0, 0),
(@CGUID+49, 48, -8699.36, 1545.23, -73.5294, 0, 0, 0),
(@CGUID+49, 49, -8696.4, 1571.76, -83.6084, 0, 0, 0),
(@CGUID+49, 50, -8705.78, 1534.33, -70.8286, 0, 0, 0),
(@CGUID+49, 51, -8684.08, 1503.38, -69.9073, 0, 0, 0),
(@CGUID+49, 52, -8677.44, 1474.1, -69.8805, 0, 0, 0),
(@CGUID+49, 53, -8685.4, 1458.5, -69.9056, 0, 0, 0),
(@CGUID+49, 54, -8672.83, 1442.36, -69.9003, 0, 0, 0),
(@CGUID+49, 55, -8671.92, 1416.88, -69.8981, 0, 0, 0),
(@CGUID+49, 56, -8658.41, 1396.63, -69.8971, 0, 0, 0),
(@CGUID+49, 57, -8652.98, 1366, -69.8955, 0, 0, 0),
(@CGUID+49, 58, -8631.56, 1350.23, -69.902, 0, 0, 0),
(@CGUID+49, 59, -8621.75, 1329.13, -69.8487, 0, 0, 0),
(@CGUID+49, 60, -8581.27, 1314.3, -68.5696, 0, 0, 0),
(@CGUID+49, 61, -8621.75, 1329.13, -69.8487, 0, 0, 0),
(@CGUID+49, 62, -8631.56, 1350.23, -69.902, 0, 0, 0),
(@CGUID+49, 63, -8652.98, 1366, -69.8955, 0, 0, 0),
(@CGUID+49, 64, -8658.41, 1396.63, -69.8971, 0, 0, 0),
(@CGUID+49, 65, -8671.92, 1416.88, -69.8981, 0, 0, 0),
(@CGUID+49, 66, -8672.83, 1442.36, -69.9003, 0, 0, 0),
(@CGUID+49, 67, -8685.4, 1458.5, -69.9056, 0, 0, 0),
(@CGUID+49, 68, -8677.44, 1474.1, -69.8805, 0, 0, 0),
(@CGUID+49, 69, -8684.08, 1503.38, -69.9073, 0, 0, 0),
(@CGUID+49, 70, -8705.78, 1534.33, -70.8286, 0, 0, 0),
(@CGUID+49, 71, -8696.4, 1571.76, -83.6084, 0, 0, 0),
(@CGUID+49, 72, -8699.36, 1545.23, -73.5294, 0, 0, 0),
(@CGUID+49, 73, -8703.4, 1513.32, -68.8687, 0, 0, 0),
(@CGUID+49, 74, -8686.7, 1491.77, -69.906, 0, 0, 0),
(@CGUID+49, 75, -8688.04, 1466.35, -69.9028, 0, 0, 0),
(@CGUID+49, 76, -8690.11, 1425.44, -69.8985, 0, 0, 0),
(@CGUID+49, 77, -8648.35, 1425.72, -69.7682, 0, 0, 0),
(@CGUID+49, 78, -8611.4, 1441.91, -66.0752, 0, 0, 0),
(@CGUID+49, 79, -8613.86, 1468.64, -65.5181, 0, 0, 0),
(@CGUID+49, 80, -8621.25, 1502.58, -68.8592, 0, 0, 0),
(@CGUID+49, 81, -8615.41, 1527.63, -72.2181, 0, 0, 0),
(@CGUID+49, 82, -8627.88, 1556.9, -77.6994, 0, 0, 0),
(@CGUID+49, 83, -8605.36, 1575.12, -80.1935, 0, 0, 0),
(@CGUID+49, 84, -8612.33, 1613.27, -88.5558, 0, 0, 0),
(@CGUID+49, 85, -8586.32, 1634.42, -89.2142, 0, 0, 0),
(@CGUID+50, 1, -8717.54, 1450.8, -70.1568, 0, 0, 0),
(@CGUID+50, 2, -8685.71, 1480.19, -69.8857, 0, 0, 0),
(@CGUID+50, 3, -8687.31, 1502.29, -69.9071, 0, 0, 0),
(@CGUID+50, 4, -8710.66, 1518.57, -69.7316, 0, 0, 0),
(@CGUID+50, 5, -8706.65, 1553.95, -76.8753, 0, 0, 0),
(@CGUID+50, 6, -8693.66, 1593.24, -87.5287, 0, 0, 0),
(@CGUID+50, 7, -8682.8, 1563.56, -79.954, 0, 0, 0),
(@CGUID+50, 8, -8670.13, 1531.13, -69.2542, 0, 0, 0),
(@CGUID+50, 9, -8650.24, 1513.96, -68.9731, 0, 0, 0),
(@CGUID+50, 10, -8628.12, 1493.12, -68.3204, 0, 0, 0),
(@CGUID+50, 11, -8614.62, 1451.34, -66.2597, 0, 0, 0),
(@CGUID+50, 12, -8606.94, 1423.06, -66.755, 0, 0, 0),
(@CGUID+50, 13, -8578.11, 1397.93, -64.6299, 0, 0, 0),
(@CGUID+50, 14, -8581, 1380.87, -67.5537, 0, 0, 0),
(@CGUID+50, 15, -8606.55, 1354.5, -69.9028, 0, 0, 0),
(@CGUID+50, 16, -8632.93, 1329.29, -69.7949, 0, 0, 0),
(@CGUID+50, 17, -8652.7, 1333, -68.4074, 0, 0, 0),
(@CGUID+50, 18, -8680.63, 1356.86, -69.1209, 0, 0, 0),
(@CGUID+50, 19, -8665.34, 1388.95, -69.8968, 0, 0, 0),
(@CGUID+50, 20, -8671.49, 1426.79, -69.8988, 0, 0, 0),
(@CGUID+50, 21, -8697.31, 1425.37, -69.9085, 0, 0, 0),
(@CGUID+51, 1, -8667.69, 1471.39, -69.8897, 0, 0, 0),
(@CGUID+51, 2, -8638.46, 1491.58, -69.7636, 0, 0, 0),
(@CGUID+51, 3, -8621.95, 1510.35, -69.8617, 0, 0, 0),
(@CGUID+51, 4, -8649.15, 1507.35, -68.9456, 0, 0, 0),
(@CGUID+51, 5, -8685.41, 1502.43, -69.9072, 0, 0, 0),
(@CGUID+51, 6, -8724.85, 1499.01, -68.8579, 0, 0, 0),
(@CGUID+51, 7, -8685.41, 1502.43, -69.9072, 0, 0, 0),
(@CGUID+51, 8, -8649.15, 1507.35, -68.9456, 0, 0, 0),
(@CGUID+51, 9, -8621.95, 1510.35, -69.8617, 0, 0, 0),
(@CGUID+51, 10, -8638.39, 1491.63, -69.7322, 0, 0, 0),
(@CGUID+51, 11, -8667.69, 1471.39, -69.8897, 0, 0, 0),
(@CGUID+51, 12, -8684.47, 1454.43, -69.9032, 0, 0, 0),
(@CGUID+51, 13, -8712.95, 1440.55, -69.9308, 0, 0, 0),
(@CGUID+51, 14, -8711.03, 1419.59, -69.8176, 0, 0, 0),
(@CGUID+51, 15, -8680.43, 1427.71, -69.8988, 0, 0, 0),
(@CGUID+51, 16, -8650.58, 1437.56, -69.8031, 0, 0, 0),
(@CGUID+51, 17, -8629.43, 1440.83, -68.4656, 0, 0, 0),
(@CGUID+51, 18, -8609.06, 1445.66, -65.291, 0, 0, 0),
(@CGUID+51, 19, -8618.65, 1426.42, -67.8118, 0, 0, 0),
(@CGUID+51, 20, -8635.93, 1406.94, -69.8332, 0, 0, 0),
(@CGUID+51, 21, -8663.64, 1389.05, -69.8968, 0, 0, 0),
(@CGUID+51, 22, -8685.82, 1364.19, -69.3211, 0, 0, 0),
(@CGUID+51, 23, -8654.89, 1363.94, -69.8954, 0, 0, 0),
(@CGUID+51, 24, -8628.98, 1372.13, -69.8957, 0, 0, 0),
(@CGUID+51, 25, -8610.72, 1381.39, -69.896, 0, 0, 0),
(@CGUID+51, 26, -8594.86, 1388.72, -68.4336, 0, 0, 0),
(@CGUID+51, 27, -8570.96, 1400.34, -62.9879, 0, 0, 0),
(@CGUID+51, 28, -8592.09, 1370.82, -68.4916, 0, 0, 0),
(@CGUID+51, 29, -8597.55, 1344.22, -69.9974, 0, 0, 0),
(@CGUID+51, 30, -8601.24, 1313.16, -69.7795, 0, 0, 0),
(@CGUID+51, 31, -8600.21, 1300.66, -68.7653, 0, 0, 0),
(@CGUID+51, 32, -8597.55, 1344.22, -69.9974, 0, 0, 0),
(@CGUID+51, 33, -8592.09, 1370.82, -68.4916, 0, 0, 0),
(@CGUID+51, 34, -8570.96, 1400.34, -62.9879, 0, 0, 0),
(@CGUID+51, 35, -8594.86, 1388.72, -68.4336, 0, 0, 0),
(@CGUID+51, 36, -8610.72, 1381.39, -69.896, 0, 0, 0),
(@CGUID+51, 37, -8628.98, 1372.13, -69.8957, 0, 0, 0),
(@CGUID+51, 38, -8654.89, 1363.94, -69.8954, 0, 0, 0),
(@CGUID+51, 39, -8685.7, 1364.19, -69.3338, 0, 0, 0),
(@CGUID+51, 40, -8663.64, 1389.05, -69.8968, 0, 0, 0),
(@CGUID+51, 41, -8635.93, 1406.94, -69.8332, 0, 0, 0),
(@CGUID+51, 42, -8618.65, 1426.42, -67.8118, 0, 0, 0),
(@CGUID+51, 43, -8609.06, 1445.66, -65.291, 0, 0, 0),
(@CGUID+51, 44, -8629.43, 1440.83, -68.4656, 0, 0, 0),
(@CGUID+51, 45, -8650.58, 1437.56, -69.8031, 0, 0, 0),
(@CGUID+51, 46, -8650.58, 1437.56, -69.8031, 0, 0, 0),
(@CGUID+51, 47, -8711.03, 1419.59, -69.8176, 0, 0, 0),
(@CGUID+51, 48, -8712.95, 1440.55, -69.9308, 0, 0, 0),
(@CGUID+51, 49, -8684.47, 1454.43, -69.9032, 0, 0, 0),
(@CGUID+51, 50, -8667.69, 1471.39, -69.8897, 0, 0, 0),
(@CGUID+52, 1, -8602.22, 1420.14, -66.1638, 0, 0, 0),
(@CGUID+52, 2, -8600.82, 1382.15, -68.8707, 0, 0, 0),
(@CGUID+52, 3, -8579.12, 1346.51, -68.4898, 0, 0, 0),
(@CGUID+52, 4, -8572.2, 1326.88, -67.6699, 0, 0, 0),
(@CGUID+52, 5, -8585.14, 1302.32, -68.7638, 0, 0, 0),
(@CGUID+52, 6, -8619.39, 1300.44, -68.8192, 0, 0, 0),
(@CGUID+52, 7, -8646.75, 1323.47, -68.5499, 0, 0, 0),
(@CGUID+52, 8, -8662.74, 1341.99, -68.513, 0, 0, 0),
(@CGUID+52, 9, -8690.16, 1374.27, -69.595, 0, 0, 0),
(@CGUID+52, 10, -8711.82, 1409.64, -69.7866, 0, 0, 0),
(@CGUID+52, 11, -8720.59, 1446.92, -70.162, 0, 0, 0),
(@CGUID+52, 12, -8720.91, 1475.03, -69.8688, 0, 0, 0),
(@CGUID+52, 13, -8716.83, 1490.99, -69.7966, 0, 0, 0),
(@CGUID+52, 14, -8692.72, 1513.57, -69.4011, 0, 0, 0),
(@CGUID+52, 15, -8657.15, 1508.66, -69.4054, 0, 0, 0),
(@CGUID+52, 16, -8636.43, 1495.45, -69.0086, 0, 0, 0),
(@CGUID+52, 17, -8608.24, 1466.91, -64.1589, 0, 0, 0),
(@CGUID+53, 1, -8685.76, 1457.88, -69.9058, 0, 0, 0),
(@CGUID+53, 2, -8659.28, 1457.65, -69.8759, 0, 0, 0),
(@CGUID+53, 3, -8634.41, 1457.04, -68.3066, 0, 0, 0),
(@CGUID+53, 4, -8603.72, 1459.49, -63.1954, 0, 0, 0),
(@CGUID+53, 5, -8628.96, 1440.42, -68.435, 0, 0, 0),
(@CGUID+53, 6, -8650.53, 1430.12, -69.7803, 0, 0, 0),
(@CGUID+53, 7, -8667.1, 1414.96, -69.898, 0, 0, 0),
(@CGUID+53, 8, -8680.37, 1391.34, -69.8832, 0, 0, 0),
(@CGUID+53, 9, -8689.22, 1363.77, -68.8857, 0, 0, 0),
(@CGUID+53, 10, -8670.31, 1369.94, -69.8958, 0, 0, 0),
(@CGUID+53, 11, -8649.41, 1383.11, -69.8964, 0, 0, 0),
(@CGUID+53, 12, -8624.47, 1398.8, -69.8503, 0, 0, 0),
(@CGUID+53, 13, -8597.2, 1413.11, -66.2232, 0, 0, 0),
(@CGUID+53, 14, -8578.36, 1419.41, -61.0147, 0, 0, 0),
(@CGUID+53, 15, -8586.57, 1399.06, -66.1879, 0, 0, 0),
(@CGUID+53, 16, -8609.49, 1363.03, -69.9097, 0, 0, 0),
(@CGUID+53, 17, -8623.98, 1334.81, -69.8649, 0, 0, 0),
(@CGUID+53, 18, -8634.26, 1313.45, -68.8962, 0, 0, 0),
(@CGUID+53, 19, -8623.98, 1334.81, -69.8649, 0, 0, 0),
(@CGUID+53, 20, -8609.49, 1363.03, -69.9097, 0, 0, 0),
(@CGUID+53, 21, -8586.57, 1399.06, -66.1879, 0, 0, 0),
(@CGUID+53, 22, -8578.36, 1419.41, -61.0147, 0, 0, 0),
(@CGUID+53, 23, -8597.2, 1413.11, -66.2232, 0, 0, 0),
(@CGUID+53, 24, -8624.47, 1398.8, -69.8503, 0, 0, 0),
(@CGUID+53, 25, -8649.41, 1383.11, -69.8964, 0, 0, 0),
(@CGUID+53, 26, -8670.31, 1369.94, -69.8958, 0, 0, 0),
(@CGUID+53, 27, -8689.22, 1363.77, -68.8857, 0, 0, 0),
(@CGUID+53, 28, -8689.22, 1363.77, -68.8857, 0, 0, 0),
(@CGUID+53, 29, -8667.1, 1414.96, -69.898, 0, 0, 0),
(@CGUID+53, 30, -8650.53, 1430.12, -69.7803, 0, 0, 0),
(@CGUID+53, 31, -8628.96, 1440.42, -68.435, 0, 0, 0),
(@CGUID+53, 32, -8603.72, 1459.49, -63.1954, 0, 0, 0),
(@CGUID+53, 33, -8634.41, 1457.04, -68.3066, 0, 0, 0),
(@CGUID+53, 34, -8659.28, 1457.65, -69.8759, 0, 0, 0),
(@CGUID+53, 35, -8685.76, 1457.88, -69.9058, 0, 0, 0),
(@CGUID+53, 36, -8710.76, 1451.82, -70.0597, 0, 0, 0),
(@CGUID+53, 37, -8733.67, 1458.39, -69.9468, 0, 0, 0),
(@CGUID+53, 38, -8711.26, 1475.93, -69.8438, 0, 0, 0),
(@CGUID+53, 39, -8684.06, 1485.01, -69.9054, 0, 0, 0),
(@CGUID+53, 40, -8658.63, 1491.18, -70.005, 0, 0, 0),
(@CGUID+53, 41, -8643.37, 1495.58, -69.9262, 0, 0, 0),
(@CGUID+53, 42, -8643.37, 1495.58, -69.9262, 0, 0, 0),
(@CGUID+53, 43, -8652.82, 1508.74, -68.8265, 0, 0, 0),
(@CGUID+53, 44, -8680.03, 1515.4, -69.4334, 0, 0, 0),
(@CGUID+53, 45, -8713.81, 1523.83, -70.5044, 0, 0, 0),
(@CGUID+53, 46, -8680.03, 1515.4, -69.4334, 0, 0, 0),
(@CGUID+53, 47, -8652.98, 1508.78, -68.8214, 0, 0, 0),
(@CGUID+53, 48, -8628.88, 1499.15, -68.3502, 0, 0, 0),
(@CGUID+53, 49, -8643.37, 1495.58, -69.9262, 0, 0, 0),
(@CGUID+53, 50, -8658.63, 1491.18, -70.005, 0, 0, 0),
(@CGUID+53, 51, -8684.06, 1485.01, -69.9054, 0, 0, 0),
(@CGUID+53, 52, -8711.23, 1475.95, -69.8459, 0, 0, 0),
(@CGUID+53, 53, -8733.67, 1458.39, -69.9468, 0, 0, 0),
(@CGUID+53, 54, -8710.76, 1451.82, -70.0597, 0, 0, 0),
(@CGUID+162, 1, -8282.95, 2093.24, 118.3, 100, 0, 0),
(@CGUID+162, 2, -8273.95, 2106.07, 118.3, 100, 0, 0),
(@CGUID+162, 3, -8277.97, 2116.79, 118.3, 100, 0, 0),
(@CGUID+162, 4, -8292.52, 2119.1, 118.3, 100, 0, 0),
(@CGUID+162, 5, -8307.77, 2141.7, 118.366, 100, 0, 0),
(@CGUID+162, 6, -8292.52, 2119.1, 118.3, 100, 0, 0),
(@CGUID+162, 7, -8277.97, 2116.79, 118.3, 100, 0, 0),
(@CGUID+162, 8, -8273.95, 2106.07, 118.3, 100, 0, 0),
(@CGUID+162, 9, -8282.95, 2093.24, 118.3, 100, 0, 0),
(@CGUID+162, 10, -8277.3, 2070.66, 118.3, 100, 0, 0),
(@CGUID+163, 1, -8242.23, 2125.75, 127.535, 100, 0, 0),
(@CGUID+163, 2, -8234.38, 2128.12, 130.8, 100, 0, 0),
(@CGUID+163, 3, -8202.72, 2136.73, 129.335, 100, 0, 0),
(@CGUID+163, 4, -8185.17, 2123.69, 129.196, 100, 0, 0),
(@CGUID+163, 5, -8181.45, 2105.02, 129.196, 100, 0, 0),
(@CGUID+163, 6, -8191.38, 2086.59, 129.196, 100, 0, 0),
(@CGUID+163, 7, -8181.45, 2105.02, 129.196, 100, 0, 0),
(@CGUID+163, 8, -8185.17, 2123.69, 129.196, 100, 0, 0),
(@CGUID+163, 9, -8202.72, 2136.73, 129.335, 100, 0, 0),
(@CGUID+163, 10, -8233.33, 2128.12, 131.175, 100, 0, 0),
(@CGUID+163, 11, -8242.23, 2125.75, 127.535, 100, 0, 0),
(@CGUID+163, 12, -8256.74, 2124.26, 120.296, 100, 0, 0),
(@CGUID+164, 1, -8383.19, 2096.75, 144.826, 100, 0, 0),
(@CGUID+164, 2, -8379.47, 2113.17, 143.654, 100, 0, 0),
(@CGUID+164, 3, -8368.37, 2117.77, 136.244, 100, 0, 0),
(@CGUID+164, 4, -8356.4, 2116.52, 133.101, 100, 0, 0),
(@CGUID+164, 5, -8342.34, 2116.06, 133.091, 100, 0, 0),
(@CGUID+164, 6, -8338.46, 2108.83, 132.695, 100, 0, 0),
(@CGUID+164, 7, -8331.44, 2092.25, 125.627, 100, 0, 0),
(@CGUID+164, 8, -8323.72, 2093.62, 125.604, 100, 0, 0),
(@CGUID+164, 9, -8316.98, 2095.26, 122.407, 100, 0, 0),
(@CGUID+164, 10, -8311.38, 2097.5, 118.862, 100, 0, 0),
(@CGUID+164, 11, -8302.85, 2107.91, 118.3, 100, 0, 0),
(@CGUID+164, 12, -8292.68, 2108.07, 118.3, 100, 0, 0),
(@CGUID+164, 13, -8289.84, 2100.81, 118.3, 100, 0, 0),
(@CGUID+164, 14, -8297.13, 2093.87, 118.3, 100, 0, 0),
(@CGUID+164, 15, -8310.04, 2094.4, 118.796, 100, 0, 0),
(@CGUID+164, 16, -8315.77, 2092.71, 122.294, 100, 0, 0),
(@CGUID+164, 17, -8322.37, 2089.84, 125.615, 100, 0, 0),
(@CGUID+164, 18, -8328.96, 2085.23, 125.633, 100, 0, 0),
(@CGUID+164, 19, -8326.16, 2076.21, 126.811, 100, 0, 0),
(@CGUID+164, 20, -8321.34, 2065.85, 133.032, 100, 0, 0),
(@CGUID+164, 21, -8325.95, 2055.94, 133.055, 100, 0, 0),
(@CGUID+164, 22, -8332.79, 2047.07, 133.123, 100, 0, 0),
(@CGUID+164, 23, -8338.97, 2041.95, 136.526, 100, 0, 0),
(@CGUID+164, 24, -8347.22, 2036.59, 142.472, 100, 0, 0),
(@CGUID+164, 25, -8357.45, 2041.96, 144.822, 100, 0, 0),
(@CGUID+164, 26, -8368.56, 2053.3, 144.849, 100, 0, 0),
(@CGUID+164, 27, -8378.51, 2073.5, 144.801, 100, 0, 0),
(@CGUID+176, 1, -8760.56, 1575.33, -89.3109, 1.23678, 0, 0),
(@CGUID+176, 2, -8791.04, 1542.62, -94.9833, 4.06815, 0, 0),
(@CGUID+176, 3, -8810.26, 1529.86, -95.481, 3.70101, 0, 0),
(@CGUID+176, 4, -8828.01, 1533.88, -96.4433, 5.62916, 0, 0),
(@CGUID+176, 5, -8834.87, 1550.41, -95.3688, 1.91423, 0, 0),
(@CGUID+176, 6, -8831.06, 1567.06, -95.8999, 1.17203, 0, 0),
(@CGUID+176, 7, -8804.86, 1593.62, -93.4984, 0.806816, 0, 0),
(@CGUID+176, 8, -8761.56, 1628.82, -84.7639, 0.619763, 0, 0),
(@CGUID+176, 9, -8720.03, 1653.53, -84.7487, 0.585282, 0, 0),
(@CGUID+176, 10, -8761.56, 1628.82, -84.7639, 0.619763, 0, 0),
(@CGUID+176, 11, -8804.86, 1593.62, -93.4984, 0.806816, 0, 0),
(@CGUID+176, 12, -8831.06, 1567.06, -95.8999, 1.17203, 0, 0),
(@CGUID+176, 13, -8834.87, 1550.41, -95.3688, 1.91423, 0, 0),
(@CGUID+176, 14, -8828.01, 1533.88, -96.4433, 5.62916, 0, 0),
(@CGUID+176, 15, -8810.26, 1529.86, -95.481, 3.70101, 0, 0),
(@CGUID+176, 16, -8791.04, 1542.62, -94.9833, 4.06815, 0, 0),
(@CGUID+177, 1, -8873.33, 1518.94, -94.9602, 0.9976, 0, 0),
(@CGUID+177, 2, -8885.79, 1502.57, -94.1157, 4.21878, 0, 0),
(@CGUID+177, 3, -8894.77, 1483.89, -92.9718, 4.31695, 0, 0),
(@CGUID+177, 4, -8904.2, 1463.04, -92.1043, 4.37978, 0, 0),
(@CGUID+177, 5, -8894.77, 1483.89, -92.9718, 4.31695, 0, 0),
(@CGUID+177, 6, -8885.79, 1502.57, -94.1157, 4.21878, 0, 0),
(@CGUID+178, 1, -8918.98, 1364.06, -104.262, 4.29561, 0, 0),
(@CGUID+178, 2, -8901.39, 1391.26, -99.5594, 1.11082, 0, 0),
(@CGUID+178, 3, -8906.4, 1429.89, -93.8243, 1.74699, 0, 0),
(@CGUID+178, 4, -8901.39, 1391.26, -99.5594, 1.11082, 0, 0),
(@CGUID+179, 1, -8823.84, 1504.05, -94.5167, 2.09256, 0, 0),
(@CGUID+179, 2, -8827.47, 1517.11, -95.1545, 2.17896, 0, 0),
(@CGUID+179, 3, -8848.57, 1538.37, -95.3828, 2.22216, 0, 0),
(@CGUID+179, 4, -8880.29, 1544.72, -94.6862, 3.01148, 0, 0),
(@CGUID+179, 5, -8908.38, 1537.21, -95.3436, 3.35705, 0, 0),
(@CGUID+179, 6, -8928.56, 1526.8, -94.9858, 3.86364, 0, 0),
(@CGUID+179, 7, -8940.36, 1502.65, -92.9973, 4.36236, 0, 0),
(@CGUID+179, 8, -8949.6, 1468.63, -92.873, 4.71969, 0, 0),
(@CGUID+179, 9, -8948.09, 1448.89, -92.2027, 5.85066, 0, 0),
(@CGUID+179, 10, -8925.1, 1440.06, -93.1325, 5.95276, 0, 0),
(@CGUID+179, 11, -8886.87, 1431.84, -89.971, 6.14517, 0, 0),
(@CGUID+179, 12, -8870.07, 1431.74, -91.4294, 0.996887, 0, 0),
(@CGUID+179, 13, -8856.73, 1460.06, -91.4161, 1.13826, 0, 0),
(@CGUID+179, 14, -8846.68, 1475.93, -93.1042, 0.949772, 0, 0),
(@CGUID+180, 1, -8937.76, 1457.64, -91.8863, 1.8179, 0, 0),
(@CGUID+180, 2, -8942.83, 1469.3, -92.6437, 1.47626, 0, 0),
(@CGUID+180, 3, -8941.58, 1479.8, -93.0993, 1.36631, 0, 0),
(@CGUID+180, 4, -8933.32, 1499.06, -93.8217, 1.16211, 0, 0),
(@CGUID+180, 5, -8920.76, 1517.96, -94.5421, 0.863658, 0, 0),
(@CGUID+180, 6, -8907.1, 1528.94, -94.633, 0.529861, 0, 0),
(@CGUID+180, 7, -8887.34, 1531.43, -94.2335, 0.09873, 0, 0),
(@CGUID+180, 8, -8871.28, 1529.99, -95.3231, 6.19734, 0, 0),
(@CGUID+180, 9, -8851.5, 1523.96, -95.0186, 5.94994, 0, 0),
(@CGUID+180, 10, -8838.7, 1511.32, -94.5838, 5.44729, 0, 0),
(@CGUID+180, 11, -8841.71, 1499.58, -93.9126, 4.46161, 0, 0),
(@CGUID+180, 12, -8878.3, 1439.97, -89.9237, 4.43019, 0, 0),
(@CGUID+180, 13, -8903.72, 1442.72, -92.151, 2.95757, 0, 0),
(@CGUID+182, 1, -7993.78, 1296.72, -73.4204, 0.117071, 0, 0),
(@CGUID+182, 2, -7948.29, 1297.54, -82.3119, 1.13023, 0, 0),
(@CGUID+182, 3, -7930.69, 1324.72, -90.6157, 1.91563, 0, 0),
(@CGUID+182, 4, -7946.67, 1355.78, -87.8624, 1.01243, 0, 0),
(@CGUID+182, 5, -7933.58, 1375.62, -76.5256, 0.089586, 0, 0),
(@CGUID+182, 6, -7909.6, 1373.87, -69.8019, 1.33444, 0, 0),
(@CGUID+182, 7, -7899.51, 1411.07, -65.3926, 1.40905, 0, 0),
(@CGUID+182, 8, -7893.97, 1414.54, -64.3921, 0.596164, 0, 0),
(@CGUID+182, 9, -7899.51, 1411.07, -65.3926, 1.40905, 0, 0),
(@CGUID+182, 10, -7909.6, 1373.87, -69.8019, 1.33444, 0, 0),
(@CGUID+182, 11, -7933.58, 1375.62, -76.5256, 0.089586, 0, 0),
(@CGUID+182, 12, -7946.67, 1355.78, -87.8624, 1.01243, 0, 0),
(@CGUID+182, 13, -7930.69, 1324.72, -90.6157, 1.91563, 0, 0),
(@CGUID+182, 14, -7948.29, 1297.54, -82.3119, 1.13023, 0, 0),
(@CGUID+183, 1, -7916.07, 1352.81, -80.7444, 2.06095, 0, 0),
(@CGUID+183, 2, -7930.26, 1380.51, -73.8779, 1.02422, 0, 0),
(@CGUID+183, 3, -7921.8, 1406.12, -65.4571, 1.39729, 0, 0),
(@CGUID+183, 4, -7909.62, 1419, -67.2911, 1.77428, 0, 0),
(@CGUID+183, 5, -7915.09, 1445.7, -67.3406, 2.98379, 0, 0),
(@CGUID+183, 6, -7927.79, 1448, -66.2951, 0.882854, 0, 0),
(@CGUID+183, 7, -7902.63, 1463.31, -64.7768, 0.969248, 0, 0),
(@CGUID+183, 8, -7909.41, 1491.48, -61.6919, 1.86068, 0, 0),
(@CGUID+183, 9, -7930.41, 1501.07, -63.5877, 1.72715, 0, 0),
(@CGUID+183, 10, -7926.59, 1514.93, -60.3365, 1.29126, 0, 0),
(@CGUID+183, 11, -7930.41, 1501.07, -63.5877, 1.72715, 0, 0),
(@CGUID+183, 12, -7909.41, 1491.48, -61.6919, 1.86068, 0, 0),
(@CGUID+183, 13, -7902.63, 1463.31, -64.7768, 0.969248, 0, 0),
(@CGUID+183, 14, -7927.79, 1448, -66.2951, 0.882854, 0, 0),
(@CGUID+183, 15, -7915.09, 1445.7, -67.3406, 2.98379, 0, 0),
(@CGUID+183, 16, -7909.62, 1419, -67.2911, 1.77428, 0, 0),
(@CGUID+183, 17, -7921.8, 1406.12, -65.4571, 1.39729, 0, 0),
(@CGUID+183, 18, -7930.26, 1380.51, -73.8779, 1.02422, 0, 0),
(@CGUID+184, 1, -7900.87, 1454.27, -65.4721, 3.03484, 0, 0),
(@CGUID+184, 2, -7917.94, 1457.25, -66.8527, 2.22196, 0, 0),
(@CGUID+184, 3, -7929.98, 1472.46, -65.4515, 2.28086, 0, 0),
(@CGUID+184, 4, -7928.82, 1494.03, -64.3419, 3.02306, 0, 0),
(@CGUID+184, 5, -7947.35, 1497.48, -63.4268, 2.3162, 0, 0),
(@CGUID+184, 6, -7959.47, 1511.57, -61.9728, 2.08844, 0, 0),
(@CGUID+184, 7, -7969.18, 1532.65, -62.1071, 1.09883, 0, 0),
(@CGUID+184, 8, -7958.79, 1550.29, -60.5216, 2.18268, 0, 0),
(@CGUID+184, 9, -7972.43, 1580.25, -61.0058, 2.11985, 0, 0),
(@CGUID+184, 10, -7958.79, 1550.29, -60.5216, 2.18268, 0, 0),
(@CGUID+184, 11, -7969.18, 1532.65, -62.1071, 1.09883, 0, 0),
(@CGUID+184, 12, -7959.47, 1511.57, -61.9728, 2.08844, 0, 0),
(@CGUID+184, 13, -7947.35, 1497.48, -63.4268, 2.3162, 0, 0),
(@CGUID+184, 14, -7928.82, 1494.03, -64.3419, 3.02306, 0, 0),
(@CGUID+184, 15, -7929.98, 1472.46, -65.4515, 2.28086, 0, 0),
(@CGUID+184, 16, -7917.94, 1457.25, -66.8527, 2.22196, 0, 0),
(@CGUID+185, 1, -8028.24, 1537.08, -68.551, 1.25151, 0, 0),
(@CGUID+185, 2, -8024.62, 1568.55, -65.2917, 0.705655, 0, 0),
(@CGUID+185, 3, -8007.44, 1581.78, -61.8759, 1.66777, 0, 0),
(@CGUID+185, 4, -8006.94, 1617.3, -56.8, 2.39819, 0, 0),
(@CGUID+185, 5, -8073.69, 1670.33, -51.7955, 3.67053, 0, 0),
(@CGUID+185, 6, -8111.43, 1649.58, -48.601, 2.73591, 0, 0),
(@CGUID+185, 7, -8145.84, 1658.82, -38.8055, 2.30394, 0, 0),
(@CGUID+185, 8, -8163.23, 1681.51, -33.7126, 3.62734, 0, 0),
(@CGUID+185, 9, -8182.76, 1671.98, -31.5778, 3.59593, 0, 0),
(@CGUID+185, 10, -8163.23, 1681.51, -33.7126, 3.62734, 0, 0),
(@CGUID+185, 11, -8145.84, 1658.82, -38.8055, 2.30394, 0, 0),
(@CGUID+185, 12, -8111.43, 1649.58, -48.601, 2.73591, 0, 0),
(@CGUID+185, 13, -8073.69, 1670.33, -51.7955, 3.67053, 0, 0),
(@CGUID+185, 14, -8006.94, 1617.3, -56.8, 2.39819, 0, 0),
(@CGUID+185, 15, -8007.44, 1581.78, -61.8759, 1.66777, 0, 0),
(@CGUID+185, 16, -8024.62, 1568.55, -65.2917, 0.705655, 0, 0),
(@CGUID+186, 1, -8178.91, 1626.81, -38.5993, 6.27461, 0, 0),
(@CGUID+186, 2, -8156.86, 1628.61, -41.7348, 6.01151, 0, 0),
(@CGUID+186, 3, -8131.6, 1618.59, -46.6591, 0.108737, 0, 0),
(@CGUID+186, 4, -8090.31, 1623.18, -55.5087, 5.67721, 0, 0),
(@CGUID+186, 5, -8037.92, 1573.26, -64.0358, 5.53585, 0, 0),
(@CGUID+186, 6, -8023.39, 1551.75, -67.0691, 5.0921, 0, 0),
(@CGUID+186, 7, -8004.35, 1591.54, -60.5781, 1.94658, 0, 0),
(@CGUID+186, 8, -8019.2, 1624.19, -58.6598, 2.00156, 0, 0),
(@CGUID+186, 9, -8049.47, 1650.2, -58.4037, 2.677, 0, 0),
(@CGUID+186, 10, -8080.93, 1666.26, -52.5002, 3.43098, 0, 0),
(@CGUID+186, 11, -8105.73, 1661.38, -48.8493, 3.4035, 0, 0),
(@CGUID+186, 12, -8080.93, 1666.26, -52.5002, 3.43098, 0, 0),
(@CGUID+186, 13, -8049.47, 1650.2, -58.4037, 2.677, 0, 0),
(@CGUID+186, 14, -8019.2, 1624.19, -58.6598, 2.00156, 0, 0),
(@CGUID+186, 15, -8004.35, 1591.54, -60.5781, 1.94658, 0, 0),
(@CGUID+186, 16, -8023.39, 1551.75, -67.0691, 5.0921, 0, 0),
(@CGUID+186, 17, -8037.92, 1573.26, -64.0358, 5.53585, 0, 0),
(@CGUID+186, 18, -8090.31, 1623.18, -55.5087, 5.67721, 0, 0),
(@CGUID+186, 19, -8131.6, 1618.59, -46.6591, 0.108737, 0, 0),
(@CGUID+186, 20, -8156.86, 1628.61, -41.7348, 6.01151, 0, 0),
(@CGUID+187, 1, -8151.91, 1683.58, -35.064, 0.997254, 58742, 1028),
(@CGUID+187, 2, -8151.91, 1683.58, -35.064, 0.997264, 15000, 1530001),
(@CGUID+188, 1, -8143.83, 1680.36, -36.8913, 1.37032, 59170, 1028),
(@CGUID+188, 2, -8143.83, 1680.36, -36.8913, 1.37033, 15000, 1530001),
(@CGUID+189, 1, -8155.89, 1656.46, -36.6213, 4.66113, 59630, 1028),
(@CGUID+189, 2, -8155.89, 1656.46, -36.6213, 4.66114, 15000, 1530001),
(@CGUID+190, 1, -8146.93, 1654.94, -39.0507, 5.46043, 58640, 1028),
(@CGUID+190, 2, -8146.93, 1654.94, -39.0507, 5.46044, 15000, 1530001),
(@CGUID+191, 1, -8140.1, 1654.63, -40.9871, 3.90142, 58310, 1028),
(@CGUID+191, 2, -8140.1, 1654.63, -40.9871, 3.90143, 15000, 1530001),
(@CGUID+192, 1, -8097.69, 1677.18, -46.6527, 1.45097, 59626, 1028),
(@CGUID+192, 2, -8097.69, 1677.18, -46.6527, 1.45098, 15000, 1530001),
(@CGUID+193, 1, -8082.36, 1672.86, -49.886, 1.08576, 59200, 1028),
(@CGUID+193, 2, -8082.36, 1672.86, -49.886, 1.08577, 15000, 1530001),
(@CGUID+194, 1, -8074.13, 1670.27, -51.7419, 1.50202, 59122, 1028),
(@CGUID+194, 2, -8074.13, 1670.27, -51.7419, 1.50203, 15000, 1530001),
(@CGUID+195, 1, -8092.92, 1646.82, -51.7886, 4.82032, 58014, 1028),
(@CGUID+195, 2, -8092.92, 1646.82, -51.7886, 4.82033, 15000, 1530001),
(@CGUID+196, 1, -8083.76, 1645.71, -53.4859, 4.44333, 58702, 1028),
(@CGUID+196, 2, -8083.76, 1645.71, -53.4859, 4.44334, 15000, 1530001),
(@CGUID+197, 1, -8038.04, 1617.23, -58.9706, 4.01136, 59466, 1028),
(@CGUID+197, 2, -8038.04, 1617.23, -58.9706, 4.01137, 15000, 1530001),
(@CGUID+198, 1, -8032.81, 1609.92, -58.9855, 3.57547, 59226, 1028),
(@CGUID+198, 2, -8032.81, 1609.92, -58.9855, 3.57548, 15000, 1530001),
(@CGUID+199, 1, -8026.85, 1601.87, -59.2286, 4.01922, 59728, 1028),
(@CGUID+199, 2, -8026.85, 1601.87, -59.2286, 4.01923, 15000, 1530001),
(@CGUID+200, 1, -8010.7, 1629.41, -55.9585, 0.763744, 58966, 1028),
(@CGUID+200, 2, -8010.7, 1629.41, -55.9585, 0.763754, 15000, 1530001),
(@CGUID+201, 1, -8004.81, 1619.16, -55.9296, 0.367114, 59642, 1028),
(@CGUID+201, 2, -8004.81, 1619.16, -55.9296, 0.367124, 15000, 1530001),
(@CGUID+202, 1, -7955.46, 1567.96, -60.14, 0.355335, 59316, 1028),
(@CGUID+202, 2, -7955.46, 1567.96, -60.14, 0.355345, 15000, 1530001),
(@CGUID+203, 1, -7954.29, 1559.61, -59.2075, 0.787301, 59654, 1028),
(@CGUID+203, 2, -7954.29, 1559.61, -59.2075, 0.787311, 15000, 1530001),
(@CGUID+204, 1, -7988.04, 1556.15, -62.2475, 3.51264, 58320, 1028),
(@CGUID+204, 2, -7988.04, 1556.15, -62.2475, 3.51265, 15000, 1530001),
(@CGUID+205, 1, -7984.52, 1544.02, -61.783, 3.59118, 58638, 1028),
(@CGUID+205, 2, -7984.52, 1544.02, -61.783, 3.59119, 15000, 1530001),
(@CGUID+206, 1, -7978.61, 1536.56, -61.2493, 3.05728, 58230, 1028),
(@CGUID+206, 2, -7978.61, 1536.56, -61.2493, 3.05729, 15000, 1530001),
(@CGUID+207, 1, -7933.99, 1528.87, -59.3506, 0.56364, 59234, 1028),
(@CGUID+207, 2, -7933.99, 1528.87, -59.3506, 0.56365, 15000, 1530001),
(@CGUID+208, 1, -7927.1, 1518.31, -59.8772, 0.504736, 59484, 1028),
(@CGUID+208, 2, -7927.1, 1518.31, -59.8772, 0.504746, 15000, 1530001),
(@CGUID+209, 1, -7919.57, 1503.18, -61.1164, 0.72072, 59720, 1028),
(@CGUID+209, 2, -7919.57, 1503.18, -61.1164, 0.72073, 15000, 1530001),
(@CGUID+210, 1, -7956.03, 1498.89, -62.7101, 3.70131, 58144, 1028),
(@CGUID+210, 2, -7956.03, 1498.89, -62.7101, 3.70132, 15000, 1530001),
(@CGUID+211, 1, -7950.35, 1486.19, -63.6835, 3.5835, 59558, 1028),
(@CGUID+211, 2, -7950.35, 1486.19, -63.6835, 3.58351, 15000, 1530001),
(@CGUID+212, 1, -7939.05, 1461.67, -65.5573, 3.97228, 59360, 1028),
(@CGUID+212, 2, -7939.05, 1461.67, -65.5573, 3.97229, 15000, 1530001),
(@CGUID+213, 1, -7933.14, 1453.04, -65.9931, 3.58744, 58130, 1028),
(@CGUID+213, 2, -7933.14, 1453.04, -65.9931, 3.58745, 15000, 1530001),
(@CGUID+214, 1, -7905.02, 1483.67, -62.1704, 0.214149, 58566, 1028),
(@CGUID+214, 2, -7905.02, 1483.67, -62.1704, 0.214159, 15000, 1530001),
(@CGUID+215, 1, -7903.83, 1475.95, -62.6927, 0.0295802, 58444, 1028),
(@CGUID+215, 2, -7903.83, 1475.95, -62.6927, 0.0295902, 15000, 1530001),
(@CGUID+216, 1, -7898.17, 1467.61, -63.6354, 0.95635, 58518, 1028),
(@CGUID+216, 2, -7898.17, 1467.61, -63.6354, 0.95636, 15000, 1530001),
(@CGUID+217, 1, -7892.48, 1436.52, -65.248, 6.26564, 59258, 1028),
(@CGUID+217, 2, -7892.48, 1436.52, -65.248, 6.26565, 15000, 1530001),
(@CGUID+218, 1, -7892.72, 1423.1, -65.0326, 6.26564, 58740, 1028),
(@CGUID+218, 2, -7892.72, 1423.1, -65.0326, 6.26565, 15000, 1530001),
(@CGUID+219, 1, -7892.91, 1410.22, -63.4462, 6.06537, 59926, 1028),
(@CGUID+219, 2, -7892.91, 1410.22, -63.4462, 6.06538, 15000, 1530001),
(@CGUID+220, 1, -7924.16, 1423.37, -65.9866, 3.54817, 59404, 1028),
(@CGUID+220, 2, -7924.16, 1423.37, -65.9866, 3.54818, 15000, 1530001),
(@CGUID+221, 1, -7925.63, 1411.74, -65.4696, 2.85702, 59248, 1028),
(@CGUID+221, 2, -7925.63, 1411.74, -65.4696, 2.85703, 15000, 1530001),
(@CGUID+222, 1, -7902.7, 1378.24, -65.2342, 5.73156, 58024, 1028),
(@CGUID+222, 2, -7902.7, 1378.24, -65.2342, 5.73157, 15000, 1530001),
(@CGUID+223, 1, -7911.7, 1360.41, -75.5703, 6.26562, 58376, 1028),
(@CGUID+223, 2, -7911.7, 1360.41, -75.5703, 6.26563, 15000, 1530001),
(@CGUID+224, 1, -7927.78, 1389.76, -69.207, 2.76274, 59806, 1028),
(@CGUID+224, 2, -7927.78, 1389.76, -69.207, 2.76275, 15000, 1530001),
(@CGUID+225, 1, -7934.35, 1379.3, -75.0041, 2.79809, 59902, 1028),
(@CGUID+225, 2, -7934.35, 1379.3, -75.0041, 2.7981, 15000, 1530001),
(@CGUID+226, 1, -7938.31, 1372.44, -78.6646, 2.30328, 58090, 1028),
(@CGUID+226, 2, -7938.31, 1372.44, -78.6646, 2.30329, 15000, 1530001),
(@CGUID+227, 1, -7954.91, 1346.17, -91.3736, 2.95124, 58746, 1028),
(@CGUID+227, 2, -7954.91, 1346.17, -91.3736, 2.95125, 15000, 1530001),
(@CGUID+228, 1, -7957.89, 1340.55, -92.2773, 2.35041, 59460, 1028),
(@CGUID+228, 2, -7957.89, 1340.55, -92.2773, 2.35042, 15000, 1530001),
(@CGUID+229, 1, -7961.58, 1338.28, -92.5122, 2.26794, 59064, 1028),
(@CGUID+229, 2, -7961.58, 1338.28, -92.5122, 2.26795, 15000, 1530001),
(@CGUID+230, 1, -7927.91, 1328.98, -90.0845, 5.75903, 58936, 1028),
(@CGUID+230, 2, -7927.91, 1328.98, -90.0845, 5.75904, 15000, 1530001),
(@CGUID+231, 1, -7931.44, 1320.43, -90.7048, 5.9004, 59494, 1028),
(@CGUID+231, 2, -7931.44, 1320.43, -90.7048, 5.90041, 15000, 1530001),
(@CGUID+232, 1, -7955.33, 1285.46, -75.8756, 5.86897, 58660, 1028),
(@CGUID+232, 2, -7955.33, 1285.46, -75.8756, 5.86898, 15000, 1530001),
(@CGUID+233, 1, -7960.7, 1280.41, -74.0242, 5.46841, 58814, 1028),
(@CGUID+233, 2, -7960.7, 1280.41, -74.0242, 5.46842, 15000, 1530001),
(@CGUID+234, 1, -7966.94, 1274.83, -72.2539, 5.28777, 58094, 1028),
(@CGUID+234, 2, -7966.94, 1274.83, -72.2539, 5.28778, 15000, 1530001),
(@CGUID+235, 1, -7984.68, 1306.69, -76.9572, 2.28755, 58024, 1028),
(@CGUID+235, 2, -7984.68, 1306.69, -76.9572, 2.28756, 15000, 1530001),
(@CGUID+236, 1, -7992.33, 1299.07, -73.907, 2.38965, 59840, 1028),
(@CGUID+236, 2, -7992.33, 1299.07, -73.907, 2.38966, 15000, 1530001),
(@CGUID+237, 1, -8010.07, 1556.86, -66.0498, 6.13207, 59128, 1028),
(@CGUID+237, 2, -8010.07, 1556.86, -66.0498, 6.13208, 15000, 1530001),
(@CGUID+238, 1, -8006.82, 1543.54, -67.21, 5.23672, 58118, 1028),
(@CGUID+238, 2, -8006.82, 1543.54, -67.21, 5.23673, 15000, 1530001),
(@CGUID+239, 1, -8017.46, 1537.06, -68.3982, 5.16996, 59206, 1028),
(@CGUID+239, 2, -8017.46, 1537.06, -68.3982, 5.16997, 15000, 1530001),
(@CGUID+240, 1, -8029.9, 1534.66, -67.7641, 3.74839, 59678, 1028),
(@CGUID+240, 2, -8029.9, 1534.66, -67.7641, 3.7484, 15000, 1530001),
(@CGUID+241, 1, -8037.53, 1551.55, -65.436, 4.35313, 58774, 1028),
(@CGUID+241, 2, -8037.53, 1551.55, -65.436, 4.35314, 15000, 1530001),
(@CGUID+242, 1, -8086.99, 1594.64, -56.3736, 3.64627, 58834, 1028),
(@CGUID+242, 2, -8086.99, 1594.64, -56.3736, 3.64628, 15000, 1530001),
(@CGUID+243, 1, -8102.56, 1599.93, -52.4198, 4.27066, 59846, 1028),
(@CGUID+243, 2, -8102.56, 1599.93, -52.4198, 4.27067, 15000, 1530001),
(@CGUID+244, 1, -8083.74, 1627.62, -55.802, 0.677463, 58726, 1028),
(@CGUID+244, 2, -8083.74, 1627.62, -55.802, 0.677473, 15000, 1530001),
(@CGUID+245, 1, -8092.37, 1633.6, -54.2377, 0.591069, 58094, 1028),
(@CGUID+245, 2, -8092.37, 1633.6, -54.2377, 0.591079, 15000, 1530001),
(@CGUID+246, 1, -8103.81, 1633.72, -51.8934, 1.63565, 58288, 1028),
(@CGUID+246, 2, -8103.81, 1633.72, -51.8934, 1.63566, 15000, 1530001),
(@CGUID+247, 1, -8160.83, 1643.41, -39.0456, 1.993, 59164, 1028),
(@CGUID+247, 2, -8160.83, 1643.41, -39.0456, 1.99301, 15000, 1530001),
(@CGUID+248, 1, -8169.88, 1639.22, -37.8916, 1.81236, 58956, 1028),
(@CGUID+248, 2, -8169.88, 1639.22, -37.8916, 1.81237, 15000, 1530001),
(@CGUID+249, 1, -8183.57, 1625.28, -38.3053, 3.16718, 59288, 1028),
(@CGUID+249, 2, -8183.57, 1625.28, -38.3053, 3.16719, 15000, 1530001),
(@CGUID+250, 1, -8170.25, 1613.96, -37.8223, 3.76409, 59568, 1028),
(@CGUID+250, 2, -8170.25, 1613.96, -37.8223, 3.7641, 15000, 1530001),
(@CGUID+251, 1, -8154.58, 1613.1, -40.6671, 4.60448, 59974, 1028),
(@CGUID+251, 2, -8154.58, 1613.1, -40.6671, 4.60449, 15000, 1530001),
(@CGUID+434, 1, -8906.995, 1520.118, -93.16936, 100, 0, 0),
(@CGUID+434, 2, -8916.412, 1514.235, -94.15708, 100, 0, 0),
(@CGUID+434, 3, -8922.951, 1500.201, -93.48698, 100, 0, 0),
(@CGUID+434, 4, -8929.048, 1484.630, -92.69411, 100, 0, 0),
(@CGUID+434, 5, -8934.220, 1471.741, -92.12338, 100, 0, 0),
(@CGUID+434, 6, -8930.449, 1464.177, -91.62335, 100, 0, 0),
(@CGUID+434, 7, -8922.018, 1459.343, -92.50968, 100, 0, 0),
(@CGUID+434, 8, -8914.986, 1463.158, -92.30441, 100, 0, 0),
(@CGUID+434, 9, -8908.553, 1475.002, -91.95087, 100, 0, 0),
(@CGUID+434, 10, -8901.615, 1486.988, -92.56954, 100, 0, 0),
(@CGUID+434, 11, -8894.615, 1501.927, -93.30838, 100, 0, 0),
(@CGUID+434, 12, -8893.057, 1512.827, -94.24149, 100, 0, 0),
(@CGUID+434, 13, -8902.624, 1518.061, -92.49647, 100, 0, 0),
(@CGUID+435, 1, -8759.031, 1561.370, -90.63791, 100, 0, 0),
(@CGUID+435, 2, -8773.014, 1544.359, -93.65105, 100, 0, 0),
(@CGUID+435, 3, -8787.051, 1529.098, -95.23678, 100, 0, 0),
(@CGUID+435, 4, -8800.996, 1518.850, -94.90455, 100, 0, 0),
(@CGUID+435, 5, -8826.272, 1501.118, -94.75479, 100, 0, 0),
(@CGUID+435, 6, -8838.889, 1507.804, -94.41908, 100, 0, 0),
(@CGUID+435, 7, -8848.135, 1515.571, -94.43801, 100, 0, 0),
(@CGUID+435, 8, -8849.216, 1524.466, -95.23915, 100, 0, 0),
(@CGUID+435, 9, -8824.049, 1543.661, -95.95607, 100, 0, 0),
(@CGUID+435, 10, -8815.965, 1554.295, -94.65513, 100, 0, 0),
(@CGUID+435, 11, -8788.221, 1568.359, -91.12276, 100, 0, 0),
(@CGUID+435, 12, -8770.847, 1577.668, -89.22247, 100, 0, 0),
(@CGUID+435, 13, -8754.792, 1577.624, -88.46394, 100, 0, 0),
(@CGUID+436, 1, -8782.579, 1631.195, -85.71517, 100, 0, 0),
(@CGUID+436, 2, -8766.031, 1641.541, -82.66653, 100, 0, 0),
(@CGUID+436, 3, -8750.186, 1653.012, -81.00264, 100, 0, 0),
(@CGUID+436, 4, -8726.348, 1669.038, -82.58119, 100, 0, 0),
(@CGUID+436, 5, -8708.614, 1668.921, -83.69973, 100, 0, 0),
(@CGUID+436, 6, -8705.537, 1648.563, -83.05433, 100, 0, 0),
(@CGUID+436, 7, -8727.311, 1636.083, -82.46732, 100, 0, 0),
(@CGUID+436, 8, -8743.633, 1626.140, -81.31612, 100, 0, 0),
(@CGUID+436, 9, -8760.808, 1618.244, -84.35628, 100, 0, 0),
(@CGUID+436, 10, -8772.906, 1610.891, -87.32686, 100, 0, 0),
(@CGUID+436, 11, -8787.417, 1623.866, -87.48136, 100, 0, 0),
(@CGUID+437, 1, -8838.229, 1503.806, -94.36290, 100, 0, 0),
(@CGUID+437, 2, -8841.758, 1514.930, -94.68349, 100, 0, 0),
(@CGUID+437, 3, -8850.980, 1521.575, -95.03573, 100, 0, 0),
(@CGUID+437, 4, -8860.441, 1524.617, -94.83370, 100, 0, 0),
(@CGUID+437, 5, -8873.537, 1522.296, -95.10845, 100, 0, 0),
(@CGUID+437, 6, -8884.092, 1523.010, -94.81615, 100, 0, 0),
(@CGUID+437, 7, -8899.644, 1525.010, -93.63914, 100, 0, 0),
(@CGUID+437, 8, -8913.182, 1532.538, -95.22718, 100, 0, 0),
(@CGUID+437, 9, -8909.919, 1542.762, -95.77429, 100, 0, 0),
(@CGUID+437, 10, -8905.436, 1549.584, -96.06520, 100, 0, 0),
(@CGUID+437, 11, -8899.203, 1555.432, -96.20253, 100, 0, 0),
(@CGUID+437, 12, -8884.990, 1548.482, -94.75358, 100, 0, 0),
(@CGUID+437, 13, -8875.507, 1542.338, -95.58298, 100, 0, 0),
(@CGUID+437, 14, -8858.749, 1538.018, -95.85368, 100, 0, 0),
(@CGUID+437, 15, -8844.169, 1536.978, -95.32661, 100, 0, 0),
(@CGUID+437, 16, -8825.314, 1532.523, -95.51063, 100, 0, 0),
(@CGUID+437, 17, -8816.685, 1526.077, -95.41870, 100, 0, 0),
(@CGUID+437, 18, -8818.018, 1510.521, -94.64870, 100, 0, 0),
(@CGUID+437, 19, -8822.126, 1500.405, -93.85791, 100, 0, 0),
(@CGUID+437, 20, -8828.651, 1494.340, -93.67963, 100, 0, 0),
(@CGUID+438, 1, -8887.606, 1557.882, -95.06840, 100, 0, 0),
(@CGUID+438, 2, -8892.903, 1544.952, -95.07146, 100, 0, 0),
(@CGUID+438, 3, -8906.302, 1535.402, -95.15215, 100, 0, 0),
(@CGUID+438, 4, -8912.736, 1526.106, -94.77998, 100, 0, 0),
(@CGUID+438, 5, -8921.759, 1508.221, -93.98875, 100, 0, 0),
(@CGUID+438, 6, -8926.561, 1493.802, -93.28119, 100, 0, 0),
(@CGUID+438, 7, -8937.755, 1465.697, -92.19640, 100, 0, 0),
(@CGUID+438, 8, -8939.568, 1453.169, -91.83006, 100, 0, 0),
(@CGUID+438, 9, -8939.464, 1439.798, -92.02062, 100, 0, 0),
(@CGUID+438, 10, -8939.116, 1429.802, -93.09203, 100, 0, 0),
(@CGUID+438, 11, -8942.206, 1420.408, -95.59454, 100, 0, 0),
(@CGUID+438, 12, -8949.488, 1418.712, -95.64641, 100, 0, 0),
(@CGUID+438, 13, -8956.407, 1423.203, -93.33562, 100, 0, 0),
(@CGUID+438, 14, -8959.321, 1430.307, -92.07145, 100, 0, 0),
(@CGUID+438, 15, -8957.687, 1441.409, -92.35154, 100, 0, 0),
(@CGUID+438, 16, -8957.109, 1448.814, -91.77531, 100, 0, 0),
(@CGUID+438, 17, -8954.798, 1461.109, -91.91556, 100, 0, 0),
(@CGUID+438, 18, -8950.785, 1475.713, -92.49329, 100, 0, 0),
(@CGUID+438, 19, -8940.726, 1499.129, -93.43150, 100, 0, 0),
(@CGUID+438, 20, -8931.336, 1518.030, -94.61047, 100, 0, 0),
(@CGUID+438, 21, -8921.133, 1532.732, -95.14603, 100, 0, 0),
(@CGUID+438, 22, -8913.712, 1545.540, -95.46271, 100, 0, 0),
(@CGUID+438, 23, -8900.026, 1566.455, -95.73859, 100, 0, 0),
(@CGUID+438, 24, -8891.205, 1567.118, -94.31543, 100, 0, 0),
(@CGUID+439, 1, -8911.748, 1365.631, -103.2839, 100, 1, 5),
(@CGUID+439, 2, -8913.504, 1393.826, -99.03629, 100, 0, 0),
(@CGUID+439, 3, -8893.065, 1397.793, -96.55665, 100, 0, 0),
(@CGUID+439, 4, -8914.496, 1419.500, -94.88583, 100, 0, 0),
(@CGUID+439, 5, -8889.332, 1431.815, -90.14642, 100, 0, 0),
(@CGUID+439, 6, -8912.335, 1447.590, -92.24108, 100, 0, 0),
(@CGUID+439, 7, -8893.657, 1467.148, -91.15117, 100, 0, 0),
(@CGUID+439, 8, -8902.331, 1492.512, -92.22820, 100, 0, 0),
(@CGUID+439, 9, -8876.113, 1496.847, -92.16573, 100, 0, 0),
(@CGUID+439, 10, -8878.974, 1531.472, -95.17999, 100, 0, 0),
(@CGUID+439, 11, -8836.670, 1548.115, -95.38035, 100, 0, 0),
(@CGUID+439, 12, -8832.841, 1576.931, -94.95936, 100, 0, 0),
(@CGUID+439, 13, -8799.708, 1576.038, -92.28338, 100, 0, 0),
(@CGUID+439, 14, -8797.018, 1610.714, -90.64630, 100, 0, 0),
(@CGUID+439, 15, -8799.708, 1576.038, -92.28338, 100, 0, 0),
(@CGUID+439, 16, -8832.841, 1576.931, -94.95936, 100, 0, 0),
(@CGUID+439, 17, -8836.670, 1548.115, -95.38035, 100, 0, 0),
(@CGUID+439, 18, -8878.974, 1531.472, -95.17999, 100, 0, 0),
(@CGUID+439, 19, -8876.113, 1496.847, -92.16573, 100, 0, 0),
(@CGUID+439, 20, -8902.331, 1492.512, -92.22820, 100, 0, 0),
(@CGUID+439, 21, -8893.685, 1467.227, -91.17188, 100, 0, 0),
(@CGUID+439, 22, -8912.335, 1447.590, -92.24108, 100, 0, 0),
(@CGUID+439, 23, -8889.106, 1431.925, -90.11980, 100, 0, 0),
(@CGUID+439, 24, -8914.496, 1419.500, -94.88583, 100, 0, 0),
(@CGUID+439, 25, -8893.065, 1397.793, -96.55665, 100, 0, 0),
(@CGUID+439, 26, -8913.463, 1393.834, -99.04339, 100, 0, 0),
(@CGUID+439, 27, -8911.748, 1365.631, -103.2839, 100, 0, 0),
(@CGUID+439, 28, -8930.997, 1371.528, -104.2566, 100, 0, 0),
(@CGUID+491, 1, -8577.909, 1985.8699, 101.47037, 100, 0, 0),
(@CGUID+491, 2, -8577.409, 1984.8699, 101.47037, 100, 0, 0),
(@CGUID+491, 3, -8576.409, 1984.3699, 101.47037, 100, 0, 0),
(@CGUID+491, 4, -8575.159, 1984.8699, 101.47037, 100, 0, 0),
(@CGUID+491, 5, -8574.409, 1985.6199, 101.47037, 100, 0, 0),
(@CGUID+491, 6, -8573.909, 1986.8699, 101.47037, 100, 0, 0),
(@CGUID+491, 7, -8574.659, 1987.6199, 101.47037, 100, 0, 0),
(@CGUID+491, 8, -8575.909, 1988.3699, 101.47037, 100, 0, 0);

INSERT INTO `creature_movement_template` (`entry`, `pathId`, `point`, `PositionX`, `PositionY`, `PositionZ`, `orientation`, `waittime`, `ScriptId`) VALUES
(15509, 0, 1, -8512.993, 1728.714, -91.76323, 100, 0, 0),
(15509, 0, 2, -8514.034, 1751.632, -91.80070, 100, 0, 0),
(15509, 0, 3, -8535.463, 1765.799, -90.55943, 100, 0, 0),
(15509, 0, 4, -8555.290, 1770.428, -90.79094, 100, 0, 0),
(15509, 0, 5, -8575.839, 1788.965, -91.74487, 100, 0, 0),
(15509, 0, 6, -8605.888, 1785.042, -89.97940, 100, 0, 0),
(15509, 0, 7, -8631.052, 1766.135, -91.00853, 100, 0, 0),
(15509, 0, 8, -8656.294, 1757.134, -91.75740, 100, 0, 0),
(15509, 0, 9, -8631.057, 1766.133, -91.00922, 100, 0, 0),
(15509, 0, 10, -8605.888, 1785.042, -89.97940, 100, 0, 0),
(15509, 0, 11, -8575.839, 1788.965, -91.74487, 100, 0, 0),
(15509, 0, 12, -8555.290, 1770.428, -90.79094, 100, 0, 0),
(15509, 0, 13, -8535.463, 1765.799, -90.55959, 100, 0, 0),
(15509, 0, 14, -8514.142, 1751.703, -91.81306, 100, 0, 0),
(15509, 0, 15, -8512.993, 1728.714, -91.76323, 100, 0, 0),
(15509, 0, 16, -8515.803, 1693.652, -90.48472, 100, 0, 0),
(15544, 0, 1, -8549.55, 2161.72, -3.6664, 4.46724, 0, 0),
(15544, 0, 2, -8558.18, 2154.86, -5.82032, 3.83499, 0, 0),
(15544, 0, 3, -8571.58, 2153.97, -7.28693, 3.12029, 0, 0),
(15544, 0, 4, -8589.82, 2156.38, -7.04311, 2.63727, 0, 0),
(15544, 0, 5, -8599.43, 2164.46, -3.94408, 2.4527, 0, 0),
(15544, 0, 6, -8589.82, 2156.38, -7.04311, 2.63727, 0, 0),
(15544, 0, 7, -8571.58, 2153.97, -7.28693, 3.12029, 0, 0),
(15544, 0, 8, -8558.18, 2154.86, -5.82032, 3.83499, 0, 0),
(15544, 0, 9, -8549.55, 2161.72, -3.6664, 4.46724, 0, 0),
(15544, 0, 10, -8550.37, 2166.34, -3.70582, 1.78903, 0, 0),
(15544, 0, 11, -8557.03, 2161.73, -4.60029, 3.66221, 0, 0),
(15544, 0, 12, -8581.15, 2162.06, -6.36318, 2.86503, 0, 0),
(15544, 0, 13, -8585.25, 2158.23, -7.15473, 2.80612, 0, 0),
(15544, 0, 14, -8591.83, 2160.24, -5.88721, 2.45662, 0, 0),
(15544, 0, 15, -8599.43, 2164.46, -3.94408, 2.4527, 0, 0),
(15544, 0, 16, -8596.97, 2157.21, -5.77788, 1.18428, 0, 0),
(15544, 0, 17, -8581.15, 2162.06, -6.36318, 5.45293, 0, 0),
(15544, 0, 18, -8581.15, 2162.06, -6.36318, 5.45293, 0, 0),
(15544, 0, 19, -8577.69, 2155.71, -7.37716, 1.76547, 0, 0),
(15544, 0, 20, -8576.25, 2169.75, -4.48843, 1.67515, 0, 0),
(15544, 0, 21, -8567.24, 2160.48, -6.17982, 0.826923, 0, 0),
(15544, 0, 22, -8556.39, 2159.72, -4.7979, 1.19999, 0, 0),
(15544, 0, 23, -8549.55, 2161.72, -3.6664, 0.92117, 0, 0),
(15544, 0, 24, -8556.39, 2159.72, -4.7979, 1.25889, 0, 0),
(15544, 0, 25, -8571.55, 2160.55, -6.43027, 1.68693, 0, 0),
(15544, 0, 26, -8576.25, 2169.75, -4.48843, 2.25635, 0, 0),
(15544, 0, 27, -8579.52, 2158.82, -7.01833, 4.87958, 0, 0),
(15544, 0, 28, -8586.59, 2162.1, -6.0648, 2.76685, 0, 0),
(15544, 0, 29, -8591.83, 2160.24, -5.88721, 2.15817, 0, 0),
(15544, 0, 30, -8594.46, 2167.18, -4.24164, 1.87935, 0, 0),
(15544, 0, 31, -8591.83, 2160.24, -5.88721, 1.69872, 0, 0),
(15544, 0, 32, -8584.88, 2154.09, -7.61168, 0.552035, 0, 0),
(15544, 0, 33, -8581.15, 2162.06, -6.36318, 1.89899, 0, 0),
(15544, 0, 34, -8566.11, 2157.76, -6.48814, 6.22261, 0, 0),
(15544, 0, 35, -8550.37, 2166.34, -3.70582, 0.944732, 0, 0);

-- INSERT INTO `creature_addon` (`guid`, `mount`, `stand_state`, `sheath_state`, `emote`, `moveflags`, `auras`) VALUES

REPLACE INTO `creature_template_addon` (`entry`, `mount`, `stand_state`, `sheath_state`, `emote`, `moveflags`, `auras`) VALUES
(15229, 0, 0, 1, 0, 0, '25801'), -- Vekniss Soldier
(15230, 0, 0, 1, 0, 0, NULL), -- Vekniss Warrior
(15233, 0, 0, 1, 0, 0, '18950'), -- Vekniss Guardian
(15235, 0, 0, 1, 0, 0, NULL), -- Vekniss Stinger
(15236, 0, 0, 1, 0, 0, NULL), -- Vekniss Wasp
(15240, 0, 0, 1, 0, 0, NULL), -- Vekniss Hive Crawler
(15246, 0, 0, 1, 0, 0, NULL), -- Qiraji Mindslayer
(15247, 0, 0, 1, 0, 0, '18950'), -- Qiraji Brainwasher
(15249, 0, 0, 1, 0, 0, NULL), -- Qiraji Lasher
(15250, 0, 0, 1, 0, 0, NULL), -- Qiraji Slayer
(15252, 0, 0, 1, 0, 0, NULL), -- Qiraji Champion
(15262, 0, 0, 1, 0, 0, '19818'), -- Obsidian Eradicator
(15263, 0, 0, 1, 0, 0, NULL), -- The Prophet Skeram
(15264, 0, 0, 1, 0, 0, NULL), -- Anubisath Sentinel
(15275, 0, 0, 1, 0, 0, '18943'), -- Emperor Vek'nilash
(15276, 0, 0, 1, 0, 0, NULL), -- Emperor Vek'lor
(15277, 0, 0, 1, 0, 0, NULL), -- Anubisath Defender
(15299, 0, 0, 1, 0, 0, NULL), -- Viscidus
(15300, 0, 0, 1, 0, 0, NULL), -- Vekniss Drone
(15311, 0, 0, 1, 0, 0, NULL), -- Anubisath Warder
(15312, 0, 0, 1, 0, 0, '19818'), -- Obsidian Nullifier
(15316, 0, 0, 1, 0, 0, NULL), -- Qiraji Scarab
(15317, 0, 0, 1, 0, 0, NULL), -- Qiraji Scorpion
(15378, 0, 0, 1, 0, 0, NULL), -- Merithra of the Dream
(15379, 0, 0, 1, 0, 0, NULL), -- Caelestrasz
(15380, 0, 0, 1, 0, 0, NULL), -- Arygos
(15502, 0, 0, 1, 0, 0, NULL), -- Andorgos
(15503, 0, 0, 0, 0, 0, NULL), -- Kandrostrasz
(15504, 0, 0, 1, 0, 0, NULL), -- Vethsera
(15509, 0, 0, 1, 0, 0, NULL), -- Princess Huhuran
(15510, 0, 0, 1, 0, 0, NULL), -- Fankriss the Unyielding
(15511, 0, 0, 1, 0, 0, NULL), -- Lord Kri
(15516, 0, 0, 1, 0, 0, NULL), -- Battleguard Sartura
(15543, 0, 0, 1, 0, 0, NULL), -- Princess Yauj
(15544, 0, 0, 1, 0, 0, NULL), -- Vem
(15589, 0, 0, 1, 0, 0, '18950'), -- Eye of C'Thun
(15727, 0, 0, 1, 0, 0, NULL), -- C'Thun
(15896, 0, 0, 1, 0, 0, NULL), -- C'Thun Portal
(15933, 0, 0, 1, 0, 0, '25786 26575'), -- Poison Cloud
(15957, 0, 0, 1, 0, 0, NULL), -- Ouro Spawner
(15963, 0, 0, 1, 0, 0, '18430'), -- The Master's Eye
(15984, 0, 0, 1, 0, 0, NULL); -- Sartura's Royal Guard

INSERT INTO `creature_linking` (`guid`, `master_guid`, `flag`) VALUES
(@CGUID+187, @CGUID+458, 1024),
(@CGUID+188, @CGUID+458, 1024),
(@CGUID+189, @CGUID+458, 1024),
(@CGUID+190, @CGUID+458, 1024),
(@CGUID+191, @CGUID+458, 1024),
(@CGUID+192, @CGUID+458, 1024),
(@CGUID+193, @CGUID+458, 1024),
(@CGUID+194, @CGUID+458, 1024),
(@CGUID+195, @CGUID+458, 1024),
(@CGUID+196, @CGUID+458, 1024),
(@CGUID+197, @CGUID+458, 1024),
(@CGUID+198, @CGUID+458, 1024),
(@CGUID+199, @CGUID+458, 1024),
(@CGUID+200, @CGUID+458, 1024),
(@CGUID+201, @CGUID+458, 1024),
(@CGUID+202, @CGUID+458, 1024),
(@CGUID+203, @CGUID+458, 1024),
(@CGUID+204, @CGUID+458, 1024),
(@CGUID+205, @CGUID+458, 1024),
(@CGUID+206, @CGUID+458, 1024),
(@CGUID+207, @CGUID+458, 1024),
(@CGUID+208, @CGUID+458, 1024),
(@CGUID+209, @CGUID+458, 1024),
(@CGUID+210, @CGUID+458, 1024),
(@CGUID+211, @CGUID+458, 1024),
(@CGUID+212, @CGUID+458, 1024),
(@CGUID+213, @CGUID+458, 1024),
(@CGUID+214, @CGUID+458, 1024),
(@CGUID+215, @CGUID+458, 1024),
(@CGUID+216, @CGUID+458, 1024),
(@CGUID+217, @CGUID+458, 1024),
(@CGUID+218, @CGUID+458, 1024),
(@CGUID+219, @CGUID+458, 1024),
(@CGUID+220, @CGUID+458, 1024),
(@CGUID+221, @CGUID+458, 1024),
(@CGUID+222, @CGUID+458, 1024),
(@CGUID+223, @CGUID+458, 1024),
(@CGUID+224, @CGUID+458, 1024),
(@CGUID+225, @CGUID+458, 1024),
(@CGUID+226, @CGUID+458, 1024),
(@CGUID+227, @CGUID+458, 1024),
(@CGUID+228, @CGUID+458, 1024),
(@CGUID+229, @CGUID+458, 1024),
(@CGUID+230, @CGUID+458, 1024),
(@CGUID+231, @CGUID+458, 1024),
(@CGUID+232, @CGUID+458, 1024),
(@CGUID+233, @CGUID+458, 1024),
(@CGUID+234, @CGUID+458, 1024),
(@CGUID+235, @CGUID+458, 1024),
(@CGUID+236, @CGUID+458, 1024),
(@CGUID+237, @CGUID+458, 1024),
(@CGUID+238, @CGUID+458, 1024),
(@CGUID+239, @CGUID+458, 1024),
(@CGUID+240, @CGUID+458, 1024),
(@CGUID+241, @CGUID+458, 1024),
(@CGUID+242, @CGUID+458, 1024),
(@CGUID+243, @CGUID+458, 1024),
(@CGUID+244, @CGUID+458, 1024),
(@CGUID+245, @CGUID+458, 1024),
(@CGUID+246, @CGUID+458, 1024),
(@CGUID+247, @CGUID+458, 1024),
(@CGUID+248, @CGUID+458, 1024),
(@CGUID+249, @CGUID+458, 1024),
(@CGUID+250, @CGUID+458, 1024),
(@CGUID+251, @CGUID+458, 1024),
(@CGUID+252, @CGUID+458, 1024),
(@CGUID+253, @CGUID+458, 1024),
(@CGUID+254, @CGUID+458, 1024),
(@CGUID+255, @CGUID+458, 1024),
(@CGUID+256, @CGUID+458, 1024),
(@CGUID+257, @CGUID+458, 1024),
(@CGUID+258, @CGUID+458, 1024),
(@CGUID+259, @CGUID+458, 1024),
(@CGUID+260, @CGUID+458, 1024),
(@CGUID+261, @CGUID+458, 1024),
(@CGUID+262, @CGUID+458, 1024),
(@CGUID+263, @CGUID+458, 1024),
(@CGUID+264, @CGUID+458, 1024),
(@CGUID+265, @CGUID+458, 1024),
(@CGUID+266, @CGUID+458, 1024),
(@CGUID+267, @CGUID+458, 1024),
(@CGUID+268, @CGUID+458, 1024),
(@CGUID+269, @CGUID+458, 1024),
(@CGUID+270, @CGUID+458, 1024),
(@CGUID+271, @CGUID+458, 1024),
(@CGUID+272, @CGUID+458, 1024),
(@CGUID+273, @CGUID+458, 1024),
(@CGUID+274, @CGUID+458, 1024),
(@CGUID+275, @CGUID+458, 1024),
(@CGUID+276, @CGUID+458, 1024),
(@CGUID+277, @CGUID+458, 1024),
(@CGUID+278, @CGUID+458, 1024),
(@CGUID+279, @CGUID+458, 1024),
(@CGUID+280, @CGUID+458, 1024),
(@CGUID+281, @CGUID+458, 1024),
(@CGUID+282, @CGUID+458, 1024),
(@CGUID+283, @CGUID+458, 1024),
(@CGUID+284, @CGUID+458, 1024),
(@CGUID+285, @CGUID+458, 1024),
(@CGUID+286, @CGUID+458, 1024),
(@CGUID+287, @CGUID+458, 1024),
(@CGUID+288, @CGUID+458, 1024),
(@CGUID+289, @CGUID+458, 1024),
(@CGUID+290, @CGUID+458, 1024),
(@CGUID+291, @CGUID+458, 1024),
(@CGUID+292, @CGUID+458, 1024),
(@CGUID+293, @CGUID+458, 1024),
(@CGUID+294, @CGUID+458, 1024),
(@CGUID+295, @CGUID+458, 1024),
(@CGUID+296, @CGUID+458, 1024),
(@CGUID+297, @CGUID+458, 1024),
(@CGUID+298, @CGUID+458, 1024),
(@CGUID+299, @CGUID+458, 1024),
(@CGUID+300, @CGUID+458, 1024),
(@CGUID+301, @CGUID+458, 1024),
(@CGUID+302, @CGUID+458, 1024),
(@CGUID+303, @CGUID+458, 1024),
(@CGUID+304, @CGUID+458, 1024),
(@CGUID+305, @CGUID+458, 1024),
(@CGUID+306, @CGUID+458, 1024),
(@CGUID+307, @CGUID+458, 1024),
(@CGUID+308, @CGUID+458, 1024),
(@CGUID+309, @CGUID+458, 1024),
(@CGUID+310, @CGUID+458, 1024),
(@CGUID+311, @CGUID+458, 1024),
(@CGUID+332, @CGUID+329, 1167),
(@CGUID+333, @CGUID+329, 1167),
(@CGUID+334, @CGUID+328, 1167),
(@CGUID+337, @CGUID+328, 1167),
(@CGUID+336, @CGUID+330, 1167),
(@CGUID+338, @CGUID+330, 1167),
(@CGUID+335, @CGUID+331, 1167),
(@CGUID+339, @CGUID+331, 1167);

REPLACE INTO `creature_linking_template` (`entry`, `map`, `master_entry`, `flag`, `search_range`) VALUES
(15229, 531, 15510, 1024, 0), -- Vekniss Soldier -> Fankriss the Unyielding
(15240, 531, 15509, 1024, 0), -- Vekniss Hive Crawler -> Princess Huhuran
(15235, 531, 15509, 1024, 0), -- Vekniss Stinger -> Princess Huhuran
(15236, 531, 15235, 1667, 8), -- Vekniss Wasp -> Vekniss Stinger
(15249, 531, 15235, 1667, 8), -- Qiraji Lasher -> Vekniss Stinger
(15262, 531, 15263, 1024, 0), -- Obsidian Eradicator -> The Prophet Skeram
(15264, 531, 15263, 1024, 0), -- Anubisath Sentinel -> The Prophet Skeram
(15276, 531, 15275, 143, 0), -- Emperor Vek'lor -> Emperor Vek'nilash
(15277, 531, 15276, 1025, 0), -- Anubisath Defender -> Emperor Vek'lor
(15316, 531, 15276, 1156, 0), -- Qiraji Scarab -> Emperor Vek'lor
(15317, 531, 15276, 1156, 0), -- Qiraji Scorpion -> Emperor Vek'lor
(15334, 531, 15727, 4128, 0), -- Giant Eye Tentacle -> C'Thun
(15543, 531, 15511, 1167, 0), -- Princess Yauj -> Lord Kri
(15544, 531, 15511, 1167, 0), -- Vem -> Lord Kri
(15589, 531, 15727, 4, 0), -- Eye of C'Thun -> C'Thun
(15725, 531, 15589, 4096, 0), -- Claw Tentacle -> Eye of C'Thun
(15726, 531, 15727, 4128, 0), -- Eye Tentacle -> C'Thun
(15728, 531, 15727, 4128, 0), -- Giant Claw Tentacle -> C'Thun
(15802, 531, 15727, 4128, 0), -- Flesh Tentacle -> C'Thun
(15904, 531, 15727, 4128, 0), -- Tentacle Portal -> C'Thun
(15910, 531, 15727, 4128, 0), -- Giant Tentacle Portal -> C'Thun
(15922, 531, 15299, 4112, 0); -- Viscidus Trigger -> Viscidus

INSERT INTO `creature` (`guid`, `id`, `map`, `position_x`, `position_y`, `position_z`, `orientation`, `spawntimesecsmin`, `spawntimesecsmax`, `spawndist`, `MovementType`) VALUES
(@CGUID+1, 15229, 531, -7955.62, 1322.46, -90.46, 4.38823, 600, 600, 0, 2), -- Vekniss Soldier
(@CGUID+2, 15229, 531, -7903.95, 1411.55, -66.4528, 4.24687, 600, 600, 0, 2), -- Vekniss Soldier
(@CGUID+3, 15229, 531, -7940.78, 1491.18, -64.0933, 5.48118, 600, 600, 0, 2), -- Vekniss Soldier
(@CGUID+4, 15229, 531, -7977.78, 1572.38, -61.796, 5.14348, 600, 600, 0, 2), -- Vekniss Soldier
(@CGUID+5, 15229, 531, -8027.47, 1553.08, -66.5098, 2.26892, 600, 600, 0, 2), -- Vekniss Soldier
(@CGUID+6, 15229, 531, -8160.64, 1669.32, -36.0642, 6.27443, 600, 600, 0, 2), -- Vekniss Soldier

(@CGUID+7, 15230, 531, -8590.21, 2107.35, -6.10023, 0.0, 21600, 21600, 0, 0), -- Vekniss Warrior
(@CGUID+8, 15230, 531, -8590.50, 2118.22, -7.69795, 0.0, 21600, 21600, 0, 0), -- Vekniss Warrior
(@CGUID+9, 15230, 531, -8590.91, 2125.32, -8.23708, 0.0, 21600, 21600, 0, 0), -- Vekniss Warrior

(@CGUID+10, 15230, 531, -8332.21, 1767.38, -6.25389, 0.0, 21600, 21600, 0, 0), -- Vekniss Warrior
(@CGUID+11, 15230, 531, -8333.67, 1758.86, -6.15323, 0.0, 21600, 21600, 0, 0), -- Vekniss Warrior
(@CGUID+12, 15230, 531, -8323.97, 1762.30, -6.66721, 0.0, 21600, 21600, 0, 0), -- Vekniss Warrior

(@CGUID+13, 15233, 531, -8396.88, 2051.32, 116.212, 3.38594, 21600, 21600, 0, 0), -- Vekniss Guardian
(@CGUID+14, 15233, 531, -8404.73, 2070.3, 116.213, 3.64774, 21600, 21600, 0, 0), -- Vekniss Guardian
(@CGUID+15, 15233, 531, -8595.29, 1964.58, -1.14992, 2.5653, 21600, 21600, 3, 1), -- Vekniss Guardian
(@CGUID+16, 15233, 531, -8580.83, 1970.72, -1.39227, 0.431352, 21600, 21600, 3, 1), -- Vekniss Guardian
(@CGUID+17, 15233, 531, -8587.42, 1987.75, -1.50254, 1.39028, 21600, 21600, 3, 1), -- Vekniss Guardian
(@CGUID+18, 15233, 531, -8633.65, 2111.86, -1.82799, 0.405789, 21600, 21600, 3, 1), -- Vekniss Guardian
(@CGUID+19, 15233, 531, -8636.36, 2091.21, -1.2951, 2.98735, 21600, 21600, 3, 1), -- Vekniss Guardian
(@CGUID+20, 15233, 531, -8620.17, 2093.82, -1.80162, 1.98923, 21600, 21600, 3, 1), -- Vekniss Guardian
(@CGUID+21, 15233, 531, -8548.72, 2109.14, -0.639395, 2.15465, 21600, 21600, 3, 1), -- Vekniss Guardian
(@CGUID+22, 15233, 531, -8541.85, 2134.76, -2.4712, 5.455, 21600, 21600, 3, 1), -- Vekniss Guardian
(@CGUID+23, 15233, 531, -8544.83, 2124.62, -1.74746, 3.80482, 21600, 21600, 3, 1), -- Vekniss Guardian
(@CGUID+24, 15233, 531, -8369.81, 2036.11, 9.36428, 0.579818, 21600, 21600, 3, 1), -- Vekniss Guardian
(@CGUID+25, 15233, 531, -8392.93, 2075.61, 9.25442, 4.59022, 21600, 21600, 3, 1), -- Vekniss Guardian
(@CGUID+26, 15233, 531, -8379.07, 2073.29, 9.19209, 4.90398, 21600, 21600, 3, 1), -- Vekniss Guardian
(@CGUID+27, 15233, 531, -8396.58, 2059.28, 9.69355, 1.07472, 21600, 21600, 3, 1), -- Vekniss Guardian
(@CGUID+28, 15233, 531, -8382.21, 2045.1, 9.07795, 2.64053, 21600, 21600, 3, 1), -- Vekniss Guardian
(@CGUID+29, 15233, 531, -8370.17, 2061.28, 9.5667, 5.70723, 21600, 21600, 3, 1), -- Vekniss Guardian
(@CGUID+30, 15233, 531, -8403.81, 1916.54, 3.38723, 5.48303, 21600, 21600, 3, 1), -- Vekniss Guardian
(@CGUID+31, 15233, 531, -8409.88, 1939.89, 4.31584, 5.73679, 21600, 21600, 3, 1), -- Vekniss Guardian
(@CGUID+32, 15233, 531, -8395.45, 1924.67, 3.06283, 0.558505, 21600, 21600, 3, 1), -- Vekniss Guardian
(@CGUID+33, 15233, 531, -8396.21, 1943.03, 4.05847, 0.295092, 21600, 21600, 3, 1), -- Vekniss Guardian
(@CGUID+34, 15233, 531, -8392.61, 1913.65, 2.72826, 2.25828, 21600, 21600, 3, 1), -- Vekniss Guardian
(@CGUID+35, 15233, 531, -8401.92, 1932.86, 2.64359, 5.66301, 21600, 21600, 3, 1), -- Vekniss Guardian
(@CGUID+36, 15233, 531, -8341.2, 1905.9, -2.30506, 3.21156, 21600, 21600, 3, 1), -- Vekniss Guardian
(@CGUID+37, 15233, 531, -8341.18, 1890.92, -2.40867, 0.406237, 21600, 21600, 3, 1), -- Vekniss Guardian
(@CGUID+38, 15233, 531, -8344.04, 1919.03, -2.39805, 0.165775, 21600, 21600, 3, 1), -- Vekniss Guardian
(@CGUID+39, 15233, 531, -8326.71, 1874.97, -2.12554, 2.48786, 21600, 21600, 3, 1), -- Vekniss Guardian
(@CGUID+40, 15233, 531, -8353.66, 1921.56, -2.47456, 5.46288, 21600, 21600, 3, 1), -- Vekniss Guardian
(@CGUID+41, 15233, 531, -8327.08, 1891.35, -1.72423, 5.19036, 21600, 21600, 3, 1), -- Vekniss Guardian
(@CGUID+42, 15233, 531, -8351.28, 1805.48, -1.16987, 0.856475, 21600, 21600, 3, 1), -- Vekniss Guardian
(@CGUID+43, 15233, 531, -8338.67, 1800.91, -1.26187, 0.0668067, 21600, 21600, 3, 1), -- Vekniss Guardian
(@CGUID+44, 15233, 531, -8362.07, 1810.13, 1.00203, 0.725584, 21600, 21600, 3, 1), -- Vekniss Guardian
(@CGUID+45, 15233, 531, -8357.21, 1822.91, 0.437167, 5.53572, 21600, 21600, 3, 1), -- Vekniss Guardian
(@CGUID+46, 15233, 531, -8350.02, 1815.49, 0.189715, 2.75677, 21600, 21600, 3, 1), -- Vekniss Guardian
(@CGUID+47, 15233, 531, -8348.89, 1792, -1.87827, 0.531483, 21600, 21600, 3, 1), -- Vekniss Guardian
(@CGUID+48, 15235, 531, -8617.82, 1770.24, -90.4684, 0, 3520, 3520, 0, 2), -- Vekniss Stinger
(@CGUID+49, 15235, 531, -8645.39, 1710.06, -90.0669, 0, 3520, 3520, 0, 2), -- Vekniss Stinger
(@CGUID+50, 15235, 531, -8717.54, 1450.8, -70.1568, 0, 3520, 3520, 0, 2), -- Vekniss Stinger
(@CGUID+51, 15235, 531, -8667.69, 1471.39, -69.8897, 0, 3520, 3520, 0, 2), -- Vekniss Stinger
(@CGUID+52, 15235, 531, -8602.22, 1420.14, -66.1638, 0, 3520, 3520, 0, 2), -- Vekniss Stinger
(@CGUID+53, 15235, 531, -8685.76, 1457.88, -69.9058, 0, 3520, 3520, 0, 2), -- Vekniss Stinger
(@CGUID+54, 15236, 531, -8619.53, 1774.94, -90.0669, 0, 3520, 3520, 0, 0), -- Vekniss Wasp
(@CGUID+55, 15236, 531, -8619.53, 1765.54, -90.0669, 0, 3520, 3520, 0, 0), -- Vekniss Wasp
(@CGUID+56, 0, 531, -8621.82, 1770.24, -90.0669, 0, 3520, 3520, 0, 0), -- creature_spawn_entry
(@CGUID+57, 15236, 531, -8647.1, 1714.76, -90.0669, 0, 3520, 3520, 0, 0), -- Vekniss Wasp
(@CGUID+58, 15236, 531, -8647.1, 1705.36, -90.0669, 0, 3520, 3520, 0, 0), -- Vekniss Wasp
(@CGUID+59, 0, 531, -8649.39, 1710.06, -90.0669, 0, 3520, 3520, 0, 0), -- creature_spawn_entry
(@CGUID+60, 15236, 531, -8719.25, 1455.5, -70.1568, 0, 3520, 3520, 0, 0), -- Vekniss Wasp
(@CGUID+61, 15236, 531, -8719.25, 1446.11, -70.1568, 0, 3520, 3520, 0, 0), -- Vekniss Wasp
(@CGUID+62, 0, 531, -8721.54, 1450.8, -70.1568, 0, 3520, 3520, 0, 0), -- creature_spawn_entry
(@CGUID+63, 15236, 531, -8669.4, 1476.09, -69.8897, 0, 3520, 3520, 0, 0), -- Vekniss Wasp
(@CGUID+64, 15236, 531, -8669.4, 1466.69, -69.8897, 0, 3520, 3520, 0, 0), -- Vekniss Wasp
(@CGUID+65, 0, 531, -8671.69, 1471.39, -69.8897, 0, 3520, 3520, 0, 0), -- creature_spawn_entry
(@CGUID+66, 15236, 531, -8603.93, 1424.84, -66.1638, 0, 3520, 3520, 0, 0), -- Vekniss Wasp
(@CGUID+67, 15236, 531, -8603.93, 1415.44, -66.1638, 0, 3520, 3520, 0, 0), -- Vekniss Wasp
(@CGUID+68, 0, 531, -8606.22, 1420.14, -66.1638, 0, 3520, 3520, 0, 0), -- creature_spawn_entry
(@CGUID+69, 15236, 531, -8687.47, 1462.58, -69.9058, 0, 3520, 3520, 0, 0), -- Vekniss Wasp
(@CGUID+70, 15236, 531, -8687.47, 1453.19, -69.9058, 0, 3520, 3520, 0, 0), -- Vekniss Wasp
(@CGUID+71, 0, 531, -8689.76, 1457.88, -69.9058, 0, 3520, 3520, 0, 0), -- creature_spawn_entry
(@CGUID+72, 15240, 531, -8169.1269531250, 1230.1358642578125, -92.4485168457031250, 0, 3600, 3600, 0, 0), -- Vekniss Hive Crawler
(@CGUID+73, 15240, 531, -8159.1269531250, 1220.1358642578125, -92.4485168457031250, 0, 3600, 3600, 0, 0), -- Vekniss Hive Crawler
(@CGUID+74, 15240, 531, -8355.7099609375, 1359.7341308593750, -65.0198822021484375, 0, 3600, 3600, 0, 0), -- Vekniss Hive Crawler
(@CGUID+75, 15240, 531, -8365.7099609375, 1349.7341308593750, -65.0198822021484375, 0, 3600, 3600, 0, 0), -- Vekniss Hive Crawler
(@CGUID+76, 15240, 531, -8514.6552734375, 1377.6085205078125, -59.2344360351562500, 0, 3600, 3600, 0, 0), -- Vekniss Hive Crawler
(@CGUID+77, 15240, 531, -8504.6552734375, 1367.6085205078125, -59.2344360351562500, 0, 3600, 3600, 0, 0), -- Vekniss Hive Crawler

(@CGUID+78, 0, 531, -9078.2783203125, 1393.5119628906250, -107.160614013671875, 0.0, 604800, 604800, 0, 0), -- 15250, 15246
(@CGUID+79, 0, 531, -9080.9550781250, 1388.0480957031250, -106.888137817382812, 0.0, 604800, 604800, 0, 0), -- 15250, 15246
(@CGUID+80, 0, 531, -9070.1845703125, 1389.9174804687500, -107.318367004394531, 0.0, 604800, 604800, 0, 0), -- 15250, 15246
(@CGUID+81, 0, 531, -9072.4101562500, 1391.7066650390625, -106.861732482910156, 0.0, 604800, 604800, 0, 0), -- 15250, 15246

(@CGUID+82, 0, 531, -9139.9638671875, 1410.6170654296875, -106.303840637207031, 0.0, 604800, 604800, 0, 0), -- 15250, 15246
(@CGUID+83, 0, 531, -9144.9941406250, 1409.0329589843750, -105.644767761230468, 0.0, 604800, 604800, 0, 0), -- 15250, 15246
(@CGUID+84, 0, 531, -9133.0849609375, 1410.3336181640625, -106.529251098632812, 0.0, 604800, 604800, 0, 0), -- 15250, 15246
(@CGUID+85, 0, 531, -9135.1445312500, 1410.9537353515625, -105.916305541992187, 0.0, 604800, 604800, 0, 0), -- 15250, 15246

(@CGUID+86, 0, 531, -9088.5517578125, 1352.8146972656250, -105.581581115722656, 0.0, 604800, 604800, 0, 0), -- 15250, 15246
(@CGUID+87, 0, 531, -9095.1708984375, 1343.4462890625000, -105.668014526367187, 0.0, 604800, 604800, 0, 0), -- 15250, 15246
(@CGUID+88, 0, 531, -9082.8642578125, 1344.3712158203125, -104.919570922851562, 0.0, 604800, 604800, 0, 0), -- 15250, 15246
(@CGUID+89, 0, 531, -9087.4013671875, 1354.6965332031250, -104.628120422363281, 0.0, 604800, 604800, 0, 0), -- 15250, 15246

(@CGUID+90, 0, 531, -9174.7460937500, 1577.8453369140625, -80.7737960815429687, 0.0, 604800, 604800, 0, 0), -- 15250, 15246
(@CGUID+91, 0, 531, -9183.3349609375, 1571.0091552734375, -79.6732940673828125, 0.0, 604800, 604800, 0, 0), -- 15250, 15246
(@CGUID+92, 0, 531, -9170.6181640625, 1561.8321533203125, -84.2863159179687500, 0.0, 604800, 604800, 0, 0), -- 15250, 15246
(@CGUID+93, 0, 531, -9166.6425781250, 1574.4926757812500, -81.4460601806640625, 0.0, 604800, 604800, 0, 0), -- 15250, 15246

(@CGUID+94, 0, 531, -9150.7451171875, 1516.9583740234375, -94.5417327880859375, 0.0, 604800, 604800, 0, 0), -- 15250, 15246
(@CGUID+95, 0, 531, -9151.3857421875, 1506.5079345703125, -96.5796051025390625, 0.0, 604800, 604800, 0, 0), -- 15250, 15246
(@CGUID+96, 0, 531, -9141.0722656250, 1500.0097656250000, -99.1170578002929687, 0.0, 604800, 604800, 0, 0), -- 15250, 15246
(@CGUID+97, 0, 531, -9140.9150390625, 1513.5092773437500, -95.9734039306640625, 0.0, 604800, 604800, 0, 0), -- 15250, 15246

(@CGUID+98, 0, 531, -9138.7714843750, 1763.7926025390625, -42.1051864624023437, 0.0, 604800, 604800, 0, 0), -- 15250, 15246
(@CGUID+99, 0, 531, -9140.8300781250, 1752.8560791015625, -41.9106063842773437, 0.0, 604800, 604800, 0, 0), -- 15250, 15246
(@CGUID+100, 0, 531, -9130.9658203125, 1753.1555175781250, -42.6866950988769531, 0.0, 604800, 604800, 0, 0), -- 15250, 15246
(@CGUID+101, 0, 531, -9131.6708984375, 1762.0242919921875, -42.5225219726562500, 0.0, 604800, 604800, 0, 0), -- 15250, 15246

(@CGUID+102, 0, 531, -9070.7226562500, 1972.3378906250000, -52.9168548583984375, 0.0, 604800, 604800, 0, 0), -- 15250, 15246
(@CGUID+103, 0, 531, -9064.3613281250, 1983.8914794921875, -52.1888160705566406, 0.0, 604800, 604800, 0, 0), -- 15250, 15246
(@CGUID+104, 0, 531, -9074.1425781250, 1988.3170166015625, -53.2059326171875000, 0.0, 604800, 604800, 0, 0), -- 15250, 15246
(@CGUID+105, 0, 531, -9080.6669921875, 1979.2271728515625, -51.8933067321777343, 0.0, 604800, 604800, 0, 0), -- 15250, 15246

(@CGUID+106, 0, 531, -9016.9218750000, 1860.5653076171875, -44.1737098693847656, 0.0, 604800, 604800, 0, 0), -- 15250, 15246
(@CGUID+107, 0, 531, -9016.9218750000, 1852.5653076171875, -44.1737098693847656, 0.0, 604800, 604800, 0, 0), -- 15250, 15246
(@CGUID+108, 0, 531, -9024.9218750000, 1852.5653076171875, -44.1737098693847656, 0.0, 604800, 604800, 0, 0), -- 15250, 15246
(@CGUID+109, 0, 531, -9024.9218750000, 1860.5653076171875, -44.1737098693847656, 0.0, 604800, 604800, 0, 0), -- 15250, 15246

(@CGUID+110, 15247, 531, -8391.91, 2063.48, 116.203, 3.50811, 21600, 21600, 0, 0), -- Qiraji Brainwasher
(@CGUID+111, 15247, 531, -8592.57, 1976.95, -1.20999, 6.0912, 21600, 21600, 0, 0), -- Qiraji Brainwasher
(@CGUID+112, 15247, 531, -8631.83, 2101.62, -1.33052, 0.506145, 21600, 21600, 0, 0), -- Qiraji Brainwasher
(@CGUID+113, 15247, 531, -8623.28, 2108.95, -2.67647, 3.78736, 21600, 21600, 0, 0), -- Qiraji Brainwasher
(@CGUID+114, 15247, 531, -8551.39, 2118.21, -1.73794, 1.22173, 21600, 21600, 0, 0), -- Qiraji Brainwasher
(@CGUID+115, 15247, 531, -8548.23, 2130.36, -2.73022, 4.4855, 21600, 21600, 0, 0), -- Qiraji Brainwasher
-- (@CGUID+116 - 153
(@CGUID+154, 15252, 531, -9020.9218750000, 1856.5653076171875, -44.1737098693847656, 0.0, 604800, 604800, 0, 0), -- Qiraji Champion
(@CGUID+155, 15252, 531, -9074.1845703125, 1385.9174804687500, -107.318367004394531, 0.0, 604800, 604800, 0, 0), -- Qiraji Champion
(@CGUID+156, 15252, 531, -9146.1845703125, 1511.3677978515625, -96.0422744750976562, 0.0, 604800, 604800, 0, 0), -- Qiraji Champion
(@CGUID+157, 15252, 531, -9135.3876953125, 1758.1640625000000, -42.4714469909667968, 0.0, 604800, 604800, 0, 0), -- Qiraji Champion
(@CGUID+158, 15252, 531, -9071.6152343750, 1980.7689208984375, -53.0564079284667968, 0.0, 604800, 604800, 0, 0), -- Qiraji Champion
(@CGUID+159, 15252, 531, -9092.5517578125, 1348.8146972656250, -105.581581115722656, 0.0, 604800, 604800, 0, 0), -- Qiraji Champion
(@CGUID+160, 15252, 531, -9137.0849609375, 1406.3336181640625, -106.529251098632812, 0.0, 604800, 604800, 0, 0), -- Qiraji Champion
(@CGUID+161, 15252, 531, -9173.8173828125, 1571.8300781250000, -81.9779510498046875, 0.0, 604800, 604800, 0, 0), -- Qiraji Champion
(@CGUID+162, 15262, 531, -8277.63, 2067.55, 118.259, 1.77493, 1800, 1800, 0, 2), -- Obsidian Eradicator
(@CGUID+163, 15262, 531, -8258.03, 2124.34, 120.641, 6.19592, 1800, 1800, 0, 2), -- Obsidian Eradicator
(@CGUID+164, 15262, 531, -8376.97, 2070.56, 144.887, 1.80392, 1800, 1800, 0, 2), -- Obsidian Eradicator
(@CGUID+165, 15263, 531, -8346.05, 2080.98, 125.732, 0.401426, 604800, 604800, 0, 0), -- The Prophet Skeram
(@CGUID+166, 15264, 531, -8159.37, 2144.16, 129.564, 4.08407, 1800, 1800, 0, 0), -- Anubisath Sentinel
(@CGUID+167, 15264, 531, -8156.46, 2119.58, 129.203, 3.57792, 1800, 1800, 0, 0), -- Anubisath Sentinel
(@CGUID+168, 15264, 531, -8206.18, 2164.81, 129.467, 5.02655, 1800, 1800, 0, 0), -- Anubisath Sentinel
(@CGUID+169, 15264, 531, -8182.61, 2166.21, 129.64, 4.64258, 1800, 1800, 0, 0), -- Anubisath Sentinel
(@CGUID+170, 15264, 531, -8314.34, 2119.22, 118.263, 0.541052, 1800, 1800, 0, 0), -- Anubisath Sentinel
(@CGUID+171, 15264, 531, -8297.35, 2075.67, 118.269, 0.610865, 1800, 1800, 0, 0), -- Anubisath Sentinel
(@CGUID+172, 15264, 531, -8288.92, 2054.5, 118.301, 0.523599, 1800, 1800, 0, 0), -- Anubisath Sentinel
(@CGUID+173, 15264, 531, -8321.97, 2142.68, 118.266, 0.628319, 1800, 1800, 0, 0), -- Anubisath Sentinel
(@CGUID+174, 15275, 531, -9023.67, 1176.24, -104.226, 0.767945, 604800, 604800, 0, 0), -- Emperor Vek'nilash
(@CGUID+175, 15276, 531, -8868.31, 1205.97, -104.231, 2.70526, 604800, 604800, 0, 0), -- Emperor Vek'lor
(@CGUID+176, 15277, 531, -8760.56, 1575.33, -89.3109, 0, 43200, 43200, 0, 2), -- Anubisath Defender
(@CGUID+177, 15277, 531, -8873.33, 1518.94, -94.9602, 0, 43200, 43200, 0, 2), -- Anubisath Defender
(@CGUID+178, 15277, 531, -8918.98, 1364.06, -104.262, 0, 43200, 43200, 0, 2), -- Anubisath Defender
(@CGUID+179, 15277, 531, -8823.84, 1504.05, -94.5167, 0, 43200, 43200, 0, 2), -- Anubisath Defender
(@CGUID+180, 15277, 531, -8937.76, 1457.64, -91.8863, 0, 43200, 43200, 0, 2), -- Anubisath Defender
(@CGUID+181, 15299, 531, -8000.18, 928.603, -51.9009, 1.53589, 604800, 604800, 0, 0), -- Viscidus
(@CGUID+182, 15300, 531, -7993.78, 1296.72, -73.4204, 0.117071, 600, 600, 0, 2), -- Vekniss Drone
(@CGUID+183, 15300, 531, -7900.87, 1454.27, -65.4721, 3.03484, 600, 600, 0, 2), -- Vekniss Drone
(@CGUID+184, 15300, 531, -7916.07, 1352.81, -80.7444, 2.06095, 600, 600, 0, 2), -- Vekniss Drone
(@CGUID+185, 15300, 531, -8178.91, 1626.81, -38.5993, 6.27461, 600, 600, 0, 2), -- Vekniss Drone
(@CGUID+186, 15300, 531, -8028.24, 1537.08, -68.551, 1.25151, 600, 600, 0, 2), -- Vekniss Drone
(@CGUID+187, 15300, 531, -8151.91, 1683.58, -35.064, 0.997254, 25, 25, 0, 2), -- Vekniss Drone
(@CGUID+188, 15300, 531, -8143.83, 1680.36, -36.8913, 1.37032, 25, 25, 0, 2), -- Vekniss Drone
(@CGUID+189, 15300, 531, -8155.89, 1656.46, -36.6213, 4.66113, 25, 25, 0, 2), -- Vekniss Drone
(@CGUID+190, 15300, 531, -8146.93, 1654.94, -39.0507, 5.46043, 25, 25, 0, 2), -- Vekniss Drone
(@CGUID+191, 15300, 531, -8140.1, 1654.63, -40.9871, 3.90142, 25, 25, 0, 2), -- Vekniss Drone
(@CGUID+192, 15300, 531, -8097.69, 1677.18, -46.6527, 1.45097, 25, 25, 0, 2), -- Vekniss Drone
(@CGUID+193, 15300, 531, -8082.36, 1672.86, -49.886, 1.08576, 25, 25, 0, 2), -- Vekniss Drone
(@CGUID+194, 15300, 531, -8074.13, 1670.27, -51.7419, 1.50202, 25, 25, 0, 2), -- Vekniss Drone
(@CGUID+195, 15300, 531, -8092.92, 1646.82, -51.7886, 4.82032, 25, 25, 0, 2), -- Vekniss Drone
(@CGUID+196, 15300, 531, -8083.76, 1645.71, -53.4859, 4.44333, 25, 25, 0, 2), -- Vekniss Drone
(@CGUID+197, 15300, 531, -8038.04, 1617.23, -58.9706, 4.01136, 25, 25, 0, 2), -- Vekniss Drone
(@CGUID+198, 15300, 531, -8032.81, 1609.92, -58.9855, 3.57547, 25, 25, 0, 2), -- Vekniss Drone
(@CGUID+199, 15300, 531, -8026.85, 1601.87, -59.2286, 4.01922, 25, 25, 0, 2), -- Vekniss Drone
(@CGUID+200, 15300, 531, -8010.7, 1629.41, -55.9585, 0.763744, 25, 25, 0, 2), -- Vekniss Drone
(@CGUID+201, 15300, 531, -8004.81, 1619.16, -55.9296, 0.367114, 25, 25, 0, 2), -- Vekniss Drone
(@CGUID+202, 15300, 531, -7955.46, 1567.96, -60.14, 0.355335, 25, 25, 0, 2), -- Vekniss Drone
(@CGUID+203, 15300, 531, -7954.29, 1559.61, -59.2075, 0.787301, 25, 25, 0, 2), -- Vekniss Drone
(@CGUID+204, 15300, 531, -7988.04, 1556.15, -62.2475, 3.51264, 25, 25, 0, 2), -- Vekniss Drone
(@CGUID+205, 15300, 531, -7984.52, 1544.02, -61.783, 3.59118, 25, 25, 0, 2), -- Vekniss Drone
(@CGUID+206, 15300, 531, -7978.61, 1536.56, -61.2493, 3.05728, 25, 25, 0, 2), -- Vekniss Drone
(@CGUID+207, 15300, 531, -7933.99, 1528.87, -59.3506, 0.56364, 25, 25, 0, 2), -- Vekniss Drone
(@CGUID+208, 15300, 531, -7927.1, 1518.31, -59.8772, 0.504736, 25, 25, 0, 2), -- Vekniss Drone
(@CGUID+209, 15300, 531, -7919.57, 1503.18, -61.1164, 0.72072, 25, 25, 0, 2), -- Vekniss Drone
(@CGUID+210, 15300, 531, -7956.03, 1498.89, -62.7101, 3.70131, 25, 25, 0, 2), -- Vekniss Drone
(@CGUID+211, 15300, 531, -7950.35, 1486.19, -63.6835, 3.5835, 25, 25, 0, 2), -- Vekniss Drone
(@CGUID+212, 15300, 531, -7939.05, 1461.67, -65.5573, 3.97228, 25, 25, 0, 2), -- Vekniss Drone
(@CGUID+213, 15300, 531, -7933.14, 1453.04, -65.9931, 3.58744, 25, 25, 0, 2), -- Vekniss Drone
(@CGUID+214, 15300, 531, -7905.02, 1483.67, -62.1704, 0.214149, 25, 25, 0, 2), -- Vekniss Drone
(@CGUID+215, 15300, 531, -7903.83, 1475.95, -62.6927, 0.0295802, 25, 25, 0, 2), -- Vekniss Drone
(@CGUID+216, 15300, 531, -7898.17, 1467.61, -63.6354, 0.95635, 25, 25, 0, 2), -- Vekniss Drone
(@CGUID+217, 15300, 531, -7892.48, 1436.52, -65.248, 6.26564, 25, 25, 0, 2), -- Vekniss Drone
(@CGUID+218, 15300, 531, -7892.72, 1423.1, -65.0326, 6.26564, 25, 25, 0, 2), -- Vekniss Drone
(@CGUID+219, 15300, 531, -7892.91, 1410.22, -63.4462, 6.06537, 25, 25, 0, 2), -- Vekniss Drone
(@CGUID+220, 15300, 531, -7924.16, 1423.37, -65.9866, 3.54817, 25, 25, 0, 2), -- Vekniss Drone
(@CGUID+221, 15300, 531, -7925.63, 1411.74, -65.4696, 2.85702, 25, 25, 0, 2), -- Vekniss Drone
(@CGUID+222, 15300, 531, -7902.7, 1378.24, -65.2342, 5.73156, 25, 25, 0, 2), -- Vekniss Drone
(@CGUID+223, 15300, 531, -7911.7, 1360.41, -75.5703, 6.26562, 25, 25, 0, 2), -- Vekniss Drone
(@CGUID+224, 15300, 531, -7927.78, 1389.76, -69.207, 2.76274, 25, 25, 0, 2), -- Vekniss Drone
(@CGUID+225, 15300, 531, -7934.35, 1379.3, -75.0041, 2.79809, 25, 25, 0, 2), -- Vekniss Drone
(@CGUID+226, 15300, 531, -7938.31, 1372.44, -78.6646, 2.30328, 25, 25, 0, 2), -- Vekniss Drone
(@CGUID+227, 15300, 531, -7954.91, 1346.17, -91.3736, 2.95124, 25, 25, 0, 2), -- Vekniss Drone
(@CGUID+228, 15300, 531, -7957.89, 1340.55, -92.2773, 2.35041, 25, 25, 0, 2), -- Vekniss Drone
(@CGUID+229, 15300, 531, -7961.58, 1338.28, -92.5122, 2.26794, 25, 25, 0, 2), -- Vekniss Drone
(@CGUID+230, 15300, 531, -7927.91, 1328.98, -90.0845, 5.75903, 25, 25, 0, 2), -- Vekniss Drone
(@CGUID+231, 15300, 531, -7931.44, 1320.43, -90.7048, 5.9004, 25, 25, 0, 2), -- Vekniss Drone
(@CGUID+232, 15300, 531, -7955.33, 1285.46, -75.8756, 5.86897, 25, 25, 0, 2), -- Vekniss Drone
(@CGUID+233, 15300, 531, -7960.7, 1280.41, -74.0242, 5.46841, 25, 25, 0, 2), -- Vekniss Drone
(@CGUID+234, 15300, 531, -7966.94, 1274.83, -72.2539, 5.28777, 25, 25, 0, 2), -- Vekniss Drone
(@CGUID+235, 15300, 531, -7984.68, 1306.69, -76.9572, 2.28755, 25, 25, 0, 2), -- Vekniss Drone
(@CGUID+236, 15300, 531, -7992.33, 1299.07, -73.907, 2.38965, 25, 25, 0, 2), -- Vekniss Drone
(@CGUID+237, 15300, 531, -8010.07, 1556.86, -66.0498, 6.13207, 25, 25, 0, 2), -- Vekniss Drone
(@CGUID+238, 15300, 531, -8006.82, 1543.54, -67.21, 5.23672, 25, 25, 0, 2), -- Vekniss Drone
(@CGUID+239, 15300, 531, -8017.46, 1537.06, -68.3982, 5.16996, 25, 25, 0, 2), -- Vekniss Drone
(@CGUID+240, 15300, 531, -8029.9, 1534.66, -67.7641, 3.74839, 25, 25, 0, 2), -- Vekniss Drone
(@CGUID+241, 15300, 531, -8037.53, 1551.55, -65.436, 4.35313, 25, 25, 0, 2), -- Vekniss Drone
(@CGUID+242, 15300, 531, -8086.99, 1594.64, -56.3736, 3.64627, 25, 25, 0, 2), -- Vekniss Drone
(@CGUID+243, 15300, 531, -8102.56, 1599.93, -52.4198, 4.27066, 25, 25, 0, 2), -- Vekniss Drone
(@CGUID+244, 15300, 531, -8083.74, 1627.62, -55.802, 0.677463, 25, 25, 0, 2), -- Vekniss Drone
(@CGUID+245, 15300, 531, -8092.37, 1633.6, -54.2377, 0.591069, 25, 25, 0, 2), -- Vekniss Drone
(@CGUID+246, 15300, 531, -8103.81, 1633.72, -51.8934, 1.63565, 25, 25, 0, 2), -- Vekniss Drone
(@CGUID+247, 15300, 531, -8160.83, 1643.41, -39.0456, 1.993, 25, 25, 0, 2), -- Vekniss Drone
(@CGUID+248, 15300, 531, -8169.88, 1639.22, -37.8916, 1.81236, 25, 25, 0, 2), -- Vekniss Drone
(@CGUID+249, 15300, 531, -8183.57, 1625.28, -38.3053, 3.16718, 25, 25, 0, 2), -- Vekniss Drone
(@CGUID+250, 15300, 531, -8170.25, 1613.96, -37.8223, 3.76409, 25, 25, 0, 2), -- Vekniss Drone
(@CGUID+251, 15300, 531, -8154.58, 1613.1, -40.6671, 4.60448, 25, 25, 0, 2), -- Vekniss Drone
(@CGUID+252, 15300, 531, -8141.59, 1618.79, -44.4073, 1.09561, 25, 25, 3, 1), -- Vekniss Drone
(@CGUID+253, 15300, 531, -8146.63, 1630.9, -44.1322, 4.89694, 25, 25, 3, 1), -- Vekniss Drone
(@CGUID+254, 15300, 531, -8135.43, 1631.47, -46.5684, 5.78837, 25, 25, 3, 1), -- Vekniss Drone
(@CGUID+255, 15300, 531, -8133.37, 1618.01, -46.1968, 4.23721, 25, 25, 3, 1), -- Vekniss Drone
(@CGUID+256, 15300, 531, -8123.08, 1621.73, -48.9008, 4.69668, 25, 25, 3, 1), -- Vekniss Drone
(@CGUID+257, 15300, 531, -8058.98, 1603.74, -60.8129, 5.64309, 25, 25, 3, 1), -- Vekniss Drone
(@CGUID+258, 15300, 531, -8066.26, 1588.63, -60.3355, 0.467302, 25, 25, 3, 1), -- Vekniss Drone
(@CGUID+259, 15300, 531, -8055.04, 1594.16, -61.7872, 0.255245, 25, 25, 3, 1), -- Vekniss Drone
(@CGUID+260, 15300, 531, -8045.94, 1582.88, -62.963, 3.06697, 25, 25, 3, 1), -- Vekniss Drone
(@CGUID+261, 15300, 531, -8056.08, 1575.86, -61.9269, 1.92029, 25, 25, 3, 1), -- Vekniss Drone
(@CGUID+262, 15300, 531, -8123.56, 1664.96, -44.7682, 1.12703, 25, 25, 3, 1), -- Vekniss Drone
(@CGUID+263, 15300, 531, -8116.73, 1672.42, -45.0716, 5.91404, 25, 25, 3, 1), -- Vekniss Drone
(@CGUID+264, 15300, 531, -8110.89, 1666.14, -47.5713, 0.730411, 25, 25, 3, 1), -- Vekniss Drone
(@CGUID+265, 15300, 531, -8120.39, 1655.36, -45.4953, 3.39291, 25, 25, 3, 1), -- Vekniss Drone
(@CGUID+266, 15300, 531, -8110.65, 1656.6, -47.6053, 0.223829, 25, 25, 3, 1), -- Vekniss Drone
(@CGUID+267, 15300, 531, -8065.5, 1646.8, -56.9744, 4.46892, 25, 25, 3, 1), -- Vekniss Drone
(@CGUID+268, 15300, 531, -8057.75, 1657.39, -56.7635, 0.345577, 25, 25, 3, 1), -- Vekniss Drone
(@CGUID+269, 15300, 531, -8051.19, 1646.17, -58.7525, 1.936, 25, 25, 3, 1), -- Vekniss Drone
(@CGUID+270, 15300, 531, -8034.28, 1645.71, -58.6551, 3.03163, 25, 25, 3, 1), -- Vekniss Drone
(@CGUID+271, 15300, 531, -8044.81, 1637.32, -59.3035, 1.66111, 25, 25, 3, 1), -- Vekniss Drone
(@CGUID+272, 15300, 531, -8000.74, 1603.92, -58.2238, 0.058896, 25, 25, 3, 1), -- Vekniss Drone
(@CGUID+273, 15300, 531, -8004.46, 1595.16, -60.0936, 1.4137, 25, 25, 3, 1), -- Vekniss Drone
(@CGUID+274, 15300, 531, -8004.39, 1584.71, -61.3655, 5.75303, 25, 25, 3, 1), -- Vekniss Drone
(@CGUID+275, 15300, 531, -7990.87, 1591.82, -60.1732, 1.38228, 25, 25, 3, 1), -- Vekniss Drone
(@CGUID+276, 15300, 531, -7988.7, 1582.18, -61.9322, 3.63639, 25, 25, 3, 1), -- Vekniss Drone
(@CGUID+277, 15300, 531, -7968.4, 1534.75, -62.2, 5.76873, 25, 25, 3, 1), -- Vekniss Drone
(@CGUID+278, 15300, 531, -7966.6, 1524.35, -60.7253, 5.08936, 25, 25, 3, 1), -- Vekniss Drone
(@CGUID+279, 15300, 531, -7957.36, 1529.05, -61.9553, 4.84982, 25, 25, 3, 1), -- Vekniss Drone
(@CGUID+280, 15300, 531, -7955.58, 1541.32, -60.0864, 4.51996, 25, 25, 3, 1), -- Vekniss Drone
(@CGUID+281, 15300, 531, -7949.78, 1521.61, -62.8666, 5.37603, 25, 25, 3, 1), -- Vekniss Drone
(@CGUID+282, 15300, 531, -7935.93, 1492.89, -64.4751, 5.69018, 25, 25, 3, 1), -- Vekniss Drone
(@CGUID+283, 15300, 531, -7924.78, 1493.23, -63.8897, 1.35478, 25, 25, 3, 1), -- Vekniss Drone
(@CGUID+284, 15300, 531, -7927.27, 1483.37, -65.3713, 5.86768, 25, 25, 3, 1), -- Vekniss Drone
(@CGUID+285, 15300, 531, -7919.96, 1484.46, -64.4396, 0.931454, 25, 25, 3, 1), -- Vekniss Drone
(@CGUID+286, 15300, 531, -7928.3, 1475.41, -65.5043, 3.99452, 25, 25, 3, 1), -- Vekniss Drone
(@CGUID+287, 15300, 531, -7908.9, 1454.73, -66.5743, 4.93699, 25, 25, 3, 1), -- Vekniss Drone
(@CGUID+288, 15300, 531, -7917.04, 1454.08, -67.0028, 3.09523, 25, 25, 3, 1), -- Vekniss Drone
(@CGUID+289, 15300, 531, -7919.39, 1441.46, -67.0756, 0.193176, 25, 25, 3, 1), -- Vekniss Drone
(@CGUID+290, 15300, 531, -7908.78, 1440.01, -67.8747, 1.3163, 25, 25, 3, 1), -- Vekniss Drone
(@CGUID+291, 15300, 531, -7911.98, 1432.63, -67.9923, 5.75771, 25, 25, 3, 1), -- Vekniss Drone
(@CGUID+292, 15300, 531, -7911.8, 1398.49, -68.1913, 4.44658, 25, 25, 3, 1), -- Vekniss Drone
(@CGUID+293, 15300, 531, -7909.23, 1408.73, -66.6846, 2.03149, 25, 25, 3, 1), -- Vekniss Drone
(@CGUID+294, 15300, 531, -7915.26, 1390.54, -69.1101, 1.95847, 25, 25, 3, 1), -- Vekniss Drone
(@CGUID+295, 15300, 531, -7905.77, 1392.95, -65.5573, 0.792148, 25, 25, 3, 1), -- Vekniss Drone
(@CGUID+296, 15300, 531, -7920.05, 1398.94, -65.7976, 0.756802, 25, 25, 3, 1), -- Vekniss Drone
(@CGUID+297, 15300, 531, -7937.41, 1349.51, -87.4455, 5.08322, 25, 25, 3, 1), -- Vekniss Drone
(@CGUID+298, 15300, 531, -7939.03, 1356.58, -86.1798, 1.58035, 25, 25, 3, 1), -- Vekniss Drone
(@CGUID+299, 15300, 531, -7927.5, 1364.66, -80.3759, 6.08854, 25, 25, 3, 1), -- Vekniss Drone
(@CGUID+300, 15300, 531, -7924.32, 1355.06, -83.1092, 5.52305, 25, 25, 3, 1), -- Vekniss Drone
(@CGUID+301, 15300, 531, -7928.88, 1347.19, -86.9902, 3.80696, 25, 25, 3, 1), -- Vekniss Drone
(@CGUID+302, 15300, 531, -7950.73, 1314.38, -88.4173, 1.96519, 25, 25, 3, 1), -- Vekniss Drone
(@CGUID+303, 15300, 531, -7958.72, 1319.5, -89.1675, 0.983445, 25, 25, 3, 1), -- Vekniss Drone
(@CGUID+304, 15300, 531, -7966.31, 1313.24, -85.2688, 5.60943, 25, 25, 3, 1), -- Vekniss Drone
(@CGUID+305, 15300, 531, -7961.02, 1308.4, -83.093, 5.14211, 25, 25, 3, 1), -- Vekniss Drone
(@CGUID+306, 15300, 531, -7970.88, 1300.28, -77.6397, 1.1248, 25, 25, 3, 1), -- Vekniss Drone
(@CGUID+307, 15300, 531, -7981.33, 1277.56, -73.0145, 4.49416, 25, 25, 3, 1), -- Vekniss Drone
(@CGUID+308, 15300, 531, -7990.84, 1284.19, -73.246, 2.86838, 25, 25, 3, 1), -- Vekniss Drone
(@CGUID+309, 15300, 531, -7999.84, 1280.3, -73.5742, 3.48885, 25, 25, 3, 1), -- Vekniss Drone
(@CGUID+310, 15300, 531, -8002.12, 1272, -75.106, 0.347253, 25, 25, 3, 1), -- Vekniss Drone
(@CGUID+311, 15300, 531, -7990.16, 1271.49, -73.552, 3.17861, 25, 25, 3, 1), -- Vekniss Drone
(@CGUID+312, 15300, 531, -8170.39, 1671.74, -34.1637, 1.46392, 600, 600, 7, 1), -- Vekniss Drone
(@CGUID+313, 15300, 531, -8136.54, 1667.55, -41.6797, 5.1867, 600, 600, 7, 1), -- Vekniss Drone
(@CGUID+314, 15300, 531, -8088.72, 1661.32, -52.4956, 2.61059, 600, 600, 7, 1), -- Vekniss Drone
(@CGUID+315, 15300, 531, -8025.93, 1624.75, -59.5738, 5.46944, 600, 600, 7, 1), -- Vekniss Drone
(@CGUID+316, 15300, 531, -7971.72, 1558.26, -61.7702, 4.80185, 600, 600, 7, 1), -- Vekniss Drone
(@CGUID+317, 15300, 531, -7937.95, 1506.14, -63.9069, 2.48885, 600, 600, 7, 1), -- Vekniss Drone
(@CGUID+318, 15300, 531, -7917.18, 1468.28, -66.1857, 5.91711, 600, 600, 7, 1), -- Vekniss Drone
(@CGUID+319, 15300, 531, -7907.87, 1421.26, -67.6966, 4.09891, 600, 600, 7, 1), -- Vekniss Drone
(@CGUID+320, 15300, 531, -7919.02, 1376.99, -73.703, 0.305435, 600, 600, 7, 1), -- Vekniss Drone
(@CGUID+321, 15300, 531, -7945.34, 1330.44, -91.3514, 3.31744, 600, 600, 7, 1), -- Vekniss Drone
(@CGUID+322, 15300, 531, -7977.33, 1290.18, -73.9862, 1.3618, 600, 600, 7, 1), -- Vekniss Drone
(@CGUID+323, 15300, 531, -8004.93, 1257.44, -77.3865, 5.60294, 600, 600, 7, 1), -- Vekniss Drone
(@CGUID+324, 15300, 531, -8022.86, 1549.83, -67.2795, 4.19316, 600, 600, 7, 1), -- Vekniss Drone
(@CGUID+325, 15300, 531, -8072.29, 1604.66, -59.0491, 1.78278, 600, 600, 7, 1), -- Vekniss Drone
(@CGUID+326, 15300, 531, -8106.03, 1618.51, -52.4449, 3.80125, 600, 600, 7, 1), -- Vekniss Drone
(@CGUID+327, 15300, 531, -8163.36, 1627.11, -40.2685, 2.93732, 600, 600, 7, 1), -- Vekniss Drone
(@CGUID+328, 15311, 531, -9083.56, 1767.91, -42.7913, 3.22886, 28800, 28800, 0, 0), -- Anubisath Warder
(@CGUID+329, 15311, 531, -9133.91, 1813.15, -42.7389, 5.13127, 28800, 28800, 0, 0), -- Anubisath Warder
(@CGUID+330, 15311, 531, -8997.91, 1920.16, -43.965, 4.29351, 28800, 28800, 0, 0), -- Anubisath Warder
(@CGUID+331, 15311, 531, -8909.5, 1860.69, -22.3739, 3.1765, 28800, 28800, 0, 0), -- Anubisath Warder
(@CGUID+332, 15312, 531, -9140.38, 1802.05, -42.0114, 5.48033, 28800, 28800, 0, 0), -- Obsidian Nullifier
(@CGUID+333, 15312, 531, -9122.17, 1809.71, -42.5086, 4.43314, 28800, 28800, 0, 0), -- Obsidian Nullifier
(@CGUID+334, 15312, 531, -9087.13, 1781.5, -42.4746, 3.57792, 28800, 28800, 0, 0), -- Obsidian Nullifier
(@CGUID+335, 15312, 531, -8919, 1846.38, -23.089, 2.61799, 28800, 28800, 0, 0), -- Obsidian Nullifier
(@CGUID+336, 15312, 531, -8995.44, 1903.27, -41.8788, 3.75246, 28800, 28800, 0, 0), -- Obsidian Nullifier
(@CGUID+337, 15312, 531, -9090.95, 1755.96, -41.9928, 2.86234, 28800, 28800, 0, 0), -- Obsidian Nullifier
(@CGUID+338, 15312, 531, -9016.39, 1920.33, -44.3013, 4.57276, 28800, 28800, 0, 0), -- Obsidian Nullifier
(@CGUID+339, 15312, 531, -8913.27, 1875.2, -22.022, 3.1765, 28800, 28800, 0, 0), -- Obsidian Nullifier
(@CGUID+340, 15316, 531, -9041.65, 1190.66, -104.12, 4.24, 20, 30, 5, 1), -- Qiraji Scarab
(@CGUID+341, 15316, 531, -9025.29, 1235.22, -112.12, 2.61, 20, 30, 5, 1), -- Qiraji Scarab
(@CGUID+342, 15316, 531, -9015.33, 1266.5, -112.11, 1.03, 20, 30, 5, 1), -- Qiraji Scarab
(@CGUID+343, 15316, 531, -9008.58, 1226.52, -112.11, 3.04, 20, 30, 5, 1), -- Qiraji Scarab
(@CGUID+344, 15316, 531, -8991.39, 1200.15, -112.11, 2.8, 20, 30, 5, 1), -- Qiraji Scarab
(@CGUID+345, 15316, 531, -8990.32, 1269.59, -112.11, 0.13, 20, 30, 5, 1), -- Qiraji Scarab
(@CGUID+346, 15316, 531, -8990.09, 1319.85, -104.07, 2.54, 20, 30, 5, 1), -- Qiraji Scarab
(@CGUID+347, 15316, 531, -8983.27, 1219.15, -112.11, 1.03, 20, 30, 5, 1), -- Qiraji Scarab
(@CGUID+348, 15316, 531, -8979.92, 1306.07, -106.26, 1.91, 20, 30, 5, 1), -- Qiraji Scarab
(@CGUID+349, 15316, 531, -8979.38, 1231.1, -112.11, 5.08, 20, 30, 5, 1), -- Qiraji Scarab
(@CGUID+350, 15316, 531, -8969.85, 1194.26, -112.11, 2.46, 20, 30, 5, 1), -- Qiraji Scarab
(@CGUID+351, 15316, 531, -8961.38, 1267.03, -112.11, 0.05, 20, 30, 5, 1), -- Qiraji Scarab
(@CGUID+352, 15316, 531, -8960.69, 1308.83, -106.59, 0.7, 20, 30, 5, 1), -- Qiraji Scarab
(@CGUID+353, 15316, 531, -8960.57, 1180.42, -112.11, 2.83, 20, 30, 5, 1), -- Qiraji Scarab
(@CGUID+354, 15316, 531, -8946.12, 1193.45, -112.11, 4.19, 20, 30, 5, 1), -- Qiraji Scarab
(@CGUID+355, 15316, 531, -8941.39, 1176.03, -112.11, 4.86, 20, 30, 5, 1), -- Qiraji Scarab
(@CGUID+356, 15316, 531, -8932.57, 1217.05, -112.11, 2.7, 20, 30, 5, 1), -- Qiraji Scarab
(@CGUID+357, 15316, 531, -8926.72, 1271.06, -112.11, 4.56, 20, 30, 5, 1), -- Qiraji Scarab
(@CGUID+358, 15316, 531, -8925.15, 1291.84, -112.12, 4.83, 20, 30, 5, 1), -- Qiraji Scarab
(@CGUID+359, 15316, 531, -8912.13, 1257.08, -112.11, 5.52, 20, 30, 5, 1), -- Qiraji Scarab
(@CGUID+360, 15316, 531, -8907.63, 1211.98, -112.11, 3.63, 20, 30, 5, 1), -- Qiraji Scarab
(@CGUID+361, 15316, 531, -8887.09, 1259.5, -112.11, 0.1, 20, 30, 5, 1), -- Qiraji Scarab
(@CGUID+362, 15316, 531, -8861.51, 1233.07, -104.14, 4.96, 20, 30, 5, 1), -- Qiraji Scarab
(@CGUID+363, 15317, 531, -9020.5, 1259.17, -112.2, 4.60366, 20, 30, 5, 1), -- Qiraji Scorpion
(@CGUID+364, 15317, 531, -9004.96, 1249.45, -112.189, 4.47042, 20, 30, 5, 1), -- Qiraji Scorpion
(@CGUID+365, 15317, 531, -9009.99, 1272.72, -112.201, 4.13978, 20, 30, 5, 1), -- Qiraji Scorpion
(@CGUID+366, 15317, 531, -9014.76, 1261.87, -112.201, 4.25732, 20, 30, 5, 1), -- Qiraji Scorpion
(@CGUID+367, 15317, 531, -9000.8, 1269.74, -112.192, 3.17324, 20, 30, 5, 1), -- Qiraji Scorpion
(@CGUID+368, 15317, 531, -8906.86, 1285.33, -112.195, 5.4009, 20, 30, 5, 1), -- Qiraji Scorpion
(@CGUID+369, 15317, 531, -8905.57, 1259.63, -112.192, 1.77915, 20, 30, 5, 1), -- Qiraji Scorpion
(@CGUID+370, 15317, 531, -8894.33, 1271.05, -112.193, 0.0122048, 20, 30, 5, 1), -- Qiraji Scorpion
(@CGUID+371, 15317, 531, -8901.86, 1255.79, -112.192, 5.0554, 20, 30, 5, 1), -- Qiraji Scorpion
(@CGUID+372, 15317, 531, -8885.53, 1259.85, -112.191, 0.0414227, 20, 30, 5, 1), -- Qiraji Scorpion
(@CGUID+373, 15317, 531, -8867.51, 1213.1, -104.218, 5.56339, 20, 30, 5, 1), -- Qiraji Scorpion
(@CGUID+374, 15317, 531, -8860.14, 1191.53, -104.193, 1.96046, 20, 30, 5, 1), -- Qiraji Scorpion
(@CGUID+375, 15317, 531, -8875.34, 1204.35, -104.226, 2.20796, 20, 30, 5, 1), -- Qiraji Scorpion
(@CGUID+376, 15317, 531, -8863.42, 1178.78, -104.149, 3.38267, 20, 30, 5, 1), -- Qiraji Scorpion
(@CGUID+377, 15317, 531, -8873.91, 1185.03, -104.212, 5.47831, 20, 30, 5, 1), -- Qiraji Scorpion
(@CGUID+378, 15317, 531, -8941.37, 1182.83, -112.189, 5.89537, 20, 30, 5, 1), -- Qiraji Scorpion
(@CGUID+379, 15317, 531, -8956.09, 1166.47, -112.108, 0.10472, 20, 30, 5, 1), -- Qiraji Scorpion
(@CGUID+380, 15317, 531, -8953.13, 1185.03, -112.192, 5.06059, 20, 30, 5, 1), -- Qiraji Scorpion
(@CGUID+381, 15317, 531, -8967.35, 1165.74, -112.2, 2.9592, 20, 30, 5, 1), -- Qiraji Scorpion
(@CGUID+382, 15317, 531, -8962.96, 1177.33, -112.192, 5.72301, 20, 30, 5, 1), -- Qiraji Scorpion
(@CGUID+383, 15317, 531, -8958.02, 1261.19, -112.192, 3.84043, 20, 30, 5, 1), -- Qiraji Scorpion
(@CGUID+384, 15317, 531, -8962.79, 1255.11, -112.193, 4.3816, 20, 30, 5, 1), -- Qiraji Scorpion
(@CGUID+385, 15317, 531, -8972.47, 1263.49, -112.192, 3.35233, 20, 30, 5, 1), -- Qiraji Scorpion
(@CGUID+386, 15317, 531, -8982.58, 1268.48, -112.192, 1.34994, 20, 30, 5, 1), -- Qiraji Scorpion
(@CGUID+387, 15317, 531, -8951.45, 1285.19, -112.193, 3.33876, 20, 30, 5, 1), -- Qiraji Scorpion
(@CGUID+388, 15317, 531, -8904.08, 1216.64, -112.193, 6.26552, 20, 30, 5, 1), -- Qiraji Scorpion
(@CGUID+389, 15317, 531, -8925.78, 1221.35, -112.192, 1.22091, 20, 30, 5, 1), -- Qiraji Scorpion
(@CGUID+390, 15317, 531, -8910.52, 1206.11, -112.11, 4.08407, 20, 30, 5, 1), -- Qiraji Scorpion
(@CGUID+391, 15317, 531, -8917.12, 1216.25, -112.193, 1.32301, 20, 30, 5, 1), -- Qiraji Scorpion
(@CGUID+392, 15317, 531, -8932.16, 1207.21, -112.192, 5.48034, 20, 30, 5, 1), -- Qiraji Scorpion
(@CGUID+393, 15317, 531, -9027.57, 1165.17, -104.184, 5.93627, 20, 30, 5, 1), -- Qiraji Scorpion
(@CGUID+394, 15317, 531, -9025.28, 1188, -104.223, 0.185053, 20, 30, 5, 1), -- Qiraji Scorpion
(@CGUID+395, 15317, 531, -9041.64, 1180.35, -104.182, 6.00331, 20, 30, 5, 1), -- Qiraji Scorpion
(@CGUID+396, 15317, 531, -9037.42, 1199.08, -104.218, 1.79552, 20, 30, 5, 1), -- Qiraji Scorpion
(@CGUID+397, 15317, 531, -9045.97, 1187.99, -104.153, 0.356153, 20, 30, 5, 1), -- Qiraji Scorpion
(@CGUID+398, 15317, 531, -8950.65, 1210.44, -112.193, 6.26091, 20, 30, 5, 1), -- Qiraji Scorpion
(@CGUID+399, 15317, 531, -8947.85, 1250.14, -112.193, 5.64062, 20, 30, 5, 1), -- Qiraji Scorpion
(@CGUID+400, 15317, 531, -8962.6,  1198.53, -112.192, 4.42085, 20, 30, 5, 1), -- Qiraji Scorpion
(@CGUID+401, 15317, 531, -8937.81, 1229.07, -112.193, 4.47785, 20, 30, 5, 1), -- Qiraji Scorpion
(@CGUID+402, 15317, 531, -8954.8,  1234.6, -112.521, 1.46425, 20, 30, 5, 1), -- Qiraji Scorpion
(@CGUID+403, 15317, 531, -8994.01, 1224.54, -112.191, 3.28426, 20, 30, 5, 1), -- Qiraji Scorpion
(@CGUID+404, 15317, 531, -8992.59, 1214.39, -112.193, 6.08263, 20, 30, 5, 1), -- Qiraji Scorpion
(@CGUID+405, 15317, 531, -8982.47, 1210.15, -112.193, 1.04671, 20, 30, 5, 1), -- Qiraji Scorpion
(@CGUID+406, 15317, 531, -8978.36, 1197.77, -112.193, 2.4892, 20, 30, 5, 1), -- Qiraji Scorpion
(@CGUID+407, 15317, 531, -8989,    1202.58, -112.193, 1.7322, 20, 30, 5, 1), -- Qiraji Scorpion
(@CGUID+408, 15317, 531, -8966.95, 1337.85, -104.152, 6.26146, 20, 30, 5, 1), -- Qiraji Scorpion
(@CGUID+409, 15317, 531, -8953.28, 1323.53, -104.155, 6.23162, 20, 30, 5, 1), -- Qiraji Scorpion
(@CGUID+410, 15317, 531, -8955.11, 1344.16, -104.127, 0.686889, 20, 30, 5, 1), -- Qiraji Scorpion
(@CGUID+411, 15317, 531, -8951.16, 1332.96, -104.156, 2.97784, 20, 30, 5, 1), -- Qiraji Scorpion
(@CGUID+412, 15317, 531, -9001.72, 1322.95, -104.153, 4.1495, 20, 30, 5, 1), -- Qiraji Scorpion
(@CGUID+413, 15317, 531, -9041.21, 1418.47, -105.216, 6.05629, 20, 30, 5, 1), -- Qiraji Scorpion
(@CGUID+414, 15317, 531, -9044.05, 1416.1,  -105.136, 5.07891, 20, 30, 5, 1), -- Qiraji Scorpion
(@CGUID+415, 15317, 531, -9052.25, 1412.9,  -105.12, 2.07694, 20, 30, 5, 1), -- Qiraji Scorpion
(@CGUID+416, 15317, 531, -9054.13, 1419.32, -105.988, 3.31613, 20, 30, 5, 1), -- Qiraji Scorpion
(@CGUID+417, 15317, 531, -9169.24, 1474.29, -98.1862, 4.57276, 20, 30, 5, 1), -- Qiraji Scorpion
(@CGUID+418, 15317, 531, -9177.54, 1473.7,  -98.7621, 3.29867, 20, 30, 5, 1), -- Qiraji Scorpion
(@CGUID+419, 15317, 531, -9169.68, 1478.29, -97.6799, 1.0472, 20, 30, 5, 1), -- Qiraji Scorpion
(@CGUID+420, 15317, 531, -9179.27, 1481.83, -96.9594, 1.01229, 20, 30, 5, 1), -- Qiraji Scorpion
(@CGUID+421, 15317, 531, -9202.69, 1517.66, -89.0815, 2.89137, 20, 30, 5, 1), -- Qiraji Scorpion
(@CGUID+422, 15317, 531, -9197.69, 1520.21, -88.2333, 6.23083, 20, 30, 5, 1), -- Qiraji Scorpion
(@CGUID+423, 15317, 531, -9206.6,  1528.84, -86.3935, 1.35404, 20, 30, 5, 1), -- Qiraji Scorpion
(@CGUID+424, 15317, 531, -9205.34, 1531.49, -85.5816, 5.42139, 20, 30, 5, 1), -- Qiraji Scorpion
(@CGUID+425, 15317, 531, -9098.2,  1357.66, -105.474, 0.733038, 20, 30, 5, 1), -- Qiraji Scorpion
(@CGUID+426, 15317, 531, -9098.35, 1364.72, -105.084, 2.56563, 20, 30, 5, 1), -- Qiraji Scorpion
(@CGUID+427, 15317, 531, -9090.99, 1356.73, -104.919, 3.12414, 20, 30, 5, 1), -- Qiraji Scorpion
(@CGUID+428, 15317, 531, -9091.8,  1342.17, -105.409, 5.34071, 20, 30, 5, 1), -- Qiraji Scorpion
(@CGUID+429, 15317, 531, -9103.65, 1446.38, -105.606, 6.09081, 20, 30, 5, 1), -- Qiraji Scorpion
(@CGUID+430, 15317, 531, -9122.58, 1402.76, -105.139, 1.42396, 20, 30, 5, 1), -- Qiraji Scorpion
(@CGUID+431, 15317, 531, -9211.99, 1577.88, -75.2209, 4.27606, 20, 30, 5, 1), -- Qiraji Scorpion
(@CGUID+432, 15317, 531, -9220.24, 1574.16, -76.4517, 0.506145, 20, 30, 5, 1), -- Qiraji Scorpion
(@CGUID+433, 15317, 531, -9234,    1568.05, -77.4827, 1.60823, 20, 30, 5, 1), -- Qiraji Scorpion
(@CGUID+434, 15317, 531, -8902.26, 1526.47, -93.7716, 2.63407, 20, 30, 0, 2), -- Qiraji Scorpion
(@CGUID+435, 15317, 531, -8755.70, 1575.75, -88.6567, 2.64119, 20, 30, 0, 2), -- Qiraji Scorpion
(@CGUID+436, 15317, 531, -8786.31, 1625.39, -87.0289, 0.9995, 20, 30, 0, 2), -- Qiraji Scorpion
(@CGUID+437, 15317, 531, -8829.26, 1495.04, -93.8074, 0.651582, 20, 30, 0, 2), -- Qiraji Scorpion
(@CGUID+438, 15317, 531, -8891.03, 1566.13, -95.0462, 0.963794, 20, 30, 0, 2), -- Qiraji Scorpion
(@CGUID+439, 15317, 531, -8926.20, 1370.36, -104.201, 5.966976, 20, 30, 0, 2), -- Qiraji Scorpion
(@CGUID+440, 15317, 531, -9071.47, 1387.37, -107.029, 3.72829, 20, 30, 5, 1), -- Qiraji Scorpion
(@CGUID+441, 15317, 531, -9077.94, 1381.13, -106.663, 1.17318, 20, 30, 5, 1), -- Qiraji Scorpion
(@CGUID+442, 15317, 531, -9089.3,  1401.04, -107.118, 0.60321, 20, 30, 5, 1), -- Qiraji Scorpion
(@CGUID+443, 15317, 531, -9075.86, 1399.42, -106.666, 0.139626, 20, 30, 5, 1), -- Qiraji Scorpion
(@CGUID+444, 15317, 531, -9191.72, 1653.48, -64.6852, 2.32718, 20, 30, 5, 1), -- Qiraji Scorpion
(@CGUID+445, 15317, 531, -9032.16, 1322.91, -104.044, 2.07694, 20, 30, 5, 1), -- Qiraji Scorpion
(@CGUID+446, 15317, 531, -9179.3,  1667.07, -60.5059, 2.56563, 20, 30, 5, 1), -- Qiraji Scorpion
(@CGUID+447, 15317, 531, -9189.78, 1675.19, -59.4095, 3.12414, 20, 30, 5, 1), -- Qiraji Scorpion
(@CGUID+448, 15317, 531, -9197.97, 1678.84, -58.491, 5.34071, 20, 30, 5, 1), -- Qiraji Scorpion
(@CGUID+449, 15317, 531, -9180.08, 1683.3,  -55.1011, 4.72984, 20, 30, 5, 1), -- Qiraji Scorpion
(@CGUID+450, 15317, 531, -9188.11, 1629.72, -68.9029, 2.52805, 20, 30, 5, 1), -- Qiraji Scorpion
(@CGUID+451, 15378, 531, -8652.15, 2020.91, 108.661, 4.01426, 300, 300, 0, 0), -- Merithra of the Dream
(@CGUID+452, 15379, 531, -8660.59, 2022.34, 108.661, 4.03171, 300, 300, 0, 0), -- Caelestrasz
(@CGUID+453, 15380, 531, -8663.46, 2029.89, 108.661, 4.31096, 300, 300, 0, 0), -- Arygos
(@CGUID+454, 15502, 531, -8496.15, 1932.62, 135.738, 1.309, 300, 300, 0, 0), -- Andorgos
(@CGUID+455, 15503, 531, -8500.15, 1937.38, 135.755, 0.471239, 300, 300, 0, 0), -- Kandrostrasz
(@CGUID+456, 15504, 531, -8499.58, 1933.64, 135.709, 0.977384, 300, 300, 0, 0), -- Vethsera
(@CGUID+457, 15509, 531, -8532.09, 1696.53, -90.26, 1.57, 604800, 604800, 0, 2), -- Princess Huhuran
(@CGUID+458, 15510, 531, -8085.39, 1196.72, -91.97, 0.62, 604800, 604800, 5, 1), -- Fankriss the Unyielding
(@CGUID+459, 15511, 531, -8566.88, 2177.17, -3.97898, 4.2237, 604800, 604800, 0, 0), -- Lord Kri
(@CGUID+460, 15516, 531, -8281.8828125000, 1688.6496582031250, -25.9406890869140625, 0.0, 604800, 604800, 0, 0), -- Battleguard Sartura
(@CGUID+461, 15543, 531, -8587.96, 2174.21, -4.14782, 4.93928, 604800, 604800, 0, 0), -- Princess Yauj
(@CGUID+462, 15544, 531, -8544.09, 2165, -3.47705, 2.9147, 604800, 604800, 0, 2), -- Vem
(@CGUID+463, 15589, 531, -8578.79, 1986.18, 100.304, 3.50811, 604800, 604800, 0, 0), -- Eye of C'Thun
(@CGUID+464, 15727, 531, -8578.65, 1985.85, 100.304, 3.49066, 604800, 604800, 0, 0), -- C'Thun
(@CGUID+465, 15896, 531, -8578.1, 1986.94, 100.304, 2.30383, 25, 25, 0, 0), -- C'Thun Portal
(@CGUID+466, 15957, 531, -9173.58, 2103.85, -64.7893, 3.56047, 604800, 604800, 0, 0), -- Ouro Spawner
(@CGUID+467, 15963, 531, -8953.3, 1233.64, -99.718, 5.3058, 604800, 604800, 0, 0), -- The Master's Eye
(@CGUID+468, 15984, 531, -8272.6230468750, 1681.0164794921875, -27.7749671936035156, 0.0, 604800, 604800, 0, 0), -- Sartura's Royal Guard
(@CGUID+469, 15984, 531, -8285.5244140625, 1693.6724853515625, -23.7936439514160156, 0.0, 604800, 604800, 0, 0), -- Sartura's Royal Guard
(@CGUID+470, 15984, 531, -8284.9335937500, 1679.3469238281250, -26.8159446716308593, 0.0, 604800, 604800, 0, 0), -- Sartura's Royal Guard
-- Beetle
(@CGUID+471, 15475, 531, -8344.54, 1795.33, -1.97901, 5.19843, 25, 25, 12, 1),
(@CGUID+472, 15475, 531, -8414.74, 2047.43, 9.12548, 1.67446, 25, 25, 20, 1),
(@CGUID+473, 15475, 531, -8135.83, 1625.26, -46.2072, 2.84554, 25, 25, 15, 1),
(@CGUID+474, 15475, 531, -8129.2, 1665.79, -43.4032, 2.99477, 25, 25, 10, 1),
(@CGUID+475, 15475, 531, -8216.82, 1292.43, -89.5991, 2.14113, 25, 25, 15, 1),
(@CGUID+476, 15475, 531, -8103.6, 1152.52, -90.6488, 4.22638, 25, 25, 10, 1),
(@CGUID+477, 15475, 531, -8916.49, 1435.11, -93.333, 5.59827, 25, 25, 15, 1),
(@CGUID+478, 15475, 531, -8403.8, 2039.31, 116.125, 5.70356, 25, 25, 10, 1),
(@CGUID+479, 15475, 531, -8420.68, 2069.09, 116.13, 1.74123, 25, 25, 10, 1),
(@CGUID+480, 15475, 531, -8409.27, 2050.46, 116.128, 0.500299, 25, 25, 10, 1),
(@CGUID+481, 15475, 531, -8428.02, 2035.66, 116.34, 4.60793, 25, 25, 6, 1),
(@CGUID+482, 15475, 531, -8579.75, 1986.05, -2.0628, 2.45987, 25, 25, 12, 1),
(@CGUID+483, 15475, 531, -8567.88, 1971.78, -2.47024, 1.61164, 25, 25, 12, 1),
(@CGUID+484, 15475, 531, -8381.56, 1890.11, 2.75767, 5.06806, 25, 25, 12, 1),
(@CGUID+485, 15475, 531, -7999.66, 1267.33, -75.0289, 3.97269, 25, 25, 15, 1),
(@CGUID+486, 15475, 531, -7926, 1371.81, -77.0835, 4.4832, 25, 25, 10, 1),
(@CGUID+487, 15475, 531, -9085.76, 1484.46, -105.346, 6.2643, 25, 25, 10, 1),
(@CGUID+488, 15475, 531, -9227.32, 2138.96, -68.2062, 2.82271, 25, 25, 5, 1),
(@CGUID+489, 15475, 531, -9112.3, 2139.83, -61.7221, 2.01768, 25, 25, 5, 1),
(@CGUID+490, 15475, 531, -9165.88, 2029.25, -61.2332, 0.80424, 25, 25, 5, 1),
(@CGUID+491, 15384, 531, -8577.317, 1988.1116, 101.22037, 0.471239, 604800, 604800, 0, 2), -- World Trigger
(@CGUID+492, 15384, 531, -8546.25, 1987.52, -96.4368, 0.331613, 604800, 604800, 0, 0), -- World Trigger
(@CGUID+493, 15800, 531, -8546.25, 1987.52, -96.4485, 0.331613, 604800, 604800, 0, 0), -- Exit Trigger
(@CGUID+494, 15426, 531, -8983.97, 1392.38, -82.8312, 3.63028, 120, 120, 0, 0), -- Ahn'Qiraj Trigger
(@CGUID+495, 15426, 531, -8337.53, 1731.16, 31.2425, 5.95157, 120, 120, 0, 0), -- Ahn'Qiraj Trigger
(@CGUID+496, 15426, 531, -8336.39, 2176.26, 127.997, 2.1293, 120, 120, 0, 0), -- Ahn'Qiraj Trigger
(@CGUID+497, 15426, 531, -8313.15, 2045.8, 137.829, 4.18879, 120, 120, 0, 0), -- Ahn'Qiraj Trigger
(@CGUID+498, 15426, 531, -8163.71, 2179.06, 130.421, 5.51524, 120, 120, 0, 0), -- Ahn'Qiraj Trigger
(@CGUID+499, 15426, 531, -7994.35, 1000.06, 2.59934, 2.60054, 120, 120, 0, 0), -- Ahn'Qiraj Trigger
(@CGUID+500, 15426, 531, -8651.2, 2071.6, 20.505, 2.49582, 120, 120, 0, 0), -- Ahn'Qiraj Trigger
(@CGUID+501, 15695, 531, -8945.27, 1180.81, -112.208, 5.34071, 120, 120, 0, 0); -- Vek Twins Trigger

INSERT INTO `creature_spawn_entry` (`guid`, `entry`) VALUES
(@CGUID+56, 15236),(@CGUID+56, 15249), -- Vekniss Wasp, Qiraji Lasher
(@CGUID+59, 15236),(@CGUID+59, 15249), -- Vekniss Wasp, Qiraji Lasher
(@CGUID+62, 15236),(@CGUID+62, 15249), -- Vekniss Wasp, Qiraji Lasher
(@CGUID+65, 15236),(@CGUID+65, 15249), -- Vekniss Wasp, Qiraji Lasher
(@CGUID+68, 15236),(@CGUID+68, 15249), -- Vekniss Wasp, Qiraji Lasher
(@CGUID+71, 15236),(@CGUID+71, 15249), -- Vekniss Wasp, Qiraji Lasher
(@CGUID+78, 15246),(@CGUID+78, 15250), -- Qiraji Mindslayer, Qiraji Slayer
(@CGUID+79, 15246),(@CGUID+79, 15250), -- Qiraji Mindslayer, Qiraji Slayer
(@CGUID+80, 15246),(@CGUID+80, 15250), -- Qiraji Mindslayer, Qiraji Slayer
(@CGUID+81, 15246),(@CGUID+81, 15250), -- Qiraji Mindslayer, Qiraji Slayer
(@CGUID+82, 15246),(@CGUID+82, 15250), -- Qiraji Mindslayer, Qiraji Slayer
(@CGUID+83, 15246),(@CGUID+83, 15250), -- Qiraji Mindslayer, Qiraji Slayer
(@CGUID+84, 15246),(@CGUID+84, 15250), -- Qiraji Mindslayer, Qiraji Slayer
(@CGUID+85, 15246),(@CGUID+85, 15250), -- Qiraji Mindslayer, Qiraji Slayer
(@CGUID+86, 15246),(@CGUID+86, 15250), -- Qiraji Mindslayer, Qiraji Slayer
(@CGUID+87, 15246),(@CGUID+87, 15250), -- Qiraji Mindslayer, Qiraji Slayer
(@CGUID+88, 15246),(@CGUID+88, 15250), -- Qiraji Mindslayer, Qiraji Slayer
(@CGUID+89, 15246),(@CGUID+89, 15250), -- Qiraji Mindslayer, Qiraji Slayer
(@CGUID+90, 15246),(@CGUID+90, 15250), -- Qiraji Mindslayer, Qiraji Slayer
(@CGUID+91, 15246),(@CGUID+91, 15250), -- Qiraji Mindslayer, Qiraji Slayer
(@CGUID+92, 15246),(@CGUID+92, 15250), -- Qiraji Mindslayer, Qiraji Slayer
(@CGUID+93, 15246),(@CGUID+93, 15250), -- Qiraji Mindslayer, Qiraji Slayer
(@CGUID+94, 15246),(@CGUID+94, 15250), -- Qiraji Mindslayer, Qiraji Slayer
(@CGUID+95, 15246),(@CGUID+95, 15250), -- Qiraji Mindslayer, Qiraji Slayer
(@CGUID+96, 15246),(@CGUID+96, 15250), -- Qiraji Mindslayer, Qiraji Slayer
(@CGUID+97, 15246),(@CGUID+97, 15250), -- Qiraji Mindslayer, Qiraji Slayer
(@CGUID+98, 15246),(@CGUID+98, 15250), -- Qiraji Mindslayer, Qiraji Slayer
(@CGUID+99, 15246),(@CGUID+99, 15250), -- Qiraji Mindslayer, Qiraji Slayer
(@CGUID+100, 15246),(@CGUID+100, 15250), -- Qiraji Mindslayer, Qiraji Slayer
(@CGUID+101, 15246),(@CGUID+101, 15250), -- Qiraji Mindslayer, Qiraji Slayer
(@CGUID+102, 15246),(@CGUID+102, 15250), -- Qiraji Mindslayer, Qiraji Slayer
(@CGUID+103, 15246),(@CGUID+103, 15250), -- Qiraji Mindslayer, Qiraji Slayer
(@CGUID+104, 15246),(@CGUID+104, 15250), -- Qiraji Mindslayer, Qiraji Slayer
(@CGUID+105, 15246),(@CGUID+105, 15250), -- Qiraji Mindslayer, Qiraji Slayer
(@CGUID+106, 15246),(@CGUID+106, 15250), -- Qiraji Mindslayer, Qiraji Slayer
(@CGUID+107, 15246),(@CGUID+107, 15250), -- Qiraji Mindslayer, Qiraji Slayer
(@CGUID+108, 15246),(@CGUID+108, 15250), -- Qiraji Mindslayer, Qiraji Slayer
(@CGUID+109, 15246),(@CGUID+109, 15250); -- Qiraji Mindslayer, Qiraji Slayer

REPLACE INTO `creature_spawn_data_template` (`entry`, `RelayId`, `Name`) VALUES (1523001, 30598, 'Vekniss Warrior (15230) - RelayScript (30598)');
REPLACE INTO `creature_spawn_data` (`guid`, `id`) SELECT `guid`, 1523001 FROM `creature` WHERE `guid` BETWEEN @CGUID+7 AND @CGUID+12;

-- ===========
-- GAMEOBJECTS
-- ===========

INSERT INTO `gameobject` (`guid`, `id`, `map`, `position_x`, `position_y`, `position_z`, `orientation`, `rotation0`, `rotation1`, `rotation2`, `rotation3`, `spawntimesecsmin`, `spawntimesecsmax`) VALUES
(@OGUID+1, 180634, 531, -8929.61, 1344.38, -104.211, 3.84846, 0, 0, -0.938191, 0.346119, 7200, 7200), -- Door
(@OGUID+2, 180635, 531, -9016.36, 1330.68, -104.211, 2.80125, 0, 0, 0.985556, 0.169352, 7200, 7200), -- Door
(@OGUID+3, 180636, 531, -8429.59, 2048.81, 153.309, 3.51685, 0, 0, -0.982449, 0.186529, 7200, 7200), -- Door
(@OGUID+4, 180690, 531, -8561.12, 1989.54, -3.09152, 4.18879, 0, 0, -0.866025, 0.500001, 7200, 7200), -- Large Scarab Coffer
(@OGUID+5, 180690, 531, -8134.14, 1125.44, -86.2664, 2.51327, 0, 0, 0.951056, 0.309017, 7200, 7200), -- Large Scarab Coffer
(@OGUID+6, 180690, 531, -8583.56, 1287.91, -68.8899, 1.6057, 0, 0, 0.719339, 0.694659, 7200, 7200), -- Large Scarab Coffer
(@OGUID+7, 180690, 531, -8674.74, 1594.59, -86.1393, 3.57793, 0, 0, -0.976296, 0.216442, 7200, 7200), -- Large Scarab Coffer
(@OGUID+8, 180690, 531, -8882.01, 1347.22, -92.5825, 1.13446, 0, 0, 0.537299, 0.843392, 7200, 7200), -- Large Scarab Coffer
(@OGUID+9, 180690, 531, -9242.85, 1567.7, -77.3522, 0.488691, 0, 0, 0.241921, 0.970296, 7200, 7200), -- Large Scarab Coffer
(@OGUID+10, 180690, 531, -9106.09, 1502.93, -100.001, 5.07891, 0, 0, -0.566406, 0.824126, 7200, 7200), -- Large Scarab Coffer
(@OGUID+11, 180690, 531, -8928.15, 1823.57, -18.932, 1.09956, 0, 0, 0.522498, 0.852641, 7200, 7200), -- Large Scarab Coffer
(@OGUID+12, 180690, 531, -9201.08, 1486.46, -95.1725, 2.00713, 0, 0, 0.843391, 0.5373, 7200, 7200), -- Large Scarab Coffer
(@OGUID+13, 180690, 531, -9161.58, 1579.33, -79.9399, 1.88495, 0, 0, 0.809016, 0.587786, 7200, 7200), -- Large Scarab Coffer
(@OGUID+14, 180690, 531, -9203.9, 1961.31, -50.1677, 1.55334, 0, 0, 0.700909, 0.713251, 7200, 7200), -- Large Scarab Coffer
(@OGUID+15, 180745, 531, -8660.63, 2022.4, 108.577, 3.64774, 0, 0, -0.968147, 0.250381, 7200, 7200), -- Grasp of C'Thun
(@OGUID+16, 180745, 531, -8652.2, 2020.92, 108.577, 0.244346, 0, 0, 0.121869, 0.992546, 7200, 7200), -- Grasp of C'Thun
(@OGUID+17, 180745, 531, -8663.34, 2029.9, 108.577, 4.45059, 0, 0, -0.793353, 0.608762, 7200, 7200); -- Grasp of C'Thun

INSERT INTO `gameobject_addon` (`guid`, `state`) VALUES
(@OGUID+1, 1);

-- ======
-- EVENTS
-- ======

-- INSERT INTO `game_event_creature` (`guid`, `event`) VALUES
-- INSERT INTO `game_event_creature_data` (`guid`, `entry_id`, `modelid`, `equipment_id`, `spell_start`, `spell_end`, `event`) VALUES
-- INSERT INTO `game_event_gameobject` (`guid`, `event`) VALUES

-- ============
-- SPAWN GROUPS
-- ============

INSERT INTO `spawn_group` (`Id`, `Name`, `Type`, `MaxCount`, `WorldState`, `Flags`) VALUES
(@GROUP_ID+0, 'Temple of Ahn\'Qiraj - Qiraji Champion (5) Patrol 000', 0, 0, 0, 3),
(@GROUP_ID+1, 'Temple of Ahn\'Qiraj - Qiraji Champion (5) Patrol 001', 0, 0, 0, 3),
(@GROUP_ID+2, 'Temple of Ahn\'Qiraj - Qiraji Champion (5) Patrol 002', 0, 0, 0, 3),
(@GROUP_ID+3, 'Temple of Ahn\'Qiraj - Qiraji Champion (5) Patrol 003', 0, 0, 0, 3),
(@GROUP_ID+4, 'Temple of Ahn\'Qiraj - Qiraji Champion (5) Patrol 004', 0, 0, 0, 3),
(@GROUP_ID+5, 'Temple of Ahn\'Qiraj - Qiraji Champion (5) Patrol 005', 0, 0, 0, 3),
(@GROUP_ID+6, 'Temple of Ahn\'Qiraj - Qiraji Champion (5) Patrol 006', 0, 0, 0, 1), -- SPAWN POSITON NOT KNOWN, GROUP DOES NOT REFILL AFTER COMBAT
(@GROUP_ID+7, 'Temple of Ahn\'Qiraj - Qiraji Champion (5) Patrol 007', 0, 0, 0, 3),
(@GROUP_ID+8, 'Temple of Ahn\'Qiraj - Vekniss Warrior (3) Patrol 000', 0, 0, 0, 1),
(@GROUP_ID+9, 'Temple of Ahn\'Qiraj - Vekniss Warrior (3) Patrol 001', 0, 0, 0, 1),
(@GROUP_ID+10, 'Temple of Ahn''Qiraj - Battleguard Sartura (4)', 0, 0, 0, 3),
(@GROUP_ID+11, 'Temple of Ahn\'Qiraj - Vekniss Hive Crawler (2) Patrol 000', 0, 0, 0, 1),
(@GROUP_ID+12, 'Temple of Ahn\'Qiraj - Vekniss Hive Crawler (2) Patrol 001', 0, 0, 0, 1),
(@GROUP_ID+13, 'Temple of Ahn\'Qiraj - Vekniss Hive Crawler (2) Patrol 002', 0, 0, 0, 1),
(@GROUP_ID+14, 'Temple of Ahn\'Qiraj - Qiraji Brainwasher (1) | Vekniss Guardian (2)', 0, 0, @GROUP_ID+10, 3),
(@GROUP_ID+15, 'Temple of Ahn\'Qiraj - Qiraji Brainwasher (1) | Vekniss Guardian (3)', 0, 0, @GROUP_ID+10, 3),
(@GROUP_ID+16, 'Temple of Ahn\'Qiraj - Qiraji Brainwasher (2) | Vekniss Guardian (3)', 0, 0, @GROUP_ID+10, 3),
(@GROUP_ID+17, 'Temple of Ahn\'Qiraj - Qiraji Brainwasher (2) | Vekniss Guardian (3)', 0, 0, @GROUP_ID+10, 3),
(@GROUP_ID+18, 'Temple of Ahn\'Qiraj - Vekniss Guardian (6)', 0, 0, @GROUP_ID+10, 3),
(@GROUP_ID+19, 'Temple of Ahn\'Qiraj - Vekniss Guardian (6)', 0, 0, @GROUP_ID+10, 3),
(@GROUP_ID+20, 'Temple of Ahn\'Qiraj - Vekniss Guardian (6)', 0, 0, @GROUP_ID+10, 3),
(@GROUP_ID+21, 'Temple of Ahn\'Qiraj - Vekniss Guardian (6)', 0, 0, @GROUP_ID+10, 3);

-- INSERT INTO `spawn_group_entry` (`Id`, `Entry`, `MinCount`, `MaxCount`, `Chance`) VALUES

INSERT INTO `spawn_group_spawn` (`Id`, `Guid`, `SlotId`) VALUES
(@GROUP_ID+0, @CGUID+159, 0),(@GROUP_ID+0, @CGUID+86, 1),(@GROUP_ID+0, @CGUID+87, 2),(@GROUP_ID+0, @CGUID+88, 3),(@GROUP_ID+0, @CGUID+89, 4),
(@GROUP_ID+1, @CGUID+155, 0),(@GROUP_ID+1, @CGUID+78, 1),(@GROUP_ID+1, @CGUID+79, 2),(@GROUP_ID+1, @CGUID+80, 3),(@GROUP_ID+1, @CGUID+81, 4),
(@GROUP_ID+2, @CGUID+160, 0),(@GROUP_ID+2, @CGUID+82, 1),(@GROUP_ID+2, @CGUID+83, 2),(@GROUP_ID+2, @CGUID+84, 3),(@GROUP_ID+2, @CGUID+85, 4),
(@GROUP_ID+3, @CGUID+156, 0),(@GROUP_ID+3, @CGUID+94, 1),(@GROUP_ID+3, @CGUID+95, 2),(@GROUP_ID+3, @CGUID+96, 3),(@GROUP_ID+3, @CGUID+97, 4),
(@GROUP_ID+4, @CGUID+161, 0),(@GROUP_ID+4, @CGUID+90, 1),(@GROUP_ID+4, @CGUID+91, 2),(@GROUP_ID+4, @CGUID+92, 3),(@GROUP_ID+4, @CGUID+93, 4),
(@GROUP_ID+5, @CGUID+157, 0),(@GROUP_ID+5, @CGUID+98, 1),(@GROUP_ID+5, @CGUID+99, 2),(@GROUP_ID+5, @CGUID+100, 3),(@GROUP_ID+5, @CGUID+101, 4),
(@GROUP_ID+6, @CGUID+154, 0),(@GROUP_ID+6, @CGUID+106, 1),(@GROUP_ID+6, @CGUID+107, 2),(@GROUP_ID+6, @CGUID+108, 3),(@GROUP_ID+6, @CGUID+109, 4),
(@GROUP_ID+7, @CGUID+158, 0),(@GROUP_ID+7, @CGUID+102, 1),(@GROUP_ID+7, @CGUID+103, 2),(@GROUP_ID+7, @CGUID+104, 3),(@GROUP_ID+7, @CGUID+105, 4),
(@GROUP_ID+8, @CGUID+7, 0),(@GROUP_ID+8, @CGUID+8, 1),(@GROUP_ID+8, @CGUID+9, 2),
(@GROUP_ID+9, @CGUID+10, 0),(@GROUP_ID+9, @CGUID+11, 1),(@GROUP_ID+9, @CGUID+12, 2),
(@GROUP_ID+10, @CGUID+460, 0),(@GROUP_ID+10, @CGUID+468, 1),(@GROUP_ID+10, @CGUID+469, 2),(@GROUP_ID+10, @CGUID+470, 3),
(@GROUP_ID+11, @CGUID+72, 0),(@GROUP_ID+11, @CGUID+73, 1),
(@GROUP_ID+12, @CGUID+74, 0),(@GROUP_ID+12, @CGUID+75, 1),
(@GROUP_ID+13, @CGUID+76, 0),(@GROUP_ID+13, @CGUID+77, 1),
(@GROUP_ID+14, @CGUID+110, 0),(@GROUP_ID+14, @CGUID+13, 1),(@GROUP_ID+14, @CGUID+14, 2),
(@GROUP_ID+15, @CGUID+111, 0),(@GROUP_ID+15, @CGUID+15, 1),(@GROUP_ID+15, @CGUID+16, 2),(@GROUP_ID+15, @CGUID+17, 3),
(@GROUP_ID+16, @CGUID+112, 0),(@GROUP_ID+16, @CGUID+113, 1),(@GROUP_ID+16, @CGUID+18, 2),(@GROUP_ID+16, @CGUID+19, 3),(@GROUP_ID+16, @CGUID+20, 4),
(@GROUP_ID+17, @CGUID+114, 0),(@GROUP_ID+17, @CGUID+115, 1),(@GROUP_ID+17, @CGUID+21, 2),(@GROUP_ID+17, @CGUID+22, 3),(@GROUP_ID+17, @CGUID+23, 4),
(@GROUP_ID+18, @CGUID+24, 0),(@GROUP_ID+18, @CGUID+25, 1),(@GROUP_ID+18, @CGUID+26, 2),(@GROUP_ID+18, @CGUID+27, 3),(@GROUP_ID+18, @CGUID+28, 4),(@GROUP_ID+18, @CGUID+29, 5),
(@GROUP_ID+19, @CGUID+30, 0),(@GROUP_ID+19, @CGUID+31, 1),(@GROUP_ID+19, @CGUID+32, 2),(@GROUP_ID+19, @CGUID+33, 3),(@GROUP_ID+19, @CGUID+34, 4),(@GROUP_ID+19, @CGUID+35, 5),
(@GROUP_ID+20, @CGUID+36, 0),(@GROUP_ID+20, @CGUID+37, 1),(@GROUP_ID+20, @CGUID+38, 2),(@GROUP_ID+20, @CGUID+39, 3),(@GROUP_ID+20, @CGUID+40, 4),(@GROUP_ID+20, @CGUID+41, 5),
(@GROUP_ID+21, @CGUID+42, 0),(@GROUP_ID+21, @CGUID+43, 1),(@GROUP_ID+21, @CGUID+44, 2),(@GROUP_ID+21, @CGUID+45, 3),(@GROUP_ID+21, @CGUID+46, 4),(@GROUP_ID+21, @CGUID+47, 5);

INSERT INTO `spawn_group_formation` (`Id`, `FormationType`, `FormationSpread`, `FormationOptions`, `PathId`, `MovementType`, `Comment`) VALUES
(@GROUP_ID+0, 6, 6, 0, @GROUP_ID+0, 4, 'Temple of Ahn\'Qiraj - Qiraji Champion (5) Patrol 000'),
(@GROUP_ID+1, 6, 6, 0, @GROUP_ID+1, 4, 'Temple of Ahn\'Qiraj - Qiraji Champion (5) Patrol 001'),
(@GROUP_ID+2, 6, 6, 0, @GROUP_ID+2, 2, 'Temple of Ahn\'Qiraj - Qiraji Champion (5) Patrol 002'),
(@GROUP_ID+3, 6, 6, 0, @GROUP_ID+3, 4, 'Temple of Ahn\'Qiraj - Qiraji Champion (5) Patrol 003'),
(@GROUP_ID+4, 6, 6, 0, @GROUP_ID+4, 4, 'Temple of Ahn\'Qiraj - Qiraji Champion (5) Patrol 004'),
(@GROUP_ID+5, 6, 6, 0, @GROUP_ID+5, 2, 'Temple of Ahn\'Qiraj - Qiraji Champion (5) Patrol 005'),
(@GROUP_ID+6, 6, 6, 0, @GROUP_ID+6, 4, 'Temple of Ahn\'Qiraj - Qiraji Champion (5) Patrol 006'),
(@GROUP_ID+7, 6, 6, 0, @GROUP_ID+7, 4, 'Temple of Ahn\'Qiraj - Qiraji Champion (5) Patrol 007'),
(@GROUP_ID+8, 1, 5, 0, @GROUP_ID+8, 4, 'Temple of Ahn\'Qiraj - Vekniss Warrior (3) Patrol 000'),
(@GROUP_ID+9, 1, 5, 0, @GROUP_ID+9, 4, 'Temple of Ahn\'Qiraj - Vekniss Warrior (3) Patrol 001'),
(@GROUP_ID+10, 6, 6, 0, @GROUP_ID+10, 2, 'Temple of Ahn''Qiraj - Battleguard Sartura (4)'),
(@GROUP_ID+11, 2, 10, 0, @GROUP_ID+11, 4, 'Temple of Ahn\'Qiraj - Vekniss Hive Crawler (2) Patrol 000'),
(@GROUP_ID+12, 2, 10, 0, @GROUP_ID+12, 4, 'Temple of Ahn\'Qiraj - Vekniss Hive Crawler (2) Patrol 001'),
(@GROUP_ID+13, 2, 10, 0, @GROUP_ID+13, 2, 'Temple of Ahn\'Qiraj - Vekniss Hive Crawler (2) Patrol 002');

INSERT INTO `waypoint_path_name` (`PathId`, `Name`) VALUES
(@GROUP_ID+0,'Temple of Ahn\'Qiraj - Qiraji Champion (5) Patrol 000'),
(@GROUP_ID+1,'Temple of Ahn\'Qiraj - Qiraji Champion (5) Patrol 001'),
(@GROUP_ID+2,'Temple of Ahn\'Qiraj - Qiraji Champion (5) Patrol 002'),
(@GROUP_ID+3,'Temple of Ahn\'Qiraj - Qiraji Champion (5) Patrol 003'),
(@GROUP_ID+4,'Temple of Ahn\'Qiraj - Qiraji Champion (5) Patrol 004'),
(@GROUP_ID+5,'Temple of Ahn\'Qiraj - Qiraji Champion (5) Patrol 005'),
(@GROUP_ID+6,'Temple of Ahn\'Qiraj - Qiraji Champion (5) Patrol 006'),
(@GROUP_ID+7,'Temple of Ahn\'Qiraj - Qiraji Champion (5) Patrol 007'),
(@GROUP_ID+8,'Temple of Ahn\'Qiraj - Vekniss Warrior (3) Patrol 000'),
(@GROUP_ID+9,'Temple of Ahn\'Qiraj - Vekniss Warrior (3) Patrol 001'),
(@GROUP_ID+10,'Temple of Ahn''Qiraj - Battleguard Sartura (4)'),
(@GROUP_ID+11,'Temple of Ahn\'Qiraj - Vekniss Hive Crawler (2) Patrol 000'),
(@GROUP_ID+12,'Temple of Ahn\'Qiraj - Vekniss Hive Crawler (2) Patrol 001'),
(@GROUP_ID+13,'Temple of Ahn\'Qiraj - Vekniss Hive Crawler (2) Patrol 002');

INSERT INTO `waypoint_path` (`PathId`, `Point`, `PositionX`, `PositionY`, `PositionZ`, `Orientation`, `WaitTime`, `ScriptId`) VALUES
(@GROUP_ID+0, 01, -9093.3457031250, 1349.2265625000000, -105.672706604003906, 100, 0, 0),
(@GROUP_ID+0, 02, -9109.5126953125, 1368.4327392578125, -106.071228027343750, 100, 0, 0),
(@GROUP_ID+0, 03, -9113.7900390625, 1379.4674072265625, -106.010437011718750, 100, 0, 0),
(@GROUP_ID+0, 04, -9109.2500000000, 1389.2318115234375, -105.200683593750000, 100, 0, 0),
(@GROUP_ID+0, 05, -9088.7939453125, 1402.9420166015625, -107.196853637695312, 100, 0, 0),
(@GROUP_ID+0, 06, -9090.3417968750, 1424.4956054687500, -106.906196594238281, 100, 0, 0),
(@GROUP_ID+0, 07, -9100.2822265625, 1443.9431152343750, -105.774887084960937, 100, 0, 0),
(@GROUP_ID+0, 08, -9112.7968750000, 1462.5339355468750, -104.294570922851562, 100, 0, 0),
(@GROUP_ID+0, 09, -9122.7578125000, 1479.1680908203125, -102.829360961914062, 100, 0, 0),
(@GROUP_ID+0, 10, -9104.0830078125, 1500.9687500000000, -100.994880676269531, 100, 0, 0),

(@GROUP_ID+1, 01, -9078.6738281250, 1389.3668212890625, -107.068115234375000, 100, 0, 0),
(@GROUP_ID+1, 02, -9085.1748046875, 1408.8228759765625, -107.013092041015625, 100, 0, 0),
(@GROUP_ID+1, 03, -9079.1240234375, 1418.1312255859375, -105.842971801757812, 100, 0, 0),
(@GROUP_ID+1, 04, -9068.4384765625, 1426.9383544921875, -105.977264404296875, 100, 0, 0),
(@GROUP_ID+1, 05, -9071.8417968750, 1448.6152343750000, -107.070594787597656, 100, 0, 0),
(@GROUP_ID+1, 06, -9079.5488281250, 1463.0495605468750, -106.396667480468750, 100, 0, 0),
(@GROUP_ID+1, 07, -9095.0576171875, 1480.6287841796875, -104.341926574707031, 100, 0, 0),

(@GROUP_ID+2, 01, -9118.6533203125, 1397.3756103515625, -105.525497436523437, 100, 0, 0),
(@GROUP_ID+2, 02, -9130.3740234375, 1400.4437255859375, -106.480758666992187, 100, 0, 0),
(@GROUP_ID+2, 03, -9138.9990234375, 1407.8413085937500, -106.436248779296875, 100, 0, 0),
(@GROUP_ID+2, 04, -9146.4550781250, 1420.7120361328125, -105.696784973144531, 100, 0, 0),
(@GROUP_ID+2, 05, -9156.7490234375, 1439.5825195312500, -104.093879699707031, 100, 0, 0),
(@GROUP_ID+2, 06, -9161.9335937500, 1452.5621337890625, -102.436485290527343, 100, 0, 0),
(@GROUP_ID+2, 07, -9165.9863281250, 1465.8962402343750, -100.206695556640625, 100, 0, 0),
(@GROUP_ID+2, 08, -9165.3632812500, 1479.6636962890625, -97.5633087158203125, 100, 0, 0),
(@GROUP_ID+2, 09, -9159.5332031250, 1487.8873291015625, -96.8401107788085937, 100, 0, 0),
(@GROUP_ID+2, 10, -9147.0058593750, 1492.9117431640625, -99.2571411132812500, 100, 0, 0),
(@GROUP_ID+2, 11, -9139.0566406250, 1489.8035888671875, -100.492507934570312, 100, 0, 0),
(@GROUP_ID+2, 12, -9132.5791015625, 1481.2805175781250, -102.240264892578125, 100, 0, 0),
(@GROUP_ID+2, 13, -9120.0283203125, 1460.0246582031250, -104.893043518066406, 100, 0, 0),
(@GROUP_ID+2, 14, -9108.8701171875, 1443.3676757812500, -106.225898742675781, 100, 0, 0),
(@GROUP_ID+2, 15, -9099.0566406250, 1427.2927246093750, -106.996139526367187, 100, 0, 0),
(@GROUP_ID+2, 16, -9096.6386718750, 1417.5906982421875, -107.163284301757812, 100, 0, 0),
(@GROUP_ID+2, 17, -9099.4423828125, 1405.6560058593750, -106.917953491210937, 100, 0, 0),
(@GROUP_ID+2, 18, -9105.7333984375, 1398.8336181640625, -105.234161376953125, 100, 0, 0),

(@GROUP_ID+3, 01, -9146.9130859375, 1513.6383056640625, -95.4997253417968750, 100, 0, 0),
(@GROUP_ID+3, 02, -9154.6074218750, 1528.3338623046875, -92.5103683471679687, 100, 0, 0),
(@GROUP_ID+3, 03, -9163.4658203125, 1546.0941162109375, -88.6937942504882812, 100, 0, 0),
(@GROUP_ID+3, 04, -9180.5683593750, 1553.9805908203125, -82.7134857177734375, 100, 0, 0),
(@GROUP_ID+3, 05, -9207.5546875000, 1555.0427246093750, -80.2188034057617187, 100, 0, 0),
(@GROUP_ID+3, 06, -9226.7158203125, 1588.6461181640625, -74.2768478393554687, 100, 0, 0),

(@GROUP_ID+4, 01, -9175.2724609375, 1573.6724853515625, -81.4005126953125000, 100, 0, 0),
(@GROUP_ID+4, 02, -9180.0117187500, 1602.1628417968750, -75.3506164550781250, 100, 0, 0),
(@GROUP_ID+4, 03, -9183.8681640625, 1634.6425781250000, -68.7780532836914062, 100, 0, 0),
(@GROUP_ID+4, 04, -9187.7207031250, 1675.7581787109375, -59.3742790222167968, 100, 0, 0),
(@GROUP_ID+4, 05, -9176.2167968750, 1702.2349853515625, -48.0883789062500000, 100, 0, 0),
(@GROUP_ID+4, 06, -9156.1708984375, 1732.5007324218750, -41.3034172058105468, 100, 0, 0),

(@GROUP_ID+5, 01, -9128.1435546875, 1795.0030517578125, -42.7415428161621093, 100, 0, 0),
(@GROUP_ID+5, 02, -9114.7529296875, 1797.1391601562500, -42.0484771728515625, 100, 0, 0),
(@GROUP_ID+5, 03, -9104.0947265625, 1792.2586669921875, -42.8485107421875000, 100, 0, 0),
(@GROUP_ID+5, 04, -9095.0703125000, 1780.6278076171875, -42.5338859558105468, 100, 0, 0),
(@GROUP_ID+5, 05, -9097.9179687500, 1764.9273681640625, -42.2499351501464843, 100, 0, 0),
(@GROUP_ID+5, 06, -9109.7851562500, 1750.1590576171875, -42.8714485168457031, 100, 0, 0),
(@GROUP_ID+5, 07, -9128.2705078125, 1748.0281982421875, -42.3823966979980468, 100, 0, 0),
(@GROUP_ID+5, 08, -9136.4150390625, 1759.8807373046875, -42.3914413452148437, 100, 0, 0),
(@GROUP_ID+5, 09, -9140.8212890625, 1771.0172119140625, -42.4429283142089843, 100, 0, 0),
(@GROUP_ID+5, 10, -9137.5917968750, 1785.7128906250000, -42.2807350158691406, 100, 0, 0),

(@GROUP_ID+6, 01, -9020.9218750000, 1856.5653076171875, -44.1737098693847656, 100, 0, 0),
(@GROUP_ID+6, 02, -8999.2861328125, 1868.4244384765625, -42.0378952026367187, 100, 0, 0),
(@GROUP_ID+6, 03, -8979.0107421875, 1871.0108642578125, -38.3182678222656250, 100, 0, 0),
(@GROUP_ID+6, 04, -8955.8242187500, 1867.7888183593750, -28.1178550720214843, 100, 0, 0),
(@GROUP_ID+6, 05, -8941.5205078125, 1865.6835937500000, -23.8075237274169921, 100, 0, 0),
(@GROUP_ID+6, 06, -8925.3281250000, 1863.9913330078125, -23.1596584320068359, 100, 0, 0),

(@GROUP_ID+7, 01, -9070.9531250000, 1977.7622070312500, -53.0485153198242187, 100, 0, 0),
(@GROUP_ID+7, 02, -9056.8251953125, 1945.5935058593750, -50.7928009033203125, 100, 0, 0),
(@GROUP_ID+7, 03, -9048.2822265625, 1925.1910400390625, -50.7821922302246093, 100, 0, 0),
(@GROUP_ID+7, 04, -9041.1435546875, 1908.4006347656250, -47.9489364624023437, 100, 0, 0),
(@GROUP_ID+7, 05, -9047.0205078125, 1886.4639892578125, -45.3320121765136718, 100, 0, 0),
(@GROUP_ID+7, 06, -9051.9111328125, 1860.0577392578125, -44.3121871948242187, 100, 0, 0),
(@GROUP_ID+7, 07, -9069.8320312500, 1836.4388427734375, -44.2485198974609375, 100, 0, 0),
(@GROUP_ID+7, 08, -9094.5771484375, 1803.9617919921875, -43.6433906555175781, 100, 0, 0),

(@GROUP_ID+8, 01, -8592.8759765625, 2114.8293457031250, -7.14986896514892578, 100, 0, 0),
(@GROUP_ID+8, 02, -8594.9736328125, 2078.6813964843750, -1.48920774459838867, 100, 0, 0),
(@GROUP_ID+8, 03, -8580.0000000000, 2032.7731933593750, -2.66590356826782226, 100, 0, 0),
(@GROUP_ID+8, 04, -8581.2539062500, 1985.6977539062500, -1.82993054389953613, 100, 0, 0),
(@GROUP_ID+8, 05, -8578.0478515625, 1940.5390625000000, -0.05542709305882453, 100, 0, 0),
(@GROUP_ID+8, 06, -8549.4082031250, 1941.2994384765625, 5.889514923095703125, 100, 0, 0),
(@GROUP_ID+8, 07, -8531.9404296875, 1962.4514160156250, 11.87915992736816406, 100, 0, 0),
(@GROUP_ID+8, 08, -8536.5341796875, 1991.9782714843750, 20.75557708740234375, 100, 0, 0),
(@GROUP_ID+8, 09, -8511.7460937500, 1997.7044677734375, 21.83114242553710937, 100, 0, 0),
(@GROUP_ID+8, 10, -8469.1396484375, 2013.3811035156250, 16.31519508361816406, 100, 0, 0),
(@GROUP_ID+8, 11, -8433.6113281250, 2039.5191650390625, 8.586797714233398437, 100, 0, 0),
(@GROUP_ID+8, 12, -8401.6875000000, 2057.2651367187500, 9.628651618957519531, 100, 0, 0),
(@GROUP_ID+8, 13, -8407.5048828125, 2014.4508056640625, 8.537125587463378906, 100, 0, 0),
(@GROUP_ID+8, 14, -8405.5263671875, 1984.2806396484375, 2.675156116485595703, 100, 0, 0),
(@GROUP_ID+8, 15, -8389.8339843750, 1963.3521728515625, 2.780949831008911132, 100, 0, 0),

(@GROUP_ID+9, 01, -8335.1796875000, 1767.3812255859375, -5.89626693725585937, 100, 0, 0),
(@GROUP_ID+9, 02, -8339.5673828125, 1780.4586181640625, -4.72270298004150390, 100, 0, 0),
(@GROUP_ID+9, 03, -8347.2744140625, 1799.1750488281250, -1.71211600303649902, 100, 0, 0),
(@GROUP_ID+9, 04, -8357.0146484375, 1829.1196289062500, 0.436078161001205444, 100, 0, 0),
(@GROUP_ID+9, 05, -8346.2587890625, 1845.7064208984375, -0.35766059160232543, 100, 0, 0),
(@GROUP_ID+9, 06, -8323.8417968750, 1855.4899902343750, -3.39445567131042480, 100, 0, 0),
(@GROUP_ID+9, 07, -8332.0947265625, 1888.0393066406250, -2.05597901344299316, 100, 0, 0),
(@GROUP_ID+9, 08, -8343.2705078125, 1916.8166503906250, -2.42071509361267089, 100, 0, 0),
(@GROUP_ID+9, 09, -8357.1064453125, 1958.7443847656250, -2.13411211967468261, 100, 0, 0),
(@GROUP_ID+9, 10, -8378.1455078125, 1965.4340820312500, 0.928951680660247802, 100, 0, 0),
(@GROUP_ID+9, 11, -8398.6943359375, 1969.2583007812500, 3.243283748626708984, 100, 0, 0),
(@GROUP_ID+9, 12, -8407.7832031250, 1997.3886718750000, 5.321691513061523437, 100, 0, 0),
(@GROUP_ID+9, 13, -8408.7744140625, 2021.1317138671875, 9.207382202148437500, 100, 0, 0),
(@GROUP_ID+9, 14, -8406.8037109375, 1977.5744628906250, 3.341130256652832031, 100, 0, 0),
(@GROUP_ID+9, 15, -8402.3828125000, 1950.0982666015625, 3.584471225738525390, 100, 0, 0),
(@GROUP_ID+9, 16, -8392.1904296875, 1902.4583740234375, 2.549652814865112304, 100, 0, 0),
(@GROUP_ID+9, 17, -8376.8701171875, 1866.0928955078125, 2.257520198822021484, 100, 0, 0),
(@GROUP_ID+9, 18, -8363.0029296875, 1837.8704833984375, 1.000097036361694335, 100, 0, 0),
(@GROUP_ID+9, 19, -8344.7216796875, 1792.0314941406250, -2.48894143104553222, 100, 0, 0),
(@GROUP_ID+9, 20, -8357.6396484375, 1836.6414794921875, 0.652766644954681396, 100, 0, 0),
(@GROUP_ID+9, 21, -8381.4150390625, 1878.2022705078125, 2.457903623580932617, 100, 0, 0),
(@GROUP_ID+9, 22, -8397.5605468750, 1920.8178710937500, 2.376002073287963867, 100, 0, 0),
(@GROUP_ID+9, 23, -8404.7431640625, 1959.3038330078125, 3.582658290863037109, 100, 0, 0),
(@GROUP_ID+9, 24, -8382.3193359375, 1966.8791503906250, 1.923599958419799804, 100, 0, 0),
(@GROUP_ID+9, 25, -8356.6826171875, 1963.7603759765625, -2.48563885688781738, 100, 0, 0),
(@GROUP_ID+9, 26, -8350.5078125000, 1929.6065673828125, -2.16253805160522460, 100, 0, 0),
(@GROUP_ID+9, 27, -8334.9453125000, 1892.8529052734375, -2.04500865936279296, 100, 0, 0),
(@GROUP_ID+9, 28, -8320.3017578125, 1866.5692138671875, -2.41215920448303222, 100, 0, 0),
(@GROUP_ID+9, 29, -8307.3349609375, 1833.0332031250000, -4.18216943740844726, 100, 0, 0),
(@GROUP_ID+9, 30, -8327.7939453125, 1850.8018798828125, -3.43196868896484375, 100, 0, 0),
(@GROUP_ID+9, 31, -8321.0888671875, 1875.8526611328125, -1.86993992328643798, 100, 0, 0),
(@GROUP_ID+9, 32, -8338.7861328125, 1911.6822509765625, -2.31925487518310546, 100, 0, 0),
(@GROUP_ID+9, 33, -8358.5527343750, 1942.2784423828125, -2.00501823425292968, 100, 0, 0),
(@GROUP_ID+9, 34, -8363.3291015625, 1968.6586914062500, -2.35400795936584472, 100, 0, 0),
(@GROUP_ID+9, 35, -8391.7832031250, 1963.9528808593750, 3.028699636459350585, 100, 0, 0),
(@GROUP_ID+9, 36, -8406.8935546875, 1940.7333984375000, 3.664227962493896484, 100, 0, 0),
(@GROUP_ID+9, 37, -8394.0126953125, 1898.2437744140625, 2.844921112060546875, 100, 0, 0),
(@GROUP_ID+9, 38, -8379.3544921875, 1860.6813964843750, 2.689327716827392578, 100, 0, 0),
(@GROUP_ID+9, 39, -8355.8095703125, 1840.0505371093750, 0.649189770221710205, 100, 0, 0),
(@GROUP_ID+9, 40, -8327.1826171875, 1855.6110839843750, -3.23197579383850097, 100, 0, 0),
(@GROUP_ID+9, 41, -8336.6074218750, 1904.4464111328125, -2.06059956550598144, 100, 0, 0),
(@GROUP_ID+9, 42, -8351.1455078125, 1947.5950927734375, -1.85638904571533203, 100, 0, 0),
(@GROUP_ID+9, 43, -8356.0234375000, 1966.8970947265625, -2.91426014900207519, 100, 0, 0),
-- Temple of Ahn''Qiraj - Battleguard Sartura
(@GROUP_ID+10, 01, -8281.8828125000, 1688.6496582031250, -24.9406890869140625, 100, 0, 0),
(@GROUP_ID+10, 02, -8277.1748046875, 1719.1597900390625, -18.7555561065673828, 100, 0, 0),
(@GROUP_ID+10, 03, -8264.5439453125, 1744.8571777343750, -14.9120664596557617, 100, 0, 0),
(@GROUP_ID+10, 04, -8256.1757812500, 1706.1317138671875, -25.5842189788818359, 100, 0, 0),
(@GROUP_ID+10, 05, -8260.7451171875, 1661.0098876953125, -30.5655422210693359, 100, 0, 0),
(@GROUP_ID+10, 06, -8261.7705078125, 1630.5655517578125, -35.7980155944824218, 100, 0, 0),
(@GROUP_ID+10, 07, -8281.7460937500, 1643.8709716796875, -32.4909286499023437, 100, 0, 0),
(@GROUP_ID+10, 08, -8302.4843750000, 1657.6636962890625, -29.6425762176513671, 100, 0, 0),
(@GROUP_ID+10, 09, -8322.0996093750, 1681.1958007812500, -23.7046375274658203, 100, 0, 0),
(@GROUP_ID+10, 10, -8337.4804687500, 1695.2745361328125, -20.5785617828369140, 100, 0, 0),
(@GROUP_ID+10, 11, -8308.3955078125, 1705.1285400390625, -20.3506164550781250, 100, 0, 0),
(@GROUP_ID+10, 12, -8276.4521484375, 1706.4705810546875, -21.6512355804443359, 100, 0, 0),
(@GROUP_ID+10, 13, -8251.4218750000, 1708.8326416015625, -25.7455177307128906, 100, 0, 0),
(@GROUP_ID+10, 14, -8224.5312500000, 1711.2187500000000, -27.2649269104003906, 100, 0, 0),
(@GROUP_ID+10, 15, -8261.4394531250, 1684.3287353515625, -28.2064571380615234, 100, 0, 0),
(@GROUP_ID+10, 16, -8286.0615234375, 1662.6568603515625, -29.5750389099121093, 100, 0, 0),
(@GROUP_ID+10, 17, -8321.0488281250, 1634.6907958984375, -32.0323295593261718, 100, 0, 0),
(@GROUP_ID+10, 18, -8299.0771484375, 1670.9205322265625, -27.8040199279785156, 100, 0, 0),

(@GROUP_ID+11, 01, -8169.1269531250, 1230.1358642578125, -92.4485168457031250, 100, 0, 0),
(@GROUP_ID+11, 02, -8192.8349609375, 1226.3389892578125, -91.9450988769531250, 100, 0, 0),
(@GROUP_ID+11, 03, -8202.3828125000, 1264.1734619140625, -92.1549835205078125, 100, 0, 0),
(@GROUP_ID+11, 04, -8238.9277343750, 1292.9935302734375, -87.6650848388671875, 100, 0, 0),
(@GROUP_ID+11, 05, -8248.0986328125, 1339.0043945312500, -85.2191772460937500, 100, 0, 0),
(@GROUP_ID+11, 06, -8290.7392578125, 1337.2712402343750, -79.7229461669921875, 100, 0, 0),

(@GROUP_ID+12, 01, -8355.7099609375, 1359.7341308593750, -65.0198822021484375, 100, 0, 0),
(@GROUP_ID+12, 02, -8320.4902343750, 1334.7386474609375, -72.5058593750000000, 100, 0, 0),
(@GROUP_ID+12, 03, -8293.0419921875, 1364.9449462890625, -77.5400848388671875, 100, 0, 0),
(@GROUP_ID+12, 04, -8255.9628906250, 1349.6508789062500, -84.2550048828125000, 100, 0, 0),
(@GROUP_ID+12, 05, -8233.6757812500, 1320.4954833984375, -86.5922012329101562, 100, 0, 0),
(@GROUP_ID+12, 06, -8230.8027343750, 1281.0787353515625, -89.8586273193359375, 100, 0, 0),
(@GROUP_ID+12, 07, -8203.9804687500, 1271.1844482421875, -91.8216476440429687, 100, 0, 0),
(@GROUP_ID+12, 08, -8197.0166015625, 1230.3312988281250, -92.2309722900390625, 100, 0, 0),

(@GROUP_ID+13, 01, -8514.6552734375, 1377.6085205078125, -59.2344360351562500, 100, 0, 0),
(@GROUP_ID+13, 02, -8489.9941406250, 1376.6693115234375, -59.1318092346191406, 100, 0, 0),
(@GROUP_ID+13, 03, -8465.5048828125, 1376.5633544921875, -58.3909873962402343, 100, 0, 0),
(@GROUP_ID+13, 04, -8458.9023437500, 1363.8769531250000, -59.9796943664550781, 100, 0, 0),
(@GROUP_ID+13, 05, -8473.6806640625, 1356.5004882812500, -58.9508132934570312, 100, 0, 0),
(@GROUP_ID+13, 06, -8498.5283203125, 1361.1031494140625, -60.2328681945800781, 100, 0, 0),
(@GROUP_ID+13, 07, -8519.7382812500, 1370.1785888671875, -61.1108322143554687, 100, 0, 0),
(@GROUP_ID+13, 08, -8546.0146484375, 1380.1450195312500, -60.8494110107421875, 100, 0, 0),
(@GROUP_ID+13, 09, -8558.5087890625, 1386.0772705078125, -62.2414627075195312, 100, 0, 0),
(@GROUP_ID+13, 10, -8573.1240234375, 1395.7513427734375, -63.7966880798339843, 100, 0, 0),
(@GROUP_ID+13, 11, -8568.9365234375, 1404.8011474609375, -61.8523483276367187, 100, 0, 0),
(@GROUP_ID+13, 12, -8557.2070312500, 1408.6376953125000, -58.6142005920410156, 100, 0, 0),
(@GROUP_ID+13, 13, -8541.9501953125, 1393.2868652343750, -59.2116508483886718, 100, 0, 0),
(@GROUP_ID+13, 14, -8526.7001953125, 1385.1582031250000, -58.8444023132324218, 100, 0, 0);

DELETE FROM `worldstate_name` WHERE `Id` IN (4823);
INSERT INTO `worldstate_name` (`Id`, `Name`) VALUES
(4823, 'Temple of Ahn\'Qiraj - Battleguard Sartura - Encounter completed');

DELETE FROM `conditions` WHERE `condition_entry` IN (@GROUP_ID+10);
INSERT INTO `conditions` (`condition_entry`, `type`, `value1`, `value2`, `value3`, `value4`, `flags`, `comments`) VALUES
(@GROUP_ID+10, 42, 4823, 1, 0, 0, 0, 'Temple of Ahn\'Qiraj - Battleguard Sartura - Trash Respawn');

-- =========
-- DBSCRIPTS
-- =========

DELETE FROM `dbscripts_on_creature_movement` WHERE `id` IN (1530001);
INSERT INTO `dbscripts_on_creature_movement` (`id`, `delay`, `command`, `datalong`, `datalong2`, `datalong3`, `buddy_entry`, `search_radius`, `data_flags`, `dataint`, `dataint2`, `dataint3`, `dataint4`, `x`, `y`, `z`, `o`, `comments`) VALUES
(1530001, 0, 32, 1, 0, 0, 0, 0, 0, 0, 0, 0, 0, 0, 0, 0, 0, 'Vekniss Drone - pause waypoint movement'),
(1530001, 1000, 20, 1, 2, 0, 0, 0, 0, 0, 0, 0, 0, 0, 0, 0, 0, 'Vekniss Drone - random movement'),
(1530001, 13000, 20, 2, 0, 0, 0, 0, 0, 0, 0, 0, 0, 0, 0, 0, 0, 'Vekniss Drone - waypoint movement'),
(1530001, 14000, 32, 1, 0, 0, 0, 0, 0, 0, 0, 0, 0, 0, 0, 0, 0, 'Vekniss Drone - resume waypoint movement');

-- maybe more missing (more missing probably)
DELETE FROM `dbscripts_on_creature_death` WHERE `id` IN (15262,15264,15277,15311,15312);
INSERT INTO `dbscripts_on_creature_death` (`id`, `delay`, `priority`, `command`, `datalong`, `datalong2`, `datalong3`, `buddy_entry`, `search_radius`, `data_flags`, `dataint`, `dataint2`, `dataint3`, `dataint4`, `x`, `y`, `z`, `o`, `comments`) VALUES
(15262, 1000, 0, 15, 27627, 1, 0, 0, 0, 0, 0, 0, 0, 0, 0, 0, 0, 0, 'Obsidian Eradicator - Cast Drop Small Obsidian Chunk on Death'),
(15264, 1000, 0, 15, 27627, 1, 0, 0, 0, 0, 0, 0, 0, 0, 0, 0, 0, 0, 'Anubisath Sentinel - Cast Drop Small Obsidian Chunk on Death'),
(15277, 1000, 0, 15, 27630, 1, 0, 0, 0, 0, 0, 0, 0, 0, 0, 0, 0, 0, 'Anubisath Defender - Cast Drop Large Obsidian Chunk on Death'),
(15311, 1000, 0, 15, 27630, 1, 0, 0, 0, 0, 0, 0, 0, 0, 0, 0, 0, 0, 'Anubisath Warder - Cast Drop Large Obsidian Chunk on Death'),
(15312, 1000, 0, 15, 27630, 1, 0, 0, 0, 0, 0, 0, 0, 0, 0, 0, 0, 0, 'Obsidian Nullifier - Cast Drop Large Obsidian Chunk on Death');

-- INSERT INTO `dbscripts_on_go_use` (`id`, `delay`, `command`, `datalong`, `datalong2`, `datalong3`, `buddy_entry`, `search_radius`, `data_flags`, `dataint`, `dataint2`, `dataint3`, `dataint4`, `x`, `y`, `z`, `o`, `comments`) VALUES
-- INSERT INTO `dbscripts_on_go_template_use` (`id`, `delay`, `command`, `datalong`, `datalong2`, `datalong3`, `buddy_entry`, `search_radius`, `data_flags`, `dataint`, `dataint2`, `dataint3`, `dataint4`, `x`, `y`, `z`, `o`, `comments`) VALUES
-- INSERT INTO `dbscripts_on_relay` (`id`, `delay`, `command`, `datalong`, `datalong2`, `datalong3`, `buddy_entry`, `search_radius`, `data_flags`, `dataint`, `dataint2`, `dataint3`, `dataint4`, `x`, `y`, `z`, `o`, `comments`) VALUES
-- INSERT INTO `dbscripts_on_event` (`id`, `delay`, `command`, `datalong`, `datalong2`, `datalong3`, `buddy_entry`, `search_radius`, `data_flags`, `dataint`, `dataint2`, `dataint3`, `dataint4`, `x`, `y`, `z`, `o`, `comments`) VALUES
-- INSERT INTO `dbscripts_on_spell` (`id`, `delay`, `command`, `datalong`, `datalong2`, `datalong3`, `buddy_entry`, `search_radius`, `data_flags`, `dataint`, `dataint2`, `dataint3`, `dataint4`, `x`, `y`, `z`, `o`, `comments`) VALUES
-- INSERT INTO `dbscripts_on_gossip` (`id`, `delay`, `command`, `datalong`, `datalong2`, `datalong3`, `buddy_entry`, `search_radius`, `data_flags`, `dataint`, `dataint2`, `dataint3`, `dataint4`, `x`, `y`, `z`, `o`, `comments`) VALUES
-- INSERT INTO `dbscripts_on_quest_start` (`id`, `delay`, `command`, `datalong`, `datalong2`, `datalong3`, `buddy_entry`, `search_radius`, `data_flags`, `dataint`, `dataint2`, `dataint3`, `dataint4`, `x`, `y`, `z`, `o`, `comments`) VALUES
-- INSERT INTO `dbscripts_on_quest_end` (`id`, `delay`, `command`, `datalong`, `datalong2`, `datalong3`, `buddy_entry`, `search_radius`, `data_flags`, `dataint`, `dataint2`, `dataint3`, `dataint4`, `x`, `y`, `z`, `o`, `comments`) VALUES
-- INSERT INTO `dbscript_random_templates` (`id`, `type`, `target_id`, `chance`, `comments`) VALUES


