/* DBScriptData
DBName: Naxxramas
DBScriptName: instance_naxxramas
DB%Complete: 75
DBComment:
EndDBScriptData */

SET @CGUID := 5330000; -- creatures
SET @OGUID := 5330000; -- gameobjects
SET @SGUID := 5330000; -- spawngroups
SET @WGUID := 5330000; -- waypoints
SET @PGUID := 47800; -- pools

-- =========
-- CREATURES
-- =========

INSERT INTO `creature_movement` (`id`, `point`, `PositionX`, `PositionY`, `PositionZ`, `orientation`, `waittime`, `ScriptId`) VALUES
(@CGUID+228, 1, 3161.341, -3483.698, 287.0821, 100, 1, 5),
(@CGUID+228, 2, 3130.391, -3511.867, 287.0732, 100, 0, 0),
(@CGUID+228, 3, 3144.542, -3550.574, 287.0813, 100, 0, 0),
(@CGUID+228, 4, 3110.395, -3578.969, 287.0807, 100, 0, 0),
(@CGUID+228, 5, 3092.080, -3571.624, 287.0815, 100, 0, 0),
(@CGUID+228, 6, 3121.406, -3567.562, 287.0834, 100, 0, 0),
(@CGUID+228, 7, 3147.136, -3530.263, 287.0785, 100, 0, 0),
(@CGUID+228, 8, 3126.108, -3505.859, 287.0740, 100, 0, 0),
(@CGUID+228, 9, 3101.140, -3501.363, 287.0772, 100, 0, 0),
(@CGUID+228, 10, 3075.951, -3526.291, 287.0766, 100, 0, 0),
(@CGUID+228, 11, 3071.353, -3554.363, 287.0767, 100, 0, 0),
(@CGUID+228, 12, 3076.656, -3569.062, 287.0679, 100, 0, 0),
(@CGUID+228, 13, 3066.351, -3535.090, 287.0747, 100, 0, 0),
(@CGUID+228, 14, 3087.323, -3514.317, 287.0793, 100, 0, 0),
(@CGUID+228, 15, 3107.526, -3504.981, 287.0764, 100, 0, 0),
(@CGUID+228, 16, 3131.471, -3515.039, 287.0719, 100, 0, 0),
(@CGUID+228, 17, 3154.792, -3490.421, 287.0715, 100, 0, 0),
(@CGUID+228, 18, 3169.863, -3479.741, 287.1156, 100, 0, 0),
(@CGUID+228, 19, 3154.792, -3490.421, 287.0715, 100, 0, 0),
(@CGUID+228, 20, 3131.471, -3515.039, 287.0719, 100, 0, 0),
(@CGUID+228, 21, 3107.526, -3504.981, 287.0764, 100, 0, 0),
(@CGUID+228, 22, 3087.323, -3514.317, 287.0793, 100, 0, 0),
(@CGUID+228, 23, 3066.351, -3535.090, 287.0747, 100, 0, 0),
(@CGUID+228, 24, 3076.656, -3569.062, 287.0679, 100, 0, 0),
(@CGUID+228, 25, 3071.353, -3554.363, 287.0767, 100, 0, 0),
(@CGUID+228, 26, 3075.951, -3526.291, 287.0766, 100, 0, 0),
(@CGUID+228, 27, 3101.140, -3501.363, 287.0772, 100, 0, 0),
(@CGUID+228, 28, 3126.108, -3505.859, 287.0740, 100, 0, 0),
(@CGUID+228, 29, 3146.974, -3530.075, 287.0843, 100, 0, 0),
(@CGUID+228, 30, 3121.529, -3567.382, 287.0810, 100, 0, 0),
(@CGUID+228, 31, 3092.080, -3571.624, 287.0815, 100, 0, 0),
(@CGUID+228, 32, 3110.395, -3578.969, 287.0807, 100, 0, 0),
(@CGUID+228, 33, 3144.542, -3550.574, 287.0813, 100, 0, 0),
(@CGUID+228, 34, 3130.391, -3511.867, 287.0732, 100, 0, 0),
(@CGUID+228, 35, 3161.341, -3483.698, 287.0821, 100, 0, 0),
(@CGUID+228, 36, 3185.406, -3475.934, 287.0771, 100, 0, 0),
(@CGUID+238, 1, 3384.41, -3687.79, 259.08, 1.86376, 1, 5),
(@CGUID+238, 2, 3376.27, -3660.79, 259.081, 1.83941, 0, 0),
(@CGUID+238, 3, 3368.88, -3642.01, 259.081, 2.12294, 0, 0),
(@CGUID+238, 4, 3362.08, -3623.2, 260.995, 1.88968, 0, 0),
(@CGUID+238, 5, 3368.45, -3609.45, 260.996, 1.442, 0, 0),
(@CGUID+238, 6, 3352.24, -3596.95, 260.996, 3.06071, 0, 0),
(@CGUID+238, 7, 3335.51, -3606.02, 260.996, 4.04324, 0, 0),
(@CGUID+238, 8, 3342.3, -3623.63, 260.996, 5.29752, 0, 0),
(@CGUID+238, 9, 3333.46, -3640.71, 259.085, 4.21132, 0, 0),
(@CGUID+238, 10, 3334.25, -3675.14, 259.083, 4.86948, 0, 0),
(@CGUID+238, 11, 3344.35, -3703.4, 259.078, 5.65645, 0, 0),
(@CGUID+238, 12, 3334.25, -3675.14, 259.083, 4.86948, 0, 0),
(@CGUID+238, 13, 3333.46, -3640.71, 259.085, 4.21132, 0, 0),
(@CGUID+238, 14, 3342.3, -3623.63, 260.996, 5.29752, 0, 0),
(@CGUID+238, 15, 3335.51, -3606.02, 260.996, 4.04324, 0, 0),
(@CGUID+238, 16, 3352.24, -3596.95, 260.996, 3.06071, 0, 0),
(@CGUID+238, 17, 3368.45, -3609.45, 260.996, 1.442, 0, 0),
(@CGUID+238, 18, 3362.08, -3623.2, 260.995, 1.88968, 0, 0),
(@CGUID+238, 19, 3368.88, -3642.01, 259.081, 2.12294, 0, 0),
(@CGUID+238, 20, 3376.27, -3660.79, 259.081, 1.83941, 0, 0),
(@CGUID+258, 1, 3151.36, -3578.26, 284.089, 5.01007, 1, 5),
(@CGUID+258, 2, 3159.73, -3621.41, 280.305, 4.70612, 0, 0),
(@CGUID+258, 3, 3153.84, -3634.42, 285.093, 4.15713, 0, 0),
(@CGUID+258, 4, 3175.7, -3625.91, 280.303, 5.74835, 0, 0),
(@CGUID+258, 5, 3208.41, -3637.89, 283.939, 2.21092, 0, 0),
(@CGUID+258, 6, 3199.03, -3598.23, 280.304, 1.63365, 0, 0),
(@CGUID+258, 7, 3204.87, -3581.66, 285.081, 4.03854, 0, 0),
(@CGUID+258, 8, 3163.71, -3585.64, 280.305, 3.01909, 0, 0),
(@CGUID+342, 1, 3042.12, -3111.58, 294.063, 100, 0, 0),
(@CGUID+342, 2, 3054.85, -3117.89, 294.063, 100, 0, 0),
(@CGUID+342, 3, 3064.48, -3116.37, 294.072, 100, 0, 0),
(@CGUID+342, 4, 3071.52, -3110.15, 294.08, 100, 0, 0),
(@CGUID+342, 5, 3073.24, -3096.89, 294.081, 100, 0, 0),
(@CGUID+342, 6, 3070.98, -3083.67, 294.082, 100, 0, 0),
(@CGUID+342, 7, 3069.91, -3072.98, 294.083, 100, 0, 0),
(@CGUID+342, 8, 3070.98, -3083.67, 294.082, 100, 0, 0),
(@CGUID+342, 9, 3073.24, -3096.89, 294.081, 100, 0, 0),
(@CGUID+342, 10, 3071.52, -3110.15, 294.08, 100, 0, 0),
(@CGUID+342, 11, 3064.48, -3116.37, 294.072, 100, 0, 0),
(@CGUID+342, 12, 3054.99, -3117.87, 294.074, 100, 0, 0),
(@CGUID+342, 13, 3042.12, -3111.58, 294.063, 100, 0, 0),
(@CGUID+342, 14, 3033.41, -3103.28, 294.063, 100, 0, 0),
(@CGUID+343, 1, 3119.63, -3342.39, 293.628, 100, 0, 0),
(@CGUID+343, 2, 3126.2, -3344.95, 293.628, 100, 0, 0),
(@CGUID+343, 3, 3132.59, -3340.74, 293.628, 100, 0, 0),
(@CGUID+343, 4, 3139.65, -3333.7, 293.625, 100, 0, 0),
(@CGUID+343, 5, 3147.05, -3325.68, 293.626, 100, 0, 0),
(@CGUID+343, 6, 3156.76, -3316.76, 293.628, 100, 0, 0),
(@CGUID+343, 7, 3159.58, -3307.46, 293.628, 100, 0, 0),
(@CGUID+343, 8, 3151.3, -3298.5, 293.628, 100, 0, 0),
(@CGUID+343, 9, 3142.82, -3289.66, 293.628, 100, 0, 0),
(@CGUID+343, 10, 3133.79, -3280.2, 293.628, 100, 0, 0),
(@CGUID+343, 11, 3124.37, -3283.02, 293.628, 100, 0, 0),
(@CGUID+343, 12, 3115.83, -3292.97, 293.628, 100, 0, 0),
(@CGUID+343, 13, 3107.54, -3301.68, 293.628, 100, 0, 0),
(@CGUID+343, 14, 3100.09, -3309.1, 293.628, 100, 0, 0),
(@CGUID+343, 15, 3096.53, -3315.12, 293.628, 100, 0, 0),
(@CGUID+343, 16, 3098.17, -3321.92, 293.628, 100, 0, 0),
(@CGUID+343, 17, 3105.72, -3329.35, 293.628, 100, 0, 0),
(@CGUID+343, 18, 3096.04, -3342.59, 294.535, 100, 0, 0),
(@CGUID+343, 19, 3089.53, -3352.05, 299.151, 100, 0, 0),
(@CGUID+343, 20, 3080.94, -3360.32, 298.318, 100, 0, 0),
(@CGUID+343, 21, 3090.22, -3352.67, 299.114, 100, 0, 0),
(@CGUID+343, 22, 3098.56, -3345.29, 294.538, 100, 0, 0),
(@CGUID+343, 23, 3110.56, -3333.55, 293.628, 100, 0, 0),
(@CGUID+346, 1, 3006.09, -3148.8, 294.08, 100, 0, 0),
(@CGUID+346, 2, 3014.12, -3151.28, 294.08, 100, 0, 0),
(@CGUID+346, 3, 3021.59, -3152.8, 294.081, 100, 0, 0),
(@CGUID+346, 4, 3029.99, -3151.04, 294.075, 100, 0, 0),
(@CGUID+346, 5, 3035.38, -3146.69, 294.073, 100, 0, 0),
(@CGUID+346, 6, 3037.92, -3141.47, 294.073, 100, 0, 0),
(@CGUID+346, 7, 3037.77, -3135.39, 294.074, 100, 0, 0),
(@CGUID+346, 8, 3032.81, -3126.45, 294.063, 100, 0, 0),
(@CGUID+346, 9, 3027.86, -3119.26, 294.063, 100, 0, 0),
(@CGUID+346, 10, 3023.26, -3113.86, 294.063, 100, 0, 0),
(@CGUID+346, 11, 3027.86, -3119.26, 294.063, 100, 0, 0),
(@CGUID+346, 12, 3032.81, -3126.45, 294.063, 100, 0, 0),
(@CGUID+346, 13, 3037.77, -3135.39, 294.074, 100, 0, 0),
(@CGUID+346, 14, 3037.92, -3141.47, 294.073, 100, 0, 0),
(@CGUID+346, 15, 3035.38, -3146.69, 294.073, 100, 0, 0),
(@CGUID+346, 16, 3029.99, -3151.04, 294.075, 100, 0, 0),
(@CGUID+346, 17, 3021.59, -3152.8, 294.081, 100, 0, 0),
(@CGUID+346, 18, 3014.12, -3151.28, 294.08, 100, 0, 0),
(@CGUID+346, 19, 3006.09, -3148.8, 294.08, 100, 0, 0),
(@CGUID+346, 20, 2998.34, -3143.18, 294.074, 100, 0, 0),
(@CGUID+347, 1, 3115.58, -3120.97, 293.345, 100, 0, 0),
(@CGUID+347, 2, 3100.72, -3125.13, 293.345, 100, 0, 0),
(@CGUID+347, 3, 3085.22, -3133.8, 293.345, 100, 0, 0),
(@CGUID+347, 4, 3070.95, -3144.96, 293.346, 100, 0, 0),
(@CGUID+347, 5, 3057.63, -3160.27, 293.345, 100, 0, 0),
(@CGUID+347, 6, 3050.2, -3175.15, 293.345, 100, 0, 0),
(@CGUID+347, 7, 3044.73, -3193.17, 293.345, 100, 0, 0),
(@CGUID+347, 8, 3042.89, -3210.45, 293.345, 100, 0, 0),
(@CGUID+347, 9, 3045.41, -3229.59, 293.345, 100, 0, 0),
(@CGUID+347, 10, 3042.89, -3210.45, 293.345, 100, 0, 0),
(@CGUID+347, 11, 3044.73, -3193.17, 293.345, 100, 0, 0),
(@CGUID+347, 12, 3050.2, -3175.15, 293.345, 100, 0, 0),
(@CGUID+347, 13, 3057.63, -3160.27, 293.345, 100, 0, 0),
(@CGUID+347, 14, 3070.95, -3144.96, 293.346, 100, 0, 0),
(@CGUID+347, 15, 3085.22, -3133.8, 293.345, 100, 0, 0),
(@CGUID+347, 16, 3100.72, -3125.13, 293.345, 100, 0, 0),
(@CGUID+347, 17, 3115.58, -3120.97, 293.345, 100, 0, 0),
(@CGUID+347, 18, 3123.5, -3119.89, 293.345, 100, 0, 0),
(@CGUID+425, 1, 3305.03, -3231.81, 294.063, 3.14091, 0, 0),
(@CGUID+425, 2, 3257.44, -3230.36, 294.063, 2.78355, 0, 0),
(@CGUID+425, 3, 3232.6, -3210.97, 294.063, 2.35551, 0, 0),
(@CGUID+425, 4, 3208.7, -3188.16, 294.063, 2.37515, 0, 0),
(@CGUID+425, 5, 3182.32, -3163.56, 294.063, 2.37908, 0, 0),
(@CGUID+425, 6, 3161.25, -3145.45, 294.063, 2.64612, 0, 0),
(@CGUID+425, 7, 3134.11, -3140.88, 294.063, 3.12128, 0, 0),
(@CGUID+425, 8, 3107.4, -3145.3, 294.063, 3.41188, 60000, 0),
(@CGUID+425, 9, 3134.25, -3140.29, 294.063, 6.17256, 0, 0),
(@CGUID+425, 10, 3160.95, -3145.5, 294.063, 5.68954, 0, 0),
(@CGUID+425, 11, 3182.92, -3162.53, 294.063, 5.50497, 0, 0),
(@CGUID+425, 12, 3209.04, -3188.25, 294.063, 5.49712, 0, 0),
(@CGUID+425, 13, 3233.26, -3210.67, 294.063, 5.53246, 0, 0),
(@CGUID+425, 14, 3257.23, -3230.15, 294.063, 6.17648, 0, 0),
(@CGUID+426, 1, 3089.51, -3081.6, 294.082, 100, 0, 0),
(@CGUID+426, 2, 3096.57, -3090.72, 294.081, 100, 0, 0),
(@CGUID+426, 3, 3103.09, -3093.42, 294.076, 100, 0, 0),
(@CGUID+426, 4, 3112.75, -3093.26, 294.075, 100, 0, 0),
(@CGUID+426, 5, 3119.32, -3086.98, 294.078, 100, 0, 0),
(@CGUID+426, 6, 3126.58, -3076.19, 294.076, 100, 0, 0),
(@CGUID+426, 7, 3119.32, -3086.98, 294.078, 100, 0, 0),
(@CGUID+426, 8, 3112.75, -3093.26, 294.075, 100, 0, 0),
(@CGUID+426, 9, 3103.09, -3093.42, 294.076, 100, 0, 0),
(@CGUID+426, 10, 3096.57, -3090.72, 294.081, 100, 0, 0),
(@CGUID+426, 11, 3089.51, -3081.6, 294.082, 100, 0, 0),
(@CGUID+426, 12, 3086.16, -3071.27, 294.083, 100, 0, 0),
(@CGUID+427, 1, 3102.98, -3108, 294.069, 100, 0, 0),
(@CGUID+427, 2, 3088.89, -3113.65, 294.079, 100, 0, 0),
(@CGUID+427, 3, 3075.71, -3122.53, 294.065, 100, 0, 0),
(@CGUID+427, 4, 3061.9, -3133.5, 294.067, 100, 0, 0),
(@CGUID+427, 5, 3047.17, -3147.99, 294.067, 100, 0, 0),
(@CGUID+427, 6, 3033.03, -3156.02, 294.072, 100, 0, 0),
(@CGUID+427, 7, 3021.33, -3159.16, 294.079, 100, 0, 0),
(@CGUID+427, 8, 3007.45, -3161.7, 294.077, 100, 0, 0),
(@CGUID+427, 9, 2998.14, -3166.82, 294.076, 100, 0, 0),
(@CGUID+427, 10, 2992.32, -3175.45, 294.073, 100, 0, 0),
(@CGUID+427, 11, 2985.66, -3189.97, 294.069, 100, 0, 0),
(@CGUID+427, 12, 2992.32, -3175.45, 294.073, 100, 0, 0),
(@CGUID+427, 13, 2998.14, -3166.82, 294.076, 100, 0, 0),
(@CGUID+427, 14, 3007.45, -3161.7, 294.077, 100, 0, 0),
(@CGUID+427, 15, 3033.03, -3156.02, 294.072, 100, 0, 0),
(@CGUID+427, 16, 3047.17, -3147.99, 294.067, 100, 0, 0),
(@CGUID+427, 17, 3061.68, -3133.67, 294.063, 100, 0, 0),
(@CGUID+427, 18, 3075.71, -3122.53, 294.065, 100, 0, 0),
(@CGUID+427, 19, 3088.89, -3113.65, 294.079, 100, 0, 0),
(@CGUID+427, 20, 3102.98, -3108, 294.069, 100, 0, 0),
(@CGUID+427, 21, 3115.02, -3104.74, 294.069, 100, 0, 0),
(@CGUID+428, 1, 3174.62, -3318.04, 294.531, 100, 0, 0),
(@CGUID+428, 2, 3176.23, -3307.65, 294.536, 100, 0, 0),
(@CGUID+428, 3, 3170.73, -3299.8, 294.598, 100, 0, 0),
(@CGUID+428, 4, 3165.63, -3293.16, 294.701, 100, 0, 0),
(@CGUID+428, 5, 3159.74, -3284.69, 294.892, 100, 0, 0),
(@CGUID+428, 6, 3145.96, -3276.27, 294.712, 100, 0, 0),
(@CGUID+428, 7, 3134.09, -3269.03, 294.447, 100, 0, 0),
(@CGUID+428, 8, 3132.82, -3258.02, 294.504, 100, 0, 0),
(@CGUID+428, 9, 3132.47, -3243.82, 294.086, 100, 0, 0),
(@CGUID+428, 10, 3118.06, -3238.51, 294.06, 100, 0, 0),
(@CGUID+428, 11, 3110.5, -3233.31, 294.06, 100, 0, 0),
(@CGUID+428, 12, 3104.61, -3223, 294.062, 100, 0, 0),
(@CGUID+428, 13, 3102.01, -3217.84, 294.063, 100, 0, 0),
(@CGUID+428, 14, 3088.78, -3219.72, 294.211, 100, 0, 0),
(@CGUID+428, 15, 3062.66, -3225.54, 294.063, 100, 0, 0),
(@CGUID+428, 16, 3088.78, -3219.72, 294.211, 100, 0, 0),
(@CGUID+428, 17, 3102.01, -3217.84, 294.063, 100, 0, 0),
(@CGUID+428, 18, 3104.61, -3223, 294.062, 100, 0, 0),
(@CGUID+428, 19, 3110.5, -3233.31, 294.06, 100, 0, 0),
(@CGUID+428, 20, 3118.06, -3238.51, 294.06, 100, 0, 0),
(@CGUID+428, 21, 3132.47, -3243.82, 294.086, 100, 0, 0),
(@CGUID+428, 22, 3132.82, -3258.02, 294.504, 100, 0, 0),
(@CGUID+428, 23, 3134.09, -3269.03, 294.447, 100, 0, 0),
(@CGUID+428, 24, 3145.96, -3276.27, 294.712, 100, 0, 0),
(@CGUID+428, 25, 3159.74, -3284.69, 294.892, 100, 0, 0),
(@CGUID+428, 26, 3165.63, -3293.16, 294.701, 100, 0, 0),
(@CGUID+428, 27, 3170.73, -3299.8, 294.598, 100, 0, 0),
(@CGUID+428, 28, 3176.23, -3307.65, 294.536, 100, 0, 0),
(@CGUID+428, 29, 3174.62, -3318.04, 294.531, 100, 0, 0),
(@CGUID+428, 30, 3165.18, -3325.2, 294.523, 100, 0, 0),
(@CGUID+429, 1, 3103.86, -3199.29, 293.925, 100, 0, 0),
(@CGUID+429, 2, 3110.06, -3189.07, 293.965, 100, 0, 0),
(@CGUID+429, 3, 3117.29, -3183.44, 293.987, 100, 0, 0),
(@CGUID+429, 4, 3124.22, -3180.93, 293.996, 100, 0, 0),
(@CGUID+429, 5, 3134.68, -3179.75, 293.999, 100, 0, 0),
(@CGUID+429, 6, 3147.7, -3183.07, 293.983, 100, 0, 0),
(@CGUID+429, 7, 3156.94, -3191.08, 293.949, 100, 0, 0),
(@CGUID+429, 8, 3163.03, -3198.68, 293.917, 100, 0, 0),
(@CGUID+429, 9, 3165.09, -3211.21, 294.063, 100, 0, 0),
(@CGUID+429, 10, 3162.97, -3223.67, 294.063, 100, 0, 0),
(@CGUID+429, 11, 3155.37, -3234.2, 294.063, 100, 0, 0),
(@CGUID+429, 12, 3146.97, -3240.26, 294.063, 100, 0, 0),
(@CGUID+429, 13, 3138.72, -3243.33, 294.084, 100, 0, 0),
(@CGUID+429, 14, 3146.97, -3240.26, 294.063, 100, 0, 0),
(@CGUID+429, 15, 3155.37, -3234.2, 294.063, 100, 0, 0),
(@CGUID+429, 16, 3162.97, -3223.67, 294.063, 100, 0, 0),
(@CGUID+429, 17, 3165.12, -3211.4, 294.063, 100, 0, 0),
(@CGUID+429, 18, 3163.03, -3198.68, 293.917, 100, 0, 0),
(@CGUID+429, 19, 3156.94, -3191.08, 293.949, 100, 0, 0),
(@CGUID+429, 20, 3147.7, -3183.07, 293.983, 100, 0, 0),
(@CGUID+429, 21, 3134.68, -3179.75, 293.999, 100, 0, 0),
(@CGUID+429, 22, 3124.22, -3180.93, 293.996, 100, 0, 0),
(@CGUID+429, 23, 3117.29, -3183.44, 293.987, 100, 0, 0),
(@CGUID+429, 24, 3110.06, -3189.07, 293.965, 100, 0, 0),
(@CGUID+429, 25, 3103.86, -3199.29, 293.925, 100, 0, 0),
(@CGUID+429, 26, 3102.4, -3208.72, 294.063, 100, 0, 0),
(@CGUID+430, 1, 3001.48, -3232.54, 294.063, 100, 0, 0),
(@CGUID+430, 2, 3008.16, -3239.03, 294.063, 100, 0, 0),
(@CGUID+430, 3, 3012.52, -3243.85, 294.063, 100, 0, 0),
(@CGUID+430, 4, 3022.68, -3242.97, 294.063, 100, 0, 0),
(@CGUID+430, 5, 3028.83, -3236.66, 294.063, 100, 0, 0),
(@CGUID+430, 6, 3032.74, -3219.69, 294.063, 100, 0, 0),
(@CGUID+430, 7, 3028.82, -3207.8, 294.063, 100, 0, 0),
(@CGUID+430, 8, 3021.31, -3202.19, 294.063, 100, 0, 0),
(@CGUID+430, 9, 3006.16, -3199.06, 294.069, 100, 0, 0),
(@CGUID+430, 10, 2991.62, -3203.32, 294.063, 100, 0, 0),
(@CGUID+430, 11, 2985.41, -3218.49, 294.063, 100, 0, 0),
(@CGUID+430, 12, 2988.19, -3227.13, 294.063, 100, 0, 0),
(@CGUID+465, 1, 2857, -3599.33, 263.657, 100, 0, 0),
(@CGUID+465, 2, 2873.12, -3590.24, 267.126, 100, 0, 0),
(@CGUID+465, 3, 2887.85, -3592.76, 270.652, 100, 0, 0),
(@CGUID+465, 4, 2897.19, -3605.39, 273.292, 100, 0, 0),
(@CGUID+465, 5, 2899.38, -3619.34, 275.036, 100, 0, 0),
(@CGUID+465, 6, 2891.76, -3631.64, 274.199, 100, 0, 0),
(@CGUID+465, 7, 2879.47, -3638.18, 273.229, 100, 0, 0),
(@CGUID+465, 8, 2866.48, -3640.01, 271.325, 100, 0, 0),
(@CGUID+465, 9, 2879.47, -3638.18, 273.229, 100, 0, 0),
(@CGUID+465, 10, 2891.76, -3631.64, 274.199, 100, 0, 0),
(@CGUID+465, 11, 2899.38, -3619.34, 275.036, 100, 0, 0),
(@CGUID+465, 12, 2897.19, -3605.39, 273.292, 100, 0, 0),
(@CGUID+465, 13, 2887.85, -3592.76, 270.652, 100, 0, 0),
(@CGUID+465, 14, 2873.12, -3590.24, 267.126, 100, 0, 0),
(@CGUID+465, 15, 2857, -3599.33, 263.657, 100, 0, 0),
(@CGUID+465, 16, 2847.41, -3611.5, 261.839, 100, 0, 0),
(@CGUID+466, 1, 2777.6, -3575.9, 253.75, 100, 0, 0),
(@CGUID+466, 2, 2790.74, -3564.99, 251.512, 100, 0, 0),
(@CGUID+466, 3, 2806.23, -3568.65, 252.559, 100, 0, 0),
(@CGUID+466, 4, 2817.8, -3583.1, 254.576, 100, 0, 0),
(@CGUID+466, 5, 2822.72, -3595.13, 257.779, 100, 0, 0),
(@CGUID+466, 6, 2829.62, -3612.2, 259.915, 100, 0, 0),
(@CGUID+466, 7, 2822.72, -3595.13, 257.779, 100, 0, 0),
(@CGUID+466, 8, 2817.8, -3583.1, 254.576, 100, 0, 0),
(@CGUID+466, 9, 2806.23, -3568.65, 252.559, 100, 0, 0),
(@CGUID+466, 10, 2790.98, -3565.05, 251.544, 100, 0, 0),
(@CGUID+466, 11, 2777.6, -3575.9, 253.75, 100, 0, 0),
(@CGUID+466, 12, 2767.95, -3589.93, 256.642, 100, 0, 0),
(@CGUID+467, 1, 2736.52, -3591.67, 257.911, 100, 0, 0),
(@CGUID+467, 2, 2743.84, -3597.85, 257.671, 100, 0, 0),
(@CGUID+467, 3, 2720.89, -3620.15, 260.07, 100, 0, 0),
(@CGUID+467, 4, 2723.64, -3604.72, 259.688, 100, 0, 0),
(@CGUID+467, 5, 2752.58, -3595.4, 257.06, 100, 0, 0),
(@CGUID+467, 6, 2755.27, -3585.13, 256.305, 100, 0, 0),
(@CGUID+467, 7, 2757.01, -3575.48, 255.636, 100, 0, 0),
(@CGUID+467, 8, 2755.27, -3585.13, 256.305, 100, 0, 0),
(@CGUID+467, 9, 2752.58, -3595.4, 257.06, 100, 0, 0),
(@CGUID+467, 10, 2723.64, -3604.72, 259.688, 100, 0, 0),
(@CGUID+467, 11, 2720.89, -3620.15, 260.07, 100, 0, 0),
(@CGUID+467, 12, 2743.84, -3597.85, 257.671, 100, 0, 0),
(@CGUID+467, 13, 2736.52, -3591.67, 257.911, 100, 0, 0),
(@CGUID+467, 14, 2727.22, -3594.06, 258.878, 100, 0, 0),
(@CGUID+468, 1, 2884.27, -3662.16, 277.412, 100, 0, 0),
(@CGUID+468, 2, 2897.48, -3671.88, 280.394, 100, 0, 0),
(@CGUID+468, 3, 2900.62, -3683.83, 284.001, 100, 0, 0),
(@CGUID+468, 4, 2894.85, -3698.01, 285.474, 100, 0, 0),
(@CGUID+468, 5, 2882, -3708.83, 285.733, 100, 0, 0),
(@CGUID+468, 6, 2865.73, -3705.73, 284.167, 100, 0, 0),
(@CGUID+468, 7, 2858.94, -3691.24, 281.145, 100, 0, 0),
(@CGUID+468, 8, 2846.58, -3686.15, 278.529, 100, 0, 0),
(@CGUID+468, 9, 2827.88, -3686.89, 275.89, 100, 0, 0),
(@CGUID+468, 10, 2846.58, -3686.15, 278.529, 100, 0, 0),
(@CGUID+468, 11, 2858.94, -3691.24, 281.145, 100, 0, 0),
(@CGUID+468, 12, 2865.73, -3705.73, 284.167, 100, 0, 0),
(@CGUID+468, 13, 2882, -3708.83, 285.733, 100, 0, 0),
(@CGUID+468, 14, 2894.65, -3698.18, 285.475, 100, 0, 0),
(@CGUID+468, 15, 2900.62, -3683.83, 284.001, 100, 0, 0),
(@CGUID+468, 16, 2897.48, -3671.88, 280.394, 100, 0, 0),
(@CGUID+468, 17, 2884.27, -3662.16, 277.412, 100, 0, 0),
(@CGUID+468, 18, 2867.52, -3655.97, 274.442, 100, 0, 0),
(@CGUID+650, 1, 2871.87, -3275.17, 298.31, 4.71, 0, 0),
(@CGUID+650, 2, 2876.79, -3323.75, 298.15, 1.51, 0, 0),
(@CGUID+663, 1, 2872.37, -3201.92, 298.33, 5.84, 0, 0),
(@CGUID+663, 2, 2872.37, -3201.92, 298.33, 5.841, 15000, 1614603),
(@CGUID+664, 1, 2829.24, -3208.36, 298.254, 4, 0, 0),
(@CGUID+664, 2, 2829.24, -3208.36, 298.254, 4.001, 23000, 1614602),
(@CGUID+666, 1, 2857.77, -3180.22, 298.152, 0, 0, 0),
(@CGUID+666, 2, 2857.77, -3180.22, 298.152, 0.001, 22000, 1614602),
(@CGUID+669, 1, 2825.4, -3156.5, 298.146, 1.479, 0, 0),
(@CGUID+669, 2, 2825.4, -3156.5, 298.146, 1.48, 21000, 1614602),
(@CGUID+671, 1, 2799.63, -3164.42, 298.33, 3.5, 0, 0),
(@CGUID+671, 2, 2799.63, -3164.42, 298.33, 3.501, 16000, 1614603),
(@CGUID+705, 1, 2903.97, -3293.77, 298.73, 3.96, 0, 0),
(@CGUID+705, 2, 2854.1, -3335.93, 298.15, 0.75, 0, 0),
(@CGUID+714, 1, 2830.41, -3329.09, 304.837, 0, 0, 0),
(@CGUID+714, 2, 2835.76, -3331.32, 299.364, 0, 0, 0),
(@CGUID+714, 3, 2842.91, -3323.56, 298.155, 0, 0, 0),
(@CGUID+714, 4, 2852.52, -3333.61, 298.146, 0, 0, 0),
(@CGUID+714, 5, 2854.87, -3350.62, 298.146, 0, 0, 0),
(@CGUID+714, 6, 2852.52, -3333.61, 298.146, 0, 0, 0),
(@CGUID+714, 7, 2842.91, -3323.56, 298.155, 0, 0, 0),
(@CGUID+714, 8, 2835.76, -3331.32, 299.364, 0, 0, 0),
(@CGUID+718, 1, 2847.82, -3308.78, 298.147, 0, 0, 0),
(@CGUID+718, 2, 2838.8, -3321.94, 298.152, 0, 0, 0),
(@CGUID+718, 3, 2847.82, -3308.78, 298.147, 0, 0, 0),
(@CGUID+718, 4, 2845.06, -3296.36, 298.124, 0, 0, 0),
(@CGUID+718, 5, 2832.53, -3295.22, 298.15, 0, 0, 0),
(@CGUID+718, 6, 2845.06, -3296.36, 298.124, 0, 0, 0),
(@CGUID+721, 1, 2775.24, -3489.8, 274.033, 100, 0, 0),
(@CGUID+721, 2, 2809.43, -3490.46, 285.965, 100, 0, 0),
(@CGUID+721, 3, 2836.62, -3489.82, 297.863, 100, 0, 0),
(@CGUID+721, 4, 2854.79, -3489.83, 297.883, 100, 0, 0),
(@CGUID+721, 5, 2872.72, -3489.73, 297.623, 100, 0, 0),
(@CGUID+721, 6, 2855.09, -3489.83, 297.883, 100, 0, 0),
(@CGUID+721, 7, 2836.62, -3489.82, 297.863, 100, 0, 0),
(@CGUID+721, 8, 2809.43, -3490.46, 285.965, 100, 0, 0),
(@CGUID+721, 9, 2775.24, -3489.8, 274.033, 100, 0, 0),
(@CGUID+721, 10, 2728.6, -3490.62, 262.12, 100, 0, 0),
(@CGUID+722, 1, 2871.25, -3500.7, 297.621, 100, 0, 0),
(@CGUID+722, 2, 2888.54, -3522.79, 297.617, 100, 0, 0),
(@CGUID+722, 3, 2905.12, -3519.57, 297.862, 100, 0, 0),
(@CGUID+722, 4, 2921.4, -3509.92, 297.416, 100, 0, 0),
(@CGUID+722, 5, 2944.05, -3494.68, 297.631, 100, 0, 0),
(@CGUID+722, 6, 2921.4, -3509.92, 297.416, 100, 0, 0),
(@CGUID+722, 7, 2905.12, -3519.57, 297.862, 100, 0, 0),
(@CGUID+722, 8, 2888.54, -3522.79, 297.617, 100, 0, 0),
(@CGUID+722, 9, 2871.25, -3500.7, 297.621, 100, 0, 0),
(@CGUID+722, 10, 2864.62, -3468.97, 297.872, 100, 0, 0),
(@CGUID+729, 1, 2902.24, -3293.14, 298.547, 0, 0, 0),
(@CGUID+729, 2, 2899.26, -3299.75, 298.146, 0, 0, 0),
(@CGUID+729, 3, 2902.87, -3306.91, 298.146, 0, 0, 0),
(@CGUID+729, 4, 2911.01, -3309.07, 298.146, 0, 0, 0),
(@CGUID+729, 5, 2920.52, -3308.82, 298.146, 0, 0, 0),
(@CGUID+729, 6, 2920.32, -3301.1, 298.547, 0, 0, 0),
(@CGUID+729, 7, 2915.13, -3296.64, 298.547, 0, 0, 0),
(@CGUID+729, 8, 2910.94, -3290.13, 298.547, 0, 0, 0),
(@CGUID+730, 1, 2899.5, -3263.09, 298.146, 0, 0, 0),
(@CGUID+730, 2, 2899.09, -3280.57, 298.547, 0, 0, 0),
(@CGUID+730, 3, 2902.46, -3288.92, 298.547, 0, 0, 0),
(@CGUID+730, 4, 2889.02, -3298.33, 298.146, 0, 0, 0),
(@CGUID+730, 5, 2879.74, -3293.5, 298.146, 0, 0, 0),
(@CGUID+730, 6, 2882.14, -3275.98, 298.141, 0, 0, 0),
(@CGUID+844, 1, 3178.613, -3263.671, 316.428, 100, 0, 0),
(@CGUID+844, 2, 3174.119, -3267.95, 316.7845, 100, 0, 0),
(@CGUID+845, 1, 3196.852, -3246.524, 315.1048, 100, 0, 0),
(@CGUID+845, 2, 3190.628, -3252.565, 315.5675, 100, 0, 0),
(@CGUID+846, 1, 3217.316, -3224.753, 316.0585, 100, 0, 0),
(@CGUID+846, 2, 3209.847, -3232.841, 315.5579, 100, 0, 0),
(@CGUID+847, 1, 3230.179, -3211.59, 316.5933, 100, 0, 0),
(@CGUID+847, 2, 3223.018, -3218.725, 316.3707, 100, 0, 0),
(@CGUID+848, 1, 3236.249, -3205.754, 316.6995, 100, 0, 0),
(@CGUID+848, 2, 3244.748, -3198.743, 317.3647, 100, 0, 0),
(@CGUID+849, 1, 3200.392, -3242.829, 315.1411, 100, 0, 0),
(@CGUID+849, 2, 3208.167, -3234.595, 315.4565, 100, 0, 0),
(@CGUID+850, 1, 3252.532, -3188.566, 318.1087, 100, 0, 0),
(@CGUID+850, 2, 3246.763, -3193.856, 317.3067, 100, 0, 0),
(@CGUID+859, 1, 3100.52, -3911.52, 267.594, 3.0478, 0, 0),
(@CGUID+859, 2, 3080.83, -3903.46, 267.592, 2.62369, 0, 0),
(@CGUID+859, 3, 3071.96, -3883.24, 267.592, 1.72598, 0, 0),
(@CGUID+859, 4, 3079.8, -3863.12, 267.592, 0.907593, 0, 0),
(@CGUID+859, 5, 3099.65, -3854.82, 267.593, 0.064861, 0, 0),
(@CGUID+859, 6, 3120.4, -3862.29, 267.592, 5.6349, 0, 0),
(@CGUID+859, 7, 3128.89, -3882.75, 267.592, 4.59268, 0, 0),
(@CGUID+859, 8, 3121.06, -3902.89, 267.592, 3.93766, 0, 0),
(@CGUID+864, 1, 3284.89, -3882.03, 294.66, 1.40115, 0, 0),
(@CGUID+864, 2, 3292.01, -3864.25, 294.66, 0.929909, 0, 0),
(@CGUID+864, 3, 3309.94, -3857.43, 294.66, 0.157077, 0, 0),
(@CGUID+864, 4, 3327.91, -3864.18, 294.66, 5.55277, 0, 0),
(@CGUID+864, 5, 3335.57, -3882.49, 294.66, 4.67862, 0, 0),
(@CGUID+864, 6, 3327.98, -3900.94, 294.66, 3.9859, 0, 0),
(@CGUID+864, 7, 3310.12, -3908.53, 294.66, 3.10468, 0, 0),
(@CGUID+864, 8, 3291.92, -3900.29, 294.66, 2.18184, 0, 0),
(@CGUID+868, 1, 3473.9, -3754.6, 294.66, 4.04009, 0, 0),
(@CGUID+868, 2, 3453.54, -3765.24, 294.66, 3.01122, 0, 0),
(@CGUID+868, 3, 3435.42, -3757.78, 294.66, 2.324, 0, 0),
(@CGUID+868, 4, 3427.79, -3739.71, 294.66, 1.6407, 0, 0),
(@CGUID+868, 5, 3435.3, -3721.62, 294.66, 0.928343, 0, 0),
(@CGUID+868, 6, 3453.4, -3714.11, 294.66, 6.22821, 0, 0),
(@CGUID+868, 7, 3471.37, -3721.64, 294.66, 5.45459, 0, 0),
(@CGUID+868, 8, 3478.65, -3739.75, 294.66, 4.78072, 0, 0),
(@CGUID+871, 1, 3428.35, -3532.03, 267.594, 1.42438, 0, 0),
(@CGUID+871, 2, 3434.26, -3511.54, 267.592, 0.51881, 0, 0),
(@CGUID+871, 3, 3453.34, -3504, 267.592, 6.20431, 0, 0),
(@CGUID+871, 4, 3471.16, -3511.05, 267.592, 5.41891, 0, 0),
(@CGUID+871, 5, 3478.87, -3529.19, 267.592, 4.58561, 0, 0),
(@CGUID+871, 6, 3471.48, -3547.76, 267.592, 3.86069, 0, 0),
(@CGUID+871, 7, 3453.62, -3554.96, 267.592, 2.92685, 0, 0),
(@CGUID+871, 8, 3435.53, -3547.83, 267.592, 2.21685, 0, 0),
(@CGUID+873, 1, 2581.59, -3339.19, 267.594, 4.70766, 0, 0),
(@CGUID+873, 2, 2574.74, -3356.68, 267.604, 4.60266, 0, 0),
(@CGUID+873, 3, 2556.61, -3364.67, 267.604, 3.35566, 0, 0),
(@CGUID+873, 4, 2538.53, -3357.09, 267.604, 2.24666, 0, 0),
(@CGUID+873, 5, 2530.75, -3339.14, 267.604, 1.67366, 0, 0),
(@CGUID+873, 6, 2538.38, -3321.02, 267.604, 0.88066, 0, 0),
(@CGUID+873, 7, 2556.37, -3313.75, 267.604, 6.25366, 0, 0),
(@CGUID+873, 8, 2574.42, -3320.42, 267.604, 5.57566, 0, 0),
(@CGUID+877, 1, 2538.53, -3357.09, 267.604, 2.24666, 0, 0),
(@CGUID+877, 2, 2556.61, -3364.67, 267.604, 3.35566, 0, 0),
(@CGUID+877, 3, 2574.74, -3356.68, 267.604, 4.60266, 0, 0),
(@CGUID+877, 4, 2581.59, -3339.19, 267.594, 4.70766, 0, 0),
(@CGUID+877, 5, 2574.42, -3320.42, 267.604, 5.57566, 0, 0),
(@CGUID+877, 6, 2556.37, -3313.75, 267.604, 6.25366, 0, 0),
(@CGUID+877, 7, 2538.38, -3321.02, 267.604, 0.88066, 0, 0),
(@CGUID+877, 8, 2530.75, -3339.14, 267.604, 1.67366, 0, 0),
(@CGUID+881, 1, 2581.83, -3128.81, 240.526, 4.637, 0, 0),
(@CGUID+881, 2, 2574.98, -3146.3, 240.536, 4.532, 0, 0),
(@CGUID+881, 3, 2556.85, -3154.29, 240.536, 3.285, 0, 0),
(@CGUID+881, 4, 2538.77, -3146.71, 240.536, 2.176, 0, 0),
(@CGUID+881, 5, 2530.99, -3128.76, 240.536, 1.603, 0, 0),
(@CGUID+881, 6, 2538.62, -3110.64, 240.536, 0.81, 0, 0),
(@CGUID+881, 7, 2556.61, -3103.37, 240.536, 6.183, 0, 0),
(@CGUID+881, 8, 2574.66, -3110.04, 240.536, 5.505, 0, 0),
(@CGUID+885, 1, 2538.77, -3146.71, 240.536, 2.176, 0, 0),
(@CGUID+885, 2, 2556.85, -3154.29, 240.536, 3.285, 0, 0),
(@CGUID+885, 3, 2574.98, -3146.3, 240.536, 4.532, 0, 0),
(@CGUID+885, 4, 2581.83, -3128.81, 240.526, 4.637, 0, 0),
(@CGUID+885, 5, 2574.66, -3110.04, 240.536, 5.505, 0, 0),
(@CGUID+885, 6, 2556.61, -3103.37, 240.536, 6.183, 0, 0),
(@CGUID+885, 7, 2538.62, -3110.64, 240.536, 0.81, 0, 0),
(@CGUID+885, 8, 2530.99, -3128.76, 240.536, 1.603, 0, 0),
(@CGUID+889, 1, 2725.36, -2985.58, 240.526, 4.7438, 0, 0),
(@CGUID+889, 2, 2718.51, -3003.07, 240.536, 4.6388, 0, 0),
(@CGUID+889, 3, 2700.39, -3011.06, 240.536, 3.3918, 0, 0),
(@CGUID+889, 4, 2682.3, -3003.48, 240.536, 2.2828, 0, 0),
(@CGUID+889, 5, 2674.52, -2985.53, 240.536, 1.7098, 0, 0),
(@CGUID+889, 6, 2682.16, -2967.41, 240.536, 0.9168, 0, 0),
(@CGUID+889, 7, 2700.15, -2960.14, 240.536, 6.2898, 0, 0),
(@CGUID+889, 8, 2718.2, -2966.81, 240.536, 5.6118, 0, 0),
(@CGUID+893, 1, 2682.3, -3003.48, 240.536, 2.2828, 0, 0),
(@CGUID+893, 2, 2700.39, -3011.06, 240.536, 3.3918, 0, 0),
(@CGUID+893, 3, 2718.51, -3003.07, 240.536, 4.6388, 0, 0),
(@CGUID+893, 4, 2725.36, -2985.58, 240.526, 4.7438, 0, 0),
(@CGUID+893, 5, 2718.2, -2966.81, 240.536, 5.6118, 0, 0),
(@CGUID+893, 6, 2700.15, -2960.14, 240.536, 6.2898, 0, 0),
(@CGUID+893, 7, 2682.16, -2967.41, 240.536, 0.9168, 0, 0),
(@CGUID+893, 8, 2674.52, -2985.53, 240.536, 1.7098, 0, 0),
(@CGUID+897, 1, 2935.14, -2985.83, 267.594, 4.75792, 0, 0),
(@CGUID+897, 2, 2928.29, -3003.32, 267.604, 4.65292, 0, 0),
(@CGUID+897, 3, 2910.16, -3011.31, 267.604, 3.40592, 0, 0),
(@CGUID+897, 4, 2892.08, -3003.73, 267.604, 2.29692, 0, 0),
(@CGUID+897, 5, 2884.3, -2985.78, 267.604, 1.72392, 0, 0),
(@CGUID+897, 6, 2891.93, -2967.66, 267.604, 0.93092, 0, 0),
(@CGUID+897, 7, 2909.92, -2960.39, 267.604, 6.30392, 0, 0),
(@CGUID+897, 8, 2927.97, -2967.06, 267.604, 5.62592, 0, 0),
(@CGUID+901, 1, 2892.08, -3003.73, 267.604, 2.29692, 0, 0),
(@CGUID+901, 2, 2910.16, -3011.31, 267.604, 3.40592, 0, 0),
(@CGUID+901, 3, 2928.29, -3003.32, 267.604, 4.65292, 0, 0),
(@CGUID+901, 4, 2935.14, -2985.83, 267.594, 4.75792, 0, 0),
(@CGUID+901, 5, 2927.97, -2967.06, 267.604, 5.62592, 0, 0),
(@CGUID+901, 6, 2909.92, -2960.39, 267.604, 6.30392, 0, 0),
(@CGUID+901, 7, 2891.93, -2967.66, 267.604, 0.93092, 0, 0),
(@CGUID+901, 8, 2884.3, -2985.78, 267.604, 1.72392, 0, 0),
(@CGUID+905, 1, 3478.92, -3338.88, 267.594, 4.7137, 0, 0),
(@CGUID+905, 2, 3472.07, -3356.37, 267.604, 4.6087, 0, 0),
(@CGUID+905, 3, 3453.94, -3364.36, 267.604, 3.3617, 0, 0),
(@CGUID+905, 4, 3435.86, -3356.78, 267.604, 2.2527, 0, 0),
(@CGUID+905, 5, 3428.08, -3338.83, 267.604, 1.6797, 0, 0),
(@CGUID+905, 6, 3435.71, -3320.71, 267.604, 0.8867, 0, 0),
(@CGUID+905, 7, 3453.7, -3313.44, 267.604, 6.2597, 0, 0),
(@CGUID+905, 8, 3471.75, -3320.11, 267.604, 5.5817, 0, 0),
(@CGUID+909, 1, 3435.86, -3356.78, 267.604, 2.2527, 0, 0),
(@CGUID+909, 2, 3453.94, -3364.36, 267.604, 3.3617, 0, 0),
(@CGUID+909, 3, 3472.07, -3356.37, 267.604, 4.6087, 0, 0),
(@CGUID+909, 4, 3478.92, -3338.88, 267.594, 4.7137, 0, 0),
(@CGUID+909, 5, 3471.75, -3320.11, 267.604, 5.5817, 0, 0),
(@CGUID+909, 6, 3453.7, -3313.44, 267.604, 6.2597, 0, 0),
(@CGUID+909, 7, 3435.71, -3320.71, 267.604, 0.8867, 0, 0),
(@CGUID+909, 8, 3428.08, -3338.83, 267.604, 1.6797, 0, 0),
(@CGUID+913, 1, 3479.12, -3128.97, 294.661, 4.74, 0, 0),
(@CGUID+913, 2, 3472.27, -3146.46, 294.671, 4.635, 0, 0),
(@CGUID+913, 3, 3454.14, -3154.45, 294.671, 3.388, 0, 0),
(@CGUID+913, 4, 3436.06, -3146.87, 294.671, 2.279, 0, 0),
(@CGUID+913, 5, 3428.28, -3128.92, 294.671, 1.706, 0, 0),
(@CGUID+913, 6, 3435.91, -3110.8, 294.671, 0.913, 0, 0),
(@CGUID+913, 7, 3453.9, -3103.53, 294.671, 6.286, 0, 0),
(@CGUID+913, 8, 3471.95, -3110.2, 294.671, 5.608, 0, 0),
(@CGUID+917, 1, 3436.06, -3146.87, 294.671, 2.279, 0, 0),
(@CGUID+917, 2, 3454.14, -3154.45, 294.671, 3.388, 0, 0),
(@CGUID+917, 3, 3472.27, -3146.46, 294.671, 4.635, 0, 0),
(@CGUID+917, 4, 3479.12, -3128.97, 294.661, 4.74, 0, 0),
(@CGUID+917, 5, 3471.95, -3110.2, 294.671, 5.608, 0, 0),
(@CGUID+917, 6, 3453.9, -3103.53, 294.671, 6.286, 0, 0),
(@CGUID+917, 7, 3435.91, -3110.8, 294.671, 0.913, 0, 0),
(@CGUID+917, 8, 3428.28, -3128.92, 294.671, 1.706, 0, 0),
(@CGUID+921, 1, 3335.93, -2990.19, 294.662, 4.6992, 0, 0),
(@CGUID+921, 2, 3329.08, -3007.68, 294.672, 4.5942, 0, 0),
(@CGUID+921, 3, 3310.95, -3015.67, 294.672, 3.3472, 0, 0),
(@CGUID+921, 4, 3292.87, -3008.09, 294.672, 2.2382, 0, 0),
(@CGUID+921, 5, 3285.09, -2990.14, 294.672, 1.6652, 0, 0),
(@CGUID+921, 6, 3292.72, -2972.02, 294.672, 0.8722, 0, 0),
(@CGUID+921, 7, 3310.71, -2964.75, 294.672, 6.2452, 0, 0),
(@CGUID+921, 8, 3328.76, -2971.42, 294.672, 5.5672, 0, 0),
(@CGUID+925, 1, 3292.87, -3008.09, 294.672, 2.2382, 0, 0),
(@CGUID+925, 2, 3310.95, -3015.67, 294.672, 3.3472, 0, 0),
(@CGUID+925, 3, 3329.08, -3007.68, 294.672, 4.5942, 0, 0),
(@CGUID+925, 4, 3335.93, -2990.19, 294.662, 4.6992, 0, 0),
(@CGUID+925, 5, 3328.76, -2971.42, 294.672, 5.5672, 0, 0),
(@CGUID+925, 6, 3310.71, -2964.75, 294.672, 6.2452, 0, 0),
(@CGUID+925, 7, 3292.72, -2972.02, 294.672, 0.8722, 0, 0),
(@CGUID+925, 8, 3285.09, -2990.14, 294.672, 1.6652, 0, 0),
(@CGUID+929, 1, 3128.28, -2985.7, 267.593, 4.7047, 0, 0),
(@CGUID+929, 2, 3121.43, -3003.19, 267.603, 4.5997, 0, 0),
(@CGUID+929, 3, 3103.3, -3011.18, 267.603, 3.3527, 0, 0),
(@CGUID+929, 4, 3085.22, -3003.6, 267.603, 2.2437, 0, 0),
(@CGUID+929, 5, 3077.44, -2985.65, 267.603, 1.6707, 0, 0),
(@CGUID+929, 6, 3085.07, -2967.53, 267.603, 0.8777, 0, 0),
(@CGUID+929, 7, 3103.06, -2960.26, 267.603, 6.2507, 0, 0),
(@CGUID+929, 8, 3121.11, -2966.93, 267.603, 5.5727, 0, 0),
(@CGUID+933, 1, 3085.22, -3003.6, 267.603, 2.2437, 0, 0),
(@CGUID+933, 2, 3103.3, -3011.18, 267.603, 3.3527, 0, 0),
(@CGUID+933, 3, 3121.43, -3003.19, 267.603, 4.5997, 0, 0),
(@CGUID+933, 4, 3128.28, -2985.7, 267.593, 4.7047, 0, 0),
(@CGUID+933, 5, 3121.11, -2966.93, 267.603, 5.5727, 0, 0),
(@CGUID+933, 6, 3103.06, -2960.26, 267.603, 6.2507, 0, 0),
(@CGUID+933, 7, 3085.07, -2967.53, 267.603, 0.8777, 0, 0),
(@CGUID+933, 8, 3077.44, -2985.65, 267.603, 1.6707, 0, 0),
(@CGUID+937, 1, 2581.91, -3529.54, 267.594, 4.64639, 0, 0),
(@CGUID+937, 2, 2575.06, -3547.03, 267.604, 4.54139, 0, 0),
(@CGUID+937, 3, 2556.93, -3555.02, 267.604, 3.29439, 0, 0),
(@CGUID+937, 4, 2538.85, -3547.44, 267.604, 2.18539, 0, 0),
(@CGUID+937, 5, 2531.07, -3529.49, 267.604, 1.61239, 0, 0),
(@CGUID+937, 6, 2538.7, -3511.37, 267.604, 0.81939, 0, 0),
(@CGUID+937, 7, 2556.69, -3504.1, 267.604, 6.19239, 0, 0),
(@CGUID+937, 8, 2574.74, -3510.77, 267.604, 5.51439, 0, 0),
(@CGUID+941, 1, 2538.85, -3547.44, 267.604, 2.18539, 0, 0),
(@CGUID+941, 2, 2556.93, -3555.02, 267.604, 3.29439, 0, 0),
(@CGUID+941, 3, 2575.06, -3547.03, 267.604, 4.54139, 0, 0),
(@CGUID+941, 4, 2581.91, -3529.54, 267.594, 4.64639, 0, 0),
(@CGUID+941, 5, 2574.74, -3510.77, 267.604, 5.51439, 0, 0),
(@CGUID+941, 6, 2556.69, -3504.1, 267.604, 6.19239, 0, 0),
(@CGUID+941, 7, 2538.7, -3511.37, 267.604, 0.81939, 0, 0),
(@CGUID+941, 8, 2531.07, -3529.49, 267.604, 1.61239, 0, 0),
(@CGUID+945, 1, 2725.65, -3883.05, 294.662, 4.725, 0, 0),
(@CGUID+945, 2, 2718.8, -3900.54, 294.672, 4.62, 0, 0),
(@CGUID+945, 3, 2700.67, -3908.53, 294.672, 3.373, 0, 0),
(@CGUID+945, 4, 2682.59, -3900.95, 294.672, 2.264, 0, 0),
(@CGUID+945, 5, 2674.81, -3883, 294.672, 1.691, 0, 0),
(@CGUID+945, 6, 2682.44, -3864.88, 294.672, 0.898, 0, 0),
(@CGUID+945, 7, 2700.43, -3857.61, 294.672, 6.271, 0, 0),
(@CGUID+945, 8, 2718.48, -3864.28, 294.672, 5.593, 0, 0),
(@CGUID+949, 1, 2682.59, -3900.95, 294.672, 2.264, 0, 0),
(@CGUID+949, 2, 2700.67, -3908.53, 294.672, 3.373, 0, 0),
(@CGUID+949, 3, 2718.8, -3900.54, 294.672, 4.62, 0, 0),
(@CGUID+949, 4, 2725.65, -3883.05, 294.662, 4.725, 0, 0),
(@CGUID+949, 5, 2718.48, -3864.28, 294.672, 5.593, 0, 0),
(@CGUID+949, 6, 2700.43, -3857.61, 294.672, 6.271, 0, 0),
(@CGUID+949, 7, 2682.44, -3864.88, 294.672, 0.898, 0, 0),
(@CGUID+949, 8, 2674.81, -3883, 294.672, 1.691, 0, 0),
(@CGUID+953, 1, 2582.46, -3739.29, 294.661, 4.6661, 0, 0),
(@CGUID+953, 2, 2575.6, -3756.78, 294.671, 4.5611, 0, 0),
(@CGUID+953, 3, 2557.48, -3764.77, 294.671, 3.3141, 0, 0),
(@CGUID+953, 4, 2539.4, -3757.2, 294.671, 2.2051, 0, 0),
(@CGUID+953, 5, 2531.61, -3739.25, 294.671, 1.6321, 0, 0),
(@CGUID+953, 6, 2539.25, -3721.12, 294.671, 0.8391, 0, 0),
(@CGUID+953, 7, 2557.24, -3713.85, 294.671, 6.2121, 0, 0),
(@CGUID+953, 8, 2575.28, -3720.52, 294.671, 5.5341, 0, 0),
(@CGUID+957, 1, 2539.4, -3757.2, 294.671, 2.2051, 0, 0),
(@CGUID+957, 2, 2557.48, -3764.77, 294.671, 3.3141, 0, 0),
(@CGUID+957, 3, 2575.6, -3756.78, 294.671, 4.5611, 0, 0),
(@CGUID+957, 4, 2582.46, -3739.29, 294.661, 4.6661, 0, 0),
(@CGUID+957, 5, 2575.28, -3720.52, 294.671, 5.5341, 0, 0),
(@CGUID+957, 6, 2557.24, -3713.85, 294.671, 6.2121, 0, 0),
(@CGUID+957, 7, 2539.25, -3721.12, 294.671, 0.8391, 0, 0),
(@CGUID+957, 8, 2531.61, -3739.25, 294.671, 1.6321, 0, 0),
(@CGUID+961, 1, 2933.09, -3883.06, 268.132, 4.74064, 0, 0),
(@CGUID+961, 2, 2926.24, -3900.55, 268.142, 4.63564, 0, 0),
(@CGUID+961, 3, 2908.11, -3908.54, 268.142, 3.38864, 0, 0),
(@CGUID+961, 4, 2890.03, -3900.96, 268.142, 2.27964, 0, 0),
(@CGUID+961, 5, 2882.25, -3883.01, 268.142, 1.70664, 0, 0),
(@CGUID+961, 6, 2889.88, -3864.89, 268.142, 0.91364, 0, 0),
(@CGUID+961, 7, 2907.87, -3857.62, 268.142, 6.28664, 0, 0),
(@CGUID+961, 8, 2925.92, -3864.29, 268.142, 5.60864, 0, 0),
(@CGUID+965, 1, 2890.03, -3900.96, 268.142, 2.27964, 0, 0),
(@CGUID+965, 2, 2908.11, -3908.54, 268.142, 3.38864, 0, 0),
(@CGUID+965, 3, 2926.24, -3900.55, 268.142, 4.63564, 0, 0),
(@CGUID+965, 4, 2933.09, -3883.06, 268.132, 4.74064, 0, 0),
(@CGUID+965, 5, 2925.92, -3864.29, 268.142, 5.60864, 0, 0),
(@CGUID+965, 6, 2907.87, -3857.62, 268.142, 6.28664, 0, 0),
(@CGUID+965, 7, 2889.88, -3864.89, 268.142, 0.91364, 0, 0),
(@CGUID+965, 8, 2882.25, -3883.01, 268.142, 1.70664, 0, 0),
(@CGUID+1010, 01, 3241.5210, -3729.0486, 282.17334, 100, 0, 0),
(@CGUID+1010, 02, 3267.4778, -3728.9995, 278.05600, 100, 0, 0),
(@CGUID+1010, 03, 3277.6829, -3719.3176, 275.90060, 100, 0, 0),
(@CGUID+1010, 04, 3282.1890, -3705.0168, 275.79770, 100, 0, 0),
(@CGUID+1010, 05, 3267.0046, -3690.6316, 284.24560, 100, 0, 0),
(@CGUID+1010, 06, 3245.8625, -3689.3060, 287.15730, 100, 0, 0),
(@CGUID+1010, 07, 3239.2420, -3679.5540, 287.15732, 100, 0, 0),
(@CGUID+1010, 08, 3245.8625, -3689.3060, 287.15730, 100, 0, 0),
(@CGUID+1010, 09, 3267.0046, -3690.6316, 284.24560, 100, 0, 0),
(@CGUID+1010, 10, 3282.1890, -3705.0168, 275.79770, 100, 0, 0),
(@CGUID+1010, 11, 3277.6829, -3719.3176, 275.90060, 100, 0, 0),
(@CGUID+1010, 12, 3267.4778, -3728.9995, 278.05600, 100, 0, 0),
(@CGUID+1010, 13, 3241.5210, -3729.0486, 282.17334, 100, 0, 0),
(@CGUID+1010, 14, 3215.6711, -3742.4246, 284.37460, 100, 0, 0),
(@CGUID+1012, 01, 3247.6294, -3762.8142, 277.63196, 100, 0, 0),
(@CGUID+1012, 02, 3234.1243, -3743.2805, 280.92886, 100, 0, 0),
(@CGUID+1012, 03, 3234.6243, -3733.4463, 282.62576, 100, 0, 0),
(@CGUID+1012, 04, 3252.5193, -3730.2170, 279.39290, 100, 0, 0),
(@CGUID+1012, 05, 3276.2488, -3724.2840, 275.98654, 100, 0, 0),
(@CGUID+1012, 06, 3309.4165, -3714.9426, 267.06088, 100, 0, 0),
(@CGUID+1012, 07, 3322.0552, -3700.5261, 262.90097, 100, 0, 0),
(@CGUID+1012, 08, 3309.4165, -3714.9426, 267.06088, 100, 0, 0),
(@CGUID+1012, 09, 3276.2488, -3724.2840, 275.98654, 100, 0, 0),
(@CGUID+1012, 10, 3252.5193, -3730.2170, 279.39290, 100, 0, 0),
(@CGUID+1012, 11, 3234.6243, -3733.4463, 282.62576, 100, 0, 0),
(@CGUID+1012, 12, 3234.1243, -3743.2805, 280.92886, 100, 0, 0),
(@CGUID+1012, 13, 3247.6294, -3762.8142, 277.63196, 100, 0, 0),
(@CGUID+1012, 14, 3232.1443, -3779.0760, 273.24118, 100, 0, 0),
(@CGUID+1014, 01, 3453.1223, -3529.5593, 267.75732, 100, 0, 0),
(@CGUID+1014, 02, 3453.2656, -3552.2012, 267.75732, 100, 0, 0),
(@CGUID+1014, 03, 3454.1970, -3587.7083, 267.75732, 100, 0, 0),
(@CGUID+1014, 04, 3455.2537, -3610.6710, 267.75732, 100, 0, 0),
(@CGUID+1014, 05, 3454.8315, -3640.5725, 277.77972, 100, 0, 0),
(@CGUID+1014, 06, 3453.7493, -3661.2031, 287.95734, 100, 0, 0),
(@CGUID+1014, 07, 3453.6590, -3676.1848, 294.75730, 100, 0, 0),
(@CGUID+1014, 08, 3454.3225, -3704.1150, 294.75730, 100, 0, 0),
(@CGUID+1014, 09, 3455.2795, -3738.2104, 294.81265, 100, 0, 0),
(@CGUID+1014, 10, 3427.8977, -3765.5933, 294.81262, 100, 0, 0),
(@CGUID+1014, 11, 3398.6416, -3797.9392, 294.81260, 100, 0, 0),
(@CGUID+1014, 12, 3378.4610, -3824.1611, 294.81260, 100, 0, 0),
(@CGUID+1014, 13, 3352.7979, -3847.0908, 294.81262, 100, 0, 0),
(@CGUID+1014, 14, 3329.4238, -3866.9275, 294.81260, 100, 0, 0),
(@CGUID+1014, 15, 3310.5889, -3882.4420, 294.81260, 100, 0, 0),
(@CGUID+1014, 16, 3286.1067, -3884.0474, 294.81260, 100, 0, 0),
(@CGUID+1014, 17, 3254.2063, -3882.5903, 294.81262, 100, 0, 0),
(@CGUID+1014, 18, 3238.5818, -3883.8481, 290.95718, 100, 0, 0),
(@CGUID+1014, 19, 3214.1858, -3886.1802, 279.33282, 100, 0, 0),
(@CGUID+1014, 20, 3193.3157, -3886.1730, 268.36680, 100, 0, 0),
(@CGUID+1014, 21, 3146.7324, -3884.1719, 267.67368, 100, 0, 0),
(@CGUID+1014, 22, 3108.4084, -3882.7260, 267.67370, 100, 0, 0),
(@CGUID+1014, 23, 3071.7043, -3881.8564, 267.67370, 100, 0, 0),
(@CGUID+1014, 24, 3108.4084, -3882.7260, 267.67370, 100, 0, 0),
(@CGUID+1014, 25, 3146.7324, -3884.1719, 267.67368, 100, 0, 0),
(@CGUID+1014, 26, 3193.3157, -3886.1730, 268.36680, 100, 0, 0),
(@CGUID+1014, 27, 3214.1858, -3886.1802, 279.33282, 100, 0, 0),
(@CGUID+1014, 28, 3238.5818, -3883.8481, 290.95718, 100, 0, 0),
(@CGUID+1014, 29, 3254.2063, -3882.5903, 294.81262, 100, 0, 0),
(@CGUID+1014, 30, 3286.1067, -3884.0474, 294.81260, 100, 0, 0),
(@CGUID+1014, 31, 3310.5889, -3882.4420, 294.81260, 100, 0, 0),
(@CGUID+1014, 32, 3329.4238, -3866.9275, 294.81260, 100, 0, 0),
(@CGUID+1014, 33, 3352.7979, -3847.0908, 294.81262, 100, 0, 0),
(@CGUID+1014, 34, 3378.4610, -3824.1611, 294.81260, 100, 0, 0),
(@CGUID+1014, 35, 3398.6416, -3797.9392, 294.81260, 100, 0, 0),
(@CGUID+1014, 36, 3427.8977, -3765.5933, 294.81262, 100, 0, 0),
(@CGUID+1014, 37, 3455.2795, -3738.2104, 294.81265, 100, 0, 0),
(@CGUID+1014, 38, 3454.3225, -3704.1150, 294.75730, 100, 0, 0),
(@CGUID+1014, 39, 3453.6590, -3676.1848, 294.75730, 100, 0, 0),
(@CGUID+1014, 40, 3453.7493, -3661.2031, 287.95734, 100, 0, 0),
(@CGUID+1014, 41, 3454.8315, -3640.5725, 277.77972, 100, 0, 0),
(@CGUID+1014, 42, 3455.2517, -3610.8145, 267.75732, 100, 0, 0),
(@CGUID+1014, 43, 3454.1970, -3587.7083, 267.75732, 100, 0, 0),
(@CGUID+1014, 44, 3453.2656, -3552.2012, 267.75732, 100, 0, 0),
(@CGUID+1014, 45, 3453.1223, -3529.5593, 267.75732, 100, 0, 0),
(@CGUID+1014, 46, 3452.4333, -3503.1145, 267.75732, 100, 0, 0),
(@CGUID+1016, 01, 3139.2644, -3882.8923, 267.67368, 100, 0, 0),
(@CGUID+1016, 02, 3159.8762, -3882.9246, 267.67368, 100, 0, 0),
(@CGUID+1016, 03, 3182.4036, -3882.5222, 267.67368, 100, 0, 0),
(@CGUID+1016, 04, 3190.8704, -3882.3455, 267.67365, 100, 0, 0),
(@CGUID+1016, 05, 3229.0715, -3883.2083, 287.10690, 100, 0, 0),
(@CGUID+1016, 06, 3246.9670, -3883.3916, 294.81262, 100, 0, 0),
(@CGUID+1016, 07, 3262.9163, -3882.4055, 294.81262, 100, 0, 0),
(@CGUID+1016, 08, 3286.7432, -3881.8604, 294.81260, 100, 0, 0),
(@CGUID+1016, 09, 3310.9111, -3882.4114, 294.81260, 100, 0, 0),
(@CGUID+1016, 10, 3323.9430, -3869.6501, 294.81260, 100, 0, 0),
(@CGUID+1016, 11, 3347.2690, -3847.0440, 294.81262, 100, 0, 0),
(@CGUID+1016, 12, 3364.0474, -3830.0703, 294.81260, 100, 0, 0),
(@CGUID+1016, 13, 3388.6830, -3805.0803, 294.81260, 100, 0, 0),
(@CGUID+1016, 14, 3418.2036, -3775.1672, 294.81262, 100, 0, 0),
(@CGUID+1016, 15, 3433.6143, -3758.0999, 294.81262, 100, 0, 0),
(@CGUID+1016, 16, 3453.6470, -3741.4788, 294.81265, 100, 0, 0),
(@CGUID+1016, 17, 3453.9595, -3698.9922, 294.75730, 100, 0, 0),
(@CGUID+1016, 18, 3453.6182, -3672.7063, 293.21667, 100, 0, 0),
(@CGUID+1016, 19, 3453.8013, -3655.2227, 285.49940, 100, 0, 0),
(@CGUID+1016, 20, 3454.5288, -3630.6558, 272.55457, 100, 0, 0),
(@CGUID+1016, 21, 3453.5227, -3592.4970, 267.75732, 100, 0, 0),
(@CGUID+1016, 22, 3453.7139, -3547.9480, 267.75732, 100, 0, 0),
(@CGUID+1016, 23, 3453.3760, -3523.5132, 267.75732, 100, 0, 0),
(@CGUID+1016, 24, 3453.3975, -3502.9626, 267.75732, 100, 0, 0),
(@CGUID+1016, 25, 3453.3760, -3523.5132, 267.75732, 100, 0, 0),
(@CGUID+1016, 26, 3453.7139, -3547.9480, 267.75732, 100, 0, 0),
(@CGUID+1016, 27, 3453.5227, -3592.4970, 267.75732, 100, 0, 0),
(@CGUID+1016, 28, 3454.5288, -3630.6558, 272.55457, 100, 0, 0),
(@CGUID+1016, 29, 3453.8013, -3655.2227, 285.49940, 100, 0, 0),
(@CGUID+1016, 30, 3453.6182, -3672.7063, 293.21667, 100, 0, 0),
(@CGUID+1016, 31, 3453.9595, -3698.9922, 294.75730, 100, 0, 0),
(@CGUID+1016, 32, 3453.6470, -3741.4788, 294.81265, 100, 0, 0),
(@CGUID+1016, 33, 3433.6143, -3758.0999, 294.81262, 100, 0, 0),
(@CGUID+1016, 34, 3418.2036, -3775.1672, 294.81262, 100, 0, 0),
(@CGUID+1016, 35, 3388.6830, -3805.0803, 294.81260, 100, 0, 0),
(@CGUID+1016, 36, 3364.0474, -3830.0703, 294.81260, 100, 0, 0),
(@CGUID+1016, 37, 3347.2690, -3847.0440, 294.81262, 100, 0, 0),
(@CGUID+1016, 38, 3323.9430, -3869.6501, 294.81260, 100, 0, 0),
(@CGUID+1016, 39, 3310.9111, -3882.4114, 294.81260, 100, 0, 0),
(@CGUID+1016, 40, 3286.7432, -3881.8604, 294.81260, 100, 0, 0),
(@CGUID+1016, 41, 3262.9163, -3882.4055, 294.81262, 100, 0, 0),
(@CGUID+1016, 42, 3246.9670, -3883.3916, 294.81262, 100, 0, 0),
(@CGUID+1016, 43, 3229.0715, -3883.2083, 287.10690, 100, 0, 0),
(@CGUID+1016, 44, 3190.8704, -3882.3455, 267.67365, 100, 0, 0),
(@CGUID+1016, 45, 3182.4036, -3882.5222, 267.67368, 100, 0, 0),
(@CGUID+1016, 46, 3159.8762, -3882.9246, 267.67368, 100, 0, 0),
(@CGUID+1016, 47, 3139.2644, -3882.8923, 267.67368, 100, 0, 0),
(@CGUID+1016, 48, 3101.4229, -3882.5283, 267.67370, 100, 0, 0),
(@CGUID+1051, 1, 3146.0396, -3307.1720, 293.75735, 100, 0, 0),
(@CGUID+1051, 2, 3146.9592, -3314.3318, 293.63690, 100, 0, 0),
(@CGUID+1051, 3, 3139.7021, -3324.4420, 293.82285, 100, 0, 0),
(@CGUID+1051, 4, 3132.0703, -3332.0188, 293.80084, 100, 0, 0),
(@CGUID+1051, 5, 3124.0886, -3333.2043, 293.75217, 100, 0, 0),
(@CGUID+1051, 6, 3116.4866, -3325.7890, 293.75735, 100, 0, 0),
(@CGUID+1051, 7, 3109.4673, -3318.6900, 293.75732, 100, 0, 0),
(@CGUID+1051, 8, 3109.7078, -3311.6204, 293.75732, 100, 0, 0),
(@CGUID+1051, 9, 3117.2925, -3302.7966, 293.81076, 100, 0, 0),
(@CGUID+1051, 10, 3125.3655, -3296.0168, 293.75543, 100, 0, 0),
(@CGUID+1051, 11, 3134.2990, -3294.8557, 293.75735, 100, 0, 0),
(@CGUID+1051, 12, 3140.7144, -3302.6292, 293.75735, 100, 0, 0);

DELETE FROM `creature_movement_template` WHERE `entry` IN (16061,15931,15954,16998);
INSERT INTO `creature_movement_template` (`entry`, `pathId`, `point`, `PositionX`, `PositionY`, `PositionZ`, `orientation`, `waittime`, `ScriptId`) VALUES
(16061, 0, 1, 2765.25, -3088.47, 267.685, 0.38872, 0, 1606102),
(16061, 0, 2, 2780, -3090.74, 267.685, 5.78048, 0, 1606102),
(16061, 0, 3, 2783.57, -3100.87, 267.685, 5.04221, 0, 1606102),
(16061, 0, 4, 2776.59, -3109.78, 267.685, 3.98977, 0, 1606102),
(16061, 0, 5, 2765.44, -3110.8, 267.685, 3.15332, 0, 1606102),
(16061, 0, 6, 2757.56, -3100.27, 267.685, 2.06162, 0, 1606102),
(16061, 0, 7, 2760.86, -3090.25, 267.685, 1.48676, 10000, 1606101),
(15931, 0, 1, 3230.98, -3315.27, 292.595, 100, 0, 0),
(15931, 0, 2, 3229.01, -3330.24, 292.595, 100, 0, 0),
(15931, 0, 3, 3228.29, -3352.37, 298.433, 100, 0, 0),
(15931, 0, 4, 3228.85, -3367.87, 306.571, 100, 0, 0),
(15931, 0, 5, 3229.23, -3377.6, 311.336, 100, 0, 0),
(15931, 0, 6, 3222.96, -3389.25, 311.331, 100, 0, 0),
(15931, 0, 7, 3211.57, -3389.39, 311.333, 100, 0, 0),
(15931, 0, 8, 3205.06, -3380.85, 311.322, 100, 0, 0),
(15931, 0, 9, 3205.27, -3368.45, 313.608, 100, 0, 0),
(15931, 0, 10, 3205.24, -3346.58, 318.985, 100, 0, 0),
(15931, 0, 11, 3209.54, -3326.25, 320.389, 100, 0, 0),
(15931, 0, 12, 3209.07, -3314, 320.337, 100, 0, 0),
(15931, 0, 13, 3200.39, -3306.9, 320.325, 100, 0, 0),
(15931, 0, 14, 3186.11, -3306.75, 320.27, 100, 0, 0),
(15931, 0, 15, 3174.5, -3306.84, 319.642, 100, 60000, 1593101),
(15931, 0, 16, 3188.37, -3306, 320.29, 100, 0, 0),
(15931, 0, 17, 3201.27, -3305.62, 320.326, 100, 0, 0),
(15931, 0, 18, 3208.78, -3314.22, 320.337, 100, 0, 0),
(15931, 0, 19, 3211.18, -3328.45, 320.404, 100, 0, 0),
(15931, 0, 20, 3203.89, -3342.49, 320.016, 100, 0, 0),
(15931, 0, 21, 3204.19, -3365.33, 314.378, 100, 0, 0),
(15931, 0, 22, 3204.95, -3382.07, 311.323, 100, 0, 0),
(15931, 0, 23, 3211.57, -3388.58, 311.332, 100, 0, 0),
(15931, 0, 24, 3223.58, -3387.86, 311.329, 100, 0, 0),
(15931, 0, 25, 3227.58, -3378.3, 311.332, 100, 0, 0),
(15931, 0, 26, 3228.72, -3363.87, 304.474, 100, 0, 0),
(15931, 0, 27, 3228.58, -3342.26, 293.126, 100, 0, 0),
(15931, 0, 28, 3228.15, -3327.91, 292.595, 100, 0, 0),
(15931, 0, 29, 3232.39, -3309.21, 292.595, 100, 0, 0),
(15931, 0, 30, 3252.04, -3310.18, 292.595, 0.0698132, 60000, 0),
(15954, 0, 1, 2671.65, -3489.11, 261.348, 100, 0, 0),
(15954, 0, 2, 2666.34, -3502.6, 261.293, 100, 0, 0),
(15954, 0, 3, 2670.34, -3514.17, 261.239, 100, 0, 0),
(15954, 0, 4, 2676.19, -3520.29, 261.222, 100, 0, 0),
(15954, 0, 5, 2670.34, -3514.17, 261.239, 100, 0, 0),
(15954, 0, 6, 2666.34, -3502.6, 261.293, 100, 0, 0),
(15954, 0, 7, 2671.65, -3489.11, 261.348, 100, 0, 0),
(15954, 0, 8, 2676.57, -3484.5, 261.376, 100, 0, 0),
(16998, 0, 1, 3006.610107, -3414.669922, 297.135010, 100, 0, 0),
(16998, 0, 2, 3005.110107, -3394.360107, 298.356995, 100, 1000, 1699801),
(16998, 1, 1, 2996.110107, -3395.270020, 298.356995, 100, 0, 0),
(16998, 1, 2, 2977.219971, -3405.250000, 298.295990, 100, 0, 0),
(16998, 1, 3, 2969.010010, -3418.699951, 298.356995, 100, 0, 0),
(16998, 1, 4, 2960.270020, -3433.889893, 299.557007, 100, 1000, 1699802),
(16998, 2, 1, 2967.050049, -3442.959961, 298.356995, 100, 0, 0),
(16998, 2, 2, 2983.290039, -3455.800049, 298.333008, 100, 0, 0),
(16998, 2, 3, 2991.659912, -3448.949951, 302.016998, 100, 0, 0),
(16998, 2, 4, 2997.919922, -3442.530029, 304.356995, 100, 0, 0),
(16998, 2, 5, 3005.889893, -3434.280029, 304.415009, 100, 1000, 1699803),
(16998, 3, 1, 3016.620117, -3445.300049, 303.045990, 100, 0, 0),
(16998, 3, 2, 3026.830078, -3455.459961, 298.356995, 100, 0, 0),
(16998, 3, 3, 3037.659912, -3452.389893, 298.356995, 100, 0, 0),
(16998, 3, 4, 3040.889893, -3433.780029, 298.356995, 100, 1000, 1699804),
(16998, 4, 1, 3006.790039, -3434.280029, 293.957001, 100, 1000, 1699805);

INSERT INTO `creature_addon` (`guid`, `mount`, `stand_state`, `sheath_state`, `emote`, `moveflags`, `auras`) VALUES
(@CGUID+664, 0, 0, 0, 333, 0, '18950'), -- Deathknight
(@CGUID+665, 0, 0, 0, 333, 0, '18950'), -- Deathknight
(@CGUID+666, 0, 0, 0, 333, 0, '18950'), -- Deathknight
(@CGUID+667, 0, 0, 0, 333, 0, '18950'), -- Deathknight
(@CGUID+668, 0, 0, 0, 333, 0, '18950'), -- Deathknight
(@CGUID+669, 0, 0, 0, 333, 0, '18950'), -- Deathknight
(@CGUID+719, 0, 9, 1, 0, 0, NULL), -- Stoneskin Gargoyle
(@CGUID+720, 0, 9, 1, 0, 0, NULL), -- Stoneskin Gargoyle
(@CGUID+723, 0, 9, 1, 0, 0, NULL), -- Stoneskin Gargoyle
(@CGUID+724, 0, 9, 1, 0, 0, NULL), -- Stoneskin Gargoyle
(@CGUID+725, 0, 9, 1, 0, 0, NULL), -- Stoneskin Gargoyle
(@CGUID+726, 0, 9, 1, 0, 0, NULL), -- Stoneskin Gargoyle
(@CGUID+727, 0, 0, 1, 173, 0, NULL), -- Skeletal Smith
(@CGUID+728, 0, 0, 1, 173, 0, NULL), -- Skeletal Smith
(@CGUID+759, 0, 0, 1, 0, 0, '28097'), -- Tesla Coil
(@CGUID+760, 0, 0, 1, 0, 0, '28109'); -- Tesla Coil

REPLACE INTO `creature_template_addon` (`entry`, `mount`, `stand_state`, `sheath_state`, `emote`, `moveflags`, `auras`) VALUES
(15928, 0, 0, 1, 0, 0, NULL), -- Thaddius
(15929, 0, 0, 1, 0, 0, NULL), -- Stalagg
(15930, 0, 0, 1, 0, 0, NULL), -- Feugen
(15931, 0, 0, 1, 0, 0, NULL), -- Grobbulus
(15932, 0, 0, 1, 0, 0, '19818'), -- Gluth
(15936, 0, 0, 1, 0, 0, NULL), -- Heigan the Unclean
(15952, 0, 0, 1, 0, 0, '19818'), -- Maexxna
(15953, 0, 0, 1, 0, 0, NULL), -- Grand Widow Faerlina
(15954, 0, 0, 1, 0, 0, NULL), -- Noth the Plaguebringer
(15956, 0, 0, 1, 0, 0, '18943'), -- Anub'Rekhan
(15974, 0, 0, 1, 0, 0, NULL), -- Dread Creeper
(15975, 0, 0, 1, 0, 0, NULL), -- Carrion Spinner
(15976, 0, 0, 1, 0, 0, '18943'), -- Venom Stalker
(15977, 0, 0, 1, 0, 0, NULL), -- Infectious Skitterer
(15978, 0, 0, 1, 0, 0, NULL), -- Crypt Reaver
(15979, 0, 0, 1, 0, 0, NULL), -- Tomb Horror
(15980, 0, 8, 1, 0, 0, NULL), -- Naxxramas Cultist
(15981, 0, 8, 1, 0, 0, NULL), -- Naxxramas Acolyte
(15989, 0, 0, 1, 0, 0, '19818'), -- Sapphiron
(15990, 0, 0, 1, 0, 0, NULL), -- Kel'Thuzad
(16011, 0, 0, 1, 0, 0, NULL), -- Loatheb
(16017, 0, 0, 1, 0, 0, '27793'), -- Patchwork Golem
(16018, 0, 0, 1, 0, 0, '30079'), -- Bile Retcher
(16020, 0, 0, 1, 0, 0, NULL), -- Mad Scientist
(16021, 0, 0, 1, 0, 0, NULL), -- Living Monstrosity
(16022, 0, 0, 1, 0, 0, NULL), -- Surgical Assistant
(16024, 0, 0, 1, 0, 0, NULL), -- Embalming Slime
(16025, 0, 0, 1, 0, 0, NULL), -- Stitched Spewer
(16027, 0, 0, 1, 0, 0, '18950'), -- Living Poison
(16028, 0, 0, 1, 0, 0, NULL), -- Patchwerk
(16029, 0, 0, 1, 0, 0, '28362'), -- Sludge Belcher
(16030, 0, 0, 1, 0, 0, NULL), -- Maggot
(16034, 0, 0, 1, 0, 0, NULL), -- Plague Beast
(16036, 0, 0, 1, 0, 0, NULL), -- Frenzied Bat
(16037, 0, 0, 1, 0, 0, NULL), -- Plagued Bat
(16056, 0, 0, 1, 0, 0, NULL), -- Diseased Maggot
(16057, 0, 0, 1, 0, 0, NULL), -- Rotting Maggot
(16060, 0, 0, 1, 0, 0, NULL), -- Gothik the Harvester
(16061, 0, 0, 0, 0, 0, '18950'), -- Instructor Razuvious
(16062, 0, 0, 1, 0, 0, NULL), -- Highlord Mograine
(16063, 0, 0, 1, 0, 0, NULL), -- Sir Zeliek
(16064, 0, 0, 1, 0, 0, NULL), -- Thane Korth'azz
(16065, 0, 0, 1, 0, 0, NULL), -- Lady Blaumeux
(16067, 0, 0, 1, 0, 0, NULL), -- Skeletal Steed
(16068, 0, 0, 1, 0, 0, NULL), -- Larva
(16082, 0, 0, 1, 0, 0, NULL), -- Naxxramas Trigger
(16137, 0, 0, 1, 0, 0, NULL), -- Naxxramas Military Sub-Boss Trigger
(16145, 0, 0, 1, 0, 0, NULL), -- Deathknight Captain
(16146, 0, 0, 1, 0, 0, NULL), -- Deathknight
(16154, 0, 0, 1, 0, 0, NULL), -- Risen Deathknight
(16156, 0, 0, 1, 0, 0, NULL), -- Dark Touched Warrior
(16157, 0, 0, 1, 0, 0, NULL), -- Doom Touched Warrior
(16158, 0, 0, 1, 0, 0, NULL), -- Death Touched Warrior
(16163, 0, 0, 1, 0, 0, NULL), -- Deathknight Cavalier
(16164, 0, 0, 1, 0, 0, NULL), -- Shade of Naxxramas
(16165, 0, 0, 1, 0, 0, NULL), -- Necro Knight
(16167, 0, 0, 1, 0, 0, NULL), -- Bony Construct
(16168, 0, 0, 1, 0, 0, NULL), -- Stoneskin Gargoyle
(16193, 0, 0, 1, 0, 0, NULL), -- Skeletal Smith
(16194, 0, 0, 1, 0, 0, NULL), -- Unholy Axe
(16211, 0, 0, 1, 0, 0, NULL), -- Naxxramas Combat Dummy
(16215, 0, 0, 1, 0, 0, NULL), -- Unholy Staff
(16216, 0, 0, 1, 0, 0, NULL), -- Unholy Swords
(16218, 0, 0, 1, 0, 0, NULL), -- Tesla Coil
(16236, 0, 0, 1, 0, 0, NULL), -- Eye Stalk
(16243, 0, 0, 1, 0, 0, NULL), -- Plague Slime
(16244, 0, 0, 1, 0, 0, NULL), -- Infectious Ghoul
(16297, 0, 0, 1, 0, 0, NULL), -- Mutated Grub
(16365, 0, 0, 1, 0, 0, NULL), -- Master Craftsman Omarion
(16368, 0, 0, 1, 0, 0, NULL), -- Necropolis Acolyte
(16381, 0, 7, 1, 0, 0, NULL), -- Archmage Tarsis Kir-Moldir
(16400, 0, 0, 1, 0, 0, '28370'), -- Toxic Tunnel
(16446, 0, 0, 1, 0, 0, NULL), -- Plagued Gargoyle
(16447, 0, 0, 1, 0, 0, NULL), -- Plagued Ghoul
(16448, 0, 0, 1, 0, 0, NULL), -- Plagued Deathhound
(16449, 0, 0, 1, 0, 0, NULL), -- Spirit of Naxxramas
(16451, 0, 0, 1, 0, 0, NULL), -- Deathknight Vindicator
(16452, 0, 0, 1, 0, 0, NULL), -- Necro Knight Guardian
(16453, 0, 0, 1, 0, 0, NULL), -- Necro Stalker
(16474, 0, 0, 1, 0, 0, '28534'), -- Blizzard
(16505, 0, 0, 1, 0, 0, NULL), -- Naxxramas Follower
(16506, 0, 0, 1, 0, 0, NULL), -- Naxxramas Worshipper
(16573, 0, 0, 1, 0, 0, NULL), -- Crypt Guard
(16803, 0, 0, 0, 333, 0, '18950 29068'), -- Deathknight Understudy
(16861, 0, 0, 1, 0, 0, NULL), -- Death Lord
(16980, 0, 0, 1, 0, 0, NULL), -- The Lich King
(16998, 0, 0, 1, 0, 0, NULL), -- Mr. Bigglesworth
(17286, 0, 0, 1, 0, 0, '28782'); -- Invisible Man

INSERT INTO `creature_linking` (`guid`, `master_guid`, `flag`) VALUES
(@CGUID+158, @CGUID+274, 3), -- Dread Creeper -> Tomb Horror
(@CGUID+159, @CGUID+274, 3), -- Dread Creeper -> Tomb Horror
(@CGUID+160, @CGUID+274, 3), -- Dread Creeper -> Tomb Horror
(@CGUID+161, @CGUID+274, 3), -- Dread Creeper -> Tomb Horror
(@CGUID+162, @CGUID+275, 3), -- Dread Creeper -> Tomb Horror
(@CGUID+163, @CGUID+275, 3), -- Dread Creeper -> Tomb Horror
(@CGUID+164, @CGUID+275, 3), -- Dread Creeper -> Tomb Horror
(@CGUID+165, @CGUID+275, 3), -- Dread Creeper -> Tomb Horror
(@CGUID+229, @CGUID+228, 515), -- Infectious Skitterer -> Infectious Skitterer
(@CGUID+230, @CGUID+228, 515), -- Infectious Skitterer -> Infectious Skitterer
(@CGUID+231, @CGUID+228, 515), -- Infectious Skitterer -> Infectious Skitterer
(@CGUID+232, @CGUID+228, 515), -- Infectious Skitterer -> Infectious Skitterer
(@CGUID+233, @CGUID+228, 515), -- Infectious Skitterer -> Infectious Skitterer
(@CGUID+234, @CGUID+228, 515), -- Infectious Skitterer -> Infectious Skitterer
(@CGUID+235, @CGUID+228, 515), -- Infectious Skitterer -> Infectious Skitterer
(@CGUID+236, @CGUID+228, 515), -- Infectious Skitterer -> Infectious Skitterer
(@CGUID+237, @CGUID+228, 515), -- Infectious Skitterer -> Infectious Skitterer
(@CGUID+239, @CGUID+238, 515), -- Infectious Skitterer -> Infectious Skitterer
(@CGUID+240, @CGUID+238, 515), -- Infectious Skitterer -> Infectious Skitterer
(@CGUID+241, @CGUID+238, 515), -- Infectious Skitterer -> Infectious Skitterer
(@CGUID+242, @CGUID+238, 515), -- Infectious Skitterer -> Infectious Skitterer
(@CGUID+243, @CGUID+238, 515), -- Infectious Skitterer -> Infectious Skitterer
(@CGUID+244, @CGUID+238, 515), -- Infectious Skitterer -> Infectious Skitterer
(@CGUID+245, @CGUID+238, 515), -- Infectious Skitterer -> Infectious Skitterer
(@CGUID+246, @CGUID+238, 515), -- Infectious Skitterer -> Infectious Skitterer
(@CGUID+247, @CGUID+238, 515), -- Infectious Skitterer -> Infectious Skitterer
(@CGUID+259, @CGUID+258, 515), -- Infectious Skitterer -> Infectious Skitterer
(@CGUID+260, @CGUID+258, 515), -- Infectious Skitterer -> Infectious Skitterer
(@CGUID+261, @CGUID+258, 515), -- Infectious Skitterer -> Infectious Skitterer
(@CGUID+262, @CGUID+258, 515), -- Infectious Skitterer -> Infectious Skitterer
(@CGUID+263, @CGUID+258, 515), -- Infectious Skitterer -> Infectious Skitterer
(@CGUID+264, @CGUID+258, 515), -- Infectious Skitterer -> Infectious Skitterer
(@CGUID+265, @CGUID+258, 515), -- Infectious Skitterer -> Infectious Skitterer
(@CGUID+266, @CGUID+258, 515), -- Infectious Skitterer -> Infectious Skitterer
(@CGUID+267, @CGUID+258, 515), -- Infectious Skitterer -> Infectious Skitterer
(@CGUID+276, @CGUID+280, 3), -- Naxxramas Cultist -> Naxxramas Cultist
(@CGUID+277, @CGUID+280, 3), -- Naxxramas Cultist -> Naxxramas Cultist
(@CGUID+278, @CGUID+280, 3), -- Naxxramas Cultist -> Naxxramas Cultist
(@CGUID+279, @CGUID+280, 3), -- Naxxramas Cultist -> Naxxramas Cultist
(@CGUID+281, @CGUID+307, 3), -- Naxxramas Cultist -> Naxxramas Acolyte
(@CGUID+282, @CGUID+307, 3), -- Naxxramas Cultist -> Naxxramas Acolyte
(@CGUID+283, @CGUID+307, 3), -- Naxxramas Cultist -> Naxxramas Acolyte
(@CGUID+284, @CGUID+307, 3), -- Naxxramas Cultist -> Naxxramas Acolyte
(@CGUID+285, @CGUID+307, 3), -- Naxxramas Cultist -> Naxxramas Acolyte
(@CGUID+286, @CGUID+310, 3), -- Naxxramas Cultist -> Naxxramas Acolyte
(@CGUID+287, @CGUID+310, 3), -- Naxxramas Cultist -> Naxxramas Acolyte
(@CGUID+288, @CGUID+310, 3), -- Naxxramas Cultist -> Naxxramas Acolyte
(@CGUID+289, @CGUID+310, 3), -- Naxxramas Cultist -> Naxxramas Acolyte
(@CGUID+290, @CGUID+310, 3), -- Naxxramas Cultist -> Naxxramas Acolyte
(@CGUID+291, @CGUID+314, 3), -- Naxxramas Cultist -> Naxxramas Acolyte
(@CGUID+292, @CGUID+314, 3), -- Naxxramas Cultist -> Naxxramas Acolyte
(@CGUID+293, @CGUID+314, 3), -- Naxxramas Cultist -> Naxxramas Acolyte
(@CGUID+294, @CGUID+314, 3), -- Naxxramas Cultist -> Naxxramas Acolyte
(@CGUID+295, @CGUID+319, 3), -- Naxxramas Cultist -> Naxxramas Acolyte
(@CGUID+296, @CGUID+319, 3), -- Naxxramas Cultist -> Naxxramas Acolyte
(@CGUID+297, @CGUID+319, 3), -- Naxxramas Cultist -> Naxxramas Acolyte
(@CGUID+298, @CGUID+323, 3), -- Naxxramas Cultist -> Naxxramas Acolyte
(@CGUID+299, @CGUID+323, 3), -- Naxxramas Cultist -> Naxxramas Acolyte
(@CGUID+300, @CGUID+323, 3), -- Naxxramas Cultist -> Naxxramas Acolyte
(@CGUID+301, @CGUID+323, 3), -- Naxxramas Cultist -> Naxxramas Acolyte
(@CGUID+302, @CGUID+280, 3), -- Naxxramas Acolyte -> Naxxramas Cultist
(@CGUID+303, @CGUID+280, 3), -- Naxxramas Acolyte -> Naxxramas Cultist
(@CGUID+304, @CGUID+280, 3), -- Naxxramas Acolyte -> Naxxramas Cultist
(@CGUID+305, @CGUID+307, 3), -- Naxxramas Acolyte -> Naxxramas Acolyte
(@CGUID+306, @CGUID+307, 3), -- Naxxramas Acolyte -> Naxxramas Acolyte
(@CGUID+308, @CGUID+310, 3), -- Naxxramas Acolyte -> Naxxramas Acolyte
(@CGUID+309, @CGUID+310, 3), -- Naxxramas Acolyte -> Naxxramas Acolyte
(@CGUID+311, @CGUID+314, 3), -- Naxxramas Acolyte -> Naxxramas Acolyte
(@CGUID+312, @CGUID+314, 3), -- Naxxramas Acolyte -> Naxxramas Acolyte
(@CGUID+313, @CGUID+314, 3), -- Naxxramas Acolyte -> Naxxramas Acolyte
(@CGUID+315, @CGUID+319, 3), -- Naxxramas Acolyte -> Naxxramas Acolyte
(@CGUID+316, @CGUID+319, 3), -- Naxxramas Acolyte -> Naxxramas Acolyte
(@CGUID+317, @CGUID+319, 3), -- Naxxramas Acolyte -> Naxxramas Acolyte
(@CGUID+318, @CGUID+319, 3), -- Naxxramas Acolyte -> Naxxramas Acolyte
(@CGUID+320, @CGUID+323, 3), -- Naxxramas Acolyte -> Naxxramas Acolyte
(@CGUID+321, @CGUID+323, 3), -- Naxxramas Acolyte -> Naxxramas Acolyte
(@CGUID+322, @CGUID+323, 3), -- Naxxramas Acolyte -> Naxxramas Acolyte
(@CGUID+326, @CGUID+328, 3), -- Patchwork Golem -> Patchwork Golem
(@CGUID+327, @CGUID+328, 3), -- Patchwork Golem -> Patchwork Golem
(@CGUID+329, @CGUID+328, 3), -- Patchwork Golem -> Patchwork Golem
(@CGUID+330, @CGUID+345, 3), -- Patchwork Golem -> Bile Retcher
(@CGUID+331, @CGUID+344, 3), -- Patchwork Golem -> Bile Retcher
(@CGUID+332, @CGUID+335, 3), -- Patchwork Golem -> Patchwork Golem
(@CGUID+333, @CGUID+344, 3), -- Patchwork Golem -> Bile Retcher
(@CGUID+334, @CGUID+335, 3), -- Patchwork Golem -> Patchwork Golem
(@CGUID+336, @CGUID+340, 3), -- Patchwork Golem -> Patchwork Golem
(@CGUID+337, @CGUID+340, 3), -- Patchwork Golem -> Patchwork Golem
(@CGUID+341, @CGUID+340, 3), -- Patchwork Golem -> Patchwork Golem
(@CGUID+651, @CGUID+650, 515), -- Deathknight Captain -> Deathknight Captain
(@CGUID+759, @CGUID+143, 1+4+128+1024), -- Tesla Coil -> Stalagg
(@CGUID+760, @CGUID+144, 1+4+128+1024), -- Tesla Coil -> Feugen
(@CGUID+857, @CGUID+859, 515), -- Plagued Ghoul -> Plagued Ghoul
(@CGUID+858, @CGUID+859, 515), -- Plagued Ghoul -> Plagued Ghoul
(@CGUID+860, @CGUID+859, 515), -- Plagued Ghoul -> Plagued Ghoul
(@CGUID+861, @CGUID+864, 515), -- Plagued Ghoul -> Plagued Ghoul
(@CGUID+862, @CGUID+864, 515), -- Plagued Ghoul -> Plagued Ghoul
(@CGUID+863, @CGUID+864, 515), -- Plagued Ghoul -> Plagued Ghoul
(@CGUID+865, @CGUID+868, 515), -- Plagued Ghoul -> Plagued Ghoul
(@CGUID+866, @CGUID+868, 515), -- Plagued Ghoul -> Plagued Ghoul
(@CGUID+867, @CGUID+868, 515), -- Plagued Ghoul -> Plagued Ghoul
(@CGUID+869, @CGUID+871, 515), -- Plagued Ghoul -> Plagued Ghoul
(@CGUID+870, @CGUID+871, 515), -- Plagued Ghoul -> Plagued Ghoul
(@CGUID+872, @CGUID+871, 515), -- Plagued Ghoul -> Plagued Ghoul
(@CGUID+874, @CGUID+873, 515), -- Plagued Ghoul -> Plagued Ghoul
(@CGUID+875, @CGUID+873, 515), -- Plagued Ghoul -> Plagued Ghoul
(@CGUID+876, @CGUID+873, 515), -- Plagued Ghoul -> Plagued Ghoul
(@CGUID+878, @CGUID+877, 515), -- Plagued Ghoul -> Plagued Ghoul
(@CGUID+879, @CGUID+877, 515), -- Plagued Ghoul -> Plagued Ghoul
(@CGUID+880, @CGUID+877, 515), -- Plagued Ghoul -> Plagued Ghoul
(@CGUID+882, @CGUID+881, 515), -- Plagued Ghoul -> Plagued Ghoul
(@CGUID+883, @CGUID+881, 515), -- Plagued Ghoul -> Plagued Ghoul
(@CGUID+884, @CGUID+881, 515), -- Plagued Ghoul -> Plagued Ghoul
(@CGUID+886, @CGUID+885, 515), -- Plagued Ghoul -> Plagued Ghoul
(@CGUID+887, @CGUID+885, 515), -- Plagued Ghoul -> Plagued Ghoul
(@CGUID+888, @CGUID+885, 515), -- Plagued Ghoul -> Plagued Ghoul
(@CGUID+890, @CGUID+889, 515), -- Plagued Ghoul -> Plagued Ghoul
(@CGUID+891, @CGUID+889, 515), -- Plagued Ghoul -> Plagued Ghoul
(@CGUID+892, @CGUID+889, 515), -- Plagued Ghoul -> Plagued Ghoul
(@CGUID+894, @CGUID+893, 515), -- Plagued Ghoul -> Plagued Ghoul
(@CGUID+895, @CGUID+893, 515), -- Plagued Ghoul -> Plagued Ghoul
(@CGUID+896, @CGUID+893, 515), -- Plagued Ghoul -> Plagued Ghoul
(@CGUID+898, @CGUID+897, 515), -- Plagued Ghoul -> Plagued Ghoul
(@CGUID+899, @CGUID+897, 515), -- Plagued Ghoul -> Plagued Ghoul
(@CGUID+900, @CGUID+897, 515), -- Plagued Ghoul -> Plagued Ghoul
(@CGUID+902, @CGUID+901, 515), -- Plagued Ghoul -> Plagued Ghoul
(@CGUID+903, @CGUID+901, 515), -- Plagued Ghoul -> Plagued Ghoul
(@CGUID+904, @CGUID+901, 515), -- Plagued Ghoul -> Plagued Ghoul
(@CGUID+906, @CGUID+905, 515), -- Plagued Ghoul -> Plagued Ghoul
(@CGUID+907, @CGUID+905, 515), -- Plagued Ghoul -> Plagued Ghoul
(@CGUID+908, @CGUID+905, 515), -- Plagued Ghoul -> Plagued Ghoul
(@CGUID+910, @CGUID+909, 515), -- Plagued Ghoul -> Plagued Ghoul
(@CGUID+911, @CGUID+909, 515), -- Plagued Ghoul -> Plagued Ghoul
(@CGUID+912, @CGUID+909, 515), -- Plagued Ghoul -> Plagued Ghoul
(@CGUID+914, @CGUID+913, 515), -- Plagued Ghoul -> Plagued Ghoul
(@CGUID+915, @CGUID+913, 515), -- Plagued Ghoul -> Plagued Ghoul
(@CGUID+916, @CGUID+913, 515), -- Plagued Ghoul -> Plagued Ghoul
(@CGUID+918, @CGUID+917, 515), -- Plagued Ghoul -> Plagued Ghoul
(@CGUID+919, @CGUID+917, 515), -- Plagued Ghoul -> Plagued Ghoul
(@CGUID+920, @CGUID+917, 515), -- Plagued Ghoul -> Plagued Ghoul
(@CGUID+922, @CGUID+921, 515), -- Plagued Ghoul -> Plagued Ghoul
(@CGUID+923, @CGUID+921, 515), -- Plagued Ghoul -> Plagued Ghoul
(@CGUID+924, @CGUID+921, 515), -- Plagued Ghoul -> Plagued Ghoul
(@CGUID+926, @CGUID+925, 515), -- Plagued Ghoul -> Plagued Ghoul
(@CGUID+927, @CGUID+925, 515), -- Plagued Ghoul -> Plagued Ghoul
(@CGUID+928, @CGUID+925, 515), -- Plagued Ghoul -> Plagued Ghoul
(@CGUID+930, @CGUID+929, 515), -- Plagued Ghoul -> Plagued Ghoul
(@CGUID+931, @CGUID+929, 515), -- Plagued Ghoul -> Plagued Ghoul
(@CGUID+932, @CGUID+929, 515), -- Plagued Ghoul -> Plagued Ghoul
(@CGUID+934, @CGUID+933, 515), -- Plagued Ghoul -> Plagued Ghoul
(@CGUID+935, @CGUID+933, 515), -- Plagued Ghoul -> Plagued Ghoul
(@CGUID+936, @CGUID+933, 515), -- Plagued Ghoul -> Plagued Ghoul
(@CGUID+938, @CGUID+937, 515), -- Plagued Ghoul -> Plagued Ghoul
(@CGUID+939, @CGUID+937, 515), -- Plagued Ghoul -> Plagued Ghoul
(@CGUID+940, @CGUID+937, 515), -- Plagued Ghoul -> Plagued Ghoul
(@CGUID+942, @CGUID+941, 515), -- Plagued Ghoul -> Plagued Ghoul
(@CGUID+943, @CGUID+941, 515), -- Plagued Ghoul -> Plagued Ghoul
(@CGUID+944, @CGUID+941, 515), -- Plagued Ghoul -> Plagued Ghoul
(@CGUID+946, @CGUID+945, 515), -- Plagued Ghoul -> Plagued Ghoul
(@CGUID+947, @CGUID+945, 515), -- Plagued Ghoul -> Plagued Ghoul
(@CGUID+948, @CGUID+945, 515), -- Plagued Ghoul -> Plagued Ghoul
(@CGUID+950, @CGUID+949, 515), -- Plagued Ghoul -> Plagued Ghoul
(@CGUID+951, @CGUID+949, 515), -- Plagued Ghoul -> Plagued Ghoul
(@CGUID+952, @CGUID+949, 515), -- Plagued Ghoul -> Plagued Ghoul
(@CGUID+954, @CGUID+953, 515), -- Plagued Ghoul -> Plagued Ghoul
(@CGUID+955, @CGUID+953, 515), -- Plagued Ghoul -> Plagued Ghoul
(@CGUID+956, @CGUID+953, 515), -- Plagued Ghoul -> Plagued Ghoul
(@CGUID+958, @CGUID+957, 515), -- Plagued Ghoul -> Plagued Ghoul
(@CGUID+959, @CGUID+957, 515), -- Plagued Ghoul -> Plagued Ghoul
(@CGUID+960, @CGUID+957, 515), -- Plagued Ghoul -> Plagued Ghoul
(@CGUID+962, @CGUID+961, 515), -- Plagued Ghoul -> Plagued Ghoul
(@CGUID+963, @CGUID+961, 515), -- Plagued Ghoul -> Plagued Ghoul
(@CGUID+964, @CGUID+961, 515), -- Plagued Ghoul -> Plagued Ghoul
(@CGUID+966, @CGUID+965, 515), -- Plagued Ghoul -> Plagued Ghoul
(@CGUID+967, @CGUID+965, 515), -- Plagued Ghoul -> Plagued Ghoul
(@CGUID+968, @CGUID+965, 515), -- Plagued Ghoul -> Plagued Ghoul
(@CGUID+1011, @CGUID+1010, 512), -- Necro Stalker -> Necro Stalker
(@CGUID+1013, @CGUID+1012, 512), -- Necro Stalker -> Necro Stalker
(@CGUID+1015, @CGUID+1014, 512), -- Necro Stalker -> Necro Stalker
(@CGUID+1017, @CGUID+1016, 512); -- Necro Stalker -> Necro Stalker

REPLACE INTO `creature_linking_template` (`entry`, `map`, `master_entry`, `flag`, `search_range`) VALUES
(16063, 533, 16062, 143, 0), -- Sir Zeliek -> Highlord Mograine
(16064, 533, 16062, 143, 0), -- Thane Korth'azz -> Highlord Mograine
(16065, 533, 16062, 143, 0), -- Lady Blaumeux -> Highlord Mograine
(16360, 533, 15932, 4112, 0), -- Zombie Chow -> Gluth
(16505, 533, 15953, 7, 0), -- Naxxramas Follower -> Grand Widow Faerlina
(16506, 533, 15953, 7, 0), -- Naxxramas Worshipper -> Grand Widow Faerlina
(16573, 533, 15956, 1031, 0), -- Crypt Guard -> Anub'Rekhan
(16775, 533, 16062, 256, 0), -- Spirit of Mograine -> Highlord Mograine
(16776, 533, 16065, 256, 0), -- Spirit of Blaumeux -> Lady Blaumeux
(16777, 533, 16063, 256, 0), -- Spirit of Zeliek -> Sir Zeliek
(16778, 533, 16064, 256, 0), -- Spirit of Korth'azz -> Thane Korth'azz
(16803, 533, 16061, 7+16384, 0); -- Deathknight Understudy -> Instructor Razuvious

INSERT INTO `creature_spawn_entry` (`guid`, `entry`) VALUES
(@CGUID+342, 16018), (@CGUID+342, 16029), -- Bile Retcher, Sludge Belcher
(@CGUID+346, 16018), (@CGUID+346, 16029), -- Bile Retcher, Sludge Belcher
(@CGUID+347, 16018), (@CGUID+347, 16029), -- Bile Retcher, Sludge Belcher
(@CGUID+426, 16018), (@CGUID+426, 16029), -- Bile Retcher, Sludge Belcher
(@CGUID+427, 16018), (@CGUID+427, 16029), -- Bile Retcher, Sludge Belcher
(@CGUID+428, 16018), (@CGUID+428, 16029), -- Bile Retcher, Sludge Belcher
(@CGUID+429, 16018), (@CGUID+429, 16029), -- Bile Retcher, Sludge Belcher
(@CGUID+430, 16018), (@CGUID+430, 16029), -- Bile Retcher, Sludge Belcher
(@CGUID+1159, 16156), (@CGUID+1159, 16157), (@CGUID+1159, 16158),  -- Dark Touched Warrior, Doom Touched Warrior, Death Touched Warrior
(@CGUID+1160, 16156), (@CGUID+1160, 16157), (@CGUID+1160, 16158),  -- Dark Touched Warrior, Doom Touched Warrior, Death Touched Warrior
(@CGUID+1161, 16156), (@CGUID+1161, 16157), (@CGUID+1161, 16158),  -- Dark Touched Warrior, Doom Touched Warrior, Death Touched Warrior
(@CGUID+1163, 16156), (@CGUID+1163, 16157), (@CGUID+1163, 16158),  -- Dark Touched Warrior, Doom Touched Warrior, Death Touched Warrior
(@CGUID+1164, 16156), (@CGUID+1164, 16157), (@CGUID+1164, 16158),  -- Dark Touched Warrior, Doom Touched Warrior, Death Touched Warrior
(@CGUID+1165, 16156), (@CGUID+1165, 16157), (@CGUID+1165, 16158),  -- Dark Touched Warrior, Doom Touched Warrior, Death Touched Warrior
(@CGUID+1167, 16156), (@CGUID+1167, 16157), (@CGUID+1167, 16158),  -- Dark Touched Warrior, Doom Touched Warrior, Death Touched Warrior
(@CGUID+1168, 16156), (@CGUID+1168, 16157), (@CGUID+1168, 16158),  -- Dark Touched Warrior, Doom Touched Warrior, Death Touched Warrior
(@CGUID+1169, 16156), (@CGUID+1169, 16157), (@CGUID+1169, 16158);  -- Dark Touched Warrior, Doom Touched Warrior, Death Touched Warrior

INSERT INTO `creature` (`guid`, `id`, `map`, `position_x`, `position_y`, `position_z`, `orientation`, `spawntimesecsmin`, `spawntimesecsmax`, `spawndist`, `MovementType`) VALUES
(@CGUID+1, 4075, 533, 2862.24, -3221.67, 274.281, 6.15288, 3600, 3600, 5, 1), -- Rat
(@CGUID+2, 4075, 533, 2850.01, -3069.62, 273.745, 3.45795, 3600, 3600, 5, 1), -- Rat
(@CGUID+3, 4075, 533, 3343.67, -3329.04, 292.678, 1.22173, 3600, 3600, 0, 0), -- Rat
(@CGUID+4, 4075, 533, 2798.81, -3397.75, 267.685, 2.03858, 3600, 3600, 5, 1), -- Rat
(@CGUID+5, 4075, 533, 2757.92, -3245.05, 267.717, 4.34936, 3600, 3600, 5, 1), -- Rat
(@CGUID+6, 4075, 533, 2779.72, -3402.66, 267.686, 0.077889, 3600, 3600, 5, 1), -- Rat
(@CGUID+7, 4075, 533, 2854.37, -3252.37, 298.109, 3.09705, 3600, 3600, 5, 1), -- Rat
(@CGUID+8, 4075, 533, 2821.19, -3210.31, 298.291, 0.612072, 3600, 3600, 5, 1), -- Rat
(@CGUID+9, 4075, 533, 2980.29, -3198.71, 294.146, 3.56047, 3600, 3600, 0, 0), -- Rat
(@CGUID+10, 4075, 533, 2861.21, -3468.68, 297.871, 4.17484, 3600, 3600, 5, 1), -- Rat
(@CGUID+11, 4075, 533, 2683.21, -3254.64, 267.723, 1.51289, 3600, 3600, 5, 1), -- Rat
(@CGUID+12, 4075, 533, 3254.77, -3263.22, 292.678, 2.87979, 3600, 3600, 0, 0), -- Rat
(@CGUID+13, 4075, 533, 2628.21, -3538.8, 261.853, 2.68703, 3600, 3600, 5, 1), -- Rat
(@CGUID+14, 4075, 533, 2790.74, -3154.29, 298.148, 6.07273, 3600, 3600, 5, 1), -- Rat
(@CGUID+15, 4075, 533, 2962.72, -3356.16, 298.127, 2.36018, 3600, 3600, 5, 1), -- Rat
(@CGUID+16, 4075, 533, 2791.8, -3207.55, 273.819, 0.161498, 3600, 3600, 5, 1), -- Rat
(@CGUID+17, 4075, 533, 2913.79, -3370.73, 298.139, 2.61752, 3600, 3600, 5, 1), -- Rat
(@CGUID+18, 4075, 533, 2931.33, -3221.42, 273.787, 4.48913, 3600, 3600, 5, 1), -- Rat
(@CGUID+19, 4075, 533, 2745.92, -3658.74, 285.253, 5.25344, 3600, 3600, 5, 1), -- Rat
(@CGUID+20, 4075, 533, 2871.23, -3364.54, 298.146, 1.52012, 3600, 3600, 5, 1), -- Rat
(@CGUID+21, 4075, 533, 2799.5, -3301.39, 267.685, 2.71451, 3600, 3600, 5, 1), -- Rat
(@CGUID+22, 4075, 533, 2892.38, -3469.16, 297.863, 3.14837, 3600, 3600, 5, 1), -- Rat
(@CGUID+23, 4075, 533, 2985.75, -3243.94, 294.146, 3.56047, 3600, 3600, 0, 0), -- Rat
(@CGUID+24, 4075, 533, 3195.98, -3308.35, 292.678, 6.23082, 3600, 3600, 0, 0), -- Rat
(@CGUID+25, 4075, 533, 2690.28, -3260.72, 267.738, 0.596745, 3600, 3600, 5, 1), -- Rat
(@CGUID+26, 4075, 533, 2753.39, -3217.74, 267.569, 2.01382, 3600, 3600, 5, 1), -- Rat
(@CGUID+27, 4075, 533, 2774.83, -3180.47, 273.782, 1.09138, 3600, 3600, 5, 1), -- Rat
(@CGUID+28, 4075, 533, 3343.55, -3292.74, 292.678, 3.71755, 3600, 3600, 0, 0), -- Rat
(@CGUID+29, 4075, 533, 3279.03, -3262.9, 292.678, 3.57792, 3600, 3600, 0, 0), -- Rat
(@CGUID+30, 4075, 533, 2865.47, -3217.4, 274.658, 0.301265, 3600, 3600, 5, 1), -- Rat
(@CGUID+31, 4075, 533, 2705.53, -3077.45, 267.685, 6.06152, 3600, 3600, 5, 1), -- Rat
(@CGUID+32, 4075, 533, 2659.89, -3220.11, 267.679, 5.28339, 3600, 3600, 5, 1), -- Rat
(@CGUID+33, 4075, 533, 2747.18, -3153.39, 267.717, 2.46168, 3600, 3600, 5, 1), -- Rat
(@CGUID+34, 4075, 533, 2828.36, -3279.32, 298.099, 0.719604, 3600, 3600, 5, 1), -- Rat
(@CGUID+35, 4075, 533, 2726.03, -3545.26, 261.911, 1.31996, 3600, 3600, 5, 1), -- Rat
(@CGUID+36, 4075, 533, 2948.95, -3163.86, 274.504, 0.000783, 3600, 3600, 5, 1), -- Rat
(@CGUID+37, 4075, 533, 2858.15, -3534.33, 297.885, 1.77236, 3600, 3600, 5, 1), -- Rat
(@CGUID+38, 4075, 533, 2798.77, -3391.96, 267.685, 2.36412, 3600, 3600, 5, 1), -- Rat
(@CGUID+39, 4075, 533, 2776.23, -3326.02, 267.684, 0.794321, 3600, 3600, 5, 1), -- Rat
(@CGUID+40, 4075, 533, 2939.08, -3489.07, 297.823, 2.24602, 3600, 3600, 5, 1), -- Rat
(@CGUID+41, 4075, 533, 3197.27, -3270.23, 292.678, 4.2237, 3600, 3600, 0, 0), -- Rat
(@CGUID+42, 4075, 533, 2773.42, -3160.4, 298.147, 4.59206, 3600, 3600, 5, 1), -- Rat
(@CGUID+43, 4075, 533, 3201.55, -3356.08, 292.678, 5.42797, 3600, 3600, 0, 0), -- Rat
(@CGUID+44, 4075, 533, 3201.14, -3368.57, 292.678, 1.18682, 3600, 3600, 0, 0), -- Rat
(@CGUID+45, 4075, 533, 3201.36, -3364.57, 292.678, 6.21337, 3600, 3600, 0, 0), -- Rat
(@CGUID+46, 4075, 533, 3196.74, -3356.55, 292.678, 0.244346, 3600, 3600, 0, 0), -- Rat
(@CGUID+47, 4075, 533, 3190.56, -3348.45, 292.678, 5.41052, 3600, 3600, 0, 0), -- Rat
(@CGUID+48, 4075, 533, 3194.27, -3351.64, 292.678, 0.488692, 3600, 3600, 0, 0), -- Rat
(@CGUID+49, 4075, 533, 3204.66, -3360.4, 292.678, 6.0912, 3600, 3600, 0, 0), -- Rat
(@CGUID+50, 4075, 533, 3192.33, -3357.58, 292.678, 2.63545, 3600, 3600, 0, 0), -- Rat
(@CGUID+51, 4075, 533, 3201.96, -3374.83, 292.595, 4.78349, 3600, 3600, 5, 1), -- Rat
(@CGUID+52, 4075, 533, 3190.75, -3375.17, 292.678, 2.44346, 3600, 3600, 0, 0), -- Rat
(@CGUID+53, 4075, 533, 2745.8, -3712.84, 285.262, 5.70723, 3600, 3600, 5, 1), -- Rat
(@CGUID+54, 4075, 533, 2635.35, -3522.12, 261.93, 3.63578, 3600, 3600, 5, 1), -- Rat
(@CGUID+55, 4075, 533, 2916.49, -3150.86, 274.268, 3.08401, 3600, 3600, 5, 1), -- Rat
(@CGUID+56, 4075, 533, 3347.26, -3319.77, 292.678, 3.15905, 3600, 3600, 0, 0), -- Rat
(@CGUID+57, 4075, 533, 2797.65, -3307.94, 267.685, 3.05083, 3600, 3600, 5, 1), -- Rat
(@CGUID+58, 4075, 533, 2933.28, -3531.7, 298.418, 4.11675, 3600, 3600, 5, 1), -- Rat
(@CGUID+59, 4075, 533, 2797.56, -3658.15, 285.262, 2.32129, 3600, 3600, 5, 1), -- Rat
(@CGUID+60, 4075, 533, 2752.13, -3228.54, 267.567, 1.37531, 3600, 3600, 5, 1), -- Rat
(@CGUID+61, 4075, 533, 2939.99, -3209.17, 273.787, 2.50452, 3600, 3600, 5, 1), -- Rat
(@CGUID+62, 4075, 533, 3081.84, -3062.09, 294.151, 5.044, 3600, 3600, 0, 0), -- Rat
(@CGUID+63, 4075, 533, 3084.76, -3063.93, 294.154, 3.59538, 3600, 3600, 0, 0), -- Rat
(@CGUID+64, 4075, 533, 3087.03, -3062.32, 294.153, 2.37365, 3600, 3600, 0, 0), -- Rat
(@CGUID+65, 4075, 533, 3091.66, -3065.17, 294.158, 3.78736, 3600, 3600, 0, 0), -- Rat
(@CGUID+66, 4075, 533, 3096.33, -3067.03, 294.161, 3.78736, 3600, 3600, 0, 0), -- Rat
(@CGUID+67, 4075, 533, 3097.6, -3063.46, 294.158, 3.83972, 3600, 3600, 0, 0), -- Rat
(@CGUID+68, 4075, 533, 3089.47, -3062.15, 294.153, 6.0912, 3600, 3600, 0, 0), -- Rat
(@CGUID+69, 4075, 533, 3085.19, -3058.58, 294.148, 0.20944, 3600, 3600, 0, 0), -- Rat
(@CGUID+70, 4075, 533, 3095.58, -3059.41, 294.152, 1.44862, 3600, 3600, 0, 0), -- Rat
(@CGUID+71, 4075, 533, 3088.22, -3065.31, 294.157, 2.30383, 3600, 3600, 0, 0), -- Rat
(@CGUID+72, 4075, 533, 2940.28, -3297.49, 298.229, 5.60251, 3600, 3600, 0, 0), -- Rat
(@CGUID+73, 4075, 533, 3023.22, -3105, 294.147, 2.80998, 3600, 3600, 0, 0), -- Rat
(@CGUID+74, 4075, 533, 3027.07, -3101.84, 294.151, 4.85202, 3600, 3600, 0, 0), -- Rat
(@CGUID+75, 4075, 533, 3024.52, -3102.71, 294.148, 5.46288, 3600, 3600, 0, 0), -- Rat
(@CGUID+76, 4075, 533, 3015.25, -3110.68, 294.155, 3.71755, 3600, 3600, 0, 0), -- Rat
(@CGUID+77, 4075, 533, 3026.8, -3095.25, 294.152, 0.610865, 3600, 3600, 0, 0), -- Rat
(@CGUID+78, 4075, 533, 3019.95, -3102.67, 294.147, 0.20944, 3600, 3600, 0, 0), -- Rat
(@CGUID+79, 4075, 533, 3027.04, -3098.89, 294.153, 3.31613, 3600, 3600, 0, 0), -- Rat
(@CGUID+80, 4075, 533, 3028.62, -3097.12, 294.154, 4.66003, 3600, 3600, 0, 0), -- Rat
(@CGUID+81, 4075, 533, 3020.6, -3108.74, 294.151, 4.74729, 3600, 3600, 0, 0), -- Rat
(@CGUID+82, 4075, 533, 3021.4, -3102.96, 294.146, 3.85718, 3600, 3600, 0, 0), -- Rat
(@CGUID+83, 4075, 533, 3009.89, -3255.94, 294.146, 4.11898, 3600, 3600, 0, 0), -- Rat
(@CGUID+84, 4075, 533, 2892.94, -3158.46, 273.787, 4.79605, 3600, 3600, 5, 1), -- Rat
(@CGUID+85, 4075, 533, 2903.89, -3218.66, 273.787, 2.37032, 3600, 3600, 5, 1), -- Rat
(@CGUID+86, 4075, 533, 2821.79, -3223.4, 298.32, 3.69071, 3600, 3600, 5, 1), -- Rat
(@CGUID+87, 4075, 533, 2852.78, -3219.24, 273.787, 5.08628, 3600, 3600, 5, 1), -- Rat
(@CGUID+88, 4075, 533, 2659.73, -3212.53, 267.664, 5.31375, 3600, 3600, 5, 1), -- Rat
(@CGUID+89, 4075, 533, 2699.33, -3085.07, 267.685, 0.023725, 3600, 3600, 5, 1), -- Rat
(@CGUID+90, 4075, 533, 2794.68, -3403.76, 267.686, 2.68793, 3600, 3600, 5, 1), -- Rat
(@CGUID+91, 4075, 533, 2752.63, -3207.8, 267.566, 2.53656, 3600, 3600, 5, 1), -- Rat
(@CGUID+92, 4075, 533, 2838.21, -3066.32, 273.798, 3.34716, 3600, 3600, 5, 1), -- Rat
(@CGUID+93, 4075, 533, 2872.69, -3151.1, 273.787, 2.90263, 3600, 3600, 5, 1), -- Rat
(@CGUID+94, 4075, 533, 2776.98, -3334.2, 267.684, 1.46036, 3600, 3600, 5, 1), -- Rat
(@CGUID+95, 4075, 533, 2943.52, -3160.81, 273.787, 3.86506, 3600, 3600, 5, 1), -- Rat
(@CGUID+96, 4075, 533, 2750.52, -3160.27, 267.724, 2.62969, 3600, 3600, 5, 1), -- Rat
(@CGUID+97, 4075, 533, 2952.48, -3505.97, 298.279, 3.96102, 3600, 3600, 5, 1), -- Rat
(@CGUID+98, 4075, 533, 2891.58, -3558.73, 297.862, 2.78446, 3600, 3600, 5, 1), -- Rat
(@CGUID+99, 4075, 533, 2860.95, -3077.39, 273.736, 4.0009, 3600, 3600, 5, 1), -- Rat
(@CGUID+100, 4075, 533, 2777.25, -3222.09, 285.551, 0.214748, 3600, 3600, 5, 1), -- Rat
(@CGUID+101, 14881, 533, 3287.81, -3450.87, 287.077, 3.4216, 3600, 3600, 5, 1), -- Spider
(@CGUID+102, 14881, 533, 3337.11, -3490.32, 287.087, 3.53, 3600, 3600, 0, 0), -- Spider
(@CGUID+103, 14881, 533, 3127.2, -3552.16, 287.081, 1.56623, 3600, 3600, 5, 1), -- Spider
(@CGUID+104, 14881, 533, 3074.22, -3555.82, 287.076, 2.91462, 3600, 3600, 5, 1), -- Spider
(@CGUID+105, 14881, 533, 3158.75, -3486.43, 287.081, 3.8418, 3600, 3600, 5, 1), -- Spider
(@CGUID+106, 14881, 533, 3164.67, -3498.03, 300.916, 3.90346, 3600, 3600, 5, 1), -- Spider
(@CGUID+107, 14881, 533, 3362.31, -3684.58, 259.07, 5.91014, 3600, 3600, 5, 1), -- Spider
(@CGUID+108, 14881, 533, 3087.85, -3521.07, 287.079, 5.39293, 3600, 3600, 5, 1), -- Spider
(@CGUID+109, 14881, 533, 2956.81, -3173.99, 285.591, 1.60566, 3600, 3600, 5, 1), -- Spider
(@CGUID+110, 14881, 533, 3294.54, -3489.41, 287.077, 0.288907, 3600, 3600, 5, 1), -- Spider
(@CGUID+111, 14881, 533, 3368.19, -3635.1, 259.085, 3.66266, 3600, 3600, 5, 1), -- Spider
(@CGUID+112, 14881, 533, 3198.91, -3614.88, 280.305, 3.95935, 3600, 3600, 5, 1), -- Spider
(@CGUID+113, 14881, 533, 3179.61, -3629.73, 280.303, 4.14412, 3600, 3600, 5, 1), -- Spider
(@CGUID+114, 14881, 533, 2769.76, -3180.84, 300.031, 1.56921, 3600, 3600, 5, 1), -- Spider
(@CGUID+115, 14881, 533, 3200.08, -3463.78, 300.8, 0.017622, 3600, 3600, 5, 1), -- Spider
(@CGUID+116, 14881, 533, 3313.28, -3671.11, 281.972, 3.86845, 3600, 3600, 5, 1), -- Spider
(@CGUID+117, 14881, 533, 3219.68, -3789.26, 273.91, 5.23516, 3600, 3600, 5, 1), -- Spider
(@CGUID+118, 14881, 533, 3162.43, -3789.12, 273.95, 6.02155, 3600, 3600, 5, 1), -- Spider
(@CGUID+119, 14881, 533, 2941.87, -3346.26, 318.111, 4.76577, 3600, 3600, 5, 1), -- Spider
(@CGUID+120, 14881, 533, 3185.17, -3792.45, 273.951, 4.2457, 3600, 3600, 5, 1), -- Spider
(@CGUID+121, 14881, 533, 2911.67, -3570.2, 304.348, 1.57032, 3600, 3600, 5, 1), -- Spider
(@CGUID+122, 14881, 533, 3384.41, -3651.55, 282.512, 1.75656, 3600, 3600, 5, 1), -- Spider
(@CGUID+123, 14881, 533, 3034.9, -3470.6, 298.22, 5.62082, 3600, 3600, 5, 1), -- Spider
(@CGUID+124, 14881, 533, 3226.91, -3686.06, 300.899, 1.59974, 3600, 3600, 5, 1), -- Spider
(@CGUID+125, 14881, 533, 3158.45, -3607.72, 280.305, 5.48026, 3600, 3600, 5, 1), -- Spider
(@CGUID+126, 14881, 533, 3123.39, -3511.76, 287.312, 4.39118, 3600, 3600, 5, 1), -- Spider
(@CGUID+127, 14881, 533, 3255.24, -3452.69, 287.076, 0.363795, 3600, 3600, 5, 1), -- Spider
(@CGUID+128, 14881, 533, 3230.74, -3666.8, 287.057, 3.64395, 3600, 3600, 5, 1), -- Spider
(@CGUID+129, 14881, 533, 3091.63, -3537.93, 310.113, 3.92356, 3600, 3600, 5, 1), -- Spider
(@CGUID+130, 14881, 533, 3342.3, -3644.27, 259.085, 6.22306, 3600, 3600, 5, 1), -- Spider
(@CGUID+131, 14881, 533, 3254.85, -3502.14, 287.076, 4.78578, 3600, 3600, 5, 1), -- Spider
(@CGUID+132, 14881, 533, 3229.92, -3468.46, 287.076, 1.09541, 3600, 3600, 5, 1), -- Spider
(@CGUID+133, 14881, 533, 3137.56, -3795.61, 273.952, 4.24697, 3600, 3600, 5, 1), -- Spider
(@CGUID+134, 14881, 533, 3222.88, -3455.11, 287.077, 2.76664, 3600, 3600, 0, 0), -- Spider
(@CGUID+135, 14881, 533, 2841.98, -3346.14, 310.709, 5.51024, 3600, 3600, 5, 1), -- Spider
(@CGUID+136, 14881, 533, 3172.87, -3593.79, 280.306, 4.62716, 3600, 3600, 5, 1), -- Spider
(@CGUID+137, 15384, 533, 3270.13, -3169.95, 297.506, 5.88176, 3600, 3600, 0, 0), -- OLDWorld Trigger (DO NOT DELETE)
(@CGUID+138, 15384, 533, 3255.71, -3135.68, 297.506, 1.8675, 3600, 3600, 0, 0), -- OLDWorld Trigger (DO NOT DELETE)
(@CGUID+139, 15384, 533, 3005.59, -3434.15, 304.278, 3.35103, 3600, 3600, 0, 0), -- OLDWorld Trigger (DO NOT DELETE)
(@CGUID+140, 15384, 533, 3307.3, -3183.45, 297.506, 5.74213, 3600, 3600, 0, 0), -- OLDWorld Trigger (DO NOT DELETE)
(@CGUID+141, 15384, 533, 2772.57, -3685.28, 273.749, 6.21337, 3600, 3600, 0, 0), -- OLDWorld Trigger (DO NOT DELETE)
(@CGUID+142, 15928, 533, 3508.02, -2931.33, 303.015, 3.91, 604800, 604800, 0, 0), -- Thaddius
(@CGUID+143, 15929, 533, 3449.03, -2934.74, 312.18, 5.41, 604800, 604800, 0, 0), -- Stalagg
(@CGUID+144, 15930, 533, 3508.85, -2994.08, 312.18, 2.33, 604800, 604800, 0, 0), -- Feugen
(@CGUID+145, 15931, 533, 3253.28, -3310.71, 292.678, 0.0698132, 604800, 604800, 0, 2), -- Grobbulus
(@CGUID+146, 15932, 533, 3283.09326171875, -3156.956298828125, 297.78826904296875, 3.822271108627319335, 604800, 604800, 0, 0), -- Gluth
(@CGUID+147, 15936, 533, 2795.29, -3708.85, 276.563, 0.6102, 604800, 604800, 5, 1), -- Heigan the Unclean
(@CGUID+148, 15952, 533, 3503.04, -3919.22, 297.6, 2.16, 604800, 604800, 0, 0), -- Maexxna
(@CGUID+149, 15953, 533, 3353.250976562500, -3620.096191406250, 261.080047607421875, 4.729842185974121093, 604800, 604800, 0, 0), -- Grand Widow Faerlina
(@CGUID+150, 15954, 533, 2677.99, -3485.05, 261.29, 3.72116, 604800, 604800, 0, 2), -- Noth the Plaguebringer
(@CGUID+151, 15956, 533, 3316.47, -3476.23, 287.26, 3.18, 604800, 604800, 0, 0), -- Anub'Rekhan
(@CGUID+152, 15974, 533, 3066.175, -3543.944, 287.1592, 6.038839, 3520, 3520, 3, 1), -- Dread Creeper
(@CGUID+153, 15974, 533, 3064.909, -3531.212, 287.1595, 5.986479, 3520, 3520, 3, 1), -- Dread Creeper
(@CGUID+154, 15974, 533, 3144.307, -3527.796, 287.1636, 5.881760, 3520, 3520, 3, 1), -- Dread Creeper
(@CGUID+155, 15974, 533, 3143.682, -3544.068, 287.1645, 5.951573, 3520, 3520, 3, 1), -- Dread Creeper
(@CGUID+156, 15974, 533, 3186.273, -3470.939, 287.1594, 5.567600, 3520, 3520, 3, 1), -- Dread Creeper
(@CGUID+157, 15974, 533, 3185.437, -3481.438, 287.1604, 5.602507, 3520, 3520, 3, 1), -- Dread Creeper
(@CGUID+158, 15974, 533, 3222.887939453125, -3793.636718750000, 274.030151367187500, 5.037112236022949218, 3600, 3600, 3, 1), -- Dread Creeper
(@CGUID+159, 15974, 533, 3233.339111328125, -3798.622314453125, 273.921875000000000, 1.902543306350708007, 3600, 3600, 3, 1), -- Dread Creeper
(@CGUID+160, 15974, 533, 3213.354248046875, -3803.715820312500, 274.034942626953125, 1.888780713081359863, 3600, 3600, 3, 1), -- Dread Creeper
(@CGUID+161, 15974, 533, 3214.311767578125, -3794.026123046875, 274.034667968750000, 5.180711746215820312, 3600, 3600, 3, 1), -- Dread Creeper
(@CGUID+162, 15974, 533, 3147.511474609375, -3784.048095703125, 273.940002441406250, 1.471575736999511718, 3600, 3600, 3, 1), -- Dread Creeper
(@CGUID+163, 15974, 533, 3147.091552734375, -3776.596923828125, 273.939361572265625, 3.426468849182128906, 3600, 3600, 3, 1), -- Dread Creeper
(@CGUID+164, 15974, 533, 3131.982666015625, -3786.307128906250, 273.933776855468750, 1.166608333587646484, 3600, 3600, 3, 1), -- Dread Creeper
(@CGUID+165, 15974, 533, 3139.188720703125, -3789.750244140625, 273.939147949218750, 1.619171261787414550, 3600, 3600, 3, 1), -- Dread Creeper
-- (@CGUID+166 - 182
(@CGUID+183, 15975, 533, 3059.949, -3539.525, 287.1577, 6.021386, 3520, 3520, 3, 1), -- Carrion Spinner
(@CGUID+184, 15975, 533, 3075.536, -3531.966, 287.1603, 5.986479, 3520, 3520, 3, 1), -- Carrion Spinner
(@CGUID+185, 15975, 533, 3076.986, -3543.548, 287.1605, 6.021386, 3520, 3520, 3, 1), -- Carrion Spinner
(@CGUID+186, 15975, 533, 3137.102, -3536.802, 287.1628, 5.916666, 3520, 3520, 3, 1), -- Carrion Spinner
(@CGUID+187, 15975, 533, 3150.056, -3522.120, 287.1628, 5.846853, 3520, 3520, 3, 1), -- Carrion Spinner
(@CGUID+188, 15975, 533, 3152.213, -3547.467, 287.1649, 5.951573, 3520, 3520, 3, 1), -- Carrion Spinner
(@CGUID+189, 15975, 533, 3177.762, -3483.317, 287.1688, 5.637414, 3520, 3520, 3, 1), -- Carrion Spinner
(@CGUID+190, 15975, 533, 3179.288, -3476.390, 287.1671, 5.602507, 3520, 3520, 3, 1), -- Carrion Spinner
(@CGUID+191, 15975, 533, 3174.877, -3470.711, 287.0877, 5.602507, 3520, 3520, 3, 1), -- Carrion Spinner
(@CGUID+192, 15975, 533, 3200.548339843750, -3573.773925781250, 287.167633056640625, 6.003932476043701171, 3520, 3520, 3, 1), -- Carrion Spinner
(@CGUID+193, 15975, 533, 3212.997558593750, -3602.328857421875, 287.183624267578125, 6.161012172698974609, 3520, 3520, 3, 1), -- Carrion Spinner
(@CGUID+194, 15975, 533, 3215.134033203125, -3585.781494140625, 287.166900634765625, 1.782539367675781250, 3520, 3520, 3, 1), -- Carrion Spinner
(@CGUID+195, 15975, 533, 3162.014160156250, -3642.245605468750, 287.175170898437500, 0.122173048555850982, 3520, 3520, 3, 1), -- Carrion Spinner
(@CGUID+196, 15975, 533, 3183.018798828125, -3640.718017578125, 280.384521484375000, 0.122173048555850982, 3520, 3520, 3, 1), -- Carrion Spinner
(@CGUID+197, 15975, 533, 3213.802001953125, -3573.760009765625, 287.163757324218750, 5.969026088714599609, 3520, 3520, 3, 1), -- Carrion Spinner
(@CGUID+198, 15975, 533, 3200.848632812500, -3587.247070312500, 281.890960693359375, 6.073745727539062500, 3520, 3520, 3, 1), -- Carrion Spinner
(@CGUID+199, 15975, 533, 3146.889892578125, -3628.401855468750, 287.168884277343750, 0.052359879016876220, 3520, 3520, 3, 1), -- Carrion Spinner
(@CGUID+200, 15975, 533, 3176.907470703125, -3647.166259765625, 287.165557861328125, 0.157079637050628662, 3520, 3520, 3, 1), -- Carrion Spinner
(@CGUID+201, 15975, 533, 3195.642822265625, -3644.458740234375, 287.160888671875000, 0.157079637050628662, 3520, 3520, 3, 1), -- Carrion Spinner
(@CGUID+202, 15976, 533, 3066.257, -3555.308, 287.1587, 6.073746, 3520, 3520, 3, 1), -- Venom Stalker
(@CGUID+203, 15976, 533, 3153.259, -3535.795, 287.1605, 5.899213, 3520, 3520, 3, 1), -- Venom Stalker
(@CGUID+204, 15976, 533, 3175.34, -3563.32, 287.26, 5.3, 3520, 3520, 0, 0), -- Venom Stalker
(@CGUID+205, 15976, 533, 3186.85, -3653.02, 287.26, 2.48, 3520, 3520, 0, 0), -- Venom Stalker
(@CGUID+206, 15976, 533, 3254.23, -3689.88, 286.82, 2.73, 3520, 3520, 0, 0), -- Venom Stalker
(@CGUID+207, 15976, 533, 3220.66, -3727.5, 286.17, 5.56, 3520, 3520, 0, 0), -- Venom Stalker
(@CGUID+208, 15977, 533, 3098.566, -3486.642, 287.1599, 5.811946, 3520, 3520, 3, 1), -- Infectious Skitterer
(@CGUID+209, 15977, 533, 3131.474, -3494.231, 287.1504, 5.777040, 3520, 3520, 3, 1), -- Infectious Skitterer
(@CGUID+210, 15977, 533, 3101.777, -3493.039, 287.1598, 5.829400, 3520, 3520, 3, 1), -- Infectious Skitterer
(@CGUID+211, 15977, 533, 3107.021, -3487.885, 287.1584, 5.794493, 3520, 3520, 3, 1), -- Infectious Skitterer
(@CGUID+212, 15977, 533, 3106.104, -3495.433, 287.1591, 5.829400, 3520, 3520, 3, 1), -- Infectious Skitterer
(@CGUID+213, 15977, 533, 3112.024, -3489.449, 287.1578, 5.794493, 3520, 3520, 3, 1), -- Infectious Skitterer
(@CGUID+214, 15977, 533, 3110.767, -3497.281, 287.1585, 5.829400, 3520, 3520, 3, 1), -- Infectious Skitterer
(@CGUID+215, 15977, 533, 3116.012, -3498.698, 287.1593, 5.811946, 3520, 3520, 3, 1), -- Infectious Skitterer
(@CGUID+216, 15977, 533, 3123.069, -3489.328, 287.1537, 5.777040, 3520, 3520, 3, 1), -- Infectious Skitterer
(@CGUID+217, 15977, 533, 3123.978, -3496.283, 287.1547, 5.794493, 3520, 3520, 3, 1), -- Infectious Skitterer
(@CGUID+218, 15977, 533, 3095.997, -3570.250, 287.1650, 6.108652, 3520, 3520, 3, 1), -- Infectious Skitterer
(@CGUID+219, 15977, 533, 3107.898, -3562.923, 287.1628, 6.056293, 3520, 3520, 3, 1), -- Infectious Skitterer
(@CGUID+220, 15977, 533, 3102.620, -3569.701, 287.1624, 6.091199, 3520, 3520, 3, 1), -- Infectious Skitterer
(@CGUID+221, 15977, 533, 3095.397, -3580.164, 287.1652, 6.143559, 3520, 3520, 3, 1), -- Infectious Skitterer
(@CGUID+222, 15977, 533, 3106.254, -3574.223, 287.1610, 6.108652, 3520, 3520, 3, 1), -- Infectious Skitterer
(@CGUID+223, 15977, 533, 3102.285, -3580.110, 287.1612, 6.126106, 3520, 3520, 3, 1), -- Infectious Skitterer
(@CGUID+224, 15977, 533, 3114.279, -3570.235, 287.1643, 6.091199, 3520, 3520, 3, 1), -- Infectious Skitterer
(@CGUID+225, 15977, 533, 3109.648, -3584.535, 287.1620, 6.143559, 3520, 3520, 3, 1), -- Infectious Skitterer
(@CGUID+226, 15977, 533, 3116.036, -3581.537, 287.1648, 6.126106, 3520, 3520, 3, 1), -- Infectious Skitterer
(@CGUID+227, 15977, 533, 3097.775, -3560.323, 287.1650, 6.056293, 3520, 3520, 3, 1), -- Infectious Skitterer
(@CGUID+228, 15977, 533, 3187.798, -3471.030, 287.1577, 4.311844, 3520, 3520, 0, 2), -- Infectious Skitterer
(@CGUID+229, 15977, 533, 3188.136, -3477.420, 287.1574, 5.128573, 3520, 3520, 0, 0), -- Infectious Skitterer
(@CGUID+230, 15977, 533, 3187.197, -3484.212, 287.1584, 4.954122, 3520, 3520, 0, 0), -- Infectious Skitterer
(@CGUID+231, 15977, 533, 3193.412, -3472.444, 287.1516, 3.954010, 3520, 3520, 0, 0), -- Infectious Skitterer
(@CGUID+232, 15977, 533, 3193.483, -3477.563, 287.1515, 3.679136, 3520, 3520, 0, 0), -- Infectious Skitterer
(@CGUID+233, 15977, 533, 3192.768, -3483.240, 287.1523, 4.912806, 3520, 3520, 0, 0), -- Infectious Skitterer
(@CGUID+234, 15977, 533, 3195.058, -3477.695, 287.0673, 3.615518, 3520, 3520, 0, 0), -- Infectious Skitterer
(@CGUID+235, 15977, 533, 3182.029, -3484.297, 287.1617, 3.112650, 3520, 3520, 0, 0), -- Infectious Skitterer
(@CGUID+236, 15977, 533, 3181.970, -3470.768, 287.1642, 4.727794, 3520, 3520, 0, 0), -- Infectious Skitterer
(@CGUID+237, 15977, 533, 3182.216, -3477.539, 287.1639, 5.441139, 3520, 3520, 0, 0), -- Infectious Skitterer
(@CGUID+238, 15977, 533, 3384.41, -3687.79, 259.08, 1.86376, 3520, 3520, 0, 2), -- Infectious Skitterer
(@CGUID+239, 15977, 533, 3385.51, -3695.01, 259.077, 1.77501, 3520, 3520, 0, 0), -- Infectious Skitterer
(@CGUID+240, 15977, 533, 3386.29, -3691.89, 259.078, 1.77501, 3520, 3520, 0, 0), -- Infectious Skitterer
(@CGUID+241, 15977, 533, 3386.5, -3688.35, 259.078, 1.77501, 3520, 3520, 0, 0), -- Infectious Skitterer
(@CGUID+242, 15977, 533, 3389.16, -3690.63, 259.075, 1.77501, 3520, 3520, 0, 0), -- Infectious Skitterer
(@CGUID+243, 15977, 533, 3384.3, -3693.34, 259.078, 1.77501, 3520, 3520, 0, 0), -- Infectious Skitterer
(@CGUID+244, 15977, 533, 3387.96, -3694.09, 259.076, 1.77501, 3520, 3520, 0, 0), -- Infectious Skitterer
(@CGUID+245, 15977, 533, 3382.42, -3696.24, 259.08, 1.77501, 3520, 3520, 0, 0), -- Infectious Skitterer
(@CGUID+246, 15977, 533, 3378.77, -3692.13, 259.081, 1.77501, 3520, 3520, 0, 0), -- Infectious Skitterer
(@CGUID+247, 15977, 533, 3380.74, -3687.59, 259.081, 1.76873, 3520, 3520, 0, 0), -- Infectious Skitterer
(@CGUID+248, 15977, 533, 3274.57, -3702.69, 280.1, 2.29809, 3520, 3520, 3, 1), -- Infectious Skitterer
(@CGUID+249, 15977, 533, 3273.27, -3699.56, 280.639, 2.29809, 3520, 3520, 3, 1), -- Infectious Skitterer
(@CGUID+250, 15977, 533, 3276.2, -3695.68, 280.195, 2.29809, 3520, 3520, 3, 1), -- Infectious Skitterer
(@CGUID+251, 15977, 533, 3276.99, -3701.06, 278.638, 2.29809, 3520, 3520, 3, 1), -- Infectious Skitterer
(@CGUID+252, 15977, 533, 3281.84, -3701.93, 276.436, 2.29809, 3520, 3520, 3, 1), -- Infectious Skitterer
(@CGUID+253, 15977, 533, 3281.73, -3696.47, 278.567, 2.29809, 3520, 3520, 3, 1), -- Infectious Skitterer
(@CGUID+254, 15977, 533, 3280.03, -3699.9, 278.042, 2.29809, 3520, 3520, 3, 1), -- Infectious Skitterer
(@CGUID+255, 15977, 533, 3279.92, -3704.31, 276.803, 2.29809, 3520, 3520, 3, 1), -- Infectious Skitterer
(@CGUID+256, 15977, 533, 3276.05, -3701.19, 279.173, 2.29809, 3520, 3520, 3, 1), -- Infectious Skitterer
(@CGUID+257, 15977, 533, 3275.76, -3706.14, 278.677, 2.29809, 3520, 3520, 3, 1), -- Infectious Skitterer
(@CGUID+258, 15977, 533, 3151.36, -3578.26, 284.089, 5.01007, 3520, 3520, 0, 2), -- Infectious Skitterer
(@CGUID+259, 15977, 533, 3158.52, -3584.62, 280.306, 4.84985, 3520, 3520, 0, 0), -- Infectious Skitterer
(@CGUID+260, 15977, 533, 3153.02, -3584.27, 281.478, 4.84985, 3520, 3520, 0, 0), -- Infectious Skitterer
(@CGUID+261, 15977, 533, 3153.91, -3578.73, 283.059, 4.84985, 3520, 3520, 0, 0), -- Infectious Skitterer
(@CGUID+262, 15977, 533, 3151.64, -3580.62, 283.189, 4.84985, 3520, 3520, 0, 0), -- Infectious Skitterer
(@CGUID+263, 15977, 533, 3154.72, -3579.15, 282.642, 5.28732, 3520, 3520, 0, 0), -- Infectious Skitterer
(@CGUID+264, 15977, 533, 3157.14, -3582.89, 280.544, 5.28732, 3520, 3520, 0, 0), -- Infectious Skitterer
(@CGUID+265, 15977, 533, 3156.44, -3579.35, 281.987, 5.28732, 3520, 3520, 0, 0), -- Infectious Skitterer
(@CGUID+266, 15977, 533, 3152.07, -3583.19, 282.169, 5.28732, 3520, 3520, 0, 0), -- Infectious Skitterer
(@CGUID+267, 15977, 533, 3154.64, -3582.76, 281.439, 5.28732, 3520, 3520, 0, 0), -- Infectious Skitterer
(@CGUID+268, 15978, 533, 3191.487792968750, -3579.523437500000, 287.166870117187500, 3.926990747451782226, 3520, 3520, 0, 0), -- Crypt Reaver
(@CGUID+269, 15978, 533, 3208.423095703125, -3595.834472656250, 287.172210693359375, 3.909537553787231445, 3520, 3520, 0, 0), -- Crypt Reaver
(@CGUID+270, 15978, 533, 3149.306152343750, -3641.844238281250, 287.164520263671875, 0.872664630413055419, 3520, 3520, 0, 0), -- Crypt Reaver
(@CGUID+271, 15978, 533, 3186.419433593750, -3650.817626953125, 287.160583496093750, 1.797689080238342285, 3520, 3520, 0, 0), -- Crypt Reaver
-- (@CGUID+272 - 273
(@CGUID+274, 15979, 533, 3138.515625000, -3778.58203125000, 274.0323486328125, 5.183627605438232421, 3600, 3600, 0, 0), -- Tomb Horror
(@CGUID+275, 15979, 533, 3224.833984375, -3802.96142578125, 274.0319824218750, 2.303834676742553710, 3600, 3600, 0, 0), -- Tomb Horror
(@CGUID+276, 15980, 533, 3328.95, -3646.61, 259.081, 0.931593, 3250, 3250, 0, 0), -- Naxxramas Cultist
(@CGUID+277, 15980, 533, 3336.67, -3653.09, 259.081, 0.90646, 3250, 3250, 0, 0), -- Naxxramas Cultist
(@CGUID+278, 15980, 533, 3340.12, -3650.41, 259.081, 1.01867, 3250, 3250, 0, 0), -- Naxxramas Cultist
(@CGUID+279, 15980, 533, 3336.05, -3646.25, 259.081, 0.8019, 3250, 3250, 0, 0), -- Naxxramas Cultist
(@CGUID+280, 15980, 533, 3330.77, -3642.39, 259.081, 0.8019, 3250, 3250, 0, 0), -- Naxxramas Cultist
(@CGUID+281, 15980, 533, 3331.69, -3675.11, 259.081, 1.14702, 3250, 3250, 0, 0), -- Naxxramas Cultist
(@CGUID+282, 15980, 533, 3328.25, -3673, 259.081, 1.03574, 3250, 3250, 0, 0), -- Naxxramas Cultist
(@CGUID+283, 15980, 533, 3321.46, -3667.21, 259.081, 1.09465, 3250, 3250, 0, 0), -- Naxxramas Cultist
(@CGUID+284, 15980, 533, 3332.61, -3670.43, 259.081, 1.07611, 3250, 3250, 0, 0), -- Naxxramas Cultist
(@CGUID+285, 15980, 533, 3328.78, -3668.31, 259.081, 0.952798, 3250, 3250, 0, 0), -- Naxxramas Cultist
(@CGUID+286, 15980, 533, 3386.47, -3693.76, 259.077, 1.96469, 3250, 3250, 0, 0), -- Naxxramas Cultist
(@CGUID+287, 15980, 533, 3379.16, -3697.32, 259.082, 2.04873, 3250, 3250, 0, 0), -- Naxxramas Cultist
(@CGUID+288, 15980, 533, 3389.72, -3686.78, 259.077, 2.1198, 3250, 3250, 0, 0), -- Naxxramas Cultist
(@CGUID+289, 15980, 533, 3382.5, -3691.46, 259.081, 2.00357, 3250, 3250, 0, 0), -- Naxxramas Cultist
(@CGUID+290, 15980, 533, 3378.08, -3693.95, 259.081, 1.97215, 3250, 3250, 0, 0), -- Naxxramas Cultist
(@CGUID+291, 15980, 533, 3335.6, -3688.88, 259.089, 1.33637, 3250, 3250, 0, 0), -- Naxxramas Cultist
(@CGUID+292, 15980, 533, 3338.4, -3684.07, 259.088, 1.33637, 3250, 3250, 0, 0), -- Naxxramas Cultist
(@CGUID+293, 15980, 533, 3339.12, -3689.59, 259.086, 1.30417, 3250, 3250, 0, 0), -- Naxxramas Cultist
(@CGUID+294, 15980, 533, 3351.56, -3684.78, 259.078, 1.50838, 3250, 3250, 0, 0), -- Naxxramas Cultist
(@CGUID+295, 15980, 533, 3383.18, -3669.73, 259.082, 2.11979, 3250, 3250, 0, 0), -- Naxxramas Cultist
(@CGUID+296, 15980, 533, 3369.14, -3672.89, 259.082, 1.91167, 3250, 3250, 0, 0), -- Naxxramas Cultist
(@CGUID+297, 15980, 533, 3379.6, -3667.56, 259.082, 2.00941, 3250, 3250, 0, 0), -- Naxxramas Cultist
(@CGUID+298, 15980, 533, 3375, -3648.12, 259.081, 2.1952, 3250, 3250, 0, 0), -- Naxxramas Cultist
(@CGUID+299, 15980, 533, 3371.38, -3650.6, 259.081, 2.10599, 3250, 3250, 0, 0), -- Naxxramas Cultist
(@CGUID+300, 15980, 533, 3364.09, -3653.58, 259.081, 1.91514, 3250, 3250, 0, 0), -- Naxxramas Cultist
(@CGUID+301, 15980, 533, 3370.15, -3646.84, 259.081, 2.05101, 3250, 3250, 0, 0), -- Naxxramas Cultist
(@CGUID+302, 15981, 533, 3333.83, -3650.51, 259.081, 0.931593, 3250, 3250, 0, 0), -- Naxxramas Acolyte
(@CGUID+303, 15981, 533, 3331.75, -3646, 259.081, 0.922167, 3250, 3250, 0, 0), -- Naxxramas Acolyte
(@CGUID+304, 15981, 533, 3340.26, -3655.24, 259.081, 1.02809, 3250, 3250, 0, 0), -- Naxxramas Acolyte
(@CGUID+305, 15981, 533, 3325.23, -3670.58, 259.081, 0.949346, 3250, 3250, 0, 0), -- Naxxramas Acolyte
(@CGUID+306, 15981, 533, 3336.49, -3672.73, 259.081, 1.18999, 3250, 3250, 0, 0), -- Naxxramas Acolyte
(@CGUID+307, 15981, 533, 3325.53, -3665.4, 259.081, 1.08789, 3250, 3250, 0, 0), -- Naxxramas Acolyte
(@CGUID+308, 15981, 533, 3382.5, -3695.76, 259.08, 2.00553, 3250, 3250, 0, 0), -- Naxxramas Acolyte
(@CGUID+309, 15981, 533, 3386.06, -3689.19, 259.078, 2.00357, 3250, 3250, 0, 0), -- Naxxramas Acolyte
(@CGUID+310, 15981, 533, 3373.56, -3697.9, 259.081, 1.83156, 3250, 3250, 0, 0), -- Naxxramas Acolyte
(@CGUID+311, 15981, 533, 3343.72, -3689.35, 259.082, 1.50838, 3250, 3250, 0, 0), -- Naxxramas Acolyte
(@CGUID+312, 15981, 533, 3349.46, -3687.94, 259.079, 1.50838, 3250, 3250, 0, 0), -- Naxxramas Acolyte
(@CGUID+313, 15981, 533, 3346.88, -3684.63, 259.082, 1.50838, 3250, 3250, 0, 0), -- Naxxramas Acolyte
(@CGUID+314, 15981, 533, 3342.19, -3684.87, 259.085, 1.50838, 3250, 3250, 0, 0), -- Naxxramas Acolyte
(@CGUID+315, 15981, 533, 3379.05, -3671.33, 259.082, 1.98706, 3250, 3250, 0, 0), -- Naxxramas Acolyte
(@CGUID+316, 15981, 533, 3373.32, -3672.19, 259.082, 1.91167, 3250, 3250, 0, 0), -- Naxxramas Acolyte
(@CGUID+317, 15981, 533, 3383.28, -3666.11, 259.082, 2.06124, 3250, 3250, 0, 0), -- Naxxramas Acolyte
(@CGUID+318, 15981, 533, 3374.85, -3668.9, 259.082, 1.94621, 3250, 3250, 0, 0), -- Naxxramas Acolyte
(@CGUID+319, 15981, 533, 3370.16, -3669.7, 259.082, 1.94621, 3250, 3250, 0, 0), -- Naxxramas Acolyte
(@CGUID+320, 15981, 533, 3377.7, -3645.84, 259.081, 2.34129, 3250, 3250, 0, 0), -- Naxxramas Acolyte
(@CGUID+321, 15981, 533, 3367.62, -3652.28, 259.081, 1.93634, 3250, 3250, 0, 0), -- Naxxramas Acolyte
(@CGUID+322, 15981, 533, 3376.02, -3643.45, 259.081, 2.24893, 3250, 3250, 0, 0), -- Naxxramas Acolyte
(@CGUID+323, 15981, 533, 3363.16, -3649, 259.081, 1.93006, 3250, 3250, 0, 0), -- Naxxramas Acolyte
(@CGUID+324, 15990, 533, 3746.41, -5113.35, 142.031, 2.93162, 604800, 604800, 0, 0), -- Kel'Thuzad
(@CGUID+325, 16011, 533, 2909.43, -3999.46, 274.28, 1.58, 604800, 604800, 0, 0), -- Loatheb
(@CGUID+326, 16017, 533, 3086.04, -3386.8, 298.401, 3.1765, 3520, 3520, 0, 0), -- Patchwork Golem
(@CGUID+327, 16017, 533, 3054.92, -3356.8, 298.401, 4.72984, 3520, 3520, 0, 0), -- Patchwork Golem
(@CGUID+328, 16017, 533, 3087.45, -3367.57, 298.401, 3.89208, 3520, 3520, 0, 0), -- Patchwork Golem
(@CGUID+329, 16017, 533, 3074.64, -3353.27, 298.401, 4.06662, 3520, 3520, 0, 0), -- Patchwork Golem
(@CGUID+330, 16017, 533, 3136.61, -3353.29, 294.051, 2.46091, 3520, 3520, 0, 0), -- Patchwork Golem
(@CGUID+331, 16017, 533, 3088.14, -3305.5, 294.025, 5.5676, 3520, 3520, 0, 0), -- Patchwork Golem
(@CGUID+332, 16017, 533, 3157.59, -3332.37, 294.048, 2.54818, 3520, 3520, 0, 0), -- Patchwork Golem
(@CGUID+333, 16017, 533, 3109.14, -3284.2, 294.035, 5.63741, 3520, 3520, 0, 0), -- Patchwork Golem
(@CGUID+334, 16017, 533, 3174.14, -3291.93, 294.714, 3.80482, 3520, 3520, 0, 0), -- Patchwork Golem
(@CGUID+335, 16017, 533, 3149.68, -3265.7, 294.576, 4.2237, 3520, 3520, 0, 0), -- Patchwork Golem
(@CGUID+336, 16017, 533, 3009.26, -3178.27, 294.146, 3.36643, 3520, 3520, 1, 1), -- Patchwork Golem
(@CGUID+337, 16017, 533, 3020.17, -3177.85, 294.146, 6.05629, 3520, 3520, 1, 1), -- Patchwork Golem
(@CGUID+338, 16017, 533, 3168.32, -3280.82, 294.92, 4.06662, 3520, 3520, 0, 0), -- Patchwork Golem
(@CGUID+339, 16017, 533, 3159.19, -3270.79, 294.84, 3.97935, 3520, 3520, 0, 0), -- Patchwork Golem
(@CGUID+340, 16017, 533, 3011.57, -3189.04, 294.146, 0.10472, 3520, 3520, 1, 1), -- Patchwork Golem
(@CGUID+341, 16017, 533, 3023.06, -3187.8, 294.146, 3.05433, 3520, 3520, 1, 1), -- Patchwork Golem
(@CGUID+342, 0, 533, 3033.98, -3102.48, 294.063, 5.40988, 3520, 3520, 0, 2), -- creature_spawn_entry
(@CGUID+343, 16018, 533, 3110.31, -3333.07, 293.712, 5.49792, 3520, 3520, 0, 2), -- Bile Retcher
(@CGUID+344, 16018, 533, 3096.72, -3292.51, 294.597, 5.60251, 3520, 3520, 0, 0), -- Bile Retcher
(@CGUID+345, 16018, 533, 3149.04, -3345.12, 294.592, 2.46091, 3520, 3520, 0, 0), -- Bile Retcher
(@CGUID+346, 0, 533, 2999.21, -3144.77, 294.074, 5.82614, 3520, 3520, 0, 2), -- creature_spawn_entry
(@CGUID+347, 0, 533, 3124.71, -3120.88, 293.345, 3.18337, 3520, 3520, 0, 2), -- creature_spawn_entry
(@CGUID+348, 16021, 533, 3000.666259765625, -3251.029785156250, 294.146118164062500, 0.663225114345550537, 7200, 7200, 0, 0), -- Living Monstrosity
(@CGUID+349, 16020, 533, 3004.498291015625, -3250.782226562500, 294.146118164062500, 2.897246599197387695, 7200, 7200, 0, 0), -- Mad Scientist
(@CGUID+350, 16020, 533, 2999.811767578125, -3246.632080078125, 294.146118164062500, 5.235987663269042968, 7200, 7200, 0, 0), -- Mad Scientist
(@CGUID+351, 16020, 533, 3004.607177734375, -3248.735839843750, 294.146118164062500, 3.595378160476684570, 7200, 7200, 0, 0), -- Mad Scientist
(@CGUID+352, 16020, 533, 3002.888916015625, -3247.092529296875, 294.146118164062500, 4.363323211669921875, 7200, 7200, 0, 0), -- Mad Scientist
(@CGUID+353, 16022, 533, 3004.579101562500, -3252.080810546875, 294.146118164062500, 2.513274192810058593, 7200, 7200, 0, 0), -- Surgical Assistant
(@CGUID+354, 16022, 533, 3005.319091796875, -3250.083007812500, 294.146118164062500, 3.141592741012573242, 7200, 7200, 0, 0), -- Surgical Assistant
(@CGUID+355, 16022, 533, 3001.927978515625, -3245.996826171875, 294.146118164062500, 4.677482128143310546, 7200, 7200, 0, 0), -- Surgical Assistant
(@CGUID+356, 16022, 533, 2997.294189453125, -3247.817382812500, 294.146118164062500, 5.811946392059326171, 7200, 7200, 0, 0), -- Surgical Assistant
(@CGUID+357, 16022, 533, 3004.333740234375, -3247.277099609375, 294.146118164062500, 3.979350566864013671, 7200, 7200, 0, 0), -- Surgical Assistant
(@CGUID+358, 16021, 533, 2980.705810546875, -3202.211669921875, 294.146118164062500, 5.532693862915039062, 7200, 7200, 0, 0), -- Living Monstrosity
(@CGUID+359, 16020, 533, 2978.615966796875, -3206.259033203125, 294.146118164062500, 0.837758064270019531, 7200, 7200, 0, 0), -- Mad Scientist
(@CGUID+360, 16020, 533, 2981.582519531250, -3205.492919921875, 294.146118164062500, 1.570796370506286621, 7200, 7200, 0, 0), -- Mad Scientist
(@CGUID+361, 16020, 533, 2983.641845703125, -3200.194091796875, 294.146118164062500, 4.066617012023925781, 7200, 7200, 0, 0), -- Mad Scientist
(@CGUID+362, 16020, 533, 2983.463134765625, -3202.895507812500, 294.146118164062500, 3.211405754089355468, 7200, 7200, 0, 0), -- Mad Scientist
(@CGUID+363, 16022, 533, 2984.359863281250, -3201.412353515625, 294.146118164062500, 3.665191411972045898, 7200, 7200, 0, 0), -- Surgical Assistant
(@CGUID+364, 16022, 533, 2982.978271484375, -3204.755859375000, 294.146118164062500, 2.251474618911743164, 7200, 7200, 0, 0), -- Surgical Assistant
(@CGUID+365, 16022, 533, 2980.104736328125, -3206.940673828125, 294.146118164062500, 1.221730470657348632, 7200, 7200, 0, 0), -- Surgical Assistant
(@CGUID+366, 16022, 533, 2977.256103515625, -3207.826171875000, 294.146118164062500, 0.837758064270019531, 7200, 7200, 0, 0), -- Surgical Assistant
(@CGUID+367, 16022, 533, 2981.861572265625, -3198.126220703125, 294.146118164062500, 4.642575740814208984, 7200, 7200, 0, 0), -- Surgical Assistant
(@CGUID+368, 16021, 533, 3025.940185546875, -3139.967041015625, 294.162811279296875, 5.358160972595214843, 7200, 7200, 0, 0), -- Living Monstrosity
(@CGUID+369, 16020, 533, 3022.436767578125, -3145.412109375000, 294.162750244140625, 0.785398185253143310, 7200, 7200, 0, 0), -- Mad Scientist
(@CGUID+370, 16020, 533, 3030.759765625000, -3135.064941406250, 294.161407470703125, 4.118977069854736328, 7200, 7200, 0, 0), -- Mad Scientist
(@CGUID+371, 16020, 533, 3032.158935546875, -3140.966064453125, 294.159881591796875, 3.159045934677124023, 7200, 7200, 0, 0), -- Mad Scientist
(@CGUID+372, 16020, 533, 3029.125244140625, -3144.726806640625, 294.160156250000000, 2.129301786422729492, 7200, 7200, 0, 0), -- Mad Scientist
(@CGUID+373, 16022, 533, 3025.653564453125, -3147.446777343750, 294.160888671875000, 1.396263360977172851, 7200, 7200, 0, 0), -- Surgical Assistant
(@CGUID+374, 16022, 533, 3032.050537109375, -3144.479736328125, 294.158874511718750, 2.565634012222290039, 7200, 7200, 0, 0), -- Surgical Assistant
(@CGUID+375, 16022, 533, 3033.223632812500, -3137.699218750000, 294.160339355468750, 3.630284786224365234, 7200, 7200, 0, 0), -- Surgical Assistant
(@CGUID+376, 16022, 533, 3018.705322265625, -3145.559082031250, 294.163360595703125, 0.506145477294921875, 7200, 7200, 0, 0), -- Surgical Assistant
(@CGUID+377, 16022, 533, 3026.285400390625, -3130.693847656250, 294.162322998046875, 4.764749050140380859, 7200, 7200, 0, 0), -- Surgical Assistant
(@CGUID+378, 16021, 533, 3061.540039062500, -3106.199707031250, 294.162567138671875, 4.468042850494384765, 7200, 7200, 0, 0), -- Living Monstrosity
(@CGUID+379, 16020, 533, 3065.753417968750, -3108.479248046875, 294.159942626953125, 2.932153224945068359, 7200, 7200, 0, 0), -- Mad Scientist
(@CGUID+380, 16020, 533, 3066.236083984375, -3101.821289062500, 294.162231445312500, 3.979350566864013671, 7200, 7200, 0, 0), -- Mad Scientist
(@CGUID+381, 16020, 533, 3060.104980468750, -3111.621582031250, 294.160644531250000, 1.308996915817260742, 7200, 7200, 0, 0), -- Mad Scientist
(@CGUID+382, 16020, 533, 3054.602539062500, -3108.064208984375, 294.162994384765625, 0.087266460061073303, 7200, 7200, 0, 0), -- Mad Scientist
(@CGUID+383, 16022, 533, 3056.711914062500, -3110.166748046875, 294.161804199218750, 0.541052043437957763, 7200, 7200, 0, 0), -- Surgical Assistant
(@CGUID+384, 16022, 533, 3062.798583984375, -3110.382080078125, 294.160400390625000, 2.059488534927368164, 7200, 7200, 0, 0), -- Surgical Assistant
(@CGUID+385, 16022, 533, 3066.999267578125, -3105.373291015625, 294.160461425781250, 3.490658521652221679, 7200, 7200, 0, 0), -- Surgical Assistant
(@CGUID+386, 16022, 533, 3065.215332031250, -3097.842041015625, 294.163543701171875, 4.310963153839111328, 7200, 7200, 0, 0), -- Surgical Assistant
(@CGUID+387, 16022, 533, 3055.215332031250, -3104.619873046875, 294.164550781250000, 5.846852779388427734, 7200, 7200, 0, 0), -- Surgical Assistant
(@CGUID+388, 16021, 533, 3105.272949218750, -3085.356689453125, 294.162689208984375, 3.752457857131958007, 7200, 7200, 0, 0), -- Living Monstrosity
(@CGUID+389, 16020, 533, 3102.715332031250, -3087.934814453125, 294.161193847656250, 0.820304751396179199, 7200, 7200, 0, 0), -- Mad Scientist
(@CGUID+390, 16020, 533, 3107.010742187500, -3089.018554687500, 294.161346435546875, 2.111848354339599609, 7200, 7200, 0, 0), -- Mad Scientist
(@CGUID+391, 16020, 533, 3101.335449218750, -3082.149658203125, 294.162353515625000, 5.532693862915039062, 7200, 7200, 0, 0), -- Mad Scientist
(@CGUID+392, 16020, 533, 3101.314941406250, -3085.450927734375, 294.161163330078125, 6.248278617858886718, 7200, 7200, 0, 0), -- Mad Scientist
(@CGUID+393, 16022, 533, 3101.530517578125, -3086.913818359375, 294.160827636718750, 0.383972436189651489, 7200, 7200, 0, 0), -- Surgical Assistant
(@CGUID+394, 16022, 533, 3103.675292968750, -3088.946044921875, 294.160888671875000, 1.221730470657348632, 7200, 7200, 0, 0), -- Surgical Assistant
(@CGUID+395, 16022, 533, 3109.623779296875, -3088.157470703125, 294.161407470703125, 2.635447263717651367, 7200, 7200, 0, 0), -- Surgical Assistant
(@CGUID+396, 16022, 533, 3101.220458984375, -3080.139892578125, 294.162933349609375, 5.323254108428955078, 7200, 7200, 0, 0), -- Surgical Assistant
(@CGUID+397, 16022, 533, 3100.697021484375, -3083.509277343750, 294.161376953125000, 5.829399585723876953, 7200, 7200, 0, 0), -- Surgical Assistant
(@CGUID+398, 16024, 533, 3136.91, -3233, 294.146, 1.3439, 180, 180, 1, 1), -- Embalming Slime
(@CGUID+399, 16024, 533, 3125.78, -3224.82, 294.146, 3.12414, 180, 180, 1, 1), -- Embalming Slime
(@CGUID+400, 16024, 533, 3141.4, -3229.32, 294.146, 0.785398, 180, 180, 1, 1), -- Embalming Slime
(@CGUID+401, 16024, 533, 3113.27, -3214.64, 294.146, 4.39823, 180, 180, 1, 1), -- Embalming Slime
(@CGUID+402, 16024, 533, 3129.88, -3218.11, 294.146, 1.8326, 180, 180, 1, 1), -- Embalming Slime
(@CGUID+403, 16024, 533, 3123.7, -3212.6, 294.146, 0.00856187, 180, 180, 1, 1), -- Embalming Slime
(@CGUID+404, 16024, 533, 3141.99, -3222.09, 294.146, 0.10278, 180, 180, 1, 1), -- Embalming Slime
(@CGUID+405, 16024, 533, 3135.44, -3217.41, 294.146, 5.94621, 180, 180, 1, 1), -- Embalming Slime
(@CGUID+406, 16024, 533, 3148.57, -3224.42, 294.146, 0.389049, 180, 180, 1, 1), -- Embalming Slime
(@CGUID+407, 16024, 533, 3145.93, -3214.59, 294.146, 6.25254, 180, 180, 1, 1), -- Embalming Slime
(@CGUID+408, 16024, 533, 3138.78, -3209.48, 294.146, 4.71239, 180, 180, 1, 1), -- Embalming Slime
(@CGUID+409, 16024, 533, 3126.31, -3202.82, 294.146, 3.2796, 180, 180, 1, 1), -- Embalming Slime
(@CGUID+410, 16024, 533, 3121.3, -3199.04, 294.146, 2.26614, 180, 180, 1, 1), -- Embalming Slime
(@CGUID+411, 16024, 533, 3132.85, -3204.32, 294.146, 0.115952, 180, 180, 1, 1), -- Embalming Slime
(@CGUID+412, 16024, 533, 3152.3, -3212.52, 294.146, 4.63714, 180, 180, 1, 1), -- Embalming Slime
(@CGUID+413, 16024, 533, 3143.12, -3202.39, 294.146, 3.33458, 180, 180, 1, 1), -- Embalming Slime
(@CGUID+414, 16024, 533, 3135.6, -3197.74, 294.146, 2.68666, 180, 180, 1, 1), -- Embalming Slime
(@CGUID+415, 16024, 533, 3150.45, -3202.97, 294.146, 3.12137, 180, 180, 1, 1), -- Embalming Slime
(@CGUID+416, 16024, 533, 3129.97, -3190.44, 294.146, 0.486256, 180, 180, 1, 1), -- Embalming Slime
(@CGUID+417, 16024, 533, 3142.45, -3194.97, 294.146, 2.5989, 180, 180, 1, 1), -- Embalming Slime
(@CGUID+418, 16025, 533, 3291.21, -3360.78, 292.678, 1.8326, 3520, 3520, 0, 0), -- Stitched Spewer
(@CGUID+419, 16025, 533, 3262.94, -3358.04, 292.678, 1.22173, 3520, 3520, 0, 0), -- Stitched Spewer
(@CGUID+420, 16025, 533, 3202.46, -3330.17, 292.678, 0.0872665, 3520, 3520, 0, 0), -- Stitched Spewer
(@CGUID+421, 16025, 533, 3202.66, -3282.63, 292.678, 0.296706, 3520, 3520, 0, 0), -- Stitched Spewer
(@CGUID+422, 16025, 533, 3332.37, -3324.52, 292.678, 2.56563, 3520, 3520, 0, 0), -- Stitched Spewer
(@CGUID+423, 16025, 533, 3331.97, -3300.31, 292.678, 2.84489, 3520, 3520, 0, 0), -- Stitched Spewer
(@CGUID+424, 16025, 533, 3202.71, -3306.62, 292.678, 6.26573, 3520, 3520, 0, 0), -- Stitched Spewer
(@CGUID+425, 16028, 533, 3308.46, -3232.08, 294.24, 3.01, 604800, 604800, 0, 2), -- Patchwerk
(@CGUID+426, 0, 533, 3086, -3070.58, 294.083, 5.02896, 3520, 3520, 0, 2), -- creature_spawn_entry
(@CGUID+427, 0, 533, 3116.22, -3104.34, 294.069, 3.43068, 3520, 3520, 0, 2), -- creature_spawn_entry
(@CGUID+428, 0, 533, 3165.05, -3325.43, 294.606, 0.942478, 3520, 3520, 0, 2), -- creature_spawn_entry
(@CGUID+429, 0, 533, 3102.07, -3209.2, 294.146, 1.6057, 3520, 3520, 0, 2), -- creature_spawn_entry
(@CGUID+430, 0, 533, 2990.63, -3227.04, 294.078, 5.82622, 3520, 3520, 0, 2), -- creature_spawn_entry
(@CGUID+431, 16030, 533, 3318, -3335.55, 292.678, 1.18682, 3600, 3600, 0, 0), -- Maggot
(@CGUID+432, 16030, 533, 3320.82, -3342.62, 292.678, 1.0472, 3600, 3600, 0, 0), -- Maggot
(@CGUID+433, 16030, 533, 3315.06, -3348.81, 292.678, 3.05433, 3600, 3600, 0, 0), -- Maggot
(@CGUID+434, 16030, 533, 3306.47, -3347.18, 292.678, 0.698132, 3600, 3600, 0, 0), -- Maggot
(@CGUID+435, 16030, 533, 3313.49, -3340.97, 292.678, 0.401426, 3600, 3600, 0, 0), -- Maggot
(@CGUID+436, 16030, 533, 3038.89, -3474.74, 298.216, 4.69145, 3600, 3600, 5, 1), -- Maggot
(@CGUID+437, 16030, 533, 2991.84, -3463.04, 298.219, 2.34906, 3600, 3600, 5, 1), -- Maggot
(@CGUID+438, 16030, 533, 3008.69, -3402.87, 298.218, 3.6405, 3600, 3600, 5, 1), -- Maggot
(@CGUID+439, 16030, 533, 3046.72, -3429.97, 298.222, 4.51829, 3600, 3600, 5, 1), -- Maggot
(@CGUID+440, 16030, 533, 3103.34, -3292.8, 294.599, 2.9147, 3600, 3600, 0, 0), -- Maggot
(@CGUID+441, 16030, 533, 3126.26, -3365.8, 294.572, 0.191986, 3600, 3600, 0, 0), -- Maggot
(@CGUID+442, 16030, 533, 3128.58, -3369.78, 294.568, 1.91986, 3600, 3600, 0, 0), -- Maggot
(@CGUID+443, 16030, 533, 3129.73, -3364.55, 294.572, 5.65487, 3600, 3600, 0, 0), -- Maggot
(@CGUID+444, 16030, 533, 3122.03, -3366.45, 294.581, 3.14159, 3600, 3600, 0, 0), -- Maggot
(@CGUID+445, 16030, 533, 3124.71, -3362.47, 294.575, 0.820305, 3600, 3600, 0, 0), -- Maggot
(@CGUID+446, 16030, 533, 3251.99, -3351.52, 292.678, 2.75762, 3600, 3600, 0, 0), -- Maggot
(@CGUID+447, 16030, 533, 3246.14, -3356.44, 292.595, 3.5914, 3600, 3600, 5, 1), -- Maggot
(@CGUID+448, 16030, 533, 3254.5, -3347.45, 292.678, 0.610865, 3600, 3600, 0, 0), -- Maggot
(@CGUID+449, 16030, 533, 3254.41, -3356.07, 292.678, 0.994838, 3600, 3600, 0, 0), -- Maggot
(@CGUID+450, 16030, 533, 3248.11, -3348.84, 292.678, 4.27606, 3600, 3600, 0, 0), -- Maggot
(@CGUID+451, 16030, 533, 3076.54, -3314.61, 294.572, 2.44346, 3600, 3600, 0, 0), -- Maggot
(@CGUID+452, 16030, 533, 3071.26, -3314, 294.571, 2.93215, 3600, 3600, 0, 0), -- Maggot
(@CGUID+453, 16030, 533, 3078.04, -3310.57, 294.573, 4.20624, 3600, 3600, 0, 0), -- Maggot
(@CGUID+454, 16030, 533, 3075.48, -3318.7, 294.58, 0.942478, 3600, 3600, 0, 0), -- Maggot
(@CGUID+455, 16030, 533, 3080.41, -3315.86, 294.575, 0.174533, 3600, 3600, 0, 0), -- Maggot
(@CGUID+456, 16030, 533, 3115.43, -3264.77, 294.531, 3.57792, 3600, 3600, 0, 0), -- Maggot
(@CGUID+457, 16030, 533, 3060.06, -3239.59, 294.146, 5.84685, 3600, 3600, 0, 0), -- Maggot
(@CGUID+458, 16030, 533, 3012.85, -3148.56, 294.159, 5.37561, 3600, 3600, 0, 0), -- Maggot
(@CGUID+459, 16030, 533, 3269.68, -3270.23, 292.678, 0.383972, 3600, 3600, 0, 0), -- Maggot
(@CGUID+460, 16030, 533, 3179.1, -3313.12, 294.618, 3.12414, 3600, 3600, 0, 0), -- Maggot
(@CGUID+461, 16030, 533, 3125.16, -3066.66, 294.156, 1.20428, 3600, 3600, 0, 0), -- Maggot
(@CGUID+462, 16030, 533, 3322.63, -3226.65, 294.146, 3.50811, 3600, 3600, 0, 0), -- Maggot
(@CGUID+463, 16030, 533, 3175.82, -3326.75, 294.611, 3.54302, 3600, 3600, 0, 0), -- Maggot
(@CGUID+464, 16030, 533, 3301.85, -3270.85, 292.678, 0.10472, 3600, 3600, 0, 0), -- Maggot
(@CGUID+465, 16034, 533, 2844.97, -3609.42, 261.367, 4.06662, 300, 300, 0, 2), -- Plague Beast
(@CGUID+466, 16034, 533, 2770.46, -3586.75, 256.176, 1.44862, 300, 300, 0, 2), -- Plague Beast
(@CGUID+467, 16034, 533, 2709.6, -3601.9, 260.611, 2.82743, 300, 300, 0, 2), -- Plague Beast
(@CGUID+468, 16034, 533, 2850.6, -3686.67, 279.16, 1.78024, 300, 300, 0, 2), -- Plague Beast
(@CGUID+469, 16036, 533, 2746.83, -3596.91, 257.529, 4.06809, 30, 30, 5, 1), -- Frenzied Bat
(@CGUID+470, 16036, 533, 2773.89, -3553.93, 251.001, 1.82657, 30, 30, 5, 1), -- Frenzied Bat
(@CGUID+471, 16036, 533, 2721.05, -3615.26, 260.121, 1.29809, 30, 30, 5, 1), -- Frenzied Bat
(@CGUID+472, 16036, 533, 2764.99, -3540.81, 253.574, 0.534628, 30, 30, 5, 1), -- Frenzied Bat
(@CGUID+473, 16036, 533, 2735, -3608.37, 258.858, 3.46578, 30, 30, 5, 1), -- Frenzied Bat
(@CGUID+474, 16036, 533, 2753.11, -3554.85, 255.363, 1.95934, 30, 30, 5, 1), -- Frenzied Bat
(@CGUID+475, 16036, 533, 2719.04, -3576.17, 260.124, 3.97935, 30, 30, 5, 1), -- Frenzied Bat
(@CGUID+476, 16036, 533, 2796.73, -3566.92, 252.077, 4.92366, 30, 30, 5, 1), -- Frenzied Bat
(@CGUID+477, 16036, 533, 2799.17, -3611.1, 255.91, 4.3298, 30, 30, 5, 1), -- Frenzied Bat
(@CGUID+478, 16036, 533, 2659.54, -3605.86, 262.47, 5.67471, 30, 30, 5, 1), -- Frenzied Bat
(@CGUID+479, 16036, 533, 2814.13, -3573, 253.391, 0.676703, 30, 30, 5, 1), -- Frenzied Bat
(@CGUID+480, 16036, 533, 2696.57, -3624.93, 262.695, 5.74449, 30, 30, 5, 1), -- Frenzied Bat
(@CGUID+481, 16036, 533, 2698.5, -3585.11, 260.779, 4.6984, 30, 30, 5, 1), -- Frenzied Bat
(@CGUID+482, 16036, 533, 2799.9, -3621.68, 256.059, 1.50074, 30, 30, 5, 1), -- Frenzied Bat
(@CGUID+483, 16036, 533, 2827.71, -3545.17, 253.835, 1.06708, 30, 30, 5, 1), -- Frenzied Bat
(@CGUID+484, 16036, 533, 2819.89, -3611.05, 258.76, 3.07478, 30, 30, 5, 1), -- Frenzied Bat
(@CGUID+485, 16036, 533, 2690.14, -3610.98, 262.288, 3.522, 30, 30, 5, 1), -- Frenzied Bat
(@CGUID+486, 16036, 533, 2672.38, -3626.03, 266.216, 2.23042, 30, 30, 5, 1), -- Frenzied Bat
(@CGUID+487, 16036, 533, 2798.31, -3550.75, 250.488, 5.30268, 30, 30, 5, 1), -- Frenzied Bat
(@CGUID+488, 16036, 533, 2865.58, -3666.23, 276.285, 0.506145, 30, 30, 5, 1), -- Frenzied Bat
(@CGUID+489, 16036, 533, 2826.03, -3625.75, 260.003, 3.32876, 30, 30, 5, 1), -- Frenzied Bat
(@CGUID+490, 16036, 533, 2847.23, -3629.75, 264.236, 5.82305, 30, 30, 5, 1), -- Frenzied Bat
(@CGUID+491, 16036, 533, 2862.88, -3597.03, 264.963, 3.75811, 30, 30, 5, 1), -- Frenzied Bat
(@CGUID+492, 16036, 533, 2895.23, -3581.66, 272.621, 4.56721, 30, 30, 5, 1), -- Frenzied Bat
(@CGUID+493, 16036, 533, 2846.93, -3673.22, 275.397, 0.518297, 30, 30, 5, 1), -- Frenzied Bat
(@CGUID+494, 16036, 533, 2838.08, -3585.05, 256.51, 3.13582, 30, 30, 5, 1), -- Frenzied Bat
(@CGUID+495, 16036, 533, 2884.37, -3609.46, 270.062, 4.53786, 30, 30, 5, 1), -- Frenzied Bat
(@CGUID+496, 16036, 533, 2858.01, -3625.88, 266.06, 0.533252, 30, 30, 5, 1), -- Frenzied Bat
(@CGUID+497, 16036, 533, 2849.72, -3598.39, 262.169, 6.0716, 30, 30, 5, 1), -- Frenzied Bat
(@CGUID+498, 16036, 533, 2882.46, -3684.13, 281.972, 4.65357, 30, 30, 5, 1), -- Frenzied Bat
(@CGUID+499, 16036, 533, 2903.49, -3623.25, 276.547, 4.57012, 30, 30, 5, 1), -- Frenzied Bat
(@CGUID+500, 16036, 533, 2910.6, -3645.1, 276.479, 0.60588, 30, 30, 5, 1), -- Frenzied Bat
(@CGUID+501, 16036, 533, 2898.02, -3678.33, 281.756, 4.20577, 30, 30, 5, 1), -- Frenzied Bat
(@CGUID+502, 16036, 533, 2882.09, -3666.31, 278.314, 0.195764, 30, 30, 5, 1), -- Frenzied Bat
(@CGUID+503, 16036, 533, 2876.12, -3701.31, 284.433, 0.846984, 30, 30, 5, 1), -- Frenzied Bat
(@CGUID+504, 16036, 533, 2894.94, -3706.86, 286.064, 6.16085, 30, 30, 5, 1), -- Frenzied Bat
(@CGUID+505, 16037, 533, 2766.36, -3610.83, 255.69, 1.95477, 30, 30, 5, 1), -- Plagued Bat
(@CGUID+506, 16037, 533, 2759.66, -3575.94, 255.715, 3.67816, 30, 30, 5, 1), -- Plagued Bat
(@CGUID+507, 16037, 533, 2750.46, -3613.72, 256.717, 3.41259, 30, 30, 5, 1), -- Plagued Bat
(@CGUID+508, 16037, 533, 2749.98, -3572.63, 255.623, 5.95536, 30, 30, 5, 1), -- Plagued Bat
(@CGUID+509, 16037, 533, 2756.84, -3593.13, 257.108, 0.245972, 30, 30, 5, 1), -- Plagued Bat
(@CGUID+510, 16037, 533, 2773.7, -3570.05, 253.264, 4.05317, 30, 30, 5, 1), -- Plagued Bat
(@CGUID+511, 16037, 533, 2696.84, -3599.21, 261.29, 3.70805, 30, 30, 5, 1), -- Plagued Bat
(@CGUID+512, 16037, 533, 2804.56, -3591.25, 255.404, 4.71447, 30, 30, 5, 1), -- Plagued Bat
(@CGUID+513, 16037, 533, 2677.9, -3596.34, 261.582, 3.38753, 30, 30, 5, 1), -- Plagued Bat
(@CGUID+514, 16037, 533, 2705.66, -3572.01, 261.494, 5.4042, 30, 30, 5, 1), -- Plagued Bat
(@CGUID+515, 16037, 533, 2833.94, -3555.91, 253.269, 1.36836, 30, 30, 5, 1), -- Plagued Bat
(@CGUID+516, 16037, 533, 2728.03, -3593.53, 258.871, 2.20168, 30, 30, 5, 1), -- Plagued Bat
(@CGUID+517, 16037, 533, 2811.49, -3601.53, 257.799, 3.65661, 30, 30, 5, 1), -- Plagued Bat
(@CGUID+518, 16037, 533, 2679.47, -3611.75, 262.696, 4.50295, 30, 30, 5, 1), -- Plagued Bat
(@CGUID+519, 16037, 533, 2816.57, -3583.17, 254.701, 1.81337, 30, 30, 5, 1), -- Plagued Bat
(@CGUID+520, 16037, 533, 2713.61, -3599.97, 260.263, 4.10152, 30, 30, 5, 1), -- Plagued Bat
(@CGUID+521, 16037, 533, 2860.91, -3585.21, 262.448, 5.03388, 30, 30, 5, 1), -- Plagued Bat
(@CGUID+522, 16037, 533, 2887.21, -3633.74, 273.876, 3.59466, 30, 30, 5, 1), -- Plagued Bat
(@CGUID+523, 16037, 533, 2856.49, -3653.81, 272.693, 0.79529, 30, 30, 5, 1), -- Plagued Bat
(@CGUID+524, 16037, 533, 2846.79, -3576, 256.708, 2.16176, 30, 30, 5, 1), -- Plagued Bat
(@CGUID+525, 16037, 533, 2887.77, -3591.83, 270.716, 6.22683, 30, 30, 5, 1), -- Plagued Bat
(@CGUID+526, 16037, 533, 2840.97, -3601.42, 260.357, 4.07278, 30, 30, 5, 1), -- Plagued Bat
(@CGUID+527, 16037, 533, 2895.61, -3610.25, 273.286, 0.667285, 30, 30, 5, 1), -- Plagued Bat
(@CGUID+528, 16037, 533, 2869.12, -3643.08, 272.378, 0.635907, 30, 30, 5, 1), -- Plagued Bat
(@CGUID+529, 16037, 533, 2893.39, -3653.7, 277.04, 3.79246, 30, 30, 5, 1), -- Plagued Bat
(@CGUID+530, 16037, 533, 2908.21, -3598.81, 275.449, 6.00257, 30, 30, 5, 1), -- Plagued Bat
(@CGUID+531, 16037, 533, 2851.07, -3693.53, 281.254, 1.45104, 30, 30, 5, 1), -- Plagued Bat
(@CGUID+532, 16037, 533, 2910.16, -3581.52, 274.212, 4.996, 30, 30, 5, 1), -- Plagued Bat
(@CGUID+533, 16037, 533, 2899.71, -3694.11, 285.44, 4.81016, 30, 30, 5, 1), -- Plagued Bat
(@CGUID+534, 16037, 533, 2851.45, -3717.98, 286.667, 3.26377, 30, 30, 5, 1), -- Plagued Bat
(@CGUID+535, 16037, 533, 2915.78, -3663.67, 278.582, 2.87676, 30, 30, 5, 1), -- Plagued Bat
(@CGUID+536, 16037, 533, 2869.8, -3718.72, 284.162, 4.16845, 30, 30, 5, 1), -- Plagued Bat
(@CGUID+537, 16037, 533, 2862.95, -3702.28, 283.375, 1.32299, 30, 30, 5, 1), -- Plagued Bat
(@CGUID+538, 16037, 533, 2906.19, -3715.62, 284.862, 2.48932, 30, 30, 5, 1), -- Plagued Bat
(@CGUID+539, 16037, 533, 2881.45, -3723.31, 284.623, 3.70057, 30, 30, 5, 1), -- Plagued Bat
(@CGUID+540, 16037, 533, 2914.8, -3690.42, 286.226, 0.883779, 30, 30, 5, 1), -- Plagued Bat
(@CGUID+541, 16056, 533, 2900.43, -3756.91, 273.689, 1.72788, 3600, 3600, 0, 0), -- Diseased Maggot
(@CGUID+542, 16056, 533, 2806.49, -3787.34, 273.679, 3.15905, 3600, 3600, 0, 0), -- Diseased Maggot
(@CGUID+543, 16056, 533, 2805.8, -3777.39, 273.704, 2.09439, 3600, 3600, 0, 0), -- Diseased Maggot
(@CGUID+544, 16056, 533, 2789.35, -3756.75, 273.704, 2.75762, 3600, 3600, 0, 0), -- Diseased Maggot
(@CGUID+545, 16056, 533, 2784.84, -3761.65, 273.704, 1.01229, 3600, 3600, 0, 0), -- Diseased Maggot
(@CGUID+546, 16056, 533, 2783.87, -3748.3, 273.704, 5.98648, 3600, 3600, 0, 0), -- Diseased Maggot
(@CGUID+547, 16056, 533, 2844.88, -3775, 273.704, 4.08407, 3600, 3600, 0, 0), -- Diseased Maggot
(@CGUID+548, 16056, 533, 2853.38, -3782.95, 273.69, 1.8675, 3600, 3600, 0, 0), -- Diseased Maggot
(@CGUID+549, 16056, 533, 2896.02, -3787.39, 273.683, 2.82743, 3600, 3600, 0, 0), -- Diseased Maggot
(@CGUID+550, 16056, 533, 2876.47, -3789.07, 273.668, 4.95674, 3600, 3600, 0, 0), -- Diseased Maggot
(@CGUID+551, 16056, 533, 2887.12, -3776.81, 273.704, 0.645772, 3600, 3600, 0, 0), -- Diseased Maggot
(@CGUID+552, 16056, 533, 2857.69, -3748.92, 273.675, 1.3439, 3600, 3600, 0, 0), -- Diseased Maggot
(@CGUID+553, 16056, 533, 2872.54, -3754.76, 273.681, 1.25664, 3600, 3600, 0, 0), -- Diseased Maggot
(@CGUID+554, 16056, 533, 2838.36, -3754.8, 273.704, 4.59022, 3600, 3600, 0, 0), -- Diseased Maggot
(@CGUID+555, 16056, 533, 2821.22, -3751.85, 273.703, 5.98648, 3600, 3600, 0, 0), -- Diseased Maggot
(@CGUID+556, 16056, 533, 2762.27, -3774.95, 273.704, 1.88496, 3600, 3600, 0, 0), -- Diseased Maggot
(@CGUID+557, 16056, 533, 2750.7, -3760.29, 273.869, 3.10669, 3600, 3600, 0, 0), -- Diseased Maggot
(@CGUID+558, 16057, 533, 2764.08, -3768.61, 273.8, 2.4, 7150, 7150, 0, 0), -- Rotting Maggot
(@CGUID+559, 16057, 533, 2758, -3769.48, 273.86, 1.6, 7150, 7150, 0, 0), -- Rotting Maggot
(@CGUID+560, 16057, 533, 2768.21, -3778.49, 273.8, 5.68, 7150, 7150, 0, 0), -- Rotting Maggot
(@CGUID+561, 16057, 533, 2775.5, -3782.08, 273.8, 4.46, 7150, 7150, 0, 0), -- Rotting Maggot
(@CGUID+562, 16057, 533, 2796.71, -3783.82, 273.8, 0.3, 7150, 7150, 0, 0), -- Rotting Maggot
(@CGUID+563, 16057, 533, 2803.44, -3780.83, 273.8, 0.52, 7150, 7150, 0, 0), -- Rotting Maggot
(@CGUID+564, 16057, 533, 2805.28, -3772.6, 273.8, 1.31, 7150, 7150, 0, 0), -- Rotting Maggot
(@CGUID+565, 16057, 533, 2799.23, -3760.2, 273.8, 2.02, 7150, 7150, 0, 0), -- Rotting Maggot
(@CGUID+566, 16057, 533, 2796.81, -3755.49, 273.8, 2.05, 7150, 7150, 0, 0), -- Rotting Maggot
(@CGUID+567, 16057, 533, 2786.38, -3757.27, 273.8, 3.32, 7150, 7150, 0, 0), -- Rotting Maggot
(@CGUID+568, 16057, 533, 2822.22, -3755.18, 273.8, 6.12, 7150, 7150, 0, 0), -- Rotting Maggot
(@CGUID+569, 16057, 533, 2829.56, -3755.74, 273.8, 0.01, 7150, 7150, 0, 0), -- Rotting Maggot
(@CGUID+570, 16057, 533, 2837.27, -3768.31, 273.8, 5.3, 7150, 7150, 0, 0), -- Rotting Maggot
(@CGUID+571, 16057, 533, 2846.39, -3777.18, 273.8, 5.52, 7150, 7150, 0, 0), -- Rotting Maggot
(@CGUID+572, 16057, 533, 2853.26, -3786.51, 273.78, 5.35, 7150, 7150, 0, 0), -- Rotting Maggot
(@CGUID+573, 16057, 533, 2831.52, -3783.05, 273.79, 2.77, 7150, 7150, 0, 0), -- Rotting Maggot
(@CGUID+574, 16057, 533, 2817.98, -3780.79, 273.8, 2.99, 7150, 7150, 0, 0), -- Rotting Maggot
(@CGUID+575, 16057, 533, 2838.32, -3754.31, 273.8, 0.81, 7150, 7150, 0, 0), -- Rotting Maggot
(@CGUID+576, 16057, 533, 2848.19, -3766.48, 273.8, 5.34, 7150, 7150, 0, 0), -- Rotting Maggot
(@CGUID+577, 16057, 533, 2861.43, -3763.23, 273.8, 0.34, 7150, 7150, 0, 0), -- Rotting Maggot
(@CGUID+578, 16057, 533, 2874.25, -3759.26, 273.79, 0.3, 7150, 7150, 0, 0), -- Rotting Maggot
(@CGUID+579, 16057, 533, 2869.94, -3774.74, 273.8, 4.47, 7150, 7150, 0, 0), -- Rotting Maggot
(@CGUID+580, 16057, 533, 2877.29, -3781.67, 273.8, 5.55, 7150, 7150, 0, 0), -- Rotting Maggot
(@CGUID+581, 16057, 533, 2894.08, -3774.59, 273.8, 5.49, 7150, 7150, 0, 0), -- Rotting Maggot
(@CGUID+582, 16057, 533, 2895.87, -3762.12, 273.8, 1.38, 7150, 7150, 0, 0), -- Rotting Maggot
(@CGUID+583, 16057, 533, 2896.47, -3753.83, 273.77, 3.14, 7150, 7150, 0, 0), -- Rotting Maggot
(@CGUID+584, 16057, 533, 2890.33, -3783.99, 273.79, 2.84, 7150, 7150, 0, 0), -- Rotting Maggot
(@CGUID+585, 16057, 533, 2867.02, -3782.55, 273.79, 2.85, 7150, 7150, 0, 0), -- Rotting Maggot
(@CGUID+586, 16057, 533, 2858.06, -3755.19, 273.79, 3.51, 7150, 7150, 0, 0), -- Rotting Maggot
(@CGUID+587, 16060, 533, 2642.2, -3388.39, 285.6, 0, 604800, 604800, 0, 0), -- Gothik the Harvester
(@CGUID+588, 16061, 533, 2755.56, -3098.04, 267.86, 6.27, 604800, 604800, 0, 2), -- Instructor Razuvious
(@CGUID+589, 16062, 533, 2524.32, -2951.28, 245.633, 5.42797, 604800, 604800, 0, 0), -- Highlord Mograine
(@CGUID+590, 16063, 533, 2528.79, -2948.58, 245.633, 5.2709, 604800, 604800, 0, 0), -- Sir Zeliek
(@CGUID+591, 16064, 533, 2520.5, -2955.38, 245.635, 5.58505, 604800, 604800, 0, 0), -- Thane Korth'azz
(@CGUID+592, 16065, 533, 2517.62, -2959.38, 245.636, 5.72468, 604800, 604800, 0, 0), -- Lady Blaumeux
-- 593 - 598
(@CGUID+599, 16068, 533, 2847.36, -3688.1, 279.027, 4.76567, 3600, 3600, 5, 1), -- Larva
(@CGUID+600, 16068, 533, 2862.42, -3671.69, 276.904, 1.73453, 3600, 3600, 5, 1), -- Larva
(@CGUID+601, 16068, 533, 2755.28, -3590.7, 256.861, 6.0064, 3600, 3600, 5, 1), -- Larva
(@CGUID+602, 16068, 533, 2833.08, -3548.21, 254.238, 1.05746, 3600, 3600, 5, 1), -- Larva
(@CGUID+603, 16068, 533, 2765.66, -3581.11, 255.935, 3.78032, 3600, 3600, 5, 1), -- Larva
(@CGUID+604, 16068, 533, 2894.29, -3618.93, 273.603, 2.11469, 3600, 3600, 5, 1), -- Larva
(@CGUID+605, 16068, 533, 2775.15, -3559.07, 250.923, 5.44874, 3600, 3600, 5, 1), -- Larva
(@CGUID+606, 16068, 533, 2773.29, -3616.7, 254.731, 2.82547, 3600, 3600, 5, 1), -- Larva
(@CGUID+607, 16068, 533, 2889.84, -3678.42, 281.347, 4.25105, 3600, 3600, 5, 1), -- Larva
(@CGUID+608, 16068, 533, 2734.93, -3597.33, 258.319, 0.807797, 3600, 3600, 5, 1), -- Larva
(@CGUID+609, 16068, 533, 2801.9, -3589.27, 254.856, 2.63119, 3600, 3600, 5, 1), -- Larva
(@CGUID+610, 16068, 533, 2879.9, -3650.04, 274.982, 0.10067, 3600, 3600, 5, 1), -- Larva
(@CGUID+611, 16068, 533, 2881.9, -3620.86, 270.75, 0.244238, 3600, 3600, 5, 1), -- Larva
(@CGUID+612, 16068, 533, 2912.48, -3586.57, 274.36, 1.10071, 3600, 3600, 5, 1), -- Larva
(@CGUID+613, 16068, 533, 2899.39, -3700.27, 285.613, 0.090022, 3600, 3600, 5, 1), -- Larva
(@CGUID+614, 16068, 533, 2877.12, -3691.8, 282.437, 4.89036, 3600, 3600, 5, 1), -- Larva
(@CGUID+615, 16068, 533, 2673.3, -3624.03, 265.549, 2.16559, 3600, 3600, 5, 1), -- Larva
(@CGUID+616, 16068, 533, 2861.03, -3648.37, 272.216, 3.87341, 3600, 3600, 5, 1), -- Larva
(@CGUID+617, 16068, 533, 2860.04, -3706.87, 284.113, 4.24212, 3600, 3600, 5, 1), -- Larva
(@CGUID+618, 16068, 533, 2811.54, -3576.31, 253.609, 4.81057, 3600, 3600, 5, 1), -- Larva
(@CGUID+619, 16068, 533, 2865.75, -3658.31, 274.641, 0.458959, 3600, 3600, 5, 1), -- Larva
(@CGUID+620, 16068, 533, 2896.11, -3656.78, 277.51, 0.313374, 3600, 3600, 5, 1), -- Larva
(@CGUID+621, 16068, 533, 2905.33, -3682.31, 283.876, 0.59482, 3600, 3600, 5, 1), -- Larva
(@CGUID+622, 16068, 533, 2895.52, -3572.9, 272.322, 2.09725, 3600, 3600, 5, 1), -- Larva
(@CGUID+623, 16068, 533, 2855.79, -3618.3, 263.904, 0.579871, 3600, 3600, 5, 1), -- Larva
(@CGUID+624, 16068, 533, 2790.42, -3585.39, 253.704, 1.4536, 3600, 3600, 5, 1), -- Larva
(@CGUID+625, 16068, 533, 2897.74, -3646.21, 276.007, 1.83488, 3600, 3600, 5, 1), -- Larva
(@CGUID+626, 16068, 533, 2704, -3600.04, 260.803, 1.0333, 3600, 3600, 5, 1), -- Larva
(@CGUID+627, 16068, 533, 2689.36, -3594.03, 261.013, 5.88405, 3600, 3600, 5, 1), -- Larva
(@CGUID+628, 16068, 533, 2875.86, -3705.54, 284.832, 3.04009, 3600, 3600, 5, 1), -- Larva
(@CGUID+629, 16068, 533, 2869.41, -3589.09, 266.096, 1.27594, 3600, 3600, 5, 1), -- Larva
(@CGUID+630, 16068, 533, 2884.94, -3598.44, 269.901, 1.45662, 3600, 3600, 5, 1), -- Larva
(@CGUID+631, 16082, 533, 3122.96, -3152.1, 342.371, 6.10865, 3600, 3600, 0, 0), -- Naxxramas Trigger
(@CGUID+632, 16137, 533, 2692.16, -3430.75, 268.646, 1.6057, 3600, 3600, 0, 0), -- Naxxramas Military Sub-Boss Trigger
(@CGUID+633, 16137, 533, 2733.46, -3349.39, 267.768, 1.78024, 3600, 3600, 0, 0), -- Naxxramas Military Sub-Boss Trigger
(@CGUID+634, 16137, 533, 2739.99, -3321.73, 284.232, 2.82743, 3600, 3600, 0, 0), -- Naxxramas Military Sub-Boss Trigger
(@CGUID+635, 16137, 533, 2692.21, -3428.78, 268.646, 1.48353, 3600, 3600, 0, 0), -- Naxxramas Military Sub-Boss Trigger
(@CGUID+636, 16137, 533, 2739.99, -3399.78, 284.295, 6.10865, 3600, 3600, 0, 0), -- Naxxramas Military Sub-Boss Trigger
(@CGUID+637, 16137, 533, 2714.56, -3430.61, 268.646, 1.41372, 3600, 3600, 0, 0), -- Naxxramas Military Sub-Boss Trigger
(@CGUID+638, 16137, 533, 2683.89, -3304.21, 267.768, 2.49582, 3600, 3600, 0, 0), -- Naxxramas Military Sub-Boss Trigger
(@CGUID+639, 16137, 533, 2669.58, -3428.86, 268.646, 1.37881, 3600, 3600, 0, 0), -- Naxxramas Military Sub-Boss Trigger
(@CGUID+640, 16137, 533, 2700.27, -3322.35, 267.768, 3.52556, 3600, 3600, 0, 0), -- Naxxramas Military Sub-Boss Trigger
(@CGUID+641, 16137, 533, 2643.73, -3399.68, 284.183, 6.0912, 3600, 3600, 0, 0), -- Naxxramas Military Sub-Boss Trigger
(@CGUID+642, 16137, 533, 2664.87, -3340.75, 267.767, 5.93412, 3600, 3600, 0, 0), -- Naxxramas Military Sub-Boss Trigger
(@CGUID+643, 16137, 533, 2725.82, -3309.57, 267.769, 2.82743, 3600, 3600, 0, 0), -- Naxxramas Military Sub-Boss Trigger
(@CGUID+644, 16137, 533, 2643.73, -3321.73, 284.233, 6.19592, 3600, 3600, 0, 0), -- Naxxramas Military Sub-Boss Trigger
(@CGUID+645, 16145, 533, 2923.5, -3363.32, 298.32, 5.77, 3520, 3520, 0, 0), -- Deathknight Captain
(@CGUID+646, 16145, 533, 2936.02, -3350.4, 298.32, 5.28, 3520, 3520, 0, 0), -- Deathknight Captain
(@CGUID+647, 16145, 533, 2881.37, -3306.94, 298.32, 5.41, 3520, 3520, 0, 0), -- Deathknight Captain
(@CGUID+648, 16145, 533, 2874.52, -3244.96, 298.33, 4.71, 3520, 3520, 0, 0), -- Deathknight Captain
(@CGUID+649, 16145, 533, 2879.33, -3244.43, 298.33, 4.73, 3520, 3520, 0, 0), -- Deathknight Captain
(@CGUID+650, 16145, 533, 2871.87, -3275.17, 298.31, 4.71, 3520, 3520, 0, 2), -- Deathknight Captain
(@CGUID+651, 16145, 533, 2867.81, -3275.33, 298.3, 4.75, 3520, 3520, 0, 0), -- Deathknight Captain
(@CGUID+652, 16145, 533, 2880.29, -3206.22, 298.33, 2.68, 3520, 3520, 0, 0), -- Deathknight Captain
(@CGUID+653, 16145, 533, 2834.1, -3205.78, 298.236, 4.373, 3520, 3520, 0, 0), -- Deathknight Captain
(@CGUID+654, 16145, 533, 2853.61, -3185.35, 298.15, 0.127, 3520, 3520, 0, 0), -- Deathknight Captain
(@CGUID+655, 16145, 533, 2819.95, -3161.58, 298.145, 1.62, 3520, 3520, 0, 0), -- Deathknight Captain
(@CGUID+656, 16145, 533, 2793.21, -3165.56, 298.33, 0.17, 3520, 3520, 0, 0), -- Deathknight Captain
(@CGUID+657, 16145, 533, 2797.249755859375, -3396.836181640625, 267.768554687500000, 2.076941728591918945, 3520, 3520, 0, 0), -- Deathknight Captain
(@CGUID+658, 16146, 533, 2924.34, -3383, 299.18, 0.77, 3520, 3520, 0, 0), -- Deathknight
(@CGUID+659, 16146, 533, 2956.29, -3351.25, 299.18, 3.9, 3520, 3520, 0, 0), -- Deathknight
(@CGUID+660, 16146, 533, 2883.29, -3249.09, 298.33, 4.75, 3520, 3520, 0, 0), -- Deathknight
(@CGUID+661, 16146, 533, 2870.98, -3249.05, 298.33, 4.73, 3520, 3520, 0, 0), -- Deathknight
(@CGUID+662, 16146, 533, 2881.58, -3314.07, 298.32, 0.58, 3520, 3520, 0, 0), -- Deathknight
(@CGUID+663, 16146, 533, 2872.37, -3201.92, 298.33, 5.84, 3520, 3520, 0, 2), -- Deathknight
(@CGUID+664, 16146, 533, 2829.24, -3208.36, 298.254, 4, 3520, 3520, 0, 2), -- Deathknight
(@CGUID+665, 16146, 533, 2836.87, -3213.74, 298.257, 4.211, 3520, 3520, 0, 0), -- Deathknight
(@CGUID+666, 16146, 533, 2857.77, -3180.22, 298.152, 0, 3520, 3520, 0, 2), -- Deathknight
(@CGUID+667, 16146, 533, 2858.52, -3187.77, 298.152, 6.189, 3520, 3520, 0, 0), -- Deathknight
(@CGUID+668, 16146, 533, 2814.28, -3155.78, 298.146, 1.536, 3520, 3520, 0, 0), -- Deathknight
(@CGUID+669, 16146, 533, 2825.4, -3156.5, 298.146, 1.479, 3520, 3520, 0, 2), -- Deathknight
(@CGUID+670, 16146, 533, 2886.359619140625,  -3218.305419921875, 298.157318115234375, 0, 3600, 3600, 0, 0), -- Deathknight
(@CGUID+671, 16146, 533, 2799.63, -3164.42, 298.33, 3.5, 3520, 3520, 0, 2), -- Deathknight
(@CGUID+672, 16154, 533, 2958.77, -3356.05, 298.31, 3.94, 3520, 3520, 0, 0), -- Risen Deathknight
(@CGUID+673, 16154, 533, 2951.66, -3348.27, 298.31, 4.03, 3520, 3520, 0, 0), -- Risen Deathknight
(@CGUID+674, 16154, 533, 2922.28, -3378.29, 298.31, 0.78, 3520, 3520, 0, 0), -- Risen Deathknight
(@CGUID+675, 16154, 533, 2928.1, -3385.22, 298.31, 0.8, 3520, 3520, 0, 0), -- Risen Deathknight
(@CGUID+676, 16145, 533, 2790.882324218750, -3403.023437500000, 267.768920898437500, 2.460914134979248046, 3520, 3520, 0, 0), -- Deathknight Captain
(@CGUID+677, 16165, 533, 2792.800292968750, -3397.559814453125, 267.768585205078125, 2.373647689819335937, 3520, 3520, 0, 0), -- Necro Knight
(@CGUID+678, 16165, 533, 2797.113769531250, -3392.165527343750, 267.768493652343750, 1.884955525398254394, 3520, 3520, 0, 0), -- Necro Knight
(@CGUID+679, 16156, 533, 2887.81, -3315.24, 298.32, 2.19, 3520, 3520, 0, 0), -- Dark Touched Warrior
(@CGUID+680, 16156, 533, 2872.29, -3210, 298.33, 0.97, 3520, 3520, 0, 0), -- Dark Touched Warrior
(@CGUID+681, 16157, 533, 2792.61, -3170.52, 298.33, 0.96, 3520, 3520, 0, 0), -- Doom Touched Warrior
(@CGUID+682, 16158, 533, 2888.83, -3308.23, 298.32, 3.84, 3520, 3520, 0, 0), -- Death Touched Warrior
(@CGUID+683, 16158, 533, 2879.88, -3198.33, 298.33, 4.04, 3520, 3520, 0, 0), -- Death Touched Warrior
(@CGUID+684, 16158, 533, 2889.359619140625,  -3221.305419921875, 298.157318115234375, 0, 3600, 3600, 0, 0), -- Death Touched Warrior
(@CGUID+685, 16158, 533, 2883.359619140625,  -3215.305419921875, 298.157318115234375, 0, 3600, 3600, 0, 0), -- Death Touched Warrior
(@CGUID+686, 16158, 533, 2799.42, -3159.93, 298.33, 3.85, 3520, 3520, 0, 0), -- Death Touched Warrior
-- 687 - 697
(@CGUID+698, 16163, 533, 2804.359863281250, -3190.487792968750, 273.943084716796875, 0, 3600, 3600, 0, 0), -- Deathknight Cavalier
(@CGUID+699, 16163, 533, 2808.359863281250, -3194.487792968750, 273.943084716796875, 0, 3600, 3600, 0, 0), -- Deathknight Cavalier
(@CGUID+700, 16163, 533, 2931.502929687500, -3195.188964843750, 273.55731201171875, 0, 3600, 3600, 0, 0), -- Deathknight Cavalier
(@CGUID+701, 16163, 533, 2917.502929687500, -3181.188964843750, 273.55731201171875, 0, 3600, 3600, 0, 0), -- Deathknight Cavalier
(@CGUID+702, 16163, 533, 2787.387939453125, -3287.190917968750, 267.757324218750000, 0, 3600, 3600, 0, 0), -- Deathknight Cavalier
(@CGUID+703, 16163, 533, 2783.387939453125, -3283.190917968750, 267.757324218750000, 0, 3600, 3600, 0, 0), -- Deathknight Cavalier
(@CGUID+704, 16164, 533, 2948.145996093750, -3374.96630859375, 298.157318115234375, 0, 3600, 3600, 0, 0), -- Shade of Naxxramas
(@CGUID+705, 16164, 533, 2903.97, -3293.77, 298.73, 3.96, 3520, 3520, 0, 2), -- Shade of Naxxramas
(@CGUID+706, 16164, 533, 2847.2, -3263.39, 298.27, 5.43, 3520, 3520, 0, 0), -- Shade of Naxxramas
(@CGUID+707, 16164, 533, 2837.08, -3273.82, 298.27, 5.57, 3520, 3520, 0, 0), -- Shade of Naxxramas
(@CGUID+708, 16164, 533, 2786.36, -3271.89, 267.99, 2.57, 3520, 3520, 0, 0), -- Shade of Naxxramas
(@CGUID+709, 16165, 533, 2951.145996093750, -3377.96630859375, 298.157318115234375, 0, 3600, 3600, 0, 0), -- Necro Knight
(@CGUID+710, 16165, 533, 2945.145996093750, -3371.96630859375, 298.157318115234375, 0, 3600, 3600, 0, 0), -- Necro Knight
(@CGUID+711, 16165, 533, 2840.57, -3267.43, 299.13, 5.44, 3520, 3520, 0, 0), -- Necro Knight
(@CGUID+712, 16165, 533, 2784.77, -3276.68, 267.99, 2.58, 3520, 3520, 0, 0), -- Necro Knight
(@CGUID+713, 16165, 533, 2789.26, -3267.53, 267.99, 2.73, 3520, 3520, 0, 0), -- Necro Knight
(@CGUID+714, 16167, 533, 2835.76, -3331.32, 299.364, 4.84961, 3520, 3520, 0, 2), -- Bony Construct
(@CGUID+715, 16167, 533, 2837.3, -3333.04, 300.45, 2.96, 3520, 3520, 0, 0), -- Bony Construct
(@CGUID+716, 16167, 533, 2829.71, -3322.54, 300.01, 2.2, 3520, 3520, 0, 0), -- Bony Construct
(@CGUID+717, 16167, 533, 2829.27, -3314.37, 299.31, 1.52, 3520, 3520, 0, 0), -- Bony Construct
(@CGUID+718, 16167, 533, 2845.06, -3296.36, 298.124, 5.63452, 3520, 3520, 0, 2), -- Bony Construct
(@CGUID+719, 16168, 533, 2840.63, -3479.6, 297.95, 5.02655, 3600, 3600, 0, 0), -- Stoneskin Gargoyle
(@CGUID+720, 16168, 533, 2840.73, -3499.91, 297.94, 1.25664, 3600, 3600, 0, 0), -- Stoneskin Gargoyle
(@CGUID+721, 16168, 533, 2733.12, -3490.58, 262.15, 0.017994, 3600, 3600, 0, 2), -- Stoneskin Gargoyle
(@CGUID+722, 16168, 533, 2866.62, -3472.71, 297.696, 4.89532, 3600, 3600, 0, 2), -- Stoneskin Gargoyle
(@CGUID+723, 16168, 533, 2808.59, -3482.06, 286.13, 4.64, 3520, 3520, 0, 0), -- Stoneskin Gargoyle
(@CGUID+724, 16168, 533, 2809.14, -3497.45, 286.14, 1.47, 3520, 3520, 0, 0), -- Stoneskin Gargoyle
(@CGUID+725, 16168, 533, 2777.77, -3482.43, 274.119, 4.69494, 3600, 3600, 0, 0), -- Stoneskin Gargoyle
(@CGUID+726, 16168, 533, 2777.72, -3497.58, 274.118, 1.5708, 3600, 3600, 0, 0), -- Stoneskin Gargoyle
(@CGUID+727, 16193, 533, 2908.99, -3276.91, 298.229, 1.58825, 3520, 3520, 0, 0), -- Skeletal Smith
(@CGUID+728, 16193, 533, 2920.97, -3290.25, 298.229, 0.820305, 3520, 3520, 0, 0), -- Skeletal Smith
(@CGUID+729, 16193, 533, 2910.94, -3290.13, 298.547, 2.43248, 3520, 3520, 0, 2), -- Skeletal Smith
(@CGUID+730, 16193, 533, 2882.14, -3275.98, 298.141, 3.75233, 3520, 3520, 0, 2), -- Skeletal Smith
-- 731 - 736
(@CGUID+737, 16211, 533, 2784.04, -3086.38, 267.768, 3.92699, 3600, 3600, 0, 0), -- Naxxramas Combat Dummy
(@CGUID+738, 16211, 533, 2835.89, -3215.61, 298.344, 1.01229, 3600, 3600, 0, 0), -- Naxxramas Combat Dummy
(@CGUID+739, 16211, 533, 2756.07, -3113.2, 267.768, 0.890118, 3600, 3600, 0, 0), -- Naxxramas Combat Dummy
(@CGUID+740, 16211, 533, 2814.28, -3154.13, 298.229, 4.76475, 3600, 3600, 0, 0), -- Naxxramas Combat Dummy
(@CGUID+741, 16211, 533, 2779.97, -3115.92, 267.768, 2.16421, 3600, 3600, 0, 0), -- Naxxramas Combat Dummy
(@CGUID+742, 16211, 533, 2860.08, -3187.86, 298.234, 3.08923, 3600, 3600, 0, 0), -- Naxxramas Combat Dummy
(@CGUID+743, 16211, 533, 2760.84, -3082.67, 267.768, 5.25344, 3600, 3600, 0, 0), -- Naxxramas Combat Dummy
(@CGUID+744, 16211, 533, 2825.51, -3154.79, 298.229, 4.5204, 3600, 3600, 0, 0), -- Naxxramas Combat Dummy
(@CGUID+745, 16211, 533, 2844.48, -3157.53, 298.233, 4.2237, 3600, 3600, 0, 0), -- Naxxramas Combat Dummy
(@CGUID+746, 16211, 533, 2827.83, -3209.98, 298.344, 0.994838, 3600, 3600, 0, 0), -- Naxxramas Combat Dummy
(@CGUID+747, 16211, 533, 2851.85, -3162.62, 298.236, 4.08407, 3600, 3600, 0, 0), -- Naxxramas Combat Dummy
(@CGUID+748, 16211, 533, 2859.65, -3180.16, 298.237, 3.24631, 3600, 3600, 0, 0), -- Naxxramas Combat Dummy
-- 749 - 758
(@CGUID+759, 16218, 533, 3487.76, -2911.2, 319.406, 3.90954, 120, 120, 0, 0), -- Tesla Coil
(@CGUID+760, 16218, 533, 3527.81, -2952.38, 319.326, 3.90954, 120, 120, 0, 0), -- Tesla Coil
(@CGUID+761, 16236, 533, 2761.28, -3765.37, 275.08, 1.24, 46, 46, 0, 0), -- Eye Stalk
(@CGUID+762, 16236, 533, 2770.17, -3782.11, 275.08, 1.33, 46, 46, 0, 0), -- Eye Stalk
(@CGUID+763, 16236, 533, 2798.11, -3788.94, 275.08, 2.35, 46, 46, 0, 0), -- Eye Stalk
(@CGUID+764, 16236, 533, 2797.91, -3776.86, 275.08, 2.25, 46, 46, 0, 0), -- Eye Stalk
(@CGUID+765, 16236, 533, 2792.06, -3762.52, 275.08, 2.9, 46, 46, 0, 0), -- Eye Stalk
(@CGUID+766, 16236, 533, 2789.87, -3752.15, 275.08, 2.74, 46, 46, 0, 0), -- Eye Stalk
(@CGUID+767, 16236, 533, 2804.21, -3757.96, 275.08, 3.9, 46, 46, 0, 0), -- Eye Stalk
(@CGUID+768, 16236, 533, 2821.16, -3759.75, 275.08, 4.47, 46, 46, 0, 0), -- Eye Stalk
(@CGUID+769, 16236, 533, 2834.64, -3751.23, 275.08, 4.27, 46, 46, 0, 0), -- Eye Stalk
(@CGUID+770, 16236, 533, 2843.54, -3768.08, 275.08, 3.06, 46, 46, 0, 0), -- Eye Stalk
(@CGUID+771, 16236, 533, 2862.4, -3758.3, 275.08, 4.8, 46, 46, 0, 0), -- Eye Stalk
(@CGUID+772, 16236, 533, 2877.8, -3762.46, 275.08, 4.8, 46, 46, 0, 0), -- Eye Stalk
(@CGUID+773, 16236, 533, 2894.11, -3757.89, 275.08, 4.56, 46, 46, 0, 0), -- Eye Stalk
(@CGUID+774, 16236, 533, 2895.25, -3779.5, 275.08, 2.4, 46, 46, 0, 0), -- Eye Stalk
(@CGUID+775, 16236, 533, 2881.59, -3782.22, 275.08, 2.79, 46, 46, 0, 0), -- Eye Stalk
(@CGUID+776, 16236, 533, 2867.2, -3778.21, 275.08, 3.01, 46, 46, 0, 0), -- Eye Stalk
(@CGUID+777, 16236, 533, 2851.39, -3776.54, 275.08, 2.69, 46, 46, 0, 0), -- Eye Stalk
(@CGUID+778, 16236, 533, 2846.16, -3789.13, 275.08, 1.79, 46, 46, 0, 0), -- Eye Stalk
(@CGUID+779, 16236, 533, 2830.09, -3776.49, 275.08, 0.94, 46, 46, 0, 0), -- Eye Stalk
(@CGUID+780, 16236, 533, 2813.34, -3780.97, 275.08, 1.84, 46, 46, 0, 0), -- Eye Stalk
(@CGUID+781, 16243, 533, 2936.26, -3517.2, 297.738, 1.51844, 3600, 3600, 0, 0), -- Plague Slime
(@CGUID+782, 16243, 533, 2897.14, -3489.76, 297.95, 3.87463, 3600, 3600, 0, 0), -- Plague Slime
(@CGUID+783, 16243, 533, 2929.95, -3527.9, 297.837, 2.21657, 3600, 3600, 0, 0), -- Plague Slime
(@CGUID+784, 16243, 533, 2885.54, -3477.04, 297.705, 3.7001, 3600, 3600, 0, 0), -- Plague Slime
(@CGUID+785, 16243, 533, 2871.92, -3540.69, 297.699, 0.837758, 3600, 3600, 0, 0), -- Plague Slime
(@CGUID+786, 16243, 533, 2878.47, -3556.36, 297.945, 0.279253, 3600, 3600, 0, 0), -- Plague Slime
(@CGUID+787, 16244, 533, 2932.04, -3521.47, 297.423, 2.58309, 3600, 3600, 0, 0), -- Infectious Ghoul
(@CGUID+788, 16244, 533, 2931.75, -3513.61, 297.806, 2.25148, 3600, 3600, 0, 0), -- Infectious Ghoul
(@CGUID+789, 16244, 533, 2939.56, -3513.23, 297.712, 1.06465, 3600, 3600, 0, 0), -- Infectious Ghoul
(@CGUID+790, 16244, 533, 2894.23, -3474.81, 297.718, 3.735, 3600, 3600, 0, 0), -- Infectious Ghoul
(@CGUID+791, 16244, 533, 2899.31, -3481.33, 297.949, 3.66519, 3600, 3600, 0, 0), -- Infectious Ghoul
(@CGUID+792, 16244, 533, 2888.01, -3486.66, 297.704, 3.92699, 3600, 3600, 0, 0), -- Infectious Ghoul
(@CGUID+793, 16244, 533, 2875.72, -3547.32, 297.698, 0.925025, 3600, 3600, 0, 0), -- Infectious Ghoul
(@CGUID+794, 16244, 533, 2866.23, -3547.93, 297.947, 0.418879, 3600, 3600, 0, 0), -- Infectious Ghoul
(@CGUID+795, 16244, 533, 2868.36, -3555.31, 297.945, 1.22173, 3600, 3600, 0, 0), -- Infectious Ghoul
(@CGUID+796, 16297, 533, 2689.72, -3579.8, 261.325, 1.16002, 300, 300, 5, 1), -- Mutated Grub
(@CGUID+797, 16297, 533, 2678.7, -3570.48, 261.942, 0.559949, 300, 300, 5, 1), -- Mutated Grub
(@CGUID+798, 16297, 533, 2834.19, -3590.74, 257.507, 0.899536, 300, 300, 5, 1), -- Mutated Grub
(@CGUID+799, 16297, 533, 2877.33, -3583.54, 267.709, 1.26936, 300, 300, 5, 1), -- Mutated Grub
(@CGUID+800, 16297, 533, 2839.15, -3615.11, 260.451, 4.99164, 300, 300, 5, 1), -- Mutated Grub
(@CGUID+801, 16297, 533, 2873.48, -3605.54, 267.333, 2.25662, 300, 300, 5, 1), -- Mutated Grub
(@CGUID+802, 16297, 533, 2841.54, -3686.11, 278.137, 2.89634, 300, 300, 5, 1), -- Mutated Grub
(@CGUID+803, 16297, 533, 2859.83, -3683.38, 279.276, 2.39133, 300, 300, 5, 1), -- Mutated Grub
(@CGUID+804, 16297, 533, 2785.11, -3584.64, 253.637, 4.39514, 300, 300, 5, 1), -- Mutated Grub
(@CGUID+805, 16297, 533, 2712.69, -3607.78, 260.632, 3.05397, 300, 300, 5, 1), -- Mutated Grub
(@CGUID+806, 16297, 533, 2734.75, -3603.47, 258.694, 2.35058, 300, 300, 5, 1), -- Mutated Grub
(@CGUID+807, 16297, 533, 2763.86, -3577.34, 255.752, 3.29754, 300, 300, 5, 1), -- Mutated Grub
(@CGUID+808, 16297, 533, 2900.05, -3687.16, 284.876, 4.7435, 300, 300, 5, 1), -- Mutated Grub
(@CGUID+809, 16297, 533, 2887.59, -3669.02, 279.186, 5.70202, 300, 300, 5, 1), -- Mutated Grub
(@CGUID+810, 16365, 533, 2853.57, -3251.69, 298.21, 5.19, 3520, 3520, 0, 0), -- Master Craftsman Omarion
(@CGUID+811, 16368, 533, 3161.811523437500, -2998.779785156250, 267.676269531250000, 1.553343057632446289, 7200, 7200, 0, 0), -- Necropolis Acolyte
(@CGUID+812, 16368, 533, 3161.584228515625, -2972.727539062500, 267.676269531250000, 4.625122547149658203, 7200, 7200, 0, 0), -- Necropolis Acolyte
(@CGUID+813, 16368, 533, 3249.030273437500, -2997.852539062500, 294.743957519531250, 1.483529806137084960, 7200, 7200, 0, 0), -- Necropolis Acolyte
(@CGUID+814, 16368, 533, 3249.227294921875, -2973.185302734375, 294.743957519531250, 4.729842185974121093, 7200, 7200, 0, 0), -- Necropolis Acolyte
(@CGUID+815, 16368, 533, 3440.961914062500, -3278.083251953125, 267.676269531250000, 0.191986218094825744, 7200, 7200, 0, 0), -- Necropolis Acolyte
(@CGUID+816, 16368, 533, 3466.036865234375, -3278.485351562500, 267.676269531250000, 3.159045934677124023, 7200, 7200, 0, 0), -- Necropolis Acolyte
(@CGUID+817, 16368, 533, 3441.716064453125, -3190.039306640625, 294.744018554687500, 5.986479282379150390, 7200, 7200, 0, 0), -- Necropolis Acolyte
(@CGUID+818, 16368, 533, 3465.508300781250, -3190.188720703125, 294.744018554687500, 3.106686115264892578, 7200, 7200, 0, 0), -- Necropolis Acolyte
(@CGUID+819, 16368, 533, 3402.059570312500, -3094.938720703125, 294.744018554687500, 0.942477762699127197, 7200, 7200, 0, 0), -- Necropolis Acolyte
(@CGUID+820, 16368, 533, 3419.479248046875, -3077.156738281250, 294.744018554687500, 3.839724302291870117, 7200, 7200, 0, 0), -- Necropolis Acolyte
(@CGUID+821, 16368, 533, 3344.866210937500, -3037.781738281250, 294.743988037109375, 0.645771801471710205, 7200, 7200, 0, 0), -- Necropolis Acolyte
(@CGUID+822, 16368, 533, 3362.133300781250, -3020.304199218750, 294.743957519531250, 3.944444179534912109, 7200, 7200, 0, 0), -- Necropolis Acolyte
(@CGUID+823, 16368, 533, 2665.391113281250, -3831.214355468750, 294.743988037109375, 3.926990747451782226, 7200, 7200, 0, 0), -- Necropolis Acolyte
(@CGUID+824, 16368, 533, 2648.414062500000, -3848.368164062500, 294.743988037109375, 0.820304751396179199, 7200, 7200, 0, 0), -- Necropolis Acolyte
(@CGUID+825, 16368, 533, 2849.740478515625, -3871.155761718750, 267.676300048828125, 4.764749050140380859, 7200, 7200, 0, 0), -- Necropolis Acolyte
(@CGUID+826, 16368, 533, 2848.857421875000, -3894.521728515625, 267.676300048828125, 1.274090290069580078, 7200, 7200, 0, 0), -- Necropolis Acolyte
(@CGUID+827, 16368, 533, 2760.704345703125, -3895.102783203125, 294.743988037109375, 1.937315464019775390, 7200, 7200, 0, 0), -- Necropolis Acolyte
(@CGUID+828, 16368, 533, 2760.968261718750, -3870.855468750000, 294.743988037109375, 4.869468688964843750, 7200, 7200, 0, 0), -- Necropolis Acolyte
(@CGUID+829, 16368, 533, 2608.416503906250, -3774.445800781250, 294.744018554687500, 4.293509960174560546, 7200, 7200, 0, 0), -- Necropolis Acolyte
(@CGUID+830, 16368, 533, 2591.302978515625, -3790.905029296875, 294.743988037109375, 0.558505356311798095, 7200, 7200, 0, 0), -- Necropolis Acolyte
(@CGUID+831, 16368, 533, 2567.567871093750, -3590.977294921875, 267.676300048828125, 3.106686115264892578, 7200, 7200, 0, 0), -- Necropolis Acolyte
(@CGUID+832, 16368, 533, 2544.917236328125, -3590.687255859375, 267.676300048828125, 0.314159274101257324, 7200, 7200, 0, 0), -- Necropolis Acolyte
(@CGUID+833, 16368, 533, 2567.899414062500, -3678.336425781250, 294.744110107421875, 3.124139308929443359, 7200, 7200, 0, 0), -- Necropolis Acolyte
(@CGUID+834, 16368, 533, 2544.717041015625, -3678.273437500000, 294.743988037109375, 3.228859186172485351, 7200, 7200, 0, 0), -- Necropolis Acolyte
(@CGUID+835, 16368, 533, 3344.085937500000, -3831.181884765625, 294.744018554687500, 5.619960308074951171, 7200, 7200, 0, 0), -- Necropolis Acolyte
(@CGUID+836, 16368, 533, 3361.554199218750, -3847.953125000000, 294.744018554687500, 2.443460941314697265, 7200, 7200, 0, 0), -- Necropolis Acolyte
(@CGUID+837, 16368, 533, 3401.809326171875, -3774.640136718750, 294.744018554687500, 5.393067359924316406, 7200, 7200, 0, 0), -- Necropolis Acolyte
(@CGUID+838, 16368, 533, 3418.958251953125, -3791.600830078125, 294.744018554687500, 2.443460941314697265, 7200, 7200, 0, 0), -- Necropolis Acolyte
(@CGUID+839, 16368, 533, 3441.680664062500, -3678.185302734375, 294.743988037109375, 6.195918560028076171, 7200, 7200, 0, 0), -- Necropolis Acolyte
(@CGUID+840, 16368, 533, 3465.963623046875, -3678.803955078125, 294.744018554687500, 3.298672199249267578, 7200, 7200, 0, 0), -- Necropolis Acolyte
(@CGUID+841, 16368, 533, 3161.618164062500, -3870.631103515625, 267.676330566406250, 4.468042850494384765, 7200, 7200, 0, 0), -- Necropolis Acolyte
(@CGUID+842, 16368, 533, 3161.540283203125, -3894.722167968750, 267.676300048828125, 1.762782573699951171, 7200, 7200, 0, 0), -- Necropolis Acolyte
(@CGUID+843, 16381, 533, 3005.77, -3486.86, 299.73, 1.62, 3520, 3520, 0, 0), -- Archmage Tarsis Kir-Moldir
(@CGUID+844, 16400, 533, 3174.119, -3267.95, 316.7845, 0.760995, 3600, 3600, 0, 2), -- Toxic Tunnel
(@CGUID+845, 16400, 533, 3190.628, -3252.565, 315.5675, 0.742117, 3600, 3600, 0, 2), -- Toxic Tunnel
(@CGUID+846, 16400, 533, 3209.847, -3232.841, 315.5579, 0.783571, 3600, 3600, 0, 2), -- Toxic Tunnel
(@CGUID+847, 16400, 533, 3223.018, -3218.725, 316.3707, 0.825181, 3600, 3600, 0, 2), -- Toxic Tunnel
(@CGUID+848, 16400, 533, 3244.748, -3198.743, 317.3647, 3.91208, 3600, 3600, 0, 2), -- Toxic Tunnel
(@CGUID+849, 16400, 533, 3208.167, -3234.595, 315.4565, 3.95566, 3600, 3600, 0, 2), -- Toxic Tunnel
(@CGUID+850, 16400, 533, 3246.763, -3193.856, 317.3067, 3.83134, 3600, 3600, 0, 2), -- Toxic Tunnel
(@CGUID+857, 16447, 533, 3106.93, -3914.09, 267.594, 3.20331, 3520, 3520, 0, 0), -- Plagued Ghoul
(@CGUID+858, 16447, 533, 3106.67, -3910.21, 267.594, 3.53318, 3520, 3520, 0, 0), -- Plagued Ghoul
(@CGUID+859, 16447, 533, 3100.49, -3911.09, 267.594, 3.08786, 3520, 3520, 0, 2), -- Plagued Ghoul
(@CGUID+860, 16447, 533, 3100.27, -3915.21, 267.594, 3.08786, 3520, 3520, 0, 0), -- Plagued Ghoul
(@CGUID+861, 16447, 533, 3286.14, -3887.51, 294.66, 1.60221, 3520, 3520, 0, 0), -- Plagued Ghoul
(@CGUID+862, 16447, 533, 3281.92, -3887.01, 294.66, 1.80249, 3520, 3520, 0, 0), -- Plagued Ghoul
(@CGUID+863, 16447, 533, 3281.23, -3882.03, 294.66, 1.36973, 3520, 3520, 0, 0), -- Plagued Ghoul
(@CGUID+864, 16447, 533, 3285.97, -3882.85, 294.66, 1.62106, 3520, 3520, 0, 2), -- Plagued Ghoul
(@CGUID+865, 16447, 533, 3475.74, -3750.32, 294.66, 4.25686, 3520, 3520, 0, 0), -- Plagued Ghoul
(@CGUID+866, 16447, 533, 3479.1, -3751.97, 294.66, 4.25686, 3520, 3520, 0, 0), -- Plagued Ghoul
(@CGUID+867, 16447, 533, 3477, -3756.19, 294.66, 4.1689, 3520, 3520, 0, 0), -- Plagued Ghoul
(@CGUID+868, 16447, 533, 3473.84, -3754.28, 294.66, 4.1689, 3520, 3520, 0, 2), -- Plagued Ghoul
(@CGUID+869, 16447, 533, 3425.76, -3537.69, 267.594, 1.9773, 3520, 3520, 0, 0), -- Plagued Ghoul
(@CGUID+870, 16447, 533, 3429.05, -3537.64, 267.594, 1.9553, 3520, 3520, 0, 0), -- Plagued Ghoul
(@CGUID+871, 16447, 533, 3428.26, -3532.98, 267.594, 1.65685, 3520, 3520, 0, 2), -- Plagued Ghoul
(@CGUID+872, 16447, 533, 3424.03, -3532.38, 267.594, 1.65685, 3520, 3520, 0, 0), -- Plagued Ghoul
(@CGUID+873, 16447, 533, 2581.59, -3339.19, 267.594, 4.70766, 3520, 3520, 0, 2), -- Plagued Ghoul
(@CGUID+874, 16447, 533, 2584.99, -3339.21, 267.604, 4.70766, 3520, 3520, 0, 0), -- Plagued Ghoul
(@CGUID+875, 16447, 533, 2578.69, -3334.62, 267.604, 4.93566, 3520, 3520, 0, 0), -- Plagued Ghoul
(@CGUID+876, 16447, 533, 2581.03, -3334.71, 267.604, 4.84466, 3520, 3520, 0, 0), -- Plagued Ghoul
(@CGUID+877, 16447, 533, 2530.77, -3338.58, 267.604, 4.58066, 3520, 3520, 0, 2), -- Plagued Ghoul
(@CGUID+878, 16447, 533, 2527.65, -3338.24, 267.604, 4.60266, 3520, 3520, 0, 0), -- Plagued Ghoul
(@CGUID+879, 16447, 533, 2528.64, -3333.91, 267.604, 4.60266, 3520, 3520, 0, 0), -- Plagued Ghoul
(@CGUID+880, 16447, 533, 2531.55, -3335.07, 267.604, 4.60266, 3520, 3520, 0, 0), -- Plagued Ghoul
(@CGUID+881, 16447, 533, 2581.83, -3128.81, 240.526, 4.637, 3520, 3520, 0, 2), -- Plagued Ghoul
(@CGUID+882, 16447, 533, 2585.23, -3128.83, 240.536, 4.637, 3520, 3520, 0, 0), -- Plagued Ghoul
(@CGUID+883, 16447, 533, 2578.93, -3124.24, 240.536, 4.865, 3520, 3520, 0, 0), -- Plagued Ghoul
(@CGUID+884, 16447, 533, 2581.27, -3124.33, 240.536, 4.774, 3520, 3520, 0, 0), -- Plagued Ghoul
(@CGUID+885, 16447, 533, 2531.01, -3128.2, 240.536, 4.51, 3520, 3520, 0, 2), -- Plagued Ghoul
(@CGUID+886, 16447, 533, 2527.89, -3127.86, 240.536, 4.532, 3520, 3520, 0, 0), -- Plagued Ghoul
(@CGUID+887, 16447, 533, 2528.88, -3123.53, 240.536, 4.532, 3520, 3520, 0, 0), -- Plagued Ghoul
(@CGUID+888, 16447, 533, 2531.79, -3124.69, 240.536, 4.532, 3520, 3520, 0, 0), -- Plagued Ghoul
(@CGUID+889, 16447, 533, 2725.36, -2985.58, 240.526, 4.7438, 3520, 3520, 0, 2), -- Plagued Ghoul
(@CGUID+890, 16447, 533, 2728.76, -2985.6, 240.536, 4.7438, 3520, 3520, 0, 0), -- Plagued Ghoul
(@CGUID+891, 16447, 533, 2722.47, -2981.01, 240.536, 4.9718, 3520, 3520, 0, 0), -- Plagued Ghoul
(@CGUID+892, 16447, 533, 2724.8, -2981.1, 240.536, 4.8808, 3520, 3520, 0, 0), -- Plagued Ghoul
(@CGUID+893, 16447, 533, 2674.54, -2984.97, 240.536, 4.6168, 3520, 3520, 0, 2), -- Plagued Ghoul
(@CGUID+894, 16447, 533, 2671.43, -2984.63, 240.536, 4.6388, 3520, 3520, 0, 0), -- Plagued Ghoul
(@CGUID+895, 16447, 533, 2672.42, -2980.3, 240.536, 4.6388, 3520, 3520, 0, 0), -- Plagued Ghoul
(@CGUID+896, 16447, 533, 2675.32, -2981.46, 240.536, 4.6388, 3520, 3520, 0, 0), -- Plagued Ghoul
(@CGUID+897, 16447, 533, 2935.14, -2985.83, 267.594, 4.75792, 3520, 3520, 0, 2), -- Plagued Ghoul
(@CGUID+898, 16447, 533, 2938.54, -2985.85, 267.604, 4.75792, 3520, 3520, 0, 0), -- Plagued Ghoul
(@CGUID+899, 16447, 533, 2932.24, -2981.26, 267.604, 4.98592, 3520, 3520, 0, 0), -- Plagued Ghoul
(@CGUID+900, 16447, 533, 2934.58, -2981.35, 267.604, 4.89492, 3520, 3520, 0, 0), -- Plagued Ghoul
(@CGUID+901, 16447, 533, 2884.32, -2985.22, 267.604, 4.63092, 3520, 3520, 0, 2), -- Plagued Ghoul
(@CGUID+902, 16447, 533, 2881.2, -2984.88, 267.604, 4.65292, 3520, 3520, 0, 0), -- Plagued Ghoul
(@CGUID+903, 16447, 533, 2882.19, -2980.55, 267.604, 4.65292, 3520, 3520, 0, 0), -- Plagued Ghoul
(@CGUID+904, 16447, 533, 2885.1, -2981.71, 267.604, 4.65292, 3520, 3520, 0, 0), -- Plagued Ghoul
(@CGUID+905, 16447, 533, 3478.92, -3338.88, 267.594, 4.7137, 3520, 3520, 0, 2), -- Plagued Ghoul
(@CGUID+906, 16447, 533, 3482.32, -3338.9, 267.604, 4.7137, 3520, 3520, 0, 0), -- Plagued Ghoul
(@CGUID+907, 16447, 533, 3476.02, -3334.31, 267.604, 4.9417, 3520, 3520, 0, 0), -- Plagued Ghoul
(@CGUID+908, 16447, 533, 3478.36, -3334.4, 267.604, 4.8507, 3520, 3520, 0, 0), -- Plagued Ghoul
(@CGUID+909, 16447, 533, 3428.1, -3338.27, 267.604, 4.5867, 3520, 3520, 0, 2), -- Plagued Ghoul
(@CGUID+910, 16447, 533, 3424.98, -3337.93, 267.604, 4.6087, 3520, 3520, 0, 0), -- Plagued Ghoul
(@CGUID+911, 16447, 533, 3425.97, -3333.6, 267.604, 4.6087, 3520, 3520, 0, 0), -- Plagued Ghoul
(@CGUID+912, 16447, 533, 3428.88, -3334.76, 267.604, 4.6087, 3520, 3520, 0, 0), -- Plagued Ghoul
(@CGUID+913, 16447, 533, 3479.12, -3128.97, 294.661, 4.74, 3520, 3520, 0, 2), -- Plagued Ghoul
(@CGUID+914, 16447, 533, 3482.52, -3128.99, 294.671, 4.74, 3520, 3520, 0, 0), -- Plagued Ghoul
(@CGUID+915, 16447, 533, 3476.22, -3124.4, 294.671, 4.968, 3520, 3520, 0, 0), -- Plagued Ghoul
(@CGUID+916, 16447, 533, 3478.56, -3124.49, 294.671, 4.877, 3520, 3520, 0, 0), -- Plagued Ghoul
(@CGUID+917, 16447, 533, 3428.3, -3128.36, 294.671, 4.613, 3520, 3520, 0, 2), -- Plagued Ghoul
(@CGUID+918, 16447, 533, 3425.18, -3128.02, 294.671, 4.635, 3520, 3520, 0, 0), -- Plagued Ghoul
(@CGUID+919, 16447, 533, 3426.17, -3123.69, 294.671, 4.635, 3520, 3520, 0, 0), -- Plagued Ghoul
(@CGUID+920, 16447, 533, 3429.08, -3124.85, 294.671, 4.635, 3520, 3520, 0, 0), -- Plagued Ghoul
(@CGUID+921, 16447, 533, 3335.93, -2990.19, 294.662, 4.6992, 3520, 3520, 0, 2), -- Plagued Ghoul
(@CGUID+922, 16447, 533, 3339.33, -2990.21, 294.672, 4.6992, 3520, 3520, 0, 0), -- Plagued Ghoul
(@CGUID+923, 16447, 533, 3333.03, -2985.62, 294.672, 4.9272, 3520, 3520, 0, 0), -- Plagued Ghoul
(@CGUID+924, 16447, 533, 3335.37, -2985.71, 294.672, 4.8362, 3520, 3520, 0, 0), -- Plagued Ghoul
(@CGUID+925, 16447, 533, 3285.11, -2989.58, 294.672, 4.5722, 3520, 3520, 0, 2), -- Plagued Ghoul
(@CGUID+926, 16447, 533, 3281.99, -2989.24, 294.672, 4.5942, 3520, 3520, 0, 0), -- Plagued Ghoul
(@CGUID+927, 16447, 533, 3282.98, -2984.91, 294.672, 4.5942, 3520, 3520, 0, 0), -- Plagued Ghoul
(@CGUID+928, 16447, 533, 3285.89, -2986.07, 294.672, 4.5942, 3520, 3520, 0, 0), -- Plagued Ghoul
(@CGUID+929, 16447, 533, 3128.28, -2985.7, 267.593, 4.7047, 3520, 3520, 0, 2), -- Plagued Ghoul
(@CGUID+930, 16447, 533, 3131.68, -2985.72, 267.603, 4.7047, 3520, 3520, 0, 0), -- Plagued Ghoul
(@CGUID+931, 16447, 533, 3125.38, -2981.13, 267.603, 4.9327, 3520, 3520, 0, 0), -- Plagued Ghoul
(@CGUID+932, 16447, 533, 3127.72, -2981.22, 267.603, 4.8417, 3520, 3520, 0, 0), -- Plagued Ghoul
(@CGUID+933, 16447, 533, 3077.46, -2985.09, 267.603, 4.5777, 3520, 3520, 0, 2), -- Plagued Ghoul
(@CGUID+934, 16447, 533, 3074.34, -2984.75, 267.603, 4.5997, 3520, 3520, 0, 0), -- Plagued Ghoul
(@CGUID+935, 16447, 533, 3075.33, -2980.42, 267.603, 4.5997, 3520, 3520, 0, 0), -- Plagued Ghoul
(@CGUID+936, 16447, 533, 3078.24, -2981.58, 267.603, 4.5997, 3520, 3520, 0, 0), -- Plagued Ghoul
(@CGUID+937, 16447, 533, 2581.91, -3529.54, 267.594, 4.64639, 3520, 3520, 0, 2), -- Plagued Ghoul
(@CGUID+938, 16447, 533, 2585.31, -3529.56, 267.604, 4.64639, 3520, 3520, 0, 0), -- Plagued Ghoul
(@CGUID+939, 16447, 533, 2579.01, -3524.97, 267.604, 4.87439, 3520, 3520, 0, 0), -- Plagued Ghoul
(@CGUID+940, 16447, 533, 2581.35, -3525.06, 267.604, 4.78339, 3520, 3520, 0, 0), -- Plagued Ghoul
(@CGUID+941, 16447, 533, 2531.09, -3528.93, 267.604, 4.51939, 3520, 3520, 0, 2), -- Plagued Ghoul
(@CGUID+942, 16447, 533, 2527.97, -3528.59, 267.604, 4.54139, 3520, 3520, 0, 0), -- Plagued Ghoul
(@CGUID+943, 16447, 533, 2528.96, -3524.26, 267.604, 4.54139, 3520, 3520, 0, 0), -- Plagued Ghoul
(@CGUID+944, 16447, 533, 2531.87, -3525.42, 267.604, 4.54139, 3520, 3520, 0, 0), -- Plagued Ghoul
(@CGUID+945, 16447, 533, 2725.65, -3883.05, 294.662, 4.725, 3520, 3520, 0, 2), -- Plagued Ghoul
(@CGUID+946, 16447, 533, 2729.05, -3883.07, 294.672, 4.725, 3520, 3520, 0, 0), -- Plagued Ghoul
(@CGUID+947, 16447, 533, 2722.75, -3878.48, 294.672, 4.953, 3520, 3520, 0, 0), -- Plagued Ghoul
(@CGUID+948, 16447, 533, 2725.09, -3878.57, 294.672, 4.862, 3520, 3520, 0, 0), -- Plagued Ghoul
(@CGUID+949, 16447, 533, 2674.83, -3882.44, 294.672, 4.598, 3520, 3520, 0, 2), -- Plagued Ghoul
(@CGUID+950, 16447, 533, 2671.71, -3882.1, 294.672, 4.62, 3520, 3520, 0, 0), -- Plagued Ghoul
(@CGUID+951, 16447, 533, 2672.7, -3877.77, 294.672, 4.62, 3520, 3520, 0, 0), -- Plagued Ghoul
(@CGUID+952, 16447, 533, 2675.61, -3878.93, 294.672, 4.62, 3520, 3520, 0, 0), -- Plagued Ghoul
(@CGUID+953, 16447, 533, 2582.46, -3739.29, 294.661, 4.6661, 3520, 3520, 0, 2), -- Plagued Ghoul
(@CGUID+954, 16447, 533, 2585.85, -3739.31, 294.671, 4.6661, 3520, 3520, 0, 0), -- Plagued Ghoul
(@CGUID+955, 16447, 533, 2579.55, -3734.73, 294.671, 4.8941, 3520, 3520, 0, 0), -- Plagued Ghoul
(@CGUID+956, 16447, 533, 2581.9, -3734.81, 294.671, 4.8031, 3520, 3520, 0, 0), -- Plagued Ghoul
(@CGUID+957, 16447, 533, 2531.64, -3738.69, 294.671, 4.5391, 3520, 3520, 0, 2), -- Plagued Ghoul
(@CGUID+958, 16447, 533, 2528.51, -3738.34, 294.671, 4.5611, 3520, 3520, 0, 0), -- Plagued Ghoul
(@CGUID+959, 16447, 533, 2529.5, -3734.01, 294.671, 4.5611, 3520, 3520, 0, 0), -- Plagued Ghoul
(@CGUID+960, 16447, 533, 2532.42, -3735.18, 294.671, 4.5611, 3520, 3520, 0, 0), -- Plagued Ghoul
(@CGUID+961, 16447, 533, 2933.09, -3883.06, 268.132, 4.74064, 3520, 3520, 0, 2), -- Plagued Ghoul
(@CGUID+962, 16447, 533, 2936.49, -3883.08, 268.142, 4.74064, 3520, 3520, 0, 0), -- Plagued Ghoul
(@CGUID+963, 16447, 533, 2930.19, -3878.49, 268.142, 4.96864, 3520, 3520, 0, 0), -- Plagued Ghoul
(@CGUID+964, 16447, 533, 2932.53, -3878.58, 268.142, 4.87764, 3520, 3520, 0, 0), -- Plagued Ghoul
(@CGUID+965, 16447, 533, 2882.27, -3882.45, 268.142, 4.61364, 3520, 3520, 0, 2), -- Plagued Ghoul
(@CGUID+966, 16447, 533, 2879.15, -3882.11, 268.142, 4.63564, 3520, 3520, 0, 0), -- Plagued Ghoul
(@CGUID+967, 16447, 533, 2880.14, -3877.78, 268.142, 4.63564, 3520, 3520, 0, 0), -- Plagued Ghoul
(@CGUID+968, 16447, 533, 2883.05, -3878.94, 268.142, 4.63564, 3520, 3520, 0, 0), -- Plagued Ghoul
(@CGUID+969, 16448, 533, 2556.550292968750, -3559.207275390625, 267.676300048828125, 1.658062815666198730, 7200, 7200, 0, 0), -- Plagued Deathhound
(@CGUID+970, 16448, 533, 2548.400390625000, -3571.593750000000, 267.676300048828125, 4.066617012023925781, 7200, 7200, 0, 0), -- Plagued Deathhound
(@CGUID+971, 16448, 533, 2565.075439453125, -3571.760253906250, 267.676300048828125, 5.340707302093505859, 7200, 7200, 0, 0), -- Plagued Deathhound
(@CGUID+972, 16448, 533, 2677.190185546875, -3007.871826171875, 240.608581542968750, 4.014257431030273437, 7200, 7200, 0, 0), -- Plagued Deathhound
(@CGUID+973, 16448, 533, 2666.925292968750, -3002.332275390625, 240.608581542968750, 4.136430263519287109, 7200, 7200, 0, 0), -- Plagued Deathhound
(@CGUID+974, 16448, 533, 2681.067626953125, -3018.242675781250, 240.608581542968750, 3.857177734375000000, 7200, 7200, 0, 0), -- Plagued Deathhound
(@CGUID+975, 16449, 533, 3101.95, -3883.86, 267.594, 3.08786, 3520, 3520, 5, 1), -- Spirit of Naxxramas
(@CGUID+976, 16449, 533, 3453.53, -3739.18, 294.662, 1.97259, 3520, 3520, 5, 1), -- Spirit of Naxxramas
(@CGUID+977, 16449, 533, 3310, -3882.32, 294.662, 4.73124, 3520, 3520, 5, 1), -- Spirit of Naxxramas
(@CGUID+978, 16449, 533, 3453.54, -3530.66, 267.594, 1.9985, 3520, 3520, 5, 1), -- Spirit of Naxxramas
(@CGUID+979, 16449, 533, 2556.06, -3338.6, 267.604, 4.70766, 3520, 3520, 5, 1), -- Spirit of Naxxramas
(@CGUID+980, 16449, 533, 2556.3, -3128.22, 240.536, 4.637, 3520, 3520, 5, 1), -- Spirit of Naxxramas
(@CGUID+981, 16449, 533, 2699.83, -2984.99, 240.536, 4.7438, 3520, 3520, 5, 1), -- Spirit of Naxxramas
(@CGUID+982, 16449, 533, 2909.61, -2985.24, 267.604, 4.75792, 3520, 3520, 5, 1), -- Spirit of Naxxramas
(@CGUID+983, 16449, 533, 3453.39, -3338.29, 267.604, 4.7137, 3520, 3520, 5, 1), -- Spirit of Naxxramas
(@CGUID+984, 16449, 533, 3453.59, -3128.38, 294.671, 4.74, 3520, 3520, 5, 1), -- Spirit of Naxxramas
(@CGUID+985, 16449, 533, 3310.4, -2989.6, 294.672, 4.6992, 3520, 3520, 5, 1), -- Spirit of Naxxramas
(@CGUID+986, 16449, 533, 3102.75, -2985.11, 267.603, 4.7047, 3520, 3520, 5, 1), -- Spirit of Naxxramas
(@CGUID+987, 16449, 533, 2556.38, -3528.95, 267.604, 4.64639, 3520, 3520, 5, 1), -- Spirit of Naxxramas
(@CGUID+988, 16449, 533, 2700.12, -3882.46, 294.672, 4.725, 3520, 3520, 5, 1), -- Spirit of Naxxramas
(@CGUID+989, 16449, 533, 2556.93, -3738.71, 294.671, 4.6661, 3520, 3520, 5, 1), -- Spirit of Naxxramas
(@CGUID+990, 16451, 533, 2556.662597656250, -3500.704345703125, 267.749969482421875, 0, 3600, 3600, 0, 0), -- Deathknight Vindicator
(@CGUID+991, 16452, 533, 2561.662597656250, -3505.704345703125, 267.749969482421875, 0, 3600, 3600, 0, 0), -- Necro Knight Guardian
(@CGUID+992, 16452, 533, 2551.662597656250, -3495.704345703125, 267.749969482421875, 0, 3600, 3600, 0, 0), -- Necro Knight Guardian
(@CGUID+993, 16451, 533, 2878.69189453125, -3883.065185546875, 268.040863037109375, 0, 3600, 3600, 0, 0), -- Deathknight Vindicator
(@CGUID+994, 16452, 533, 2873.69189453125, -3888.065185546875, 268.040863037109375, 0, 3600, 3600, 0, 0), -- Necro Knight Guardian
(@CGUID+995, 16452, 533, 2883.69189453125, -3878.065185546875, 268.040863037109375, 0, 3600, 3600, 0, 0), -- Necro Knight Guardian
(@CGUID+996, 16451, 533, 3100.569580078125, -2985.923339843750, 267.757354736328125, 0, 3600, 3600, 0, 0), -- Deathknight Vindicator
(@CGUID+997, 16452, 533, 3105.569580078125, -2990.923339843750, 267.757354736328125, 0, 3600, 3600, 0, 0), -- Necro Knight Guardian
(@CGUID+998, 16452, 533, 3095.569580078125, -2980.923339843750, 267.757354736328125, 0, 3600, 3600, 0, 0), -- Necro Knight Guardian
(@CGUID+999, 16451, 533, 3453.608886718750, -3336.375732421875, 267.757324218750000, 0, 3600, 3600, 0, 0), -- Deathknight Vindicator
(@CGUID+1000, 16452, 533, 3458.608886718750, -3341.375732421875, 267.757324218750000, 0, 3600, 3600, 0, 0), -- Necro Knight Guardian
(@CGUID+1001, 16452, 533, 3448.608886718750, -3331.375732421875, 267.757324218750000, 0, 3600, 3600, 0, 0), -- Necro Knight Guardian
(@CGUID+1002, 16451, 533, 2894.091552734375, -2985.539306640625, 267.7573242187500000, 0, 3600, 3600, 0, 0), -- Deathknight Vindicator
(@CGUID+1003, 16452, 533, 2899.091552734375, -2990.539306640625, 267.7573242187500000, 0, 3600, 3600, 0, 0), -- Necro Knight Guardian
(@CGUID+1004, 16452, 533, 2889.091552734375, -2980.539306640625, 267.7573242187500000, 0, 3600, 3600, 0, 0), -- Necro Knight Guardian
(@CGUID+1005, 16451, 533, 2556.705322265625, -3334.408447265625, 267.7499694824218750, 0, 3600, 3600, 0, 0), -- Deathknight Vindicator
(@CGUID+1006, 16452, 533, 2551.705322265625, -3339.408447265625, 267.7499694824218750, 0, 3600, 3600, 0, 0), -- Necro Knight Guardian
(@CGUID+1007, 16452, 533, 2561.705322265625, -3329.408447265625, 267.7499694824218750, 0, 3600, 3600, 0, 0), -- Necro Knight Guardian
-- (@CGUID+1008
(@CGUID+1009, 15976, 533, 3194.840, -3476.157, 287.1500, 5.550147, 3520, 3520, 3, 1), -- Venom Stalker
(@CGUID+1010, 16453, 533, 3215.6711, -3742.4246, 284.37460, 2.167236804962158203, 7200, 7200, 0, 2), -- Necro Stalker
(@CGUID+1011, 16453, 533, 3215.6711, -3742.4246, 284.37460, 2.175009489059448242, 7200, 7200, 0, 0), -- Necro Stalker
(@CGUID+1012, 16453, 533, 3232.1443, -3779.0760, 273.24118, 2.175732612609863281, 7200, 7200, 0, 2), -- Necro Stalker
(@CGUID+1013, 16453, 533, 3232.1443, -3779.0760, 273.24118, 2.121353149414062500, 7200, 7200, 0, 0), -- Necro Stalker
(@CGUID+1014, 16453, 533, 3452.4333, -3503.1145, 267.75732, 4.698267936706542968, 7200, 7200, 0, 2), -- Necro Stalker
(@CGUID+1015, 16453, 533, 3452.4333, -3503.1145, 267.75732, 4.740263938903808593, 7200, 7200, 0, 0), -- Necro Stalker
(@CGUID+1016, 16453, 533, 3101.4229, -3882.5283, 267.67370, 0.608579635620117187, 7200, 7200, 0, 2), -- Necro Stalker
(@CGUID+1017, 16453, 533, 3101.4229, -3882.5283, 267.67370, 6.273565769195556640, 7200, 7200, 0, 0), -- Necro Stalker
(@CGUID+1018, 16505, 533, 3360.754150390625, -3619.665283203125, 261.080047607421875, 4.433136463165283203, 3520, 3520, 0, 0), -- Naxxramas Follower
(@CGUID+1019, 16505, 533, 3346.330566406250, -3617.492919921875, 261.080047607421875, 4.799655437469482421, 3520, 3520, 0, 0), -- Naxxramas Follower
(@CGUID+1020, 16506, 533, 3350.258789062500, -3619.110351562500, 261.080047607421875, 4.677482128143310546, 3520, 3520, 0, 0), -- Naxxramas Worshipper
(@CGUID+1021, 16506, 533, 3342.447509765625, -3618.664306640625, 261.080047607421875, 5.183627605438232421, 3520, 3520, 0, 0), -- Naxxramas Worshipper
(@CGUID+1022, 16506, 533, 3356.713134765625, -3620.045410156250, 261.080047607421875, 4.572762489318847656, 3520, 3520, 0, 0), -- Naxxramas Worshipper
(@CGUID+1023, 16506, 533, 3363.995117187500, -3622.051513671875, 261.079071044921875, 4.572762489318847656, 3520, 3520, 0, 0), -- Naxxramas Worshipper
(@CGUID+1024, 16573, 533, 3291.26, -3502.08, 287.26, 2.14, 3520, 3520, 0, 0), -- Crypt Guard
(@CGUID+1025, 16573, 533, 3285.29, -3446.64, 287.26, 4.2, 3520, 3520, 0, 0), -- Crypt Guard
(@CGUID+1026, 16803, 533, 2762.05, -3085.6, 267.86, 2.03, 4224, 4224, 0, 0), -- Deathknight Understudy
(@CGUID+1027, 16803, 533, 2782.45, -3088.03, 267.86, 1.18, 4224, 4224, 0, 0), -- Deathknight Understudy
(@CGUID+1028, 16803, 533, 2778.56, -3113.74, 267.86, 5.12, 4224, 4224, 0, 0), -- Deathknight Understudy
(@CGUID+1029, 16803, 533, 2758.28, -3111.99, 267.86, 4.22, 4224, 4224, 0, 0), -- Deathknight Understudy
(@CGUID+1030, 16861, 533, 2924.502929687500, -3188.188964843750, 273.55731201171875, 0, 3600, 3600, 0, 0), -- Death Lord
(@CGUID+1031, 16980, 533, 3762.38, -5115.86, 143.938, 0.191986, 300, 300, 0, 0), -- The Lich King
(@CGUID+1032, 16998, 533, 3007.709, -3432.561, 293.9755, 1.632283, 3600, 3600, 0, 2), -- Mr. Bigglesworth
(@CGUID+1033, 17286, 533, 3489.61, -3839.83, 322, 1.53865, 3600, 3600, 0, 0), -- Invisible Man
(@CGUID+1034, 17286, 533, 3507.45, -3838.96, 322, 1.5198, 3600, 3600, 0, 0), -- Invisible Man
(@CGUID+1035, 17286, 533, 3526.49, -3842.83, 322, 1.04228, 3600, 3600, 0, 0), -- Invisible Man
(@CGUID+1036, 17286, 533, 3541.51, -3852.34, 322, 0.602457, 3600, 3600, 0, 0), -- Invisible Man
(@CGUID+1037, 17286, 533, 3551.26, -3865.88, 322, 0.458729, 3600, 3600, 0, 0), -- Invisible Man
(@CGUID+1038, 17286, 533, 3558.49, -3883.9, 321.5, 0.113154, 3600, 3600, 0, 0), -- Invisible Man
(@CGUID+1039, 17293, 533, 2772.57, -3685.28, 273.749, 6.21337, 3600, 3600, 0, 0), -- Plague Wave
(@CGUID+1040, 15384, 533, 3654.74,-5093.97,143.338,6.1081,25,25, 0, 0), -- OLDWorld Trigger (DO NOT DELETE)
(@CGUID+1041, 15384, 533, 3682.58,-5054.35,143.19,2.39395,25,25, 0, 0), -- OLDWorld Trigger (DO NOT DELETE)
(@CGUID+1042, 15384, 533, 3728.49,-5043.13,143.392,4.54124,25,25, 0, 0), -- OLDWorld Trigger (DO NOT DELETE)
(@CGUID+1043, 15384, 533, 3767.32,-5073.84,143.184,0.514501,25,25, 0, 0), -- OLDWorld Trigger (DO NOT DELETE)
(@CGUID+1044, 15384, 533, 3749.48,-5158.37,143.183,5.25909,25,25, 0, 0), -- OLDWorld Trigger (DO NOT DELETE)
(@CGUID+1045, 15384, 533, 3704.3,-5169.33,143.364,4.48233,25,25, 0, 0), -- OLDWorld Trigger (DO NOT DELETE)
(@CGUID+1046, 15384, 533, 3665.75,-5140.24,143.184,3.7527,25,25, 0, 0), -- OLDWorld Trigger (DO NOT DELETE)
(@CGUID+1047, 17286, 533, 3760.57,-5173.32,143.804,1.896,25,25, 0, 0), -- Invisible Man
(@CGUID+1048, 17286, 533, 3701.34,-5180.58,143.761,4.4619,25,25, 0, 0), -- Invisible Man
(@CGUID+1049, 17286, 533, 3732.47,-5029.1,143.906,1.30774,25,25, 0, 0), -- Invisible Man
(@CGUID+1050, 17286, 533, 3782.52,-5063.37,143.774,0.560825,25,25, 0, 0), -- Invisible Man
(@CGUID+1051, 16018, 533, 3140.7144,-3302.6292,293.75735,3.18337,3520,3520, 0, 2), -- Bile Retcher
(@CGUID+1052, 16368, 533, 3249.215820312500, -3871.030029296875, 294.744018554687500, 4.590215682983398437, 7200, 7200, 0, 0), -- Necropolis Acolyte
(@CGUID+1053, 16368, 533, 3249.437500000000, -3895.482177734375, 294.744018554687500, 1.413716673851013183, 7200, 7200, 0, 0), -- Necropolis Acolyte
(@CGUID+1054, 16368, 533, 3441.985595703125, -3590.605957031250, 267.676300048828125, 6.108652114868164062, 7200, 7200, 0, 0), -- Necropolis Acolyte
(@CGUID+1055, 16368, 533, 3465.265869140625, -3590.877197265625, 267.676300048828125, 3.193952560424804687, 7200, 7200, 0, 0), -- Necropolis Acolyte
(@CGUID+1056, 16368, 533, 2848.796875000000, -2997.791992187500, 267.676300048828125, 1.256637096405029296, 7200, 7200, 0, 0), -- Necropolis Acolyte
(@CGUID+1057, 16368, 533, 2848.769531250000, -2974.112548828125, 267.676300048828125, 4.764749050140380859, 7200, 7200, 0, 0), -- Necropolis Acolyte
(@CGUID+1058, 16368, 533, 2668.037109375000, -3040.568359375000, 240.608612060546875, 2.460914134979248046, 7200, 7200, 0, 0), -- Necropolis Acolyte
(@CGUID+1059, 16368, 533, 2645.324707031250, -3017.953857421875, 240.608612060546875, 5.166174411773681640, 7200, 7200, 0, 0), -- Necropolis Acolyte
(@CGUID+1060, 16368, 533, 2760.189208984375, -2997.715087890625, 240.608581542968750, 1.343903541564941406, 7200, 7200, 0, 0), -- Necropolis Acolyte
(@CGUID+1061, 16368, 533, 2760.683105468750, -2974.071289062500, 240.608581542968750, 4.520402908325195312, 7200, 7200, 0, 0), -- Necropolis Acolyte
(@CGUID+1062, 16368, 533, 2610.767822265625, -3096.875976562500, 240.608612060546875, 2.024581909179687500, 7200, 7200, 0, 0), -- Necropolis Acolyte
(@CGUID+1063, 16368, 533, 2588.749755859375, -3073.932861328125, 240.608642578125000, 5.689773082733154296, 7200, 7200, 0, 0), -- Necropolis Acolyte
(@CGUID+1064, 16368, 533, 2568.037353515625, -3189.332031250000, 240.608581542968750, 3.071779489517211914, 7200, 7200, 0, 0), -- Necropolis Acolyte
(@CGUID+1065, 16368, 533, 2545.313476562500, -3189.538085937500, 240.608612060546875, 0.017453292384743690, 7200, 7200, 0, 0), -- Necropolis Acolyte
(@CGUID+1066, 16368, 533, 2568.516113281250, -3278.318847656250, 267.676300048828125, 3.211405754089355468, 7200, 7200, 0, 0), -- Necropolis Acolyte
(@CGUID+1067, 16368, 533, 2544.492187500000, -3278.877929687500, 267.676300048828125, 6.126105785369873046, 7200, 7200, 0, 0), -- Necropolis Acolyte
(@CGUID+1068, 16448, 533, 2733.257568359375, -2996.310302734375, 240.608581542968750, 0.226892799139022827, 7200, 7200, 0, 0), -- Plagued Deathhound
(@CGUID+1069, 16448, 533, 2730.424072265625, -2985.553710937500, 240.608581542968750, 0.052359879016876220, 7200, 7200, 0, 0), -- Plagued Deathhound
(@CGUID+1070, 16448, 533, 2733.394775390625, -2976.121093750000, 240.608581542968750, 6.108652114868164062, 7200, 7200, 0, 0), -- Plagued Deathhound
(@CGUID+1071, 16448, 533, 2873.938476562500, -2995.656250000000, 267.676269531250000, 2.897246599197387695, 7200, 7200, 0, 0), -- Plagued Deathhound
(@CGUID+1072, 16448, 533, 2876.887939453125, -2986.136718750000, 267.676269531250000, 3.159045934677124023, 7200, 7200, 0, 0), -- Plagued Deathhound
(@CGUID+1073, 16448, 533, 2872.323486328125, -2976.867675781250, 267.676269531250000, 3.351032257080078125, 7200, 7200, 0, 0), -- Plagued Deathhound
(@CGUID+1074, 16448, 533, 3444.641113281250, -3304.953125000000, 267.676269531250000, 1.448623299598693847, 7200, 7200, 0, 0), -- Plagued Deathhound
(@CGUID+1075, 16448, 533, 3453.701171875000, -3307.189697265625, 267.676269531250000, 1.623156189918518066, 7200, 7200, 0, 0), -- Plagued Deathhound
(@CGUID+1076, 16448, 533, 3448.703613281250, -3167.013183593750, 294.743988037109375, 4.625122547149658203, 7200, 7200, 0, 0), -- Plagued Deathhound
(@CGUID+1077, 16448, 533, 3461.754394531250, -3305.007080078125, 267.676269531250000, 1.675516128540039062, 7200, 7200, 0, 0), -- Plagued Deathhound
(@CGUID+1078, 16448, 533, 3137.974365234375, -2995.633300781250, 267.676239013671875, 0.261799395084381103, 7200, 7200, 0, 0), -- Plagued Deathhound
(@CGUID+1079, 16448, 533, 3133.895996093750, -2985.522949218750, 267.676239013671875, 0.034906584769487380, 7200, 7200, 0, 0), -- Plagued Deathhound
(@CGUID+1080, 16448, 533, 3139.118408203125, -2975.487304687500, 267.676239013671875, 5.934119224548339843, 7200, 7200, 0, 0), -- Plagued Deathhound
(@CGUID+1081, 16448, 533, 3279.486572265625, -2996.508789062500, 294.743927001953125, 3.019419670104980468, 7200, 7200, 0, 0), -- Plagued Deathhound
(@CGUID+1082, 16448, 533, 3283.771972656250, -2987.327880859375, 294.743927001953125, 3.124139308929443359, 7200, 7200, 0, 0), -- Plagued Deathhound
(@CGUID+1083, 16448, 533, 3280.452880859375, -2978.696533203125, 294.743927001953125, 3.124139308929443359, 7200, 7200, 0, 0), -- Plagued Deathhound
(@CGUID+1084, 16448, 533, 3329.128173828125, -3019.202392578125, 294.743927001953125, 5.375614166259765625, 7200, 7200, 0, 0), -- Plagued Deathhound
(@CGUID+1085, 16448, 533, 3332.282714843750, -3010.836425781250, 294.743927001953125, 5.585053443908691406, 7200, 7200, 0, 0), -- Plagued Deathhound
(@CGUID+1086, 16448, 533, 3340.094238281250, -3007.237304687500, 294.743927001953125, 5.567600250244140625, 7200, 7200, 0, 0), -- Plagued Deathhound
(@CGUID+1087, 16448, 533, 3429.659423828125, -3116.479003906250, 294.743988037109375, 2.862339973449707031, 7200, 7200, 0, 0), -- Plagued Deathhound
(@CGUID+1088, 16448, 533, 3436.847167968750, -3112.027832031250, 294.743988037109375, 2.426007747650146484, 7200, 7200, 0, 0), -- Plagued Deathhound
(@CGUID+1089, 16448, 533, 3442.468261718750, -3105.740722656250, 294.743988037109375, 1.972222089767456054, 7200, 7200, 0, 0), -- Plagued Deathhound
(@CGUID+1090, 16448, 533, 3455.572509765625, -3164.404052734375, 294.743988037109375, 4.729842185974121093, 7200, 7200, 0, 0), -- Plagued Deathhound
(@CGUID+1091, 16448, 533, 3462.307861328125, -3166.757080078125, 294.743988037109375, 4.939281940460205078, 7200, 7200, 0, 0), -- Plagued Deathhound
(@CGUID+1092, 16448, 533, 3453.479492187500, -3558.958251953125, 267.676300048828125, 1.675516128540039062, 7200, 7200, 0, 0), -- Plagued Deathhound
(@CGUID+1093, 16448, 533, 3446.426269531250, -3572.757324218750, 267.676300048828125, 4.101523876190185546, 7200, 7200, 0, 0), -- Plagued Deathhound
(@CGUID+1094, 16448, 533, 3463.082519531250, -3575.369140625000, 267.676300048828125, 5.288347721099853515, 7200, 7200, 0, 0), -- Plagued Deathhound
(@CGUID+1095, 16448, 533, 2564.218261718750, -3699.752685546875, 294.743988037109375, 1.064650893211364746, 7200, 7200, 0, 0), -- Plagued Deathhound
(@CGUID+1096, 16448, 533, 2549.307373046875, -3699.463623046875, 294.743988037109375, 2.111848354339599609, 7200, 7200, 0, 0), -- Plagued Deathhound
(@CGUID+1097, 16448, 533, 2556.101074218750, -3711.106445312500, 294.743988037109375, 4.677482128143310546, 7200, 7200, 0, 0), -- Plagued Deathhound
(@CGUID+1098, 16448, 533, 2589.680175781250, -3759.503906250000, 294.743988037109375, 6.056292533874511718, 7200, 7200, 0, 0), -- Plagued Deathhound
(@CGUID+1099, 16448, 533, 2575.069824218750, -3757.766113281250, 294.743988037109375, 2.373647689819335937, 7200, 7200, 0, 0), -- Plagued Deathhound
(@CGUID+1100, 16448, 533, 2576.925048828125, -3771.139892578125, 294.743988037109375, 4.939281940460205078, 7200, 7200, 0, 0), -- Plagued Deathhound
(@CGUID+1101, 16448, 533, 2681.275390625000, -3852.109375000000, 294.743988037109375, 1.919862151145935058, 7200, 7200, 0, 0), -- Plagued Deathhound
(@CGUID+1102, 16448, 533, 2668.105712890625, -3865.618408203125, 294.743988037109375, 3.089232683181762695, 7200, 7200, 0, 0), -- Plagued Deathhound
(@CGUID+1104, 16448, 533, 2679.898925781250, -3863.638916015625, 294.743988037109375, 5.462880611419677734, 7200, 7200, 0, 0), -- Plagued Deathhound
(@CGUID+1105, 16448, 533, 2731.602050781250, -3872.386718750000, 294.743988037109375, 0.104719758033752441, 7200, 7200, 0, 0), -- Plagued Deathhound
(@CGUID+1106, 16448, 533, 2726.662109375000, -3882.465332031250, 294.743988037109375, 3.211405754089355468, 7200, 7200, 0, 0), -- Plagued Deathhound
(@CGUID+1107, 16448, 533, 2733.262451171875, -3892.345947265625, 294.743988037109375, 5.986479282379150390, 7200, 7200, 0, 0), -- Plagued Deathhound
(@CGUID+1108, 16448, 533, 3453.452148437500, -3689.656738281250, 294.743988037109375, 1.518436431884765625, 7200, 7200, 0, 0), -- Plagued Deathhound
(@CGUID+1109, 16448, 533, 3446.326904296875, -3705.048583984375, 294.743988037109375, 4.223696708679199218, 7200, 7200, 0, 0), -- Plagued Deathhound
(@CGUID+1110, 16448, 533, 3460.102783203125, -3703.528564453125, 294.743988037109375, 5.689773082733154296, 7200, 7200, 0, 0), -- Plagued Deathhound
(@CGUID+1111, 16448, 533, 3422.680908203125, -3760.680908203125, 294.743988037109375, 3.490658521652221679, 7200, 7200, 0, 0), -- Plagued Deathhound
(@CGUID+1112, 16448, 533, 3431.739746093750, -3771.121582031250, 294.743988037109375, 4.555309295654296875, 7200, 7200, 0, 0), -- Plagued Deathhound
(@CGUID+1113, 16448, 533, 3433.959960937500, -3759.901123046875, 294.743988037109375, 0.837758064270019531, 7200, 7200, 0, 0), -- Plagued Deathhound
(@CGUID+1114, 16446, 533, 3427.508056640625, -3607.609130859375, 267.7573242187500000, 1.982048034667968750, 7200, 7200, 0, 0), -- Plagued Gargoyle
(@CGUID+1115, 16446, 533, 3432.960449218750, -3608.772460937500, 267.7575073242187500, 1.876400589942932128, 7200, 7200, 0, 0), -- Plagued Gargoyle
(@CGUID+1116, 16446, 533, 3460.863769531250, -3620.380371093750, 267.7618713378906250, 1.232169389724731445, 7200, 7200, 0, 0), -- Plagued Gargoyle
(@CGUID+1117, 16446, 533, 3466.380371093750, -3620.146240234375, 267.7573242187500000, 1.124722957611083984, 7200, 7200, 0, 0), -- Plagued Gargoyle
(@CGUID+1118, 16446, 533, 3449.120117187500, -3660.237548828125, 287.9573364257812500, 5.037441730499267578, 7200, 7200, 0, 0), -- Plagued Gargoyle
(@CGUID+1119, 16446, 533, 3467.940917968750, -3654.332519531250, 285.0407104492187500, 5.878227233886718750, 7200, 7200, 0, 0), -- Plagued Gargoyle
(@CGUID+1120, 16446, 533, 3438.726074218750, -3247.446289062500, 267.7573242187500000, 4.492898941040039062, 7200, 7200, 0, 0), -- Plagued Gargoyle
(@CGUID+1121, 16446, 533, 3441.822509765625, -3248.312744140625, 267.7573242187500000, 4.031082630157470703, 7200, 7200, 0, 0), -- Plagued Gargoyle
(@CGUID+1122, 16446, 533, 3469.970947265625, -3241.548583984375, 270.7057495117187500, 4.992508411407470703, 7200, 7200, 0, 0), -- Plagued Gargoyle
(@CGUID+1123, 16446, 533, 3472.529296875000, -3251.748046875000, 267.7572937011718750, 4.520774841308593750, 7200, 7200, 0, 0), -- Plagued Gargoyle
(@CGUID+1124, 16446, 533, 3171.232666015625, -3860.218261718750, 267.6736755371093750, 2.660192966461181640, 7200, 7200, 0, 0), -- Plagued Gargoyle
(@CGUID+1125, 16446, 533, 3178.833496093750, -3862.773925781250, 267.6736755371093750, 0.143859133124351501, 7200, 7200, 0, 0), -- Plagued Gargoyle
(@CGUID+1126, 16446, 533, 3171.970703125000, -3905.789550781250, 267.6730651855468750, 3.621541738510131835, 7200, 7200, 0, 0), -- Plagued Gargoyle
(@CGUID+1127, 16446, 533, 3175.968017578125, -3908.234375000000, 267.6736450195312500, 5.907628536224365234, 7200, 7200, 0, 0), -- Plagued Gargoyle
(@CGUID+1128, 16446, 533, 2820.604003906250, -3868.791503906250, 267.6736755371093750, 3.525882959365844726, 7200, 7200, 0, 0), -- Plagued Gargoyle
(@CGUID+1129, 16446, 533, 2819.037841796875, -3866.244140625000, 267.6736755371093750, 3.481252431869506835, 7200, 7200, 0, 0), -- Plagued Gargoyle
(@CGUID+1130, 16446, 533, 2815.632080078125, -3894.833496093750, 268.8989562988281250, 5.909111976623535156, 7200, 7200, 0, 0), -- Plagued Gargoyle
(@CGUID+1131, 16446, 533, 2816.195312500000, -3892.222656250000, 268.6003723144531250, 6.052358627319335937, 7200, 7200, 0, 0), -- Plagued Gargoyle
(@CGUID+1132, 16446, 533, 2574.606933593750, -3627.240478515625, 270.7876892089843750, 4.417863368988037109, 7200, 7200, 0, 0), -- Plagued Gargoyle
(@CGUID+1133, 16446, 533, 2571.219970703125, -3628.073730468750, 271.2021179199218750, 1.269839286804199218, 7200, 7200, 0, 0), -- Plagued Gargoyle
(@CGUID+1134, 16446, 533, 2572.656005859375, -3654.741210937500, 285.2485046386718750, 5.504719734191894531, 7200, 7200, 0, 0), -- Plagued Gargoyle
(@CGUID+1135, 16446, 533, 2536.555664062500, -3609.986083984375, 267.7500305175781250, 5.025801658630371093, 7200, 7200, 0, 0), -- Plagued Gargoyle
(@CGUID+1136, 16446, 533, 2536.007568359375, -3614.985351562500, 267.7500305175781250, 2.268834352493286132, 7200, 7200, 0, 0), -- Plagued Gargoyle
(@CGUID+1137, 16446, 533, 2551.160888671875, -3658.938964843750, 287.4627990722656250, 1.439067959785461425, 7200, 7200, 0, 0), -- Plagued Gargoyle
(@CGUID+1138, 16446, 533, 2573.901855468750, -3248.340820312500, 255.1729888916015625, 1.974348783493041992, 7200, 7200, 0, 0), -- Plagued Gargoyle
(@CGUID+1139, 16446, 533, 2575.574462890625, -3247.103271484375, 254.4399719238281250, 3.312374114990234375, 7200, 7200, 0, 0), -- Plagued Gargoyle
(@CGUID+1140, 16446, 533, 2774.889648437500, -3885.448730468750, 289.1737976074218750, 1.392972588539123535, 7200, 7200, 0, 0), -- Plagued Gargoyle
(@CGUID+1141, 16446, 533, 2787.708496093750, -3891.924316406250, 283.6309204101562500, 2.147107124328613281, 7200, 7200, 0, 0), -- Plagued Gargoyle
(@CGUID+1142, 16446, 533, 3173.018310546875, -3007.774902343750, 267.7573242187500000, 0.406117856502532958, 7200, 7200, 0, 0), -- Plagued Gargoyle
(@CGUID+1143, 16446, 533, 3177.434082031250, -3007.737548828125, 267.7573242187500000, 3.854564189910888671, 7200, 7200, 0, 0), -- Plagued Gargoyle
(@CGUID+1144, 16446, 533, 3232.228759765625, -2984.381591796875, 287.9573364257812500, 5.992957592010498046, 7200, 7200, 0, 0), -- Plagued Gargoyle
(@CGUID+1145, 16446, 533, 3226.602050781250, -2978.869140625000, 285.7376708984375000, 2.429990291595458984, 7200, 7200, 0, 0), -- Plagued Gargoyle
(@CGUID+1146, 16446, 533, 3450.658447265625, -3202.307617187500, 290.2595825195312500, 1.883154034614562988, 7200, 7200, 0, 0), -- Plagued Gargoyle
(@CGUID+1147, 16446, 533, 3459.567138671875, -3209.240478515625, 287.7729187011718750, 3.305605411529541015, 7200, 7200, 0, 0), -- Plagued Gargoyle
(@CGUID+1148, 16446, 533, 3173.238281250000, -2967.004882812500, 267.7572937011718750, 5.902455806732177734, 7200, 7200, 0, 0), -- Plagued Gargoyle
(@CGUID+1149, 16446, 533, 3177.030517578125, -2965.291503906250, 267.7572021484375000, 5.902420997619628906, 7200, 7200, 0, 0), -- Plagued Gargoyle
(@CGUID+1150, 16446, 533, 2834.380371093750, -2985.182617187500, 262.1628112792968750, 6.248426437377929687, 7200, 7200, 0, 0), -- Plagued Gargoyle
(@CGUID+1151, 16446, 533, 2798.514160156250, -3000.051513671875, 244.1915893554687500, 0.346304506063461303, 7200, 7200, 0, 0), -- Plagued Gargoyle
(@CGUID+1152, 16446, 533, 2827.944580078125, -2984.227539062500, 259.6288757324218750, 4.383066177368164062, 7200, 7200, 0, 0), -- Plagued Gargoyle
(@CGUID+1153, 16446, 533, 2788.319091796875, -3005.067626953125, 240.5572967529296875, 0.702425301074981689, 7200, 7200, 0, 0), -- Plagued Gargoyle
(@CGUID+1154, 16446, 533, 2806.552978515625, -2973.364746093750, 248.4248199462890625, 6.046481132507324218, 7200, 7200, 0, 0), -- Plagued Gargoyle
(@CGUID+1155, 16446, 533, 2803.068359375000, -2968.684570312500, 246.6065673828125000, 4.007706642150878906, 7200, 7200, 0, 0), -- Plagued Gargoyle
(@CGUID+1156, 16446, 533, 2536.435058593750, -3207.024658203125, 240.5500183105468750, 5.244814872741699218, 7200, 7200, 0, 0), -- Plagued Gargoyle
(@CGUID+1157, 16446, 533, 2536.124023437500, -3205.715576171875, 240.5500183105468750, 0.057934690266847610, 7200, 7200, 0, 0), -- Plagued Gargoyle
(@CGUID+1158, 16163, 533, 2852.171142578125, -3139.29736328125, 273.88720703125, 3.124139308929443359, 7200, 7200, 0, 0), -- Deathknight Cavalier
(@CGUID+1159, 0, 533, 2847.039306640625, -3136.507080078125, 273.892791748046875, 6.091198921203613281, 7200, 7200, 0, 0), -- creature_spawn_entry
(@CGUID+1160, 0, 533, 2849.515625, -3144.970458984375, 273.875885009765625, 0.802851438522338867, 7200, 7200, 0, 0), -- creature_spawn_entry
(@CGUID+1161, 0, 533, 2853.455810546875, -3132.310546875, 273.88067626953125, 5.113814830780029296, 7200, 7200, 0, 0), -- creature_spawn_entry
(@CGUID+1162, 16163, 533, 2805.091796875, -3140.47705078125, 273.851898193359375, 5.550147056579589843, 7200, 7200, 0, 0), -- Deathknight Cavalier
(@CGUID+1163, 0, 533, 2814.35107421875, -3141.518798828125, 273.882781982421875, 3.124139308929443359, 7200, 7200, 0, 0), -- creature_spawn_entry
(@CGUID+1164, 0, 533, 2800.921142578125, -3146.39892578125, 273.865020751953125, 1.518436431884765625, 7200, 7200, 0, 0), -- creature_spawn_entry
(@CGUID+1165, 0, 533, 2806.185791015625, -3131.4609375, 273.861968994140625, 4.660028934478759765, 7200, 7200, 0, 0), -- creature_spawn_entry
(@CGUID+1166, 16163, 533, 2793.19921875, -3166.492431640625, 273.870361328125, 0.087266460061073303, 7200, 7200, 0, 0), -- Deathknight Cavalier
(@CGUID+1167, 0, 533, 2800.69482421875, -3165.990966796875, 273.870361328125, 3.281219005584716796, 7200, 7200, 0, 0), -- creature_spawn_entry
(@CGUID+1168, 0, 533, 2792.158935546875, -3173.482177734375, 273.870361328125, 1.954768776893615722, 7200, 7200, 0, 0), -- creature_spawn_entry
(@CGUID+1169, 0, 533, 2791.761962890625, -3159.798583984375, 273.870361328125, 5.131268024444580078, 7200, 7200, 0, 0), -- creature_spawn_entry
(@CGUID+1170, 17231, 533, 2801.12, -3535.08, 250.242, 2.26893, 7200, 7200, 0, 0), -- Garden Gas
(@CGUID+1171, 17231, 533, 2798.66, -3525.69, 250.242, 3.82227, 7200, 7200, 0, 0), -- Garden Gas
(@CGUID+1172, 17231, 533, 2794.29, -3536.64, 250.242, 1.41372, 7200, 7200, 0, 0), -- Garden Gas
(@CGUID+1173, 17231, 533, 2789.92, -3525.28, 250.242, 5.63741, 7200, 7200, 0, 0), -- Garden Gas
(@CGUID+1174, 17231, 533, 2787.71, -3534.53, 250.242, 0.593412, 7200, 7200, 0, 0), -- Garden Gas
-- 1175 - 1179
(@CGUID+1180, 0, 533, 2703.593505859375, -3125.864257812500, 267.664825439453125, 3.603964805603027343, 3600, 3600, 0, 0), -- Unholy Axe
(@CGUID+1181, 0, 533, 2708.325439453125, -3125.344238281250, 267.671936035156250, 3.981256008148193359, 3600, 3600, 0, 0), -- Unholy Axe
(@CGUID+1190, 0, 533, 2723.022216796875, -3146.948974609375, 267.605346679687500, 5.339632987976074218, 3600, 3600, 0, 0), -- Unholy Staff
(@CGUID+1191, 0, 533, 2726.493408203125, -3145.663574218750, 267.605377197265625, 5.009094715118408203, 3600, 3600, 0, 0), -- Unholy Staff
(@CGUID+1200, 0, 533, 2685.284912109375, -3142.566650390625, 267.605316162109375, 4.182968139648437500, 3600, 3600, 0, 0), -- Unholy Staff
(@CGUID+1201, 0, 533, 2688.031250000000, -3141.565673828125, 267.605346679687500, 4.672229290008544921, 3600, 3600, 0, 0), -- Unholy Staff
(@CGUID+1210, 0, 533, 2708.768310546875, -3254.219726562500, 267.724792480468750, 0.509434401988983154, 3600, 3600, 0, 0), -- Unholy Sword
(@CGUID+1211, 0, 533, 2712.292724609375, -3256.134033203125, 267.736816406250000, 1.857965826988220214, 3600, 3600, 0, 0), -- Unholy Sword
(@CGUID+1220, 0, 533, 2712.696533203125, -3180.114501953125, 267.605346679687500, 1.692969322204589843, 3600, 3600, 0, 0), -- Unholy Axe / Unholy Staff / Unholy Sword
(@CGUID+1221, 0, 533, 2708.128173828125, -3174.645751953125, 267.605377197265625, 0.418879032135009765, 3600, 3600, 0, 0), -- Unholy Axe / Unholy Staff / Unholy Sword
(@CGUID+1230, 0, 533, 2691.037841796875, -3216.548339843750, 267.605346679687500, 0.942477762699127197, 3600, 3600, 0, 0), -- Unholy Axe / Unholy Staff / Unholy Sword
(@CGUID+1231, 0, 533, 2681.253417968750, -3215.827148437500, 267.611175537109375, 5.462880611419677734, 3600, 3600, 0, 0), -- Unholy Axe / Unholy Staff / Unholy Sword
(@CGUID+1240, 0, 533, 2734.565185546875, -3221.584960937500, 267.623352050781250, 2.007128715515136718, 3600, 3600, 0, 0), -- Unholy Axe / Unholy Staff / Unholy Sword
(@CGUID+1241, 0, 533, 2724.368896484375, -3219.945556640625, 267.605346679687500, 0.261799395084381103, 3600, 3600, 0, 0), -- Unholy Axe / Unholy Staff / Unholy Sword
(@CGUID+1250, 0, 533, 2707.620605468750, -3244.264648437500, 267.682312011718750, 1.378810048103332519, 3600, 3600, 0, 0), -- Unholy Axe / Unholy Staff / Unholy Sword
(@CGUID+1251, 0, 533, 2703.685791015625, -3240.635986328125, 267.669219970703125, 1.780235767364501953, 3600, 3600, 0, 0), -- Unholy Axe / Unholy Staff / Unholy Sword
(@CGUID+1260, 16067, 533, 2873.461425781250, -3153.622558593750, 273.870330810546875, 4.729842185974121093, 3600, 3600, 0, 0), -- Skeletal Steed
(@CGUID+1261, 16067, 533, 2877.218017578125, -3152.824951171875, 273.870330810546875, 4.590215682983398437, 3600, 3600, 0, 0), -- Skeletal Steed
(@CGUID+1270, 16067, 533, 2919.608154296875, -3152.116455078125, 273.870330810546875, 4.677482128143310546, 3600, 3600, 0, 0), -- Skeletal Steed
(@CGUID+1271, 16067, 533, 2915.901123046875, -3152.209716796875, 273.870330810546875, 4.747295379638671875, 3600, 3600, 0, 0), -- Skeletal Steed
(@CGUID+1280, 16067, 533, 2952.199462890625, -3171.946289062500, 273.870361328125000, 3.263765573501586914, 3600, 3600, 0, 0), -- Skeletal Steed
(@CGUID+1281, 16067, 533, 2954.086181640625, -3174.159667968750, 273.870330810546875, 3.246312379837036132, 3600, 3600, 0, 0), -- Skeletal Steed
(@CGUID+1290, 16067, 533, 2953.114257812500, -3199.987792968750, 273.870330810546875, 3.089232683181762695, 3600, 3600, 0, 0), -- Skeletal Steed
(@CGUID+1291, 16067, 533, 2951.799804687500, -3203.397705078125, 273.870330810546875, 3.071779489517211914, 3600, 3600, 0, 0); -- Skeletal Steed

-- ===========
-- GAMEOBJECTS
-- ===========

INSERT INTO `gameobject` (`guid`, `id`, `map`, `position_x`, `position_y`, `position_z`, `orientation`, `rotation0`, `rotation1`, `rotation2`, `rotation3`, `spawntimesecsmin`, `spawntimesecsmax`) VALUES
(@OGUID+1, 175369, 533, 3185.48, -4039.1, 107.792, 3.12412, 0, 0, 0.999962, 0.00873622, 180, 180), -- Elders' Square Service Entrance
(@OGUID+2, 175370, 533, 3271.52, -4064.31, 108.435, -2.8536, 0, 0, -0.989651, 0.143497, 180, 180), -- Doodad_SmallPortcullis05
(@OGUID+3, 181119, 533, 2587.96, -3017.17, 241.304, 3.14159, 0, 0, -1, 0, 25, 25), -- Deathknight Door
(@OGUID+4, 181120, 533, 3339.16, -3100.64, 296.813, 3.14159, 0, 0, -1, 0, 180, 180), -- Gluth - Exit Door
(@OGUID+5, 181121, 533, 3421.86, -3017.51, 295.615, 3.14159, 0, 0, -1, 0, 180, 180), -- Thaddius Door
(@OGUID+6, 181123, 533, 3317.97, -3254.35, 293.346, -1.5708, 0, 0, -0.707107, 0.707107, 180, 180), -- Patchwork - Exit Door
(@OGUID+7, 181124, 533, 2750.49, -3384.36, 267.341, 0, 0, 0, 0, 1, 180, 180), -- Vaccuum - Enter Gate
(@OGUID+8, 181125, 533, 2633.84, -3336.82, 267.084, 0, 0, 0, 0, 1, 180, 180), -- Vaccuum - Exit Gate
(@OGUID+9, 181126, 533, 3202.67, -3475.94, 287.034, 3.14159, 0, 0, -1, 0, 180, 180), -- Anub'Rekhan Door
(@OGUID+10, 181168, 533, 2924.01, -3286.47, 305.366, -2.35619, 0, 0, -0.92388, 0.382683, 180, 180), -- Icebellow Furnace
(@OGUID+11, 181169, 533, 2907.85, -3270.72, 305.366, -2.35619, 0, 0, -0.92388, 0.382683, 180, 180), -- Icebellow Furnace
(@OGUID+12, 181170, 533, 2692.07, -3360.78, 267.504, 3.14159, 0, 0, -1, 0, 180, 180), -- Vaccuum - Combat Gate
(@OGUID+13, 181195, 533, 3143.96, -3572.22, 287.097, 2.35619, 0, 0, 0.923879, 0.382686, 180, 180), -- Anub'Rekhan Gate
(@OGUID+14, 181197, 533, 3452.74, -3863.67, 308.341, 3.14159, 0, 0, -1, 0, 180, 180), -- Maexxna - Inner Web Door
(@OGUID+15, 181198, 533, 2963.16, -3476.83, 297.596, -2.35619, 0, 0, -0.92388, 0.382683, 180, 180), -- Doodad_Nox_door_slime01
(@OGUID+16, 181199, 533, 2847.43, -3489.47, 297.839, 3.14159, 0, 0, -1, 0, 180, 180), -- Doodad_Nox_door_slime02
(@OGUID+17, 181200, 533, 2737.66, -3489.72, 262.095, 3.14159, 0, 0, -1, 0, 180, 180), -- Noth - Entry Door
(@OGUID+18, 181201, 533, 2684.28, -3559.36, 261.913, 1.5708, 0, 0, 0.707107, 0.707107, 180, 180), -- Noth - Exit Door
(@OGUID+19, 181202, 533, 2822.93, -3685.3, 273.541, 3.14159, 0, 0, -1, 0, 180, 180), -- Heigan the Unclean - Entry Door
(@OGUID+20, 181203, 533, 2771.5, -3737.34, 273.596, -1.5708, 0, 0, -0.707107, 0.707107, 180, 180), -- Heigan the Unclean - Exit Door
(@OGUID+21, 181209, 533, 3427.56, -3846.01, 310.369, 0.001245, 0, 0, 0.000622749, 1, 180, 180), -- Maexxna - Outer Web Door
(@OGUID+22, 181210, 533, 2991.71, -3420.18, 300.972, 3.14159, 0, 0, -1, 0, 180, 180), -- Deathknight Wing Eye Portal Ramp
(@OGUID+23, 181211, 533, 2991.58, -3448.51, 300.972, 3.14159, 0, 0, -1, 0, 180, 180), -- Plague Wing Eye Portal Ramp
(@OGUID+24, 181212, 533, 3020.08, -3448.65, 300.972, 3.14159, 0, 0, -1, 0, 180, 180), -- Spider Wing Eye Portal Ramp
(@OGUID+25, 181213, 533, 3019.93, -3420.31, 300.972, 3.14159, 0, 0, -1, 0, 180, 180), -- Abom Wing Eye Portal Ramp
(@OGUID+26, 181225, 533, 3536.81, -5158.41, 142.862, -1.77151, 0, 0, -0.774392, 0.632706, 604800, 604800), -- Frostwyrm Waterfall Door
(@OGUID+27, 181228, 533, 3635.36, -5090.29, 142.983, -1.77151, 0, 0, -0.774393, 0.632705, 180, 180), -- KelThuzad Door
(@OGUID+28, 181229, 533, 3005.78, -3434.36, 300.328, 3.14159, 0, 0, -1, 0, 180, 180), -- Portal
(@OGUID+29, 181230, 533, 2493.02, -2921.78, 241.193, 3.14159, 0, 0, -1, 0, 180, 180), -- Deathknight Wing Eye Portal Boss
(@OGUID+30, 181231, 533, 2909, -4025.02, 273.475, 3.14159, 0, 0, -1, 0, 180, 180), -- Plague Wing Eye Portal Boss
(@OGUID+31, 181232, 533, 3539.02, -2936.82, 302.476, 3.14159, 0, 0, -1, 0, 180, 180), -- Abom Wing Eye Portal Boss
(@OGUID+32, 181233, 533, 3465.16, -3940.45, 308.788, 0.441179, -0.305481, 0.637715, 0.305481, 0.637716, 180, 180), -- Spider Wing Eye Portal Boss
(@OGUID+33, 181234, 533, 2904.86, -3286.11, 298.527, -0.785397, 0, 0, -0.382683, 0.92388, 180, 180), -- Icebellow Anvil
(@OGUID+34, 181234, 533, 2917.27, -3278.24, 298.146, 3.91373, 0, 0, 0.926397, -0.376549, 180, 180), -- Icebellow Anvil
(@OGUID+35, 181235, 533, 3318.65, -3695.85, 259.094, 3.14159, 0, 0, -1, 0, 180, 180), -- Grand Widow Faerlina - Web
(@OGUID+36, 181240, 533, 2908.99, -4044.1, 273.726, -1.5708, 0, 0, -0.707107, 0.707107, 180, 180), -- Loatheb Fight Door 01 (not used)
(@OGUID+37, 181241, 533, 2909.69, -3947.28, 273.553, 3.14159, 0, 0, -1, 0, 180, 180), -- Loatheb - Entrance Door
(@OGUID+38, 181242, 533, 2859.62, -3997.85, 273.297, 1.5708, 0, 0, 0.707107, 0.707107, 180, 180), -- Loatheb Fight Door 02 (not used)
(@OGUID+39, 181243, 533, 2959.33, -3997.85, 273.297, 1.5708, 0, 0, 0.707107, 0.707107, 180, 180), -- Loatheb Fight Door 03 (not used)
-- 40 - 73
(@OGUID+74, 181356, 533, 3522.57, -5236.76, 137.63, -1.8, 0, 0, -0.783327, 0.62161, 604800, 604800), -- Sapphiron Birth
(@OGUID+75, 181366, 533, 2516.59, -2946.82, 245.552, 5.48033, 0, 0, -0.390731, 0.920505, -604800, -604800), -- Four Horsemen Chest
(@OGUID+76, 181402, 533, 3732.66, -5026.17, 152.72, -1.77151, 0, 0, -0.774393, 0.632705, 180, 180), -- Doodad_kelthuzad_window_portal01
(@OGUID+77, 181403, 533, 3784.16, -5062.08, 152.57, -2.55691, 0, 0, -0.957571, 0.288197, 180, 180), -- Doodad_kelthuzad_window_portal02
(@OGUID+78, 181404, 533, 3760.24, -5175.26, 152.571, 2.10995, 0, 0, 0.869888, 0.493249, 180, 180), -- Doodad_kelthuzad_window_portal03
(@OGUID+79, 181405, 533, 3698.6, -5187.07, 152.72, 1.32456, 0, 0, 0.614915, 0.788593, 180, 180), -- Doodad_kelthuzad_window_portal04
(@OGUID+80, 181477, 533, 3527.94, -2952.26, 318.898, 3.14159, 0, 0, -1, 0, 180, 180), -- Doodad_nox_tesla05
(@OGUID+81, 181478, 533, 3487.32, -2911.38, 318.898, 3.14159, 0, 0, -1, 0, 180, 180), -- Doodad_nox_tesla06
(@OGUID+82, 181496, 533, 2909.69, -3818.45, 273.553, 3.14159, 0, 0, -1, 0, 180, 180), -- Heigan - Exit Door
(@OGUID+83, 181510, 533, 2787.26, -3654.13, 274.317, -2.74888, 0, 0, -0.980784, 0.195097, 180, 180), -- Plague Fissure
(@OGUID+84, 181511, 533, 2782.4, -3660.4, 274.315, 2.11089, 0, 0, 0.87012, 0.492841, 180, 180), -- Plague Fissure
(@OGUID+85, 181512, 533, 2778.43, -3651.31, 274.317, -2.74259, 0, 0, -0.980166, 0.198181, 180, 180), -- Plague Fissure
(@OGUID+86, 181513, 533, 2774.3, -3660.66, 274.317, -0.183933, 0, 0, -0.0918369, 0.995774, 180, 180), -- Plague Fissure
(@OGUID+87, 181514, 533, 2757.84, -3659.56, 274.317, 1.97116, 0, 0, 0.833593, 0.55238, 180, 180), -- Plague Fissure
(@OGUID+88, 181515, 533, 2755.24, -3649.9, 274.317, -2.88634, 0, 0, -0.991867, 0.12728, 180, 180), -- Plague Fissure
(@OGUID+89, 181516, 533, 2763.55, -3654.04, 274.317, -2.88396, 0, 0, -0.991715, 0.12846, 180, 180), -- Plague Fissure
(@OGUID+90, 181517, 533, 2793.24, -3664.13, 274.317, 0.635802, 0, 0, 0.312573, 0.949894, 180, 180), -- Plague Fissure
(@OGUID+91, 181518, 533, 2802.51, -3664.73, 274.317, 0.635802, 0, 0, 0.312573, 0.949894, 180, 180), -- Plague Fissure
(@OGUID+92, 181519, 533, 2812, -3671.98, 274.073, -0.473312, 0, 0, -0.234453, 0.972127, 180, 180), -- Plague Fissure
(@OGUID+93, 181520, 533, 2810.56, -3680.58, 274.317, -3.09646, 0, 0, -0.999745, 0.0225644, 180, 180), -- Plague Fissure
(@OGUID+94, 181521, 533, 2800.15, -3682.71, 274.352, 1.03882, 0, 0, 0.496368, 0.868112, 180, 180), -- Plague Fissure
(@OGUID+95, 181522, 533, 2805.96, -3691.67, 274.317, -1.84881, 0, 0, -0.798263, 0.60231, 180, 180), -- Plague Fissure
(@OGUID+96, 181523, 533, 2795.81, -3677.56, 274.073, 2.85315, 0, 0, 0.989618, 0.143722, 180, 180), -- Plague Fissure
(@OGUID+97, 181524, 533, 2792.33, -3684.13, 274.317, -1.30703, 0, 0, -0.607981, 0.793952, 180, 180), -- Plague Fissure
(@OGUID+98, 181525, 533, 2783.36, -3688.36, 274.385, -3.12187, 0, 0, -0.999951, 0.00986115, 180, 180), -- Plague Fissure
(@OGUID+99, 181526, 533, 2781.56, -3671, 274.352, -3.12955, 0, 0, -0.999982, 0.0060213, 180, 180), -- Plague Fissure
(@OGUID+100, 181527, 533, 2777.41, -3677.64, 274.387, 0.79134, 0, 0, 0.385427, 0.922739, 180, 180), -- Plague Fissure
(@OGUID+101, 181528, 533, 2769.25, -3671.42, 274.422, -0.424006, 0, 0, -0.210418, 0.977611, 180, 180), -- Plague Fissure
(@OGUID+102, 181529, 533, 2763.33, -3680.53, 274.352, -3.13681, 0, 0, -0.999997, 0.00239129, 180, 180), -- Plague Fissure
(@OGUID+103, 181530, 533, 2758.16, -3667.13, 274.352, 3.13883, 0, 0, 0.999999, 0.00138135, 180, 180), -- Plague Fissure
(@OGUID+104, 181531, 533, 2749.34, -3662.21, 274.352, -2.64632, 0, 0, -0.969495, 0.245113, 180, 180), -- Plague Fissure
(@OGUID+105, 181532, 533, 2743.09, -3671.32, 274.317, 2.46425, 0, 0, 0.943197, 0.332234, 180, 180), -- Plague Fissure
(@OGUID+106, 181533, 533, 2754.01, -3673.77, 274.387, 0.79134, 0, 0, 0.385427, 0.922739, 180, 180), -- Plague Fissure
(@OGUID+107, 181534, 533, 2737.17, -3675.16, 274.317, -1.91353, 0, 0, -0.817332, 0.576167, 180, 180), -- Plague Fissure
(@OGUID+108, 181535, 533, 2747.13, -3684.35, 274.352, 3.13243, 0, 0, 0.99999, 0.00458127, 180, 180), -- Plague Fissure
(@OGUID+109, 181536, 533, 2740.49, -3692.13, 274.387, 0.792787, 0, 0, 0.386094, 0.922459, 180, 180), -- Plague Fissure
(@OGUID+110, 181537, 533, 2738.4, -3703.13, 274.385, -0.537079, 0, 0, -0.265324, 0.964159, 180, 180), -- Plague Fissure
(@OGUID+111, 181538, 533, 2752.93, -3706.52, 274.317, 1.04784, 0, 0, 0.500278, 0.865865, 180, 180), -- Plague Fissure
(@OGUID+112, 181539, 533, 2746.13, -3700.19, 274.317, -0.789904, 0, 0, -0.384764, 0.923015, 180, 180), -- Plague Fissure
(@OGUID+113, 181540, 533, 2752.92, -3693.02, 274.317, -2.18329, 0, 0, -0.887387, 0.461026, 180, 180), -- Plague Fissure
(@OGUID+114, 181541, 533, 2760.58, -3688.31, 274.387, 0.412781, 0, 0, 0.204928, 0.978777, 180, 180), -- Plague Fissure
(@OGUID+115, 181542, 533, 2764.29, -3698.09, 274.422, -0.792388, 0, 0, -0.38591, 0.922536, 180, 180), -- Plague Fissure
(@OGUID+116, 181543, 533, 2772.08, -3692.15, 274.352, -1.26434, 0, 0, -0.590897, 0.806747, 180, 180), -- Plague Fissure
(@OGUID+117, 181544, 533, 2774.96, -3701.13, 274.317, 0.523547, 0, 0, 0.258794, 0.965933, 180, 180), -- Plague Fissure
(@OGUID+118, 181545, 533, 2772.29, -3711.44, 274.422, -0.260754, 0, 0, -0.130008, 0.991513, 180, 180), -- Plague Fissure
(@OGUID+119, 181546, 533, 2761.82, -3711.92, 274.315, -2.32171, 0, 0, -0.917144, 0.398555, 180, 180), -- Plague Fissure
(@OGUID+120, 181547, 533, 2754.19, -3718.12, 274.317, -0.91283, 0, 0, -0.440733, 0.897638, 180, 180), -- Plague Fissure
(@OGUID+121, 181548, 533, 2765.76, -3718.73, 274.317, -1.4752, 0, 0, -0.672514, 0.740085, 180, 180), -- Plague Fissure
(@OGUID+122, 181549, 533, 2776.16, -3721.79, 274.387, -2.34582, 0, 0, -0.921882, 0.387471, 180, 180), -- Plague Fissure
(@OGUID+123, 181550, 533, 2765.33, -3728.61, 274.315, -0.065239, 0, 0, -0.0326137, 0.999468, 180, 180), -- Plague Fissure
(@OGUID+124, 181551, 533, 2774.99, -3731.79, 274.387, -2.35527, 0, 0, -0.923703, 0.38311, 180, 180), -- Plague Fissure
(@OGUID+125, 181552, 533, 2784.17, -3724.73, 274.385, 1.05084, 0, 0, 0.501576, 0.865113, 180, 180), -- Plague Fissure
(@OGUID+126, 181575, 533, 3465.18, -3940.4, 308.79, 2.44346, 0.241845, 0.664462, 0.664463, 0.241847, 180, 180), -- Naxxramas Portal
(@OGUID+127, 181576, 533, 3539.02, -2936.82, 302.476, 3.14159, 0, 0, 1, 0.00000126759, 180, 180), -- Naxxramas Portal
(@OGUID+128, 181577, 533, 2909, -4025.02, 273.475, 3.14159, 0, 0, 1, 0.00000126759, 180, 180), -- Naxxramas Portal
(@OGUID+129, 181578, 533, 2493.02, -2921.78, 241.193, 3.14159, 0, 0, -1, 0, 180, 180), -- Naxxramas Portal
(@OGUID+130, 181676, 533, 2771.37, -3681.64, 273.667, -0.104719, 0, 0, -0.0523356, 0.99863, 180, 180), -- Plague Fissure
(@OGUID+131, 181676, 533, 2753.28, -3643.09, 273.618, 0.436332, 0, 0, 0.216439, 0.976296, 180, 180), -- Plague Fissure
(@OGUID+132, 181676, 533, 2766.39, -3642.32, 273.853, -2.77507, 0, 0, -0.983255, 0.182237, 180, 180), -- Plague Fissure
(@OGUID+133, 181676, 533, 2779.17, -3684.18, 273.668, 2.67035, 0, 0, 0.972369, 0.233447, 180, 180), -- Plague Fissure
(@OGUID+134, 181676, 533, 2765.45, -3663.31, 273.667, -1.3439, 0, 0, -0.622513, 0.782609, 180, 180), -- Plague Fissure
(@OGUID+135, 181676, 533, 2746.33, -3649.14, 273.621, -2.82743, 0, 0, -0.987688, 0.156436, 180, 180), -- Plague Fissure
(@OGUID+136, 181676, 533, 2783.05, -3681.86, 273.67, -1.44862, 0, 0, -0.662619, 0.748957, 180, 180), -- Plague Fissure
(@OGUID+137, 181676, 533, 2771.77, -3652.75, 273.658, -0.645772, 0, 0, -0.317305, 0.948324, 180, 180), -- Plague Fissure
(@OGUID+138, 181676, 533, 2776.29, -3642.56, 273.965, 0.017452, 0, 0, 0.00872589, 0.999962, 180, 180), -- Plague Fissure
(@OGUID+139, 181676, 533, 2746.2, -3658.67, 273.619, 3.00195, 0, 0, 0.997563, 0.0697646, 180, 180), -- Plague Fissure
(@OGUID+140, 181676, 533, 2771.85, -3665.62, 273.667, 3.10665, 0, 0, 0.999847, 0.0174704, 180, 180), -- Plague Fissure
(@OGUID+141, 181676, 533, 2761.93, -3648.03, 273.626, -0.366518, 0, 0, -0.182235, 0.983255, 180, 180), -- Plague Fissure
(@OGUID+142, 181676, 533, 2771.63, -3642.94, 274.379, -0.733038, 0, 0, -0.358368, 0.93358, 180, 180), -- Plague Fissure
(@OGUID+143, 181676, 533, 2762.27, -3672.94, 273.667, -2.82743, 0, 0, -0.987688, 0.156436, 180, 180), -- Plague Fissure
(@OGUID+144, 181676, 533, 2752.57, -3655.19, 273.626, 1.46608, 0, 0, 0.669132, 0.743144, 180, 180), -- Plague Fissure
(@OGUID+145, 181676, 533, 2782.95, -3641.68, 273.594, -0.872664, 0, 0, -0.422618, 0.906308, 180, 180), -- Plague Fissure
(@OGUID+146, 181676, 533, 2759.67, -3641.1, 273.591, -0.645772, 0, 0, -0.317305, 0.948324, 180, 180), -- Plague Fissure
(@OGUID+147, 181676, 533, 2752.82, -3666.02, 273.654, 2.58308, 0, 0, 0.961261, 0.275641, 180, 180), -- Plague Fissure
(@OGUID+148, 181677, 533, 2735.92, -3697.26, 273.65, 0.523598, 0, 0, 0.258819, 0.965926, 180, 180), -- Plague Fissure
(@OGUID+149, 181677, 533, 2778.21, -3694.98, 273.638, 0.663223, 0, 0, 0.325567, 0.945519, 180, 180), -- Plague Fissure
(@OGUID+150, 181677, 533, 2747.86, -3676.92, 273.662, 0.296705, 0, 0, 0.147809, 0.989016, 180, 180), -- Plague Fissure
(@OGUID+151, 181677, 533, 2745.5, -3666.69, 273.639, -1.55334, 0, 0, -0.700908, 0.713252, 180, 180), -- Plague Fissure
(@OGUID+152, 181677, 533, 2755.71, -3682.96, 273.666, -1.27409, 0, 0, -0.594823, 0.803857, 180, 180), -- Plague Fissure
(@OGUID+153, 181677, 533, 2768.83, -3701.38, 273.665, 1.51844, 0, 0, 0.688356, 0.725373, 180, 180), -- Plague Fissure
(@OGUID+154, 181677, 533, 2747.2, -3693.01, 273.666, -1.85005, 0, 0, -0.798636, 0.601815, 180, 180), -- Plague Fissure
(@OGUID+155, 181677, 533, 2734.93, -3688.94, 273.628, -0.645772, 0, 0, -0.317305, 0.948324, 180, 180), -- Plague Fissure
(@OGUID+156, 181677, 533, 2766.62, -3687.92, 273.664, -0.436332, 0, 0, -0.216439, 0.976296, 180, 180), -- Plague Fissure
(@OGUID+157, 181677, 533, 2729.2, -3673.43, 273.621, -0.157079, 0, 0, -0.0784588, 0.996917, 180, 180), -- Plague Fissure
(@OGUID+158, 181677, 533, 2729.52, -3697.78, 273.625, 0.104719, 0, 0, 0.0523356, 0.99863, 180, 180), -- Plague Fissure
(@OGUID+159, 181677, 533, 2729.02, -3684.86, 274.373, -0.034906, 0, 0, -0.0174521, 0.999848, 180, 180), -- Plague Fissure
(@OGUID+160, 181677, 533, 2734, -3663.36, 273.621, -1.91986, 0, 0, -0.819151, 0.573577, 180, 180), -- Plague Fissure
(@OGUID+161, 181677, 533, 2740.54, -3681.25, 273.644, 1.81514, 0, 0, 0.78801, 0.615662, 180, 180), -- Plague Fissure
(@OGUID+162, 181677, 533, 2761.62, -3693.18, 273.664, 2.60053, 0, 0, 0.963629, 0.267244, 180, 180), -- Plague Fissure
(@OGUID+163, 181678, 533, 2807.49, -3668.25, 273.644, -1.55334, 0, 0, -0.700908, 0.713252, 180, 180), -- Plague Fissure
(@OGUID+164, 181678, 533, 2819.54, -3677.43, 273.638, 1.51844, 0, 0, 0.688356, 0.725373, 180, 180), -- Plague Fissure
(@OGUID+165, 181678, 533, 2808.35, -3685.41, 273.645, -1.27409, 0, 0, -0.594823, 0.803857, 180, 180), -- Plague Fissure
(@OGUID+166, 181678, 533, 2802.32, -3659.69, 273.626, 1.46608, 0, 0, 0.669132, 0.743144, 180, 180), -- Plague Fissure
(@OGUID+167, 181678, 533, 2795.44, -3687.74, 273.622, -0.506145, 0, 0, -0.25038, 0.968148, 180, 180), -- Plague Fissure
(@OGUID+168, 181678, 533, 2821.09, -3691.97, 275.804, 2.79252, 0, 0, 0.984807, 0.173652, 180, 180), -- Plague Fissure
(@OGUID+169, 181678, 533, 2818.81, -3672.17, 273.629, -1.3439, 0, 0, -0.622513, 0.782609, 180, 180), -- Plague Fissure
(@OGUID+170, 181678, 533, 2787.77, -3674.88, 273.668, 0.296705, 0, 0, 0.147809, 0.989016, 180, 180), -- Plague Fissure
(@OGUID+171, 181678, 533, 2793.97, -3656.83, 273.637, 0.663223, 0, 0, 0.325567, 0.945519, 180, 180), -- Plague Fissure
(@OGUID+172, 181678, 533, 2789.24, -3668.48, 273.669, -0.366518, 0, 0, -0.182235, 0.983255, 180, 180), -- Plague Fissure
(@OGUID+173, 181678, 533, 2793, -3646.92, 273.62, -0.95993, 0, 0, -0.461748, 0.887011, 180, 180), -- Plague Fissure
(@OGUID+174, 181678, 533, 2813.31, -3699.76, 273.621, -1.85005, 0, 0, -0.798636, 0.601815, 180, 180), -- Plague Fissure
(@OGUID+175, 181678, 533, 2817.4, -3684.56, 273.623, -0.820303, 0, 0, -0.398748, 0.91706, 180, 180), -- Plague Fissure
(@OGUID+176, 181678, 533, 2786.82, -3647.31, 273.635, -0.436332, 0, 0, -0.216439, 0.976296, 180, 180), -- Plague Fissure
(@OGUID+177, 181678, 533, 2817.31, -3687.08, 273.621, 2.60053, 0, 0, 0.963629, 0.267244, 180, 180), -- Plague Fissure
(@OGUID+178, 181678, 533, 2803.58, -3675.67, 273.666, -2.80997, 0, 0, -0.986285, 0.165053, 180, 180), -- Plague Fissure
(@OGUID+179, 181678, 533, 2815.57, -3697.73, 273.621, 0.994837, 0, 0, 0.477158, 0.878817, 180, 180), -- Plague Fissure
(@OGUID+180, 181678, 533, 2811.57, -3663.93, 273.623, 3.00195, 0, 0, 0.997563, 0.0697646, 180, 180), -- Plague Fissure
(@OGUID+181, 181678, 533, 2796.98, -3671.73, 273.669, 2.58308, 0, 0, 0.961261, 0.275641, 180, 180), -- Plague Fissure
(@OGUID+182, 181695, 533, 2749.96, -3724.48, 273.623, 0.645772, 0, 0, 0.317305, 0.948324, 180, 180), -- Plague Fissure
(@OGUID+183, 181695, 533, 2745.57, -3720.84, 273.654, 1.8675, 0, 0, 0.803856, 0.594824, 180, 180), -- Plague Fissure
(@OGUID+184, 181695, 533, 2771.05, -3717.31, 273.67, -0.366518, 0, 0, -0.182235, 0.983255, 180, 180), -- Plague Fissure
(@OGUID+185, 181695, 533, 2757.5, -3708.95, 273.668, -0.95993, 0, 0, -0.461748, 0.887011, 180, 180), -- Plague Fissure
(@OGUID+186, 181695, 533, 2752.93, -3699.58, 273.667, 0.436332, 0, 0, 0.216439, 0.976296, 180, 180), -- Plague Fissure
(@OGUID+187, 181695, 533, 2766.44, -3708.41, 273.667, -1.27409, 0, 0, -0.594823, 0.803857, 180, 180), -- Plague Fissure
(@OGUID+188, 181695, 533, 2760.5, -3732.28, 273.632, -1.18682, 0, 0, -0.559191, 0.829039, 180, 180), -- Plague Fissure
(@OGUID+189, 181695, 533, 2791.41, -3726.31, 273.622, 1.48353, 0, 0, 0.67559, 0.737277, 180, 180), -- Plague Fissure
(@OGUID+190, 181695, 533, 2787.4, -3731.16, 273.616, -1.09956, 0, 0, -0.5225, 0.852639, 180, 180), -- Plague Fissure
(@OGUID+191, 181695, 533, 2779.75, -3728.21, 273.644, 2.67035, 0, 0, 0.972369, 0.233447, 180, 180), -- Plague Fissure
(@OGUID+192, 181695, 533, 2771.59, -3736.93, 273.618, 1.48353, 0, 0, 0.67559, 0.737277, 180, 180), -- Plague Fissure
(@OGUID+193, 181695, 533, 2745.73, -3711.43, 273.621, 0.767944, 0, 0, 0.374606, 0.927184, 180, 180), -- Plague Fissure
(@OGUID+194, 181695, 533, 2759.15, -3718.01, 273.669, -2.00713, 0, 0, -0.843392, 0.537299, 180, 180), -- Plague Fissure
(@OGUID+195, 181695, 533, 2759.64, -3724.62, 273.66, 2.1293, 0, 0, 0.874619, 0.48481, 180, 180), -- Plague Fissure
(@OGUID+196, 181695, 533, 2771.05, -3727.31, 273.67, -0.436332, 0, 0, -0.216439, 0.976296, 180, 180), -- Plague Fissure
(@OGUID+197, 181695, 533, 2737.57, -3710.51, 273.624, 2.96704, 0, 0, 0.996194, 0.0871655, 180, 180), -- Plague Fissure
(@OGUID+198, 181695, 533, 2781.85, -3735.08, 273.62, 1.51844, 0, 0, 0.688356, 0.725373, 180, 180), -- Plague Fissure
(@OGUID+199, 181695, 533, 2731.62, -3706.18, 273.623, -2.77507, 0, 0, -0.983255, 0.182237, 180, 180), -- Plague Fissure
(@OGUID+200, 181695, 533, 2755.07, -3728.92, 273.626, 0.523598, 0, 0, 0.258819, 0.965926, 180, 180), -- Plague Fissure
(@OGUID+201, 181695, 533, 2781.35, -3720.31, 273.64, 2.67035, 0, 0, 0.972369, 0.233447, 180, 180), -- Plague Fissure
(@OGUID+202, 181444, 533, 3716.38, -5106.47, 134.99, 3.31536, 0, 0, -0.681998, 0.731354, 604800, 604800), -- Kel'Thuzad Trigger
(@OGUID+203, 181167, 533, 3121.51, -3790.91, 273.936, 6.27873, 0, 0, 0.00222603, -0.999997, 25, 25), -- Faerlina outer door
-- 204 - 299
(@OGUID+300, 181287, 533, 3233.854736328125, -3439.012451171875, 288.468841552734375, 5.70722818374633789, 0, 0, -0.28401470184326171, 0.958819925785064697, 604800, 604800), -- ANUB
(@OGUID+301, 181287, 533, 3237.80126953125, -3435.46875, 288.58026123046875, 5.427974700927734375, 0, 0, -0.41469287872314453, 0.909961462020874023, 604800, 604800), -- ANUB
(@OGUID+302, 181287, 533, 3233.2783203125, -3512.469970703125, 288.32708740234375, 0.610863447189331054, 0, 0, 0.3007049560546875, 0.953717231750488281, 604800, 604800), -- ANUB
(@OGUID+303, 181287, 533, 3311.354248046875, -3516.076171875, 288.574371337890625, 1.902408957481384277, 0, 0, 0.814115524291992187, 0.580702960491180419, 604800, 604800), -- ANUB
(@OGUID+304, 181287, 533, 3333.692626953125, -3462.843017578125, 288.24688720703125, 4.677483558654785156, 0, 0, -0.71933937072753906, 0.694658815860748291, 604800, 604800), -- ANUB
(@OGUID+305, 181287, 533, 3236.93994140625, -3516.266845703125, 288.100128173828125, 1.029743075370788574, 0, 0, 0.492423057556152343, 0.870355963706970214, 604800, 604800), -- ANUB
(@OGUID+306, 181287, 533, 3275.8642578125, -3530.560302734375, 288.420928955078125, 1.884953022003173828, 0, 0, 0.809016227722167968, 0.587786316871643066, 604800, 604800), -- ANUB
(@OGUID+307, 181287, 533, 3276.744140625, -3421.705810546875, 288.404693603515625, 4.572763919830322265, 0, 0, -0.75470924377441406, 0.656059443950653076, 604800, 604800), -- ANUB
-- 308 - 309 - Reserved for Frozen Rune - Anub\'Rekhan
(@OGUID+310, 181287, 533, 3322.817138671875, -3632.22607421875, 260.8045654296875, 6.12610626220703125, 0, 0, -0.07845878601074218, 0.996917366981506347, 604800, 604800), -- FAERLINA
(@OGUID+311, 181287, 533, 3333.51416015625, -3599.6796875, 262.4476318359375, 5.305802345275878906, 0, 0, -0.46947097778320312, 0.882947921752929687, 604800, 604800), -- FAERLINA
(@OGUID+312, 181287, 533, 3383.00244140625, -3710.67236328125, 261.945465087890625, 1.692969322204589843, 0, 0, 0.748955726623535156, 0.662620067596435546, 604800, 604800), -- FAERLINA
(@OGUID+313, 181287, 533, 3383.493408203125, -3631.956787109375, 260.801177978515625, 3.43830275535583496, 0, 0, -0.98901557922363281, 0.147811368107795715, 604800, 604800), -- FAERLINA
(@OGUID+314, 181287, 533, 3396.447509765625, -3679.864501953125, 261.582427978515625, 3.368495941162109375, 0, 0, -0.99357128143310546, 0.113208353519439697, 604800, 604800), -- FAERLINA
(@OGUID+315, 181287, 533, 3345.641845703125, -3711.00732421875, 262.5955810546875, 1.570795774459838867, 0, 0, 0.707106590270996093, 0.707106947898864746, 604800, 604800), -- FAERLINA
(@OGUID+316, 181287, 533, 3311.651123046875, -3673.900146484375, 262.2843017578125, 6.09120035171508789, 0, 0, -0.09584522247314453, 0.995396256446838378, 604800, 604800), -- FAERLINA
-- 317 - 319 - Reserved for Frozen Rune - Grand Widow Faerlina
(@OGUID+320, 181287, 533, 3558.178955078125, -3914.614501953125, 304.420074462890625, 2.687806606292724609, 0, 0, 0.974370002746582031, 0.224951311945915222, 604800, 604800), -- MAEXXNA
(@OGUID+321, 181287, 533, 3442.841064453125, -3903.157470703125, 309.6092529296875, 0.226892471313476562, 0, 0, 0.113203048706054687, 0.993571877479553222, 604800, 604800), -- MAEXXNA
(@OGUID+322, 181287, 533, 3468.852783203125, -3942.803466796875, 308.0340576171875, 0.977383077144622802, 0, 0, 0.469470977783203125, 0.882947921752929687, 604800, 604800), -- MAEXXNA
(@OGUID+323, 181287, 533, 3523.828369140625, -3836.255126953125, 303.56268310546875, 4.363324165344238281, 0, 0, -0.81915187835693359, 0.573576688766479492, 604800, 604800), -- MAEXXNA
(@OGUID+324, 181287, 533, 3555.523193359375, -3863.90576171875, 298.81146240234375, 3.595378875732421875, 0, 0, -0.97437000274658203, 0.224951311945915222, 604800, 604800), -- MAEXXNA
(@OGUID+325, 181287, 533, 3468.266845703125, -3842.577392578125, 309.84228515625, 5.393068790435791015, 0, 0, -0.43051052093505859, 0.902585566043853759, 604800, 604800), -- MAEXXNA
(@OGUID+326, 181287, 533, 3540.12744140625, -3939.24658203125, 311.4488525390625, 2.164205789566040039, 0, 0, 0.882946968078613281, 0.469472706317901611, 604800, 604800), -- MAEXXNA
-- 327 - 329 - Reserved for Frozen Rune - Maexxna
(@OGUID+330, 181287, 533, 3432.273681640625, -3683.839111328125, 298.252166748046875, 4.729844093322753906, 0, 0, -0.70090866088867187, 0.713251054286956787, 604800, 604800), -- SPIDER LEFT
(@OGUID+331, 181287, 533, 3475.86865234375, -3683.839111328125, 298.0789794921875, 4.729844093322753906, 0, 0, -0.70090866088867187, 0.713251054286956787, 604800, 604800), -- SPIDER LEFT
(@OGUID+332, 181287, 533, 3475.763916015625, -3585.49951171875, 270.247467041015625, 1.535889506340026855, 0, 0, 0.694658279418945312, 0.719339847564697265, 604800, 604800), -- SPIDER LEFT
(@OGUID+333, 181287, 533, 3475.25146484375, -3673.083740234375, 297.206146240234375, 1.553341388702392578, 0, 0, 0.700908660888671875, 0.713251054286956787, 604800, 604800), -- SPIDER LEFT
(@OGUID+334, 181287, 533, 3429.404052734375, -3794.206298828125, 298.379425048828125, 0.785396754741668701, 0, 0, 0.38268280029296875, 0.923879802227020263, 604800, 604800), -- SPIDER LEFT
(@OGUID+335, 181287, 533, 3430.9541015625, -3596.2548828125, 270.808563232421875, 4.764749526977539062, 0, 0, -0.6883544921875, 0.725374460220336914, 604800, 604800), -- SPIDER LEFT
(@OGUID+336, 181287, 533, 3477.495849609375, -3596.2548828125, 271.347259521484375, 4.764749526977539062, 0, 0, -0.6883544921875, 0.725374460220336914, 604800, 604800), -- SPIDER LEFT
-- 337 - 339 - Reserved for Frozen Rune - Spider Wing, left
(@OGUID+340, 181287, 533, 3243.70361328125, -3906.6220703125, 297.851470947265625, 3.159062385559082031, 0, 0, -0.99996185302734375, 0.008734640665352344, 604800, 604800), -- SPIDER RIGHT
(@OGUID+341, 181287, 533, 3254.458740234375, -3860, 297.650238037109375, 0, 0, 0, 0, 1, 604800, 604800), -- SPIDER RIGHT
(@OGUID+342, 181287, 533, 3166.87451171875, -3860.77392578125, 271.061859130859375, 0, 0, 0, 0, 1, 604800, 604800), -- SPIDER RIGHT
(@OGUID+343, 181287, 533, 3156.119384765625, -3860.38232421875, 270.900726318359375, 3.176533222198486328, 0, 0, -0.999847412109375, 0.017469281330704689, 604800, 604800), -- SPIDER RIGHT
(@OGUID+344, 181287, 533, 3156.119384765625, -3903.7783203125, 270.957855224609375, 3.141592741012573242, 0, 0, -1, 0, 604800, 604800), -- SPIDER RIGHT
(@OGUID+345, 181287, 533, 3166.87451171875, -3904.3408203125, 271.091217041015625, 0, 0, 0, 0, 1, 604800, 604800), -- SPIDER RIGHT
(@OGUID+346, 181287, 533, 3341.953369140625, -3820.6484375, 297.3348388671875, 0.837757468223571777, 0, 0, 0.406736373901367187, 0.913545548915863037, 604800, 604800), -- SPIDER RIGHT
-- 347 - 349 - Reserved for Frozen Rune - Spider Wing, right
(@OGUID+350, 181287, 533, 2712.87255859375, -3551.61669921875, 263.06280517578125, 1.553341388702392578, 0, 0, 0.700908660888671875, 0.713251054286956787, 604800, 604800), -- NOTH
(@OGUID+351, 181287, 533, 2722.426513671875, -3455.168701171875, 263.25128173828125, 4.729844093322753906, 0, 0, -0.70090866088867187, 0.713251054286956787, 604800, 604800), -- NOTH
(@OGUID+352, 181287, 533, 2639.682861328125, -3510.718017578125, 263.05194091796875, 0, 0, 0, 0, 1, 604800, 604800), -- NOTH
(@OGUID+353, 181287, 533, 2693.591796875, -3455.142333984375, 263.699249267578125, 4.694936752319335937, 0, 0, -0.71325016021728515, 0.700909554958343505, 604800, 604800), -- NOTH
(@OGUID+354, 181287, 533, 2639.674072265625, -3494.814208984375, 263.27099609375, 0.087265998125076293, 0, 0, 0.043619155883789062, 0.999048233032226562, 604800, 604800), -- NOTH
(@OGUID+355, 181287, 533, 2653.391845703125, -3551.612548828125, 263.880615234375, 1.640606880187988281, 0, 0, 0.731352806091308593, 0.6819993257522583, 604800, 604800), -- NOTH
-- 356 - 359 - Reserved for Frozen Rune - Noth the Plaguebringer
(@OGUID+360, 181287, 533, 2754.61181640625, -3641.2431640625, 274.50323486328125, 4.729844093322753906, 0, 0, -0.70090866088867187, 0.713251054286956787, 604800, 604800), -- HEIGAN
(@OGUID+361, 181287, 533, 2813.58251953125, -3703.966552734375, 275.577789306640625, 2.495818138122558593, 0, 0, 0.948323249816894531, 0.317305892705917358, 604800, 604800), -- HEIGAN
(@OGUID+362, 181287, 533, 2790.21435546875, -3727.974365234375, 274.925140380859375, 2.44346022605895996, 0, 0, 0.939692497253417968, 0.34202045202255249, 604800, 604800), -- HEIGAN
(@OGUID+363, 181287, 533, 2751.813232421875, -3727.04736328125, 274.773193359375, 0.802850961685180664, 0, 0, 0.390730857849121093, 0.920504987239837646, 604800, 604800), -- HEIGAN
(@OGUID+364, 181287, 533, 2812.13623046875, -3664.162353515625, 274.68353271484375, 3.9793548583984375, 0, 0, -0.9135446548461914, 0.406738430261611938, 604800, 604800), -- HEIGAN
(@OGUID+365, 181287, 533, 2793.473876953125, -3645.759521484375, 274.879791259765625, 3.996806621551513671, 0, 0, -0.90996074676513671, 0.414694398641586303, 604800, 604800), -- HEIGAN
(@OGUID+366, 181287, 533, 2734.9384765625, -3660.306884765625, 275.164459228515625, 5.480334281921386718, 0, 0, -0.39073085784912109, 0.920504987239837646, 604800, 604800), -- HEIGAN
(@OGUID+367, 181287, 533, 2727.849365234375, -3679.0087890625, 275.308990478515625, 6.230826377868652343, 0, 0, -0.02617645263671875, 0.999657332897186279, 604800, 604800), -- HEIGAN
-- 368 - 369 - Reserved for Frozen Rune - Heigan
(@OGUID+370, 181287, 533, 2893.353515625, -4041.454833984375, 274.808685302734375, 1.221729278564453125, 0, 0, 0.573575973510742187, 0.819152355194091796, 604800, 604800), -- LOATHEB
(@OGUID+371, 181287, 533, 2952.016845703125, -3977.346435546875, 274.9879150390625, 3.926995515823364257, 0, 0, -0.92387866973876953, 0.38268551230430603, 604800, 604800), -- LOATHEB
(@OGUID+372, 181287, 533, 2925.514892578125, -3949.609375, 275.516571044921875, 4.380776405334472656, 0, 0, -0.81411552429199218, 0.580702960491180419, 604800, 604800), -- LOATHEB
(@OGUID+373, 181287, 533, 2869.51513671875, -4020.80029296875, 275.70703125, 0.541050612926483154, 0, 0, 0.267237663269042968, 0.96363067626953125, 604800, 604800), -- LOATHEB
(@OGUID+374, 181287, 533, 2861.635986328125, -3984.115478515625, 275.077362060546875, 6.021387100219726562, 0, 0, -0.13052558898925781, 0.991444945335388183, 604800, 604800), -- LOATHEB
(@OGUID+375, 181287, 533, 2925.1982421875, -4041.4453125, 275.65380859375, 1.902408957481384277, 0, 0, 0.814115524291992187, 0.580702960491180419, 604800, 604800), -- LOATHEB
(@OGUID+376, 181287, 533, 2888.603759765625, -3957.09033203125, 275.523773193359375, 5.340708732604980468, 0, 0, -0.45398998260498046, 0.891006767749786376, 604800, 604800), -- LOATHEB
-- 377 - 379 - Reserved for Frozen Rune - Loatheb
(@OGUID+380, 181287, 533, 2668.615478515625, -3820.059814453125, 297.702117919921875, 2.373644113540649414, 0, 0, 0.927183151245117187, 0.37460830807685852, 604800, 604800), -- PLAGUE LEFT
(@OGUID+381, 181287, 533, 2675.7265625, -3828.16015625, 297.674224853515625, 5.497788906097412109, 0, 0, -0.38268280029296875, 0.923879802227020263, 604800, 604800), -- PLAGUE LEFT
(@OGUID+382, 181287, 533, 2637.6572265625, -3851.01953125, 297.699798583984375, 2.408554315567016601, 0, 0, 0.933580398559570312, 0.358368009328842163, 604800, 604800), -- PLAGUE LEFT
(@OGUID+383, 181287, 533, 2755.526123046875, -3860.90185546875, 298.147247314453125, 3.124123096466064453, 0, 0, 0.99996185302734375, 0.008734640665352344, 604800, 604800), -- PLAGUE LEFT
(@OGUID+384, 181287, 533, 2645.2578125, -3858.62890625, 296.863677978515625, 5.462882041931152343, 0, 0, -0.39874839782714843, 0.917060375213623046, 604800, 604800), -- PLAGUE LEFT
(@OGUID+385, 181287, 533, 2766.281005859375, -3905.53125, 297.382904052734375, 0, 0, 0, 0, 1, 604800, 604800), -- PLAGUE LEFT
-- 386 - 389 - Reserved for Frozen Rune - Plague Wing, left
(@OGUID+390, 181287, 533, 2579.413330078125, -3683.782958984375, 297.59564208984375, 4.694936752319335937, 0, 0, -0.71325016021728515, 0.700909554958343505, 604800, 604800), -- PLAGUE RIGHT
(@OGUID+391, 181287, 533, 2578.57470703125, -3585.443359375, 270.53192138671875, 1.535889506340026855, 0, 0, 0.694658279418945312, 0.719339847564697265, 604800, 604800), -- PLAGUE RIGHT
(@OGUID+392, 181287, 533, 2535.506103515625, -3683.782958984375, 297.495391845703125, 4.677483558654785156, 0, 0, -0.71933937072753906, 0.694658815860748291, 604800, 604800), -- PLAGUE RIGHT
(@OGUID+393, 181287, 533, 2611.220947265625, -3763.5625, 297.585357666015625, 2.338739633560180664, 0, 0, 0.920504570007324218, 0.3907318115234375, 604800, 604800), -- PLAGUE RIGHT
(@OGUID+394, 181287, 533, 2577.10595703125, -3596.198486328125, 270.465240478515625, 4.729844093322753906, 0, 0, -0.70090866088867187, 0.713251054286956787, 604800, 604800), -- PLAGUE RIGHT
(@OGUID+395, 181287, 533, 2579.059326171875, -3795.724365234375, 297.583953857421875, 2.338739633560180664, 0, 0, 0.920504570007324218, 0.3907318115234375, 604800, 604800), -- PLAGUE RIGHT
(@OGUID+396, 181287, 533, 2534.074951171875, -3673.02783203125, 297.744293212890625, 1.570795774459838867, 0, 0, 0.707106590270996093, 0.707106947898864746, 604800, 604800), -- PLAGUE RIGHT
-- 397 - 399 - Reserved for Frozen Rune - Plague Wing, right
(@OGUID+400, 181287, 533, 3004.5625, -3116.673583984375, 295.861724853515625, 5.84685373306274414, 0, 0, -0.21643924713134765, 0.976296067237854003, 604800, 604800), -- PATCHWERK
(@OGUID+401, 181287, 533, 3133.98388671875, -3081.40673828125, 295.788421630859375, 3.281238555908203125, 0, 0, -0.99756336212158203, 0.069766148924827575, 604800, 604800), -- PATCHWERK
(@OGUID+402, 181287, 533, 3134.840576171875, -3111.731689453125, 296.04638671875, 3.089183330535888671, 0, 0, 0.99965667724609375, 0.026201646775007247, 604800, 604800), -- PATCHWERK
(@OGUID+403, 181287, 533, 3070.6875, -3060.7685546875, 296.537750244140625, 5.131268978118896484, 0, 0, -0.54463863372802734, 0.838670849800109863, 604800, 604800), -- PATCHWERK
(@OGUID+404, 181287, 533, 3030.637939453125, -3088.664794921875, 295.943206787109375, 5.393068790435791015, 0, 0, -0.43051052093505859, 0.902585566043853759, 604800, 604800), -- PATCHWERK
-- 405 - 409 - Reserved for Frozen Rune - Patchwerk
(@OGUID+410, 181287, 533, 3238.43896484375, -3256.4365234375, 296.877838134765625, 4.729844093322753906, 0, 0, -0.70090866088867187, 0.713251054286956787, 604800, 604800), -- GROBBULUS
(@OGUID+411, 181287, 533, 3353.9990234375, -3311.415283203125, 295.917877197265625, 3.176533222198486328, 0, 0, -0.999847412109375, 0.017469281330704689, 604800, 604800), -- GROBBULUS
(@OGUID+412, 181287, 533, 3272.69140625, -3256.376220703125, 296.296722412109375, 4.747295856475830078, 0, 0, -0.69465827941894531, 0.719339847564697265, 604800, 604800), -- GROBBULUS
(@OGUID+413, 181287, 533, 3291.952880859375, -3365.12353515625, 295.71240234375, 1.431168079376220703, 0, 0, 0.656058311462402343, 0.754710197448730468, 604800, 604800), -- GROBBULUS
(@OGUID+414, 181287, 533, 3209.319091796875, -3376.954833984375, 295.183258056640625, 1.605701684951782226, 0, 0, 0.719339370727539062, 0.694658815860748291, 604800, 604800), -- GROBBULUS
(@OGUID+415, 181287, 533, 3217.53857421875, -3256.483642578125, 296.251251220703125, 4.660029888153076171, 0, 0, -0.72537422180175781, 0.688354730606079101, 604800, 604800), -- GROBBULUS
(@OGUID+416, 181287, 533, 3262.187744140625, -3365.040283203125, 296.434478759765625, 1.658061861991882324, 0, 0, 0.737277030944824218, 0.67559051513671875, 604800, 604800), -- GROBBULUS
-- 417 - 419 - Reserved for Frozen Rune - Grobbulus
(@OGUID+420, 181287, 533, 3349.230712890625, -3115.048095703125, 299.882110595703125, 3.94444584846496582, 0, 0, -0.92050457000732421, 0.3907318115234375, 604800, 604800), -- GLUTH
(@OGUID+421, 181287, 533, 3235.4296875, -3175.9560546875, 300.544525146484375, 0.785396754741668701, 0, 0, 0.38268280029296875, 0.923879802227020263, 604800, 604800), -- GLUTH
(@OGUID+422, 181287, 533, 3325.558837890625, -3091.35791015625, 299.643768310546875, 3.94444584846496582, 0, 0, -0.92050457000732421, 0.3907318115234375, 604800, 604800), -- GLUTH
(@OGUID+423, 181287, 533, 3239.8271484375, -3102.95751953125, 299.53155517578125, 4.764749526977539062, 0, 0, -0.6883544921875, 0.725374460220336914, 604800, 604800), -- GLUTH
(@OGUID+424, 181287, 533, 3231.027587890625, -3145.402099609375, 300.418670654296875, 6.265733242034912109, 0, 0, -0.00872611999511718, 0.999961912631988525, 604800, 604800), -- GLUTH
(@OGUID+425, 181287, 533, 3294.19140625, -3098.07421875, 300.411468505859375, 5.113816738128662109, 0, 0, -0.55193614959716796, 0.833886384963989257, 604800, 604800), -- GLUTH
(@OGUID+426, 181287, 533, 3310.2265625, -3209.135986328125, 299.9659423828125, 1.535889506340026855, 0, 0, 0.694658279418945312, 0.719339847564697265, 604800, 604800), -- GLUTH
(@OGUID+427, 181287, 533, 3260.089111328125, -3200.513427734375, 301.30694580078125, 0.837757468223571777, 0, 0, 0.406736373901367187, 0.913545548915863037, 604800, 604800), -- GLUTH
(@OGUID+428, 181287, 533, 3337.186767578125, -3201.46337890625, 299.870697021484375, 3.159062385559082031, 0, 0, -0.99996185302734375, 0.008734640665352344, 604800, 604800), -- GLUTH
(@OGUID+429, 181287, 533, 3343.965087890625, -3141.59130859375, 300.261260986328125, 2.775068521499633789, 0, 0, 0.983254432678222656, 0.182238012552261352, 604800, 604800), -- GLUTH
(@OGUID+430, 181287, 533, 3440.378173828125, -2901.05078125, 313.8883056640625, 5.515241622924804687, 0, 0, -0.37460613250732421, 0.927184045314788818, 604800, 604800), -- THADDIUS
(@OGUID+431, 181287, 533, 3516.096923828125, -3022.030517578125, 313.751617431640625, 2.373644113540649414, 0, 0, 0.927183151245117187, 0.37460830807685852, 604800, 604800), -- THADDIUS
(@OGUID+432, 181287, 533, 3416.925537109375, -2924.4990234375, 313.6461181640625, 5.532694816589355468, 0, 0, -0.3665008544921875, 0.93041771650314331, 604800, 604800), -- THADDIUS
-- 433 - 439 - Reserved for Frozen Rune - Thaddius
(@OGUID+440, 181287, 533, 3243.761962890625, -2963.551025390625, 297.97711181640625, 3.141592741012573242, 0, 0, -1, 0, 604800, 604800), -- ABO LEFT
(@OGUID+441, 181287, 533, 3243.761962890625, -3008.71142578125, 298.08251953125, 3.141592741012573242, 0, 0, -1, 0, 604800, 604800), -- ABO LEFT
(@OGUID+442, 181287, 533, 3156.21923828125, -3007.150390625, 270.46630859375, 3.106652259826660156, 0, 0, 0.999847412109375, 0.017469281330704689, 604800, 604800), -- ABO LEFT
(@OGUID+443, 181287, 533, 3334.26123046875, -3040.6103515625, 298.125335693359375, 2.373644113540649414, 0, 0, 0.927183151245117187, 0.37460830807685852, 604800, 604800), -- ABO LEFT
(@OGUID+444, 181287, 533, 3254.56298828125, -3009.364501953125, 298.2645263671875, 0.034906249493360519, 0, 0, 0.017452239990234375, 0.999847710132598876, 604800, 604800), -- ABO LEFT
(@OGUID+445, 181287, 533, 3166.932861328125, -3007.22412109375, 270.407806396484375, 0, 0, 0, 0, 1, 604800, 604800), -- ABO LEFT
(@OGUID+446, 181287, 533, 3156.21923828125, -2963.770751953125, 271.040740966796875, 3.141592741012573242, 0, 0, -1, 0, 604800, 604800), -- ABO LEFT
(@OGUID+447, 181287, 533, 3254.52978515625, -2964.9931640625, 298.20721435546875, 0.017452461645007133, 0, 0, 0.008726119995117187, 0.999961912631988525, 604800, 604800), -- ABO LEFT
-- 448 - 449 - Reserved for Frozen Rune - Abom Wing, left
(@OGUID+450, 181287, 533, 3430.48583984375, -3195.661376953125, 297.557220458984375, 4.729844093322753906, 0, 0, -0.70090866088867187, 0.713251054286956787, 604800, 604800), -- ABO RIGHT
(@OGUID+451, 181287, 533, 3431.169189453125, -3184.859375, 297.859405517578125, 1.553341388702392578, 0, 0, 0.700908660888671875, 0.713251054286956787, 604800, 604800), -- ABO RIGHT
(@OGUID+452, 181287, 533, 3431.49853515625, -3272.490478515625, 270.195037841796875, 1.570795774459838867, 0, 0, 0.707106590270996093, 0.707106947898864746, 604800, 604800), -- ABO RIGHT
(@OGUID+453, 181287, 533, 3429.710205078125, -3074.217041015625, 297.615692138671875, 5.550147056579589843, 0, 0, -0.358367919921875, 0.933580458164215087, 604800, 604800), -- ABO RIGHT
(@OGUID+454, 181287, 533, 3398.939453125, -3104.988525390625, 297.92694091796875, 5.532694816589355468, 0, 0, -0.3665008544921875, 0.93041771650314331, 604800, 604800), -- ABO RIGHT
(@OGUID+455, 181287, 533, 3476.480224609375, -3283.204345703125, 270.71588134765625, 4.764749526977539062, 0, 0, -0.6883544921875, 0.725374460220336914, 604800, 604800), -- ABO RIGHT
(@OGUID+456, 181287, 533, 3475.904541015625, -3184.9052734375, 297.691314697265625, 1.570795774459838867, 0, 0, 0.707106590270996093, 0.707106947898864746, 604800, 604800), -- ABO RIGHT
(@OGUID+457, 181287, 533, 3363.880126953125, -3010.999755859375, 298.44122314453125, 2.338739633560180664, 0, 0, 0.920504570007324218, 0.3907318115234375, 604800, 604800), -- ABO RIGHT
-- 458 - 459 - Reserved for Frozen Rune - Abom Wing, right
(@OGUID+460, 181287, 533, 2800.18798828125, -3084.99072265625, 270.16314697265625, 3.141592741012573242, 0, 0, -1, 0, 604800, 604800), -- RAZUVIOUS
(@OGUID+461, 181287, 533, 2800.205078125, -3113.434814453125, 270.134765625, 3.263772249221801757, 0, 0, -0.99813461303710937, 0.061051756143569946, 604800, 604800), -- RAZUVIOUS
(@OGUID+462, 181287, 533, 2784.196533203125, -3067.589111328125, 270.15899658203125, 4.276057243347167968, 0, 0, -0.84339141845703125, 0.537299633026123046, 604800, 604800), -- RAZUVIOUS
(@OGUID+463, 181287, 533, 2756.0859375, -3067.3056640625, 270.316986083984375, 5.113816738128662109, 0, 0, -0.55193614959716796, 0.833886384963989257, 604800, 604800), -- RAZUVIOUS
(@OGUID+464, 181287, 533, 2744.298583984375, -3122.743408203125, 270.31292724609375, 0.750490784645080566, 0, 0, 0.3665008544921875, 0.93041771650314331, 604800, 604800), -- RAZUVIOUS
(@OGUID+465, 181287, 533, 2784.014404296875, -3131.332275390625, 270.059539794921875, 1.989672422409057617, 0, 0, 0.838669776916503906, 0.544640243053436279, 604800, 604800), -- RAZUVIOUS
-- 466 - 469 - Reserved for Frozen Rune - Instructor Razuvious
(@OGUID+470, 181287, 533, 2634.047119140625, -3386.8642578125, 270.20306396484375, 6.213373661041259765, 0, 0, -0.03489875793457031, 0.999390840530395507, 604800, 604800), -- GOTHIK
(@OGUID+471, 181287, 533, 2749.9375, -3367.388916015625, 269.8743896484375, 3.141592741012573242, 0, 0, -1, 0, 604800, 604800), -- GOTHIK
(@OGUID+472, 181287, 533, 2652.486083984375, -3433.81689453125, 270.6097412109375, 1.396261811256408691, 0, 0, 0.642786979675292968, 0.766044974327087402, 604800, 604800), -- GOTHIK
(@OGUID+473, 181287, 533, 2732.03369140625, -3433.679931640625, 270.31597900390625, 1.780233979225158691, 0, 0, 0.7771453857421875, 0.629321098327636718, 604800, 604800), -- GOTHIK
(@OGUID+474, 181287, 533, 2634.055908203125, -3366.512939453125, 270.016510009765625, 0, 0, 0, 0, 1, 604800, 604800), -- GOTHIK
(@OGUID+475, 181287, 533, 2702.755126953125, -3434.903564453125, 270.3248291015625, 1.605701684951782226, 0, 0, 0.719339370727539062, 0.694658815860748291, 604800, 604800), -- GOTHIK
(@OGUID+476, 181287, 533, 2749.91796875, -3409.1806640625, 269.939697265625, 3.106652259826660156, 0, 0, 0.999847412109375, 0.017469281330704689, 604800, 604800), -- GOTHIK
(@OGUID+477, 181287, 533, 2679.82421875, -3434.90673828125, 270.05865478515625, 1.570795774459838867, 0, 0, 0.707106590270996093, 0.707106947898864746, 604800, 604800), -- GOTHIK
-- 478 - 479 - Reserved for Frozen Rune - Gothik
(@OGUID+480, 181287, 533, 2465.862548828125, -2911.2392578125, 244.092559814453125, 5.637413978576660156, 0, 0, -0.31730461120605468, 0.948323667049407958, 604800, 604800), -- 4HM
(@OGUID+481, 181287, 533, 2502.23974609375, -3028.307373046875, 243.7120513916015625, 0.785396754741668701, 0, 0, 0.38268280029296875, 0.923879802227020263, 604800, 604800), -- 4HM
(@OGUID+482, 181287, 533, 2496.9111328125, -2881.178466796875, 243.5870819091796875, 5.375615119934082031, 0, 0, -0.4383707046508789, 0.898794233798980712, 604800, 604800), -- 4HM
(@OGUID+483, 181287, 533, 2621.7431640625, -2954.454345703125, 243.0490264892578125, 3.961898565292358398, 0, 0, -0.91705989837646484, 0.398749500513076782, 604800, 604800), -- 4HM
(@OGUID+484, 181287, 533, 2453.5634765625, -2977.34912109375, 244.2276153564453125, 0.785396754741668701, 0, 0, 0.38268280029296875, 0.923879802227020263, 604800, 604800), -- 4HM
(@OGUID+485, 181287, 533, 2548.509521484375, -2883.65185546875, 244.1880950927734375, 3.926995515823364257, 0, 0, -0.92387866973876953, 0.38268551230430603, 604800, 604800), -- 4HM
(@OGUID+486, 181287, 533, 2602.186767578125, -2935.0615234375, 243.960174560546875, 3.926995515823364257, 0, 0, -0.92387866973876953, 0.38268551230430603, 604800, 604800), -- 4HM
(@OGUID+487, 181287, 533, 2451.679931640625, -2926.417724609375, 243.5330352783203125, 5.672322273254394531, 0, 0, -0.3007049560546875, 0.953717231750488281, 604800, 604800), -- 4HM
-- 487 - 489 - Reserved for Frozen Rune - Four Horsemen
(@OGUID+490, 181287, 533, 2533.32080078125, -3184.85009765625, 243.70538330078125, 1.640606880187988281, 0, 0, 0.731352806091308593, 0.6819993257522583, 604800, 604800), -- Deathknight LEFT
(@OGUID+491, 181287, 533, 2533.997802734375, -3272.434326171875, 270.528076171875, 1.570795774459838867, 0, 0, 0.707106590270996093, 0.707106947898864746, 604800, 604800), -- Deathknight LEFT
(@OGUID+492, 181287, 533, 2620.6484375, -3099.322998046875, 243.886962890625, 0.785396754741668701, 0, 0, 0.38268280029296875, 0.923879802227020263, 604800, 604800), -- Deathknight LEFT
(@OGUID+493, 181287, 533, 2578.552978515625, -3272.43408203125, 271.059112548828125, 1.570795774459838867, 0, 0, 0.707106590270996093, 0.707106947898864746, 604800, 604800), -- Deathknight LEFT
(@OGUID+494, 181287, 533, 2612.692626953125, -3106.583251953125, 243.39996337890625, 3.9793548583984375, 0, 0, -0.9135446548461914, 0.406738430261611938, 604800, 604800), -- Deathknight LEFT
(@OGUID+495, 181287, 533, 2579.19921875, -3195.605224609375, 243.922882080078125, 4.764749526977539062, 0, 0, -0.6883544921875, 0.725374460220336914, 604800, 604800), -- Deathknight LEFT
(@OGUID+496, 181287, 533, 2534.56201171875, -3283.189453125, 270.664215087890625, 4.747295856475830078, 0, 0, -0.69465827941894531, 0.719339847564697265, 604800, 604800), -- Deathknight LEFT
-- 497 - 499 - Reserved for Frozen Rune - Deathknight Wing, left
(@OGUID+500, 181287, 533, 2853.92138671875, -3008.4267578125, 271.27423095703125, 6.265733242034912109, 0, 0, -0.00872611999511718, 0.999961912631988525, 604800, 604800), -- Deathknight RIGHT
(@OGUID+501, 181287, 533, 2755.582275390625, -2962.925048828125, 243.5436553955078125, 3.194002151489257812, 0, 0, -0.99965667724609375, 0.026201646775007247, 604800, 604800), -- Deathknight RIGHT
(@OGUID+502, 181287, 533, 2843.166259765625, -3006.811767578125, 270.595184326171875, 3.141592741012573242, 0, 0, -1, 0, 604800, 604800), -- Deathknight RIGHT
(@OGUID+503, 181287, 533, 2755.58203125, -3006.159423828125, 244.1866607666015625, 3.141592741012573242, 0, 0, -1, 0, 604800, 604800), -- Deathknight RIGHT
(@OGUID+504, 181287, 533, 2843.166259765625, -2963.52001953125, 270.98614501953125, 3.141592741012573242, 0, 0, -1, 0, 604800, 604800), -- Deathknight RIGHT
(@OGUID+505, 181287, 533, 2678.041015625, -3042.792236328125, 244.450714111328125, 0.890116631984710693, 0, 0, 0.430510520935058593, 0.902585566043853759, 604800, 604800), -- Deathknight RIGHT
(@OGUID+506, 181287, 533, 2853.92138671875, -2964.25830078125, 271.169677734375, 0.069811686873435974, 0, 0, 0.034898757934570312, 0.999390840530395507, 604800, 604800), -- Deathknight RIGHT
(@OGUID+507, 181287, 533, 2766.337158203125, -3007.523193359375, 243.2849884033203125, 0.104719325900077819, 0, 0, 0.052335739135742187, 0.998629570007324218, 604800, 604800), -- Deathknight RIGHT
(@OGUID+508, 181287, 533, 2635.70166015625, -3015.73193359375, 243.35107421875, 3.90954136848449707, 0, 0, -0.92718315124511718, 0.37460830807685852, 604800, 604800); -- Deathknight RIGHT
-- 508 - 509 - Reserved for Frozen Rune - Deathknight Wing, right

INSERT INTO `gameobject_addon` (`guid`, `animprogress`, `state`) VALUES
(@OGUID+1, 0, -1),
(@OGUID+2, 0, -1),
(@OGUID+4, 0, -1),
(@OGUID+5, 0, -1),
(@OGUID+6, 0, -1),
(@OGUID+7, 0, -1),
(@OGUID+8, 0, -1),
(@OGUID+9, 0, -1),
(@OGUID+10, 0, -1),
(@OGUID+11, 0, -1),
(@OGUID+12, 0, -1),
(@OGUID+13, 0, -1),
(@OGUID+14, 0, -1),
(@OGUID+15, 0, 1),
(@OGUID+16, 0, 1),
(@OGUID+17, 0, -1),
(@OGUID+18, 0, -1),
(@OGUID+19, 0, -1),
(@OGUID+21, 0, -1),
(@OGUID+22, 0, -1),
(@OGUID+23, 0, -1),
(@OGUID+24, 0, -1),
(@OGUID+25, 0, -1),
(@OGUID+27, 100, 0),
(@OGUID+28, 0, -1),
(@OGUID+29, 0, -1),
(@OGUID+30, 0, -1),
(@OGUID+31, 0, -1),
(@OGUID+32, 0, -1),
(@OGUID+33, 0, -1),
(@OGUID+34, 0, -1),
(@OGUID+35, 0, -1),
(@OGUID+36, 0, -1),
(@OGUID+37, 0, -1),
(@OGUID+38, 0, -1),
(@OGUID+39, 0, -1),
(@OGUID+75, 0, -1),
(@OGUID+82, 0, -1),
(@OGUID+83, 0, -1),
(@OGUID+84, 0, -1),
(@OGUID+85, 0, -1),
(@OGUID+86, 0, -1),
(@OGUID+87, 0, -1),
(@OGUID+88, 0, -1),
(@OGUID+89, 0, -1),
(@OGUID+90, 0, -1),
(@OGUID+91, 0, -1),
(@OGUID+92, 0, -1),
(@OGUID+93, 0, -1),
(@OGUID+94, 0, -1),
(@OGUID+95, 0, -1),
(@OGUID+96, 0, -1),
(@OGUID+97, 0, -1),
(@OGUID+98, 0, -1),
(@OGUID+99, 0, -1),
(@OGUID+100, 0, -1),
(@OGUID+101, 0, -1),
(@OGUID+102, 0, -1),
(@OGUID+103, 0, -1),
(@OGUID+104, 0, -1),
(@OGUID+105, 0, -1),
(@OGUID+106, 0, -1),
(@OGUID+107, 0, -1),
(@OGUID+108, 0, -1),
(@OGUID+109, 0, -1),
(@OGUID+110, 0, -1),
(@OGUID+111, 0, -1),
(@OGUID+112, 0, -1),
(@OGUID+113, 0, -1),
(@OGUID+114, 0, -1),
(@OGUID+115, 0, -1),
(@OGUID+116, 0, -1),
(@OGUID+117, 0, -1),
(@OGUID+118, 0, -1),
(@OGUID+119, 0, -1),
(@OGUID+120, 0, -1),
(@OGUID+121, 0, -1),
(@OGUID+122, 0, -1),
(@OGUID+123, 0, -1),
(@OGUID+124, 0, -1),
(@OGUID+125, 0, -1),
(@OGUID+128, 0, -1),
(@OGUID+130, 0, -1),
(@OGUID+131, 0, -1),
(@OGUID+132, 0, -1),
(@OGUID+133, 0, -1),
(@OGUID+134, 0, -1),
(@OGUID+135, 0, -1),
(@OGUID+136, 0, -1),
(@OGUID+137, 0, -1),
(@OGUID+138, 0, -1),
(@OGUID+139, 0, -1),
(@OGUID+140, 0, -1),
(@OGUID+141, 0, -1),
(@OGUID+142, 0, -1),
(@OGUID+143, 0, -1),
(@OGUID+144, 0, -1),
(@OGUID+145, 0, -1),
(@OGUID+146, 0, -1),
(@OGUID+147, 0, -1),
(@OGUID+148, 0, -1),
(@OGUID+149, 0, -1),
(@OGUID+150, 0, -1),
(@OGUID+151, 0, -1),
(@OGUID+152, 0, -1),
(@OGUID+153, 0, -1),
(@OGUID+154, 0, -1),
(@OGUID+155, 0, -1),
(@OGUID+156, 0, -1),
(@OGUID+157, 0, -1),
(@OGUID+158, 0, -1),
(@OGUID+159, 0, -1),
(@OGUID+160, 0, -1),
(@OGUID+161, 0, -1),
(@OGUID+162, 0, -1),
(@OGUID+163, 0, -1),
(@OGUID+164, 0, -1),
(@OGUID+165, 0, -1),
(@OGUID+166, 0, -1),
(@OGUID+167, 0, -1),
(@OGUID+168, 0, -1),
(@OGUID+169, 0, -1),
(@OGUID+170, 0, -1),
(@OGUID+171, 0, -1),
(@OGUID+172, 0, -1),
(@OGUID+173, 0, -1),
(@OGUID+174, 0, -1),
(@OGUID+175, 0, -1),
(@OGUID+176, 0, -1),
(@OGUID+177, 0, -1),
(@OGUID+178, 0, -1),
(@OGUID+179, 0, -1),
(@OGUID+180, 0, -1),
(@OGUID+181, 0, -1),
(@OGUID+182, 0, -1),
(@OGUID+183, 0, -1),
(@OGUID+184, 0, -1),
(@OGUID+185, 0, -1),
(@OGUID+186, 0, -1),
(@OGUID+187, 0, -1),
(@OGUID+188, 0, -1),
(@OGUID+189, 0, -1),
(@OGUID+190, 0, -1),
(@OGUID+191, 0, -1),
(@OGUID+192, 0, -1),
(@OGUID+193, 0, -1),
(@OGUID+194, 0, -1),
(@OGUID+195, 0, -1),
(@OGUID+196, 0, -1),
(@OGUID+197, 0, -1),
(@OGUID+198, 0, -1),
(@OGUID+199, 0, -1),
(@OGUID+200, 0, -1),
(@OGUID+201, 0, -1);

-- ======
-- EVENTS
-- ======

INSERT INTO `game_event_creature` (`guid`, `event`) VALUES
(@CGUID+408, 12); -- Embalming Slime (Hallow's End)

-- INSERT INTO `game_event_creature_data` (`guid`, `entry_id`, `modelid`, `equipment_id`, `spell_start`, `spell_end`, `event`) VALUES
-- INSERT INTO `game_event_gameobject` (`guid`, `event`) VALUES

-- ============
-- SPAWN GROUPS
-- ============

INSERT INTO `spawn_group` (`Id`, `Name`, `Type`, `MaxCount`, `WorldState`, `Flags`) VALUES
(@SGUID+000, 'Naxxramas - Deathknight Vindicator (3) Patrol 000', 0, 0, 0, 1),
(@SGUID+001, 'Naxxramas - Deathknight Vindicator (3) Patrol 001', 0, 0, 0, 1),
(@SGUID+002, 'Naxxramas - Deathknight Vindicator (3) Patrol 002', 0, 0, 0, 1),
(@SGUID+003, 'Naxxramas - Deathknight Vindicator (3) Patrol 003', 0, 0, 0, 1),
(@SGUID+004, 'Naxxramas - Deathknight Vindicator (3) Patrol 004', 0, 0, 0, 1),
(@SGUID+005, 'Naxxramas - Deathknight Vindicator (3) Patrol 005', 0, 0, 0, 1),
(@SGUID+006, 'Naxxramas - Death Lord (3) Patrol 000', 0, 0, 0, 1),
(@SGUID+007, 'Naxxramas - Deathknight Cavalier (2) Patrol 000', 0, 0, 0, 1),
(@SGUID+008, 'Naxxramas - Deathknight Cavalier (2) Patrol 001', 0, 0, 0, 1),
(@SGUID+009, 'Naxxramas - Deathknight (3) Patrol 000', 0, 0, 0, 1),
(@SGUID+010, 'Naxxramas - Shade of Naxxramas (3) Patrol 000', 0, 0, 0, 1),
(@SGUID+011, 'Naxxramas - Crypt Reaver (1) Standing 000', 0, 1, 0, 0),
(@SGUID+012, 'Naxxramas - Crypt Reaver (1) Standing 001', 0, 1, 0, 0),
(@SGUID+013, 'Naxxramas - Unholy Weapon (2) Patrol 000', 0, 0, 0, 1),
(@SGUID+014, 'Naxxramas - Unholy Weapon (2) Patrol 001', 0, 0, 0, 1),
(@SGUID+015, 'Naxxramas - Unholy Weapon (2) Patrol 002', 0, 0, 0, 1),
(@SGUID+016, 'Naxxramas - Unholy Weapon (2) Patrol 003', 0, 0, 0, 1),
(@SGUID+017, 'Naxxramas - Unholy Weapon (2) Standing 000', 0, 0, 0, 1),
(@SGUID+018, 'Naxxramas - Unholy Weapon (2) Standing 001', 0, 0, 0, 1),
(@SGUID+019, 'Naxxramas - Unholy Weapon (2) Standing 002', 0, 0, 0, 1),
(@SGUID+020, 'Naxxramas - Unholy Weapon (2) Standing 003', 0, 0, 0, 1),
(@SGUID+021, 'Naxxramas - Skeletal Steed (2) Standing 000', 0, 0, 0, 1),
(@SGUID+022, 'Naxxramas - Skeletal Steed (2) Standing 001', 0, 0, 0, 1),
(@SGUID+023, 'Naxxramas - Skeletal Steed (2) Standing 002', 0, 0, 0, 1),
(@SGUID+024, 'Naxxramas - Skeletal Steed (2) Standing 003', 0, 0, 0, 1);

INSERT INTO `spawn_group_entry` (`Id`, `Entry`, `MinCount`, `MaxCount`, `Chance`) VALUES
(@SGUID+013, 16194, 0, 2, 0), -- Unholy Axe
(@SGUID+014, 16215, 0, 2, 0), -- Unholy Staff
(@SGUID+015, 16215, 0, 2, 0), -- Unholy Staff
(@SGUID+016, 16216, 0, 2, 0), -- Unholy Sword
(@SGUID+017, 16194, 0, 1, 0), -- Unholy Axe
(@SGUID+017, 16215, 0, 1, 0), -- Unholy Staff
(@SGUID+017, 16216, 0, 1, 0), -- Unholy Sword
(@SGUID+018, 16194, 0, 1, 0), -- Unholy Axe
(@SGUID+018, 16215, 0, 1, 0), -- Unholy Staff
(@SGUID+018, 16216, 0, 1, 0), -- Unholy Sword
(@SGUID+019, 16194, 0, 1, 0), -- Unholy Axe
(@SGUID+019, 16215, 0, 1, 0), -- Unholy Staff
(@SGUID+019, 16216, 0, 1, 0), -- Unholy Sword
(@SGUID+020, 16194, 0, 1, 0), -- Unholy Axe
(@SGUID+020, 16215, 0, 1, 0), -- Unholy Staff
(@SGUID+020, 16216, 0, 1, 0); -- Unholy Sword

INSERT INTO `spawn_group_spawn` (`Id`, `Guid`, `SlotId`, `Chance`) VALUES
(@SGUID+000, @CGUID+990, 0, 0),
(@SGUID+000, @CGUID+991, 1, 0),
(@SGUID+000, @CGUID+992, 2, 0),
(@SGUID+001, @CGUID+993, 0, 0),
(@SGUID+001, @CGUID+994, 1, 0),
(@SGUID+001, @CGUID+995, 2, 0),
(@SGUID+002, @CGUID+996, 0, 0),
(@SGUID+002, @CGUID+997, 1, 0),
(@SGUID+002, @CGUID+998, 2, 0),
(@SGUID+003, @CGUID+999, 0, 0),
(@SGUID+003, @CGUID+1000, 1, 0),
(@SGUID+003, @CGUID+1001, 2, 0),
(@SGUID+004, @CGUID+1002, 0, 0),
(@SGUID+004, @CGUID+1003, 1, 0),
(@SGUID+004, @CGUID+1004, 2, 0),
(@SGUID+005, @CGUID+1005, 0, 0),
(@SGUID+005, @CGUID+1006, 1, 0),
(@SGUID+005, @CGUID+1007, 2, 0),
(@SGUID+006, @CGUID+1030, 0, 0),
(@SGUID+006, @CGUID+700, 1, 0),
(@SGUID+006, @CGUID+701, 2, 0),
(@SGUID+007, @CGUID+698, 0, 0),
(@SGUID+007, @CGUID+699, 1, 0),
(@SGUID+008, @CGUID+702, 0, 0),
(@SGUID+008, @CGUID+703, 1, 0),
(@SGUID+009, @CGUID+670, 0, 0),
(@SGUID+009, @CGUID+684, 1, 0),
(@SGUID+009, @CGUID+685, 2, 0),
(@SGUID+010, @CGUID+704, 0, 0),
(@SGUID+010, @CGUID+709, 1, 0),
(@SGUID+010, @CGUID+710, 2, 0),
(@SGUID+011, @CGUID+268, 0, 0),
(@SGUID+011, @CGUID+269, 1, 0),
(@SGUID+012, @CGUID+270, 0, 0),
(@SGUID+012, @CGUID+271, 1, 0),
(@SGUID+013, @CGUID+1180, 0, 0),
(@SGUID+013, @CGUID+1181, 1, 0),
(@SGUID+014, @CGUID+1190, 0, 0),
(@SGUID+014, @CGUID+1191, 1, 0),
(@SGUID+015, @CGUID+1200, 0, 0),
(@SGUID+015, @CGUID+1201, 1, 0),
(@SGUID+016, @CGUID+1210, 0, 0),
(@SGUID+016, @CGUID+1211, 1, 0),
(@SGUID+017, @CGUID+1220, 0, 0),
(@SGUID+017, @CGUID+1221, 1, 0),
(@SGUID+018, @CGUID+1230, 0, 0),
(@SGUID+018, @CGUID+1231, 1, 0),
(@SGUID+019, @CGUID+1240, 0, 0),
(@SGUID+019, @CGUID+1241, 1, 0),
(@SGUID+020, @CGUID+1250, 0, 0),
(@SGUID+020, @CGUID+1251, 1, 0),
(@SGUID+021, @CGUID+1260, 0, 0),
(@SGUID+021, @CGUID+1261, 1, 0),
(@SGUID+022, @CGUID+1270, 0, 0),
(@SGUID+022, @CGUID+1271, 1, 0),
(@SGUID+023, @CGUID+1280, 0, 0),
(@SGUID+023, @CGUID+1281, 1, 0),
(@SGUID+024, @CGUID+1290, 0, 0),
(@SGUID+024, @CGUID+1291, 1, 0);

INSERT INTO `spawn_group_formation` (`Id`, `FormationType`, `FormationSpread`, `FormationOptions`, `PathId`, `MovementType`, `Comment`) VALUES
(@SGUID+000, 2, 5, 0, @WGUID+000, 4, 'Naxxramas - Deathknight Vindicator (3) Patrol 000'),
(@SGUID+001, 2, 5, 0, @WGUID+001, 4, 'Naxxramas - Deathknight Vindicator (3) Patrol 001'),
(@SGUID+002, 2, 5, 0, @WGUID+002, 4, 'Naxxramas - Deathknight Vindicator (3) Patrol 002'),
(@SGUID+003, 2, 5, 0, @WGUID+003, 4, 'Naxxramas - Deathknight Vindicator (3) Patrol 003'),
(@SGUID+004, 2, 5, 0, @WGUID+004, 4, 'Naxxramas - Deathknight Vindicator (3) Patrol 004'),
(@SGUID+005, 2, 5, 0, @WGUID+005, 4, 'Naxxramas - Deathknight Vindicator (3) Patrol 005'),
(@SGUID+006, 2, 7, 0, @WGUID+006, 4, 'Naxxramas - Death Lord (3) Patrol 000'),
(@SGUID+007, 2, 4, 0, @WGUID+007, 2, 'Naxxramas - Deathknight Cavalier (2) Patrol 000'),
(@SGUID+008, 2, 4, 0, @WGUID+008, 4, 'Naxxramas - Deathknight Cavalier (2) Patrol 001'),
(@SGUID+009, 3, 3, 0, @WGUID+009, 4, 'Naxxramas - Deathknight (3) Patrol 000'),
(@SGUID+010, 2, 3, 0, @WGUID+010, 4, 'Naxxramas - Shade of Naxxramas (3) Patrol 000'),
(@SGUID+013, 2, 5, 0, @WGUID+011, 2, 'Naxxramas - Unholy Weapon (2) Patrol 000'),
(@SGUID+014, 2, 5, 0, @WGUID+012, 4, 'Naxxramas - Unholy Weapon (2) Patrol 001'),
(@SGUID+015, 2, 5, 0, @WGUID+013, 4, 'Naxxramas - Unholy Weapon (2) Patrol 002'),
(@SGUID+016, 2, 5, 0, @WGUID+014, 4, 'Naxxramas - Unholy Weapon (2) Patrol 003');

INSERT INTO `waypoint_path_name` (`PathId`, `Name`) VALUES
(@WGUID+000, 'Naxxramas - Deathknight Vindicator (3) Patrol 000'),
(@WGUID+001, 'Naxxramas - Deathknight Vindicator (3) Patrol 001'),
(@WGUID+002, 'Naxxramas - Deathknight Vindicator (3) Patrol 002'),
(@WGUID+003, 'Naxxramas - Deathknight Vindicator (3) Patrol 003'),
(@WGUID+004, 'Naxxramas - Deathknight Vindicator (3) Patrol 004'),
(@WGUID+005, 'Naxxramas - Deathknight Vindicator (3) Patrol 005'),
(@WGUID+006, 'Naxxramas - Death Lord (3) Patrol 000'),
(@WGUID+007, 'Naxxramas - Deathknight Cavalier (2) Patrol 000'),
(@WGUID+008, 'Naxxramas - Deathknight Cavalier (2) Patrol 001'),
(@WGUID+009, 'Naxxramas - Deathknight (3) Patrol 000'),
(@WGUID+010, 'Naxxramas - Shade of Naxxramas (3) Patrol 000'),
(@WGUID+011, 'Naxxramas - Unholy Weapon (2) Patrol 000'),
(@WGUID+012, 'Naxxramas - Unholy Weapon (2) Patrol 001'),
(@WGUID+013, 'Naxxramas - Unholy Weapon (2) Patrol 002'),
(@WGUID+014, 'Naxxramas - Unholy Weapon (2) Patrol 003');

INSERT INTO `waypoint_path` (`PathId`, `Point`, `PositionX`, `PositionY`, `PositionZ`, `Orientation`, `WaitTime`, `ScriptId`) VALUES
(@WGUID+000, 01, 2556.662597656250, -3500.704345703125, 267.7499694824218750, 100, 0, 0),
(@WGUID+000, 02, 2557.385986328125, -3539.411376953125, 267.7499694824218750, 100, 0, 0),
(@WGUID+000, 03, 2555.852783203125, -3582.011962890625, 267.7500305175781250, 100, 0, 0),
(@WGUID+000, 04, 2554.250000000000, -3608.111572265625, 267.7500000000000000, 100, 0, 0),
(@WGUID+000, 05, 2556.057861328125, -3651.870605468750, 283.7389221191406250, 100, 0, 0),
(@WGUID+000, 06, 2557.393798828125, -3676.326416015625, 294.7500000000000000, 100, 0, 0),
(@WGUID+000, 07, 2559.929687500000, -3705.278320312500, 294.7499694824218750, 100, 0, 0),
(@WGUID+000, 08, 2555.814208984375, -3738.862792968750, 294.8285522460937500, 100, 0, 0),
(@WGUID+000, 09, 2578.244384765625, -3761.799072265625, 294.8285217285156250, 100, 0, 0),
(@WGUID+000, 10, 2602.462646484375, -3786.076416015625, 294.8285522460937500, 100, 0, 0),
(@WGUID+000, 11, 2633.827880859375, -3817.206298828125, 294.8285522460937500, 100, 0, 0),
(@WGUID+000, 12, 2665.702148437500, -3850.414062500000, 294.8285522460937500, 100, 0, 0),
(@WGUID+000, 13, 2698.182373046875, -3882.201416015625, 294.6736755371093750, 100, 0, 0),
(@WGUID+000, 14, 2740.275146484375, -3882.261230468750, 294.6736755371093750, 100, 0, 0),
(@WGUID+000, 15, 2774.763183593750, -3882.999511718750, 289.2421875000000000, 100, 0, 0),
(@WGUID+000, 16, 2809.310058593750, -3883.635986328125, 272.2578125000000000, 100, 0, 0),
(@WGUID+000, 17, 2840.132568359375, -3882.753173828125, 267.6736755371093750, 100, 0, 0),
(@WGUID+000, 18, 2856.760986328125, -3882.743164062500, 267.7094116210937500, 100, 0, 0),
(@WGUID+001, 01, 2878.691894531250, -3883.065185546875, 268.0408630371093750, 100, 0, 0),
(@WGUID+001, 02, 2845.435546875000, -3884.167968750000, 267.8665466308593750, 100, 0, 0),
(@WGUID+001, 03, 2807.561523437500, -3886.141601562500, 273.1859130859375000, 100, 0, 0),
(@WGUID+001, 04, 2771.139892578125, -3883.057373046875, 291.1987304687500000, 100, 0, 0),
(@WGUID+001, 05, 2744.309082031250, -3882.347656250000, 294.6736755371093750, 100, 0, 0),
(@WGUID+001, 06, 2701.006591796875, -3884.131591796875, 294.6736755371093750, 100, 0, 0),
(@WGUID+001, 07, 2676.797119140625, -3860.784667968750, 294.6736755371093750, 100, 0, 0),
(@WGUID+001, 08, 2648.429687500000, -3833.007812500000, 294.8285522460937500, 100, 0, 0),
(@WGUID+001, 09, 2621.836425781250, -3806.288330078125, 294.8285522460937500, 100, 0, 0),
(@WGUID+001, 10, 2593.103759765625, -3776.812500000000, 294.8285827636718750, 100, 0, 0),
(@WGUID+001, 11, 2556.415527343750, -3743.040039062500, 294.8285522460937500, 100, 0, 0),
(@WGUID+001, 12, 2556.385253906250, -3706.522949218750, 294.7499694824218750, 100, 0, 0),
(@WGUID+001, 13, 2556.253173828125, -3663.808105468750, 288.9920654296875000, 100, 0, 0),
(@WGUID+001, 14, 2554.798583984375, -3619.225585937500, 267.7500000000000000, 100, 0, 0),
(@WGUID+001, 15, 2556.281494140625, -3572.371093750000, 267.7500305175781250, 100, 0, 0),
(@WGUID+001, 16, 2556.422363281250, -3535.765136718750, 267.7499694824218750, 100, 0, 0),
(@WGUID+001, 17, 2556.140625000000, -3502.159423828125, 267.7499694824218750, 100, 0, 0),
(@WGUID+002, 01, 3100.569580078125, -2985.923339843750, 267.7573547363281250, 100, 0, 0),
(@WGUID+002, 02, 3128.565185546875, -2985.624023437500, 267.7573242187500000, 100, 0, 0),
(@WGUID+002, 03, 3152.553466796875, -2984.745117187500, 267.7572937011718750, 100, 0, 0),
(@WGUID+002, 04, 3176.254882812500, -2983.227783203125, 267.7573242187500000, 100, 0, 0),
(@WGUID+002, 05, 3210.921142578125, -2983.657958984375, 277.4340820312500000, 100, 0, 0),
(@WGUID+002, 06, 3242.678466796875, -2985.589843750000, 292.8113098144531250, 100, 0, 0),
(@WGUID+002, 07, 3268.956298828125, -2988.191406250000, 294.7573242187500000, 100, 0, 0),
(@WGUID+002, 08, 3309.188720703125, -2990.389892578125, 294.7572937011718750, 100, 0, 0),
(@WGUID+002, 09, 3336.358886718750, -3014.202392578125, 294.7573242187500000, 100, 0, 0),
(@WGUID+002, 10, 3359.783203125000, -3034.421142578125, 294.7573547363281250, 100, 0, 0),
(@WGUID+002, 11, 3389.051757812500, -3063.875000000000, 294.7573547363281250, 100, 0, 0),
(@WGUID+002, 12, 3423.378173828125, -3097.835205078125, 294.7573242187500000, 100, 0, 0),
(@WGUID+002, 13, 3453.470947265625, -3128.761962890625, 294.7573242187500000, 100, 0, 0),
(@WGUID+002, 14, 3453.657958984375, -3176.320312500000, 294.7573242187500000, 100, 0, 0),
(@WGUID+002, 15, 3454.008300781250, -3209.815185546875, 287.3991699218750000, 100, 0, 0),
(@WGUID+002, 16, 3454.247802734375, -3230.370117187500, 276.5093078613281250, 100, 0, 0),
(@WGUID+002, 17, 3454.416259765625, -3252.493408203125, 267.7573242187500000, 100, 0, 0),
(@WGUID+002, 18, 3453.711425781250, -3300.184814453125, 267.7573242187500000, 100, 0, 0),
(@WGUID+002, 19, 3453.782470703125, -3340.823486328125, 267.7573242187500000, 100, 0, 0),
(@WGUID+003, 01, 3453.608886718750, -3336.375732421875, 267.7573242187500000, 100, 0, 0),
(@WGUID+003, 02, 3452.666259765625, -3292.126220703125, 267.7573242187500000, 100, 0, 0),
(@WGUID+003, 03, 3452.156250000000, -3266.242431640625, 267.7573242187500000, 100, 0, 0),
(@WGUID+003, 04, 3452.884033203125, -3227.357666015625, 278.1048583984375000, 100, 0, 0),
(@WGUID+003, 05, 3454.095214843750, -3190.902343750000, 294.7573242187500000, 100, 0, 0),
(@WGUID+003, 06, 3453.920410156250, -3153.384521484375, 294.7573242187500000, 100, 0, 0),
(@WGUID+003, 07, 3453.633544921875, -3128.652343750000, 294.7573242187500000, 100, 0, 0),
(@WGUID+003, 08, 3436.475830078125, -3112.059814453125, 294.7573242187500000, 100, 0, 0),
(@WGUID+003, 09, 3403.796630859375, -3078.933105468750, 294.7572937011718750, 100, 0, 0),
(@WGUID+003, 10, 3371.853027343750, -3047.606933593750, 294.7573547363281250, 100, 0, 0),
(@WGUID+003, 11, 3338.718261718750, -3016.709472656250, 294.7573242187500000, 100, 0, 0),
(@WGUID+003, 12, 3307.324707031250, -2989.836181640625, 294.7572937011718750, 100, 0, 0),
(@WGUID+003, 13, 3260.254882812500, -2986.350585937500, 294.7573242187500000, 100, 0, 0),
(@WGUID+003, 14, 3234.970947265625, -2984.815185546875, 289.1448974609375000, 100, 0, 0),
(@WGUID+003, 15, 3212.776611328125, -2985.020507812500, 278.4059143066406250, 100, 0, 0),
(@WGUID+003, 16, 3180.802246093750, -2985.041259765625, 267.7573242187500000, 100, 0, 0),
(@WGUID+003, 17, 3138.672851562500, -2985.157226562500, 267.7573242187500000, 100, 0, 0),
(@WGUID+003, 18, 3100.591552734375, -2985.629638671875, 267.7573547363281250, 100, 0, 0),
(@WGUID+004, 01, 2894.091552734375, -2985.539306640625, 267.7573242187500000, 100, 0, 0),
(@WGUID+004, 02, 2857.651611328125, -2985.763427734375, 267.7573242187500000, 100, 0, 0),
(@WGUID+004, 03, 2838.583007812500, -2985.468017578125, 264.1363830566406250, 100, 0, 0),
(@WGUID+004, 04, 2806.801513671875, -2985.781738281250, 248.5280456542968750, 100, 0, 0),
(@WGUID+004, 05, 2778.591552734375, -2985.795166015625, 240.5573272705078125, 100, 0, 0),
(@WGUID+004, 06, 2753.272460937500, -2986.195068359375, 240.5573120117187500, 100, 0, 0),
(@WGUID+004, 07, 2704.170166015625, -2985.057861328125, 240.5573425292968750, 100, 0, 0),
(@WGUID+004, 08, 2680.982177734375, -3003.037597656250, 240.5573425292968750, 100, 0, 0),
(@WGUID+004, 09, 2649.092529296875, -3032.515869140625, 240.6875305175781250, 100, 0, 0),
(@WGUID+004, 10, 2619.247070312500, -3061.765380859375, 240.6875610351562500, 100, 0, 0),
(@WGUID+004, 11, 2596.782226562500, -3084.143066406250, 240.9628448486328125, 100, 0, 0),
(@WGUID+004, 12, 2570.247314453125, -3111.786376953125, 240.6875457763671875, 100, 0, 0),
(@WGUID+004, 13, 2553.954345703125, -3131.364746093750, 240.6875457763671875, 100, 0, 0),
(@WGUID+004, 14, 2556.140380859375, -3179.359619140625, 240.6875610351562500, 100, 0, 0),
(@WGUID+004, 15, 2554.573486328125, -3224.922851562500, 242.7877502441406250, 100, 0, 0),
(@WGUID+004, 16, 2555.261230468750, -3243.888671875000, 252.8784484863281250, 100, 0, 0),
(@WGUID+004, 17, 2556.263916015625, -3258.990722656250, 260.7500610351562500, 100, 0, 0),
(@WGUID+004, 18, 2556.699218750000, -3278.864501953125, 267.7500000000000000, 100, 0, 0),
(@WGUID+004, 19, 2556.457031250000, -3322.006103515625, 267.7499694824218750, 100, 0, 0),
(@WGUID+005, 01, 2556.705322265625, -3334.408447265625, 267.7499694824218750, 100, 0, 0),
(@WGUID+005, 02, 2556.617675781250, -3307.602050781250, 267.7499694824218750, 100, 0, 0),
(@WGUID+005, 03, 2556.292968750000, -3280.976074218750, 267.7500000000000000, 100, 0, 0),
(@WGUID+005, 04, 2556.604736328125, -3248.458740234375, 255.3048400878906250, 100, 0, 0),
(@WGUID+005, 05, 2556.454345703125, -3204.416748046875, 240.5500183105468750, 100, 0, 0),
(@WGUID+005, 06, 2555.421630859375, -3179.126953125000, 240.6875610351562500, 100, 0, 0),
(@WGUID+005, 07, 2556.202392578125, -3157.404052734375, 240.6875457763671875, 100, 0, 0),
(@WGUID+005, 08, 2556.076171875000, -3129.318603515625, 240.6875457763671875, 100, 0, 0),
(@WGUID+005, 09, 2586.669189453125, -3098.506103515625, 240.6875305175781250, 100, 0, 0),
(@WGUID+005, 10, 2620.904785156250, -3064.025390625000, 240.6875610351562500, 100, 0, 0),
(@WGUID+005, 11, 2645.222167968750, -3039.669921875000, 240.6875610351562500, 100, 0, 0),
(@WGUID+005, 12, 2677.869140625000, -3007.498779296875, 240.5573425292968750, 100, 0, 0),
(@WGUID+005, 13, 2700.384033203125, -2984.831542968750, 240.5573425292968750, 100, 0, 0),
(@WGUID+005, 14, 2749.858886718750, -2985.292480468750, 240.5573120117187500, 100, 0, 0),
(@WGUID+005, 15, 2795.958251953125, -2984.750488281250, 242.8388214111328125, 100, 0, 0),
(@WGUID+005, 16, 2815.523193359375, -2985.905273437500, 253.1055297851562500, 100, 0, 0),
(@WGUID+005, 17, 2837.153320312500, -2987.224365234375, 263.4650573730468750, 100, 0, 0),
(@WGUID+005, 18, 2863.833251953125, -2987.051513671875, 267.7573242187500000, 100, 0, 0),
(@WGUID+005, 19, 2895.389892578125, -2985.884033203125, 267.7573242187500000, 100, 0, 0),
(@WGUID+006, 01, 2924.502929687500, -3188.188964843750, 273.5573120117187500, 100, 0, 0),
(@WGUID+006, 02, 2876.385009765625, -3190.184326171875, 273.5573120117187500, 100, 0, 0),
(@WGUID+007, 01, 2804.359863281250, -3190.487792968750, 273.9430847167968750, 100, 0, 0),
(@WGUID+007, 02, 2820.001708984375, -3202.298828125000, 273.9213562011718750, 100, 0, 0),
(@WGUID+007, 03, 2844.853271484375, -3200.757812500000, 273.9948425292968750, 100, 0, 0),
(@WGUID+007, 04, 2848.529541015625, -3180.427001953125, 273.9587097167968750, 100, 0, 0),
(@WGUID+007, 05, 2846.159423828125, -3156.340820312500, 273.9086608886718750, 100, 0, 0),
(@WGUID+007, 06, 2841.694580078125, -3139.440429687500, 273.9418945312500000, 100, 0, 0),
(@WGUID+007, 07, 2832.740722656250, -3133.464111328125, 273.9271240234375000, 100, 0, 0),
(@WGUID+007, 08, 2816.082519531250, -3129.769042968750, 273.8612365722656250, 100, 0, 0),
(@WGUID+007, 09, 2805.257080078125, -3146.218261718750, 273.8553771972656250, 100, 0, 0),
(@WGUID+007, 10, 2799.301757812500, -3166.833740234375, 273.8917541503906250, 100, 0, 0),
(@WGUID+008, 01, 2787.387939453125, -3287.190917968750, 267.7573242187500000, 100, 0, 0),
(@WGUID+008, 02, 2787.864257812500, -3320.594970703125, 267.7572937011718750, 100, 0, 0),
(@WGUID+008, 03, 2787.930908203125, -3363.628173828125, 267.7572937011718750, 100, 0, 0),
(@WGUID+009, 01, 2886.359619140625, -3218.305419921875, 298.1573181152343750, 100, 0, 0),
(@WGUID+009, 02, 2871.514892578125, -3216.968994140625, 298.1573181152343750, 100, 0, 0),
(@WGUID+009, 03, 2860.459960937500, -3207.909912109375, 298.2859802246093750, 100, 0, 0),
(@WGUID+009, 04, 2848.306396484375, -3195.512207031250, 298.3567810058593750, 100, 0, 0),
(@WGUID+009, 05, 2839.447509765625, -3185.542236328125, 298.2567443847656250, 100, 0, 0),
(@WGUID+009, 06, 2828.432128906250, -3176.264648437500, 298.1573181152343750, 100, 0, 0),
(@WGUID+009, 07, 2813.295898437500, -3175.835205078125, 298.3221740722656250, 100, 0, 0),
(@WGUID+009, 08, 2790.895019531250, -3179.500488281250, 298.2140197753906250, 100, 0, 0),
(@WGUID+010, 01, 2948.145996093750, -3374.966308593750, 298.1573181152343750, 100, 0, 0),
(@WGUID+010, 02, 2915.294189453125, -3343.234375000000, 298.1573181152343750, 100, 0, 0),
(@WGUID+010, 03, 2898.638916015625, -3327.008300781250, 298.1572875976562500, 100, 0, 0),
(@WGUID+011, 01, 2706.458251953125, -3124.162353515625, 267.6098022460937500, 100, 0, 0),
(@WGUID+011, 02, 2688.670654296875, -3133.301757812500, 267.5840148925781250, 100, 0, 0),
(@WGUID+011, 03, 2690.577392578125, -3156.688964843750, 267.5716857910156250, 100, 0, 0),
(@WGUID+011, 04, 2706.088623046875, -3166.320800781250, 267.5467224121093750, 100, 0, 0),
(@WGUID+011, 05, 2721.288330078125, -3159.097900390625, 267.5587768554687500, 100, 0, 0),
(@WGUID+011, 06, 2723.902343750000, -3133.335693359375, 267.6017761230468750, 100, 0, 0),
(@WGUID+012, 01, 2724.482666015625, -3142.470458984375, 267.5865478515625000, 100, 0, 0),
(@WGUID+012, 02, 2740.318115234375, -3170.807861328125, 267.6307983398437500, 100, 0, 0),
(@WGUID+013, 01, 2687.123779296875, -3143.130126953125, 267.5843811035156250, 100, 0, 0),
(@WGUID+013, 02, 2667.474365234375, -3173.004394531250, 267.6477355957031250, 100, 0, 0),
(@WGUID+014, 01, 2717.949218750000, -3253.625732421875, 267.6423339843750000, 100, 0, 0),
(@WGUID+014, 02, 2734.736816406250, -3239.713378906250, 267.6270751953125000, 100, 0, 0),
(@WGUID+014, 03, 2740.497314453125, -3216.550781250000, 267.5923767089843750, 100, 0, 0),
(@WGUID+014, 04, 2735.709716796875, -3191.704345703125, 267.5534973144531250, 100, 0, 0),
(@WGUID+014, 05, 2721.609863281250, -3178.053710937500, 267.5271301269531250, 100, 0, 0);

-- =======
-- POOLING
-- =======

-- INSERT INTO `pool_pool` (`pool_id`, `mother_pool`, `chance`, `description`) VALUES

INSERT INTO `pool_template` (`entry`, `max_limit`, `description`) VALUES
-- creature
-- gameobject
(@PGUID+50, 1, 'Naxxramas - Frozen Rune - Anub\'Rekhan (181287)'),
(@PGUID+51, 1, 'Naxxramas - Frozen Rune - Grand Widow Faerlina (181287)'),
(@PGUID+52, 1, 'Naxxramas - Frozen Rune - Maexxna (181287)'),
(@PGUID+53, 1, 'Naxxramas - Frozen Rune - Spider Wing, left (181287)'),
(@PGUID+54, 1, 'Naxxramas - Frozen Rune - Spider Wing, right (181287)'),
(@PGUID+55, 1, 'Naxxramas - Frozen Rune - Noth the Plaguebringer (181287)'),
(@PGUID+56, 1, 'Naxxramas - Frozen Rune - Heigan (181287)'),
(@PGUID+57, 1, 'Naxxramas - Frozen Rune - Loatheb (181287)'),
(@PGUID+58, 1, 'Naxxramas - Frozen Rune - Plague Wing, left (181287)'),
(@PGUID+59, 1, 'Naxxramas - Frozen Rune - Plague Wing, right (181287)'),
(@PGUID+60, 1, 'Naxxramas - Frozen Rune - Patchwerk (181287)'),
(@PGUID+61, 1, 'Naxxramas - Frozen Rune - Grobbulus (181287)'),
(@PGUID+62, 1, 'Naxxramas - Frozen Rune - Gluth (181287)'),
(@PGUID+63, 1, 'Naxxramas - Frozen Rune - Thaddius (181287)'),
(@PGUID+64, 1, 'Naxxramas - Frozen Rune - Abom Wing, left (181287)'),
(@PGUID+65, 1, 'Naxxramas - Frozen Rune - Abom Wing, right (181287)'),
(@PGUID+66, 1, 'Naxxramas - Frozen Rune - Instructor Razuvious (181287)'),
(@PGUID+67, 1, 'Naxxramas - Frozen Rune - Gothik (181287)'),
(@PGUID+68, 1, 'Naxxramas - Frozen Rune - Four Horsemen (181287)'),
(@PGUID+69, 1, 'Naxxramas - Frozen Rune - Deathknight Wing, left (181287)'),
(@PGUID+70, 1, 'Naxxramas - Frozen Rune - Deathknight Wing, right (181287)');

-- INSERT INTO `pool_creature` (`guid`, `pool_entry`, `chance`, `description`) VALUES

-- INSERT INTO `pool_creature_template` (`id`, `pool_entry`, `chance`, `description`) VALUES

INSERT INTO `pool_gameobject` (`guid`, `pool_entry`, `chance`, `description`) VALUES
(@OGUID+300, @PGUID+50, 0, 'Naxxramas - Frozen Rune - Anub\'Rekhan (181287)'),
(@OGUID+301, @PGUID+50, 0, 'Naxxramas - Frozen Rune - Anub\'Rekhan (181287)'),
(@OGUID+302, @PGUID+50, 0, 'Naxxramas - Frozen Rune - Anub\'Rekhan (181287)'),
(@OGUID+303, @PGUID+50, 0, 'Naxxramas - Frozen Rune - Anub\'Rekhan (181287)'),
(@OGUID+304, @PGUID+50, 0, 'Naxxramas - Frozen Rune - Anub\'Rekhan (181287)'),
(@OGUID+305, @PGUID+50, 0, 'Naxxramas - Frozen Rune - Anub\'Rekhan (181287)'),
(@OGUID+306, @PGUID+50, 0, 'Naxxramas - Frozen Rune - Anub\'Rekhan (181287)'),
(@OGUID+307, @PGUID+50, 0, 'Naxxramas - Frozen Rune - Anub\'Rekhan (181287)'),
(@OGUID+310, @PGUID+51, 0, 'Naxxramas - Frozen Rune - Grand Widow Faerlina (181287)'),
(@OGUID+311, @PGUID+51, 0, 'Naxxramas - Frozen Rune - Grand Widow Faerlina (181287)'),
(@OGUID+312, @PGUID+51, 0, 'Naxxramas - Frozen Rune - Grand Widow Faerlina (181287)'),
(@OGUID+313, @PGUID+51, 0, 'Naxxramas - Frozen Rune - Grand Widow Faerlina (181287)'),
(@OGUID+314, @PGUID+51, 0, 'Naxxramas - Frozen Rune - Grand Widow Faerlina (181287)'),
(@OGUID+315, @PGUID+51, 0, 'Naxxramas - Frozen Rune - Grand Widow Faerlina (181287)'),
(@OGUID+316, @PGUID+51, 0, 'Naxxramas - Frozen Rune - Grand Widow Faerlina (181287)'),
(@OGUID+320, @PGUID+52, 0, 'Naxxramas - Frozen Rune - Maexxna (181287)'),
(@OGUID+321, @PGUID+52, 0, 'Naxxramas - Frozen Rune - Maexxna (181287)'),
(@OGUID+322, @PGUID+52, 0, 'Naxxramas - Frozen Rune - Maexxna (181287)'),
(@OGUID+323, @PGUID+52, 0, 'Naxxramas - Frozen Rune - Maexxna (181287)'),
(@OGUID+324, @PGUID+52, 0, 'Naxxramas - Frozen Rune - Maexxna (181287)'),
(@OGUID+325, @PGUID+52, 0, 'Naxxramas - Frozen Rune - Maexxna (181287)'),
(@OGUID+326, @PGUID+52, 0, 'Naxxramas - Frozen Rune - Maexxna (181287)'),
(@OGUID+330, @PGUID+53, 0, 'Naxxramas - Frozen Rune - Spider Wing, left (181287)'),
(@OGUID+331, @PGUID+53, 0, 'Naxxramas - Frozen Rune - Spider Wing, left (181287)'),
(@OGUID+332, @PGUID+53, 0, 'Naxxramas - Frozen Rune - Spider Wing, left (181287)'),
(@OGUID+333, @PGUID+53, 0, 'Naxxramas - Frozen Rune - Spider Wing, left (181287)'),
(@OGUID+334, @PGUID+53, 0, 'Naxxramas - Frozen Rune - Spider Wing, left (181287)'),
(@OGUID+335, @PGUID+53, 0, 'Naxxramas - Frozen Rune - Spider Wing, left (181287)'),
(@OGUID+336, @PGUID+53, 0, 'Naxxramas - Frozen Rune - Spider Wing, left (181287)'),
(@OGUID+340, @PGUID+54, 0, 'Naxxramas - Frozen Rune - Spider Wing, right (181287)'),
(@OGUID+341, @PGUID+54, 0, 'Naxxramas - Frozen Rune - Spider Wing, right (181287)'),
(@OGUID+342, @PGUID+54, 0, 'Naxxramas - Frozen Rune - Spider Wing, right (181287)'),
(@OGUID+343, @PGUID+54, 0, 'Naxxramas - Frozen Rune - Spider Wing, right (181287)'),
(@OGUID+344, @PGUID+54, 0, 'Naxxramas - Frozen Rune - Spider Wing, right (181287)'),
(@OGUID+345, @PGUID+54, 0, 'Naxxramas - Frozen Rune - Spider Wing, right (181287)'),
(@OGUID+346, @PGUID+54, 0, 'Naxxramas - Frozen Rune - Spider Wing, right (181287)'),
(@OGUID+350, @PGUID+55, 0, 'Naxxramas - Frozen Rune - Noth the Plaguebringer (181287)'),
(@OGUID+351, @PGUID+55, 0, 'Naxxramas - Frozen Rune - Noth the Plaguebringer (181287)'),
(@OGUID+352, @PGUID+55, 0, 'Naxxramas - Frozen Rune - Noth the Plaguebringer (181287)'),
(@OGUID+353, @PGUID+55, 0, 'Naxxramas - Frozen Rune - Noth the Plaguebringer (181287)'),
(@OGUID+354, @PGUID+55, 0, 'Naxxramas - Frozen Rune - Noth the Plaguebringer (181287)'),
(@OGUID+355, @PGUID+55, 0, 'Naxxramas - Frozen Rune - Noth the Plaguebringer (181287)'),
(@OGUID+360, @PGUID+56, 0, 'Naxxramas - Frozen Rune - Heigan (181287)'),
(@OGUID+361, @PGUID+56, 0, 'Naxxramas - Frozen Rune - Heigan (181287)'),
(@OGUID+362, @PGUID+56, 0, 'Naxxramas - Frozen Rune - Heigan (181287)'),
(@OGUID+363, @PGUID+56, 0, 'Naxxramas - Frozen Rune - Heigan (181287)'),
(@OGUID+364, @PGUID+56, 0, 'Naxxramas - Frozen Rune - Heigan (181287)'),
(@OGUID+365, @PGUID+56, 0, 'Naxxramas - Frozen Rune - Heigan (181287)'),
(@OGUID+366, @PGUID+56, 0, 'Naxxramas - Frozen Rune - Heigan (181287)'),
(@OGUID+367, @PGUID+56, 0, 'Naxxramas - Frozen Rune - Heigan (181287)'),
(@OGUID+370, @PGUID+57, 0, 'Naxxramas - Frozen Rune - Loatheb (181287)'),
(@OGUID+371, @PGUID+57, 0, 'Naxxramas - Frozen Rune - Loatheb (181287)'),
(@OGUID+372, @PGUID+57, 0, 'Naxxramas - Frozen Rune - Loatheb (181287)'),
(@OGUID+373, @PGUID+57, 0, 'Naxxramas - Frozen Rune - Loatheb (181287)'),
(@OGUID+374, @PGUID+57, 0, 'Naxxramas - Frozen Rune - Loatheb (181287)'),
(@OGUID+375, @PGUID+57, 0, 'Naxxramas - Frozen Rune - Loatheb (181287)'),
(@OGUID+376, @PGUID+57, 0, 'Naxxramas - Frozen Rune - Loatheb (181287)'),
(@OGUID+380, @PGUID+58, 0, 'Naxxramas - Frozen Rune - Plague Wing, left (181287)'),
(@OGUID+381, @PGUID+58, 0, 'Naxxramas - Frozen Rune - Plague Wing, left (181287)'),
(@OGUID+382, @PGUID+58, 0, 'Naxxramas - Frozen Rune - Plague Wing, left (181287)'),
(@OGUID+383, @PGUID+58, 0, 'Naxxramas - Frozen Rune - Plague Wing, left (181287)'),
(@OGUID+384, @PGUID+58, 0, 'Naxxramas - Frozen Rune - Plague Wing, left (181287)'),
(@OGUID+385, @PGUID+58, 0, 'Naxxramas - Frozen Rune - Plague Wing, left (181287)'),
(@OGUID+390, @PGUID+59, 0, 'Naxxramas - Frozen Rune - Plague Wing, right (181287)'),
(@OGUID+391, @PGUID+59, 0, 'Naxxramas - Frozen Rune - Plague Wing, right (181287)'),
(@OGUID+392, @PGUID+59, 0, 'Naxxramas - Frozen Rune - Plague Wing, right (181287)'),
(@OGUID+393, @PGUID+59, 0, 'Naxxramas - Frozen Rune - Plague Wing, right (181287)'),
(@OGUID+394, @PGUID+59, 0, 'Naxxramas - Frozen Rune - Plague Wing, right (181287)'),
(@OGUID+395, @PGUID+59, 0, 'Naxxramas - Frozen Rune - Plague Wing, right (181287)'),
(@OGUID+396, @PGUID+59, 0, 'Naxxramas - Frozen Rune - Plague Wing, right (181287)'),
(@OGUID+400, @PGUID+60, 0, 'Naxxramas - Frozen Rune - Patchwerk (181287)'),
(@OGUID+401, @PGUID+60, 0, 'Naxxramas - Frozen Rune - Patchwerk (181287)'),
(@OGUID+402, @PGUID+60, 0, 'Naxxramas - Frozen Rune - Patchwerk (181287)'),
(@OGUID+403, @PGUID+60, 0, 'Naxxramas - Frozen Rune - Patchwerk (181287)'),
(@OGUID+404, @PGUID+60, 0, 'Naxxramas - Frozen Rune - Patchwerk (181287)'),
(@OGUID+410, @PGUID+61, 0, 'Naxxramas - Frozen Rune - Grobbulus (181287)'),
(@OGUID+411, @PGUID+61, 0, 'Naxxramas - Frozen Rune - Grobbulus (181287)'),
(@OGUID+412, @PGUID+61, 0, 'Naxxramas - Frozen Rune - Grobbulus (181287)'),
(@OGUID+413, @PGUID+61, 0, 'Naxxramas - Frozen Rune - Grobbulus (181287)'),
(@OGUID+414, @PGUID+61, 0, 'Naxxramas - Frozen Rune - Grobbulus (181287)'),
(@OGUID+415, @PGUID+61, 0, 'Naxxramas - Frozen Rune - Grobbulus (181287)'),
(@OGUID+416, @PGUID+61, 0, 'Naxxramas - Frozen Rune - Grobbulus (181287)'),
(@OGUID+420, @PGUID+62, 0, 'Naxxramas - Frozen Rune - Gluth (181287)'),
(@OGUID+421, @PGUID+62, 0, 'Naxxramas - Frozen Rune - Gluth (181287)'),
(@OGUID+422, @PGUID+62, 0, 'Naxxramas - Frozen Rune - Gluth (181287)'),
(@OGUID+423, @PGUID+62, 0, 'Naxxramas - Frozen Rune - Gluth (181287)'),
(@OGUID+424, @PGUID+62, 0, 'Naxxramas - Frozen Rune - Gluth (181287)'),
(@OGUID+425, @PGUID+62, 0, 'Naxxramas - Frozen Rune - Gluth (181287)'),
(@OGUID+426, @PGUID+62, 0, 'Naxxramas - Frozen Rune - Gluth (181287)'),
(@OGUID+427, @PGUID+62, 0, 'Naxxramas - Frozen Rune - Gluth (181287)'),
(@OGUID+428, @PGUID+62, 0, 'Naxxramas - Frozen Rune - Gluth (181287)'),
(@OGUID+429, @PGUID+62, 0, 'Naxxramas - Frozen Rune - Gluth (181287)'),
(@OGUID+430, @PGUID+63, 0, 'Naxxramas - Frozen Rune - Thaddius (181287)'),
(@OGUID+431, @PGUID+63, 0, 'Naxxramas - Frozen Rune - Thaddius (181287)'),
(@OGUID+432, @PGUID+63, 0, 'Naxxramas - Frozen Rune - Thaddius (181287)'),
(@OGUID+440, @PGUID+64, 0, 'Naxxramas - Frozen Rune - Abom Wing, left (181287)'),
(@OGUID+441, @PGUID+64, 0, 'Naxxramas - Frozen Rune - Abom Wing, left (181287)'),
(@OGUID+442, @PGUID+64, 0, 'Naxxramas - Frozen Rune - Abom Wing, left (181287)'),
(@OGUID+443, @PGUID+64, 0, 'Naxxramas - Frozen Rune - Abom Wing, left (181287)'),
(@OGUID+444, @PGUID+64, 0, 'Naxxramas - Frozen Rune - Abom Wing, left (181287)'),
(@OGUID+445, @PGUID+64, 0, 'Naxxramas - Frozen Rune - Abom Wing, left (181287)'),
(@OGUID+446, @PGUID+64, 0, 'Naxxramas - Frozen Rune - Abom Wing, left (181287)'),
(@OGUID+447, @PGUID+64, 0, 'Naxxramas - Frozen Rune - Abom Wing, left (181287)'),
(@OGUID+450, @PGUID+65, 0, 'Naxxramas - Frozen Rune - Abom Wing, right (181287)'),
(@OGUID+451, @PGUID+65, 0, 'Naxxramas - Frozen Rune - Abom Wing, right (181287)'),
(@OGUID+452, @PGUID+65, 0, 'Naxxramas - Frozen Rune - Abom Wing, right (181287)'),
(@OGUID+453, @PGUID+65, 0, 'Naxxramas - Frozen Rune - Abom Wing, right (181287)'),
(@OGUID+454, @PGUID+65, 0, 'Naxxramas - Frozen Rune - Abom Wing, right (181287)'),
(@OGUID+455, @PGUID+65, 0, 'Naxxramas - Frozen Rune - Abom Wing, right (181287)'),
(@OGUID+456, @PGUID+65, 0, 'Naxxramas - Frozen Rune - Abom Wing, right (181287)'),
(@OGUID+457, @PGUID+65, 0, 'Naxxramas - Frozen Rune - Abom Wing, right (181287)'),
(@OGUID+460, @PGUID+66, 0, 'Naxxramas - Frozen Rune - Instructor Razuvious (181287)'),
(@OGUID+461, @PGUID+66, 0, 'Naxxramas - Frozen Rune - Instructor Razuvious (181287)'),
(@OGUID+462, @PGUID+66, 0, 'Naxxramas - Frozen Rune - Instructor Razuvious (181287)'),
(@OGUID+463, @PGUID+66, 0, 'Naxxramas - Frozen Rune - Instructor Razuvious (181287)'),
(@OGUID+464, @PGUID+66, 0, 'Naxxramas - Frozen Rune - Instructor Razuvious (181287)'),
(@OGUID+465, @PGUID+66, 0, 'Naxxramas - Frozen Rune - Instructor Razuvious (181287)'),
(@OGUID+470, @PGUID+67, 0, 'Naxxramas - Frozen Rune - Gothik (181287)'),
(@OGUID+471, @PGUID+67, 0, 'Naxxramas - Frozen Rune - Gothik (181287)'),
(@OGUID+472, @PGUID+67, 0, 'Naxxramas - Frozen Rune - Gothik (181287)'),
(@OGUID+473, @PGUID+67, 0, 'Naxxramas - Frozen Rune - Gothik (181287)'),
(@OGUID+474, @PGUID+67, 0, 'Naxxramas - Frozen Rune - Gothik (181287)'),
(@OGUID+475, @PGUID+67, 0, 'Naxxramas - Frozen Rune - Gothik (181287)'),
(@OGUID+476, @PGUID+67, 0, 'Naxxramas - Frozen Rune - Gothik (181287)'),
(@OGUID+477, @PGUID+67, 0, 'Naxxramas - Frozen Rune - Gothik (181287)'),
(@OGUID+480, @PGUID+68, 0, 'Naxxramas - Frozen Rune - Four Horsemen (181287)'),
(@OGUID+481, @PGUID+68, 0, 'Naxxramas - Frozen Rune - Four Horsemen (181287)'),
(@OGUID+482, @PGUID+68, 0, 'Naxxramas - Frozen Rune - Four Horsemen (181287)'),
(@OGUID+483, @PGUID+68, 0, 'Naxxramas - Frozen Rune - Four Horsemen (181287)'),
(@OGUID+484, @PGUID+68, 0, 'Naxxramas - Frozen Rune - Four Horsemen (181287)'),
(@OGUID+485, @PGUID+68, 0, 'Naxxramas - Frozen Rune - Four Horsemen (181287)'),
(@OGUID+486, @PGUID+68, 0, 'Naxxramas - Frozen Rune - Four Horsemen (181287)'),
(@OGUID+487, @PGUID+68, 0, 'Naxxramas - Frozen Rune - Four Horsemen (181287)'),
(@OGUID+490, @PGUID+69, 0, 'Naxxramas - Frozen Rune - Deathknight Wing, left (181287)'),
(@OGUID+491, @PGUID+69, 0, 'Naxxramas - Frozen Rune - Deathknight Wing, left (181287)'),
(@OGUID+492, @PGUID+69, 0, 'Naxxramas - Frozen Rune - Deathknight Wing, left (181287)'),
(@OGUID+493, @PGUID+69, 0, 'Naxxramas - Frozen Rune - Deathknight Wing, left (181287)'),
(@OGUID+494, @PGUID+69, 0, 'Naxxramas - Frozen Rune - Deathknight Wing, left (181287)'),
(@OGUID+495, @PGUID+69, 0, 'Naxxramas - Frozen Rune - Deathknight Wing, left (181287)'),
(@OGUID+496, @PGUID+69, 0, 'Naxxramas - Frozen Rune - Deathknight Wing, left (181287)'),
(@OGUID+500, @PGUID+70, 0, 'Naxxramas - Frozen Rune - Deathknight Wing, right (181287)'),
(@OGUID+501, @PGUID+70, 0, 'Naxxramas - Frozen Rune - Deathknight Wing, right (181287)'),
(@OGUID+502, @PGUID+70, 0, 'Naxxramas - Frozen Rune - Deathknight Wing, right (181287)'),
(@OGUID+503, @PGUID+70, 0, 'Naxxramas - Frozen Rune - Deathknight Wing, right (181287)'),
(@OGUID+504, @PGUID+70, 0, 'Naxxramas - Frozen Rune - Deathknight Wing, right (181287)'),
(@OGUID+505, @PGUID+70, 0, 'Naxxramas - Frozen Rune - Deathknight Wing, right (181287)'),
(@OGUID+506, @PGUID+70, 0, 'Naxxramas - Frozen Rune - Deathknight Wing, right (181287)'),
(@OGUID+507, @PGUID+70, 0, 'Naxxramas - Frozen Rune - Deathknight Wing, right (181287)'),
(@OGUID+508, @PGUID+70, 0, 'Naxxramas - Frozen Rune - Deathknight Wing, right (181287)');

-- INSERT INTO `pool_gameobject_template` (`id`, `pool_entry`, `chance`, `description`) VALUES

-- =========
-- DBSCRIPTS
-- =========

DELETE FROM dbscripts_on_creature_movement WHERE id IN (1614603,1614602,1593101,1606102,1606101,1699801,1699802,1699803,1699804,1699805);
INSERT INTO `dbscripts_on_creature_movement` (`id`, `delay`, `command`, `datalong`, `datalong2`, `datalong3`, `buddy_entry`, `search_radius`, `data_flags`, `dataint`, `dataint2`, `dataint3`, `dataint4`, `x`, `y`, `z`, `o`, `comments`) VALUES
(1614603,1000,1,36,0,0,16145,10,0,0,0,0,0,0,0,0,0,'Deathknight captain attacks'),
(1614603,2000,1,43,0,0,0,0,0,0,0,0,0,0,0,0,0,'Deathknight parries'),
(1614603,5000,1,1,0,0,16145,10,0,0,0,0,0,0,0,0,0,'Deathknight captain talks'),
(1614603,7000,1,36,0,0,16145,10,0,0,0,0,0,0,0,0,0,'Deathknight captain attacks'),
(1614603,8000,1,43,0,0,0,0,0,0,0,0,0,0,0,0,0,'Deathknight parries'),
(1614603,14000,1,60,0,0,16145,10,0,0,0,0,0,0,0,0,0,'Deathknight captain kicks'),
(1614603,15000,1,43,0,0,0,0,0,0,0,0,0,0,0,0,0,'Deathknight parries'),
(1614602,1000,1,22,0,0,16145,12,0,0,0,0,0,0,0,0,0,'Deathknight Captain shout'),
(1614602,3000,1,36,0,0,16146,12,0,0,0,0,0,0,0,0,0,'Deathknight buddy attacks combat dummy'),
(1614602,5000,1,36,0,0,0,0,0,0,0,0,0,0,0,0,0,'Deathknight attacks combat dummy'),
(1614602,12000,1,36,0,0,16146,12,0,0,0,0,0,0,0,0,0,'Deathknight buddy attacks combat dummy'),
(1614602,13000,1,36,0,0,0,0,0,0,0,0,0,0,0,0,0,'Deathknight attacks combat dummy'),
(1614602,20000,1,36,0,0,0,0,0,0,0,0,0,0,0,0,0,'Deathknight attacks combat dummy'),
(1614602,21000,1,36,0,0,16146,12,0,0,0,0,0,0,0,0,0,'Deathknight buddy attacks combat dummy'),

(1593101,1000,15,28280,0,0,0,0,0,0,0,0,0,0,0,0,0,'cast summon sewage slime'),
(1593101,3000,15,28280,0,0,0,0,0,0,0,0,0,0,0,0,0,'cast summon sewage slime'),
(1593101,5000,15,28280,0,0,0,0,0,0,0,0,0,0,0,0,0,'cast summon sewage slime'),
(1606102,0,1,36,0,0,16803,60,0,0,0,0,0,0,0,0,0,'Understudy attacks combat dummy'),
(1606101,0,3,0,0,0,0,0,0,0,0,0,0,0,0,0,1.4396,'Turns toward trainee'),
(1606101,1000,1,26,0,0,16803,5,0,0,0,0,0,0,0,0,0,'change emote state: stand'),
(1606101,2000,3,0,0,0,16803,5,0,0,0,0,0,0,0,0,4.4563,'Turns toward Razuvious'),
(1606101,3000,1,5,0,0,0,0,0,0,0,0,0,0,0,0,0,'Shouts'),
(1606101,5000,1,1,0,0,16803,5,0,0,0,0,0,0,0,0,0,'talks'),
(1606101,8000,1,66,0,0,16803,5,0,0,0,0,0,0,0,0,0,'salutes'),
(1606101,11000,3,0,0,0,16803,5,0,0,0,0,0,0,0,0,2.03,'Turns toward dummy'),
(1606101,11000,1,333,0,0,16803,5,0,0,0,0,0,0,0,0,0,'change emote state: train'),

(1699801,0,20,1,5,0,0,0,8,0,0,0,0,0,0,0,0,'Mr. Bigglesworth - random movement after path 0'),
(1699801,30000,20,2,1,0,0,0,0,0,0,0,0,0,0,0,0,'Mr. Bigglesworth - continue on path 1'),
(1699802,0,20,1,5,0,0,0,8,0,0,0,0,0,0,0,0,'Mr. Bigglesworth - random movement after path 1'),
(1699802,30000,20,2,2,0,0,0,0,0,0,0,0,0,0,0,0,'Mr. Bigglesworth - continue on path 2'),
(1699803,0,20,1,5,0,0,0,8,0,0,0,0,0,0,0,0,'Mr. Bigglesworth - random movement after path 2'),
(1699803,30000,20,2,3,0,0,0,0,0,0,0,0,0,0,0,0,'Mr. Bigglesworth - continue on path 3'),
(1699804,0,20,1,5,0,0,0,8,0,0,0,0,0,0,0,0,'Mr. Bigglesworth - random movement after path 3'),
(1699804,30000,20,2,4,0,0,0,0,0,0,0,0,0,0,0,0,'Mr. Bigglesworth - continue on path 4'),
(1699805,0,20,1,5,0,0,0,8,0,0,0,0,0,0,0,0,'Mr. Bigglesworth - random movement after path 4'),
(1699805,30000,20,2,0,0,0,0,0,0,0,0,0,0,0,0,0,'Mr. Bigglesworth - continue on path 0');

-- INSERT INTO `dbscripts_on_creature_death` (`id`, `delay`, `command`, `datalong`, `datalong2`, `datalong3`, `buddy_entry`, `search_radius`, `data_flags`, `dataint`, `dataint2`, `dataint3`, `dataint4`, `x`, `y`, `z`, `o`, `comments`) VALUES
-- INSERT INTO `dbscripts_on_go_use` (`id`, `delay`, `command`, `datalong`, `datalong2`, `datalong3`, `buddy_entry`, `search_radius`, `data_flags`, `dataint`, `dataint2`, `dataint3`, `dataint4`, `x`, `y`, `z`, `o`, `comments`) VALUES
-- INSERT INTO `dbscripts_on_go_template_use` (`id`, `delay`, `command`, `datalong`, `datalong2`, `datalong3`, `buddy_entry`, `search_radius`, `data_flags`, `dataint`, `dataint2`, `dataint3`, `dataint4`, `x`, `y`, `z`, `o`, `comments`) VALUES
-- INSERT INTO `dbscripts_on_relay` (`id`, `delay`, `command`, `datalong`, `datalong2`, `datalong3`, `buddy_entry`, `search_radius`, `data_flags`, `dataint`, `dataint2`, `dataint3`, `dataint4`, `x`, `y`, `z`, `o`, `comments`) VALUES
-- INSERT INTO `dbscripts_on_event` (`id`, `delay`, `command`, `datalong`, `datalong2`, `datalong3`, `buddy_entry`, `search_radius`, `data_flags`, `dataint`, `dataint2`, `dataint3`, `dataint4`, `x`, `y`, `z`, `o`, `comments`) VALUES
-- INSERT INTO `dbscripts_on_spell` (`id`, `delay`, `command`, `datalong`, `datalong2`, `datalong3`, `buddy_entry`, `search_radius`, `data_flags`, `dataint`, `dataint2`, `dataint3`, `dataint4`, `x`, `y`, `z`, `o`, `comments`) VALUES
-- INSERT INTO `dbscripts_on_gossip` (`id`, `delay`, `command`, `datalong`, `datalong2`, `datalong3`, `buddy_entry`, `search_radius`, `data_flags`, `dataint`, `dataint2`, `dataint3`, `dataint4`, `x`, `y`, `z`, `o`, `comments`) VALUES
-- INSERT INTO `dbscripts_on_quest_start` (`id`, `delay`, `command`, `datalong`, `datalong2`, `datalong3`, `buddy_entry`, `search_radius`, `data_flags`, `dataint`, `dataint2`, `dataint3`, `dataint4`, `x`, `y`, `z`, `o`, `comments`) VALUES
-- INSERT INTO `dbscripts_on_quest_end` (`id`, `delay`, `command`, `datalong`, `datalong2`, `datalong3`, `buddy_entry`, `search_radius`, `data_flags`, `dataint`, `dataint2`, `dataint3`, `dataint4`, `x`, `y`, `z`, `o`, `comments`) VALUES
-- INSERT INTO `dbscript_string` (`entry`, `content_default`, `sound`, `type`, `language`, `emote`, `comment`) VALUES
-- INSERT INTO `dbscript_random_templates` (`id`, `type`, `target_id`, `chance`, `comments`) VALUES


