-- Added event for Pyrewood Village: inhabitants of the village are human during day time (friendly to Alliance, hostile to Horde)
-- and they turn to worgens at time (hostile to both factions)
-- Source: http://www.wowwiki.com/Pyrewood_Village
-- http://www.wowhead.com/npc=1893#comments
-- http://www.wowhead.com/npc=1894#comments
-- http://www.wowhead.com/npc=1895#comments
-- http://www.wowhead.com/npc=1896#comments


-- Added events for Pyrewood day: inhabitants are human and Pyrwood night: inhabitants are worgen
-- We keep event id as low as possible to minimise RAM usage by core
DELETE FROM `game_event` WHERE `entry` IN (3, 11);
INSERT INTO `game_event` VALUES
(3, '2006-02-08 05:00:00', '2020-12-31 20:59:59', 1440, 960, 0, 'Pyrewood Village - Day'),
(11, '2006-02-08 21:00:00', '2020-12-31 04:59:59', 1440, 480, 0, 'Pyrewood Village - Worgen Curse');

-- Linked Pyrewood human inhabitants to day event (3) so they only spawn when it is active
DELETE FROM `game_event_creature` WHERE `event` IN (3, 11);
INSERT INTO `game_event_creature` VALUES
-- Pyrewood Watcher
(17908, 3),
(18404, 3),
(18408, 3),
(19002, 3),
(19005, 3),
(19084, 3),
(19219, 3),
(19222, 3),
(19223, 3),
(19224, 3),
(19227, 3),
(19229, 3),
(19316, 3),
(19343, 3),
-- Pyrewood Sentry
(17910, 3),
(17911, 3),
(18236, 3),
(18237, 3),
(18239, 3),
(18291, 3),
(18306, 3),
(18350, 3),
(18400, 3),
(18411, 3),
(18413, 3),
(18996, 3),
(19008, 3),
(19012, 3),
(19015, 3),
(19019, 3),
(19220, 3),
(19228, 3),
-- Pyrewood Elder
(17663, 3),
(17905, 3),
(18220, 3),
(18221, 3),
(18238, 3),
(18310, 3),
(18354, 3),
(18355, 3),
(18405, 3),
(18407, 3),
(18409, 3),
(19007, 3),
-- Pyrewood Armorer
(18307, 3),
-- Pyrewood Tailor
(18235, 3),
-- Pyrewood Leatherworker
(18309, 3);

-- Added all data regarding worgen spawns based on human spawns data

SET @OFFSET := 160000;

-- Updates moonrage worgen template to adjust scale and add missing equipment as NPCs keep the same equipment when transforming, see:
-- http://www.wowhead.com/npc=1896#screenshots:id=35797
-- http://www.wowhead.com/npc=3533#screenshots:id=35799
UPDATE `creature_template` SET `equipment_id` = 1941 WHERE `entry` = 1892;
UPDATE `creature_template` SET `equipment_id` = 642 WHERE `entry` = 1893;
UPDATE `creature_template` SET `scale` = 1.4, `equipment_id` = 119 WHERE `entry` = 1896;
UPDATE `creature_template` SET `scale` = 1.4, `equipment_id` = 429 WHERE `entry` = 3529;
UPDATE `creature_template` SET `scale` = 1.4, `equipment_id` = 1821 WHERE `entry` = 3531;
UPDATE `creature_template` SET `scale` = 1.4, `equipment_id` = 237 WHERE `entry` = 3533;

-- Adding spawn for worgens at the same location as their human equivalent
DELETE FROM `creature` WHERE `guid` IN (@OFFSET + 17908, @OFFSET + 18404, @OFFSET + 18408, @OFFSET + 19002, @OFFSET + 19005, @OFFSET + 19084, @OFFSET + 19219, @OFFSET + 19222, @OFFSET + 19223, @OFFSET + 19224, @OFFSET + 19227, @OFFSET + 19229, @OFFSET + 19316, @OFFSET + 19343, @OFFSET + 17910, @OFFSET + 17911, @OFFSET + 18236, @OFFSET + 18237, @OFFSET + 18239, @OFFSET + 18291, @OFFSET + 18306, @OFFSET + 18350, @OFFSET + 18400, @OFFSET + 18411, @OFFSET + 18413, @OFFSET + 18996, @OFFSET + 19008, @OFFSET + 19012, @OFFSET + 19015, @OFFSET + 19019, @OFFSET + 19220, @OFFSET + 19228, @OFFSET + 17663, @OFFSET + 17905, @OFFSET + 18220, @OFFSET + 18221, @OFFSET + 18238, @OFFSET + 18310, @OFFSET + 18354, @OFFSET + 18355, @OFFSET + 18405, @OFFSET + 18407, @OFFSET + 18409, @OFFSET + 19007, @OFFSET + 18307, @OFFSET + 18235, @OFFSET + 18309);
INSERT INTO `creature` VALUES
(@OFFSET + 17908, 1892, 0, 574, 0, -405.033, 1458.8, 27.0968, 0.15708, 600, 0, 0, 891, 0, 0, 0),
(@OFFSET + 18404, 1892, 0, 574, 0, -350.427, 1448.5, 24.3665, 4.72984, 600, 0, 0, 891, 0, 0, 0),
(@OFFSET + 18408, 1892, 0, 574, 0, -370.983, 1576.35, 16.981, 1.98656, 600, 5, 0, 891, 0, 0, 2),
(@OFFSET + 19002, 1892, 0, 574, 0, -377.63, 1491.95, 18.4887, 5.32325, 600, 0, 0, 891, 0, 0, 0),
(@OFFSET + 19005, 1892, 0, 574, 0, -381.301, 1653.14, 17.7911, 4.4855, 600, 0, 0, 891, 0, 0, 0),
(@OFFSET + 19084, 1892, 0, 574, 0, -354.378, 1421.62, 28.2597, 5.14872, 600, 0, 0, 891, 0, 0, 0),
(@OFFSET + 19219, 1892, 0, 574, 0, -432.435, 1531.27, 18.7313, 4.20121, 600, 5, 0, 891, 0, 0, 1),
(@OFFSET + 19222, 1892, 0, 574, 0, -350.822, 1606.93, 18.0028, 3.78911, 600, 0, 0, 891, 0, 0, 0),
(@OFFSET + 19223, 1892, 0, 574, 0, -416.268, 1576.92, 19.5441, 3.61468, 600, 0, 0, 891, 0, 0, 0),
(@OFFSET + 19224, 1892, 0, 574, 0, -439.617, 1517.84, 19.5619, 3.33314, 600, 5, 0, 891, 0, 0, 1),
(@OFFSET + 19227, 1892, 0, 574, 0, -358.11, 1528.2, 24.9468, 1.18862, 600, 0, 0, 891, 0, 0, 0),
(@OFFSET + 19229, 1892, 0, 574, 0, -433.404, 1564.13, 19.7291, 1.48262, 600, 5, 0, 891, 0, 0, 1),
(@OFFSET + 19316, 1892, 0, 574, 0, -363.818, 1545.45, 24.4813, 3.24746, 600, 0, 0, 891, 0, 0, 0),
(@OFFSET + 19343, 1892, 0, 574, 0, -345.242, 1601.84, 17.0845, 2.23485, 600, 0, 0, 891, 0, 0, 0),
(@OFFSET + 17910, 1893, 0, 564, 0, -410.983, 1453.18, 31.679, 5.59007, 600, 5, 0, 1019, 0, 0, 1),
(@OFFSET + 17911, 1893, 0, 564, 0, -404.028, 1460.9, 31.7653, 5.84685, 600, 0, 0, 1019, 0, 0, 0),
(@OFFSET + 18236, 1893, 0, 564, 0, -333.219, 1548.41, 25.2864, 4.7729, 600, 0, 0, 1019, 0, 0, 0),
(@OFFSET + 18237, 1893, 0, 564, 0, -339.031, 1547.76, 30.0369, 3.83411, 600, 3, 0, 1019, 0, 0, 1),
(@OFFSET + 18239, 1893, 0, 564, 0, -341.711, 1553.34, 24.5273, 3.26377, 600, 0, 0, 1019, 0, 0, 0),
(@OFFSET + 18291, 1893, 0, 564, 0, -380.605, 1435.24, 25.7369, 5.98648, 600, 0, 0, 1019, 0, 0, 0),
(@OFFSET + 18306, 1893, 0, 564, 0, -378.287, 1655.98, 10.346, 2.89725, 600, 3, 0, 1019, 0, 0, 1),
(@OFFSET + 18350, 1893, 0, 564, 0, -411.642, 1509.01, 19.8575, 1.55334, 600, 0, 0, 1019, 0, 0, 0),
(@OFFSET + 18400, 1893, 0, 564, 0, -390.535, 1466.63, 25.9869, 5.34071, 600, 0, 0, 1019, 0, 0, 0),
(@OFFSET + 18411, 1893, 0, 564, 0, -391.615, 1601.72, 17.1706, 4.86947, 600, 0, 0, 1019, 0, 0, 0),
(@OFFSET + 18413, 1893, 0, 564, 0, -355.263, 1580.06, 18.0622, 0.078739, 600, 0, 0, 1019, 0, 0, 0),
(@OFFSET + 18996, 1893, 0, 564, 0, -442.388, 1539.5, 19.6376, 4.53468, 600, 5, 0, 1019, 0, 0, 1),
(@OFFSET + 19008, 1893, 0, 564, 0, -389.73, 1634.41, 17.4309, 6.20095, 600, 0, 0, 1019, 0, 0, 0),
(@OFFSET + 19012, 1893, 0, 564, 0, -385.558, 1618.24, 24.2887, 4.07713, 600, 3, 0, 1019, 0, 0, 1),
(@OFFSET + 19015, 1893, 0, 564, 0, -385.776, 1632.95, 24.2887, 3.83402, 600, 0, 0, 1019, 0, 0, 0),
(@OFFSET + 19019, 1893, 0, 564, 0, -384.391, 1560.98, 17.1156, 2.65866, 600, 5, 0, 1019, 0, 0, 1),
(@OFFSET + 19220, 1893, 0, 564, 0, -420.551, 1544.65, 18.3187, 2.70724, 600, 5, 0, 1019, 0, 0, 2),
(@OFFSET + 19228, 1893, 0, 564, 0, -372.427, 1611.08, 24.3721, 1.32645, 600, 0, 0, 1019, 0, 0, 0),
(@OFFSET + 17663, 1896, 0, 729, 0, -327.462, 1555.21, 25.2491, 1.61376, 600, 0, 0, 950, 295, 0, 0),
(@OFFSET + 17905, 1896, 0, 729, 0, -407.955, 1451.33, 27.0859, 0.767945, 600, 0, 0, 950, 295, 0, 0),
(@OFFSET + 18220, 1896, 0, 729, 0, -391.907, 1432.23, 27.0313, 6.07375, 600, 0, 0, 950, 295, 0, 0),
(@OFFSET + 18221, 1896, 0, 729, 0, -344.082, 1504.01, 18.7918, 4.18879, 600, 0, 0, 950, 295, 0, 0),
(@OFFSET + 18238, 1896, 0, 729, 0, -329.456, 1545.74, 30.1367, 2.26893, 600, 0, 0, 950, 295, 0, 0),
(@OFFSET + 18310, 1896, 0, 729, 0, -414.124, 1581.03, 19.7275, 6.10865, 600, 0, 0, 950, 295, 0, 0),
(@OFFSET + 18354, 1896, 0, 729, 0, -413.706, 1579.64, 24.2994, 2.9861, 600, 0, 0, 950, 295, 0, 0),
(@OFFSET + 18355, 1896, 0, 729, 0, -423.094, 1578.33, 24.3098, 2.98749, 600, 0, 0, 950, 295, 0, 0),
(@OFFSET + 18405, 1896, 0, 729, 0, -411.947, 1517.76, 19.7711, 4.86947, 600, 0, 0, 950, 295, 0, 0),
(@OFFSET + 18407, 1896, 0, 729, 0, -424.202, 1543.84, 18.5687, 6.17846, 600, 0, 0, 950, 295, 0, 0),
(@OFFSET + 18409, 1896, 0, 729, 0, -397.475, 1543.61, 17.1712, 3.0459, 600, 5, 0, 950, 295, 0, 1),
(@OFFSET + 19007, 1896, 0, 729, 0, -378.435, 1625.51, 16.8077, 0.694863, 600, 3, 0, 950, 295, 0, 1),
(@OFFSET + 18307, 3529, 0, 729, 0, -345.967, 1501.4, 18.9875, 0.942478, 600, 0, 0, 668, 0, 0, 0),
(@OFFSET + 18235, 3531, 0, 729, 0, -360.278, 1495.03, 17.196, 0.830526, 600, 0, 0, 996, 0, 0, 0),
(@OFFSET + 18309, 3533, 0, 729, 0, -408.091, 1604.03, 18.2868, 5.5676, 600, 0, 0, 956, 0, 0, 0);

-- Duplicated addon from the humans spawns
DELETE FROM `creature_addon` WHERE `guid` IN (@OFFSET + 17908, @OFFSET + 18404, @OFFSET + 18408, @OFFSET + 19002, @OFFSET + 19005, @OFFSET + 19084, @OFFSET + 19219, @OFFSET + 19222, @OFFSET + 19223, @OFFSET + 19224, @OFFSET + 19227, @OFFSET + 19229, @OFFSET + 19316, @OFFSET + 19343, @OFFSET + 17910, @OFFSET + 17911, @OFFSET + 18236, @OFFSET + 18237, @OFFSET + 18239, @OFFSET + 18291, @OFFSET + 18306, @OFFSET + 18350, @OFFSET + 18400, @OFFSET + 18411, @OFFSET + 18413, @OFFSET + 18996, @OFFSET + 19008, @OFFSET + 19012, @OFFSET + 19015, @OFFSET + 19019, @OFFSET + 19220, @OFFSET + 19228, @OFFSET + 17663, @OFFSET + 17905, @OFFSET + 18220, @OFFSET + 18221, @OFFSET + 18238, @OFFSET + 18310, @OFFSET + 18354, @OFFSET + 18355, @OFFSET + 18405, @OFFSET + 18407, @OFFSET + 18409, @OFFSET + 19007, @OFFSET + 18307, @OFFSET + 18235, @OFFSET + 18309);
INSERT INTO `creature_addon` VALUES 
(@OFFSET + 17663, 0, 0, 1, 16, 0, 0, NULL),
(@OFFSET + 17905, 0, 0, 1, 16, 0, 0, NULL),
(@OFFSET + 17908, 0, 0, 1, 16, 0, 0, NULL),
(@OFFSET + 17910, 0, 0, 1, 16, 0, 0, NULL),
(@OFFSET + 17911, 0, 0, 1, 16, 0, 0, NULL),
(@OFFSET + 18220, 0, 0, 1, 16, 0, 0, NULL),
(@OFFSET + 18221, 0, 0, 1, 16, 0, 0, NULL),
(@OFFSET + 18235, 0, 0, 1, 16, 0, 0, NULL),
(@OFFSET + 18236, 0, 0, 1, 16, 0, 0, NULL),
(@OFFSET + 18237, 0, 0, 1, 16, 0, 0, NULL),
(@OFFSET + 18238, 0, 0, 1, 16, 0, 0, NULL),
(@OFFSET + 18239, 0, 0, 1, 16, 0, 0, NULL),
(@OFFSET + 18291, 0, 0, 1, 16, 0, 0, NULL),
(@OFFSET + 18306, 0, 0, 1, 16, 0, 0, NULL),
(@OFFSET + 18307, 0, 0, 1, 16, 0, 0, NULL),
(@OFFSET + 18309, 0, 0, 1, 16, 0, 0, NULL),
(@OFFSET + 18310, 0, 0, 1, 16, 0, 0, NULL),
(@OFFSET + 18350, 0, 0, 1, 16, 0, 0, NULL),
(@OFFSET + 18354, 0, 0, 1, 16, 0, 0, NULL),
(@OFFSET + 18355, 0, 0, 1, 16, 0, 0, NULL),
(@OFFSET + 18400, 0, 0, 1, 16, 0, 0, NULL),
(@OFFSET + 18404, 0, 0, 1, 16, 0, 0, NULL),
(@OFFSET + 18405, 0, 0, 1, 16, 0, 0, NULL),
(@OFFSET + 18407, 0, 0, 1, 16, 0, 0, NULL),
(@OFFSET + 18408, 0, 0, 1, 16, 0, 0, NULL),
(@OFFSET + 18409, 0, 0, 1, 16, 0, 0, NULL),
(@OFFSET + 18411, 0, 0, 1, 16, 0, 0, NULL),
(@OFFSET + 18413, 0, 0, 1, 16, 0, 0, NULL),
(@OFFSET + 18996, 0, 0, 1, 16, 0, 0, NULL),
(@OFFSET + 19002, 0, 0, 1, 16, 0, 0, NULL),
(@OFFSET + 19005, 0, 0, 1, 16, 0, 0, NULL),
(@OFFSET + 19007, 0, 0, 1, 16, 0, 0, NULL),
(@OFFSET + 19008, 0, 0, 1, 16, 0, 0, NULL),
(@OFFSET + 19012, 0, 0, 1, 16, 0, 0, NULL),
(@OFFSET + 19015, 0, 0, 1, 16, 0, 0, NULL),
(@OFFSET + 19019, 0, 0, 1, 16, 0, 0, NULL),
(@OFFSET + 19084, 0, 0, 1, 16, 0, 0, NULL),
(@OFFSET + 19219, 0, 0, 1, 16, 0, 0, NULL),
(@OFFSET + 19220, 0, 0, 1, 16, 0, 0, NULL),
(@OFFSET + 19222, 0, 0, 1, 16, 0, 0, NULL),
(@OFFSET + 19223, 0, 0, 1, 16, 0, 0, NULL),
(@OFFSET + 19224, 0, 0, 1, 16, 0, 0, NULL),
(@OFFSET + 19227, 0, 0, 1, 16, 0, 0, NULL),
(@OFFSET + 19228, 0, 0, 1, 16, 0, 0, NULL),
(@OFFSET + 19229, 0, 0, 1, 16, 0, 0, NULL),
(@OFFSET + 19316, 0, 0, 1, 16, 0, 0, NULL),
(@OFFSET + 19343, 0, 0, 1, 16, 0, 0, NULL);

-- Duplicated waypoints path from the two humans having them and link them to respective worgens 
DELETE FROM `creature_movement` WHERE `id` IN (@OFFSET + 18408, @OFFSET + 19220);
INSERT INTO `creature_movement` VALUES
(@OFFSET + 18408, 1, -369.528, 1579.13, 16.7635, 0, 0, 0, 0, 0, 0, 0, 0, 0, 0, 0, 0, 0),
(@OFFSET + 18408, 2, -373.283, 1583.28, 17.0719, 0, 0, 0, 0, 0, 0, 0, 0, 0, 0, 0, 0, 0),
(@OFFSET + 18408, 3, -379.125, 1589.27, 17.2074, 0, 0, 0, 0, 0, 0, 0, 0, 0, 0, 0, 0, 0),
(@OFFSET + 18408, 4, -386.196, 1593.8, 16.7519, 0, 0, 0, 0, 0, 0, 0, 0, 0, 0, 0, 0, 0),
(@OFFSET + 18408, 5, -393.498, 1588.07, 17.14, 0, 0, 0, 0, 0, 0, 0, 0, 0, 0, 0, 0, 0),
(@OFFSET + 18408, 6, -393.727, 1578.74, 17.8782, 0, 0, 0, 0, 0, 0, 0, 0, 0, 0, 0, 0, 0),
(@OFFSET + 18408, 7, -390.327, 1570.57, 16.9751, 0, 0, 0, 0, 0, 0, 0, 0, 0, 0, 0, 0, 0),
(@OFFSET + 18408, 8, -382.065, 1570.48, 16.9684, 0, 0, 0, 0, 0, 0, 0, 0, 0, 0, 0, 0, 0),
(@OFFSET + 18408, 9, -379.721, 1572.01, 16.8093, 0, 0, 0, 0, 0, 0, 0, 0, 0, 0, 0, 0, 0),
(@OFFSET + 19220, 1, -416.402, 1547.68, 17.6904, 0, 0, 0, 0, 0, 0, 0, 0, 0, 0, 0, 0, 0),
(@OFFSET + 19220, 2, -428.44, 1552.73, 18.3263, 0, 0, 0, 0, 0, 0, 0, 0, 0, 0, 0, 0, 0),
(@OFFSET + 19220, 3, -423.49, 1551.35, 18.3652, 0, 0, 0, 0, 0, 0, 0, 0, 0, 0, 0, 0, 0),
(@OFFSET + 19220, 4, -415.466, 1546.56, 17.5574, 0, 0, 0, 0, 0, 0, 0, 0, 0, 0, 0, 0, 0),
(@OFFSET + 19220, 5, -414.934, 1541, 17.3527, 0, 0, 0, 0, 0, 0, 0, 0, 0, 0, 0, 0, 0),
(@OFFSET + 19220, 6, -419.645, 1537.14, 17.5428, 0, 0, 0, 0, 0, 0, 0, 0, 0, 0, 0, 0, 0),
(@OFFSET + 19220, 7, -424.713, 1531.67, 18.2238, 0, 0, 0, 0, 0, 0, 0, 0, 0, 0, 0, 0, 0),
(@OFFSET + 19220, 8, -429.78, 1525.6, 18.5857, 0, 0, 0, 0, 0, 0, 0, 0, 0, 0, 0, 0, 0),
(@OFFSET + 19220, 9, -423.978, 1532.29, 18.1481, 0, 0, 0, 0, 0, 0, 0, 0, 0, 0, 0, 0, 0),
(@OFFSET + 19220, 10, -416.547, 1538.62, 17.1268, 0, 0, 0, 0, 0, 0, 0, 0, 0, 0, 0, 0, 0),
(@OFFSET + 19220, 11, -409.072, 1544.23, 17.0097, 0, 0, 0, 0, 0, 0, 0, 0, 0, 0, 0, 0, 0),
(@OFFSET + 19220, 12, -400.626, 1550.87, 16.8233, 0, 0, 0, 0, 0, 0, 0, 0, 0, 0, 0, 0, 0),
(@OFFSET + 19220, 13, -392.308, 1555.83, 17.1561, 0, 0, 0, 0, 0, 0, 0, 0, 0, 0, 0, 0, 0),
(@OFFSET + 19220, 14, -387.686, 1555.04, 16.758, 0, 0, 0, 0, 0, 0, 0, 0, 0, 0, 0, 0, 0),
(@OFFSET + 19220, 15, -390.041, 1544.13, 16.805, 0, 0, 0, 0, 0, 0, 0, 0, 0, 0, 0, 0, 0),
(@OFFSET + 19220, 16, -392.292, 1535.09, 16.8719, 0, 0, 0, 0, 0, 0, 0, 0, 0, 0, 0, 0, 0),
(@OFFSET + 19220, 17, -400.952, 1536.79, 17.1363, 0, 0, 0, 0, 0, 0, 0, 0, 0, 0, 0, 0, 0),
(@OFFSET + 19220, 18, -410.566, 1543.32, 17.177, 0, 0, 0, 0, 0, 0, 0, 0, 0, 0, 0, 0, 0);

-- Linked Moonrage worgen inhabitants to night event (11) so they only spawn when it is active
INSERT INTO `game_event_creature` VALUES
-- Moonrage Watcher
(@OFFSET + 17908, 11),
(@OFFSET + 18404, 11),
(@OFFSET + 18408, 11),
(@OFFSET + 19002, 11),
(@OFFSET + 19005, 11),
(@OFFSET + 19084, 11),
(@OFFSET + 19219, 11),
(@OFFSET + 19222, 11),
(@OFFSET + 19223, 11),
(@OFFSET + 19224, 11),
(@OFFSET + 19227, 11),
(@OFFSET + 19229, 11),
(@OFFSET + 19316, 11),
(@OFFSET + 19343, 11),
-- Moonrage Sentry
(@OFFSET + 17910, 11),
(@OFFSET + 17911, 11),
(@OFFSET + 18236, 11),
(@OFFSET + 18237, 11),
(@OFFSET + 18239, 11),
(@OFFSET + 18291, 11),
(@OFFSET + 18306, 11),
(@OFFSET + 18350, 11),
(@OFFSET + 18400, 11),
(@OFFSET + 18411, 11),
(@OFFSET + 18413, 11),
(@OFFSET + 18996, 11),
(@OFFSET + 19008, 11),
(@OFFSET + 19012, 11),
(@OFFSET + 19015, 11),
(@OFFSET + 19019, 11),
(@OFFSET + 19220, 11),
(@OFFSET + 19228, 11),
-- Moonrage Elder
(@OFFSET + 17663, 11),
(@OFFSET + 17905, 11),
(@OFFSET + 18220, 11),
(@OFFSET + 18221, 11),
(@OFFSET + 18238, 11),
(@OFFSET + 18310, 11),
(@OFFSET + 18354, 11),
(@OFFSET + 18355, 11),
(@OFFSET + 18405, 11),
(@OFFSET + 18407, 11),
(@OFFSET + 18409, 11),
(@OFFSET + 19007, 11),
-- Moonrage Armorer
(@OFFSET + 18307, 11),
-- Moonrage Tailor
(@OFFSET + 18235, 11),
-- Moonrage Leatherworker
(@OFFSET + 18309, 11);