
UPDATE `creature_template` SET `HealthMultiplier`='3' WHERE `Entry`='4417';
UPDATE `creature_template` SET `HealthMultiplier`='3', `PowerMultiplier`='2', `DamageMultiplier`='1.7' WHERE `Entry`='4418';

UPDATE `creature` SET `spawntimesecs`='600' WHERE `id` IN ('594', '619', '623', '624', '625', '626', '824', '1725', '1727') AND NOT `map`='36';

REPLACE INTO `pool_template` (`entry`, `max_limit`, `description`) VALUES
('25575', '1', 'Mineral nodes - The Deadmines (exterior)'),
('25576', '1', 'Mineral nodes - The Deadmines (exterior)'),
('25577', '1', 'Mineral nodes - The Deadmines (exterior)'),
('25578', '1', 'Mineral nodes - The Deadmines (exterior)'),
('25579', '1', 'Mineral nodes - The Deadmines (exterior)'),
('25580', '1', 'Mineral nodes - The Deadmines (exterior)'),
('25581', '1', 'Mineral nodes - The Deadmines (exterior)'),
('25582', '1', 'Mineral nodes - The Deadmines (exterior)'),
('25583', '1', 'Mineral nodes - The Deadmines (exterior)'),
('25584', '1', 'Mineral nodes - The Deadmines (exterior)'),
('25585', '1', 'Mineral nodes - The Deadmines (exterior)'),
('25586', '1', 'Mineral nodes - The Deadmines (exterior)'),
('25587', '1', 'Mineral nodes - The Deadmines (exterior)'),
('25588', '1', 'Mineral nodes - The Deadmines (exterior)'),
('25589', '1', 'Mineral nodes - The Deadmines (exterior)'),
('25590', '1', 'Mineral nodes - The Deadmines (exterior)'),
('25591', '1', 'Mineral nodes - The Deadmines (exterior)'),
('25592', '1', 'Mineral nodes - The Deadmines (exterior)'),
('25593', '1', 'Mineral nodes - The Deadmines (exterior)'),
('25594', '1', 'Mineral nodes - The Deadmines (exterior)'),
('25595', '1', 'Mineral nodes - The Deadmines (exterior)'),
('25596', '1', 'Mineral nodes - The Deadmines (exterior)'),
('25597', '1', 'Mineral nodes - The Deadmines (exterior)'),
('25598', '5', 'Mineral nodes - The Deadmines (exterior)');

REPLACE INTO `pool_gameobject` (`guid`, `pool_entry`, `chance`, `description`) VALUES
('78958', '25575', '0', 'Copper Vein - The Deadmines (exterior)'),
('78959', '25575', '0', 'Tin Vein - The Deadmines (exterior)'),
('78960', '25575', '10', 'Silver Vein - The Deadmines (exterior)'),
('78910', '25576', '0', 'Copper Vein - The Deadmines (exterior)'),
('78911', '25576', '0', 'Tin Vein - The Deadmines (exterior)'),
('78912', '25576', '10', 'Silver Vein - The Deadmines (exterior)'),
('79051', '25577', '0', 'Copper Vein - The Deadmines (exterior)'),
('79052', '25577', '0', 'Tin Vein - The Deadmines (exterior)'),
('79053', '25577', '10', 'Silver Vein - The Deadmines (exterior)'),
('78913', '25578', '0', 'Copper Vein - The Deadmines (exterior)'),
('78914', '25578', '0', 'Tin Vein - The Deadmines (exterior)'),
('78915', '25578', '10', 'Silver Vein - The Deadmines (exterior)'),
('78940', '25579', '0', 'Copper Vein - The Deadmines (exterior)'),
('78941', '25579', '0', 'Tin Vein - The Deadmines (exterior)'),
('78942', '25579', '10', 'Silver Vein - The Deadmines (exterior)'),
('78955', '25580', '0', 'Copper Vein - The Deadmines (exterior)'),
('78956', '25580', '0', 'Tin Vein - The Deadmines (exterior)'),
('78957', '25580', '10', 'Silver Vein - The Deadmines (exterior)'),
('78952', '25581', '0', 'Copper Vein - The Deadmines (exterior)'),
('78953', '25581', '0', 'Tin Vein - The Deadmines (exterior)'),
('78954', '25581', '10', 'Silver Vein - The Deadmines (exterior)'),
('79036', '25582', '0', 'Copper Vein - The Deadmines (exterior)'),
('79037', '25582', '0', 'Tin Vein - The Deadmines (exterior)'),
('79038', '25582', '10', 'Silver Vein - The Deadmines (exterior)'),
('105205', '25583', '0', 'Copper Vein - The Deadmines (exterior)'),
('105206', '25583', '0', 'Tin Vein - The Deadmines (exterior)'),
('105207', '25583', '10', 'Silver Vein - The Deadmines (exterior)'),
('79213', '25584', '0', 'Copper Vein - The Deadmines (exterior)'),
('79214', '25584', '0', 'Tin Vein - The Deadmines (exterior)'),
('79215', '25584', '10', 'Silver Vein - The Deadmines (exterior)'),
('79342', '25585', '0', 'Copper Vein - The Deadmines (exterior)'),
('79343', '25585', '0', 'Tin Vein - The Deadmines (exterior)'),
('79344', '25585', '10', 'Silver Vein - The Deadmines (exterior)'),
('79174', '25586', '0', 'Copper Vein - The Deadmines (exterior)'),
('79175', '25586', '0', 'Tin Vein - The Deadmines (exterior)'),
('79176', '25586', '10', 'Silver Vein - The Deadmines (exterior)'),
('79123', '25587', '0', 'Copper Vein - The Deadmines (exterior)'),
('79124', '25587', '0', 'Tin Vein - The Deadmines (exterior)'),
('79125', '25587', '10', 'Silver Vein - The Deadmines (exterior)'),
('78916', '25588', '0', 'Copper Vein - The Deadmines (exterior)'),
('78917', '25588', '0', 'Tin Vein - The Deadmines (exterior)'),
('78918', '25588', '10', 'Silver Vein - The Deadmines (exterior)'),
('79309', '25589', '0', 'Copper Vein - The Deadmines (exterior)'),
('79310', '25589', '0', 'Tin Vein - The Deadmines (exterior)'),
('79311', '25589', '10', 'Silver Vein - The Deadmines (exterior)'),
('79165', '25590', '0', 'Copper Vein - The Deadmines (exterior)'),
('79166', '25590', '0', 'Tin Vein - The Deadmines (exterior)'),
('79167', '25590', '10', 'Silver Vein - The Deadmines (exterior)'),
('78919', '25591', '0', 'Copper Vein - The Deadmines (exterior)'),
('78920', '25591', '0', 'Tin Vein - The Deadmines (exterior)'),
('78921', '25591', '10', 'Silver Vein - The Deadmines (exterior)'),
('78904', '25592', '0', 'Copper Vein - The Deadmines (exterior)'),
('78905', '25592', '0', 'Tin Vein - The Deadmines (exterior)'),
('78906', '25592', '10', 'Silver Vein - The Deadmines (exterior)'),
('79186', '25593', '0', 'Copper Vein - The Deadmines (exterior)'),
('79187', '25593', '0', 'Tin Vein - The Deadmines (exterior)'),
('79188', '25593', '10', 'Silver Vein - The Deadmines (exterior)'),
('79372', '25594', '0', 'Copper Vein - The Deadmines (exterior)'),
('79373', '25594', '0', 'Tin Vein - The Deadmines (exterior)'),
('79374', '25594', '10', 'Silver Vein - The Deadmines (exterior)'),
('78931', '25595', '0', 'Copper Vein - The Deadmines (exterior)'),
('78932', '25595', '0', 'Tin Vein - The Deadmines (exterior)'),
('78933', '25595', '10', 'Silver Vein - The Deadmines (exterior)'),
('78943', '25596', '0', 'Copper Vein - The Deadmines (exterior)'),
('78944', '25596', '0', 'Tin Vein - The Deadmines (exterior)'),
('78945', '25596', '10', 'Silver Vein - The Deadmines (exterior)'),
('78997', '25597', '0', 'Copper Vein - The Deadmines (exterior)'),
('78998', '25597', '0', 'Tin Vein - The Deadmines (exterior)'),
('78999', '25597', '10', 'Silver Vein - The Deadmines (exterior)');

REPLACE INTO `pool_pool` (`pool_id`, `mother_pool`, `chance`, `description`) VALUES
('25575', '25598', '0', 'Mineral nodes - The Deadmines (exterior)'),
('25576', '25598', '0', 'Mineral nodes - The Deadmines (exterior)'),
('25577', '25598', '0', 'Mineral nodes - The Deadmines (exterior)'),
('25578', '25598', '0', 'Mineral nodes - The Deadmines (exterior)'),
('25579', '25598', '0', 'Mineral nodes - The Deadmines (exterior)'),
('25580', '25598', '0', 'Mineral nodes - The Deadmines (exterior)'),
('25581', '25598', '0', 'Mineral nodes - The Deadmines (exterior)'),
('25582', '25598', '0', 'Mineral nodes - The Deadmines (exterior)'),
('25583', '25598', '0', 'Mineral nodes - The Deadmines (exterior)'),
('25584', '25598', '0', 'Mineral nodes - The Deadmines (exterior)'),
('25585', '25598', '0', 'Mineral nodes - The Deadmines (exterior)'),
('25586', '25598', '0', 'Mineral nodes - The Deadmines (exterior)'),
('25587', '25598', '0', 'Mineral nodes - The Deadmines (exterior)'),
('25588', '25598', '0', 'Mineral nodes - The Deadmines (exterior)'),
('25589', '25598', '0', 'Mineral nodes - The Deadmines (exterior)'),
('25590', '25598', '0', 'Mineral nodes - The Deadmines (exterior)'),
('25591', '25598', '0', 'Mineral nodes - The Deadmines (exterior)'),
('25592', '25598', '0', 'Mineral nodes - The Deadmines (exterior)'),
('25593', '25598', '0', 'Mineral nodes - The Deadmines (exterior)'),
('25594', '25598', '0', 'Mineral nodes - The Deadmines (exterior)'),
('25595', '25598', '0', 'Mineral nodes - The Deadmines (exterior)'),
('25596', '25598', '0', 'Mineral nodes - The Deadmines (exterior)'),
('25597', '25598', '0', 'Mineral nodes - The Deadmines (exterior)');
