-- ----------------------------------
-- ALTERAC VALLEY
-- ----------------------------------

-- CREATURES
DELETE FROM game_event_creature WHERE guid IN (SELECT guid FROM creature WHERE id IN (15103, 15106));
DELETE FROM creature WHERE id IN (15103, 15106);
INSERT INTO `creature` VALUES 
(190137, 15103, 0, 0, 0, -4839.37, -1169.09, 502.279, 5.37562, 300, 300, 0, 0, 26140, 0, 0, 0),
(190136, 15103, 0, 0, 0, -4836.85, -1171.63, 502.277, 2.44346, 300, 300, 0, 0, 26140, 0, 0, 0),
(190113, 15103, 1, 0, 0, 9962.88, 2175.22, 1327.8, 1.97222, 120, 120, 0, 0, 26140, 0, 0, 0),
(190112, 15103, 1, 0, 0, 9961.1, 2179.29, 1327.8, 5.13127, 120, 120, 0, 0, 26140, 0, 0, 0),
(190177, 15103, 0, 0, 0, -8409.07, 578.255, 92.0611, 3.9968, 300, 300, 0, 0, 26140, 0, 0, 0),
(190176, 15103, 0, 0, 0, -8411.89, 575.031, 92.3179, 0.855211, 300, 300, 0, 0, 26140, 0, 0, 0),
(190169, 15103, 0, 0, 0, -5037.07, -1261.52, 505.383, 5.42797, 120, 120, 0, 0, 26140, 0, 0, 0),
(190168, 15103, 0, 0, 0, -5033.87, -1266.07, 505.383, 2.07694, 120, 120, 0, 0, 26140, 0, 0, 0),
(190161, 15103, 1, 0, 0, 9959.3, 2484.38, 1316.15, 0.750492, 300, 300, 0, 0, 26140, 0, 0, 0),
(190160, 15103, 1, 0, 0, 9962.13, 2487.17, 1316.12, 3.9968, 300, 300, 0, 0, 26140, 0, 0, 0),
(190153, 15103, 0, 0, 0, -8387.29, 286.165, 120.969, 2.30383, 300, 300, 0, 0, 26140, 0, 0, 0),
(190152, 15103, 0, 0, 0, -8389.02, 288.375, 120.969, 5.53269, 300, 300, 0, 0, 26140, 0, 0, 0),
(190145, 15103, 0, 0, 0, -4683.46, -985.091, 501.627, 6.03884, 300, 300, 0, 0, 26140, 0, 0, 0),
(190144, 15103, 0, 0, 0, -4680.56, -985.584, 501.646, 3.08923, 300, 300, 0, 0, 26140, 0, 0, 0),
(190129, 15103, 1, 0, 0, 9724.21, 2545, 1335.76, 5.58505, 300, 300, 0, 0, 26140, 0, 0, 0),
(190128, 15103, 1, 0, 0, 9727.12, 2542.52, 1335.24, 2.42602, 300, 300, 0, 0, 26140, 0, 0, 0),
(190121, 15103, 1, 0, 0, 9984.56, 2345.23, 1330.87, 1.74533, 120, 120, 0, 0, 26140, 0, 0, 0),
(190120, 15103, 1, 0, 0, 9983.62, 2350.23, 1330.87, 4.92183, 120, 120, 0, 0, 26140, 0, 0, 0),
(190265, 15103, 1, 0, 0, 9916.64, 2349.3, 1330.87, 4.92183, 300, 300, 0, 0, 26140, 0, 0, 0),
(190264, 15103, 1, 0, 0, 9916.48, 2345.54, 1330.87, 1.74533, 300, 300, 0, 0, 26140, 0, 0, 0),
(190033, 15103, 0, 0, 0, -5032.97, -926.68, 501.743, 4.64258, 300, 300, 0, 0, 26140, 0, 0, 0),
(190032, 15103, 0, 0, 0, -5033.75, -931.287, 501.743, 1.32645, 300, 300, 0, 0, 26140, 0, 0, 0),
(190025, 15103, 0, 0, 0, -4916.61, -852.305, 501.745, 1.48353, 300, 300, 0, 0, 26140, 0, 0, 0),
(190024, 15103, 0, 0, 0, -4916.43, -848.374, 501.745, 4.72984, 300, 300, 0, 0, 26140, 0, 0, 0),
(190017, 15103, 0, 0, 0, -8853.08, 587.01, 94.0289, 0.680678, 300, 300, 0, 0, 26140, 0, 0, 0),
(190016, 15103, 0, 0, 0, -8850.69, 589.49, 93.7805, 4.06662, 300, 300, 0, 0, 26140, 0, 0, 0),
(190009, 15103, 0, 0, 0, -8873.52, 544.724, 106.367, 3.82227, 300, 300, 0, 0, 26140, 0, 0, 0),
(190008, 15103, 0, 0, 0, -8876.83, 542.382, 106.366, 0.558505, 300, 300, 0, 0, 26140, 0, 0, 0),
(190001, 15103, 0, 0, 0, -8838.8, 651.394, 96.8924, 2.42601, 300, 300, 0, 0, 26140, 0, 0, 0),
(190000, 15103, 0, 0, 0, -8840.63, 652.959, 97.1951, 5.60251, 300, 300, 0, 0, 26140, 0, 0, 0),
(190496, 15103, 1, 0, 0, 9952.47, 2089.45, 1327.72, 4.78552, 120, 120, 0, 0, 26140, 0, 0, 2),
(190497, 15103, 1, 0, 0, 9951.12, 2089.54, 1327.72, 4.78566, 120, 120, 0, 0, 26140, 0, 0, 0),
(190512, 15103, 0, 0, 0, -5007.03, -1177.84, 501.66, 5.94314, 120, 120, 0, 0, 26140, 0, 0, 2),
(190513, 15103, 0, 0, 0, -5001.03, -1179.84, 501.66, 5.94313, 120, 120, 0, 0, 26140, 0, 0, 0),
(190520, 15103, 0, 0, 0, -8570.55, 536.096, 101.568, 5.53562, 120, 120, 0, 0, 26140, 0, 0, 2),
(190521, 15103, 0, 0, 0, -8569.02, 537.091, 101.549, 5.49044, 120, 120, 0, 0, 26140, 0, 0, 0),
(190105, 15106, 1, 0, 0, -1247.75, 54.7024, 127.217, 1.0472, 120, 120, 0, 0, 26140, 0, 0, 0),
(190104, 15106, 1, 0, 0, -1245.35, 58.3835, 127.089, 4.11898, 120, 120, 0, 0, 26140, 0, 0, 0),
(190400, 15106, 1, 0, 0, 1658.86, -4389.01, 23.9964, 1.13446, 120, 120, 0, 0, 26140, 0, 0, 0),
(190401, 15106, 1, 0, 0, 1660.66, -4385.63, 24.2068, 4.11898, 120, 120, 0, 0, 26140, 0, 0, 0),
(190408, 15106, 1, 0, 0, 1667.64, -4346.96, 61.5564, 2.37365, 120, 120, 0, 0, 26140, 0, 0, 0),
(190409, 15106, 1, 0, 0, 1665.84, -4344.94, 61.5564, 5.37561, 120, 120, 0, 0, 26140, 0, 0, 0),
(190416, 15106, 1, 0, 0, 1747.5, -3965.36, 50.0846, 3.49066, 120, 120, 0, 0, 26140, 0, 0, 0),
(190417, 15106, 1, 0, 0, 1743.73, -3966.88, 49.4691, 0.418879, 120, 120, 0, 0, 26140, 0, 0, 0),
(190424, 15106, 1, 0, 0, 1936.91, -4712.06, 37.331, 1.18682, 120, 120, 0, 0, 26140, 0, 0, 0),
(190425, 15106, 1, 0, 0, 1937.18, -4707.45, 35.7722, 4.36332, 120, 120, 0, 0, 26140, 0, 0, 0),
(190432, 15106, 1, 0, 0, -1091.7, -17.997, 140.475, 1.13446, 120, 120, 0, 0, 26140, 0, 0, 0),
(190433, 15106, 1, 0, 0, -1090.22, -15.3547, 140.657, 4.15388, 120, 120, 0, 0, 26140, 0, 0, 0),
(190440, 15106, 1, 0, 0, -1277.94, 138.47, 131.94, 5.35816, 120, 120, 0, 0, 26140, 0, 0, 0),
(190441, 15106, 1, 0, 0, -1275.75, 135.88, 132.1, 2.32129, 120, 120, 0, 0, 26140, 0, 0, 0),
(190448, 15106, 1, 0, 0, -1377.62, -61.9991, 159.279, 2.93215, 120, 120, 0, 0, 26140, 0, 0, 0),
(190449, 15106, 1, 0, 0, -1381.3, -61.6688, 159.135, 0.0174533, 120, 120, 0, 0, 26140, 0, 0, 0),
(190456, 15106, 1, 0, 0, -1049.16, 234.144, 134.639, 2.32129, 120, 120, 0, 0, 26140, 0, 0, 0),
(190457, 15106, 1, 0, 0, -1051.35, 236.734, 134.64, 5.35816, 120, 120, 0, 0, 26140, 0, 0, 0),
(190464, 15106, 0, 0, 0, 1263.18, 350.778, -63.6459, 0.977384, 120, 120, 0, 0, 26140, 0, 0, 0),
(190465, 15106, 0, 0, 0, 1265.31, 353.748, -63.6368, 4.15388, 120, 120, 0, 0, 26140, 0, 0, 0),
(190472, 15106, 0, 0, 0, 1521.09, 238.709, -41.3065, 1.18682, 120, 120, 0, 0, 26140, 0, 0, 0),
(190473, 15106, 0, 0, 0, 1522.57, 242.055, -41.3065, 4.2586, 120, 120, 0, 0, 26140, 0, 0, 0),
(190480, 15106, 0, 0, 0, 1593.71, 316.03, -41.3411, 6.21337, 120, 120, 0, 0, 26140, 0, 0, 0),
(190481, 15106, 0, 0, 0, 1596.57, 315.891, -41.3411, 3.12414, 120, 120, 0, 0, 26140, 0, 0, 0),
(190488, 15106, 0, 0, 0, 1597.46, 164.685, -41.3411, 2.6529, 120, 120, 0, 0, 26140, 0, 0, 0),
(190489, 15106, 0, 0, 0, 1593.22, 166.868, -41.3411, 5.81195, 120, 120, 0, 0, 26140, 0, 0, 0),
(190528, 15106, 1, 0, 0, 1954.35, -4722.71, 42.659, 1.99567, 120, 120, 0, 0, 26140, 0, 0, 2),
(190529, 15106, 1, 0, 0, 1952.39, -4723.16, 42.1039, 1.87001, 120, 120, 0, 0, 26140, 0, 0, 0),
(190544, 15106, 1, 0, 0, -1391.53, -85.9722, 158.985, 2.35896, 120, 120, 0, 0, 26140, 0, 0, 2),
(190545, 15106, 1, 0, 0, -1394.13, -86.12, 158.935, 2.19541, 120, 120, 0, 0, 26140, 0, 0, 0),
(190552, 15106, 0, 0, 0, 1633.35, 180.895, -62.1827, 0.313509, 120, 120, 0, 0, 26140, 0, 0, 2),
(190553, 15106, 0, 0, 0, 1632.72, 182.795, -62.183, 0.313487, 120, 120, 0, 0, 26140, 0, 0, 0),
(190576, 15106, 1, 0, 0, -1384.78, -87.3005, 159.192, 1.5929, 120, 120, 0, 0, 26140, 0, 0, 0),
(190577, 15106, 1, 0, 0, -1384.86, -83.6998, 159.726, 4.7462, 120, 120, 0, 0, 26140, 0, 0, 0);

INSERT INTO `creature_linking` (`guid`,`master_guid`,`flag`) VALUES 
(190497, 190496, 515),
(190513, 190512, 515),
(190521, 190520, 515),
(190529, 190528, 515),
(190545, 190544, 515),
(190553, 190552, 515);

INSERT INTO `creature_movement` (`id`,`point`,`position_x`,`position_y`,`position_z`,`waittime`,`script_id`,`textid1`,`textid2`,`textid3`,`textid4`,`textid5`,`emote`,`spell`,`orientation`,`model1`,`model2`) VALUES
(190496, 1, 9952.47, 2089.45, 1327.72, 0, 0, 0, 0, 0, 0, 0, 0, 0, 100, 0, 0),
(190496, 2, 9953.24, 2253.22, 1335.29, 0, 0, 0, 0, 0, 0, 0, 0, 0, 100, 0, 0),
(190496, 3, 9952.86, 2275.41, 1341.4, 0, 0, 0, 0, 0, 0, 0, 0, 0, 100, 0, 0),
(190496, 4, 9952.4, 2292.36, 1341.39, 0, 0, 0, 0, 0, 0, 0, 0, 0, 100, 0, 0),
(190496, 5, 9952.35, 2302.62, 1336.55, 0, 0, 0, 0, 0, 0, 0, 0, 0, 100, 0, 0),
(190496, 6, 9951.28, 2318.49, 1336.55, 0, 0, 0, 0, 0, 0, 0, 0, 0, 100, 0, 0),
(190496, 7, 9951, 2337.6, 1331.27, 0, 0, 0, 0, 0, 0, 0, 0, 0, 100, 0, 0),
(190496, 8, 9950.29, 2405.21, 1328.23, 0, 0, 0, 0, 0, 0, 0, 0, 0, 100, 0, 0),
(190496, 9, 9949.97, 2433.77, 1324.68, 0, 0, 0, 0, 0, 0, 0, 0, 0, 100, 0, 0),
(190496, 10, 9949.52, 2453.58, 1321.11, 0, 0, 0, 0, 0, 0, 0, 0, 0, 100, 0, 0),
(190496, 11, 9949.02, 2475.83, 1316.12, 0, 0, 0, 0, 0, 0, 0, 0, 0, 100, 0, 0),
(190496, 12, 9948.86, 2482.9, 1316.22, 0, 0, 0, 0, 0, 0, 0, 0, 0, 100, 0, 0),
(190496, 13, 9960.6, 2494.16, 1316.46, 0, 0, 0, 0, 0, 0, 0, 0, 0, 100, 0, 0),
(190496, 14, 9969.22, 2510.8, 1317.6, 0, 0, 0, 0, 0, 0, 0, 0, 0, 100, 0, 0),
(190496, 15, 9986.03, 2519.99, 1316.36, 0, 0, 0, 0, 0, 0, 0, 0, 0, 100, 0, 0),
(190496, 16, 9975.02, 2539.73, 1316.31, 0, 0, 0, 0, 0, 0, 0, 0, 0, 100, 0, 0),
(190496, 17, 9948.79, 2554.92, 1316.32, 0, 0, 0, 0, 0, 0, 0, 0, 0, 100, 0, 0),
(190496, 18, 9947.11, 2572.04, 1318.3, 0, 0, 0, 0, 0, 0, 0, 0, 0, 100, 0, 0),
(190496, 19, 9946.96, 2605.64, 1316.19, 0, 0, 0, 0, 0, 0, 0, 0, 0, 100, 0, 0),
(190496, 20, 9946.63, 2585.83, 1316.12, 0, 0, 0, 0, 0, 0, 0, 0, 0, 100, 0, 0),
(190496, 21, 9946.43, 2573.54, 1318.31, 0, 0, 0, 0, 0, 0, 0, 0, 0, 100, 0, 0),
(190496, 22, 9946.2, 2560.24, 1315.77, 0, 0, 0, 0, 0, 0, 0, 0, 0, 100, 0, 0),
(190496, 23, 9945.8, 2555.99, 1316.28, 0, 0, 0, 0, 0, 0, 0, 0, 0, 100, 0, 0),
(190496, 24, 9931.09, 2551.67, 1317.36, 0, 0, 0, 0, 0, 0, 0, 0, 0, 100, 0, 0),
(190496, 25, 9915.98, 2541.26, 1316.83, 0, 0, 0, 0, 0, 0, 0, 0, 0, 100, 0, 0),
(190496, 26, 9906.96, 2530.01, 1316.19, 0, 0, 0, 0, 0, 0, 0, 0, 0, 100, 0, 0),
(190496, 27, 9899.4, 2529.93, 1315.17, 0, 0, 0, 0, 0, 0, 0, 0, 0, 100, 0, 0),
(190496, 28, 9887.01, 2529.8, 1318.71, 0, 0, 0, 0, 0, 0, 0, 0, 0, 100, 0, 0),
(190496, 29, 9849.84, 2529.4, 1321.25, 0, 0, 0, 0, 0, 0, 0, 0, 0, 100, 0, 0),
(190496, 30, 9776.92, 2527.83, 1318.95, 0, 0, 0, 0, 0, 0, 0, 0, 0, 100, 0, 0),
(190496, 31, 9724.57, 2526.01, 1335.68, 0, 0, 0, 0, 0, 0, 0, 0, 0, 100, 0, 0),
(190496, 32, 9709.61, 2525.32, 1335.69, 0, 0, 0, 0, 0, 0, 0, 0, 0, 100, 0, 0),
(190496, 33, 9724.57, 2526.01, 1335.68, 0, 0, 0, 0, 0, 0, 0, 0, 0, 100, 0, 0),
(190496, 34, 9776.92, 2527.83, 1318.95, 0, 0, 0, 0, 0, 0, 0, 0, 0, 100, 0, 0),
(190496, 35, 9849.84, 2529.4, 1321.25, 0, 0, 0, 0, 0, 0, 0, 0, 0, 100, 0, 0),
(190496, 36, 9887.01, 2529.8, 1318.71, 0, 0, 0, 0, 0, 0, 0, 0, 0, 100, 0, 0),
(190496, 37, 9899.4, 2529.93, 1315.17, 0, 0, 0, 0, 0, 0, 0, 0, 0, 100, 0, 0),
(190496, 38, 9906.96, 2530.01, 1316.19, 0, 0, 0, 0, 0, 0, 0, 0, 0, 100, 0, 0),
(190496, 39, 9915.98, 2541.26, 1316.83, 0, 0, 0, 0, 0, 0, 0, 0, 0, 100, 0, 0),
(190496, 40, 9931.09, 2551.67, 1317.36, 0, 0, 0, 0, 0, 0, 0, 0, 0, 100, 0, 0),
(190496, 41, 9945.8, 2555.99, 1316.28, 0, 0, 0, 0, 0, 0, 0, 0, 0, 100, 0, 0),
(190496, 42, 9946.2, 2560.24, 1315.77, 0, 0, 0, 0, 0, 0, 0, 0, 0, 100, 0, 0),
(190496, 43, 9946.43, 2573.54, 1318.31, 0, 0, 0, 0, 0, 0, 0, 0, 0, 100, 0, 0),
(190496, 44, 9946.63, 2585.83, 1316.12, 0, 0, 0, 0, 0, 0, 0, 0, 0, 100, 0, 0),
(190496, 45, 9946.96, 2605.64, 1316.19, 0, 0, 0, 0, 0, 0, 0, 0, 0, 100, 0, 0),
(190496, 46, 9947.11, 2572.04, 1318.3, 0, 0, 0, 0, 0, 0, 0, 0, 0, 100, 0, 0),
(190496, 47, 9948.79, 2554.92, 1316.32, 0, 0, 0, 0, 0, 0, 0, 0, 0, 100, 0, 0),
(190496, 48, 9975.02, 2539.73, 1316.31, 0, 0, 0, 0, 0, 0, 0, 0, 0, 100, 0, 0),
(190496, 49, 9986.03, 2519.99, 1316.36, 0, 0, 0, 0, 0, 0, 0, 0, 0, 100, 0, 0),
(190496, 50, 9969.22, 2510.8, 1317.6, 0, 0, 0, 0, 0, 0, 0, 0, 0, 100, 0, 0),
(190496, 51, 9960.6, 2494.16, 1316.46, 0, 0, 0, 0, 0, 0, 0, 0, 0, 100, 0, 0),
(190496, 52, 9948.86, 2482.9, 1316.22, 0, 0, 0, 0, 0, 0, 0, 0, 0, 100, 0, 0),
(190496, 53, 9949.02, 2475.83, 1316.12, 0, 0, 0, 0, 0, 0, 0, 0, 0, 100, 0, 0),
(190496, 54, 9949.52, 2453.58, 1321.11, 0, 0, 0, 0, 0, 0, 0, 0, 0, 100, 0, 0),
(190496, 55, 9949.97, 2433.77, 1324.68, 0, 0, 0, 0, 0, 0, 0, 0, 0, 100, 0, 0),
(190496, 56, 9950.29, 2405.21, 1328.23, 0, 0, 0, 0, 0, 0, 0, 0, 0, 100, 0, 0),
(190496, 57, 9951, 2337.6, 1331.27, 0, 0, 0, 0, 0, 0, 0, 0, 0, 100, 0, 0),
(190496, 58, 9951.28, 2318.49, 1336.55, 0, 0, 0, 0, 0, 0, 0, 0, 0, 100, 0, 0),
(190496, 59, 9952.35, 2302.62, 1336.55, 0, 0, 0, 0, 0, 0, 0, 0, 0, 100, 0, 0),
(190496, 60, 9952.4, 2292.36, 1341.39, 0, 0, 0, 0, 0, 0, 0, 0, 0, 100, 0, 0),
(190496, 61, 9952.86, 2275.41, 1341.4, 0, 0, 0, 0, 0, 0, 0, 0, 0, 100, 0, 0),
(190496, 62, 9953.24, 2253.22, 1335.29, 0, 0, 0, 0, 0, 0, 0, 0, 0, 100, 0, 0),
(190496, 63, 9952.47, 2089.45, 1327.72, 0, 0, 0, 0, 0, 0, 0, 0, 0, 100, 0, 0),
(190512, 1, -5007.03, -1177.84, 501.66, 0, 0, 0, 0, 0, 0, 0, 0, 0, 100, 0, 0),
(190512, 2, -5001.6, -1153.96, 501.66, 0, 0, 0, 0, 0, 0, 0, 0, 0, 100, 0, 0),
(190512, 3, -4997.44, -1127.35, 501.696, 0, 0, 0, 0, 0, 0, 0, 0, 0, 100, 0, 0),
(190512, 4, -5000.03, -1114.52, 501.651, 0, 0, 0, 0, 0, 0, 0, 0, 0, 100, 0, 0),
(190512, 5, -4997.12, -1109.34, 501.667, 0, 0, 0, 0, 0, 0, 0, 0, 0, 100, 0, 0),
(190512, 6, -4994.9, -1099, 501.66, 0, 0, 0, 0, 0, 0, 0, 0, 0, 100, 0, 0),
(190512, 7, -4994.39, -1087.39, 500.913, 0, 0, 0, 0, 0, 0, 0, 0, 0, 100, 0, 0),
(190512, 8, -4992.23, -1050.22, 497.945, 0, 0, 0, 0, 0, 0, 0, 0, 0, 100, 0, 0),
(190512, 9, -4990.41, -1041.16, 501.658, 0, 0, 0, 0, 0, 0, 0, 0, 0, 100, 0, 0),
(190512, 10, -4986.52, -1020.52, 501.656, 0, 0, 0, 0, 0, 0, 0, 0, 0, 100, 0, 0),
(190512, 11, -4958.59, -977.043, 501.622, 0, 0, 0, 0, 0, 0, 0, 0, 0, 100, 0, 0),
(190512, 12, -4896.11, -925.091, 501.589, 0, 0, 0, 0, 0, 0, 0, 0, 0, 100, 0, 0),
(190512, 13, -4858.81, -910.906, 501.66, 0, 0, 0, 0, 0, 0, 0, 0, 0, 100, 0, 0),
(190512, 14, -4822.94, -906.469, 501.66, 0, 0, 0, 0, 0, 0, 0, 0, 0, 100, 0, 0),
(190512, 15, -4812.86, -906.403, 497.967, 0, 0, 0, 0, 0, 0, 0, 0, 0, 100, 0, 0),
(190512, 16, -4783.43, -907.789, 497.959, 0, 0, 0, 0, 0, 0, 0, 0, 0, 100, 0, 0),
(190512, 17, -4775.18, -907.41, 501.667, 0, 0, 0, 0, 0, 0, 0, 0, 0, 100, 0, 0),
(190512, 18, -4761.82, -907.258, 501.633, 0, 0, 0, 0, 0, 0, 0, 0, 0, 100, 0, 0),
(190512, 19, -4755.1, -910.173, 501.667, 0, 0, 0, 0, 0, 0, 0, 0, 0, 100, 0, 0),
(190512, 20, -4702.37, -937.593, 501.673, 0, 0, 0, 0, 0, 0, 0, 0, 0, 100, 0, 0),
(190512, 21, -4693.85, -961.51, 501.659, 0, 0, 0, 0, 0, 0, 0, 0, 0, 100, 0, 0),
(190512, 22, -4691.43, -974.311, 501.492, 0, 0, 0, 0, 0, 0, 0, 0, 0, 100, 0, 0),
(190512, 23, -4718.75, -982.936, 501.537, 0, 0, 0, 0, 0, 0, 0, 0, 0, 100, 0, 0),
(190512, 24, -4744.27, -984.132, 501.485, 0, 0, 0, 0, 0, 0, 0, 0, 0, 100, 0, 0),
(190512, 25, -4779.13, -1024.8, 502.211, 0, 0, 0, 0, 0, 0, 0, 0, 0, 100, 0, 0),
(190512, 26, -4807.38, -1032.69, 502.209, 0, 0, 0, 0, 0, 0, 0, 0, 0, 100, 0, 0),
(190512, 27, -4812.82, -1069.17, 502.206, 0, 0, 0, 0, 0, 0, 0, 0, 0, 100, 0, 0),
(190512, 28, -4836.54, -1086.65, 502.196, 0, 0, 0, 0, 0, 0, 0, 0, 0, 100, 0, 0),
(190512, 29, -4862.22, -1086.39, 502.202, 0, 0, 0, 0, 0, 0, 0, 0, 0, 100, 0, 0),
(190512, 30, -4890.83, -1113.34, 501.96, 0, 0, 0, 0, 0, 0, 0, 0, 0, 100, 0, 0),
(190512, 31, -4911.88, -1119.41, 501.699, 0, 0, 0, 0, 0, 0, 0, 0, 0, 100, 0, 0),
(190512, 32, -4937.18, -1180.6, 501.701, 0, 0, 0, 0, 0, 0, 0, 0, 0, 100, 0, 0),
(190512, 33, -4958.12, -1185.43, 501.66, 0, 0, 0, 0, 0, 0, 0, 0, 0, 100, 0, 0),
(190512, 34, -5005.38, -1176.96, 501.659, 0, 0, 0, 0, 0, 0, 0, 0, 0, 100, 0, 0),
(190520, 1, -8570.55, 536.096, 101.568, 0, 0, 0, 0, 0, 0, 0, 0, 0, 100, 0, 0),
(190520, 2, -8562.13, 527.552, 100.848, 0, 0, 0, 0, 0, 0, 0, 0, 0, 100, 0, 0),
(190520, 3, -8545.02, 501.789, 98.5899, 0, 0, 0, 0, 0, 0, 0, 0, 0, 100, 0, 0),
(190520, 4, -8518.93, 522.048, 98.3434, 0, 0, 0, 0, 0, 0, 0, 0, 0, 100, 0, 0),
(190520, 5, -8491.88, 555.915, 97.5228, 0, 0, 0, 0, 0, 0, 0, 0, 0, 100, 0, 0),
(190520, 6, -8471.63, 569.622, 96.3419, 0, 0, 0, 0, 0, 0, 0, 0, 0, 100, 0, 0),
(190520, 7, -8446.56, 585.956, 94.0389, 0, 0, 0, 0, 0, 0, 0, 0, 0, 100, 0, 0),
(190520, 8, -8429.33, 569.955, 93.9131, 0, 0, 0, 0, 0, 0, 0, 0, 0, 100, 0, 0),
(190520, 9, -8410.32, 568.215, 92.0255, 0, 0, 0, 0, 0, 0, 0, 0, 0, 100, 0, 0),
(190520, 10, -8394.13, 575.455, 91.2665, 0, 0, 0, 0, 0, 0, 0, 0, 0, 100, 0, 0),
(190520, 11, -8382.3, 593.915, 92.7951, 0, 0, 0, 0, 0, 0, 0, 0, 0, 100, 0, 0),
(190520, 12, -8390.55, 617.003, 95.0653, 0, 0, 0, 0, 0, 0, 0, 0, 0, 100, 0, 0),
(190520, 13, -8372.64, 633.326, 94.5912, 0, 0, 0, 0, 0, 0, 0, 0, 0, 100, 0, 0),
(190520, 14, -8352.06, 628.119, 95.1563, 0, 0, 0, 0, 0, 0, 0, 0, 0, 100, 0, 0),
(190520, 15, -8372.64, 633.326, 94.5912, 0, 0, 0, 0, 0, 0, 0, 0, 0, 100, 0, 0),
(190520, 16, -8390.55, 617.003, 95.0653, 0, 0, 0, 0, 0, 0, 0, 0, 0, 100, 0, 0),
(190520, 17, -8382.3, 593.915, 92.7951, 0, 0, 0, 0, 0, 0, 0, 0, 0, 100, 0, 0),
(190520, 18, -8394.13, 575.455, 91.2665, 0, 0, 0, 0, 0, 0, 0, 0, 0, 100, 0, 0),
(190520, 19, -8410.32, 568.215, 92.0255, 0, 0, 0, 0, 0, 0, 0, 0, 0, 100, 0, 0),
(190520, 20, -8429.33, 569.955, 93.9131, 0, 0, 0, 0, 0, 0, 0, 0, 0, 100, 0, 0),
(190520, 21, -8446.56, 585.956, 94.0389, 0, 0, 0, 0, 0, 0, 0, 0, 0, 100, 0, 0),
(190520, 22, -8471.63, 569.622, 96.3419, 0, 0, 0, 0, 0, 0, 0, 0, 0, 100, 0, 0),
(190520, 23, -8491.88, 555.915, 97.5228, 0, 0, 0, 0, 0, 0, 0, 0, 0, 100, 0, 0),
(190520, 24, -8510.11, 529.336, 98.1213, 0, 0, 0, 0, 0, 0, 0, 0, 0, 100, 0, 0),
(190520, 25, -8544.46, 500.948, 98.6426, 0, 0, 0, 0, 0, 0, 0, 0, 0, 100, 0, 0),
(190520, 26, -8562.68, 528.108, 100.913, 0, 0, 0, 0, 0, 0, 0, 0, 0, 100, 0, 0),
(190520, 27, -8577.11, 542.753, 101.777, 0, 0, 0, 0, 0, 0, 0, 0, 0, 100, 0, 0),
(190520, 28, -8597.78, 526.589, 106.411, 0, 0, 0, 0, 0, 0, 0, 0, 0, 100, 0, 0),
(190520, 29, -8611.79, 514.084, 103.461, 0, 0, 0, 0, 0, 0, 0, 0, 0, 100, 0, 0),
(190520, 30, -8634.36, 537.268, 99.9459, 0, 0, 0, 0, 0, 0, 0, 0, 0, 100, 0, 0),
(190520, 31, -8657.58, 553.584, 96.9367, 0, 0, 0, 0, 0, 0, 0, 0, 0, 100, 0, 0),
(190520, 32, -8678.6, 549.382, 97.4357, 0, 0, 0, 0, 0, 0, 0, 0, 0, 100, 0, 0),
(190520, 33, -8697.52, 533.308, 97.6909, 0, 0, 0, 0, 0, 0, 0, 0, 0, 100, 0, 0),
(190520, 34, -8713.68, 518.891, 97.1231, 0, 0, 0, 0, 0, 0, 0, 0, 0, 100, 0, 0),
(190520, 35, -8730.44, 539.56, 101.059, 0, 0, 0, 0, 0, 0, 0, 0, 0, 100, 0, 0),
(190520, 36, -8748.36, 560.304, 97.4026, 0, 0, 0, 0, 0, 0, 0, 0, 0, 100, 0, 0),
(190520, 37, -8735.85, 575.619, 97.4327, 0, 0, 0, 0, 0, 0, 0, 0, 0, 100, 0, 0),
(190520, 38, -8770.72, 608.689, 97.1009, 0, 0, 0, 0, 0, 0, 0, 0, 0, 100, 0, 0),
(190520, 39, -8799.59, 588.334, 97.2445, 0, 0, 0, 0, 0, 0, 0, 0, 0, 100, 0, 0),
(190520, 40, -8819.46, 617.93, 94.6946, 0, 0, 0, 0, 0, 0, 0, 0, 0, 100, 0, 0),
(190520, 41, -8840.7, 642.219, 95.5346, 0, 0, 0, 0, 0, 0, 0, 0, 0, 100, 0, 0),
(190520, 42, -8851.28, 660.075, 97.0017, 0, 0, 0, 0, 0, 0, 0, 0, 0, 100, 0, 0),
(190520, 43, -8824.99, 677.832, 97.6574, 0, 0, 0, 0, 0, 0, 0, 0, 0, 100, 0, 0),
(190520, 44, -8845.73, 720.753, 97.3148, 0, 0, 0, 0, 0, 0, 0, 0, 0, 100, 0, 0),
(190520, 45, -8870.14, 760.393, 96.7109, 0, 0, 0, 0, 0, 0, 0, 0, 0, 100, 0, 0),
(190520, 46, -8880.87, 754.513, 96.3478, 0, 0, 0, 0, 0, 0, 0, 0, 0, 100, 0, 0),
(190520, 47, -8909.56, 791.193, 87.4289, 0, 0, 0, 0, 0, 0, 0, 0, 0, 100, 0, 0),
(190520, 48, -8899.24, 803.05, 87.6653, 0, 0, 0, 0, 0, 0, 0, 0, 0, 100, 0, 0),
(190520, 49, -8898.7, 825.012, 92.1318, 0, 0, 0, 0, 0, 0, 0, 0, 0, 100, 0, 0),
(190520, 50, -8907.05, 846.462, 96.0285, 0, 0, 0, 0, 0, 0, 0, 0, 0, 100, 0, 0),
(190520, 51, -8894.59, 866.98, 97.405, 0, 0, 0, 0, 0, 0, 0, 0, 0, 100, 0, 0),
(190520, 52, -8887.74, 890.776, 103.431, 0, 0, 0, 0, 0, 0, 0, 0, 0, 100, 0, 0),
(190520, 53, -8894.48, 911.813, 110.763, 0, 0, 0, 0, 0, 0, 0, 0, 0, 100, 0, 0),
(190520, 54, -8854.07, 933.522, 102.07, 0, 0, 0, 0, 0, 0, 0, 0, 0, 100, 0, 0),
(190520, 55, -8894.48, 911.813, 110.763, 0, 0, 0, 0, 0, 0, 0, 0, 0, 100, 0, 0),
(190520, 56, -8887.74, 890.776, 103.431, 0, 0, 0, 0, 0, 0, 0, 0, 0, 100, 0, 0),
(190520, 57, -8894.59, 866.98, 97.405, 0, 0, 0, 0, 0, 0, 0, 0, 0, 100, 0, 0),
(190520, 58, -8907.05, 846.462, 96.0285, 0, 0, 0, 0, 0, 0, 0, 0, 0, 100, 0, 0),
(190520, 59, -8898.7, 825.012, 92.1318, 0, 0, 0, 0, 0, 0, 0, 0, 0, 100, 0, 0),
(190520, 60, -8899.16, 803.142, 87.7088, 0, 0, 0, 0, 0, 0, 0, 0, 0, 100, 0, 0),
(190520, 61, -8909.56, 791.193, 87.4289, 0, 0, 0, 0, 0, 0, 0, 0, 0, 100, 0, 0),
(190520, 62, -8880.87, 754.513, 96.3478, 0, 0, 0, 0, 0, 0, 0, 0, 0, 100, 0, 0),
(190520, 63, -8870.14, 760.393, 96.7109, 0, 0, 0, 0, 0, 0, 0, 0, 0, 100, 0, 0),
(190520, 64, -8845.75, 720.794, 97.2726, 0, 0, 0, 0, 0, 0, 0, 0, 0, 100, 0, 0),
(190520, 65, -8824.99, 677.832, 97.6574, 0, 0, 0, 0, 0, 0, 0, 0, 0, 100, 0, 0),
(190520, 66, -8851.28, 660.075, 97.0017, 0, 0, 0, 0, 0, 0, 0, 0, 0, 100, 0, 0),
(190520, 67, -8840.74, 642.262, 95.532, 0, 0, 0, 0, 0, 0, 0, 0, 0, 100, 0, 0),
(190520, 68, -8819.46, 617.93, 94.6946, 0, 0, 0, 0, 0, 0, 0, 0, 0, 100, 0, 0),
(190520, 69, -8799.59, 588.334, 97.2445, 0, 0, 0, 0, 0, 0, 0, 0, 0, 100, 0, 0),
(190520, 70, -8770.72, 608.689, 97.1009, 0, 0, 0, 0, 0, 0, 0, 0, 0, 100, 0, 0),
(190520, 71, -8735.85, 575.619, 97.4327, 0, 0, 0, 0, 0, 0, 0, 0, 0, 100, 0, 0),
(190520, 72, -8748.36, 560.304, 97.4026, 0, 0, 0, 0, 0, 0, 0, 0, 0, 100, 0, 0),
(190520, 73, -8730.58, 539.735, 101.077, 0, 0, 0, 0, 0, 0, 0, 0, 0, 100, 0, 0),
(190520, 74, -8713.68, 518.891, 97.1231, 0, 0, 0, 0, 0, 0, 0, 0, 0, 100, 0, 0),
(190520, 75, -8697.52, 533.308, 97.6909, 0, 0, 0, 0, 0, 0, 0, 0, 0, 100, 0, 0),
(190520, 76, -8678.6, 549.382, 97.4357, 0, 0, 0, 0, 0, 0, 0, 0, 0, 100, 0, 0),
(190520, 77, -8657.58, 553.584, 96.9367, 0, 0, 0, 0, 0, 0, 0, 0, 0, 100, 0, 0),
(190520, 78, -8634.36, 537.268, 99.9459, 0, 0, 0, 0, 0, 0, 0, 0, 0, 100, 0, 0),
(190520, 79, -8611.79, 514.084, 103.461, 0, 0, 0, 0, 0, 0, 0, 0, 0, 100, 0, 0),
(190520, 80, -8597.78, 526.589, 106.411, 0, 0, 0, 0, 0, 0, 0, 0, 0, 100, 0, 0),
(190520, 81, -8577.11, 542.753, 101.777, 0, 0, 0, 0, 0, 0, 0, 0, 0, 100, 0, 0),
(190528, 1, 1954.46, -4722.56, 42.6743, 0, 0, 0, 0, 0, 0, 0, 0, 0, 100, 0, 0),
(190528, 2, 1951.09, -4714.8, 36.9093, 0, 0, 0, 0, 0, 0, 0, 0, 0, 100, 0, 0),
(190528, 3, 1948.98, -4697.22, 28.9954, 0, 0, 0, 0, 0, 0, 0, 0, 0, 100, 0, 0),
(190528, 4, 1945.38, -4681.89, 25.2457, 0, 0, 0, 0, 0, 0, 0, 0, 0, 100, 0, 0),
(190528, 5, 1937.36, -4669.2, 26.5256, 0, 0, 0, 0, 0, 0, 0, 0, 0, 100, 0, 0),
(190528, 6, 1909.86, -4631.36, 32.9827, 0, 0, 0, 0, 0, 0, 0, 0, 0, 100, 0, 0),
(190528, 7, 1907.75, -4627.89, 34.119, 0, 0, 0, 0, 0, 0, 0, 0, 0, 100, 0, 0),
(190528, 8, 1894.59, -4605.89, 34.1211, 0, 0, 0, 0, 0, 0, 0, 0, 0, 100, 0, 0),
(190528, 9, 1925.42, -4584.78, 34.1211, 0, 0, 0, 0, 0, 0, 0, 0, 0, 100, 0, 0),
(190528, 10, 1909.95, -4559.76, 34.1195, 0, 0, 0, 0, 0, 0, 0, 0, 0, 100, 0, 0),
(190528, 11, 1904.4, -4549.83, 28.7954, 0, 0, 0, 0, 0, 0, 0, 0, 0, 100, 0, 0),
(190528, 12, 1893, -4531.73, 28.0416, 0, 0, 0, 0, 0, 0, 0, 0, 0, 100, 0, 0),
(190528, 13, 1893.45, -4526.07, 28.581, 0, 0, 0, 0, 0, 0, 0, 0, 0, 100, 0, 0),
(190528, 14, 1899.83, -4517.27, 27.3582, 0, 0, 0, 0, 0, 0, 0, 0, 0, 100, 0, 0),
(190528, 15, 1906.73, -4505.23, 24.9591, 0, 0, 0, 0, 0, 0, 0, 0, 0, 100, 0, 0),
(190528, 16, 1907.86, -4490.92, 22.9967, 0, 0, 0, 0, 0, 0, 0, 0, 0, 100, 0, 0),
(190528, 17, 1900.89, -4482.65, 21.1357, 0, 0, 0, 0, 0, 0, 0, 0, 0, 100, 0, 0),
(190528, 18, 1893.16, -4474.82, 20.6826, 0, 0, 0, 0, 0, 0, 0, 0, 0, 100, 0, 0),
(190528, 19, 1891.65, -4462.73, 19.5832, 0, 0, 0, 0, 0, 0, 0, 0, 0, 100, 0, 0),
(190528, 20, 1894.99, -4448.4, 18.1421, 0, 0, 0, 0, 0, 0, 0, 0, 0, 100, 0, 0),
(190528, 21, 1896.97, -4437.62, 16.2806, 0, 0, 0, 0, 0, 0, 0, 0, 0, 100, 0, 0),
(190528, 22, 1894.04, -4426.05, 13.9888, 0, 0, 0, 0, 0, 0, 0, 0, 0, 100, 0, 0),
(190528, 23, 1885.5, -4418.79, 11.3314, 0, 0, 0, 0, 0, 0, 0, 0, 0, 100, 0, 0),
(190528, 24, 1876.37, -4416.82, 9.24696, 0, 0, 0, 0, 0, 0, 0, 0, 0, 100, 0, 0),
(190528, 25, 1856.3, -4416.08, 6.07582, 0, 0, 0, 0, 0, 0, 0, 0, 0, 100, 0, 0),
(190528, 26, 1843.81, -4407.75, 4.68483, 0, 0, 0, 0, 0, 0, 0, 0, 0, 100, 0, 0),
(190528, 27, 1840.08, -4400.54, 4.1577, 0, 0, 0, 0, 0, 0, 0, 0, 0, 100, 0, 0),
(190528, 28, 1817.85, -4365.1, -9.09306, 0, 0, 0, 0, 0, 0, 0, 0, 0, 100, 0, 0),
(190528, 29, 1799.58, -4327.29, -11.1642, 0, 0, 0, 0, 0, 0, 0, 0, 0, 100, 0, 0),
(190528, 30, 1782.7, -4294.67, 5.5883, 0, 0, 0, 0, 0, 0, 0, 0, 0, 100, 0, 0),
(190528, 31, 1776.15, -4294, 6.73376, 0, 0, 0, 0, 0, 0, 0, 0, 0, 100, 0, 0),
(190528, 32, 1766.7, -4298.89, 7.56642, 0, 0, 0, 0, 0, 0, 0, 0, 0, 100, 0, 0),
(190528, 33, 1761.65, -4304.24, 7.2299, 0, 0, 0, 0, 0, 0, 0, 0, 0, 100, 0, 0),
(190528, 34, 1745.15, -4297.08, 13.9415, 0, 0, 0, 0, 0, 0, 0, 0, 0, 100, 0, 0),
(190528, 35, 1740.24, -4292.31, 15.1055, 0, 0, 0, 0, 0, 0, 0, 0, 0, 100, 0, 0),
(190528, 36, 1735.93, -4277.6, 17.9325, 0, 0, 0, 0, 0, 0, 0, 0, 0, 100, 0, 0),
(190528, 37, 1742.48, -4263.41, 23.8393, 0, 0, 0, 0, 0, 0, 0, 0, 0, 100, 0, 0),
(190528, 38, 1750.93, -4255.88, 28.2688, 0, 0, 0, 0, 0, 0, 0, 0, 0, 100, 0, 0),
(190528, 39, 1769.24, -4248.43, 36.0152, 0, 0, 0, 0, 0, 0, 0, 0, 0, 100, 0, 0),
(190528, 40, 1780.17, -4240.32, 39.6535, 0, 0, 0, 0, 0, 0, 0, 0, 0, 100, 0, 0),
(190528, 41, 1784.91, -4228.93, 39.8616, 0, 0, 0, 0, 0, 0, 0, 0, 0, 100, 0, 0),
(190528, 42, 1777.11, -4221.35, 39.6674, 0, 0, 0, 0, 0, 0, 0, 0, 0, 100, 0, 0),
(190528, 43, 1754.45, -4213.47, 42.4923, 0, 0, 0, 0, 0, 0, 0, 0, 0, 100, 0, 0),
(190528, 44, 1742.98, -4213.58, 43.9449, 0, 0, 0, 0, 0, 0, 0, 0, 0, 100, 0, 0),
(190528, 45, 1729, -4220.93, 45.6859, 0, 0, 0, 0, 0, 0, 0, 0, 0, 100, 0, 0),
(190528, 46, 1707.14, -4231.98, 49.2425, 0, 0, 0, 0, 0, 0, 0, 0, 0, 100, 0, 0),
(190528, 47, 1683.98, -4245.42, 51.3726, 0, 0, 0, 0, 0, 0, 0, 0, 0, 100, 0, 0),
(190528, 48, 1664.47, -4256.19, 51.5929, 0, 0, 0, 0, 0, 0, 0, 0, 0, 100, 0, 0),
(190528, 49, 1651.2, -4264.8, 50.2665, 0, 0, 0, 0, 0, 0, 0, 0, 0, 100, 0, 0),
(190528, 50, 1637.98, -4271.1, 48.0471, 0, 0, 0, 0, 0, 0, 0, 0, 0, 100, 0, 0),
(190528, 51, 1623.92, -4262.35, 47.1224, 0, 0, 0, 0, 0, 0, 0, 0, 0, 100, 0, 0),
(190528, 52, 1603.29, -4237.15, 45.2332, 0, 0, 0, 0, 0, 0, 0, 0, 0, 100, 0, 0),
(190528, 53, 1589.27, -4219.05, 44.1306, 0, 0, 0, 0, 0, 0, 0, 0, 0, 100, 0, 0),
(190528, 54, 1581.14, -4198.7, 41.3964, 0, 0, 0, 0, 0, 0, 0, 0, 0, 100, 0, 0),
(190528, 55, 1579.6, -4173, 37.7449, 0, 0, 0, 0, 0, 0, 0, 0, 0, 100, 0, 0),
(190528, 56, 1585.85, -4153.19, 34.6496, 0, 0, 0, 0, 0, 0, 0, 0, 0, 100, 0, 0),
(190528, 57, 1606.41, -4122.96, 29.7899, 0, 0, 0, 0, 0, 0, 0, 0, 0, 100, 0, 0),
(190528, 58, 1666.8, -4097.01, 35.0078, 0, 0, 0, 0, 0, 0, 0, 0, 0, 100, 0, 0),
(190528, 59, 1706.45, -4087.46, 39.3622, 0, 0, 0, 0, 0, 0, 0, 0, 0, 100, 0, 0),
(190528, 60, 1730.26, -4073.1, 43.8529, 0, 0, 0, 0, 0, 0, 0, 0, 0, 100, 0, 0),
(190528, 61, 1744.58, -4045.25, 44.1596, 0, 0, 0, 0, 0, 0, 0, 0, 0, 100, 0, 0),
(190528, 62, 1746.77, -4022.89, 45.6474, 0, 0, 0, 0, 0, 0, 0, 0, 0, 100, 0, 0),
(190528, 63, 1743.11, -4000.24, 46.4807, 0, 0, 0, 0, 0, 0, 0, 0, 0, 100, 0, 0),
(190528, 64, 1732.31, -3972.21, 48.1202, 0, 0, 0, 0, 0, 0, 0, 0, 0, 100, 0, 0),
(190528, 65, 1743.11, -4000.24, 46.4807, 0, 0, 0, 0, 0, 0, 0, 0, 0, 100, 0, 0),
(190528, 66, 1746.77, -4022.89, 45.6474, 0, 0, 0, 0, 0, 0, 0, 0, 0, 100, 0, 0),
(190528, 67, 1744.58, -4045.25, 44.1596, 0, 0, 0, 0, 0, 0, 0, 0, 0, 100, 0, 0),
(190528, 68, 1730.26, -4073.1, 43.8529, 0, 0, 0, 0, 0, 0, 0, 0, 0, 100, 0, 0),
(190528, 69, 1706.45, -4087.46, 39.3622, 0, 0, 0, 0, 0, 0, 0, 0, 0, 100, 0, 0),
(190528, 70, 1666.8, -4097.01, 35.0078, 0, 0, 0, 0, 0, 0, 0, 0, 0, 100, 0, 0),
(190528, 71, 1606.41, -4122.96, 29.7899, 0, 0, 0, 0, 0, 0, 0, 0, 0, 100, 0, 0),
(190528, 72, 1585.85, -4153.19, 34.6496, 0, 0, 0, 0, 0, 0, 0, 0, 0, 100, 0, 0),
(190528, 73, 1579.6, -4173, 37.7449, 0, 0, 0, 0, 0, 0, 0, 0, 0, 100, 0, 0),
(190528, 74, 1581.14, -4198.7, 41.3964, 0, 0, 0, 0, 0, 0, 0, 0, 0, 100, 0, 0),
(190528, 75, 1589.27, -4219.05, 44.1306, 0, 0, 0, 0, 0, 0, 0, 0, 0, 100, 0, 0),
(190528, 76, 1603.29, -4237.15, 45.2332, 0, 0, 0, 0, 0, 0, 0, 0, 0, 100, 0, 0),
(190528, 77, 1623.92, -4262.35, 47.1224, 0, 0, 0, 0, 0, 0, 0, 0, 0, 100, 0, 0),
(190528, 78, 1637.98, -4271.1, 48.0471, 0, 0, 0, 0, 0, 0, 0, 0, 0, 100, 0, 0),
(190528, 79, 1651.2, -4264.8, 50.2665, 0, 0, 0, 0, 0, 0, 0, 0, 0, 100, 0, 0),
(190528, 80, 1664.47, -4256.19, 51.5929, 0, 0, 0, 0, 0, 0, 0, 0, 0, 100, 0, 0),
(190528, 81, 1683.98, -4245.42, 51.3726, 0, 0, 0, 0, 0, 0, 0, 0, 0, 100, 0, 0),
(190528, 82, 1707.14, -4231.98, 49.2425, 0, 0, 0, 0, 0, 0, 0, 0, 0, 100, 0, 0),
(190528, 83, 1729, -4220.93, 45.6859, 0, 0, 0, 0, 0, 0, 0, 0, 0, 100, 0, 0),
(190528, 84, 1742.98, -4213.58, 43.9449, 0, 0, 0, 0, 0, 0, 0, 0, 0, 100, 0, 0),
(190528, 85, 1754.45, -4213.47, 42.4923, 0, 0, 0, 0, 0, 0, 0, 0, 0, 100, 0, 0),
(190528, 86, 1777.11, -4221.35, 39.6674, 0, 0, 0, 0, 0, 0, 0, 0, 0, 100, 0, 0),
(190528, 87, 1784.91, -4228.93, 39.8616, 0, 0, 0, 0, 0, 0, 0, 0, 0, 100, 0, 0),
(190528, 88, 1780.17, -4240.32, 39.6535, 0, 0, 0, 0, 0, 0, 0, 0, 0, 100, 0, 0),
(190528, 89, 1769.24, -4248.43, 36.0152, 0, 0, 0, 0, 0, 0, 0, 0, 0, 100, 0, 0),
(190528, 90, 1750.93, -4255.88, 28.2688, 0, 0, 0, 0, 0, 0, 0, 0, 0, 100, 0, 0),
(190528, 91, 1742.48, -4263.41, 23.8393, 0, 0, 0, 0, 0, 0, 0, 0, 0, 100, 0, 0),
(190528, 92, 1735.93, -4277.6, 17.9325, 0, 0, 0, 0, 0, 0, 0, 0, 0, 100, 0, 0),
(190528, 93, 1740.24, -4292.31, 15.1055, 0, 0, 0, 0, 0, 0, 0, 0, 0, 100, 0, 0),
(190528, 94, 1745.15, -4297.08, 13.9415, 0, 0, 0, 0, 0, 0, 0, 0, 0, 100, 0, 0),
(190528, 95, 1761.65, -4304.24, 7.2299, 0, 0, 0, 0, 0, 0, 0, 0, 0, 100, 0, 0),
(190528, 96, 1766.7, -4298.89, 7.56642, 0, 0, 0, 0, 0, 0, 0, 0, 0, 100, 0, 0),
(190528, 97, 1776.15, -4294, 6.73376, 0, 0, 0, 0, 0, 0, 0, 0, 0, 100, 0, 0),
(190528, 98, 1782.7, -4294.67, 5.5883, 0, 0, 0, 0, 0, 0, 0, 0, 0, 100, 0, 0),
(190528, 99, 1799.58, -4327.29, -11.1642, 0, 0, 0, 0, 0, 0, 0, 0, 0, 100, 0, 0),
(190528, 100, 1817.85, -4365.1, -9.09306, 0, 0, 0, 0, 0, 0, 0, 0, 0, 100, 0, 0),
(190528, 101, 1840.08, -4400.54, 4.1577, 0, 0, 0, 0, 0, 0, 0, 0, 0, 100, 0, 0),
(190528, 102, 1843.81, -4407.75, 4.68483, 0, 0, 0, 0, 0, 0, 0, 0, 0, 100, 0, 0),
(190528, 103, 1856.3, -4416.08, 6.07582, 0, 0, 0, 0, 0, 0, 0, 0, 0, 100, 0, 0),
(190528, 104, 1876.37, -4416.82, 9.24696, 0, 0, 0, 0, 0, 0, 0, 0, 0, 100, 0, 0),
(190528, 105, 1885.5, -4418.79, 11.3314, 0, 0, 0, 0, 0, 0, 0, 0, 0, 100, 0, 0),
(190528, 106, 1894.04, -4426.05, 13.9888, 0, 0, 0, 0, 0, 0, 0, 0, 0, 100, 0, 0),
(190528, 107, 1896.97, -4437.62, 16.2806, 0, 0, 0, 0, 0, 0, 0, 0, 0, 100, 0, 0),
(190528, 108, 1894.99, -4448.4, 18.1421, 0, 0, 0, 0, 0, 0, 0, 0, 0, 100, 0, 0),
(190528, 109, 1891.65, -4462.73, 19.5832, 0, 0, 0, 0, 0, 0, 0, 0, 0, 100, 0, 0),
(190528, 110, 1893.16, -4474.82, 20.6826, 0, 0, 0, 0, 0, 0, 0, 0, 0, 100, 0, 0),
(190528, 111, 1900.89, -4482.65, 21.1357, 0, 0, 0, 0, 0, 0, 0, 0, 0, 100, 0, 0),
(190528, 112, 1907.86, -4490.92, 22.9967, 0, 0, 0, 0, 0, 0, 0, 0, 0, 100, 0, 0),
(190528, 113, 1906.73, -4505.23, 24.9591, 0, 0, 0, 0, 0, 0, 0, 0, 0, 100, 0, 0),
(190528, 114, 1899.83, -4517.27, 27.3582, 0, 0, 0, 0, 0, 0, 0, 0, 0, 100, 0, 0),
(190528, 115, 1893.45, -4526.07, 28.581, 0, 0, 0, 0, 0, 0, 0, 0, 0, 100, 0, 0),
(190528, 116, 1893, -4531.73, 28.0416, 0, 0, 0, 0, 0, 0, 0, 0, 0, 100, 0, 0),
(190528, 117, 1904.4, -4549.83, 28.7954, 0, 0, 0, 0, 0, 0, 0, 0, 0, 100, 0, 0),
(190528, 118, 1909.95, -4559.76, 34.1195, 0, 0, 0, 0, 0, 0, 0, 0, 0, 100, 0, 0),
(190528, 119, 1925.42, -4584.78, 34.1211, 0, 0, 0, 0, 0, 0, 0, 0, 0, 100, 0, 0),
(190528, 120, 1894.59, -4605.89, 34.1211, 0, 0, 0, 0, 0, 0, 0, 0, 0, 100, 0, 0),
(190528, 121, 1907.75, -4627.89, 34.119, 0, 0, 0, 0, 0, 0, 0, 0, 0, 100, 0, 0),
(190528, 122, 1909.86, -4631.36, 32.9827, 0, 0, 0, 0, 0, 0, 0, 0, 0, 100, 0, 0),
(190528, 123, 1937.36, -4669.2, 26.5256, 0, 0, 0, 0, 0, 0, 0, 0, 0, 100, 0, 0),
(190528, 124, 1945.38, -4681.89, 25.2457, 0, 0, 0, 0, 0, 0, 0, 0, 0, 100, 0, 0),
(190528, 125, 1948.98, -4697.22, 28.9954, 0, 0, 0, 0, 0, 0, 0, 0, 0, 100, 0, 0),
(190528, 126, 1951.09, -4714.8, 36.9093, 0, 0, 0, 0, 0, 0, 0, 0, 0, 100, 0, 0),
(190528, 127, 1954.46, -4722.56, 42.6743, 0, 0, 0, 0, 0, 0, 0, 0, 0, 100, 0, 0),
(190544, 1, -1391.53, -85.9722, 158.985, 0, 0, 0, 0, 0, 0, 0, 0, 0, 100, 0, 0),
(190544, 2, -1392.84, -70.6216, 158.953, 0, 0, 0, 0, 0, 0, 0, 0, 0, 100, 0, 0),
(190544, 3, -1397.17, -63.2994, 158.48, 0, 0, 0, 0, 0, 0, 0, 0, 0, 100, 0, 0),
(190544, 4, -1385.78, -48.623, 160.41, 0, 0, 0, 0, 0, 0, 0, 0, 0, 100, 0, 0),
(190544, 5, -1355.33, -12.8232, 142.476, 0, 0, 0, 0, 0, 0, 0, 0, 0, 100, 0, 0),
(190544, 6, -1329.13, 16.6672, 138.367, 0, 0, 0, 0, 0, 0, 0, 0, 0, 100, 0, 0),
(190544, 7, -1322.95, 27.8675, 138.336, 0, 0, 0, 0, 0, 0, 0, 0, 0, 100, 0, 0),
(190544, 8, -1317.07, 29.013, 137.436, 0, 0, 0, 0, 0, 0, 0, 0, 0, 100, 0, 0),
(190544, 9, -1309.84, 26.0727, 137.436, 0, 0, 0, 0, 0, 0, 0, 0, 0, 100, 0, 0),
(190544, 10, -1295.25, 33.1151, 129.209, 0, 0, 0, 0, 0, 0, 0, 0, 0, 100, 0, 0),
(190544, 11, -1292.36, 39.2755, 129.209, 0, 0, 0, 0, 0, 0, 0, 0, 0, 100, 0, 0),
(190544, 12, -1279.27, 46.8591, 128.935, 0, 0, 0, 0, 0, 0, 0, 0, 0, 100, 0, 0),
(190544, 13, -1267.41, 56.4666, 127.176, 0, 0, 0, 0, 0, 0, 0, 0, 0, 100, 0, 0),
(190544, 14, -1264.5, 73.6123, 127.693, 0, 0, 0, 0, 0, 0, 0, 0, 0, 100, 0, 0),
(190544, 15, -1284.97, 98.3124, 130.204, 0, 0, 0, 0, 0, 0, 0, 0, 0, 100, 0, 0),
(190544, 16, -1286.55, 107.812, 130.943, 0, 0, 0, 0, 0, 0, 0, 0, 0, 100, 0, 0),
(190544, 17, -1277.37, 119.394, 131.171, 0, 0, 0, 0, 0, 0, 0, 0, 0, 100, 0, 0),
(190544, 18, -1243.35, 133.647, 132.448, 0, 0, 0, 0, 0, 0, 0, 0, 0, 100, 0, 0),
(190544, 19, -1224.07, 134.804, 133.206, 0, 0, 0, 0, 0, 0, 0, 0, 0, 100, 0, 0),
(190544, 20, -1212.96, 128.896, 134.073, 0, 0, 0, 0, 0, 0, 0, 0, 0, 100, 0, 0),
(190544, 21, -1206.33, 117.248, 134.406, 0, 0, 0, 0, 0, 0, 0, 0, 0, 100, 0, 0),
(190544, 22, -1185.65, 119.227, 135.216, 0, 0, 0, 0, 0, 0, 0, 0, 0, 100, 0, 0),
(190544, 23, -1144.61, 116.924, 135.302, 0, 0, 0, 0, 0, 0, 0, 0, 0, 100, 0, 0),
(190544, 24, -1119.91, 119.143, 140.139, 0, 0, 0, 0, 0, 0, 0, 0, 0, 100, 0, 0),
(190544, 25, -1097.18, 112.477, 141.61, 0, 0, 0, 0, 0, 0, 0, 0, 0, 100, 0, 0),
(190544, 26, -1092.25, 101.523, 141.349, 0, 0, 0, 0, 0, 0, 0, 0, 0, 100, 0, 0),
(190544, 27, -1095.62, 77.6066, 140.762, 0, 0, 0, 0, 0, 0, 0, 0, 0, 100, 0, 0),
(190544, 28, -1080.86, 54.2081, 139.809, 0, 0, 0, 0, 0, 0, 0, 0, 0, 100, 0, 0),
(190544, 29, -1070.34, 43.3666, 140.655, 0, 0, 0, 0, 0, 0, 0, 0, 0, 100, 0, 0),
(190544, 30, -1064.75, 33.6603, 141.13, 0, 0, 0, 0, 0, 0, 0, 0, 0, 100, 0, 0),
(190544, 31, -1062.9, 20.0719, 140.94, 0, 0, 0, 0, 0, 0, 0, 0, 0, 100, 0, 0),
(190544, 32, -1066.26, -6.02389, 140.792, 0, 0, 0, 0, 0, 0, 0, 0, 0, 100, 0, 0),
(190544, 33, -1074.74, -15.8266, 140.093, 1000, 0, 0, 0, 0, 0, 0, 0, 0, 100, 0, 0),
(190544, 34, -1066.26, -6.02389, 140.792, 0, 0, 0, 0, 0, 0, 0, 0, 0, 100, 0, 0),
(190544, 35, -1062.9, 20.0719, 140.94, 0, 0, 0, 0, 0, 0, 0, 0, 0, 100, 0, 0),
(190544, 36, -1064.75, 33.6603, 141.13, 0, 0, 0, 0, 0, 0, 0, 0, 0, 100, 0, 0),
(190544, 37, -1070.34, 43.3666, 140.655, 0, 0, 0, 0, 0, 0, 0, 0, 0, 100, 0, 0),
(190544, 38, -1080.86, 54.2081, 139.809, 0, 0, 0, 0, 0, 0, 0, 0, 0, 100, 0, 0),
(190544, 39, -1095.62, 77.6066, 140.762, 0, 0, 0, 0, 0, 0, 0, 0, 0, 100, 0, 0),
(190544, 40, -1092.25, 101.523, 141.349, 0, 0, 0, 0, 0, 0, 0, 0, 0, 100, 0, 0),
(190544, 41, -1097.18, 112.477, 141.61, 0, 0, 0, 0, 0, 0, 0, 0, 0, 100, 0, 0),
(190544, 42, -1119.91, 119.143, 140.139, 0, 0, 0, 0, 0, 0, 0, 0, 0, 100, 0, 0),
(190544, 43, -1144.61, 116.924, 135.302, 0, 0, 0, 0, 0, 0, 0, 0, 0, 100, 0, 0),
(190544, 44, -1185.65, 119.227, 135.216, 0, 0, 0, 0, 0, 0, 0, 0, 0, 100, 0, 0),
(190544, 45, -1206.33, 117.248, 134.406, 0, 0, 0, 0, 0, 0, 0, 0, 0, 100, 0, 0),
(190544, 46, -1212.96, 128.896, 134.073, 0, 0, 0, 0, 0, 0, 0, 0, 0, 100, 0, 0),
(190544, 47, -1224.07, 134.804, 133.206, 0, 0, 0, 0, 0, 0, 0, 0, 0, 100, 0, 0),
(190544, 48, -1243.35, 133.647, 132.448, 0, 0, 0, 0, 0, 0, 0, 0, 0, 100, 0, 0),
(190544, 49, -1277.37, 119.394, 131.171, 0, 0, 0, 0, 0, 0, 0, 0, 0, 100, 0, 0),
(190544, 50, -1286.55, 107.812, 130.943, 0, 0, 0, 0, 0, 0, 0, 0, 0, 100, 0, 0),
(190544, 51, -1284.97, 98.3124, 130.204, 0, 0, 0, 0, 0, 0, 0, 0, 0, 100, 0, 0),
(190544, 52, -1264.5, 73.6123, 127.693, 0, 0, 0, 0, 0, 0, 0, 0, 0, 100, 0, 0),
(190544, 53, -1267.41, 56.4666, 127.176, 0, 0, 0, 0, 0, 0, 0, 0, 0, 100, 0, 0),
(190544, 54, -1279.27, 46.8591, 128.935, 0, 0, 0, 0, 0, 0, 0, 0, 0, 100, 0, 0),
(190544, 55, -1292.36, 39.2755, 129.209, 0, 0, 0, 0, 0, 0, 0, 0, 0, 100, 0, 0),
(190544, 56, -1295.25, 33.1151, 129.209, 0, 0, 0, 0, 0, 0, 0, 0, 0, 100, 0, 0),
(190544, 57, -1309.84, 26.0727, 137.436, 0, 0, 0, 0, 0, 0, 0, 0, 0, 100, 0, 0),
(190544, 58, -1317.07, 29.013, 137.436, 0, 0, 0, 0, 0, 0, 0, 0, 0, 100, 0, 0),
(190544, 59, -1322.95, 27.8675, 138.336, 0, 0, 0, 0, 0, 0, 0, 0, 0, 100, 0, 0),
(190544, 60, -1329.13, 16.6672, 138.367, 0, 0, 0, 0, 0, 0, 0, 0, 0, 100, 0, 0),
(190544, 61, -1355.33, -12.8232, 142.476, 0, 0, 0, 0, 0, 0, 0, 0, 0, 100, 0, 0),
(190544, 62, -1385.78, -48.623, 160.41, 0, 0, 0, 0, 0, 0, 0, 0, 0, 100, 0, 0),
(190544, 63, -1397.17, -63.2994, 158.48, 0, 0, 0, 0, 0, 0, 0, 0, 0, 100, 0, 0),
(190544, 64, -1392.84, -70.6216, 158.953, 0, 0, 0, 0, 0, 0, 0, 0, 0, 100, 0, 0),
(190544, 65, -1391.53, -85.9722, 158.985, 0, 0, 0, 0, 0, 0, 0, 0, 0, 100, 0, 0),
(190552, 1, 1633.54, 180.941, -62.1792, 0, 0, 0, 0, 0, 0, 0, 0, 0, 100, 0, 0),
(190552, 2, 1643.4, 187.231, -62.1807, 0, 0, 0, 0, 0, 0, 0, 0, 0, 100, 0, 0),
(190552, 3, 1659.3, 207.71, -62.1788, 0, 0, 0, 0, 0, 0, 0, 0, 0, 100, 0, 0),
(190552, 4, 1665.55, 226.576, -62.1788, 0, 0, 0, 0, 0, 0, 0, 0, 0, 100, 0, 0),
(190552, 5, 1666.6, 249.188, -62.1788, 0, 0, 0, 0, 0, 0, 0, 0, 0, 100, 0, 0),
(190552, 6, 1660.32, 271.069, -62.1788, 0, 0, 0, 0, 0, 0, 0, 0, 0, 100, 0, 0),
(190552, 7, 1647.42, 288.737, -62.1818, 0, 0, 0, 0, 0, 0, 0, 0, 0, 100, 0, 0),
(190552, 8, 1624.67, 307.036, -62.1787, 0, 0, 0, 0, 0, 0, 0, 0, 0, 100, 0, 0),
(190552, 9, 1581.49, 310.531, -62.1787, 0, 0, 0, 0, 0, 0, 0, 0, 0, 100, 0, 0),
(190552, 10, 1546.92, 291.715, -62.1805, 0, 0, 0, 0, 0, 0, 0, 0, 0, 100, 0, 0),
(190552, 11, 1529.93, 269.005, -62.1789, 0, 0, 0, 0, 0, 0, 0, 0, 0, 100, 0, 0),
(190552, 12, 1526.49, 213.221, -62.1789, 0, 0, 0, 0, 0, 0, 0, 0, 0, 100, 0, 0),
(190552, 13, 1537.43, 194.846, -62.1789, 0, 0, 0, 0, 0, 0, 0, 0, 0, 100, 0, 0),
(190552, 14, 1564.85, 173.251, -62.1786, 0, 0, 0, 0, 0, 0, 0, 0, 0, 100, 0, 0),
(190552, 15, 1614.72, 169.978, -62.1786, 0, 0, 0, 0, 0, 0, 0, 0, 0, 100, 0, 0);

INSERT INTO game_event_creature VALUES
(190000, 18),
(190496, 18),
(190497, 18),
(190512, 18),
(190513, 18),
(190520, 18),
(190521, 18),
(190001, 18),
(190008, 18),
(190009, 18),
(190016, 18),
(190017, 18),
(190024, 18),
(190025, 18),
(190032, 18),
(190033, 18),
(190264, 18),
(190265, 18),
(190120, 18),
(190121, 18),
(190128, 18),
(190129, 18),
(190144, 18),
(190145, 18),
(190152, 18),
(190153, 18),
(190160, 18),
(190161, 18),
(190168, 18),
(190169, 18),
(190176, 18),
(190177, 18),
(190112, 18),
(190113, 18),
(190136, 18),
(190137, 18),
(190409, 18),
(190576, 18),
(190553, 18),
(190552, 18),
(190545, 18),
(190544, 18),
(190529, 18),
(190528, 18),
(190489, 18),
(190488, 18),
(190481, 18),
(190480, 18),
(190473, 18),
(190472, 18),
(190465, 18),
(190464, 18),
(190457, 18),
(190456, 18),
(190449, 18),
(190448, 18),
(190441, 18),
(190440, 18),
(190433, 18),
(190432, 18),
(190425, 18),
(190424, 18),
(190417, 18),
(190416, 18),
(190577, 18),
(190408, 18),
(190401, 18),
(190400, 18),
(190105, 18),
(190104, 18);


-- GAMEOBJECTS
DELETE FROM gameobject WHERE id IN (180395, 180399);
INSERT INTO `gameobject` VALUES 
(190266, 180395, 1, -1383.59, -85.434, 159.566, 3.17021, 0, 0, 0, 0, 180, 180, 255, 1),
(190270, 180395, 1, -1379.01, -58.6698, 158.927, 3.71842, 0, 0, 0, 0, 180, 180, 255, 1),
(190274, 180395, 1, -1273.51, 134.157, 132.078, -2.35619, 0, 0, 0, 0, 180, 180, 255, 1),
(190278, 180395, 1, -1249.68, 52.4457, 127.18, 1.90241, 0, 0, 0, 0, 180, 180, 255, 1),
(190282, 180395, 1, -1091.78, -20.9857, 140.129, 0.241459, 0, 0, 0, 0, 180, 180, 255, 1),
(190286, 180395, 0, 1262.51, 353.944, -63.7039, 5.5162, 0, 0, 0, 0, 180, 180, 255, 1),
(190290, 180395, 0, 1524.65, 242.972, -41.3899, -1.55334, 0, 0, 0, 0, 180, 180, 255, 1),
(190294, 180395, 0, 1592.72, 168.947, -41.4244, 0, 0, 0, 0, 0, 180, 180, 255, 1),
(190298, 180395, 0, 1598.8, 311.823, -41.4244, 3.17493, 0, 0, 0, 0, 180, 180, 255, 1),
(190302, 180395, 1, 1657.46, -4385.4, 23.5797, -1.01229, 0, 0, 0, 0, 180, 180, 255, 1),
(190306, 180395, 1, 1663.59, -4343.19, 61.2462, 0.750492, 0, 0, 0, 0, 180, 180, 255, 1),
(190310, 180395, 1, 1934.82, -4711.71, 37.4563, 0.517133, 0, 0, 0, 0, 180, 180, 255, 1),
(190314, 180395, 1, 1746.33, -3967.47, 49.2634, 2.0013, 0, 0, 0, 0, 180, 180, 255, 1),
(190318, 180395, 1, -1051.74, 234.324, 134.494, 0.7054, 0, 0, 0, 0, 180, 180, 255, 1),
(190151, 180399, 1, 9920.2, 2349.05, 1331.37, -1.55334, 0, 0, 0, 0, 180, 180, 255, 1),
(190085, 180399, 0, -8411.21, 577.031, 92.4777, -0.9599, 0, 0, 0, 0, 180, 180, 255, 1),
(190079, 180399, 0, -5034.64, -1263.19, 506.017, -2.426, 0, 0, 0, 0, 180, 180, 255, 1),
(190073, 180399, 1, 9963.4, 2490.17, 1316.5, 3.1401, 0, 0, 0, 0, 180, 180, 255, 1),
(190025, 180399, 0, -5034.97, -921.89, 502.476, 6.14817, 0, 0, 0, 0, 180, 180, 255, 1),
(190067, 180399, 0, -8387.16, 288.082, 121.513, 3.80376, 0, 0, 0, 0, 180, 180, 255, 1),
(190061, 180399, 0, -4675.23, -985.175, 502.526, 1.16136, 0, 0, 0, 0, 180, 180, 255, 1),
(190019, 180399, 0, -4919.66, -844.965, 502.275, -2.40855, 0, 0, 0, 0, 180, 180, 255, 1),
(190013, 180399, 0, -8847.29, 594.026, 94.1301, -0.698132, 0, 0, 0, 0, 180, 180, 255, 1),
(190055, 180399, 0, -4832.84, -1171.19, 502.723, 1.509, 0, 0, 0, 0, 180, 180, 255, 1),
(190049, 180399, 1, 9720.44, 2545.07, 1336.21, 2.14675, 0, 0, 0, 0, 180, 180, 255, 1),
(190043, 180399, 1, 9984.68, 2348.01, 1331.29, 3.136, 0, 0, 0, 0, 180, 180, 255, 1),
(190037, 180399, 1, 9964.87, 2179.44, 1328.61, 3.7134, 0, 0, 0, 0, 180, 180, 255, 1),
(190007, 180399, 0, -8870.25, 544.276, 107.011, 5.0603, 0, 0, 0, 0, 180, 180, 255, 1),
(190001, 180399, 0, -8843.1, 654.157, 97.9823, -2.53073, 0, 0, 0, 0, 180, 180, 255, 1);

INSERT INTO game_event_gameobject VALUES
(190318, 18),
(190314, 18),
(190310, 18),
(190306, 18),
(190302, 18),
(190298, 18),
(190294, 18),
(190290, 18),
(190286, 18),
(190282, 18),
(190278, 18),
(190274, 18),
(190270, 18),
(190266, 18),
(190151, 18),
(190001, 18),
(190007, 18),
(190037, 18),
(190043, 18),
(190049, 18),
(190055, 18),
(190013, 18),
(190019, 18),
(190061, 18),
(190067, 18),
(190025, 18),
(190073, 18),
(190079, 18),
(190085, 18),
(190152, 18),
(190086, 18),
(190080, 18),
(190074, 18),
(190026, 18),
(190020, 18),
(190068, 18),
(190062, 18),
(190014, 18),
(190056, 18),
(190050, 18),
(190044, 18),
(190038, 18),
(190008, 18),
(190002, 18);


-- ----------------------------------
-- WARSONG GULCH
-- ----------------------------------

-- CREATURES
DELETE FROM game_event_creature WHERE guid IN (SELECT guid FROM creature WHERE id IN (15102, 15105));
DELETE FROM creature WHERE id IN (15102, 15105);
INSERT INTO `creature` VALUES 
(190139, 15102, 0, 0, 0, -4839.37, -1169.09, 502.279, 5.37561, 300, 300, 0, 0, 573, 0, 0, 0),
(190138, 15102, 0, 0, 0, -4836.85, -1171.63, 502.277, 2.44346, 300, 300, 0, 0, 573, 0, 0, 0),
(190131, 15102, 1, 0, 0, 9724.21, 2545, 1335.76, 5.58505, 300, 300, 0, 0, 573, 0, 0, 0),
(190130, 15102, 1, 0, 0, 9727.12, 2542.52, 1335.24, 2.42601, 300, 300, 0, 0, 573, 0, 0, 0),
(190115, 15102, 1, 0, 0, 9962.88, 2175.22, 1327.8, 1.97222, 300, 300, 0, 0, 573, 0, 0, 0),
(190114, 15102, 1, 0, 0, 9961.1, 2179.29, 1327.8, 5.13127, 300, 300, 0, 0, 573, 0, 0, 0),
(190179, 15102, 0, 0, 0, -8409.07, 578.255, 92.0611, 3.9968, 300, 300, 0, 0, 573, 0, 0, 0),
(190178, 15102, 0, 0, 0, -8411.89, 575.031, 92.3179, 0.855211, 300, 300, 0, 0, 573, 0, 0, 0),
(190171, 15102, 0, 0, 0, -5037.07, -1261.52, 505.383, 5.42797, 300, 300, 0, 0, 573, 0, 0, 0),
(190170, 15102, 0, 0, 0, -5033.87, -1266.07, 505.383, 2.07694, 300, 300, 0, 0, 573, 0, 0, 0),
(190163, 15102, 1, 0, 0, 9959.42, 2484.32, 1316.13, 0.750492, 300, 300, 0, 0, 573, 0, 0, 0),
(190162, 15102, 1, 0, 0, 9962.13, 2487.17, 1316.12, 3.9968, 300, 300, 0, 0, 573, 0, 0, 0),
(190155, 15102, 0, 0, 0, -8387.24, 286.125, 120.969, 2.30383, 300, 300, 0, 0, 573, 0, 0, 0),
(190154, 15102, 0, 0, 0, -8389.1, 288.407, 120.969, 5.53269, 300, 300, 0, 0, 573, 0, 0, 0),
(190147, 15102, 0, 0, 0, -4683.46, -985.091, 501.627, 6.03884, 300, 300, 0, 0, 573, 0, 0, 0),
(190146, 15102, 0, 0, 0, -4680.7, -985.645, 501.642, 3.08923, 300, 300, 0, 0, 573, 0, 0, 0),
(190123, 15102, 1, 0, 0, 9984.56, 2345.23, 1330.87, 1.74533, 300, 300, 0, 0, 573, 0, 0, 0),
(190122, 15102, 1, 0, 0, 9983.62, 2350.23, 1330.87, 4.92183, 300, 300, 0, 0, 573, 0, 0, 0),
(190267, 15102, 1, 0, 0, 9916.48, 2345.54, 1330.87, 1.74533, 300, 300, 0, 0, 573, 0, 0, 0),
(190266, 15102, 1, 0, 0, 9916.64, 2349.3, 1330.87, 4.92183, 300, 300, 0, 0, 573, 0, 0, 0),
(190035, 15102, 0, 0, 0, -5032.97, -926.68, 501.743, 4.64258, 300, 300, 0, 0, 573, 0, 0, 0),
(190034, 15102, 0, 0, 0, -5033.75, -931.287, 501.743, 1.32645, 300, 300, 0, 0, 573, 0, 0, 0),
(190027, 15102, 0, 0, 0, -4916.61, -852.305, 501.745, 1.48353, 300, 300, 0, 0, 573, 0, 0, 0),
(190026, 15102, 0, 0, 0, -4916.43, -848.374, 501.745, 4.72984, 300, 300, 0, 0, 573, 0, 0, 0),
(190019, 15102, 0, 0, 0, -8853.08, 587.01, 94.0289, 0.680678, 300, 300, 0, 0, 573, 0, 0, 0),
(190018, 15102, 0, 0, 0, -8850.69, 589.49, 93.7805, 4.06662, 300, 300, 0, 0, 573, 0, 0, 0),
(190011, 15102, 0, 0, 0, -8873.52, 544.724, 106.367, 3.82227, 300, 300, 0, 0, 573, 0, 0, 0),
(190010, 15102, 0, 0, 0, -8876.83, 542.382, 106.366, 0.558505, 300, 300, 0, 0, 573, 0, 0, 0),
(190003, 15102, 0, 0, 0, -8838.8, 651.394, 96.8924, 2.42601, 300, 300, 0, 0, 573, 0, 0, 0),
(190002, 15102, 0, 0, 0, -8840.63, 652.959, 97.1951, 5.60251, 300, 300, 0, 0, 573, 0, 0, 0),
(190498, 15102, 1, 0, 0, 9952.47, 2089.45, 1327.72, 4.78552, 120, 120, 0, 0, 573, 0, 0, 2),
(190499, 15102, 1, 0, 0, 9951.12, 2089.54, 1327.72, 4.78566, 120, 120, 0, 0, 573, 0, 0, 0),
(190514, 15102, 0, 0, 0, -5007.03, -1177.84, 501.66, 5.94314, 120, 120, 0, 0, 573, 0, 0, 2),
(190515, 15102, 0, 0, 0, -5001.03, -1179.84, 501.66, 5.94313, 120, 120, 0, 0, 573, 0, 0, 0),
(190522, 15102, 0, 0, 0, -8570.55, 536.096, 101.568, 5.53562, 120, 120, 0, 0, 573, 0, 0, 2),
(190523, 15102, 0, 0, 0, -8569.02, 537.091, 101.549, 5.49044, 120, 120, 0, 0, 573, 0, 0, 0),
(190107, 15105, 1, 15250, 0, -1247.75, 54.7024, 127.217, 1.0472, 300, 300, 0, 0, 852, 852, 0, 0),
(190106, 15105, 1, 15247, 0, -1245.48, 58.3111, 127.087, 4.11898, 300, 300, 0, 0, 852, 852, 0, 0),
(190402, 15105, 1, 0, 0, 1658.86, -4389.01, 23.9964, 1.13446, 120, 120, 0, 0, 852, 852, 0, 0),
(190403, 15105, 1, 0, 0, 1660.66, -4385.63, 24.2068, 4.11898, 120, 120, 0, 0, 852, 852, 0, 0),
(190410, 15105, 1, 0, 0, 1667.64, -4346.96, 61.5564, 2.37365, 120, 120, 0, 0, 852, 852, 0, 0),
(190411, 15105, 1, 0, 0, 1665.84, -4344.94, 61.5564, 5.37561, 120, 120, 0, 0, 852, 852, 0, 0),
(190418, 15105, 1, 0, 0, 1747.5, -3965.36, 50.0846, 3.49066, 120, 120, 0, 0, 852, 852, 0, 0),
(190419, 15105, 1, 0, 0, 1743.73, -3966.88, 49.4691, 0.418879, 120, 120, 0, 0, 852, 852, 0, 0),
(190426, 15105, 1, 0, 0, 1936.91, -4712.06, 37.331, 1.18682, 120, 120, 0, 0, 852, 852, 0, 0),
(190427, 15105, 1, 0, 0, 1937.18, -4707.45, 35.7722, 4.36332, 120, 120, 0, 0, 852, 852, 0, 0),
(190434, 15105, 1, 0, 0, -1091.7, -17.997, 140.475, 1.13446, 120, 120, 0, 0, 852, 852, 0, 0),
(190435, 15105, 1, 0, 0, -1090.22, -15.3547, 140.657, 4.15388, 120, 120, 0, 0, 852, 852, 0, 0),
(190442, 15105, 1, 0, 0, -1277.94, 138.47, 131.94, 5.35816, 120, 120, 0, 0, 852, 852, 0, 0),
(190443, 15105, 1, 0, 0, -1275.75, 135.88, 132.1, 2.32129, 120, 120, 0, 0, 852, 852, 0, 0),
(190450, 15105, 1, 0, 0, -1377.62, -61.9991, 159.279, 2.93215, 120, 120, 0, 0, 852, 852, 0, 0),
(190451, 15105, 1, 0, 0, -1381.3, -61.6688, 159.135, 0.0174533, 120, 120, 0, 0, 852, 852, 0, 0),
(190458, 15105, 1, 0, 0, -1049.16, 234.144, 134.639, 2.32129, 120, 120, 0, 0, 852, 852, 0, 0),
(190459, 15105, 1, 0, 0, -1051.35, 236.734, 134.64, 5.35816, 120, 120, 0, 0, 852, 852, 0, 0),
(190466, 15105, 0, 0, 0, 1263.18, 350.778, -63.6459, 0.977384, 120, 120, 0, 0, 852, 852, 0, 0),
(190467, 15105, 0, 0, 0, 1265.31, 353.748, -63.6368, 4.15388, 120, 120, 0, 0, 852, 852, 0, 0),
(190474, 15105, 0, 0, 0, 1521.09, 238.709, -41.3065, 1.18682, 120, 120, 0, 0, 852, 852, 0, 0),
(190475, 15105, 0, 0, 0, 1522.57, 242.055, -41.3065, 4.2586, 120, 120, 0, 0, 852, 852, 0, 0),
(190482, 15105, 0, 0, 0, 1593.71, 316.03, -41.3411, 6.21337, 120, 120, 0, 0, 852, 852, 0, 0),
(190483, 15105, 0, 0, 0, 1596.57, 315.891, -41.3411, 3.12414, 120, 120, 0, 0, 852, 852, 0, 0),
(190490, 15105, 0, 0, 0, 1597.46, 164.685, -41.3411, 2.6529, 120, 120, 0, 0, 852, 852, 0, 0),
(190491, 15105, 0, 0, 0, 1593.22, 166.868, -41.3411, 5.81195, 120, 120, 0, 0, 852, 852, 0, 0),
(190530, 15105, 1, 0, 0, 1954.35, -4722.71, 42.659, 1.99567, 120, 120, 0, 0, 852, 852, 0, 2),
(190531, 15105, 1, 0, 0, 1952.39, -4723.16, 42.1039, 1.87001, 120, 120, 0, 0, 852, 852, 0, 0),
(190546, 15105, 1, 0, 0, -1391.53, -85.9722, 158.985, 2.35896, 120, 120, 0, 0, 852, 852, 0, 2),
(190547, 15105, 1, 0, 0, -1394.13, -86.12, 158.935, 2.19541, 120, 120, 0, 0, 852, 852, 0, 0),
(190554, 15105, 0, 0, 0, 1633.35, 180.895, -62.1827, 0.313509, 120, 120, 0, 0, 852, 852, 0, 2),
(190555, 15105, 0, 0, 0, 1632.72, 182.795, -62.183, 0.313487, 120, 120, 0, 0, 852, 852, 0, 0),
(190578, 15105, 1, 0, 0, -1384.78, -87.3005, 159.192, 1.5929, 120, 120, 0, 0, 852, 852, 0, 0),
(190579, 15105, 1, 0, 0, -1384.86, -83.6998, 159.726, 4.7462, 120, 120, 0, 0, 852, 852, 0, 0);

INSERT INTO `creature_linking` (`guid`,`master_guid`,`flag`) VALUES 
(190555, 190554, 515),
(190547, 190546, 515),
(190531, 190530, 515),
(190523, 190522, 515),
(190515, 190514, 515),
(190499, 190498, 515);

INSERT INTO `creature_movement` (`id`,`point`,`position_x`,`position_y`,`position_z`,`waittime`,`script_id`,`textid1`,`textid2`,`textid3`,`textid4`,`textid5`,`emote`,`spell`,`orientation`,`model1`,`model2`) VALUES
(190498, 1, 9952.47, 2089.45, 1327.72, 0, 0, 0, 0, 0, 0, 0, 0, 0, 100, 0, 0),
(190498, 2, 9953.24, 2253.22, 1335.29, 0, 0, 0, 0, 0, 0, 0, 0, 0, 100, 0, 0),
(190498, 3, 9952.86, 2275.41, 1341.4, 0, 0, 0, 0, 0, 0, 0, 0, 0, 100, 0, 0),
(190498, 4, 9952.4, 2292.36, 1341.39, 0, 0, 0, 0, 0, 0, 0, 0, 0, 100, 0, 0),
(190498, 5, 9952.35, 2302.62, 1336.55, 0, 0, 0, 0, 0, 0, 0, 0, 0, 100, 0, 0),
(190498, 6, 9951.28, 2318.49, 1336.55, 0, 0, 0, 0, 0, 0, 0, 0, 0, 100, 0, 0),
(190498, 7, 9951, 2337.6, 1331.27, 0, 0, 0, 0, 0, 0, 0, 0, 0, 100, 0, 0),
(190498, 8, 9950.29, 2405.21, 1328.23, 0, 0, 0, 0, 0, 0, 0, 0, 0, 100, 0, 0),
(190498, 9, 9949.97, 2433.77, 1324.68, 0, 0, 0, 0, 0, 0, 0, 0, 0, 100, 0, 0),
(190498, 10, 9949.52, 2453.58, 1321.11, 0, 0, 0, 0, 0, 0, 0, 0, 0, 100, 0, 0),
(190498, 11, 9949.02, 2475.83, 1316.12, 0, 0, 0, 0, 0, 0, 0, 0, 0, 100, 0, 0),
(190498, 12, 9948.86, 2482.9, 1316.22, 0, 0, 0, 0, 0, 0, 0, 0, 0, 100, 0, 0),
(190498, 13, 9960.6, 2494.16, 1316.46, 0, 0, 0, 0, 0, 0, 0, 0, 0, 100, 0, 0),
(190498, 14, 9969.22, 2510.8, 1317.6, 0, 0, 0, 0, 0, 0, 0, 0, 0, 100, 0, 0),
(190498, 15, 9986.03, 2519.99, 1316.36, 0, 0, 0, 0, 0, 0, 0, 0, 0, 100, 0, 0),
(190498, 16, 9975.02, 2539.73, 1316.31, 0, 0, 0, 0, 0, 0, 0, 0, 0, 100, 0, 0),
(190498, 17, 9948.79, 2554.92, 1316.32, 0, 0, 0, 0, 0, 0, 0, 0, 0, 100, 0, 0),
(190498, 18, 9947.11, 2572.04, 1318.3, 0, 0, 0, 0, 0, 0, 0, 0, 0, 100, 0, 0),
(190498, 19, 9946.96, 2605.64, 1316.19, 0, 0, 0, 0, 0, 0, 0, 0, 0, 100, 0, 0),
(190498, 20, 9946.63, 2585.83, 1316.12, 0, 0, 0, 0, 0, 0, 0, 0, 0, 100, 0, 0),
(190498, 21, 9946.43, 2573.54, 1318.31, 0, 0, 0, 0, 0, 0, 0, 0, 0, 100, 0, 0),
(190498, 22, 9946.2, 2560.24, 1315.77, 0, 0, 0, 0, 0, 0, 0, 0, 0, 100, 0, 0),
(190498, 23, 9945.8, 2555.99, 1316.28, 0, 0, 0, 0, 0, 0, 0, 0, 0, 100, 0, 0),
(190498, 24, 9931.09, 2551.67, 1317.36, 0, 0, 0, 0, 0, 0, 0, 0, 0, 100, 0, 0),
(190498, 25, 9915.98, 2541.26, 1316.83, 0, 0, 0, 0, 0, 0, 0, 0, 0, 100, 0, 0),
(190498, 26, 9906.96, 2530.01, 1316.19, 0, 0, 0, 0, 0, 0, 0, 0, 0, 100, 0, 0),
(190498, 27, 9899.4, 2529.93, 1315.17, 0, 0, 0, 0, 0, 0, 0, 0, 0, 100, 0, 0),
(190498, 28, 9887.01, 2529.8, 1318.71, 0, 0, 0, 0, 0, 0, 0, 0, 0, 100, 0, 0),
(190498, 29, 9849.84, 2529.4, 1321.25, 0, 0, 0, 0, 0, 0, 0, 0, 0, 100, 0, 0),
(190498, 30, 9776.92, 2527.83, 1318.95, 0, 0, 0, 0, 0, 0, 0, 0, 0, 100, 0, 0),
(190498, 31, 9724.57, 2526.01, 1335.68, 0, 0, 0, 0, 0, 0, 0, 0, 0, 100, 0, 0),
(190498, 32, 9709.61, 2525.32, 1335.69, 0, 0, 0, 0, 0, 0, 0, 0, 0, 100, 0, 0),
(190498, 33, 9724.57, 2526.01, 1335.68, 0, 0, 0, 0, 0, 0, 0, 0, 0, 100, 0, 0),
(190498, 34, 9776.92, 2527.83, 1318.95, 0, 0, 0, 0, 0, 0, 0, 0, 0, 100, 0, 0),
(190498, 35, 9849.84, 2529.4, 1321.25, 0, 0, 0, 0, 0, 0, 0, 0, 0, 100, 0, 0),
(190498, 36, 9887.01, 2529.8, 1318.71, 0, 0, 0, 0, 0, 0, 0, 0, 0, 100, 0, 0),
(190498, 37, 9899.4, 2529.93, 1315.17, 0, 0, 0, 0, 0, 0, 0, 0, 0, 100, 0, 0),
(190498, 38, 9906.96, 2530.01, 1316.19, 0, 0, 0, 0, 0, 0, 0, 0, 0, 100, 0, 0),
(190498, 39, 9915.98, 2541.26, 1316.83, 0, 0, 0, 0, 0, 0, 0, 0, 0, 100, 0, 0),
(190498, 40, 9931.09, 2551.67, 1317.36, 0, 0, 0, 0, 0, 0, 0, 0, 0, 100, 0, 0),
(190498, 41, 9945.8, 2555.99, 1316.28, 0, 0, 0, 0, 0, 0, 0, 0, 0, 100, 0, 0),
(190498, 42, 9946.2, 2560.24, 1315.77, 0, 0, 0, 0, 0, 0, 0, 0, 0, 100, 0, 0),
(190498, 43, 9946.43, 2573.54, 1318.31, 0, 0, 0, 0, 0, 0, 0, 0, 0, 100, 0, 0),
(190498, 44, 9946.63, 2585.83, 1316.12, 0, 0, 0, 0, 0, 0, 0, 0, 0, 100, 0, 0),
(190498, 45, 9946.96, 2605.64, 1316.19, 0, 0, 0, 0, 0, 0, 0, 0, 0, 100, 0, 0),
(190498, 46, 9947.11, 2572.04, 1318.3, 0, 0, 0, 0, 0, 0, 0, 0, 0, 100, 0, 0),
(190498, 47, 9948.79, 2554.92, 1316.32, 0, 0, 0, 0, 0, 0, 0, 0, 0, 100, 0, 0),
(190498, 48, 9975.02, 2539.73, 1316.31, 0, 0, 0, 0, 0, 0, 0, 0, 0, 100, 0, 0),
(190498, 49, 9986.03, 2519.99, 1316.36, 0, 0, 0, 0, 0, 0, 0, 0, 0, 100, 0, 0),
(190498, 50, 9969.22, 2510.8, 1317.6, 0, 0, 0, 0, 0, 0, 0, 0, 0, 100, 0, 0),
(190498, 51, 9960.6, 2494.16, 1316.46, 0, 0, 0, 0, 0, 0, 0, 0, 0, 100, 0, 0),
(190498, 52, 9948.86, 2482.9, 1316.22, 0, 0, 0, 0, 0, 0, 0, 0, 0, 100, 0, 0),
(190498, 53, 9949.02, 2475.83, 1316.12, 0, 0, 0, 0, 0, 0, 0, 0, 0, 100, 0, 0),
(190498, 54, 9949.52, 2453.58, 1321.11, 0, 0, 0, 0, 0, 0, 0, 0, 0, 100, 0, 0),
(190498, 55, 9949.97, 2433.77, 1324.68, 0, 0, 0, 0, 0, 0, 0, 0, 0, 100, 0, 0),
(190498, 56, 9950.29, 2405.21, 1328.23, 0, 0, 0, 0, 0, 0, 0, 0, 0, 100, 0, 0),
(190498, 57, 9951, 2337.6, 1331.27, 0, 0, 0, 0, 0, 0, 0, 0, 0, 100, 0, 0),
(190498, 58, 9951.28, 2318.49, 1336.55, 0, 0, 0, 0, 0, 0, 0, 0, 0, 100, 0, 0),
(190498, 59, 9952.35, 2302.62, 1336.55, 0, 0, 0, 0, 0, 0, 0, 0, 0, 100, 0, 0),
(190498, 60, 9952.4, 2292.36, 1341.39, 0, 0, 0, 0, 0, 0, 0, 0, 0, 100, 0, 0),
(190498, 61, 9952.86, 2275.41, 1341.4, 0, 0, 0, 0, 0, 0, 0, 0, 0, 100, 0, 0),
(190498, 62, 9953.24, 2253.22, 1335.29, 0, 0, 0, 0, 0, 0, 0, 0, 0, 100, 0, 0),
(190498, 63, 9952.47, 2089.45, 1327.72, 0, 0, 0, 0, 0, 0, 0, 0, 0, 100, 0, 0),
(190514, 1, -5007.03, -1177.84, 501.66, 0, 0, 0, 0, 0, 0, 0, 0, 0, 100, 0, 0),
(190514, 2, -5001.6, -1153.96, 501.66, 0, 0, 0, 0, 0, 0, 0, 0, 0, 100, 0, 0),
(190514, 3, -4997.44, -1127.35, 501.696, 0, 0, 0, 0, 0, 0, 0, 0, 0, 100, 0, 0),
(190514, 4, -5000.03, -1114.52, 501.651, 0, 0, 0, 0, 0, 0, 0, 0, 0, 100, 0, 0),
(190514, 5, -4997.12, -1109.34, 501.667, 0, 0, 0, 0, 0, 0, 0, 0, 0, 100, 0, 0),
(190514, 6, -4994.9, -1099, 501.66, 0, 0, 0, 0, 0, 0, 0, 0, 0, 100, 0, 0),
(190514, 7, -4994.39, -1087.39, 500.913, 0, 0, 0, 0, 0, 0, 0, 0, 0, 100, 0, 0),
(190514, 8, -4992.23, -1050.22, 497.945, 0, 0, 0, 0, 0, 0, 0, 0, 0, 100, 0, 0),
(190514, 9, -4990.41, -1041.16, 501.658, 0, 0, 0, 0, 0, 0, 0, 0, 0, 100, 0, 0),
(190514, 10, -4986.52, -1020.52, 501.656, 0, 0, 0, 0, 0, 0, 0, 0, 0, 100, 0, 0),
(190514, 11, -4958.59, -977.043, 501.622, 0, 0, 0, 0, 0, 0, 0, 0, 0, 100, 0, 0),
(190514, 12, -4896.11, -925.091, 501.589, 0, 0, 0, 0, 0, 0, 0, 0, 0, 100, 0, 0),
(190514, 13, -4858.81, -910.906, 501.66, 0, 0, 0, 0, 0, 0, 0, 0, 0, 100, 0, 0),
(190514, 14, -4822.94, -906.469, 501.66, 0, 0, 0, 0, 0, 0, 0, 0, 0, 100, 0, 0),
(190514, 15, -4812.86, -906.403, 497.967, 0, 0, 0, 0, 0, 0, 0, 0, 0, 100, 0, 0),
(190514, 16, -4783.43, -907.789, 497.959, 0, 0, 0, 0, 0, 0, 0, 0, 0, 100, 0, 0),
(190514, 17, -4775.18, -907.41, 501.667, 0, 0, 0, 0, 0, 0, 0, 0, 0, 100, 0, 0),
(190514, 18, -4761.82, -907.258, 501.633, 0, 0, 0, 0, 0, 0, 0, 0, 0, 100, 0, 0),
(190514, 19, -4755.1, -910.173, 501.667, 0, 0, 0, 0, 0, 0, 0, 0, 0, 100, 0, 0),
(190514, 20, -4702.37, -937.593, 501.673, 0, 0, 0, 0, 0, 0, 0, 0, 0, 100, 0, 0),
(190514, 21, -4693.85, -961.51, 501.659, 0, 0, 0, 0, 0, 0, 0, 0, 0, 100, 0, 0),
(190514, 22, -4691.43, -974.311, 501.492, 0, 0, 0, 0, 0, 0, 0, 0, 0, 100, 0, 0),
(190514, 23, -4718.75, -982.936, 501.537, 0, 0, 0, 0, 0, 0, 0, 0, 0, 100, 0, 0),
(190514, 24, -4744.27, -984.132, 501.485, 0, 0, 0, 0, 0, 0, 0, 0, 0, 100, 0, 0),
(190514, 25, -4779.13, -1024.8, 502.211, 0, 0, 0, 0, 0, 0, 0, 0, 0, 100, 0, 0),
(190514, 26, -4807.38, -1032.69, 502.209, 0, 0, 0, 0, 0, 0, 0, 0, 0, 100, 0, 0),
(190514, 27, -4812.82, -1069.17, 502.206, 0, 0, 0, 0, 0, 0, 0, 0, 0, 100, 0, 0),
(190514, 28, -4836.54, -1086.65, 502.196, 0, 0, 0, 0, 0, 0, 0, 0, 0, 100, 0, 0),
(190514, 29, -4862.22, -1086.39, 502.202, 0, 0, 0, 0, 0, 0, 0, 0, 0, 100, 0, 0),
(190514, 30, -4890.83, -1113.34, 501.96, 0, 0, 0, 0, 0, 0, 0, 0, 0, 100, 0, 0),
(190514, 31, -4911.88, -1119.41, 501.699, 0, 0, 0, 0, 0, 0, 0, 0, 0, 100, 0, 0),
(190514, 32, -4937.18, -1180.6, 501.701, 0, 0, 0, 0, 0, 0, 0, 0, 0, 100, 0, 0),
(190514, 33, -4958.12, -1185.43, 501.66, 0, 0, 0, 0, 0, 0, 0, 0, 0, 100, 0, 0),
(190514, 34, -5005.38, -1176.96, 501.659, 0, 0, 0, 0, 0, 0, 0, 0, 0, 100, 0, 0),
(190522, 1, -8570.55, 536.096, 101.568, 0, 0, 0, 0, 0, 0, 0, 0, 0, 100, 0, 0),
(190522, 2, -8562.13, 527.552, 100.848, 0, 0, 0, 0, 0, 0, 0, 0, 0, 100, 0, 0),
(190522, 3, -8545.02, 501.789, 98.5899, 0, 0, 0, 0, 0, 0, 0, 0, 0, 100, 0, 0),
(190522, 4, -8518.93, 522.048, 98.3434, 0, 0, 0, 0, 0, 0, 0, 0, 0, 100, 0, 0),
(190522, 5, -8491.88, 555.915, 97.5228, 0, 0, 0, 0, 0, 0, 0, 0, 0, 100, 0, 0),
(190522, 6, -8471.63, 569.622, 96.3419, 0, 0, 0, 0, 0, 0, 0, 0, 0, 100, 0, 0),
(190522, 7, -8446.56, 585.956, 94.0389, 0, 0, 0, 0, 0, 0, 0, 0, 0, 100, 0, 0),
(190522, 8, -8429.33, 569.955, 93.9131, 0, 0, 0, 0, 0, 0, 0, 0, 0, 100, 0, 0),
(190522, 9, -8410.32, 568.215, 92.0255, 0, 0, 0, 0, 0, 0, 0, 0, 0, 100, 0, 0),
(190522, 10, -8394.13, 575.455, 91.2665, 0, 0, 0, 0, 0, 0, 0, 0, 0, 100, 0, 0),
(190522, 11, -8382.3, 593.915, 92.7951, 0, 0, 0, 0, 0, 0, 0, 0, 0, 100, 0, 0),
(190522, 12, -8390.55, 617.003, 95.0653, 0, 0, 0, 0, 0, 0, 0, 0, 0, 100, 0, 0),
(190522, 13, -8372.64, 633.326, 94.5912, 0, 0, 0, 0, 0, 0, 0, 0, 0, 100, 0, 0),
(190522, 14, -8352.06, 628.119, 95.1563, 0, 0, 0, 0, 0, 0, 0, 0, 0, 100, 0, 0),
(190522, 15, -8372.64, 633.326, 94.5912, 0, 0, 0, 0, 0, 0, 0, 0, 0, 100, 0, 0),
(190522, 16, -8390.55, 617.003, 95.0653, 0, 0, 0, 0, 0, 0, 0, 0, 0, 100, 0, 0),
(190522, 17, -8382.3, 593.915, 92.7951, 0, 0, 0, 0, 0, 0, 0, 0, 0, 100, 0, 0),
(190522, 18, -8394.13, 575.455, 91.2665, 0, 0, 0, 0, 0, 0, 0, 0, 0, 100, 0, 0),
(190522, 19, -8410.32, 568.215, 92.0255, 0, 0, 0, 0, 0, 0, 0, 0, 0, 100, 0, 0),
(190522, 20, -8429.33, 569.955, 93.9131, 0, 0, 0, 0, 0, 0, 0, 0, 0, 100, 0, 0),
(190522, 21, -8446.56, 585.956, 94.0389, 0, 0, 0, 0, 0, 0, 0, 0, 0, 100, 0, 0),
(190522, 22, -8471.63, 569.622, 96.3419, 0, 0, 0, 0, 0, 0, 0, 0, 0, 100, 0, 0),
(190522, 23, -8491.88, 555.915, 97.5228, 0, 0, 0, 0, 0, 0, 0, 0, 0, 100, 0, 0),
(190522, 24, -8510.11, 529.336, 98.1213, 0, 0, 0, 0, 0, 0, 0, 0, 0, 100, 0, 0),
(190522, 25, -8544.46, 500.948, 98.6426, 0, 0, 0, 0, 0, 0, 0, 0, 0, 100, 0, 0),
(190522, 26, -8562.68, 528.108, 100.913, 0, 0, 0, 0, 0, 0, 0, 0, 0, 100, 0, 0),
(190522, 27, -8577.11, 542.753, 101.777, 0, 0, 0, 0, 0, 0, 0, 0, 0, 100, 0, 0),
(190522, 28, -8597.78, 526.589, 106.411, 0, 0, 0, 0, 0, 0, 0, 0, 0, 100, 0, 0),
(190522, 29, -8611.79, 514.084, 103.461, 0, 0, 0, 0, 0, 0, 0, 0, 0, 100, 0, 0),
(190522, 30, -8634.36, 537.268, 99.9459, 0, 0, 0, 0, 0, 0, 0, 0, 0, 100, 0, 0),
(190522, 31, -8657.58, 553.584, 96.9367, 0, 0, 0, 0, 0, 0, 0, 0, 0, 100, 0, 0),
(190522, 32, -8678.6, 549.382, 97.4357, 0, 0, 0, 0, 0, 0, 0, 0, 0, 100, 0, 0),
(190522, 33, -8697.52, 533.308, 97.6909, 0, 0, 0, 0, 0, 0, 0, 0, 0, 100, 0, 0),
(190522, 34, -8713.68, 518.891, 97.1231, 0, 0, 0, 0, 0, 0, 0, 0, 0, 100, 0, 0),
(190522, 35, -8730.44, 539.56, 101.059, 0, 0, 0, 0, 0, 0, 0, 0, 0, 100, 0, 0),
(190522, 36, -8748.36, 560.304, 97.4026, 0, 0, 0, 0, 0, 0, 0, 0, 0, 100, 0, 0),
(190522, 37, -8735.85, 575.619, 97.4327, 0, 0, 0, 0, 0, 0, 0, 0, 0, 100, 0, 0),
(190522, 38, -8770.72, 608.689, 97.1009, 0, 0, 0, 0, 0, 0, 0, 0, 0, 100, 0, 0),
(190522, 39, -8799.59, 588.334, 97.2445, 0, 0, 0, 0, 0, 0, 0, 0, 0, 100, 0, 0),
(190522, 40, -8819.46, 617.93, 94.6946, 0, 0, 0, 0, 0, 0, 0, 0, 0, 100, 0, 0),
(190522, 41, -8840.7, 642.219, 95.5346, 0, 0, 0, 0, 0, 0, 0, 0, 0, 100, 0, 0),
(190522, 42, -8851.28, 660.075, 97.0017, 0, 0, 0, 0, 0, 0, 0, 0, 0, 100, 0, 0),
(190522, 43, -8824.99, 677.832, 97.6574, 0, 0, 0, 0, 0, 0, 0, 0, 0, 100, 0, 0),
(190522, 44, -8845.73, 720.753, 97.3148, 0, 0, 0, 0, 0, 0, 0, 0, 0, 100, 0, 0),
(190522, 45, -8870.14, 760.393, 96.7109, 0, 0, 0, 0, 0, 0, 0, 0, 0, 100, 0, 0),
(190522, 46, -8880.87, 754.513, 96.3478, 0, 0, 0, 0, 0, 0, 0, 0, 0, 100, 0, 0),
(190522, 47, -8909.56, 791.193, 87.4289, 0, 0, 0, 0, 0, 0, 0, 0, 0, 100, 0, 0),
(190522, 48, -8899.24, 803.05, 87.6653, 0, 0, 0, 0, 0, 0, 0, 0, 0, 100, 0, 0),
(190522, 49, -8898.7, 825.012, 92.1318, 0, 0, 0, 0, 0, 0, 0, 0, 0, 100, 0, 0),
(190522, 50, -8907.05, 846.462, 96.0285, 0, 0, 0, 0, 0, 0, 0, 0, 0, 100, 0, 0),
(190522, 51, -8894.59, 866.98, 97.405, 0, 0, 0, 0, 0, 0, 0, 0, 0, 100, 0, 0),
(190522, 52, -8887.74, 890.776, 103.431, 0, 0, 0, 0, 0, 0, 0, 0, 0, 100, 0, 0),
(190522, 53, -8894.48, 911.813, 110.763, 0, 0, 0, 0, 0, 0, 0, 0, 0, 100, 0, 0),
(190522, 54, -8854.07, 933.522, 102.07, 0, 0, 0, 0, 0, 0, 0, 0, 0, 100, 0, 0),
(190522, 55, -8894.48, 911.813, 110.763, 0, 0, 0, 0, 0, 0, 0, 0, 0, 100, 0, 0),
(190522, 56, -8887.74, 890.776, 103.431, 0, 0, 0, 0, 0, 0, 0, 0, 0, 100, 0, 0),
(190522, 57, -8894.59, 866.98, 97.405, 0, 0, 0, 0, 0, 0, 0, 0, 0, 100, 0, 0),
(190522, 58, -8907.05, 846.462, 96.0285, 0, 0, 0, 0, 0, 0, 0, 0, 0, 100, 0, 0),
(190522, 59, -8898.7, 825.012, 92.1318, 0, 0, 0, 0, 0, 0, 0, 0, 0, 100, 0, 0),
(190522, 60, -8899.16, 803.142, 87.7088, 0, 0, 0, 0, 0, 0, 0, 0, 0, 100, 0, 0),
(190522, 61, -8909.56, 791.193, 87.4289, 0, 0, 0, 0, 0, 0, 0, 0, 0, 100, 0, 0),
(190522, 62, -8880.87, 754.513, 96.3478, 0, 0, 0, 0, 0, 0, 0, 0, 0, 100, 0, 0),
(190522, 63, -8870.14, 760.393, 96.7109, 0, 0, 0, 0, 0, 0, 0, 0, 0, 100, 0, 0),
(190522, 64, -8845.75, 720.794, 97.2726, 0, 0, 0, 0, 0, 0, 0, 0, 0, 100, 0, 0),
(190522, 65, -8824.99, 677.832, 97.6574, 0, 0, 0, 0, 0, 0, 0, 0, 0, 100, 0, 0),
(190522, 66, -8851.28, 660.075, 97.0017, 0, 0, 0, 0, 0, 0, 0, 0, 0, 100, 0, 0),
(190522, 67, -8840.74, 642.262, 95.532, 0, 0, 0, 0, 0, 0, 0, 0, 0, 100, 0, 0),
(190522, 68, -8819.46, 617.93, 94.6946, 0, 0, 0, 0, 0, 0, 0, 0, 0, 100, 0, 0),
(190522, 69, -8799.59, 588.334, 97.2445, 0, 0, 0, 0, 0, 0, 0, 0, 0, 100, 0, 0),
(190522, 70, -8770.72, 608.689, 97.1009, 0, 0, 0, 0, 0, 0, 0, 0, 0, 100, 0, 0),
(190522, 71, -8735.85, 575.619, 97.4327, 0, 0, 0, 0, 0, 0, 0, 0, 0, 100, 0, 0),
(190522, 72, -8748.36, 560.304, 97.4026, 0, 0, 0, 0, 0, 0, 0, 0, 0, 100, 0, 0),
(190522, 73, -8730.58, 539.735, 101.077, 0, 0, 0, 0, 0, 0, 0, 0, 0, 100, 0, 0),
(190522, 74, -8713.68, 518.891, 97.1231, 0, 0, 0, 0, 0, 0, 0, 0, 0, 100, 0, 0),
(190522, 75, -8697.52, 533.308, 97.6909, 0, 0, 0, 0, 0, 0, 0, 0, 0, 100, 0, 0),
(190522, 76, -8678.6, 549.382, 97.4357, 0, 0, 0, 0, 0, 0, 0, 0, 0, 100, 0, 0),
(190522, 77, -8657.58, 553.584, 96.9367, 0, 0, 0, 0, 0, 0, 0, 0, 0, 100, 0, 0),
(190522, 78, -8634.36, 537.268, 99.9459, 0, 0, 0, 0, 0, 0, 0, 0, 0, 100, 0, 0),
(190522, 79, -8611.79, 514.084, 103.461, 0, 0, 0, 0, 0, 0, 0, 0, 0, 100, 0, 0),
(190522, 80, -8597.78, 526.589, 106.411, 0, 0, 0, 0, 0, 0, 0, 0, 0, 100, 0, 0),
(190522, 81, -8577.11, 542.753, 101.777, 0, 0, 0, 0, 0, 0, 0, 0, 0, 100, 0, 0),
(190530, 1, 1954.46, -4722.56, 42.6743, 0, 0, 0, 0, 0, 0, 0, 0, 0, 100, 0, 0),
(190530, 2, 1951.09, -4714.8, 36.9093, 0, 0, 0, 0, 0, 0, 0, 0, 0, 100, 0, 0),
(190530, 3, 1948.98, -4697.22, 28.9954, 0, 0, 0, 0, 0, 0, 0, 0, 0, 100, 0, 0),
(190530, 4, 1945.38, -4681.89, 25.2457, 0, 0, 0, 0, 0, 0, 0, 0, 0, 100, 0, 0),
(190530, 5, 1937.36, -4669.2, 26.5256, 0, 0, 0, 0, 0, 0, 0, 0, 0, 100, 0, 0),
(190530, 6, 1909.86, -4631.36, 32.9827, 0, 0, 0, 0, 0, 0, 0, 0, 0, 100, 0, 0),
(190530, 7, 1907.75, -4627.89, 34.119, 0, 0, 0, 0, 0, 0, 0, 0, 0, 100, 0, 0),
(190530, 8, 1894.59, -4605.89, 34.1211, 0, 0, 0, 0, 0, 0, 0, 0, 0, 100, 0, 0),
(190530, 9, 1925.42, -4584.78, 34.1211, 0, 0, 0, 0, 0, 0, 0, 0, 0, 100, 0, 0),
(190530, 10, 1909.95, -4559.76, 34.1195, 0, 0, 0, 0, 0, 0, 0, 0, 0, 100, 0, 0),
(190530, 11, 1904.4, -4549.83, 28.7954, 0, 0, 0, 0, 0, 0, 0, 0, 0, 100, 0, 0),
(190530, 12, 1893, -4531.73, 28.0416, 0, 0, 0, 0, 0, 0, 0, 0, 0, 100, 0, 0),
(190530, 13, 1893.45, -4526.07, 28.581, 0, 0, 0, 0, 0, 0, 0, 0, 0, 100, 0, 0),
(190530, 14, 1899.83, -4517.27, 27.3582, 0, 0, 0, 0, 0, 0, 0, 0, 0, 100, 0, 0),
(190530, 15, 1906.73, -4505.23, 24.9591, 0, 0, 0, 0, 0, 0, 0, 0, 0, 100, 0, 0),
(190530, 16, 1907.86, -4490.92, 22.9967, 0, 0, 0, 0, 0, 0, 0, 0, 0, 100, 0, 0),
(190530, 17, 1900.89, -4482.65, 21.1357, 0, 0, 0, 0, 0, 0, 0, 0, 0, 100, 0, 0),
(190530, 18, 1893.16, -4474.82, 20.6826, 0, 0, 0, 0, 0, 0, 0, 0, 0, 100, 0, 0),
(190530, 19, 1891.65, -4462.73, 19.5832, 0, 0, 0, 0, 0, 0, 0, 0, 0, 100, 0, 0),
(190530, 20, 1894.99, -4448.4, 18.1421, 0, 0, 0, 0, 0, 0, 0, 0, 0, 100, 0, 0),
(190530, 21, 1896.97, -4437.62, 16.2806, 0, 0, 0, 0, 0, 0, 0, 0, 0, 100, 0, 0),
(190530, 22, 1894.04, -4426.05, 13.9888, 0, 0, 0, 0, 0, 0, 0, 0, 0, 100, 0, 0),
(190530, 23, 1885.5, -4418.79, 11.3314, 0, 0, 0, 0, 0, 0, 0, 0, 0, 100, 0, 0),
(190530, 24, 1876.37, -4416.82, 9.24696, 0, 0, 0, 0, 0, 0, 0, 0, 0, 100, 0, 0),
(190530, 25, 1856.3, -4416.08, 6.07582, 0, 0, 0, 0, 0, 0, 0, 0, 0, 100, 0, 0),
(190530, 26, 1843.81, -4407.75, 4.68483, 0, 0, 0, 0, 0, 0, 0, 0, 0, 100, 0, 0),
(190530, 27, 1840.08, -4400.54, 4.1577, 0, 0, 0, 0, 0, 0, 0, 0, 0, 100, 0, 0),
(190530, 28, 1817.85, -4365.1, -9.09306, 0, 0, 0, 0, 0, 0, 0, 0, 0, 100, 0, 0),
(190530, 29, 1799.58, -4327.29, -11.1642, 0, 0, 0, 0, 0, 0, 0, 0, 0, 100, 0, 0),
(190530, 30, 1782.7, -4294.67, 5.5883, 0, 0, 0, 0, 0, 0, 0, 0, 0, 100, 0, 0),
(190530, 31, 1776.15, -4294, 6.73376, 0, 0, 0, 0, 0, 0, 0, 0, 0, 100, 0, 0),
(190530, 32, 1766.7, -4298.89, 7.56642, 0, 0, 0, 0, 0, 0, 0, 0, 0, 100, 0, 0),
(190530, 33, 1761.65, -4304.24, 7.2299, 0, 0, 0, 0, 0, 0, 0, 0, 0, 100, 0, 0),
(190530, 34, 1745.15, -4297.08, 13.9415, 0, 0, 0, 0, 0, 0, 0, 0, 0, 100, 0, 0),
(190530, 35, 1740.24, -4292.31, 15.1055, 0, 0, 0, 0, 0, 0, 0, 0, 0, 100, 0, 0),
(190530, 36, 1735.93, -4277.6, 17.9325, 0, 0, 0, 0, 0, 0, 0, 0, 0, 100, 0, 0),
(190530, 37, 1742.48, -4263.41, 23.8393, 0, 0, 0, 0, 0, 0, 0, 0, 0, 100, 0, 0),
(190530, 38, 1750.93, -4255.88, 28.2688, 0, 0, 0, 0, 0, 0, 0, 0, 0, 100, 0, 0),
(190530, 39, 1769.24, -4248.43, 36.0152, 0, 0, 0, 0, 0, 0, 0, 0, 0, 100, 0, 0),
(190530, 40, 1780.17, -4240.32, 39.6535, 0, 0, 0, 0, 0, 0, 0, 0, 0, 100, 0, 0),
(190530, 41, 1784.91, -4228.93, 39.8616, 0, 0, 0, 0, 0, 0, 0, 0, 0, 100, 0, 0),
(190530, 42, 1777.11, -4221.35, 39.6674, 0, 0, 0, 0, 0, 0, 0, 0, 0, 100, 0, 0),
(190530, 43, 1754.45, -4213.47, 42.4923, 0, 0, 0, 0, 0, 0, 0, 0, 0, 100, 0, 0),
(190530, 44, 1742.98, -4213.58, 43.9449, 0, 0, 0, 0, 0, 0, 0, 0, 0, 100, 0, 0),
(190530, 45, 1729, -4220.93, 45.6859, 0, 0, 0, 0, 0, 0, 0, 0, 0, 100, 0, 0),
(190530, 46, 1707.14, -4231.98, 49.2425, 0, 0, 0, 0, 0, 0, 0, 0, 0, 100, 0, 0),
(190530, 47, 1683.98, -4245.42, 51.3726, 0, 0, 0, 0, 0, 0, 0, 0, 0, 100, 0, 0),
(190530, 48, 1664.47, -4256.19, 51.5929, 0, 0, 0, 0, 0, 0, 0, 0, 0, 100, 0, 0),
(190530, 49, 1651.2, -4264.8, 50.2665, 0, 0, 0, 0, 0, 0, 0, 0, 0, 100, 0, 0),
(190530, 50, 1637.98, -4271.1, 48.0471, 0, 0, 0, 0, 0, 0, 0, 0, 0, 100, 0, 0),
(190530, 51, 1623.92, -4262.35, 47.1224, 0, 0, 0, 0, 0, 0, 0, 0, 0, 100, 0, 0),
(190530, 52, 1603.29, -4237.15, 45.2332, 0, 0, 0, 0, 0, 0, 0, 0, 0, 100, 0, 0),
(190530, 53, 1589.27, -4219.05, 44.1306, 0, 0, 0, 0, 0, 0, 0, 0, 0, 100, 0, 0),
(190530, 54, 1581.14, -4198.7, 41.3964, 0, 0, 0, 0, 0, 0, 0, 0, 0, 100, 0, 0),
(190530, 55, 1579.6, -4173, 37.7449, 0, 0, 0, 0, 0, 0, 0, 0, 0, 100, 0, 0),
(190530, 56, 1585.85, -4153.19, 34.6496, 0, 0, 0, 0, 0, 0, 0, 0, 0, 100, 0, 0),
(190530, 57, 1606.41, -4122.96, 29.7899, 0, 0, 0, 0, 0, 0, 0, 0, 0, 100, 0, 0),
(190530, 58, 1666.8, -4097.01, 35.0078, 0, 0, 0, 0, 0, 0, 0, 0, 0, 100, 0, 0),
(190530, 59, 1706.45, -4087.46, 39.3622, 0, 0, 0, 0, 0, 0, 0, 0, 0, 100, 0, 0),
(190530, 60, 1730.26, -4073.1, 43.8529, 0, 0, 0, 0, 0, 0, 0, 0, 0, 100, 0, 0),
(190530, 61, 1744.58, -4045.25, 44.1596, 0, 0, 0, 0, 0, 0, 0, 0, 0, 100, 0, 0),
(190530, 62, 1746.77, -4022.89, 45.6474, 0, 0, 0, 0, 0, 0, 0, 0, 0, 100, 0, 0),
(190530, 63, 1743.11, -4000.24, 46.4807, 0, 0, 0, 0, 0, 0, 0, 0, 0, 100, 0, 0),
(190530, 64, 1732.31, -3972.21, 48.1202, 0, 0, 0, 0, 0, 0, 0, 0, 0, 100, 0, 0),
(190530, 65, 1743.11, -4000.24, 46.4807, 0, 0, 0, 0, 0, 0, 0, 0, 0, 100, 0, 0),
(190530, 66, 1746.77, -4022.89, 45.6474, 0, 0, 0, 0, 0, 0, 0, 0, 0, 100, 0, 0),
(190530, 67, 1744.58, -4045.25, 44.1596, 0, 0, 0, 0, 0, 0, 0, 0, 0, 100, 0, 0),
(190530, 68, 1730.26, -4073.1, 43.8529, 0, 0, 0, 0, 0, 0, 0, 0, 0, 100, 0, 0),
(190530, 69, 1706.45, -4087.46, 39.3622, 0, 0, 0, 0, 0, 0, 0, 0, 0, 100, 0, 0),
(190530, 70, 1666.8, -4097.01, 35.0078, 0, 0, 0, 0, 0, 0, 0, 0, 0, 100, 0, 0),
(190530, 71, 1606.41, -4122.96, 29.7899, 0, 0, 0, 0, 0, 0, 0, 0, 0, 100, 0, 0),
(190530, 72, 1585.85, -4153.19, 34.6496, 0, 0, 0, 0, 0, 0, 0, 0, 0, 100, 0, 0),
(190530, 73, 1579.6, -4173, 37.7449, 0, 0, 0, 0, 0, 0, 0, 0, 0, 100, 0, 0),
(190530, 74, 1581.14, -4198.7, 41.3964, 0, 0, 0, 0, 0, 0, 0, 0, 0, 100, 0, 0),
(190530, 75, 1589.27, -4219.05, 44.1306, 0, 0, 0, 0, 0, 0, 0, 0, 0, 100, 0, 0),
(190530, 76, 1603.29, -4237.15, 45.2332, 0, 0, 0, 0, 0, 0, 0, 0, 0, 100, 0, 0),
(190530, 77, 1623.92, -4262.35, 47.1224, 0, 0, 0, 0, 0, 0, 0, 0, 0, 100, 0, 0),
(190530, 78, 1637.98, -4271.1, 48.0471, 0, 0, 0, 0, 0, 0, 0, 0, 0, 100, 0, 0),
(190530, 79, 1651.2, -4264.8, 50.2665, 0, 0, 0, 0, 0, 0, 0, 0, 0, 100, 0, 0),
(190530, 80, 1664.47, -4256.19, 51.5929, 0, 0, 0, 0, 0, 0, 0, 0, 0, 100, 0, 0),
(190530, 81, 1683.98, -4245.42, 51.3726, 0, 0, 0, 0, 0, 0, 0, 0, 0, 100, 0, 0),
(190530, 82, 1707.14, -4231.98, 49.2425, 0, 0, 0, 0, 0, 0, 0, 0, 0, 100, 0, 0),
(190530, 83, 1729, -4220.93, 45.6859, 0, 0, 0, 0, 0, 0, 0, 0, 0, 100, 0, 0),
(190530, 84, 1742.98, -4213.58, 43.9449, 0, 0, 0, 0, 0, 0, 0, 0, 0, 100, 0, 0),
(190530, 85, 1754.45, -4213.47, 42.4923, 0, 0, 0, 0, 0, 0, 0, 0, 0, 100, 0, 0),
(190530, 86, 1777.11, -4221.35, 39.6674, 0, 0, 0, 0, 0, 0, 0, 0, 0, 100, 0, 0),
(190530, 87, 1784.91, -4228.93, 39.8616, 0, 0, 0, 0, 0, 0, 0, 0, 0, 100, 0, 0),
(190530, 88, 1780.17, -4240.32, 39.6535, 0, 0, 0, 0, 0, 0, 0, 0, 0, 100, 0, 0),
(190530, 89, 1769.24, -4248.43, 36.0152, 0, 0, 0, 0, 0, 0, 0, 0, 0, 100, 0, 0),
(190530, 90, 1750.93, -4255.88, 28.2688, 0, 0, 0, 0, 0, 0, 0, 0, 0, 100, 0, 0),
(190530, 91, 1742.48, -4263.41, 23.8393, 0, 0, 0, 0, 0, 0, 0, 0, 0, 100, 0, 0),
(190530, 92, 1735.93, -4277.6, 17.9325, 0, 0, 0, 0, 0, 0, 0, 0, 0, 100, 0, 0),
(190530, 93, 1740.24, -4292.31, 15.1055, 0, 0, 0, 0, 0, 0, 0, 0, 0, 100, 0, 0),
(190530, 94, 1745.15, -4297.08, 13.9415, 0, 0, 0, 0, 0, 0, 0, 0, 0, 100, 0, 0),
(190530, 95, 1761.65, -4304.24, 7.2299, 0, 0, 0, 0, 0, 0, 0, 0, 0, 100, 0, 0),
(190530, 96, 1766.7, -4298.89, 7.56642, 0, 0, 0, 0, 0, 0, 0, 0, 0, 100, 0, 0),
(190530, 97, 1776.15, -4294, 6.73376, 0, 0, 0, 0, 0, 0, 0, 0, 0, 100, 0, 0),
(190530, 98, 1782.7, -4294.67, 5.5883, 0, 0, 0, 0, 0, 0, 0, 0, 0, 100, 0, 0),
(190530, 99, 1799.58, -4327.29, -11.1642, 0, 0, 0, 0, 0, 0, 0, 0, 0, 100, 0, 0),
(190530, 100, 1817.85, -4365.1, -9.09306, 0, 0, 0, 0, 0, 0, 0, 0, 0, 100, 0, 0),
(190530, 101, 1840.08, -4400.54, 4.1577, 0, 0, 0, 0, 0, 0, 0, 0, 0, 100, 0, 0),
(190530, 102, 1843.81, -4407.75, 4.68483, 0, 0, 0, 0, 0, 0, 0, 0, 0, 100, 0, 0),
(190530, 103, 1856.3, -4416.08, 6.07582, 0, 0, 0, 0, 0, 0, 0, 0, 0, 100, 0, 0),
(190530, 104, 1876.37, -4416.82, 9.24696, 0, 0, 0, 0, 0, 0, 0, 0, 0, 100, 0, 0),
(190530, 105, 1885.5, -4418.79, 11.3314, 0, 0, 0, 0, 0, 0, 0, 0, 0, 100, 0, 0),
(190530, 106, 1894.04, -4426.05, 13.9888, 0, 0, 0, 0, 0, 0, 0, 0, 0, 100, 0, 0),
(190530, 107, 1896.97, -4437.62, 16.2806, 0, 0, 0, 0, 0, 0, 0, 0, 0, 100, 0, 0),
(190530, 108, 1894.99, -4448.4, 18.1421, 0, 0, 0, 0, 0, 0, 0, 0, 0, 100, 0, 0),
(190530, 109, 1891.65, -4462.73, 19.5832, 0, 0, 0, 0, 0, 0, 0, 0, 0, 100, 0, 0),
(190530, 110, 1893.16, -4474.82, 20.6826, 0, 0, 0, 0, 0, 0, 0, 0, 0, 100, 0, 0),
(190530, 111, 1900.89, -4482.65, 21.1357, 0, 0, 0, 0, 0, 0, 0, 0, 0, 100, 0, 0),
(190530, 112, 1907.86, -4490.92, 22.9967, 0, 0, 0, 0, 0, 0, 0, 0, 0, 100, 0, 0),
(190530, 113, 1906.73, -4505.23, 24.9591, 0, 0, 0, 0, 0, 0, 0, 0, 0, 100, 0, 0),
(190530, 114, 1899.83, -4517.27, 27.3582, 0, 0, 0, 0, 0, 0, 0, 0, 0, 100, 0, 0),
(190530, 115, 1893.45, -4526.07, 28.581, 0, 0, 0, 0, 0, 0, 0, 0, 0, 100, 0, 0),
(190530, 116, 1893, -4531.73, 28.0416, 0, 0, 0, 0, 0, 0, 0, 0, 0, 100, 0, 0),
(190530, 117, 1904.4, -4549.83, 28.7954, 0, 0, 0, 0, 0, 0, 0, 0, 0, 100, 0, 0),
(190530, 118, 1909.95, -4559.76, 34.1195, 0, 0, 0, 0, 0, 0, 0, 0, 0, 100, 0, 0),
(190530, 119, 1925.42, -4584.78, 34.1211, 0, 0, 0, 0, 0, 0, 0, 0, 0, 100, 0, 0),
(190530, 120, 1894.59, -4605.89, 34.1211, 0, 0, 0, 0, 0, 0, 0, 0, 0, 100, 0, 0),
(190530, 121, 1907.75, -4627.89, 34.119, 0, 0, 0, 0, 0, 0, 0, 0, 0, 100, 0, 0),
(190530, 122, 1909.86, -4631.36, 32.9827, 0, 0, 0, 0, 0, 0, 0, 0, 0, 100, 0, 0),
(190530, 123, 1937.36, -4669.2, 26.5256, 0, 0, 0, 0, 0, 0, 0, 0, 0, 100, 0, 0),
(190530, 124, 1945.38, -4681.89, 25.2457, 0, 0, 0, 0, 0, 0, 0, 0, 0, 100, 0, 0),
(190530, 125, 1948.98, -4697.22, 28.9954, 0, 0, 0, 0, 0, 0, 0, 0, 0, 100, 0, 0),
(190530, 126, 1951.09, -4714.8, 36.9093, 0, 0, 0, 0, 0, 0, 0, 0, 0, 100, 0, 0),
(190530, 127, 1954.46, -4722.56, 42.6743, 0, 0, 0, 0, 0, 0, 0, 0, 0, 100, 0, 0),
(190546, 1, -1391.53, -85.9722, 158.985, 0, 0, 0, 0, 0, 0, 0, 0, 0, 100, 0, 0),
(190546, 2, -1392.84, -70.6216, 158.953, 0, 0, 0, 0, 0, 0, 0, 0, 0, 100, 0, 0),
(190546, 3, -1397.17, -63.2994, 158.48, 0, 0, 0, 0, 0, 0, 0, 0, 0, 100, 0, 0),
(190546, 4, -1385.78, -48.623, 160.41, 0, 0, 0, 0, 0, 0, 0, 0, 0, 100, 0, 0),
(190546, 5, -1355.33, -12.8232, 142.476, 0, 0, 0, 0, 0, 0, 0, 0, 0, 100, 0, 0),
(190546, 6, -1329.13, 16.6672, 138.367, 0, 0, 0, 0, 0, 0, 0, 0, 0, 100, 0, 0),
(190546, 7, -1322.95, 27.8675, 138.336, 0, 0, 0, 0, 0, 0, 0, 0, 0, 100, 0, 0),
(190546, 8, -1317.07, 29.013, 137.436, 0, 0, 0, 0, 0, 0, 0, 0, 0, 100, 0, 0),
(190546, 9, -1309.84, 26.0727, 137.436, 0, 0, 0, 0, 0, 0, 0, 0, 0, 100, 0, 0),
(190546, 10, -1295.25, 33.1151, 129.209, 0, 0, 0, 0, 0, 0, 0, 0, 0, 100, 0, 0),
(190546, 11, -1292.36, 39.2755, 129.209, 0, 0, 0, 0, 0, 0, 0, 0, 0, 100, 0, 0),
(190546, 12, -1279.27, 46.8591, 128.935, 0, 0, 0, 0, 0, 0, 0, 0, 0, 100, 0, 0),
(190546, 13, -1267.41, 56.4666, 127.176, 0, 0, 0, 0, 0, 0, 0, 0, 0, 100, 0, 0),
(190546, 14, -1264.5, 73.6123, 127.693, 0, 0, 0, 0, 0, 0, 0, 0, 0, 100, 0, 0),
(190546, 15, -1284.97, 98.3124, 130.204, 0, 0, 0, 0, 0, 0, 0, 0, 0, 100, 0, 0),
(190546, 16, -1286.55, 107.812, 130.943, 0, 0, 0, 0, 0, 0, 0, 0, 0, 100, 0, 0),
(190546, 17, -1277.37, 119.394, 131.171, 0, 0, 0, 0, 0, 0, 0, 0, 0, 100, 0, 0),
(190546, 18, -1243.35, 133.647, 132.448, 0, 0, 0, 0, 0, 0, 0, 0, 0, 100, 0, 0),
(190546, 19, -1224.07, 134.804, 133.206, 0, 0, 0, 0, 0, 0, 0, 0, 0, 100, 0, 0),
(190546, 20, -1212.96, 128.896, 134.073, 0, 0, 0, 0, 0, 0, 0, 0, 0, 100, 0, 0),
(190546, 21, -1206.33, 117.248, 134.406, 0, 0, 0, 0, 0, 0, 0, 0, 0, 100, 0, 0),
(190546, 22, -1185.65, 119.227, 135.216, 0, 0, 0, 0, 0, 0, 0, 0, 0, 100, 0, 0),
(190546, 23, -1144.61, 116.924, 135.302, 0, 0, 0, 0, 0, 0, 0, 0, 0, 100, 0, 0),
(190546, 24, -1119.91, 119.143, 140.139, 0, 0, 0, 0, 0, 0, 0, 0, 0, 100, 0, 0),
(190546, 25, -1097.18, 112.477, 141.61, 0, 0, 0, 0, 0, 0, 0, 0, 0, 100, 0, 0),
(190546, 26, -1092.25, 101.523, 141.349, 0, 0, 0, 0, 0, 0, 0, 0, 0, 100, 0, 0),
(190546, 27, -1095.62, 77.6066, 140.762, 0, 0, 0, 0, 0, 0, 0, 0, 0, 100, 0, 0),
(190546, 28, -1080.86, 54.2081, 139.809, 0, 0, 0, 0, 0, 0, 0, 0, 0, 100, 0, 0),
(190546, 29, -1070.34, 43.3666, 140.655, 0, 0, 0, 0, 0, 0, 0, 0, 0, 100, 0, 0),
(190546, 30, -1064.75, 33.6603, 141.13, 0, 0, 0, 0, 0, 0, 0, 0, 0, 100, 0, 0),
(190546, 31, -1062.9, 20.0719, 140.94, 0, 0, 0, 0, 0, 0, 0, 0, 0, 100, 0, 0),
(190546, 32, -1066.26, -6.02389, 140.792, 0, 0, 0, 0, 0, 0, 0, 0, 0, 100, 0, 0),
(190546, 33, -1074.74, -15.8266, 140.093, 1000, 0, 0, 0, 0, 0, 0, 0, 0, 100, 0, 0),
(190546, 34, -1066.26, -6.02389, 140.792, 0, 0, 0, 0, 0, 0, 0, 0, 0, 100, 0, 0),
(190546, 35, -1062.9, 20.0719, 140.94, 0, 0, 0, 0, 0, 0, 0, 0, 0, 100, 0, 0),
(190546, 36, -1064.75, 33.6603, 141.13, 0, 0, 0, 0, 0, 0, 0, 0, 0, 100, 0, 0),
(190546, 37, -1070.34, 43.3666, 140.655, 0, 0, 0, 0, 0, 0, 0, 0, 0, 100, 0, 0),
(190546, 38, -1080.86, 54.2081, 139.809, 0, 0, 0, 0, 0, 0, 0, 0, 0, 100, 0, 0),
(190546, 39, -1095.62, 77.6066, 140.762, 0, 0, 0, 0, 0, 0, 0, 0, 0, 100, 0, 0),
(190546, 40, -1092.25, 101.523, 141.349, 0, 0, 0, 0, 0, 0, 0, 0, 0, 100, 0, 0),
(190546, 41, -1097.18, 112.477, 141.61, 0, 0, 0, 0, 0, 0, 0, 0, 0, 100, 0, 0),
(190546, 42, -1119.91, 119.143, 140.139, 0, 0, 0, 0, 0, 0, 0, 0, 0, 100, 0, 0),
(190546, 43, -1144.61, 116.924, 135.302, 0, 0, 0, 0, 0, 0, 0, 0, 0, 100, 0, 0),
(190546, 44, -1185.65, 119.227, 135.216, 0, 0, 0, 0, 0, 0, 0, 0, 0, 100, 0, 0),
(190546, 45, -1206.33, 117.248, 134.406, 0, 0, 0, 0, 0, 0, 0, 0, 0, 100, 0, 0),
(190546, 46, -1212.96, 128.896, 134.073, 0, 0, 0, 0, 0, 0, 0, 0, 0, 100, 0, 0),
(190546, 47, -1224.07, 134.804, 133.206, 0, 0, 0, 0, 0, 0, 0, 0, 0, 100, 0, 0),
(190546, 48, -1243.35, 133.647, 132.448, 0, 0, 0, 0, 0, 0, 0, 0, 0, 100, 0, 0),
(190546, 49, -1277.37, 119.394, 131.171, 0, 0, 0, 0, 0, 0, 0, 0, 0, 100, 0, 0),
(190546, 50, -1286.55, 107.812, 130.943, 0, 0, 0, 0, 0, 0, 0, 0, 0, 100, 0, 0),
(190546, 51, -1284.97, 98.3124, 130.204, 0, 0, 0, 0, 0, 0, 0, 0, 0, 100, 0, 0),
(190546, 52, -1264.5, 73.6123, 127.693, 0, 0, 0, 0, 0, 0, 0, 0, 0, 100, 0, 0),
(190546, 53, -1267.41, 56.4666, 127.176, 0, 0, 0, 0, 0, 0, 0, 0, 0, 100, 0, 0),
(190546, 54, -1279.27, 46.8591, 128.935, 0, 0, 0, 0, 0, 0, 0, 0, 0, 100, 0, 0),
(190546, 55, -1292.36, 39.2755, 129.209, 0, 0, 0, 0, 0, 0, 0, 0, 0, 100, 0, 0),
(190546, 56, -1295.25, 33.1151, 129.209, 0, 0, 0, 0, 0, 0, 0, 0, 0, 100, 0, 0),
(190546, 57, -1309.84, 26.0727, 137.436, 0, 0, 0, 0, 0, 0, 0, 0, 0, 100, 0, 0),
(190546, 58, -1317.07, 29.013, 137.436, 0, 0, 0, 0, 0, 0, 0, 0, 0, 100, 0, 0),
(190546, 59, -1322.95, 27.8675, 138.336, 0, 0, 0, 0, 0, 0, 0, 0, 0, 100, 0, 0),
(190546, 60, -1329.13, 16.6672, 138.367, 0, 0, 0, 0, 0, 0, 0, 0, 0, 100, 0, 0),
(190546, 61, -1355.33, -12.8232, 142.476, 0, 0, 0, 0, 0, 0, 0, 0, 0, 100, 0, 0),
(190546, 62, -1385.78, -48.623, 160.41, 0, 0, 0, 0, 0, 0, 0, 0, 0, 100, 0, 0),
(190546, 63, -1397.17, -63.2994, 158.48, 0, 0, 0, 0, 0, 0, 0, 0, 0, 100, 0, 0),
(190546, 64, -1392.84, -70.6216, 158.953, 0, 0, 0, 0, 0, 0, 0, 0, 0, 100, 0, 0),
(190546, 65, -1391.53, -85.9722, 158.985, 0, 0, 0, 0, 0, 0, 0, 0, 0, 100, 0, 0),
(190554, 1, 1633.54, 180.941, -62.1792, 0, 0, 0, 0, 0, 0, 0, 0, 0, 100, 0, 0),
(190554, 2, 1643.4, 187.231, -62.1807, 0, 0, 0, 0, 0, 0, 0, 0, 0, 100, 0, 0),
(190554, 3, 1659.3, 207.71, -62.1788, 0, 0, 0, 0, 0, 0, 0, 0, 0, 100, 0, 0),
(190554, 4, 1665.55, 226.576, -62.1788, 0, 0, 0, 0, 0, 0, 0, 0, 0, 100, 0, 0),
(190554, 5, 1666.6, 249.188, -62.1788, 0, 0, 0, 0, 0, 0, 0, 0, 0, 100, 0, 0),
(190554, 6, 1660.32, 271.069, -62.1788, 0, 0, 0, 0, 0, 0, 0, 0, 0, 100, 0, 0),
(190554, 7, 1647.42, 288.737, -62.1818, 0, 0, 0, 0, 0, 0, 0, 0, 0, 100, 0, 0),
(190554, 8, 1624.67, 307.036, -62.1787, 0, 0, 0, 0, 0, 0, 0, 0, 0, 100, 0, 0),
(190554, 9, 1581.49, 310.531, -62.1787, 0, 0, 0, 0, 0, 0, 0, 0, 0, 100, 0, 0),
(190554, 10, 1546.92, 291.715, -62.1805, 0, 0, 0, 0, 0, 0, 0, 0, 0, 100, 0, 0),
(190554, 11, 1529.93, 269.005, -62.1789, 0, 0, 0, 0, 0, 0, 0, 0, 0, 100, 0, 0),
(190554, 12, 1526.49, 213.221, -62.1789, 0, 0, 0, 0, 0, 0, 0, 0, 0, 100, 0, 0),
(190554, 13, 1537.43, 194.846, -62.1789, 0, 0, 0, 0, 0, 0, 0, 0, 0, 100, 0, 0),
(190554, 14, 1564.85, 173.251, -62.1786, 0, 0, 0, 0, 0, 0, 0, 0, 0, 100, 0, 0),
(190554, 15, 1614.72, 169.978, -62.1786, 0, 0, 0, 0, 0, 0, 0, 0, 0, 100, 0, 0);

INSERT INTO game_event_creature VALUES
(190523, 19),
(190522, 19),
(190515, 19),
(190514, 19),
(190498, 19),
(190499, 19),
(190002, 19),
(190003, 19),
(190011, 19),
(190010, 19),
(190018, 19),
(190026, 19),
(190019, 19),
(190027, 19),
(190035, 19),
(190034, 19),
(190266, 19),
(190267, 19),
(190122, 19),
(190146, 19),
(190123, 19),
(190147, 19),
(190155, 19),
(190154, 19),
(190162, 19),
(190163, 19),
(190170, 19),
(190171, 19),
(190178, 19),
(190179, 19),
(190114, 19),
(190139, 19),
(190138, 19),
(190131, 19),
(190130, 19),
(190115, 19),
(190443, 19),
(190435, 19),
(190442, 19),
(190106, 19),
(190402, 19),
(190403, 19),
(190410, 19),
(190411, 19),
(190418, 19),
(190419, 19),
(190426, 19),
(190427, 19),
(190434, 19),
(190107, 19),
(190579, 19),
(190578, 19),
(190555, 19),
(190554, 19),
(190547, 19),
(190546, 19),
(190531, 19),
(190530, 19),
(190491, 19),
(190490, 19),
(190483, 19),
(190482, 19),
(190475, 19),
(190474, 19),
(190467, 19),
(190466, 19),
(190459, 19),
(190458, 19),
(190451, 19),
(190450, 19);


-- GAMEOBJECTS
DELETE FROM gameobject WHERE id IN (180394, 180400, 180397);
INSERT INTO `gameobject` VALUES 
(190267, 180394, 1, -1383.59, -85.434, 159.566, 3.17021, 0, 0, 0, 0, 180, 180, 255, 1),
(190271, 180394, 1, -1379.01, -58.6698, 158.927, 3.71842, 0, 0, 0, 0, 180, 180, 255, 1),
(190275, 180394, 1, -1273.51, 134.157, 132.078, -2.35619, 0, 0, 0, 0, 180, 180, 255, 1),
(190279, 180394, 1, -1249.68, 52.4457, 127.18, 1.90241, 0, 0, 0, 0, 180, 180, 255, 1),
(190283, 180394, 1, -1091.78, -20.9857, 140.129, 0.241459, 0, 0, 0, 0, 180, 180, 255, 1),
(190287, 180394, 0, 1262.51, 353.944, -63.7039, 5.5162, 0, 0, 0, 0, 180, 180, 255, 1),
(190291, 180394, 0, 1524.65, 242.972, -41.3899, -1.55334, 0, 0, 0, 0, 180, 180, 255, 1),
(190295, 180394, 0, 1592.72, 168.947, -41.4244, 0, 0, 0, 0, 0, 180, 180, 255, 1),
(190299, 180394, 0, 1598.8, 311.823, -41.4244, 3.17493, 0, 0, 0, 0, 180, 180, 255, 1),
(190303, 180394, 1, 1657.46, -4385.4, 23.5797, -1.01229, 0, 0, 0, 0, 180, 180, 255, 1),
(190307, 180394, 1, 1663.59, -4343.19, 61.2462, 0.750492, 0, 0, 0, 0, 180, 180, 255, 1),
(190311, 180394, 1, 1934.82, -4711.71, 37.4563, 0.517133, 0, 0, 0, 0, 180, 180, 255, 1),
(190315, 180394, 1, 1746.33, -3967.47, 49.2634, 2.0013, 0, 0, 0, 0, 180, 180, 255, 1),
(190319, 180394, 1, -1051.74, 234.324, 134.494, 0.7054, 0, 0, 0, 0, 180, 180, 255, 1),
(190153, 180400, 1, 9920.2, 2349.05, 1331.57, -1.55334, 0, 0, 0, 0, 180, 180, 255, 1),
(190087, 180400, 0, -8411.21, 577.031, 92.8777, -0.9599, 0, 0, 0, 0, 180, 180, 255, 1),
(190081, 180400, 0, -5034.64, -1263.19, 506.317, 0.701464, 0, 0, 0, 0, 180, 180, 255, 1),
(190075, 180400, 1, 9963.41, 2490.16, 1316.9, 3.08694, 0, 0, 0, 0, 180, 180, 255, 1),
(190027, 180400, 0, -5034.97, -921.89, 502.626, 6.14817, 0, 0, 0, 0, 180, 180, 255, 1),
(190021, 180400, 0, -4919.66, -844.965, 502.425, -2.40855, 0, 0, 0, 0, 180, 180, 255, 1),
(190069, 180400, 0, -8387.14, 288.112, 121.713, 3.78082, 0, 0, 0, 0, 180, 180, 255, 1),
(190063, 180400, 0, -4675.23, -985.175, 502.726, 1.16136, 0, 0, 0, 0, 180, 180, 255, 1),
(190015, 180400, 0, -8847.33, 594.026, 94.2901, -0.698132, 0, 0, 0, 0, 180, 180, 255, 1),
(190057, 180400, 0, -4832.84, -1171.19, 503.123, 1.509, 0, 0, 0, 0, 180, 180, 255, 1),
(190051, 180400, 1, 9720.44, 2545.07, 1336.61, 2.14675, 0, 0, 0, 0, 180, 180, 255, 1),
(190045, 180400, 1, 9984.68, 2348.01, 1331.69, 3.136, 0, 0, 0, 0, 180, 180, 255, 1),
(190039, 180400, 1, 9964.87, 2179.44, 1328.91, 3.7134, 0, 0, 0, 0, 180, 180, 255, 1),
(190009, 180400, 0, -8870.3, 544.276, 107.261, 5.0603, 0, 0, 0, 0, 180, 180, 255, 1),
(190003, 180400, 0, -8843.05, 654.157, 98.1323, -2.53073, 0, 0, 0, 0, 180, 180, 255, 1),
(190150, 180397, 1, 9920.16, 2349.58, 1330.78, 4.7303, 0, 0, 0, 0, 180, 180, 255, 1),
(190084, 180397, 0, -8411.49, 577.444, 91.9777, -0.9599, 0, 0, 0, 0, 180, 180, 255, 1),
(190078, 180397, 0, -5035.03, -1263.47, 505.4, 0.698132, 0, 0, 0, 0, 180, 180, 255, 1),
(190072, 180397, 1, 9963.93, 2490.04, 1316.05, 0, 0, 0, 0, 0, 180, 180, 255, 1),
(190024, 180397, 0, -5035.49, -921.804, 501.659, -0.122173, 0, 0, 0, 0, 180, 180, 255, 1),
(190066, 180397, 0, -8386.73, 288.405, 120.886, -2.47837, 0, 0, 0, 0, 180, 180, 255, 1),
(190060, 180397, 0, -4675.27, -985.681, 501.859, 1.16136, 0, 0, 0, 0, 180, 180, 255, 1),
(190018, 180397, 0, -4919.31, -844.615, 501.661, -0.855212, 0, 0, 0, 0, 180, 180, 255, 1),
(190012, 180397, 0, -8846.94, 593.738, 93.4625, 2.42601, 0, 0, 0, 0, 180, 180, 255, 1),
(190054, 180397, 0, -4832.88, -1171.66, 502.195, 1.509, 0, 0, 0, 0, 180, 180, 255, 1),
(190048, 180397, 1, 9720.18, 2545.46, 1335.68, -0.977383, 0, 0, 0, 0, 180, 180, 255, 1),
(190042, 180397, 1, 9985.22, 2348.01, 1330.79, 0, 0, 0, 0, 0, 180, 180, 255, 1),
(190036, 180397, 1, 9965.32, 2179.72, 1328.07, -2.54818, 0, 0, 0, 0, 180, 180, 255, 1),
(190006, 180397, 0, -8870.4, 544.658, 106.284, -1.22173, 0, 0, 0, 0, 180, 180, 255, 1),
(190000, 180397, 0, -8842.76, 654.543, 97.2775, -2.47837, 0, 0, 0, 0, 180, 180, 255, 1);

INSERT INTO game_event_gameobject VALUES
(190000, 19),
(190006, 19),
(190036, 19),
(190042, 19),
(190048, 19),
(190054, 19),
(190012, 19),
(190018, 19),
(190060, 19),
(190024, 19),
(190066, 19),
(190072, 19),
(190078, 19),
(190084, 19),
(190150, 19),
(190319, 19),
(190315, 19),
(190311, 19),
(190307, 19),
(190303, 19),
(190299, 19),
(190295, 19),
(190291, 19),
(190287, 19),
(190283, 19),
(190279, 19),
(190275, 19),
(190271, 19),
(190267, 19),
(190153, 19),
(190003, 19),
(190009, 19),
(190039, 19),
(190045, 19),
(190051, 19),
(190057, 19),
(190015, 19),
(190063, 19),
(190069, 19),
(190021, 19),
(190027, 19),
(190075, 19),
(190081, 19),
(190087, 19);


-- ----------------------------------
-- ARATHI BASSIN
-- ----------------------------------

-- CREATURES
DELETE FROM game_event_creature WHERE guid IN (SELECT guid FROM creature WHERE id IN (14990, 14991));
DELETE FROM creature WHERE id IN (14990, 14991);
INSERT INTO `creature` VALUES 
(190109, 14990, 1, 0, 0, -1247.75, 54.7024, 127.217, 1.0472, 120, 120, 0, 0, 15240, 0, 0, 0),
(190108, 14990, 1, 0, 0, -1245.35, 58.3835, 127.089, 4.11898, 120, 120, 0, 0, 15240, 0, 0, 0),
(190404, 14990, 1, 0, 0, 1658.86, -4389.01, 23.9964, 1.13446, 120, 120, 0, 0, 15240, 0, 0, 0),
(190405, 14990, 1, 0, 0, 1660.66, -4385.63, 24.2068, 4.11898, 120, 120, 0, 0, 15240, 0, 0, 0),
(190412, 14990, 1, 0, 0, 1667.64, -4346.96, 61.5564, 2.37365, 120, 120, 0, 0, 15240, 0, 0, 0),
(190413, 14990, 1, 0, 0, 1665.84, -4344.94, 61.5564, 5.37561, 120, 120, 0, 0, 15240, 0, 0, 0),
(190420, 14990, 1, 0, 0, 1747.5, -3965.36, 50.0846, 3.49066, 120, 120, 0, 0, 15240, 0, 0, 0),
(190421, 14990, 1, 0, 0, 1743.73, -3966.88, 49.4691, 0.418879, 120, 120, 0, 0, 15240, 0, 0, 0),
(190428, 14990, 1, 0, 0, 1936.91, -4712.06, 37.331, 1.18682, 120, 120, 0, 0, 15240, 0, 0, 0),
(190429, 14990, 1, 0, 0, 1937.18, -4707.45, 35.7722, 4.36332, 120, 120, 0, 0, 15240, 0, 0, 0),
(190436, 14990, 1, 0, 0, -1091.7, -17.997, 140.475, 1.13446, 120, 120, 0, 0, 15240, 0, 0, 0),
(190437, 14990, 1, 0, 0, -1090.22, -15.3547, 140.657, 4.15388, 120, 120, 0, 0, 15240, 0, 0, 0),
(190444, 14990, 1, 0, 0, -1277.94, 138.47, 131.94, 5.35816, 120, 120, 0, 0, 15240, 0, 0, 0),
(190445, 14990, 1, 0, 0, -1275.75, 135.88, 132.1, 2.32129, 120, 120, 0, 0, 15240, 0, 0, 0),
(190452, 14990, 1, 0, 0, -1377.62, -61.9991, 159.279, 2.93215, 120, 120, 0, 0, 15240, 0, 0, 0),
(190453, 14990, 1, 0, 0, -1381.3, -61.6688, 159.135, 0.0174533, 120, 120, 0, 0, 15240, 0, 0, 0),
(190460, 14990, 1, 0, 0, -1049.16, 234.144, 134.639, 2.32129, 120, 120, 0, 0, 15240, 0, 0, 0),
(190461, 14990, 1, 0, 0, -1051.35, 236.734, 134.64, 5.35816, 120, 120, 0, 0, 15240, 0, 0, 0),
(190468, 14990, 0, 0, 0, 1263.18, 350.778, -63.6459, 0.977384, 120, 120, 0, 0, 15240, 0, 0, 0),
(190469, 14990, 0, 0, 0, 1265.31, 353.748, -63.6368, 4.15388, 120, 120, 0, 0, 15240, 0, 0, 0),
(190476, 14990, 0, 0, 0, 1521.09, 238.709, -41.3065, 1.18682, 120, 120, 0, 0, 15240, 0, 0, 0),
(190477, 14990, 0, 0, 0, 1522.57, 242.055, -41.3065, 4.2586, 120, 120, 0, 0, 15240, 0, 0, 0),
(190484, 14990, 0, 0, 0, 1593.71, 316.03, -41.3411, 6.21337, 120, 120, 0, 0, 15240, 0, 0, 0),
(190485, 14990, 0, 0, 0, 1596.57, 315.891, -41.3411, 3.12414, 120, 120, 0, 0, 15240, 0, 0, 0),
(190492, 14990, 0, 0, 0, 1597.46, 164.685, -41.3411, 2.6529, 120, 120, 0, 0, 15240, 0, 0, 0),
(190493, 14990, 0, 0, 0, 1593.22, 166.868, -41.3411, 5.81195, 120, 120, 0, 0, 15240, 0, 0, 0),
(190532, 14990, 1, 0, 0, 1954.35, -4722.71, 42.659, 1.99567, 120, 120, 0, 0, 15240, 0, 0, 2),
(190533, 14990, 1, 0, 0, 1952.39, -4723.16, 42.1039, 1.87001, 120, 120, 0, 0, 15240, 0, 0, 0),
(190548, 14990, 1, 0, 0, -1391.53, -85.9722, 158.985, 2.35896, 120, 120, 0, 0, 15240, 0, 0, 2),
(190549, 14990, 1, 0, 0, -1394.13, -86.12, 158.935, 2.19541, 120, 120, 0, 0, 15240, 0, 0, 0),
(190556, 14990, 0, 0, 0, 1633.35, 180.895, -62.1827, 0.313509, 120, 120, 0, 0, 15240, 0, 0, 2),
(190557, 14990, 0, 0, 0, 1632.72, 182.795, -62.183, 0.313487, 120, 120, 0, 0, 15240, 0, 0, 0),
(190580, 14990, 1, 0, 0, -1384.78, -87.3005, 159.192, 1.5929, 120, 120, 0, 0, 15240, 0, 0, 0),
(190581, 14990, 1, 0, 0, -1384.86, -83.6998, 159.726, 4.7462, 120, 120, 0, 0, 15240, 0, 0, 0),
(190141, 14991, 0, 0, 0, -4839.37, -1169.09, 502.279, 5.37561, 300, 300, 0, 0, 1554, 0, 0, 0),
(190140, 14991, 0, 0, 0, -4836.85, -1171.63, 502.277, 2.44346, 300, 300, 0, 0, 1554, 0, 0, 0),
(190133, 14991, 1, 0, 0, 9724.21, 2545, 1335.76, 5.58505, 120, 120, 0, 0, 1554, 0, 0, 0),
(190132, 14991, 1, 0, 0, 9727.12, 2542.52, 1335.24, 2.42601, 120, 120, 0, 0, 1554, 0, 0, 0),
(190117, 14991, 1, 0, 0, 9962.88, 2175.22, 1327.8, 1.97222, 120, 120, 0, 0, 1554, 0, 0, 0),
(190116, 14991, 1, 0, 0, 9961.1, 2179.29, 1327.8, 5.13127, 120, 120, 0, 0, 1554, 0, 0, 0),
(190181, 14991, 0, 0, 0, -8409.17, 578.178, 92.0571, 3.9968, 120, 120, 0, 0, 1554, 0, 0, 0),
(190180, 14991, 0, 0, 0, -8411.89, 575.031, 92.3179, 0.855211, 120, 120, 0, 0, 1554, 0, 0, 0),
(190173, 14991, 0, 0, 0, -5037.07, -1261.52, 505.383, 5.42797, 300, 300, 0, 0, 1554, 0, 0, 0),
(190172, 14991, 0, 0, 0, -5033.87, -1266.07, 505.383, 2.07694, 300, 300, 0, 0, 1554, 0, 0, 0),
(190165, 14991, 1, 0, 0, 9962.13, 2487.17, 1316.12, 3.9968, 180, 180, 0, 0, 1554, 0, 0, 0),
(190164, 14991, 1, 0, 0, 9959.42, 2484.32, 1316.13, 0.750492, 180, 180, 0, 0, 1554, 0, 0, 0),
(190157, 14991, 0, 0, 0, -8387.24, 286.125, 120.969, 2.30383, 120, 120, 0, 0, 1554, 0, 0, 0),
(190156, 14991, 0, 0, 0, -8389.1, 288.407, 120.969, 5.53269, 120, 120, 0, 0, 1554, 0, 0, 0),
(190149, 14991, 0, 0, 0, -4683.46, -985.091, 501.627, 6.03884, 300, 300, 0, 0, 1554, 0, 0, 0),
(190148, 14991, 0, 0, 0, -4680.56, -985.584, 501.646, 3.08923, 300, 300, 0, 0, 1554, 0, 0, 0),
(190125, 14991, 1, 0, 0, 9984.56, 2345.23, 1330.87, 1.74533, 120, 120, 0, 0, 1554, 0, 0, 0),
(190124, 14991, 1, 0, 0, 9983.62, 2350.23, 1330.87, 4.92183, 120, 120, 0, 0, 1554, 0, 0, 0),
(190269, 14991, 1, 0, 0, 9916.48, 2345.54, 1330.87, 1.74533, 300, 300, 0, 0, 1554, 0, 0, 0),
(190268, 14991, 1, 0, 0, 9916.64, 2349.3, 1330.87, 4.92183, 300, 300, 0, 0, 1554, 0, 0, 0),
(190037, 14991, 0, 0, 0, -5032.97, -926.68, 501.743, 4.64258, 180, 180, 0, 0, 1554, 0, 0, 0),
(190036, 14991, 0, 0, 0, -5033.75, -931.287, 501.743, 1.32645, 180, 180, 0, 0, 1554, 0, 0, 0),
(190029, 14991, 0, 0, 0, -4916.61, -852.305, 501.745, 1.48353, 180, 180, 0, 0, 1554, 0, 0, 0),
(190028, 14991, 0, 0, 0, -4916.43, -848.374, 501.745, 4.72984, 180, 180, 0, 0, 1554, 0, 0, 0),
(190021, 14991, 0, 0, 0, -8853.08, 587.01, 93.9332, 0.680678, 300, 300, 0, 0, 1554, 0, 0, 0),
(190020, 14991, 0, 0, 0, -8850.69, 589.49, 93.6973, 4.06662, 300, 300, 0, 0, 1554, 0, 0, 0),
(190013, 14991, 0, 0, 0, -8873.52, 544.724, 106.367, 3.82227, 300, 300, 0, 0, 1554, 0, 0, 0),
(190012, 14991, 0, 0, 0, -8876.83, 542.382, 106.366, 0.558505, 300, 300, 0, 0, 1554, 0, 0, 0),
(190005, 14991, 0, 0, 0, -8838.8, 651.394, 96.7842, 2.42601, 300, 300, 0, 0, 1554, 0, 0, 0),
(190004, 14991, 0, 0, 0, -8840.63, 652.959, 97.1184, 5.60251, 300, 300, 0, 0, 1554, 0, 0, 0),
(190500, 14991, 1, 0, 0, 9952.47, 2089.45, 1327.72, 4.78552, 120, 120, 0, 0, 1554, 0, 0, 2),
(190501, 14991, 1, 0, 0, 9951.12, 2089.54, 1327.72, 4.78566, 120, 120, 0, 0, 1554, 0, 0, 0),
(190516, 14991, 0, 0, 0, -5007.03, -1177.84, 501.66, 5.94314, 120, 120, 0, 0, 1554, 0, 0, 2),
(190517, 14991, 0, 0, 0, -5001.03, -1179.84, 501.66, 5.94313, 120, 120, 0, 0, 1554, 0, 0, 0),
(190524, 14991, 0, 0, 0, -8570.55, 536.096, 101.568, 5.53562, 120, 120, 0, 0, 1554, 0, 0, 2),
(190525, 14991, 0, 0, 0, -8569.02, 537.091, 101.549, 5.49044, 120, 120, 0, 0, 1554, 0, 0, 0);

INSERT INTO `creature_linking` (`guid`,`master_guid`,`flag`) VALUES 
(190533, 190532, 515),
(190549, 190548, 515),
(190557, 190556, 515),
(190501, 190500, 515),
(190517, 190516, 515),
(190525, 190524, 515);

INSERT INTO `creature_movement` (`id`,`point`,`position_x`,`position_y`,`position_z`,`waittime`,`script_id`,`textid1`,`textid2`,`textid3`,`textid4`,`textid5`,`emote`,`spell`,`orientation`,`model1`,`model2`) VALUES
(190500, 1, 9952.47, 2089.45, 1327.72, 0, 0, 0, 0, 0, 0, 0, 0, 0, 100, 0, 0),
(190500, 2, 9953.24, 2253.22, 1335.29, 0, 0, 0, 0, 0, 0, 0, 0, 0, 100, 0, 0),
(190500, 3, 9952.86, 2275.41, 1341.4, 0, 0, 0, 0, 0, 0, 0, 0, 0, 100, 0, 0),
(190500, 4, 9952.4, 2292.36, 1341.39, 0, 0, 0, 0, 0, 0, 0, 0, 0, 100, 0, 0),
(190500, 5, 9952.35, 2302.62, 1336.55, 0, 0, 0, 0, 0, 0, 0, 0, 0, 100, 0, 0),
(190500, 6, 9951.28, 2318.49, 1336.55, 0, 0, 0, 0, 0, 0, 0, 0, 0, 100, 0, 0),
(190500, 7, 9951, 2337.6, 1331.27, 0, 0, 0, 0, 0, 0, 0, 0, 0, 100, 0, 0),
(190500, 8, 9950.29, 2405.21, 1328.23, 0, 0, 0, 0, 0, 0, 0, 0, 0, 100, 0, 0),
(190500, 9, 9949.97, 2433.77, 1324.68, 0, 0, 0, 0, 0, 0, 0, 0, 0, 100, 0, 0),
(190500, 10, 9949.52, 2453.58, 1321.11, 0, 0, 0, 0, 0, 0, 0, 0, 0, 100, 0, 0),
(190500, 11, 9949.02, 2475.83, 1316.12, 0, 0, 0, 0, 0, 0, 0, 0, 0, 100, 0, 0),
(190500, 12, 9948.86, 2482.9, 1316.22, 0, 0, 0, 0, 0, 0, 0, 0, 0, 100, 0, 0),
(190500, 13, 9960.6, 2494.16, 1316.46, 0, 0, 0, 0, 0, 0, 0, 0, 0, 100, 0, 0),
(190500, 14, 9969.22, 2510.8, 1317.6, 0, 0, 0, 0, 0, 0, 0, 0, 0, 100, 0, 0),
(190500, 15, 9986.03, 2519.99, 1316.36, 0, 0, 0, 0, 0, 0, 0, 0, 0, 100, 0, 0),
(190500, 16, 9975.02, 2539.73, 1316.31, 0, 0, 0, 0, 0, 0, 0, 0, 0, 100, 0, 0),
(190500, 17, 9948.79, 2554.92, 1316.32, 0, 0, 0, 0, 0, 0, 0, 0, 0, 100, 0, 0),
(190500, 18, 9947.11, 2572.04, 1318.3, 0, 0, 0, 0, 0, 0, 0, 0, 0, 100, 0, 0),
(190500, 19, 9946.96, 2605.64, 1316.19, 0, 0, 0, 0, 0, 0, 0, 0, 0, 100, 0, 0),
(190500, 20, 9946.63, 2585.83, 1316.12, 0, 0, 0, 0, 0, 0, 0, 0, 0, 100, 0, 0),
(190500, 21, 9946.43, 2573.54, 1318.31, 0, 0, 0, 0, 0, 0, 0, 0, 0, 100, 0, 0),
(190500, 22, 9946.2, 2560.24, 1315.77, 0, 0, 0, 0, 0, 0, 0, 0, 0, 100, 0, 0),
(190500, 23, 9945.8, 2555.99, 1316.28, 0, 0, 0, 0, 0, 0, 0, 0, 0, 100, 0, 0),
(190500, 24, 9931.09, 2551.67, 1317.36, 0, 0, 0, 0, 0, 0, 0, 0, 0, 100, 0, 0),
(190500, 25, 9915.98, 2541.26, 1316.83, 0, 0, 0, 0, 0, 0, 0, 0, 0, 100, 0, 0),
(190500, 26, 9906.96, 2530.01, 1316.19, 0, 0, 0, 0, 0, 0, 0, 0, 0, 100, 0, 0),
(190500, 27, 9899.4, 2529.93, 1315.17, 0, 0, 0, 0, 0, 0, 0, 0, 0, 100, 0, 0),
(190500, 28, 9887.01, 2529.8, 1318.71, 0, 0, 0, 0, 0, 0, 0, 0, 0, 100, 0, 0),
(190500, 29, 9849.84, 2529.4, 1321.25, 0, 0, 0, 0, 0, 0, 0, 0, 0, 100, 0, 0),
(190500, 30, 9776.92, 2527.83, 1318.95, 0, 0, 0, 0, 0, 0, 0, 0, 0, 100, 0, 0),
(190500, 31, 9724.57, 2526.01, 1335.68, 0, 0, 0, 0, 0, 0, 0, 0, 0, 100, 0, 0),
(190500, 32, 9709.61, 2525.32, 1335.69, 0, 0, 0, 0, 0, 0, 0, 0, 0, 100, 0, 0),
(190500, 33, 9724.57, 2526.01, 1335.68, 0, 0, 0, 0, 0, 0, 0, 0, 0, 100, 0, 0),
(190500, 34, 9776.92, 2527.83, 1318.95, 0, 0, 0, 0, 0, 0, 0, 0, 0, 100, 0, 0),
(190500, 35, 9849.84, 2529.4, 1321.25, 0, 0, 0, 0, 0, 0, 0, 0, 0, 100, 0, 0),
(190500, 36, 9887.01, 2529.8, 1318.71, 0, 0, 0, 0, 0, 0, 0, 0, 0, 100, 0, 0),
(190500, 37, 9899.4, 2529.93, 1315.17, 0, 0, 0, 0, 0, 0, 0, 0, 0, 100, 0, 0),
(190500, 38, 9906.96, 2530.01, 1316.19, 0, 0, 0, 0, 0, 0, 0, 0, 0, 100, 0, 0),
(190500, 39, 9915.98, 2541.26, 1316.83, 0, 0, 0, 0, 0, 0, 0, 0, 0, 100, 0, 0),
(190500, 40, 9931.09, 2551.67, 1317.36, 0, 0, 0, 0, 0, 0, 0, 0, 0, 100, 0, 0),
(190500, 41, 9945.8, 2555.99, 1316.28, 0, 0, 0, 0, 0, 0, 0, 0, 0, 100, 0, 0),
(190500, 42, 9946.2, 2560.24, 1315.77, 0, 0, 0, 0, 0, 0, 0, 0, 0, 100, 0, 0),
(190500, 43, 9946.43, 2573.54, 1318.31, 0, 0, 0, 0, 0, 0, 0, 0, 0, 100, 0, 0),
(190500, 44, 9946.63, 2585.83, 1316.12, 0, 0, 0, 0, 0, 0, 0, 0, 0, 100, 0, 0),
(190500, 45, 9946.96, 2605.64, 1316.19, 0, 0, 0, 0, 0, 0, 0, 0, 0, 100, 0, 0),
(190500, 46, 9947.11, 2572.04, 1318.3, 0, 0, 0, 0, 0, 0, 0, 0, 0, 100, 0, 0),
(190500, 47, 9948.79, 2554.92, 1316.32, 0, 0, 0, 0, 0, 0, 0, 0, 0, 100, 0, 0),
(190500, 48, 9975.02, 2539.73, 1316.31, 0, 0, 0, 0, 0, 0, 0, 0, 0, 100, 0, 0),
(190500, 49, 9986.03, 2519.99, 1316.36, 0, 0, 0, 0, 0, 0, 0, 0, 0, 100, 0, 0),
(190500, 50, 9969.22, 2510.8, 1317.6, 0, 0, 0, 0, 0, 0, 0, 0, 0, 100, 0, 0),
(190500, 51, 9960.6, 2494.16, 1316.46, 0, 0, 0, 0, 0, 0, 0, 0, 0, 100, 0, 0),
(190500, 52, 9948.86, 2482.9, 1316.22, 0, 0, 0, 0, 0, 0, 0, 0, 0, 100, 0, 0),
(190500, 53, 9949.02, 2475.83, 1316.12, 0, 0, 0, 0, 0, 0, 0, 0, 0, 100, 0, 0),
(190500, 54, 9949.52, 2453.58, 1321.11, 0, 0, 0, 0, 0, 0, 0, 0, 0, 100, 0, 0),
(190500, 55, 9949.97, 2433.77, 1324.68, 0, 0, 0, 0, 0, 0, 0, 0, 0, 100, 0, 0),
(190500, 56, 9950.29, 2405.21, 1328.23, 0, 0, 0, 0, 0, 0, 0, 0, 0, 100, 0, 0),
(190500, 57, 9951, 2337.6, 1331.27, 0, 0, 0, 0, 0, 0, 0, 0, 0, 100, 0, 0),
(190500, 58, 9951.28, 2318.49, 1336.55, 0, 0, 0, 0, 0, 0, 0, 0, 0, 100, 0, 0),
(190500, 59, 9952.35, 2302.62, 1336.55, 0, 0, 0, 0, 0, 0, 0, 0, 0, 100, 0, 0),
(190500, 60, 9952.4, 2292.36, 1341.39, 0, 0, 0, 0, 0, 0, 0, 0, 0, 100, 0, 0),
(190500, 61, 9952.86, 2275.41, 1341.4, 0, 0, 0, 0, 0, 0, 0, 0, 0, 100, 0, 0),
(190500, 62, 9953.24, 2253.22, 1335.29, 0, 0, 0, 0, 0, 0, 0, 0, 0, 100, 0, 0),
(190500, 63, 9952.47, 2089.45, 1327.72, 0, 0, 0, 0, 0, 0, 0, 0, 0, 100, 0, 0),
(190516, 1, -5007.03, -1177.84, 501.66, 0, 0, 0, 0, 0, 0, 0, 0, 0, 100, 0, 0),
(190516, 2, -5001.6, -1153.96, 501.66, 0, 0, 0, 0, 0, 0, 0, 0, 0, 100, 0, 0),
(190516, 3, -4997.44, -1127.35, 501.696, 0, 0, 0, 0, 0, 0, 0, 0, 0, 100, 0, 0),
(190516, 4, -5000.03, -1114.52, 501.651, 0, 0, 0, 0, 0, 0, 0, 0, 0, 100, 0, 0),
(190516, 5, -4997.12, -1109.34, 501.667, 0, 0, 0, 0, 0, 0, 0, 0, 0, 100, 0, 0),
(190516, 6, -4994.9, -1099, 501.66, 0, 0, 0, 0, 0, 0, 0, 0, 0, 100, 0, 0),
(190516, 7, -4994.39, -1087.39, 500.913, 0, 0, 0, 0, 0, 0, 0, 0, 0, 100, 0, 0),
(190516, 8, -4992.23, -1050.22, 497.945, 0, 0, 0, 0, 0, 0, 0, 0, 0, 100, 0, 0),
(190516, 9, -4990.41, -1041.16, 501.658, 0, 0, 0, 0, 0, 0, 0, 0, 0, 100, 0, 0),
(190516, 10, -4986.52, -1020.52, 501.656, 0, 0, 0, 0, 0, 0, 0, 0, 0, 100, 0, 0),
(190516, 11, -4958.59, -977.043, 501.622, 0, 0, 0, 0, 0, 0, 0, 0, 0, 100, 0, 0),
(190516, 12, -4896.11, -925.091, 501.589, 0, 0, 0, 0, 0, 0, 0, 0, 0, 100, 0, 0),
(190516, 13, -4858.81, -910.906, 501.66, 0, 0, 0, 0, 0, 0, 0, 0, 0, 100, 0, 0),
(190516, 14, -4822.94, -906.469, 501.66, 0, 0, 0, 0, 0, 0, 0, 0, 0, 100, 0, 0),
(190516, 15, -4812.86, -906.403, 497.967, 0, 0, 0, 0, 0, 0, 0, 0, 0, 100, 0, 0),
(190516, 16, -4783.43, -907.789, 497.959, 0, 0, 0, 0, 0, 0, 0, 0, 0, 100, 0, 0),
(190516, 17, -4775.18, -907.41, 501.667, 0, 0, 0, 0, 0, 0, 0, 0, 0, 100, 0, 0),
(190516, 18, -4761.82, -907.258, 501.633, 0, 0, 0, 0, 0, 0, 0, 0, 0, 100, 0, 0),
(190516, 19, -4755.1, -910.173, 501.667, 0, 0, 0, 0, 0, 0, 0, 0, 0, 100, 0, 0),
(190516, 20, -4702.37, -937.593, 501.673, 0, 0, 0, 0, 0, 0, 0, 0, 0, 100, 0, 0),
(190516, 21, -4693.85, -961.51, 501.659, 0, 0, 0, 0, 0, 0, 0, 0, 0, 100, 0, 0),
(190516, 22, -4691.43, -974.311, 501.492, 0, 0, 0, 0, 0, 0, 0, 0, 0, 100, 0, 0),
(190516, 23, -4718.75, -982.936, 501.537, 0, 0, 0, 0, 0, 0, 0, 0, 0, 100, 0, 0),
(190516, 24, -4744.27, -984.132, 501.485, 0, 0, 0, 0, 0, 0, 0, 0, 0, 100, 0, 0),
(190516, 25, -4779.13, -1024.8, 502.211, 0, 0, 0, 0, 0, 0, 0, 0, 0, 100, 0, 0),
(190516, 26, -4807.38, -1032.69, 502.209, 0, 0, 0, 0, 0, 0, 0, 0, 0, 100, 0, 0),
(190516, 27, -4812.82, -1069.17, 502.206, 0, 0, 0, 0, 0, 0, 0, 0, 0, 100, 0, 0),
(190516, 28, -4836.54, -1086.65, 502.196, 0, 0, 0, 0, 0, 0, 0, 0, 0, 100, 0, 0),
(190516, 29, -4862.22, -1086.39, 502.202, 0, 0, 0, 0, 0, 0, 0, 0, 0, 100, 0, 0),
(190516, 30, -4890.83, -1113.34, 501.96, 0, 0, 0, 0, 0, 0, 0, 0, 0, 100, 0, 0),
(190516, 31, -4911.88, -1119.41, 501.699, 0, 0, 0, 0, 0, 0, 0, 0, 0, 100, 0, 0),
(190516, 32, -4937.18, -1180.6, 501.701, 0, 0, 0, 0, 0, 0, 0, 0, 0, 100, 0, 0),
(190516, 33, -4958.12, -1185.43, 501.66, 0, 0, 0, 0, 0, 0, 0, 0, 0, 100, 0, 0),
(190516, 34, -5005.38, -1176.96, 501.659, 0, 0, 0, 0, 0, 0, 0, 0, 0, 100, 0, 0),
(190524, 1, -8570.55, 536.096, 101.568, 0, 0, 0, 0, 0, 0, 0, 0, 0, 100, 0, 0),
(190524, 2, -8562.13, 527.552, 100.848, 0, 0, 0, 0, 0, 0, 0, 0, 0, 100, 0, 0),
(190524, 3, -8545.02, 501.789, 98.5899, 0, 0, 0, 0, 0, 0, 0, 0, 0, 100, 0, 0),
(190524, 4, -8518.93, 522.048, 98.3434, 0, 0, 0, 0, 0, 0, 0, 0, 0, 100, 0, 0),
(190524, 5, -8491.88, 555.915, 97.5228, 0, 0, 0, 0, 0, 0, 0, 0, 0, 100, 0, 0),
(190524, 6, -8471.63, 569.622, 96.3419, 0, 0, 0, 0, 0, 0, 0, 0, 0, 100, 0, 0),
(190524, 7, -8446.56, 585.956, 94.0389, 0, 0, 0, 0, 0, 0, 0, 0, 0, 100, 0, 0),
(190524, 8, -8429.33, 569.955, 93.9131, 0, 0, 0, 0, 0, 0, 0, 0, 0, 100, 0, 0),
(190524, 9, -8410.32, 568.215, 92.0255, 0, 0, 0, 0, 0, 0, 0, 0, 0, 100, 0, 0),
(190524, 10, -8394.13, 575.455, 91.2665, 0, 0, 0, 0, 0, 0, 0, 0, 0, 100, 0, 0),
(190524, 11, -8382.3, 593.915, 92.7951, 0, 0, 0, 0, 0, 0, 0, 0, 0, 100, 0, 0),
(190524, 12, -8390.55, 617.003, 95.0653, 0, 0, 0, 0, 0, 0, 0, 0, 0, 100, 0, 0),
(190524, 13, -8372.64, 633.326, 94.5912, 0, 0, 0, 0, 0, 0, 0, 0, 0, 100, 0, 0),
(190524, 14, -8352.06, 628.119, 95.1563, 0, 0, 0, 0, 0, 0, 0, 0, 0, 100, 0, 0),
(190524, 15, -8372.64, 633.326, 94.5912, 0, 0, 0, 0, 0, 0, 0, 0, 0, 100, 0, 0),
(190524, 16, -8390.55, 617.003, 95.0653, 0, 0, 0, 0, 0, 0, 0, 0, 0, 100, 0, 0),
(190524, 17, -8382.3, 593.915, 92.7951, 0, 0, 0, 0, 0, 0, 0, 0, 0, 100, 0, 0),
(190524, 18, -8394.13, 575.455, 91.2665, 0, 0, 0, 0, 0, 0, 0, 0, 0, 100, 0, 0),
(190524, 19, -8410.32, 568.215, 92.0255, 0, 0, 0, 0, 0, 0, 0, 0, 0, 100, 0, 0),
(190524, 20, -8429.33, 569.955, 93.9131, 0, 0, 0, 0, 0, 0, 0, 0, 0, 100, 0, 0),
(190524, 21, -8446.56, 585.956, 94.0389, 0, 0, 0, 0, 0, 0, 0, 0, 0, 100, 0, 0),
(190524, 22, -8471.63, 569.622, 96.3419, 0, 0, 0, 0, 0, 0, 0, 0, 0, 100, 0, 0),
(190524, 23, -8491.88, 555.915, 97.5228, 0, 0, 0, 0, 0, 0, 0, 0, 0, 100, 0, 0),
(190524, 24, -8510.11, 529.336, 98.1213, 0, 0, 0, 0, 0, 0, 0, 0, 0, 100, 0, 0),
(190524, 25, -8544.46, 500.948, 98.6426, 0, 0, 0, 0, 0, 0, 0, 0, 0, 100, 0, 0),
(190524, 26, -8562.68, 528.108, 100.913, 0, 0, 0, 0, 0, 0, 0, 0, 0, 100, 0, 0),
(190524, 27, -8577.11, 542.753, 101.777, 0, 0, 0, 0, 0, 0, 0, 0, 0, 100, 0, 0),
(190524, 28, -8597.78, 526.589, 106.411, 0, 0, 0, 0, 0, 0, 0, 0, 0, 100, 0, 0),
(190524, 29, -8611.79, 514.084, 103.461, 0, 0, 0, 0, 0, 0, 0, 0, 0, 100, 0, 0),
(190524, 30, -8634.36, 537.268, 99.9459, 0, 0, 0, 0, 0, 0, 0, 0, 0, 100, 0, 0),
(190524, 31, -8657.58, 553.584, 96.9367, 0, 0, 0, 0, 0, 0, 0, 0, 0, 100, 0, 0),
(190524, 32, -8678.6, 549.382, 97.4357, 0, 0, 0, 0, 0, 0, 0, 0, 0, 100, 0, 0),
(190524, 33, -8697.52, 533.308, 97.6909, 0, 0, 0, 0, 0, 0, 0, 0, 0, 100, 0, 0),
(190524, 34, -8713.68, 518.891, 97.1231, 0, 0, 0, 0, 0, 0, 0, 0, 0, 100, 0, 0),
(190524, 35, -8730.44, 539.56, 101.059, 0, 0, 0, 0, 0, 0, 0, 0, 0, 100, 0, 0),
(190524, 36, -8748.36, 560.304, 97.4026, 0, 0, 0, 0, 0, 0, 0, 0, 0, 100, 0, 0),
(190524, 37, -8735.85, 575.619, 97.4327, 0, 0, 0, 0, 0, 0, 0, 0, 0, 100, 0, 0),
(190524, 38, -8770.72, 608.689, 97.1009, 0, 0, 0, 0, 0, 0, 0, 0, 0, 100, 0, 0),
(190524, 39, -8799.59, 588.334, 97.2445, 0, 0, 0, 0, 0, 0, 0, 0, 0, 100, 0, 0),
(190524, 40, -8819.46, 617.93, 94.6946, 0, 0, 0, 0, 0, 0, 0, 0, 0, 100, 0, 0),
(190524, 41, -8840.7, 642.219, 95.5346, 0, 0, 0, 0, 0, 0, 0, 0, 0, 100, 0, 0),
(190524, 42, -8851.28, 660.075, 97.0017, 0, 0, 0, 0, 0, 0, 0, 0, 0, 100, 0, 0),
(190524, 43, -8824.99, 677.832, 97.6574, 0, 0, 0, 0, 0, 0, 0, 0, 0, 100, 0, 0),
(190524, 44, -8845.73, 720.753, 97.3148, 0, 0, 0, 0, 0, 0, 0, 0, 0, 100, 0, 0),
(190524, 45, -8870.14, 760.393, 96.7109, 0, 0, 0, 0, 0, 0, 0, 0, 0, 100, 0, 0),
(190524, 46, -8880.87, 754.513, 96.3478, 0, 0, 0, 0, 0, 0, 0, 0, 0, 100, 0, 0),
(190524, 47, -8909.56, 791.193, 87.4289, 0, 0, 0, 0, 0, 0, 0, 0, 0, 100, 0, 0),
(190524, 48, -8899.24, 803.05, 87.6653, 0, 0, 0, 0, 0, 0, 0, 0, 0, 100, 0, 0),
(190524, 49, -8898.7, 825.012, 92.1318, 0, 0, 0, 0, 0, 0, 0, 0, 0, 100, 0, 0),
(190524, 50, -8907.05, 846.462, 96.0285, 0, 0, 0, 0, 0, 0, 0, 0, 0, 100, 0, 0),
(190524, 51, -8894.59, 866.98, 97.405, 0, 0, 0, 0, 0, 0, 0, 0, 0, 100, 0, 0),
(190524, 52, -8887.74, 890.776, 103.431, 0, 0, 0, 0, 0, 0, 0, 0, 0, 100, 0, 0),
(190524, 53, -8894.48, 911.813, 110.763, 0, 0, 0, 0, 0, 0, 0, 0, 0, 100, 0, 0),
(190524, 54, -8854.07, 933.522, 102.07, 0, 0, 0, 0, 0, 0, 0, 0, 0, 100, 0, 0),
(190524, 55, -8894.48, 911.813, 110.763, 0, 0, 0, 0, 0, 0, 0, 0, 0, 100, 0, 0),
(190524, 56, -8887.74, 890.776, 103.431, 0, 0, 0, 0, 0, 0, 0, 0, 0, 100, 0, 0),
(190524, 57, -8894.59, 866.98, 97.405, 0, 0, 0, 0, 0, 0, 0, 0, 0, 100, 0, 0),
(190524, 58, -8907.05, 846.462, 96.0285, 0, 0, 0, 0, 0, 0, 0, 0, 0, 100, 0, 0),
(190524, 59, -8898.7, 825.012, 92.1318, 0, 0, 0, 0, 0, 0, 0, 0, 0, 100, 0, 0),
(190524, 60, -8899.16, 803.142, 87.7088, 0, 0, 0, 0, 0, 0, 0, 0, 0, 100, 0, 0),
(190524, 61, -8909.56, 791.193, 87.4289, 0, 0, 0, 0, 0, 0, 0, 0, 0, 100, 0, 0),
(190524, 62, -8880.87, 754.513, 96.3478, 0, 0, 0, 0, 0, 0, 0, 0, 0, 100, 0, 0),
(190524, 63, -8870.14, 760.393, 96.7109, 0, 0, 0, 0, 0, 0, 0, 0, 0, 100, 0, 0),
(190524, 64, -8845.75, 720.794, 97.2726, 0, 0, 0, 0, 0, 0, 0, 0, 0, 100, 0, 0),
(190524, 65, -8824.99, 677.832, 97.6574, 0, 0, 0, 0, 0, 0, 0, 0, 0, 100, 0, 0),
(190524, 66, -8851.28, 660.075, 97.0017, 0, 0, 0, 0, 0, 0, 0, 0, 0, 100, 0, 0),
(190524, 67, -8840.74, 642.262, 95.532, 0, 0, 0, 0, 0, 0, 0, 0, 0, 100, 0, 0),
(190524, 68, -8819.46, 617.93, 94.6946, 0, 0, 0, 0, 0, 0, 0, 0, 0, 100, 0, 0),
(190524, 69, -8799.59, 588.334, 97.2445, 0, 0, 0, 0, 0, 0, 0, 0, 0, 100, 0, 0),
(190524, 70, -8770.72, 608.689, 97.1009, 0, 0, 0, 0, 0, 0, 0, 0, 0, 100, 0, 0),
(190524, 71, -8735.85, 575.619, 97.4327, 0, 0, 0, 0, 0, 0, 0, 0, 0, 100, 0, 0),
(190524, 72, -8748.36, 560.304, 97.4026, 0, 0, 0, 0, 0, 0, 0, 0, 0, 100, 0, 0),
(190524, 73, -8730.58, 539.735, 101.077, 0, 0, 0, 0, 0, 0, 0, 0, 0, 100, 0, 0),
(190524, 74, -8713.68, 518.891, 97.1231, 0, 0, 0, 0, 0, 0, 0, 0, 0, 100, 0, 0),
(190524, 75, -8697.52, 533.308, 97.6909, 0, 0, 0, 0, 0, 0, 0, 0, 0, 100, 0, 0),
(190524, 76, -8678.6, 549.382, 97.4357, 0, 0, 0, 0, 0, 0, 0, 0, 0, 100, 0, 0),
(190524, 77, -8657.58, 553.584, 96.9367, 0, 0, 0, 0, 0, 0, 0, 0, 0, 100, 0, 0),
(190524, 78, -8634.36, 537.268, 99.9459, 0, 0, 0, 0, 0, 0, 0, 0, 0, 100, 0, 0),
(190524, 79, -8611.79, 514.084, 103.461, 0, 0, 0, 0, 0, 0, 0, 0, 0, 100, 0, 0),
(190524, 80, -8597.78, 526.589, 106.411, 0, 0, 0, 0, 0, 0, 0, 0, 0, 100, 0, 0),
(190524, 81, -8577.11, 542.753, 101.777, 0, 0, 0, 0, 0, 0, 0, 0, 0, 100, 0, 0),
(190532, 1, 1954.46, -4722.56, 42.6743, 0, 0, 0, 0, 0, 0, 0, 0, 0, 100, 0, 0),
(190532, 2, 1951.09, -4714.8, 36.9093, 0, 0, 0, 0, 0, 0, 0, 0, 0, 100, 0, 0),
(190532, 3, 1948.98, -4697.22, 28.9954, 0, 0, 0, 0, 0, 0, 0, 0, 0, 100, 0, 0),
(190532, 4, 1945.38, -4681.89, 25.2457, 0, 0, 0, 0, 0, 0, 0, 0, 0, 100, 0, 0),
(190532, 5, 1937.36, -4669.2, 26.5256, 0, 0, 0, 0, 0, 0, 0, 0, 0, 100, 0, 0),
(190532, 6, 1909.86, -4631.36, 32.9827, 0, 0, 0, 0, 0, 0, 0, 0, 0, 100, 0, 0),
(190532, 7, 1907.75, -4627.89, 34.119, 0, 0, 0, 0, 0, 0, 0, 0, 0, 100, 0, 0),
(190532, 8, 1894.59, -4605.89, 34.1211, 0, 0, 0, 0, 0, 0, 0, 0, 0, 100, 0, 0),
(190532, 9, 1925.42, -4584.78, 34.1211, 0, 0, 0, 0, 0, 0, 0, 0, 0, 100, 0, 0),
(190532, 10, 1909.95, -4559.76, 34.1195, 0, 0, 0, 0, 0, 0, 0, 0, 0, 100, 0, 0),
(190532, 11, 1904.4, -4549.83, 28.7954, 0, 0, 0, 0, 0, 0, 0, 0, 0, 100, 0, 0),
(190532, 12, 1893, -4531.73, 28.0416, 0, 0, 0, 0, 0, 0, 0, 0, 0, 100, 0, 0),
(190532, 13, 1893.45, -4526.07, 28.581, 0, 0, 0, 0, 0, 0, 0, 0, 0, 100, 0, 0),
(190532, 14, 1899.83, -4517.27, 27.3582, 0, 0, 0, 0, 0, 0, 0, 0, 0, 100, 0, 0),
(190532, 15, 1906.73, -4505.23, 24.9591, 0, 0, 0, 0, 0, 0, 0, 0, 0, 100, 0, 0),
(190532, 16, 1907.86, -4490.92, 22.9967, 0, 0, 0, 0, 0, 0, 0, 0, 0, 100, 0, 0),
(190532, 17, 1900.89, -4482.65, 21.1357, 0, 0, 0, 0, 0, 0, 0, 0, 0, 100, 0, 0),
(190532, 18, 1893.16, -4474.82, 20.6826, 0, 0, 0, 0, 0, 0, 0, 0, 0, 100, 0, 0),
(190532, 19, 1891.65, -4462.73, 19.5832, 0, 0, 0, 0, 0, 0, 0, 0, 0, 100, 0, 0),
(190532, 20, 1894.99, -4448.4, 18.1421, 0, 0, 0, 0, 0, 0, 0, 0, 0, 100, 0, 0),
(190532, 21, 1896.97, -4437.62, 16.2806, 0, 0, 0, 0, 0, 0, 0, 0, 0, 100, 0, 0),
(190532, 22, 1894.04, -4426.05, 13.9888, 0, 0, 0, 0, 0, 0, 0, 0, 0, 100, 0, 0),
(190532, 23, 1885.5, -4418.79, 11.3314, 0, 0, 0, 0, 0, 0, 0, 0, 0, 100, 0, 0),
(190532, 24, 1876.37, -4416.82, 9.24696, 0, 0, 0, 0, 0, 0, 0, 0, 0, 100, 0, 0),
(190532, 25, 1856.3, -4416.08, 6.07582, 0, 0, 0, 0, 0, 0, 0, 0, 0, 100, 0, 0),
(190532, 26, 1843.81, -4407.75, 4.68483, 0, 0, 0, 0, 0, 0, 0, 0, 0, 100, 0, 0),
(190532, 27, 1840.08, -4400.54, 4.1577, 0, 0, 0, 0, 0, 0, 0, 0, 0, 100, 0, 0),
(190532, 28, 1817.85, -4365.1, -9.09306, 0, 0, 0, 0, 0, 0, 0, 0, 0, 100, 0, 0),
(190532, 29, 1799.58, -4327.29, -11.1642, 0, 0, 0, 0, 0, 0, 0, 0, 0, 100, 0, 0),
(190532, 30, 1782.7, -4294.67, 5.5883, 0, 0, 0, 0, 0, 0, 0, 0, 0, 100, 0, 0),
(190532, 31, 1776.15, -4294, 6.73376, 0, 0, 0, 0, 0, 0, 0, 0, 0, 100, 0, 0),
(190532, 32, 1766.7, -4298.89, 7.56642, 0, 0, 0, 0, 0, 0, 0, 0, 0, 100, 0, 0),
(190532, 33, 1761.65, -4304.24, 7.2299, 0, 0, 0, 0, 0, 0, 0, 0, 0, 100, 0, 0),
(190532, 34, 1745.15, -4297.08, 13.9415, 0, 0, 0, 0, 0, 0, 0, 0, 0, 100, 0, 0),
(190532, 35, 1740.24, -4292.31, 15.1055, 0, 0, 0, 0, 0, 0, 0, 0, 0, 100, 0, 0),
(190532, 36, 1735.93, -4277.6, 17.9325, 0, 0, 0, 0, 0, 0, 0, 0, 0, 100, 0, 0),
(190532, 37, 1742.48, -4263.41, 23.8393, 0, 0, 0, 0, 0, 0, 0, 0, 0, 100, 0, 0),
(190532, 38, 1750.93, -4255.88, 28.2688, 0, 0, 0, 0, 0, 0, 0, 0, 0, 100, 0, 0),
(190532, 39, 1769.24, -4248.43, 36.0152, 0, 0, 0, 0, 0, 0, 0, 0, 0, 100, 0, 0),
(190532, 40, 1780.17, -4240.32, 39.6535, 0, 0, 0, 0, 0, 0, 0, 0, 0, 100, 0, 0),
(190532, 41, 1784.91, -4228.93, 39.8616, 0, 0, 0, 0, 0, 0, 0, 0, 0, 100, 0, 0),
(190532, 42, 1777.11, -4221.35, 39.6674, 0, 0, 0, 0, 0, 0, 0, 0, 0, 100, 0, 0),
(190532, 43, 1754.45, -4213.47, 42.4923, 0, 0, 0, 0, 0, 0, 0, 0, 0, 100, 0, 0),
(190532, 44, 1742.98, -4213.58, 43.9449, 0, 0, 0, 0, 0, 0, 0, 0, 0, 100, 0, 0),
(190532, 45, 1729, -4220.93, 45.6859, 0, 0, 0, 0, 0, 0, 0, 0, 0, 100, 0, 0),
(190532, 46, 1707.14, -4231.98, 49.2425, 0, 0, 0, 0, 0, 0, 0, 0, 0, 100, 0, 0),
(190532, 47, 1683.98, -4245.42, 51.3726, 0, 0, 0, 0, 0, 0, 0, 0, 0, 100, 0, 0),
(190532, 48, 1664.47, -4256.19, 51.5929, 0, 0, 0, 0, 0, 0, 0, 0, 0, 100, 0, 0),
(190532, 49, 1651.2, -4264.8, 50.2665, 0, 0, 0, 0, 0, 0, 0, 0, 0, 100, 0, 0),
(190532, 50, 1637.98, -4271.1, 48.0471, 0, 0, 0, 0, 0, 0, 0, 0, 0, 100, 0, 0),
(190532, 51, 1623.92, -4262.35, 47.1224, 0, 0, 0, 0, 0, 0, 0, 0, 0, 100, 0, 0),
(190532, 52, 1603.29, -4237.15, 45.2332, 0, 0, 0, 0, 0, 0, 0, 0, 0, 100, 0, 0),
(190532, 53, 1589.27, -4219.05, 44.1306, 0, 0, 0, 0, 0, 0, 0, 0, 0, 100, 0, 0),
(190532, 54, 1581.14, -4198.7, 41.3964, 0, 0, 0, 0, 0, 0, 0, 0, 0, 100, 0, 0),
(190532, 55, 1579.6, -4173, 37.7449, 0, 0, 0, 0, 0, 0, 0, 0, 0, 100, 0, 0),
(190532, 56, 1585.85, -4153.19, 34.6496, 0, 0, 0, 0, 0, 0, 0, 0, 0, 100, 0, 0),
(190532, 57, 1606.41, -4122.96, 29.7899, 0, 0, 0, 0, 0, 0, 0, 0, 0, 100, 0, 0),
(190532, 58, 1666.8, -4097.01, 35.0078, 0, 0, 0, 0, 0, 0, 0, 0, 0, 100, 0, 0),
(190532, 59, 1706.45, -4087.46, 39.3622, 0, 0, 0, 0, 0, 0, 0, 0, 0, 100, 0, 0),
(190532, 60, 1730.26, -4073.1, 43.8529, 0, 0, 0, 0, 0, 0, 0, 0, 0, 100, 0, 0),
(190532, 61, 1744.58, -4045.25, 44.1596, 0, 0, 0, 0, 0, 0, 0, 0, 0, 100, 0, 0),
(190532, 62, 1746.77, -4022.89, 45.6474, 0, 0, 0, 0, 0, 0, 0, 0, 0, 100, 0, 0),
(190532, 63, 1743.11, -4000.24, 46.4807, 0, 0, 0, 0, 0, 0, 0, 0, 0, 100, 0, 0),
(190532, 64, 1732.31, -3972.21, 48.1202, 0, 0, 0, 0, 0, 0, 0, 0, 0, 100, 0, 0),
(190532, 65, 1743.11, -4000.24, 46.4807, 0, 0, 0, 0, 0, 0, 0, 0, 0, 100, 0, 0),
(190532, 66, 1746.77, -4022.89, 45.6474, 0, 0, 0, 0, 0, 0, 0, 0, 0, 100, 0, 0),
(190532, 67, 1744.58, -4045.25, 44.1596, 0, 0, 0, 0, 0, 0, 0, 0, 0, 100, 0, 0),
(190532, 68, 1730.26, -4073.1, 43.8529, 0, 0, 0, 0, 0, 0, 0, 0, 0, 100, 0, 0),
(190532, 69, 1706.45, -4087.46, 39.3622, 0, 0, 0, 0, 0, 0, 0, 0, 0, 100, 0, 0),
(190532, 70, 1666.8, -4097.01, 35.0078, 0, 0, 0, 0, 0, 0, 0, 0, 0, 100, 0, 0),
(190532, 71, 1606.41, -4122.96, 29.7899, 0, 0, 0, 0, 0, 0, 0, 0, 0, 100, 0, 0),
(190532, 72, 1585.85, -4153.19, 34.6496, 0, 0, 0, 0, 0, 0, 0, 0, 0, 100, 0, 0),
(190532, 73, 1579.6, -4173, 37.7449, 0, 0, 0, 0, 0, 0, 0, 0, 0, 100, 0, 0),
(190532, 74, 1581.14, -4198.7, 41.3964, 0, 0, 0, 0, 0, 0, 0, 0, 0, 100, 0, 0),
(190532, 75, 1589.27, -4219.05, 44.1306, 0, 0, 0, 0, 0, 0, 0, 0, 0, 100, 0, 0),
(190532, 76, 1603.29, -4237.15, 45.2332, 0, 0, 0, 0, 0, 0, 0, 0, 0, 100, 0, 0),
(190532, 77, 1623.92, -4262.35, 47.1224, 0, 0, 0, 0, 0, 0, 0, 0, 0, 100, 0, 0),
(190532, 78, 1637.98, -4271.1, 48.0471, 0, 0, 0, 0, 0, 0, 0, 0, 0, 100, 0, 0),
(190532, 79, 1651.2, -4264.8, 50.2665, 0, 0, 0, 0, 0, 0, 0, 0, 0, 100, 0, 0),
(190532, 80, 1664.47, -4256.19, 51.5929, 0, 0, 0, 0, 0, 0, 0, 0, 0, 100, 0, 0),
(190532, 81, 1683.98, -4245.42, 51.3726, 0, 0, 0, 0, 0, 0, 0, 0, 0, 100, 0, 0),
(190532, 82, 1707.14, -4231.98, 49.2425, 0, 0, 0, 0, 0, 0, 0, 0, 0, 100, 0, 0),
(190532, 83, 1729, -4220.93, 45.6859, 0, 0, 0, 0, 0, 0, 0, 0, 0, 100, 0, 0),
(190532, 84, 1742.98, -4213.58, 43.9449, 0, 0, 0, 0, 0, 0, 0, 0, 0, 100, 0, 0),
(190532, 85, 1754.45, -4213.47, 42.4923, 0, 0, 0, 0, 0, 0, 0, 0, 0, 100, 0, 0),
(190532, 86, 1777.11, -4221.35, 39.6674, 0, 0, 0, 0, 0, 0, 0, 0, 0, 100, 0, 0),
(190532, 87, 1784.91, -4228.93, 39.8616, 0, 0, 0, 0, 0, 0, 0, 0, 0, 100, 0, 0),
(190532, 88, 1780.17, -4240.32, 39.6535, 0, 0, 0, 0, 0, 0, 0, 0, 0, 100, 0, 0),
(190532, 89, 1769.24, -4248.43, 36.0152, 0, 0, 0, 0, 0, 0, 0, 0, 0, 100, 0, 0),
(190532, 90, 1750.93, -4255.88, 28.2688, 0, 0, 0, 0, 0, 0, 0, 0, 0, 100, 0, 0),
(190532, 91, 1742.48, -4263.41, 23.8393, 0, 0, 0, 0, 0, 0, 0, 0, 0, 100, 0, 0),
(190532, 92, 1735.93, -4277.6, 17.9325, 0, 0, 0, 0, 0, 0, 0, 0, 0, 100, 0, 0),
(190532, 93, 1740.24, -4292.31, 15.1055, 0, 0, 0, 0, 0, 0, 0, 0, 0, 100, 0, 0),
(190532, 94, 1745.15, -4297.08, 13.9415, 0, 0, 0, 0, 0, 0, 0, 0, 0, 100, 0, 0),
(190532, 95, 1761.65, -4304.24, 7.2299, 0, 0, 0, 0, 0, 0, 0, 0, 0, 100, 0, 0),
(190532, 96, 1766.7, -4298.89, 7.56642, 0, 0, 0, 0, 0, 0, 0, 0, 0, 100, 0, 0),
(190532, 97, 1776.15, -4294, 6.73376, 0, 0, 0, 0, 0, 0, 0, 0, 0, 100, 0, 0),
(190532, 98, 1782.7, -4294.67, 5.5883, 0, 0, 0, 0, 0, 0, 0, 0, 0, 100, 0, 0),
(190532, 99, 1799.58, -4327.29, -11.1642, 0, 0, 0, 0, 0, 0, 0, 0, 0, 100, 0, 0),
(190532, 100, 1817.85, -4365.1, -9.09306, 0, 0, 0, 0, 0, 0, 0, 0, 0, 100, 0, 0),
(190532, 101, 1840.08, -4400.54, 4.1577, 0, 0, 0, 0, 0, 0, 0, 0, 0, 100, 0, 0),
(190532, 102, 1843.81, -4407.75, 4.68483, 0, 0, 0, 0, 0, 0, 0, 0, 0, 100, 0, 0),
(190532, 103, 1856.3, -4416.08, 6.07582, 0, 0, 0, 0, 0, 0, 0, 0, 0, 100, 0, 0),
(190532, 104, 1876.37, -4416.82, 9.24696, 0, 0, 0, 0, 0, 0, 0, 0, 0, 100, 0, 0),
(190532, 105, 1885.5, -4418.79, 11.3314, 0, 0, 0, 0, 0, 0, 0, 0, 0, 100, 0, 0),
(190532, 106, 1894.04, -4426.05, 13.9888, 0, 0, 0, 0, 0, 0, 0, 0, 0, 100, 0, 0),
(190532, 107, 1896.97, -4437.62, 16.2806, 0, 0, 0, 0, 0, 0, 0, 0, 0, 100, 0, 0),
(190532, 108, 1894.99, -4448.4, 18.1421, 0, 0, 0, 0, 0, 0, 0, 0, 0, 100, 0, 0),
(190532, 109, 1891.65, -4462.73, 19.5832, 0, 0, 0, 0, 0, 0, 0, 0, 0, 100, 0, 0),
(190532, 110, 1893.16, -4474.82, 20.6826, 0, 0, 0, 0, 0, 0, 0, 0, 0, 100, 0, 0),
(190532, 111, 1900.89, -4482.65, 21.1357, 0, 0, 0, 0, 0, 0, 0, 0, 0, 100, 0, 0),
(190532, 112, 1907.86, -4490.92, 22.9967, 0, 0, 0, 0, 0, 0, 0, 0, 0, 100, 0, 0),
(190532, 113, 1906.73, -4505.23, 24.9591, 0, 0, 0, 0, 0, 0, 0, 0, 0, 100, 0, 0),
(190532, 114, 1899.83, -4517.27, 27.3582, 0, 0, 0, 0, 0, 0, 0, 0, 0, 100, 0, 0),
(190532, 115, 1893.45, -4526.07, 28.581, 0, 0, 0, 0, 0, 0, 0, 0, 0, 100, 0, 0),
(190532, 116, 1893, -4531.73, 28.0416, 0, 0, 0, 0, 0, 0, 0, 0, 0, 100, 0, 0),
(190532, 117, 1904.4, -4549.83, 28.7954, 0, 0, 0, 0, 0, 0, 0, 0, 0, 100, 0, 0),
(190532, 118, 1909.95, -4559.76, 34.1195, 0, 0, 0, 0, 0, 0, 0, 0, 0, 100, 0, 0),
(190532, 119, 1925.42, -4584.78, 34.1211, 0, 0, 0, 0, 0, 0, 0, 0, 0, 100, 0, 0),
(190532, 120, 1894.59, -4605.89, 34.1211, 0, 0, 0, 0, 0, 0, 0, 0, 0, 100, 0, 0),
(190532, 121, 1907.75, -4627.89, 34.119, 0, 0, 0, 0, 0, 0, 0, 0, 0, 100, 0, 0),
(190532, 122, 1909.86, -4631.36, 32.9827, 0, 0, 0, 0, 0, 0, 0, 0, 0, 100, 0, 0),
(190532, 123, 1937.36, -4669.2, 26.5256, 0, 0, 0, 0, 0, 0, 0, 0, 0, 100, 0, 0),
(190532, 124, 1945.38, -4681.89, 25.2457, 0, 0, 0, 0, 0, 0, 0, 0, 0, 100, 0, 0),
(190532, 125, 1948.98, -4697.22, 28.9954, 0, 0, 0, 0, 0, 0, 0, 0, 0, 100, 0, 0),
(190532, 126, 1951.09, -4714.8, 36.9093, 0, 0, 0, 0, 0, 0, 0, 0, 0, 100, 0, 0),
(190548, 1, -1391.53, -85.9722, 158.985, 0, 0, 0, 0, 0, 0, 0, 0, 0, 100, 0, 0),
(190548, 2, -1392.84, -70.6216, 158.953, 0, 0, 0, 0, 0, 0, 0, 0, 0, 100, 0, 0),
(190548, 3, -1397.17, -63.2994, 158.48, 0, 0, 0, 0, 0, 0, 0, 0, 0, 100, 0, 0),
(190548, 4, -1385.78, -48.623, 160.41, 0, 0, 0, 0, 0, 0, 0, 0, 0, 100, 0, 0),
(190548, 5, -1355.33, -12.8232, 142.476, 0, 0, 0, 0, 0, 0, 0, 0, 0, 100, 0, 0),
(190548, 6, -1329.13, 16.6672, 138.367, 0, 0, 0, 0, 0, 0, 0, 0, 0, 100, 0, 0),
(190548, 7, -1322.95, 27.8675, 138.336, 0, 0, 0, 0, 0, 0, 0, 0, 0, 100, 0, 0),
(190548, 8, -1317.07, 29.013, 137.436, 0, 0, 0, 0, 0, 0, 0, 0, 0, 100, 0, 0),
(190548, 9, -1309.84, 26.0727, 137.436, 0, 0, 0, 0, 0, 0, 0, 0, 0, 100, 0, 0),
(190548, 10, -1295.25, 33.1151, 129.209, 0, 0, 0, 0, 0, 0, 0, 0, 0, 100, 0, 0),
(190548, 11, -1292.36, 39.2755, 129.209, 0, 0, 0, 0, 0, 0, 0, 0, 0, 100, 0, 0),
(190548, 12, -1279.27, 46.8591, 128.935, 0, 0, 0, 0, 0, 0, 0, 0, 0, 100, 0, 0),
(190548, 13, -1267.41, 56.4666, 127.176, 0, 0, 0, 0, 0, 0, 0, 0, 0, 100, 0, 0),
(190548, 14, -1264.5, 73.6123, 127.693, 0, 0, 0, 0, 0, 0, 0, 0, 0, 100, 0, 0),
(190548, 15, -1284.97, 98.3124, 130.204, 0, 0, 0, 0, 0, 0, 0, 0, 0, 100, 0, 0),
(190548, 16, -1286.55, 107.812, 130.943, 0, 0, 0, 0, 0, 0, 0, 0, 0, 100, 0, 0),
(190548, 17, -1277.37, 119.394, 131.171, 0, 0, 0, 0, 0, 0, 0, 0, 0, 100, 0, 0),
(190548, 18, -1243.35, 133.647, 132.448, 0, 0, 0, 0, 0, 0, 0, 0, 0, 100, 0, 0),
(190548, 19, -1224.07, 134.804, 133.206, 0, 0, 0, 0, 0, 0, 0, 0, 0, 100, 0, 0),
(190548, 20, -1212.96, 128.896, 134.073, 0, 0, 0, 0, 0, 0, 0, 0, 0, 100, 0, 0),
(190548, 21, -1206.33, 117.248, 134.406, 0, 0, 0, 0, 0, 0, 0, 0, 0, 100, 0, 0),
(190548, 22, -1185.65, 119.227, 135.216, 0, 0, 0, 0, 0, 0, 0, 0, 0, 100, 0, 0),
(190548, 23, -1144.61, 116.924, 135.302, 0, 0, 0, 0, 0, 0, 0, 0, 0, 100, 0, 0),
(190548, 24, -1119.91, 119.143, 140.139, 0, 0, 0, 0, 0, 0, 0, 0, 0, 100, 0, 0),
(190548, 25, -1097.18, 112.477, 141.61, 0, 0, 0, 0, 0, 0, 0, 0, 0, 100, 0, 0),
(190548, 26, -1092.25, 101.523, 141.349, 0, 0, 0, 0, 0, 0, 0, 0, 0, 100, 0, 0),
(190548, 27, -1095.62, 77.6066, 140.762, 0, 0, 0, 0, 0, 0, 0, 0, 0, 100, 0, 0),
(190548, 28, -1080.86, 54.2081, 139.809, 0, 0, 0, 0, 0, 0, 0, 0, 0, 100, 0, 0),
(190548, 29, -1070.34, 43.3666, 140.655, 0, 0, 0, 0, 0, 0, 0, 0, 0, 100, 0, 0),
(190548, 30, -1064.75, 33.6603, 141.13, 0, 0, 0, 0, 0, 0, 0, 0, 0, 100, 0, 0),
(190548, 31, -1062.9, 20.0719, 140.94, 0, 0, 0, 0, 0, 0, 0, 0, 0, 100, 0, 0),
(190548, 32, -1066.26, -6.02389, 140.792, 0, 0, 0, 0, 0, 0, 0, 0, 0, 100, 0, 0),
(190548, 33, -1074.74, -15.8266, 140.093, 1000, 0, 0, 0, 0, 0, 0, 0, 0, 100, 0, 0),
(190548, 34, -1066.26, -6.02389, 140.792, 0, 0, 0, 0, 0, 0, 0, 0, 0, 100, 0, 0),
(190548, 35, -1062.9, 20.0719, 140.94, 0, 0, 0, 0, 0, 0, 0, 0, 0, 100, 0, 0),
(190548, 36, -1064.75, 33.6603, 141.13, 0, 0, 0, 0, 0, 0, 0, 0, 0, 100, 0, 0),
(190548, 37, -1070.34, 43.3666, 140.655, 0, 0, 0, 0, 0, 0, 0, 0, 0, 100, 0, 0),
(190548, 38, -1080.86, 54.2081, 139.809, 0, 0, 0, 0, 0, 0, 0, 0, 0, 100, 0, 0),
(190548, 39, -1095.62, 77.6066, 140.762, 0, 0, 0, 0, 0, 0, 0, 0, 0, 100, 0, 0),
(190548, 40, -1092.25, 101.523, 141.349, 0, 0, 0, 0, 0, 0, 0, 0, 0, 100, 0, 0),
(190548, 41, -1097.18, 112.477, 141.61, 0, 0, 0, 0, 0, 0, 0, 0, 0, 100, 0, 0),
(190548, 42, -1119.91, 119.143, 140.139, 0, 0, 0, 0, 0, 0, 0, 0, 0, 100, 0, 0),
(190548, 43, -1144.61, 116.924, 135.302, 0, 0, 0, 0, 0, 0, 0, 0, 0, 100, 0, 0),
(190548, 44, -1185.65, 119.227, 135.216, 0, 0, 0, 0, 0, 0, 0, 0, 0, 100, 0, 0),
(190548, 45, -1206.33, 117.248, 134.406, 0, 0, 0, 0, 0, 0, 0, 0, 0, 100, 0, 0),
(190548, 46, -1212.96, 128.896, 134.073, 0, 0, 0, 0, 0, 0, 0, 0, 0, 100, 0, 0),
(190548, 47, -1224.07, 134.804, 133.206, 0, 0, 0, 0, 0, 0, 0, 0, 0, 100, 0, 0),
(190548, 48, -1243.35, 133.647, 132.448, 0, 0, 0, 0, 0, 0, 0, 0, 0, 100, 0, 0),
(190548, 49, -1277.37, 119.394, 131.171, 0, 0, 0, 0, 0, 0, 0, 0, 0, 100, 0, 0),
(190548, 50, -1286.55, 107.812, 130.943, 0, 0, 0, 0, 0, 0, 0, 0, 0, 100, 0, 0),
(190548, 51, -1284.97, 98.3124, 130.204, 0, 0, 0, 0, 0, 0, 0, 0, 0, 100, 0, 0),
(190548, 52, -1264.5, 73.6123, 127.693, 0, 0, 0, 0, 0, 0, 0, 0, 0, 100, 0, 0),
(190548, 53, -1267.41, 56.4666, 127.176, 0, 0, 0, 0, 0, 0, 0, 0, 0, 100, 0, 0),
(190548, 54, -1279.27, 46.8591, 128.935, 0, 0, 0, 0, 0, 0, 0, 0, 0, 100, 0, 0),
(190548, 55, -1292.36, 39.2755, 129.209, 0, 0, 0, 0, 0, 0, 0, 0, 0, 100, 0, 0),
(190548, 56, -1295.25, 33.1151, 129.209, 0, 0, 0, 0, 0, 0, 0, 0, 0, 100, 0, 0),
(190548, 57, -1309.84, 26.0727, 137.436, 0, 0, 0, 0, 0, 0, 0, 0, 0, 100, 0, 0),
(190548, 58, -1317.07, 29.013, 137.436, 0, 0, 0, 0, 0, 0, 0, 0, 0, 100, 0, 0),
(190548, 59, -1322.95, 27.8675, 138.336, 0, 0, 0, 0, 0, 0, 0, 0, 0, 100, 0, 0),
(190548, 60, -1329.13, 16.6672, 138.367, 0, 0, 0, 0, 0, 0, 0, 0, 0, 100, 0, 0),
(190548, 61, -1355.33, -12.8232, 142.476, 0, 0, 0, 0, 0, 0, 0, 0, 0, 100, 0, 0),
(190548, 62, -1385.78, -48.623, 160.41, 0, 0, 0, 0, 0, 0, 0, 0, 0, 100, 0, 0),
(190548, 63, -1397.17, -63.2994, 158.48, 0, 0, 0, 0, 0, 0, 0, 0, 0, 100, 0, 0),
(190548, 64, -1392.84, -70.6216, 158.953, 0, 0, 0, 0, 0, 0, 0, 0, 0, 100, 0, 0),
(190548, 65, -1391.53, -85.9722, 158.985, 0, 0, 0, 0, 0, 0, 0, 0, 0, 100, 0, 0),
(190556, 1, 1633.54, 180.941, -62.1792, 0, 0, 0, 0, 0, 0, 0, 0, 0, 100, 0, 0),
(190556, 2, 1643.4, 187.231, -62.1807, 0, 0, 0, 0, 0, 0, 0, 0, 0, 100, 0, 0),
(190556, 3, 1659.3, 207.71, -62.1788, 0, 0, 0, 0, 0, 0, 0, 0, 0, 100, 0, 0),
(190556, 4, 1665.55, 226.576, -62.1788, 0, 0, 0, 0, 0, 0, 0, 0, 0, 100, 0, 0),
(190556, 5, 1666.6, 249.188, -62.1788, 0, 0, 0, 0, 0, 0, 0, 0, 0, 100, 0, 0),
(190556, 6, 1660.32, 271.069, -62.1788, 0, 0, 0, 0, 0, 0, 0, 0, 0, 100, 0, 0),
(190556, 7, 1647.42, 288.737, -62.1818, 0, 0, 0, 0, 0, 0, 0, 0, 0, 100, 0, 0),
(190556, 8, 1624.67, 307.036, -62.1787, 0, 0, 0, 0, 0, 0, 0, 0, 0, 100, 0, 0),
(190556, 9, 1581.49, 310.531, -62.1787, 0, 0, 0, 0, 0, 0, 0, 0, 0, 100, 0, 0),
(190556, 10, 1546.92, 291.715, -62.1805, 0, 0, 0, 0, 0, 0, 0, 0, 0, 100, 0, 0),
(190556, 11, 1529.93, 269.005, -62.1789, 0, 0, 0, 0, 0, 0, 0, 0, 0, 100, 0, 0),
(190556, 12, 1526.49, 213.221, -62.1789, 0, 0, 0, 0, 0, 0, 0, 0, 0, 100, 0, 0),
(190556, 13, 1537.43, 194.846, -62.1789, 0, 0, 0, 0, 0, 0, 0, 0, 0, 100, 0, 0),
(190556, 14, 1564.85, 173.251, -62.1786, 0, 0, 0, 0, 0, 0, 0, 0, 0, 100, 0, 0),
(190556, 15, 1614.72, 169.978, -62.1786, 0, 0, 0, 0, 0, 0, 0, 0, 0, 100, 0, 0);

INSERT INTO game_event_creature VALUES
(190581, 20),
(190580, 20),
(190557, 20),
(190556, 20),
(190549, 20),
(190548, 20),
(190533, 20),
(190532, 20),
(190493, 20),
(190492, 20),
(190485, 20),
(190484, 20),
(190477, 20),
(190476, 20),
(190469, 20),
(190468, 20),
(190461, 20),
(190460, 20),
(190453, 20),
(190452, 20),
(190445, 20),
(190444, 20),
(190437, 20),
(190436, 20),
(190429, 20),
(190428, 20),
(190421, 20),
(190420, 20),
(190413, 20),
(190412, 20),
(190405, 20),
(190404, 20),
(190108, 20),
(190109, 20),
(190140, 20),
(190141, 20),
(190524, 20),
(190517, 20),
(190516, 20),
(190501, 20),
(190500, 20),
(190004, 20),
(190005, 20),
(190012, 20),
(190013, 20),
(190020, 20),
(190021, 20),
(190028, 20),
(190029, 20),
(190036, 20),
(190037, 20),
(190268, 20),
(190269, 20),
(190124, 20),
(190125, 20),
(190148, 20),
(190149, 20),
(190156, 20),
(190157, 20),
(190164, 20),
(190165, 20),
(190172, 20),
(190173, 20),
(190180, 20),
(190181, 20),
(190116, 20),
(190117, 20),
(190132, 20),
(190133, 20),
(190525, 20);


-- GAMEOBJECTS
DELETE FROM gameobject WHERE id IN (180396, 180398);
INSERT INTO `gameobject` VALUES 
(190268, 180396, 1, -1383.59, -85.434, 159.566, 3.17021, 0, 0, 0, 0, 180, 180, 255, 1),
(190272, 180396, 1, -1379.01, -58.6698, 158.927, 3.71842, 0, 0, 0, 0, 180, 180, 255, 1),
(190276, 180396, 1, -1273.51, 134.157, 132.078, -2.35619, 0, 0, 0, 0, 180, 180, 255, 1),
(190280, 180396, 1, -1249.68, 52.4457, 127.18, 1.90241, 0, 0, 0, 0, 180, 180, 255, 1),
(190284, 180396, 1, -1091.78, -20.9857, 140.129, 0.241459, 0, 0, 0, 0, 180, 180, 255, 1),
(190288, 180396, 0, 1262.51, 353.944, -63.7039, 5.5162, 0, 0, 0, 0, 180, 180, 255, 1),
(190292, 180396, 0, 1524.65, 242.972, -41.3899, -1.55334, 0, 0, 0, 0, 180, 180, 255, 1),
(190296, 180396, 0, 1592.72, 168.947, -41.4244, 0, 0, 0, 0, 0, 180, 180, 255, 1),
(190300, 180396, 0, 1598.8, 311.823, -41.4244, 3.17493, 0, 0, 0, 0, 180, 180, 255, 1),
(190304, 180396, 1, 1657.46, -4385.4, 23.5797, -1.01229, 0, 0, 0, 0, 180, 180, 255, 1),
(190308, 180396, 1, 1663.59, -4343.19, 61.2462, 0.750492, 0, 0, 0, 0, 180, 180, 255, 1),
(190312, 180396, 1, 1934.82, -4711.71, 37.4563, 0.517133, 0, 0, 0, 0, 180, 180, 255, 1),
(190316, 180396, 1, 1746.33, -3967.47, 49.2634, 2.0013, 0, 0, 0, 0, 180, 180, 255, 1),
(190320, 180396, 1, -1051.74, 234.324, 134.494, 0.7054, 0, 0, 0, 0, 180, 180, 255, 1),
(190154, 180398, 1, 9920.16, 2349.58, 1330.78, 4.7303, 0, 0, 0, 0, 180, 180, 255, 1),
(190088, 180398, 0, -8411.49, 577.444, 91.9777, -0.9599, 0, 0, 0, 0, 180, 180, 255, 1),
(190082, 180398, 0, -5035.03, -1263.47, 505.4, 0.698132, 0, 0, 0, 0, 180, 180, 255, 1),
(190076, 180398, 1, 9963.93, 2490.04, 1316.05, 0, 0, 0, 0, 0, 180, 180, 255, 1),
(190028, 180398, 0, -5035.49, -921.804, 501.659, -0.122173, 0, 0, 0, 0, 180, 180, 255, 1),
(190022, 180398, 0, -4919.31, -844.615, 501.861, -2.40855, 0, 0, 0, 0, 180, 180, 255, 1),
(190070, 180398, 0, -8386.73, 288.405, 120.886, -2.47837, 0, 0, 0, 0, 180, 180, 255, 1),
(190064, 180398, 0, -4675.27, -985.681, 501.859, 1.16136, 0, 0, 0, 0, 180, 180, 255, 1),
(190058, 180398, 0, -4832.88, -1171.66, 502.195, 1.509, 0, 0, 0, 0, 180, 180, 255, 1),
(190016, 180398, 0, -8846.94, 593.738, 93.4625, 2.42601, 0, 0, 0, 0, 180, 180, 255, 1),
(190052, 180398, 1, 9720.18, 2545.46, 1335.68, -0.977383, 0, 0, 0, 0, 180, 180, 255, 1),
(190046, 180398, 1, 9985.22, 2348.01, 1330.79, 3.136, 0, 0, 0, 0, 180, 180, 255, 1),
(190040, 180398, 1, 9965.64, 2179.93, 1328.07, -2.54818, 0, 0, 0, 0, 180, 180, 255, 1),
(190010, 180398, 0, -8870.4, 544.658, 106.284, -1.22173, 0, 0, 0, 0, 180, 180, 255, 1),
(190004, 180398, 0, -8842.86, 654.543, 97.2775, -2.47837, 0, 0, 0, 0, 180, 180, 255, 1),
(190152, 180397, 1, 9920.16, 2349.58, 1330.78, 4.7303, 0, 0, 0, 0, 180, 180, 255, 1),
(190086, 180397, 0, -8411.49, 577.444, 91.9777, -0.9599, 0, 0, 0, 0, 180, 180, 255, 1),
(190080, 180397, 0, -5035.03, -1263.47, 505.4, 0.698132, 0, 0, 0, 0, 180, 180, 255, 1),
(190074, 180397, 1, 9963.93, 2490.04, 1316.05, 0, 0, 0, 0, 0, 180, 180, 255, 1),
(190026, 180397, 0, -5035.49, -921.804, 501.659, -0.122173, 0, 0, 0, 0, 180, 180, 255, 1),
(190020, 180397, 0, -4919.31, -844.615, 501.661, -0.855212, 0, 0, 0, 0, 180, 180, 255, 1),
(190068, 180397, 0, -8386.73, 288.405, 120.886, -2.47837, 0, 0, 0, 0, 180, 180, 255, 1),
(190062, 180397, 0, -4675.27, -985.681, 501.859, 1.16136, 0, 0, 0, 0, 180, 180, 255, 1),
(190014, 180397, 0, -8846.94, 593.738, 93.4625, 2.42601, 0, 0, 0, 0, 180, 180, 255, 1),
(190056, 180397, 0, -4832.88, -1171.66, 502.195, 1.509, 0, 0, 0, 0, 180, 180, 255, 1),
(190050, 180397, 1, 9720.18, 2545.46, 1335.68, -0.977383, 0, 0, 0, 0, 180, 180, 255, 1),
(190044, 180397, 1, 9985.22, 2348.01, 1330.79, 0, 0, 0, 0, 0, 180, 180, 255, 1),
(190038, 180397, 1, 9965.32, 2179.72, 1328.07, -2.54818, 0, 0, 0, 0, 180, 180, 255, 1),
(190008, 180397, 0, -8870.4, 544.658, 106.284, -1.22173, 0, 0, 0, 0, 180, 180, 255, 1),
(190002, 180397, 0, -8842.76, 654.543, 97.2775, -2.47837, 0, 0, 0, 0, 180, 180, 255, 1);

INSERT INTO game_event_gameobject VALUES
(190320, 20),
(190316, 20),
(190312, 20),
(190308, 20),
(190304, 20),
(190300, 20),
(190296, 20),
(190292, 20),
(190288, 20),
(190284, 20),
(190280, 20),
(190276, 20),
(190272, 20),
(190268, 20),
(190154, 20),
(190004, 20),
(190010, 20),
(190040, 20),
(190046, 20),
(190052, 20),
(190016, 20),
(190058, 20),
(190064, 20),
(190070, 20),
(190022, 20),
(190028, 20),
(190076, 20),
(190082, 20),
(190088, 20);

UPDATE creature, creature_template SET creature.curhealth = creature_template.MinLevelHealth, creature.curmana = creature_template.MinLevelMana WHERE creature.id = creature_template.entry AND creature_template.RegenerateStats & 1;

