-- ======================================
-- DARKMOON FAIRE COMPLETE IMPLEMENTATION
-- ======================================

-- Defining event IDs
SET @M1 := 28;  -- Mulgore  Building Stage 1
SET @M2 := 37;  -- Mulgore  Building Stage 2
SET @M3 := 5;   -- Mulgore  Darkmoon Faire Open
SET @E1 := 23;  -- Elwynn   Building Stage 1
SET @E2 := 26;  -- Elwynn   Building Stage 2
SET @E3 := 4;   -- Elwynn   Darkmoon Faire Open

SET @PERIOD := 2 * 30 * 24 * 60;

-- Defining dates
DELETE FROM game_event WHERE entry IN (@M1,@M2,@M3,@E1,@E2,@E3);
INSERT INTO game_event(entry, start_time, end_time, occurence, length, holiday, description) VALUES
(@E1,'2018-03-02 00:00:01','2030-12-31 23:59:00',@PERIOD,'4320','0','Darkmoon Faire (Elwynn Forest) - March 2018 - Building Stage 1'),
(@E2,'2018-03-03 00:00:01','2030-12-31 23:59:00',@PERIOD,'2880','0','Darkmoon Faire (Elwynn Forest) - March 2018 - Building Stage 2'),
(@E3,'2018-03-05 00:00:01','2030-12-31 23:59:00',@PERIOD,'8640','374','Darkmoon Faire (Elwynn Forest) - March 2018 - Darkmoon Faire Open'),

(@M1,'2018-04-06 00:00:01','2030-12-31 23:59:00',@PERIOD,'4320','0','Darkmoon Faire (Mulgore) - April 2018 - Building Stage 1'),
(@M2,'2018-04-07 00:00:01','2030-12-31 23:59:00',@PERIOD,'2880','0','Darkmoon Faire (Mulgore) - April 2018 - Building Stage 2'),
(@M3,'2018-04-09 00:00:01','2030-12-31 23:59:00',@PERIOD,'8640','375','Darkmoon Faire (Mulgore) - April 2018 - Darkmoon Faire Open');

-- ====================================================================================
--
-- ====================================================================================

UPDATE gameobject_template SET data10=24730 WHERE entry=180452;
UPDATE gameobject_template SET data10=24831 WHERE entry=180515;
UPDATE gameobject_template SET data3=655360 WHERE entry IN (180452,180515);

DELETE FROM spell_script_target WHERE entry=24731;
INSERT INTO spell_script_target VALUES
(24731, 0, 180515, 1),
(24731, 0, 180452, 1),
(24731, 1, 15218, 2);

DELETE FROM spell_target_position WHERE id IN (24831,24730);
INSERT INTO spell_target_position (id, target_map, target_position_x, target_position_y, target_position_z, target_orientation) VALUES
(24831,0,-9569.600,-13.780899,69.745453,4.854334),
(24730,1,-1327.66,85.9815,134.169,3.429050);

UPDATE creature_template SET SpeedRun=0.8 WHERE Entry=14866; -- Flik's Frog
UPDATE creature_template SET SpeedRun=0.8 WHERE Entry=14860; -- Flik

-- Frog makes Flik speak
DELETE FROM dbscripts_on_creature_movement WHERE id IN (14302001,14302002, 1486001);
INSERT INTO dbscripts_on_creature_movement (id, delay, command, datalong, datalong2, buddy_entry, search_radius, data_flags, dataint, dataint2, dataint3, dataint4, x, y, z, o, comments) VALUES
(14302001,0,25,1,0,0,0,0,0,0,0,0,0,0,0,0,'Flik''s Frog run on'),
(14302002,0,0,0,0,14860,143011,16,2000005035,2000005218,0,0,0,0,0,0,'Flik talk');

-- Battleworn Hammer used by some carnies building
REPLACE INTO creature_equip_template (entry,equipentry1,equipentry2,equipentry3) VALUES
(50000,2361,0,0);

-- Kruban Darkblade <Darkmoon Faire Barker> - Mulgore Building Stage 2
UPDATE creature_template SET MovementType=2 WHERE entry=14843;

DELETE FROM creature_movement_template WHERE entry=14843;
INSERT INTO creature_movement_template (entry,point,position_x,position_y,position_z,orientation) VALUES
(14843, 1,1651.27, -4422.52, 16.14, 6.282950),
(14843, 2,1665.54, -4412.53, 17.60, 0.795575),
(14843, 3,1684.00, -4391.07, 22.67, 0.787724),
(14843, 4,1699.06, -4375.93, 25.29, 0.787724),
(14843, 5,1715.77, -4365.03, 27.70, 0.852127),
(14843, 6,1719.09, -4348.59, 27.15, 1.441175),
(14843, 7,1716.80, -4331.76, 23.33, 1.872359),
(14843, 8,1706.47, -4317.06, 16.30, 2.183377),
(14843, 9,1694.62, -4306.30, 10.01, 2.589428),
(14843, 10,1685.44, -4300.33, 6.114, 2.784992),
(14843, 11,1671.51, -4298.55, 2.532, 3.398389),
(14843, 12,1655.96, -4304.22, 0.995, 3.516198),
(14843, 13,1637.16, -4320.11, 0.825, 3.853920),
(14843, 14,1627.85, -4327.88, 1.914, 3.834285),
(14843, 15,1610.87, -4332.99, 1.813, 3.433732),
(14843, 16,1591.96, -4344.33, 0.995, 3.677205),
(14843, 17,1578.10, -4361.44, 1.349, 3.944242),
(14843, 18,1567.52, -4376.67, 2.124, 4.105248),
(14843, 19,1560.24, -4391.16, 4.642, 4.246618),
(14843, 20,1559.32, -4405.13, 7.166, 4.643245),
(14843, 21,1558.43, -4418.75, 8.334, 4.647172),
(14843, 22,1578.43, -4435.01, 6.111, 5.597505),
(14843, 23,1593.42, -4439.46, 6.090, 5.994130),
(14843, 24,1608.40, -4435.44, 7.850, 0.264650),
(14843, 25,1629.31, -4427.41, 13.73, 0.358897);

-- Melnan Darkstone <Darkmoon Faire Barker> - Elwynn Forest Open
UPDATE creature_template SET MovementType=2 WHERE entry=14842;

DELETE FROM creature_movement_template WHERE entry=14842;
INSERT INTO creature_movement_template (entry,point,position_x,position_y,position_z,orientation) VALUES
(14842, 1,-4982.68, -963.738, 501.6594, 0.802197),
(14842, 2,-4966.25, -948.009, 501.6594, 0.852462),
(14842, 3,-4947.42, -931.671, 501.6594, 0.694597),
(14842, 4,-4922.59, -910.984, 501.6594, 0.694597),
(14842, 5,-4900.64, -898.418, 501.6594, 0.539874),
(14842, 6,-4875.92, -890.530, 501.6594, 0.228856),
(14842, 7,-4855.47, -885.766, 501.6594, 0.228856),
(14842, 8,-4835.20, -884.038, 501.6594, 0.042716),
(14842, 9,-4820.52, -883.410, 501.6594, 0.042716),
(14842, 10,-4800.39, -884.070, 501.6627, 6.250504),
(14842, 11,-4784.24, -885.432, 501.6595, 6.172749),
(14842, 12,-4763.38, -889.904, 501.6595, 6.054939),
(14842, 13,-4748.81, -894.673, 501.6595, 5.859375),
(14842, 14,-4749.41, -905.275, 501.6595, 4.656145),
(14842, 15,-4753.94, -909.319, 501.6595, 3.870746),
(14842, 16,-4769.22, -906.058, 501.6628, 2.931409),
(14842, 17,-4775.83, -907.238, 501.6609, 3.242427),
(14842, 18,-4784.78, -907.646, 497.9544, 3.084562),
(14842, 19,-4804.25, -904.848, 497.9537, 2.966752),
(14842, 20,-4821.49, -901.804, 500.9998, 2.966752),
(14842, 21,-4844.94, -907.025, 501.6597, 3.361022),
(14842, 22,-4865.21, -911.545, 501.6597, 3.361022),
(14842, 23,-4875.69, -913.882, 501.6597, 3.361022),
(14842, 24,-4890.25, -921.527, 501.6233, 3.624916),
(14842, 25,-4913.38, -941.166, 501.5283, 3.846398),
(14842, 26,-4932.30, -957.266, 501.5527, 3.846398),
(14842, 27,-4945.19, -968.223, 501.5680, 3.846398),
(14842, 28,-4956.21, -977.597, 501.6087, 3.846398),
(14842, 29,-4966.41, -987.795, 501.6570, 4.001907),
(14842, 30,-4975.40, -998.238, 501.6570, 4.001907),
(14842, 31,-4981.95, -1012.55, 501.655, 4.31528),
(14842, 32,-4987.98, -1032.34, 501.654, 4.43780),
(14842, 33,-4991.24, -1043.91, 500.679, 4.43780),
(14842, 34,-4991.98, -1052.34, 497.937, 4.55639),
(14842, 35,-4993.67, -1063.06, 497.963, 4.55639),
(14842, 36,-4994.55, -1080.96, 497.972, 4.60587),
(14842, 37,-4995.38, -1088.74, 501.638, 4.60587),
(14842, 38,-4996.99, -1103.82, 501.659, 4.60587),
(14842, 39,-4997.76, -1111.00, 501.663, 4.60587),
(14842, 40,-5010.90, -1113.08, 501.668, 3.29897),
(14842, 41,-5014.93, -1102.52, 501.671, 1.93552),
(14842, 42,-5015.86, -1081.45, 501.680, 1.60801),
(14842, 43,-5014.07, -1055.77, 501.724, 1.49177),
(14842, 44,-5011.75, -1042.10, 501.712, 1.37396),
(14842, 45,-5003.69, -1018.41, 501.656, 1.20824),
(14842, 46,-4998.19, -1003.91, 501.658, 1.20824),
(14842, 47,-4990.70, -984.164, 501.6595, 1.208244);

/*
-- Despawn NPCs too close to Darkmoon Faire locations
-- Mulgore
INSERT INTO game_event_creature (guid, event) VALUES
(26751, -@M1),(26751, -@M2),(26751, -@M3),
(26719, -@M1),(26719, -@M2),(26719, -@M3),
(25324, -@M1),(25324, -@M2),(25324, -@M3);
-- Elwynn Forest
INSERT INTO game_event_creature (guid, event) VALUES
(80700, -@E1),(80700, -@E2),(80700, -@E3);
*/

-- clear old events
DELETE FROM creature_addon WHERE guid IN (SELECT guid FROM game_event_creature WHERE event IN (@M1,@M2,@M3,@E1,@E2,@E3));
DELETE FROM npc_gossip WHERE npc_guid IN (SELECT guid FROM game_event_creature WHERE event IN (@M1,@M2,@M3,@E1,@E2,@E3));
DELETE FROM creature_linking WHERE guid IN (SELECT guid FROM game_event_creature WHERE event IN (@M1,@M2,@M3,@E1,@E2,@E3));
DELETE FROM creature_linking WHERE master_guid IN (SELECT guid FROM game_event_creature WHERE event IN (@M1,@M2,@M3,@E1,@E2,@E3));
DELETE FROM creature_movement WHERE id IN (SELECT guid FROM game_event_creature WHERE event IN (@M1,@M2,@M3,@E1,@E2,@E3));
DELETE FROM creature WHERE guid IN (SELECT guid FROM game_event_creature WHERE event IN (@M1,@M2,@M3,@E1,@E2,@E3));
DELETE FROM gameobject WHERE guid IN (SELECT guid FROM game_event_gameobject WHERE event IN (@M1,@M2,@M3,@E1,@E2,@E3));
DELETE FROM game_event_creature WHERE event IN (@M1,@M2,@M3,@E1,@E2,@E3);
DELETE FROM game_event_creature_data WHERE event IN (@M1,@M2,@M3,@E1,@E2,@E3);
DELETE FROM game_event_gameobject WHERE event IN (@M1,@M2,@M3,@E1,@E2,@E3);
DELETE FROM game_event_mail WHERE event IN (@M1,@M2,@M3,@E1,@E2,@E3);
DELETE FROM game_event_quest WHERE event IN (@M1,@M2,@M3,@E1,@E2,@E3);

-- ========================================================================================================================================
-- ====================================
-- (Mulgore) - Building Stage 1
-- ====================================

DELETE FROM gameobject WHERE guid BETWEEN 97800 AND 97849;
DELETE FROM game_event_gameobject WHERE guid BETWEEN 97800 AND 97849;

INSERT INTO gameobject (guid,id,map,position_x,position_y,position_z,orientation,rotation0,rotation1,rotation2,rotation3,spawntimesecsmin, spawntimesecsmax, animprogress,state) VALUES
(97800,179964,1,-1460.82,170.258,-7.44726,3.12414,0,0,0,0,180,180,100,1),
(97801,179964,1,-1589.55,100.614,-10.1393,1.58825,0,0,0,0,180,180,100,1),
(97802,179965,1,-1461.48,173.563,-7.7639,-0.034907,0,0,0,0,180,180,100,1),
(97803,179965,1,-1461.59,166.731,-7.69382,0.069813,0,0,0,0,180,180,100,1),
(97804,179965,1,-1586.23,101.732,-10.2062,-1.55334,0,0,0,0,180,180,100,1),
(97805,179965,1,-1593.32,101.737,-10.9544,-1.50098,0,0,0,0,180,180,100,1),
(97806,180005,1,-1579.82,175.47,-5.13308,-2.30383,0,0,0,0,180,180,100,1),
(97807,180005,1,-1454.6,195.243,-5.36443,1.25664,0,0,0,0,180,180,100,1),
(97808,180005,1,-1627.53,100.414,-15.5663,-1.91986,0,0,0,0,180,180,100,1),
(97809,180005,1,-1481.96,214.691,-5.53562,0.820305,0,0,0,0,180,180,100,1),
(97810,180026,1,-1461.98,170.177,-7.74639,-0.122173,0,0,0,0,180,180,100,1),
(97811,180026,1,-1589.68,101.771,-10.5788,-1.64061,0,0,0,0,180,180,100,1);

INSERT INTO game_event_gameobject (guid, event) (SELECT guid, @M1 AS event FROM gameobject WHERE guid BETWEEN 97800 AND 97849);

-- ====================================
-- (Mulgore) - Building Stage 2
-- ====================================

DELETE FROM creature WHERE guid BETWEEN 141200 AND 141249;
DELETE FROM creature_addon WHERE guid BETWEEN 141200 AND 141249;
DELETE FROM creature_movement WHERE id BETWEEN 141200 AND 141249;
DELETE FROM game_event_creature WHERE guid BETWEEN 141200 AND 141249;
DELETE FROM npc_gossip WHERE npc_guid BETWEEN 141200 AND 141249;

INSERT INTO creature (guid, id, map,  modelid, equipment_id, position_x, position_y, position_z, orientation, spawntimesecsmin, spawntimesecsmax,  spawndist, currentwaypoint, curhealth, curmana, DeathState, MovementType) values
(141200,14849,1,0,50000,-1578.06,145.525,-7.52019,4.32124,25,25,0,0,699,0,0,0),
(141201,14849,1,0,50000,-1565.79,125.548,-7.52251,4.21521,25,25,0,0,699,0,0,0),
(141202,14849,1,0,50000,-1559.52,184.066,-7.79375,1.28567,25,25,0,0,699,0,0,0),
(141203,14849,1,0,50000,-1636.98,116.534,-17.9478,2.73081,25,25,0,0,699,0,0,0),
(141204,14849,1,0,50000,-1627.04,129.642,-17.9481,0.154699,25,25,0,0,699,0,0,0),
(141205,14849,1,0,0,-1585.37,169.368,-7.49393,0.958173,25,25,0,0,699,0,0,2),
(141206,14849,1,0,0,-1565.23,153.977,-7.79269,1.30532,25,25,0,0,699,0,0,2),
(141207,14849,1,0,0,-1630.28,92.6741,-17.947,1.25819,25,25,0,0,699,0,0,2),
(141208,14843,1,0,0,1651.27,-4422.53,15.9153,6.28295,370,370,0,0,955,0,0,2);

INSERT INTO creature_addon (guid, mount, bytes1, b2_0_sheath, b2_1_flags, emote, moveflags, auras) values
(141205,0,0,1,16,0,0,NULL),
(141206,0,0,1,16,0,0,NULL),
(141207,0,0,1,16,0,0,NULL);

-- Darkmoon Carnie have different text during building
INSERT INTO npc_gossip (npc_guid, textid) VALUES
(141200,7354),
(141201,7354),
(141202,7354),
(141203,7354),
(141204,7354),
(141205,7354),
(141206,7354),
(141207,7354),
(141208,7354);

INSERT INTO creature_movement (id,point,position_x,position_y,position_z,orientation,waittime,script_id) VALUES
(141205,1,-1591.34,151.961,-7.32129,100,10000,1069),
(141205,2,-1585.29,169.181,-7.49794,100,10000,1069),
(141206,1,-1581.38,158.168,-7.73509,100,0,0),
(141206,2,-1575.78,169.419,-7.74962,100,0,0),
(141206,3,-1576.88,171.875,-7.79209,100,15000,1069),
(141206,4,-1568.92,154.897,-7.7927,100,0,0),
(141206,5,-1565.73,153.501,-7.7927,100,0,0),
(141206,6,-1565.35,153.819,-7.7927,100,4000,1069),
(141207,1,-1637.1,95.379,-17.9481,100,0,0),
(141207,2,-1630.17,118.351,-17.9481,100,0,0),
(141207,3,-1631.26,121.866,-17.9481,100,7000,1069),
(141207,4,-1630.3,119.056,-17.9481,100,0,0),
(141207,5,-1637.39,90.2841,-17.9272,100,0,0),
(141207,6,-1632.65,84.7337,-17.9474,100,0,0),
(141207,7,-1630.36,92.6238,-17.9474,100,7000,1069);

INSERT INTO game_event_creature (guid, event) (SELECT guid, @M2 AS event FROM creature WHERE guid BETWEEN 141200 AND 141249);

DELETE FROM gameobject WHERE guid BETWEEN 115400 AND 115499;
DELETE FROM game_event_gameobject WHERE guid BETWEEN 115400 AND 115499;

INSERT INTO gameobject (guid,id,map,position_x,position_y,position_z,orientation,rotation0,rotation1,rotation2,rotation3,spawntimesecsmin, spawntimesecsmax, animprogress,state) VALUES
(115400,179964,1,-1460.82,170.258,-7.44726,3.12414,0,0,0,0,180,180,100,1),
(115401,179964,1,-1589.55,100.614,-10.1393,1.58825,0,0,0,0,180,180,100,1),
(115402,179965,1,-1461.48,173.563,-7.7639,-0.034907,0,0,0,0,180,180,100,1),
(115403,179965,1,-1461.59,166.731,-7.69382,0.069813,0,0,0,0,180,180,100,1),
(115404,179965,1,-1586.23,101.732,-10.2062,-1.55334,0,0,0,0,180,180,100,1),
(115405,179965,1,-1593.32,101.737,-10.9544,-1.50098,0,0,0,0,180,180,100,1),
(115406,180036,1,-1579.82,175.47,-5.13308,-2.30383,0,0,0,0,180,180,100,1),
(115407,180005,1,-1454.6,195.243,-5.36443,1.25664,0,0,0,0,180,180,100,1),
(115408,180036,1,-1627.53,100.414,-15.5663,-1.91986,0,0,0,0,180,180,100,1),
(115409,180005,1,-1481.96,214.691,-5.53562,0.820305,0,0,0,0,180,180,100,1),
(115410,180026,1,-1461.98,170.177,-7.74639,-0.122173,0,0,0,0,180,180,100,1),
(115411,180026,1,-1589.68,101.771,-10.5788,-1.64061,0,0,0,0,180,180,100,1),
(115412,179969,1,-1590.74,150.435,-7.3277,0.655383,0,0,0.321858,0.946788,25,25,100,1),
(115413,179969,1,-1591.83,149.544,-7.31005,0.635751,0,0,0.312549,0.949902,25,25,100,1),
(115414,179970,1,-1590.49,148.315,-7.30827,6.09034,0,0,0.0962709,-0.995355,25,25,100,1),
(115415,179967,1,-1593.85,150.927,-7.3085,1.05594,0,0,0.503782,0.863831,25,25,100,1),
(115416,179967,1,-1592.78,148.332,-7.30796,0.782623,0,0,0.381401,0.92441,25,25,100,1),
(115417,179967,1,-1569.86,127.079,-7.82473,5.37563,0,0,0.438363,-0.898798,25,25,100,1),
(115418,179967,1,-1590.11,171.596,-6.90717,6.15867,0,0,0.0622156,-0.998063,25,25,100,1),
(115419,179967,1,-1634.05,123.321,-17.9215,3.01708,0,0,0.998063,0.0622141,25,25,100,1),
(115420,179967,1,-1642.96,99.0165,-17.5566,2.24661,0,0,0.901536,0.432705,25,25,100,1),
(115421,179967,1,-1642.69,96.7594,-17.4918,4.84235,0,0,0.659698,-0.751531,25,25,100,1),
(115422,179968,1,-1613.52,89.0788,-17.9117,5.61361,0,0,0.328567,-0.944481,25,25,100,1),
(115423,179967,1,-1614.74,86.6102,-17.9361,0.528946,0,0,0.2614,0.96523,25,25,100,1),
(115424,179968,1,-1613.48,88.9076,-17.2062,2.51993,0,0,0.95208,0.30585,25,25,100,1),
(115425,179968,1,-1612.87,88.3706,-17.8979,2.4571,0,0,0.942003,0.335605,25,25,100,1),
(115426,179968,1,-1640.51,90.0514,-17.6227,3.39408,0,0,0.992042,-0.125906,25,25,100,1),
(115427,179968,1,-1638.53,90.2222,-17.8387,3.26763,0,0,0.998015,-0.0629764,25,25,100,1),
(115428,179968,1,-1639.54,90.1112,-17.7474,3.3069,0,0,0.996586,-0.082559,25,25,100,1),
(115429,179969,1,-1592.41,151.281,-7.31319,3.6784,0,0,0.964196,-0.265191,25,25,100,1),
(115430,179969,1,-1592.41,151.281,-6.67762,3.62342,0,0,0.971121,-0.238589,25,25,100,1),
(115431,179969,1,-1566.55,155.781,-7.79281,6.00162,0,0,0.140318,-0.990106,25,25,100,1),
(115432,179969,1,-1565.02,156.471,-7.79281,0.459063,0,0,0.227521,0.973773,25,25,100,1),
(115433,179970,1,-1565.52,155.269,-7.79273,0.689184,0,0,0.337813,0.941213,25,25,100,1),
(115434,179970,1,-1566.56,155.941,-7.15779,3.21817,0,0,0.999267,-0.038279,25,25,100,1),
(115435,179972,1,-1555.26,136.663,-7.79146,0.528189,0,0,0.261035,0.965329,25,25,100,1),
(115436,179972,1,-1630.63,123.811,-17.9441,3.15849,0,0,0.999964,-0.00844783,25,25,100,1),
(115437,179972,1,-1632.32,121.032,-17.9482,1.83117,0,0,0.792918,0.609329,25,25,100,1),
(115438,179972,1,-1590,168.769,-7.02254,1.93327,0,0,0.822977,0.568074,25,25,100,1),
(115439,179972,1,-1482.63,206.226,-7.79267,2.17753,0,0,0.886055,0.46358,25,25,100,1),
(115440,179972,1,-1482.51,206.24,-6.54959,1.63639,0,0,0.729913,0.68354,25,25,100,1),
(115441,179973,1,-1481.25,204.714,-7.7923,1.73928,0,0,0.764095,0.645103,25,25,100,1),
(115442,179973,1,-1593.65,152.619,-7.30737,0.428449,0,0,0.21259,0.977142,25,25,100,1),
(115443,179973,1,-1632.58,123.106,-17.9253,2.63384,0,0,0.967946,0.251157,25,25,100,1),
(115444,179976,1,-1555.35,136.717,-6.54833,2.16182,0,0,0.882386,0.470526,25,25,100,1),
(115445,179977,1,-1593.65,152.64,-5.64859,3.37918,0,0,0.992952,-0.118516,25,25,100,1),
(115446,179977,1,-1481.33,204.717,-6.13357,1.53664,0,0,0.694927,0.71908,25,25,100,1),
(115447,179977,1,-1630.72,123.882,-16.701,3.21818,0,0,0.999267,-0.0382832,25,25,100,1),
(115448,180006,1,-1471.1,217.466,-7.79268,4.74577,0,0,0.695208,-0.718809,25,25,100,1),
(115449,180007,1,-1578.73,144.069,-7.38856,4.19757,0,0,0.863821,-0.503798,25,25,100,1),
(115450,180007,1,-1566.64,124.238,-7.44587,4.97511,0,0,0.608394,-0.793635,25,25,100,1),
(115451,180007,1,-1625.77,129.516,-17.9483,4.45518,0,0,0.791955,-0.610579,25,25,100,1),
(115452,180007,1,-1638.3,117.279,-17.8045,2.09113,0,0,0.865209,0.501411,25,25,100,1),
(115453,180007,1,-1558.74,185.378,-7.52156,1.82803,0,0,0.791961,0.610572,25,25,100,1),
(115454,180043,1,-1566.17,157.502,-7.79204,3.90148,0,0,0.928685,-0.370869,25,25,100,1),
(115455,180043,1,-1572.7,126.669,-8.14895,5.09922,0,0,0.558007,-0.829836,25,25,100,1),
(115456,180043,1,-1482.02,169.622,-7.79093,1.87517,0,0,0.806131,0.591737,25,25,100,1),
(115457,180043,1,-1618.4,79.9257,-17.9482,3.54993,0,0,0.97923,-0.202752,25,25,100,1),
(115458,179967,1,-1553.5,137.95,-7.77916,5.77182,0,0,0.252904,-0.967492,25,25,100,1),
(115459,180045,1,-1463.66,216.358,-7.79223,2.80382,0,0,0.985773,0.168084,25,25,100,1),
(115460,180052,1,-1563.35,155.368,-7.79222,4.33614,0,0,0.826872,-0.562391,25,25,100,1),
(115461,180046,1,-1465.06,214.548,-7.79189,4.73983,0,0,0.697338,-0.716743,25,25,100,1),
(115462,180046,1,-1462.83,213.695,-7.79336,3.9191,0,0,0.925383,-0.379034,25,25,100,1),
(115463,180047,1,-1458.52,206.01,-7.79265,3.26015,0,0,0.998243,-0.0592455,25,25,100,1),
(115464,180043,1,-1449.47,186.547,-7.58116,0.749227,0,0,0.365913,0.930649,25,25,100,1),
(115465,178666,1,-1456.46,208.57,-7.79267,2.07184,0,0,0.860333,0.509733,25,25,100,1),
(115466,179969,1,-1464.02,208.822,-7.79263,1.02414,0,0,0.489983,0.871732,25,25,100,1),
(115467,180047,1,-1465.84,208.645,-7.79263,0.230889,0,0,0.115188,0.993344,25,25,100,1),
(115468,180047,1,-1463.43,207.367,-7.79263,1.95641,0,0,0.829496,0.558513,25,25,100,1),
(115469,180048,1,-1464.24,208.892,-7.1576,0.75475,0,0,0.368481,0.929635,25,25,100,1),
(115470,180050,1,-1463.82,208.658,-7.1575,2.55724,0,0,0.957619,0.288037,25,25,100,1),
(115471,180051,1,-1464.15,209.084,-7.1575,0.339275,0,0,0.168825,0.985646,25,25,100,1);

INSERT INTO game_event_gameobject (guid, event) (SELECT guid, @M2 AS event FROM gameobject WHERE guid BETWEEN 115400 AND 115499);

-- =======================================
-- (Mulgore) - Darkmoon Faire Open
-- =======================================

DELETE FROM gameobject WHERE guid BETWEEN 97000 AND 97099;
DELETE FROM game_event_gameobject WHERE guid BETWEEN 97000 AND 97099;

INSERT INTO gameobject (guid,id,map,position_x,position_y,position_z,orientation,rotation0,rotation1,rotation2,rotation3,spawntimesecsmin, spawntimesecsmax, animprogress,state) values
(97000,180452,1,-1324.73,87.0376,129.707,-2.77507,0,0,0,0,120,120,255,1), -- Blastenheimer 5000 Ultra Cannon
(97001,180035,1,-1456.61,177.402,-6.19623,0.764972,0,0,0,0,25,25,0,1),
(97002,179965,1,-1470.87,166.517,-7.7646,5.11136,0,0,0,0,25,25,0,1),
(97003,180035,1,-1483.8,166.663,-6.28385,6.23606,0,0,0,0,25,25,0,1),
(97004,180035,1,-1505.91,164.385,-6.29185,0.141367,0,0,0,0,25,25,0,1),
(97005,180035,1,-1514.45,185.094,-6.27244,0.860011,0,0,0,0,25,25,0,1),
(97006,180035,1,-1529.86,179.384,-5.95531,6.11275,0,0,0,0,25,25,0,1),
(97007,180035,1,-1445.64,190.087,-6.20897,0.98646,0,0,0,0,25,25,0,1),
(97008,180035,1,-1439.6,206.198,-6.21134,1.52681,0,0,0,0,25,25,0,1),
(97009,180035,1,-1455.81,227.128,-6.29216,6.00437,0,0,0,0,25,25,0,1),
(97010,180035,1,-1476.92,230.467,-6.15357,0.118592,0,0,0,0,25,25,0,1),
(97011,180035,1,-1490.88,219.115,-6.23147,1.13254,0,0,0,0,25,25,0,1),
(97012,180035,1,-1502.22,201.857,-6.22113,1.02102,0,0,0,0,25,25,0,1),
(97013,180035,1,-1521.48,158.244,-6.28302,4.2757,0,0,0,0,25,25,0,1),
(97014,180035,1,-1547.34,183.217,-6.16809,6.11275,0,0,0,0,25,25,0,1),
(97015,180035,1,-1563.01,182.812,-6.29273,0.136655,0,0,0,0,25,25,0,1),
(97016,180035,1,-1533.99,140.882,-5.33157,3.84138,0,0,0,0,25,25,0,1),
(97017,180035,1,-1548,129.626,-5.32227,3.8076,0,0,0,0,25,25,0,1),
(97018,180035,1,-1562.56,123.908,-5.3431,3.18321,0,0,0,0,25,25,0,1),
(97019,180035,1,-1596.78,160.577,-5.49165,1.15296,0,0,0,0,25,25,0,1),
(97020,180035,1,-1619.61,127.234,-16.1669,3.12509,0,0,0,0,25,25,0,1),
(97021,180035,1,-1642.17,116.595,-16.0274,4.14062,0,0,0,0,25,25,0,1),
(97022,180035,1,-1642.19,103.421,-16.3481,5.4216,0,0,0,0,25,25,0,1),
(97023,180035,1,-1636.1,90.5422,-16.4327,4.93622,0,0,0,0,25,25,0,1),
(97024,180035,1,-1628,81.6304,-16.4481,6.05934,0,0,0,0,25,25,0,1),
(97025,180035,1,-1616.57,86.7473,-16.4482,4.0715,0,0,0,0,25,25,0,1),
(97026,180035,1,-1615.81,99.5197,-16.4134,5.1098,0,0,0,0,25,25,0,1),
(97027,180005,1,-1449,199.5,-5.15,0.978,0,0,0,0,25,25,0,1),
(97028,180005,1,-1497.6,195.708,-5.15,0.890645,0,0,0,0,25,25,0,1),
(97029,180005,1,-1474.23,223.182,-5.15,3.083088,0,0,0,0,25,25,0,1),
(97030,180005,1,-1481.15,173.64,-5.15,0,0,0,0,0,25,25,0,1),
(97031,180042,1,-1547.09,140.815,-7.83972,2.90675,0,0,0,0,25,25,0,1),
(97032,180044,1,-1557.38,156.089,-8.79277,3.39528,0,0,0,0,25,25,0,1),
(97033,180031,1,-1588.22,164.951,-6.02765,2.73475,0,0,0,0,25,25,0,1),
(97034,180032,1,-1573.09,175.07,-6.09269,2.6837,0,0,0,0,25,25,0,1),
(97035,178666,1,-1480.03,194.661,-7.79279,5.31714,0,0,0,0,25,25,0,1),
(97036,178666,1,-1475.32,204.501,-7.79271,3.15416,0,0,0,0,25,25,0,1),
(97037,178666,1,-1468.19,196.812,-7.79269,1.21893,0,0,0,0,25,25,0,1),
(97038,112192,1,-1474.17,201.193,-7.7928,-1.76278,0,0,0,0,120,120,0,1),
(97039,1798,1,-1474.71,198.401,-7.79237,1.77578,0,0,0,0,25,25,0,1),
(97040,112192,1,-1477.01,197.78,-7.7928,0.436332,0,0,0,0,120,120,0,1),
(97041,112192,1,-1475.91,201.198,-7.7928,-1.32645,0,0,0,0,120,120,0,1),
(97042,179965,1,-1437.63,216.881,-7.57591,0.505787,0,0,0,0,25,25,0,1),
(97043,112192,1,-1472.15,197.684,-7.7928,2.72271,0,0,0,0,120,120,0,1),
(97044,180047,1,-1472.44,196.713,-7.7928,2.72271,0,0,0,0,120,120,0,1),
(97045,180047,1,-1476.58,196.844,-7.7928,0.663225,0,0,0,0,120,120,0,1),
(97046,180047,1,-1475.06,201.665,-7.7928,-1.71042,0,0,0,0,120,120,0,1),
(97047,180006,1,-1538.15,177.527,-7.64813,4.35817,0,0,0,0,25,25,0,1),
(97048,180043,1,-1540.47,177.528,-7.63263,1.30219,0,0,0,0,25,25,0,1),
(97049,180006,1,-1542.46,178.946,-7.51071,4.49404,0,0,0,0,25,25,0,1),
(97050,179965,1,-1564.16,176.039,-7.82386,4.86554,0,0,0,0,25,25,0,1),
(97051,180043,1,-1565.88,172.3,-7.79275,1.5865,0,0,0,0,25,25,0,1),
(97052,180043,1,-1579.05,168.725,-7.70059,2.20539,0,0,0,0,25,25,0,1),
(97053,179965,1,-1581.13,171.421,-7.79277,5.58417,0,0,0,0,25,25,0,1),
(97054,179965,1,-1590.91,157.523,-7.23096,6.17322,0,0,0,0,25,25,0,1),
(97055,180043,1,-1587.77,155.739,-7.60978,3.46046,0,0,0,0,25,25,0,1),
(97056,180043,1,-1584.81,147.97,-7.38451,3.93955,0,0,0,0,25,25,0,1),
(97057,179965,1,-1585.18,145.282,-7.1297,0.516005,0,0,0,0,25,25,0,1),
(97058,180030,1,-1590.79,148.81,-6.80771,3.10389,0,0,0,0,25,25,0,1),
(97059,179965,1,-1584.21,131.393,-7.53359,4.51053,0,0,0,0,25,25,0,1),
(97060,180029,1,-1574.47,124.949,-8.43615,0.746905,0,0,0,0,25,25,0,1),
(97061,180034,1,-1561.3,129.129,-7.08975,3.16986,0,0,0,0,25,25,0,1),
(97062,180043,1,-1567.65,131.666,-7.83269,5.32343,0,0,0,0,25,25,0,1),
(97063,180043,1,-1558.24,135.247,-7.79273,5.32343,0,0,0,0,25,25,0,1),
(97064,179965,1,-1555.49,132.563,-7.59478,1.8449,0,0,0,0,25,25,0,1),
(97065,180043,1,-1541.77,148.237,-7.67637,5.4593,0,0,0,0,25,25,0,1),
(97066,179965,1,-1536.28,144.662,-7.11979,2.21953,0,0,0,0,25,25,0,1),
(97067,179965,1,-1583.59,102.213,-9.99208,4.96056,0,0,0,0,25,25,0,1),
(97068,179965,1,-1598.12,101.245,-12.0423,4.96056,0,0,0,0,25,25,0,1),
(97069,179965,1,-1617.7,87.493,-17.9482,5.73261,0,0,0,0,25,25,0,1),
(97070,179965,1,-1627.69,82.7048,-17.9481,4.43278,0,0,0,0,25,25,0,1),
(97071,180038,1,-1623.42,84.8813,-17.947,4.89774,0,0,0,0,25,25,0,1),
(97072,179975,1,-1619.14,89.1289,-17.9481,2.48185,0,0,0,0,25,25,0,1),
(97073,180038,1,-1617.06,93.0088,-17.9481,5.12708,0,0,0,0,25,25,0,1),
(97074,180043,1,-1618.3,94.8422,-17.9482,0.0785394,0,0,0,0,25,25,0,1),
(97075,180038,1,-1630.41,85.0338,-17.9481,3.94741,0,0,0,0,25,25,0,1),
(97076,180040,1,-1632.41,94.4014,-17.948,4.9323,0,0,0,0,25,25,0,1),
(97077,180040,1,-1619.58,97.453,-17.948,1.69881,0,0,0,0,25,25,0,1),
(97078,180041,1,-1621.44,102.896,-17.9482,0.467307,0,0,0,0,25,25,0,1),
(97079,180040,1,-1614.83,109.451,-17.8154,5.62188,0,0,0,0,25,25,0,1),
(97080,180038,1,-1624.66,124.262,-17.9465,3.13923,0,0,0,0,25,25,0,1),
(97081,179965,1,-1627.24,126.606,-17.9482,5.21111,0,0,0,0,25,25,0,1),
(97082,180043,1,-1629.4,124.053,-17.948,1.83783,0,0,0,0,25,25,0,1),
(97083,180039,1,-1634.12,125.847,-17.6058,2.85177,0,0,0,0,25,25,0,1),
(97084,180038,1,-1637.94,116.713,-17.8953,3.82645,0,0,0,0,25,25,0,1),
(97085,179975,1,-1641.23,111.788,-17.8136,5.59753,0,0,0,0,25,25,0,1),
(97086,179965,1,-1641.61,105.337,-17.9416,3.75498,0,0,0,0,25,25,0,1),
(97087,180038,1,-1635.84,100.167,-17.9482,3.89321,0,0,0,0,25,25,0,1),
(97088,180043,1,-1633.68,97.8591,-17.948,3.52643,0,0,0,0,25,25,0,1),
(97089,180037,1,-1621.62,86.7465,-17.9479,4.98806,0,0,0,0,25,25,0,1),
(97090,180037,1,-1634.83,119.682,-17.9482,3.42826,0,0,0,0,25,25,0,1),
(97091,179965,1,-1637.04,121.988,-17.8089,5.25117,0,0,0,0,25,25,0,1),
(97092,180043,1,-1608.3,125.113,-15.986,0.980177,0,0,0,0,25,25,0,1),
(97093,179965,1,-1487.31,228.588,-6.69648,2.40645,0,0,0,0,25,25,0,1),
(97094,180335,1,-1563.93,157.087,-7.79281,0.0523589,0,0,0,0,120,120,0,1);

INSERT INTO game_event_gameobject (guid, event) (SELECT guid, @M3 AS event FROM gameobject WHERE guid BETWEEN 97000 AND 97099);

DELETE FROM creature WHERE guid BETWEEN 143000 AND 143049;
DELETE FROM creature_addon WHERE guid BETWEEN 143000 AND 143049;
DELETE FROM creature_movement WHERE id BETWEEN 143000 AND 143049;
DELETE FROM creature_linking WHERE guid BETWEEN 143000 AND 143049;
DELETE FROM game_event_creature WHERE guid BETWEEN 143000 AND 143049;
DELETE FROM npc_gossip WHERE npc_guid BETWEEN 143000 AND 143049;

INSERT INTO creature (guid,id,map,modelid,equipment_id,position_x,position_y,position_z,orientation,spawntimesecsmin, spawntimesecsmax, spawndist,currentwaypoint,curhealth,curmana,DeathState,MovementType) VALUES
(143000,15218,1,0,0,-1324.94,87.0497,129.79,4.85202,120,120,0,0,1,0,0,0),
(143001,14871,1,0,0,-1480.84,202.663,-7.79275,3.65053,420,420,0,0,2000,0,0,0),
(143002,14833,1,0,0,-1476.88,189.597,-7.79268,5.29986,420,420,0,0,2614,0,0,0),
(143003,14841,1,0,0,-1546,142.29,-7.61386,2.21796,420,420,0,0,2700,0,0,0),
(143004,14846,1,0,0,-1571.24,173.425,-7.79278,4.71239,420,420,0,0,13000,0,0,0),
(143005,14847,1,0,0,-1574.76,172.528,-7.79278,4.92287,420,420,0,0,4700,0,0,0),
(143006,14845,1,0,0,-1582.19,164.709,-7.51069,5.55747,420,420,0,0,3200,0,0,0),
(143007,14822,1,0,0,-1586.51,151.345,-7.58987,0.409974,420,420,0,0,3500,2117,0,0),
(143008,14827,1,0,0,-1573.47,144.071,-7.7749,4.75166,420,420,0,0,3052,0,0,0),
(143009,14823,1,0,0,-1574.88,139.981,-7.72747,4.71553,420,420,0,0,2800,2486,0,0),
(143010,14828,1,0,0,-1562.96,134.822,-7.7937,1.79306,420,420,0,0,2100,0,0,0),
(143011,14860,1,0,0,-1603.46,123.486,-15.1975,5.11372,420,420,0,0,1900,0,0,0),
(143012,14829,1,0,0,-1627.78,122.782,-17.9482,5.12001,420,420,0,0,2900,0,0,0),
(143013,14864,1,0,0,-1636.94,109.289,-17.9481,2.55254,420,420,0,0,3700,0,0,0),
(143014,14832,1,0,0,-1636.52,104.877,-17.9482,0.423327,420,420,0,0,2614,0,0,0),
(143015,14868,1,0,0,-1632.29,94.1967,-17.9482,0.27488,420,420,0,0,334,0,0,0),
(143016,14869,1,0,0,-1625.64,90.1627,-17.9482,5.17185,420,420,0,0,160,0,0,0),
(143017,14864,1,0,0,-1622.3,92.5854,-17.9481,5.49621,420,420,0,0,3700,0,0,0),
(143018,14869,1,0,0,-1624.15,98.8592,-17.9482,1.51189,420,420,0,0,160,0,0,0),
(143019,14865,1,0,0,-1621.57,103.5,-17.9482,2.04595,420,420,0,0,594,0,0,0),
(143020,14866,1,0,0,-1606.1,124.909,-15.568,5.44594,420,420,0,0,190,0,0,2),
(143021,14844,1,0,0,-1584.52,161.555,-7.51473,5.658,420,420,0,0,2900,0,0,0),
(143022,14867,1,0,0,-1488.14,166.09,-7.76768,1.19181,450,450,0,0,200,0,0,0),
-- (143023,14843,1,0,0,1651.27,-4422.53,15.9153,6.28295,370,370,0,0,4000,0,0,2),
(143024,14849,1,0,0,-1442.082520,205.144760,-7.458842,0,370,370,0,0,4000,0,0,2),
(143025,14849,1,0,0,-1639.087891,113.682129,-17.863281,0,370,370,0,0,4000,0,0,2),
(143026,10445,1,0,0,-1553.41,156.233,-7.79163,0.224512,25,25,0,0,955,0,0,0),
(143027,15303,1,0,0,-1325.8,93.5187,130.826,0.351067,25,25,0,0,1220,0,0,0);

INSERT INTO creature_addon (guid,mount,bytes1,b2_0_sheath,b2_1_flags,emote,moveflags,auras) VALUES
(143024,0,0,1,16,0,0,NULL),
(143025,0,0,1,16,0,0,NULL);

INSERT INTO npc_gossip (npc_guid,textid) VALUES
(143027,8349); -- Maxima Blastenheimer - unique text for Mulgore

INSERT INTO creature_linking (guid,master_guid,flag) VALUES (143011,143020,512);

INSERT INTO creature_movement (id,point,position_x,position_y,position_z,orientation,waittime,script_id) VALUES
(143020,1,-1608.89,123.591,-16.3679,100,0,14302001),
(143020,2,-1629.47,120.242,-17.9473,100,0,0),
(143020,3,-1634.54,108.2,-17.9473,100,0,0),
(143020,4,-1630.3,96.1416,-17.9473,100,0,0),
(143020,5,-1629.11,87.2559,-17.9473,100,0,0),
(143020,6,-1626.68,83.0203,-17.9473,100,0,0),
(143020,7,-1620.84,80.8527,-17.9473,100,0,0),
(143020,8,-1598.75,88.4561,-12.7499,100,0,0),
(143020,9,-1570.15,134.644,-7.90298,100,0,0),
(143020,10,-1539.04,153.205,-7.77891,100,0,0),
(143020,11,-1521.88,146.841,-6.62744,100,0,0),
(143020,12,-1501.69,161.783,-7.76366,100,0,0),
(143020,13,-1470.82,163.679,-7.71247,100,0,14302002),
(143020,14,-1461.85,195.631,-7.7918,100,0,0),
(143020,15,-1461.97,208.739,-7.7918,100,0,0),
(143020,16,-1476.41,214.273,-7.7918,100,0,0),
(143020,17,-1486.19,207.767,-7.7918,100,0,0),
(143020,18,-1487.23,190.722,-7.7918,100,0,0),
(143020,19,-1504.08,177.727,-7.7918,100,0,0),
(143020,20,-1529.54,172.905,-7.79272,100,0,0),
(143020,21,-1551.66,177.165,-7.77069,100,0,0),
(143020,22,-1565.52,170.004,-7.7922,100,0,0),
(143020,23,-1581.76,149.099,-7.55482,100,0,0),
(143020,24,-1587.1,126.702,-8.98908,100,0,0),
(143024,1,-1442.08,205.145,-7.45884,100,2000,0),
(143024,2,-1450.59,210.609,-7.78292,100,0,0),
(143024,3,-1465.66,187.664,-7.79171,100,0,0),
(143024,4,-1479.36,181.792,-7.79171,100,0,0),
(143024,5,-1541.74,166.959,-7.79156,100,0,0),
(143024,6,-1565.51,170.925,-7.79156,100,0,0),
(143024,7,-1577.31,169.18,-7.73834,100,0,0),
(143024,8,-1585.93,176.571,-7.1742,100,0,0),
(143024,9,-1550.44,192.595,-5.91155,100,0,0),
(143024,10,-1496.74,210.19,-7.24184,100,0,0),
(143024,11,-1448.72,214.433,-7.7832,100,0,0),
(143025,1,-1639.09,113.682,-17.8633,100,0,0),
(143025,2,-1620.62,108.596,-17.9482,100,0,0),
(143025,3,-1613.57,112.66,-17.9418,100,0,0),
(143025,4,-1599.22,113.924,-14.1801,100,0,0),
(143025,5,-1588.78,114.468,-11.9318,100,0,0),
(143025,6,-1577.86,129.555,-8.23811,100,0,0),
(143025,7,-1577.64,143.286,-7.43554,100,0,0),
(143025,8,-1583.12,157.777,-7.70416,100,0,0),
(143025,9,-1577.93,164.75,-7.63895,100,0,0),
(143025,10,-1523.92,174.514,-7.74973,100,0,0),
(143025,11,-1507.97,166.369,-7.79179,100,0,0),
(143025,12,-1521.18,166.322,-7.79179,100,0,0),
(143025,13,-1533.35,143.32,-6.73208,100,0,0),
(143025,14,-1549.65,130.952,-6.68162,100,0,0),
(143025,15,-1561.04,125.083,-7.33662,100,0,0),
(143025,16,-1595.52,122.356,-12.9267,100,0,0),
(143025,17,-1626.49,114.197,-17.9481,100,0,0);

INSERT INTO game_event_creature (guid, event) (SELECT guid, @M3 AS event FROM creature WHERE guid BETWEEN 143000 AND 143049);

-- ========================================================================================================================================

-- ====================================
-- (Elwynn Forest) - Building Stage 1
-- ====================================

DELETE FROM gameobject WHERE guid BETWEEN 95500 AND 95524;
DELETE FROM game_event_gameobject WHERE guid BETWEEN 95500 AND 95524;

INSERT INTO gameobject (guid, id, map,  position_x, position_y, position_z, orientation, rotation0, rotation1, rotation2, rotation3, spawntimesecsmin, spawntimesecsmax,  animprogress, state) VALUES
(95500,180026,0,-9525.46,71.1421,58.898,2.96706,0,0,0,0,180,180,255,1),
(95501,180026,0,-9515.77,144.288,59.698,-0.575959,0,0,0,0,180,180,255,1),
(95502,179965,0,-9526.39,68.0978,59.0457,-0.087267,0,0,0,0,180,180,255,1),
(95503,179965,0,-9512.7,142.954,59.5737,1.22173,0,0,0,0,180,180,255,1),
(95504,180005,0,-9558.52,93.9666,61.2079,0.820305,0,0,0,0,180,180,255,1),
(95505,179965,0,-9518.37,145.359,59.7507,1.13446,0,0,0,0,180,180,255,1),
(95506,179965,0,-9525.58,74.3319,58.8819,-0.087267,0,0,0,0,180,180,255,1),
(95507,179964,0,-9526.08,71.0193,59.3331,-0.087267,0,0,0,0,180,180,255,1),
(95508,180005,0,-9562.67,37.0204,62.3963,-1.8326,0,0,0,0,180,180,255,1),
(95509,179964,0,-9515.21,144.939,60.2098,-2.04204,0,0,0,0,180,180,255,1),
(95510,180005,0,-9537.65,126.811,61.1037,-0.907571,0,0,0,0,180,180,255,1);

INSERT INTO game_event_gameobject (guid, event) (SELECT guid, @E1 AS event FROM gameobject WHERE guid BETWEEN 95500 AND 95524);

-- ====================================
-- (Elwynn Forest) - Building Stage 2
-- ====================================

DELETE FROM creature WHERE guid BETWEEN 141500 AND 141549;
DELETE FROM creature_addon WHERE guid BETWEEN 141500 AND 141549;
DELETE FROM creature_movement WHERE id BETWEEN 141500 AND 141549;
DELETE FROM game_event_creature WHERE guid BETWEEN 141500 AND 141549;
DELETE FROM npc_gossip WHERE npc_guid BETWEEN 141500 AND 141549;

INSERT INTO creature (guid, id, map,  modelid, equipment_id, position_x, position_y, position_z, orientation, spawntimesecsmin, spawntimesecsmax,  spawndist, currentwaypoint, curhealth, curmana, DeathState, MovementType) VALUES
(141500,14849,0,0,50000,-9528.68,92.4662,58.9648,6.0912,180,180,0,0,2400,0,0,0),
(141501,14849,0,0,50000,-9530.22,96.3252,58.9648,0.628319,180,180,0,0,2400,0,0,0),
(141502,14849,0,0,0,-9581.36,59.2771,61.5242,0.308834,180,180,0,0,2400,0,0,2),
(141503,14849,0,0,50000,-9551.95,134.237,58.9648,1.72788,180,180,0,0,2400,0,0,0),
(141504,14849,0,0,50000,-9547.84,73.6699,58.9674,4.64258,180,180,0,0,2400,0,0,0),
(141505,14849,0,0,0,-9537.16,70.2721,59.0065,5.03524,180,180,0,0,2400,0,0,2),
(141506,14849,0,0,0,-9544.49,128.48,58.967,3.00135,180,180,0,0,2400,0,0,0),
(141507,14849,0,0,50000,-9532.41,67.9315,58.9648,5.39307,180,180,0,0,2400,0,0,0),
(141508,14849,0,0,0,-9546.6,124.032,59.3384,4.87607,180,180,0,0,2400,0,0,2);

INSERT INTO creature_addon (guid, mount, bytes1, b2_0_sheath, b2_1_flags, emote, moveflags, auras) VALUES
(141502,0,0,1,16,0,0,NULL),
(141505,0,0,1,16,0,0,NULL),
(141506,0,0,1,16,69,0,NULL),
(141508,0,0,1,16,0,0,NULL);

-- Darkmoon Carnie have different text during building
INSERT INTO npc_gossip (npc_guid, textid) VALUES
(141500,7354),
(141501,7354),
(141502,7354),
(141503,7354),
(141504,7354),
(141505,7354),
(141506,7354),
(141507,7354),
(141508,7354);

INSERT INTO creature_movement (id,point,position_x,position_y,position_z,orientation,waittime,script_id) VALUES
(141502,1,-9583.38,56.4448,61.5721,3.374,5000,1069),
(141502,2,-9562.35,72.3336,59.0201,0.847377,5000,1069),
(141505,1,-9535.77,67.7538,58.8815,5.02884,5000,1069),
(141505,2,-9554.42,91.0177,58.8864,2.33335,5000,1069),
(141508,1,-9547.25,127.712,59.0109,0.935341,5000,1069),
(141508,2,-9543.97,100.555,59.1725,5.00606,0,0),
(141508,3,-9535.81,100.324,58.8825,0.074544,5000,1069),
(141508,4,-9548.19,125.771,59.0897,2.08359,0,0);

INSERT INTO game_event_creature (guid, event) (SELECT guid, @E2 AS event FROM creature WHERE guid BETWEEN 141500 AND 141549);

DELETE FROM gameobject WHERE guid BETWEEN 115800 AND 115863;
DELETE FROM game_event_gameobject WHERE guid BETWEEN 115800 AND 115863;

INSERT INTO gameobject (guid, id, map,  position_x, position_y, position_z, orientation, rotation0, rotation1, rotation2, rotation3, spawntimesecsmin, spawntimesecsmax,  animprogress, state) VALUES
(115800,179973,0,-9545.68,129.577,58.9418,0.767945,0,0,0,0,180,180,100,1),
(115801,179968,0,-9534.28,100.962,58.8815,-2.61799,0,0,0,0,180,180,100,1),
(115802,179977,0,-9553.6,73.6054,60.7574,-1.0821,0,0,0,0,180,180,100,1),
(115803,179968,0,-9533.42,100.851,59.5759,0.523599,0,0,0,0,180,180,100,1),
(115804,179969,0,-9535.14,64.5122,60.1245,1.41372,0,0,0,0,180,180,100,1),
(115805,179969,0,-9553.71,73.5554,60.1254,-0.20944,0,0,0,0,180,180,100,1),
(115806,180046,0,-9584.9,43.5214,60.0673,-0.087267,0,0,0,0,180,180,100,1),
(115807,179972,0,-9536.11,64.7925,58.8815,1.15192,0,0,0,0,180,180,100,1),
(115808,180049,0,-9579.24,38.2489,61.0309,-2.00713,0,0,0,0,180,180,100,1),
(115809,180045,0,-9580.55,34.8943,60.6254,-0.331612,0,0,0,0,180,180,100,1),
(115810,180007,0,-9531.6,66.9169,58.8815,-0.20944,0,0,0,0,180,180,100,1),
(115811,180048,0,-9556.21,112.962,59.397,-0.087267,0,0,0,0,180,180,100,1),
(115812,180052,0,-9583.73,38.0032,60.1551,0.139626,0,0,0,0,180,180,100,1),
(115813,179969,0,-9534.44,65.839,58.8815,-0.645772,0,0,0,0,180,180,100,1),
(115814,179976,0,-9532.27,98.8036,58.8815,-2.33874,0,0,0,0,180,180,100,1),
(115815,180043,0,-9583.03,39.3649,60.1749,-1.98968,0,0,0,0,180,180,100,1),
(115816,179977,0,-9529.46,98.6237,59.8937,1.46608,0,0,0,0,180,180,100,1),
(115817,179967,0,-9530.15,99.3,58.9005,-3.10669,0,0,0,0,180,180,100,1),
(115818,179972,0,-9561.86,74.0052,58.9062,3.03687,0,0,0,0,180,180,100,1),
(115819,180046,0,-9580.22,38.3075,60.4316,1.58825,0,0,0,0,180,180,100,1),
(115820,179969,0,-9561.14,73.6756,60.1415,1.44862,0,0,0,0,180,180,100,1),
(115821,180007,0,-9548.02,72.3468,58.9184,-1.91986,0,0,0,0,180,180,100,1),
(115822,180007,0,-9552.11,135.655,58.8815,2.47837,0,0,0,0,180,180,100,1),
(115823,179972,0,-9560.6,75.2109,58.8826,-1.20428,0,0,0,0,180,180,100,1),
(115824,179969,0,-9545.8,128.19,59.0148,0.296706,0,0,0,0,180,180,100,1),
(115825,180046,0,-9556.52,112.122,58.8921,-0.2618,0,0,0,0,180,180,100,1),
(115826,180043,0,-9582.59,60.599,61.6029,-2.98451,0,0,0,0,180,180,100,1),
(115827,179972,0,-9534.53,64.3109,58.8815,1.74533,0,0,0,0,180,180,100,1),
(115828,179967,0,-9559.8,76.8996,58.8817,-2.53073,0,0,0,0,180,180,100,1),
(115829,180007,0,-9529.04,97.136,58.8951,1.20428,0,0,0,0,180,180,100,1),
(115830,180006,0,-9572.58,28.1636,61.4756,1.76278,0,0,0,0,180,180,100,1),
(115831,179967,0,-9537.69,65.5724,58.8815,2.75762,0,0,0,0,180,180,100,1),
(115832,179968,0,-9546.95,129.768,58.9237,2.96706,0,0,0,0,180,180,100,1),
(115833,180007,0,-9527.19,92.1539,58.913,0.558505,0,0,0,0,180,180,100,1),
(115834,179970,0,-9558.64,74.9394,58.8828,0.349066,0,0,0,0,180,180,100,1),
(115835,180050,0,-9556.04,113.011,59.4166,-0.925024,0,0,0,0,180,180,100,1),
(115836,179977,0,-9534.43,65.8022,59.5134,1.76278,0,0,0,0,180,180,100,1),
(115837,180047,0,-9579.16,38.2434,60.5159,1.48353,0,0,0,0,180,180,100,1),
(115838,180046,0,-9584.63,41.6998,60.0233,0.506145,0,0,0,0,180,180,100,1),
(115839,179970,0,-9558.7,76.1096,58.8822,1.39626,0,0,0,0,180,180,100,1),
(115840,179967,0,-9530.4,98.406,58.8917,-1.79769,0,0,0,0,180,180,100,1),
(115841,179970,0,-9545.82,128.185,59.6476,0.820305,0,0,0,0,180,180,100,1),
(115842,180045,0,-9559.42,113.733,58.9944,-1.95477,0,0,0,0,180,180,100,1),
(115843,179970,0,-9535.61,66.1034,58.8815,1.90241,0,0,0,0,180,180,100,1),
(115844,179968,0,-9533.59,101.373,58.8815,0.523599,0,0,0,0,180,180,100,1),
(115845,179973,0,-9556.81,74.3175,58.8824,2.58309,0,0,0,0,180,180,100,1),
(115846,179972,0,-9553.88,73.4533,58.8824,0.122173,0,0,0,0,180,180,100,1),
(115847,180043,0,-9547.15,130.869,58.9007,-1.36136,0,0,0,0,180,180,100,1),
(115848,179967,0,-9529.48,98.628,58.9005,-1.91986,0,0,0,0,180,180,100,1),
(115849,180043,0,-9574.43,29.2368,61.3682,1.36136,0,0,0,0,180,180,100,1),
(115850,179972,0,-9560.35,73.5978,58.8919,0.314159,0,0,0,0,180,180,100,1),
(115851,179968,0,-9533.06,100.432,58.8815,-0.994838,0,0,0,0,180,180,100,1),
(115852,180047,0,-9556.16,113.024,58.8894,-0.523599,0,0,0,0,180,180,100,1),
(115853,180006,0,-9576.48,28.5868,61.2078,1.0821,0,0,0,0,180,180,100,1),
(115854,179967,0,-9536.88,66.2043,58.8815,-1.29154,0,0,0,0,180,180,100,1),
(115855,179968,0,-9556.75,73.0311,58.8824,1.0821,0,0,0,0,180,180,100,1),
(115856,179967,0,-9559.65,72.3264,58.8912,0.331613,0,0,0,0,180,180,100,1),
(115857,180051,0,-9579.01,38.1403,61.0277,1.0821,0,0,0,0,180,180,100,1),
(115858,180045,0,-9587.54,41.6423,59.8342,4.97855,0,0,0,0,180,180,255,1),
(115859,180005,0,-9589.35,56.4365,63.7146,4.7783,0,0,0,0,180,180,255,1),
(115860,180026,0,-9525.46,71.1421,58.898,2.96706,0,0,0,0,180,180,255,1),
(115861,179965,0,-9526.39,68.0978,59.0457,-0.087267,0,0,0,0,180,180,255,1),
(115862,179965,0,-9525.58,74.3319,58.8819,-0.087267,0,0,0,0,180,180,255,1),
(115863,179964,0,-9526.08,71.0193,59.3331,-0.087267,0,0,0,0,180,180,255,1);

INSERT INTO game_event_gameobject (guid, event) (SELECT guid, @E2 AS event FROM gameobject WHERE guid BETWEEN 115800 AND 115863);

-- =======================================
-- (Elwynn Forest) - Darkmoon Faire Open
-- =======================================

DELETE FROM creature WHERE guid BETWEEN 144000 AND 144028;
DELETE FROM creature_addon WHERE guid BETWEEN 144000 AND 144028;
DELETE FROM creature_movement WHERE id BETWEEN 144000 AND 144028;
DELETE FROM game_event_creature WHERE guid BETWEEN 144000 AND 144028;
DELETE FROM npc_gossip WHERE npc_guid BETWEEN 144000 AND 144028;

INSERT INTO creature (guid, id, map,  modelid, equipment_id, position_x, position_y, position_z, orientation, spawntimesecsmin, spawntimesecsmax,  spawndist, currentwaypoint, curhealth, curmana, DeathState, MovementType) VALUES
(144000,15303,0,0,0,-9570.41,-10.6037,63.4679,1.47533,180,180,0,0,1300,0,0,0),
(144001,14833,0,0,0,-9579.25,21.7913,60.7461,5.05203,25,25,0,0,2614,0,0,0),
(144002,14869,0,0,0,-9554.05,125.139,59.0065,1.47803,180,180,5,0,160,0,0,1),
(144003,14868,0,0,0,-9538.58,133.231,58.9648,4.03171,180,180,0,0,334,0,0,0),
(144004,14871,0,0,0,-9566.38,31.1655,61.4444,1.58992,180,180,0,0,2000,0,0,0),
(144005,14869,0,0,0,-9549.82,112.997,59.0065,3.32908,180,180,5,0,160,0,0,1),
(144006,14829,0,0,0,-9548.9,141.163,58.9648,4.83456,180,180,0,0,2900,0,0,0),
(144007,14846,0,0,0,-9557.49,105.464,58.9648,4.64258,180,180,0,0,13000,0,0,0),
(144008,14828,0,0,0,-9533.65,95.1698,58.9648,4.03171,180,180,0,0,2100,0,0,0),
(144009,10445,0,0,0,-9541.73,87.4378,59.3029,6.23082,180,180,0,0,980,0,0,0),
(144010,14823,0,0,0,-9554.4,81.7822,59.0065,1.08224,180,180,0,0,2800,2486,0,0),
(144011,14827,0,0,0,-9558.14,78.5432,59.0065,0.488762,180,180,0,0,3052,0,0,0),
(144012,14864,0,0,0,-9542.36,114.763,59.1315,3.3116,180,180,5,0,3700,0,0,1),
(144013,14849,0,0,0,-9571.82,90.374,59.0065,0.978225,180,180,0,0,2400,0,0,2),
(144014,14841,0,0,0,-9576.4,87.7237,58.9648,6.23082,180,180,0,0,2700,0,0,0),
(144015,14822,0,0,0,-9536.62,73.2432,58.9648,1.90241,180,180,0,0,3500,2117,0,0),
(144016,14847,0,0,0,-9560.98,103.642,58.9648,5.5676,180,180,0,0,4700,0,0,0),
(144017,14869,0,0,0,-9540.22,123.264,59.0065,5.01385,180,180,0,0,160,0,0,0),
(144018,14845,0,0,0,-9564.5,72.2799,59.1869,0.663225,180,180,0,0,3200,0,0,0),
(144019,14844,0,0,0,-9561.12,69.9691,59.2053,1.01229,180,180,0,0,2900,0,0,0),
(144020,14866,0,0,0,-1606.1,124.909,-15.568,4.62012,180,180,0,0,190,0,0,2),
(144021,14860,0,0,0,-9515.7,85.8905,59.3007,2.40195,180,180,0,0,1900,0,0,2),
(144022,14849,0,0,0,-9544.69,73.6216,59.0065,0.573501,180,180,0,0,2400,0,0,2),
(144023,14869,0,0,0,-9547.29,137.246,58.9143,5.09003,180,180,5,0,160,0,0,1),
(144024,14864,0,0,0,-9545.21,130.871,59.0065,4.36626,180,180,5,0,3700,0,0,1),
(144025,14865,0,0,0,-9555.53,115.845,58.9683,5.74213,180,180,0,0,594,0,0,0),
(144026,14832,0,0,0,-9558.18,130.175,58.9648,5.70723,180,180,0,0,2614,0,0,0),
(144027,15218,0,0,0,-9570.28,-9.95068,63.5196,6.12611,120,120,0,0,1,0,0,0),
(144028,14842,0,0,0,-4982.69,-963.739,501.659,0.802197,300,300,0,0,955,0,0,2);

INSERT INTO creature_addon (guid, mount, bytes1, b2_0_sheath, b2_1_flags, emote, moveflags, auras) VALUES
(144012,0,0,1,16,0,0,NULL),
(144013,0,0,1,16,0,0,NULL),
(144022,0,0,1,16,0,0,NULL);

INSERT INTO creature_movement (id,point,position_x,position_y,position_z,orientation,waittime,script_id) VALUES
(144013,1,-9568.37,94.7635,58.8818,0.840734,0,0),
(144013,2,-9562.15,96.2924,58.8818,0.268964,0,0),
(144013,3,-9537.65,111.959,58.8818,0.693079,0,0),
(144013,4,-9535.99,115.309,58.8835,1.11091,0,0),
(144013,5,-9535.28,122.744,58.8898,1.47534,0,0),
(144013,6,-9537.07,128.056,58.8828,1.89631,0,0),
(144013,7,-9542.66,133.517,58.8828,2.36755,0,0),
(144013,8,-9544.75,137.032,58.8814,2.1068,0,0),
(144013,9,-9546.06,139.241,58.8814,2.1068,0,0),
(144013,10,-9549.54,138.849,58.8814,3.25348,0,0),
(144013,11,-9554.77,129.716,58.8814,4.19281,0,0),
(144013,12,-9555.03,123.884,58.8814,4.66719,0,0),
(144013,13,-9550.51,115.043,58.9539,5.18556,0,0),
(144013,14,-9549.67,109.859,58.8883,4.8714,0,0),
(144013,15,-9546.15,104.478,59.3137,5.29237,0,0),
(144013,16,-9539.55,98.6125,58.9115,5.55627,0,0),
(144013,17,-9534.98,92.8661,58.8814,5.39919,0,0),
(144013,18,-9533.25,86.5632,58.8819,4.98136,0,0),
(144013,19,-9541.57,79.7807,59.0277,3.82525,0,0),
(144013,20,-9551.32,71.7871,58.9678,3.82839,0,0),
(144013,21,-9557.41,64.2527,59.579,4.03259,0,0),
(144013,22,-9557.06,57.6048,60.1644,4.76459,0,0),
(144013,23,-9557.95,56.5188,60.2268,4.02945,0,0),
(144013,24,-9558.63,56.3755,60.2485,3.34773,0,0),
(144013,25,-9568.33,59.0074,60.5507,2.87649,0,0),
(144013,26,-9569.16,61.3201,60.5815,1.91516,0,0),
(144013,27,-9569.01,63.1418,60.5537,1.49419,0,0),
(144013,28,-9568.09,64.3467,60.4392,0.916133,0,0),
(144013,29,-9567.15,64.4192,60.2897,0.077327,0,0),
(144013,30,-9566.05,61.7219,60.3073,5.10073,0,0),
(144013,31,-9565.25,59.7718,60.2872,5.10073,0,0),
(144013,32,-9562.34,59.8415,60.0831,0.02392,0,0),
(144013,33,-9555.69,67.6576,59.1427,0.865867,0,0),
(144013,34,-9555.03,71.2159,58.883,1.38737,0,0),
(144013,35,-9561.29,75.5082,58.8827,2.54034,0,0),
(144013,36,-9570.78,84.5008,58.8827,2.38326,0,0),
(144013,37,-9571.51,88.4027,58.8827,1.75494,0,0),
(144020,1,-9502.26,77.9182,57.5324,5.78642,0,0),
(144020,2,-9481.24,65.8697,56.1926,5.7982,0,0),
(144020,3,-9466.7,58.9703,56.238,5.84926,0,0),
(144020,4,-9458.44,70.577,56.4533,2.67232,0,0),
(144020,5,-9481.63,73.2394,56.5002,2.95506,0,0),
(144020,6,-9511.39,77.4238,59.1633,3.01397,0,0),
(144020,7,-9556,80.5177,58.8818,2.82154,0,0),
(144020,8,-9558.74,95.8773,58.8826,0.272925,0,0),
(144020,9,-9517.49,85.7543,59.4996,6.01811,0,0),
(144021,1,-9514.32,85.2523,59.6394,5.9906,0,0),
(144021,2,-9500.13,75.988,56.9262,5.64031,0,0),
(144021,3,-9468.6,58.2751,56.3321,5.55077,0,0),
(144021,4,-9457.12,64.6164,55.9461,0.543857,0,0),
(144021,5,-9456.38,70.3721,56.4487,1.45885,0,0),
(144021,6,-9497.12,75.3846,56.5196,2.96681,0,0),
(144021,7,-9536.15,78.6537,58.8815,3.28097,0,0),
(144021,8,-9553.78,79.3701,58.8835,2.73904,0,0),
(144021,9,-9558.93,91.4667,58.8817,0.775549,0,0),
(144021,10,-9546.51,100.68,59.1198,0.630251,0,0),
(144021,11,-9528.08,87.3365,58.8825,5.91991,0,0),
(144022,1,-9535.99,78.1004,58.8827,0.492796,0,0),
(144022,2,-9530.65,84.5288,58.8827,0.965606,0,0),
(144022,3,-9531.19,87.5176,58.8827,1.751,0,0),
(144022,4,-9534.39,91.7179,58.8827,2.22224,0,0),
(144022,5,-9542.27,96.0389,58.8827,2.64007,0,0),
(144022,6,-9564.69,92.028,58.8814,3.31866,0,0),
(144022,7,-9568,85.9882,58.8814,4.31769,0,0),
(144022,8,-9556.49,75.0706,58.8814,5.52406,0,0),
(144022,9,-9553.64,70.9077,58.9026,5.31357,0,0),
(144022,10,-9553.9,69.0705,59.0786,4.63185,0,0),
(144022,11,-9558.63,60.3557,59.9419,4.28706,0,0),
(144022,12,-9577.51,49.9441,60.6072,3.67994,0,0),
(144022,13,-9581.21,42.4045,60.1942,4.27528,0,0),
(144022,14,-9585.06,34.1475,60.218,4.27528,0,0),
(144022,15,-9587.34,24.0276,60.2723,4.48262,0,0),
(144022,16,-9583.84,14.8878,60.1716,5.26174,0,0),
(144022,17,-9578.05,14.1172,60.0146,6.15081,0,0),
(144022,18,-9572.96,14.5192,60.2421,0.066328,0,0),
(144022,19,-9563.53,23.6743,61.4851,0.784967,0,0),
(144022,20,-9559.99,27.2168,61.1732,0.784967,0,0),
(144022,21,-9561.25,35.0537,60.3648,1.73059,0,0),
(144022,22,-9569.05,41.2923,60.1213,2.34634,0,0),
(144022,23,-9571.55,47.0816,60.1392,1.97877,0,0),
(144022,24,-9571.38,49.876,60.2409,1.50753,0,0),
(144022,25,-9563.61,57.5736,60.2445,0.722136,0,0),
(144022,26,-9557.3,63.1259,59.715,0.722136,0,0),
(144022,27,-9552.17,66.3558,59.3609,0.561914,0,0),
(144022,28,-9547.41,70.9966,58.9802,0.772401,0,0);

INSERT INTO game_event_creature (guid, event) (SELECT guid, @E3 AS event FROM creature WHERE guid BETWEEN 144000 AND 144028);

DELETE FROM gameobject WHERE guid BETWEEN 98000 AND 98117;
DELETE FROM game_event_gameobject WHERE guid BETWEEN 98000 AND 98117;

INSERT INTO gameobject (guid, id, map,  position_x, position_y, position_z, orientation, rotation0, rotation1, rotation2, rotation3, spawntimesecsmin, spawntimesecsmax,  animprogress, state) VALUES
(98000,180036,0,-9603.53,52.1962,63.1735,2.55118,0,0,0,0,25,25,0,1),
(98001,180036,0,-9600.74,21.1644,63.1988,5.11239,0,0,0,0,25,25,0,1),
(98002,180035,0,-9607.52,8.11962,61.3373,2.02493,0,0,0,0,25,25,0,1),
(98003,180035,0,-9578.6,-6.51876,63.4664,0.069293,0,0,0,0,25,25,0,1),
(98004,179965,0,-9572.91,-21.8701,62.3359,5.06774,0,0,0,0,25,25,0,1),
(98005,179965,0,-9568.45,-15.9329,63.2724,1.88374,0,0,0,0,25,25,0,1),
(98006,179965,0,-9566.72,-6.08936,62.4968,0.400911,0,0,0,0,25,25,0,1),
(98007,179965,0,-9593.85,-2.78177,61.0596,3.13233,0,0,0,0,25,25,0,1),
(98008,180515,0,-9569.68,-13.0052,63.4714,-1.36136,0,0,0,0,25,25,0,1),
(98009,180524,0,-9578.63,-3.2352,62.2595,1.72431,0,0,0,0,25,25,0,1),
(98010,180524,0,-9605.2,31.1625,62.1422,0.311559,0,0,0,0,25,25,0,1),
(98011,180573,0,-9505.92,-372.526,57.6312,1.39221,0,0,0,0,25,25,0,1),
(98012,179965,0,-9569.41,97.0819,58.8815,-0.628319,0,0,0,0,180,180,100,1),
(98013,180046,0,-9572.6,33.3993,61.2556,-2.04204,0,0,0,0,180,180,100,1),
(98014,179975,0,-9560.94,127.774,58.9152,1.27409,0,0,0,0,180,180,100,1),
(98015,179968,0,-9558.87,131.45,58.8875,-1.91986,0,0,0,0,180,180,100,1),
(98016,180035,0,-9562.45,120.571,60.4093,-1.13446,0,0,0,0,180,180,100,1),
(98017,180032,0,-9560.39,106.003,60.5481,3.00197,0,0,0,0,180,180,100,1),
(98018,179967,0,-9570.38,73.6094,60.0989,2.26893,0,0,0,0,180,180,100,1),
(98019,179975,0,-9535.88,110.817,58.8815,1.36136,0,0,0,0,180,180,100,1),
(98020,180049,0,-9573.65,33.65,61.7434,-1.36136,0,0,0,0,180,180,100,1),
(98021,180043,0,-9573.83,82.3919,58.8815,2.56563,0,0,0,0,180,180,100,1),
(98022,179965,0,-9564.48,128.845,59.1488,2.93215,0,0,0,0,180,180,100,1),
(98023,179965,0,-9572.12,77.6323,58.882,0.558505,0,0,0,0,180,180,100,1),
(98024,179965,0,-9515.8,75.137,59.6035,-0.226893,0,0,0,0,180,180,100,1),
(98025,180040,0,-9558.64,119.835,58.854,-1.20428,0,0,0,0,180,180,100,1),
(98026,180043,0,-9533.74,74.5172,58.8815,-1.27409,0,0,0,0,180,180,100,1),
(98027,180047,0,-9577.95,29.7229,61.0439,-2.72271,0,0,0,0,180,180,100,1),
(98028,180038,0,-9554.68,138.057,59.187,-1.01229,0,0,0,0,180,180,100,1),
(98029,180045,0,-9580.79,28.3274,60.6627,-1.309,0,0,0,0,180,180,100,1),
(98030,180048,0,-9577.74,29.818,61.5466,0.663225,0,0,0,0,180,180,100,1),
(98031,180029,0,-9515.35,86.6149,59.0797,2.96706,0,0,0,0,180,180,100,1),
(98032,180043,0,-9546.52,140.876,58.8815,-1.18682,0,0,0,0,180,180,100,1),
(98033,180006,0,-9559.52,53.4495,60.136,1.36136,0,0,0,0,180,180,100,1),
(98034,180034,0,-9530,99.0359,59.3857,-0.994838,0,0,0,0,180,180,100,1),
(98035,180037,0,-9553.33,110.428,59.1801,-1.25664,0,0,0,0,180,180,100,1),
(98036,180035,0,-9521.37,96.6575,60.8029,-0.855212,0,0,0,0,180,180,100,1),
(98037,180043,0,-9530.79,92.2459,58.8815,-3.12414,0,0,0,0,180,180,100,1),
(98038,179965,0,-9530.22,74.4355,58.8815,1.98968,0,0,0,0,180,180,100,1),
(98039,179965,0,-9542.1,69.9565,58.8932,1.8326,0,0,0,0,180,180,100,1),
(98040,180035,0,-9551.88,55.3052,61.1185,1.95477,0,0,0,0,180,180,100,1),
(98041,180043,0,-9563.43,99.4973,58.8815,-1.64061,0,0,0,0,180,180,100,1),
(98042,180045,0,-9573.3,37.0724,60.4675,3.00197,0,0,0,0,180,180,100,1),
(98043,180043,0,-9537.02,98.595,58.8815,-2.9147,0,0,0,0,180,180,100,1),
(98044,180030,0,-9534.2,68.6959,59.3954,-1.69297,0,0,0,0,180,180,100,1),
(98045,180046,0,-9571.2,28.7882,61.4907,2.54818,0,0,0,0,180,180,100,1),
(98046,180043,0,-9566.04,76.5801,58.8981,0.855211,0,0,0,0,180,180,100,1),
(98047,180046,0,-9577.11,28.9335,61.0503,0.767945,0,0,0,0,180,180,100,1),
(98048,180035,0,-9576.63,74.4836,60.7141,-0.820305,0,0,0,0,180,180,100,1),
(98049,180043,0,-9553.62,104.592,58.8828,-1.98968,0,0,0,0,180,180,100,1),
(98050,179972,0,-9570.34,73.6059,58.9049,0.872665,0,0,0,0,180,180,100,1),
(98051,180006,0,-9555.57,54.1968,60.1749,2.11185,0,0,0,0,180,180,100,1),
(98052,179968,0,-9559.52,130.32,58.8953,0.750492,0,0,0,0,180,180,100,1),
(98053,180038,0,-9560.48,123.28,59.2266,0.20944,0,0,0,0,180,180,100,1),
(98054,180036,0,-9551.95,41.1687,61.8756,-0.418879,0,0,0,0,180,180,100,1),
(98055,180044,0,-9547.15,84.5487,58.1561,-0.907571,0,0,0,0,180,180,100,1),
(98056,180043,0,-9556.71,69.5335,58.9567,-0.820305,0,0,0,0,180,180,100,1),
(98057,179965,0,-9540.73,34.5314,59.5549,-0.191986,0,0,0,0,180,180,100,1),
(98058,179970,0,-9568.37,76.0546,58.8809,-1.6057,0,0,0,0,180,180,100,1),
(98059,179965,0,-9528.68,91.8029,58.8889,-2.56563,0,0,0,0,180,180,100,1),
(98060,179975,0,-9535.4,130.943,58.8839,2.33874,0,0,0,0,180,180,100,1),
(98061,180043,0,-9531.2,117.723,59.1229,2.05949,0,0,0,0,180,180,100,1),
(98062,179965,0,-9526.89,62.1373,59.5495,-0.872665,0,0,0,0,180,180,100,1),
(98063,179973,0,-9569.09,74.8281,58.8618,0.261799,0,0,0,0,180,180,100,1),
(98064,180041,0,-9556.3,116.333,58.8582,-1.98968,0,0,0,0,180,180,100,1),
(98065,179968,0,-9534.25,128.669,58.9019,-0.767945,0,0,0,0,180,180,100,1),
(98066,180036,0,-9558.04,15.1922,63.009,0.715585,0,0,0,0,180,180,100,1),
(98067,180031,0,-9563.75,66.4712,60.5913,-1.93731,0,0,0,0,180,180,100,1),
(98068,180035,0,-9558.93,135.616,60.3051,-2.25148,0,0,0,0,180,180,100,1),
(98069,180038,0,-9532.87,120.536,59.2362,-2.96706,0,0,0,0,180,180,100,1),
(98070,180042,0,-9576.61,89.6703,58.8815,0.575959,0,0,0,0,180,180,100,1),
(98071,180048,0,-9573.39,33.7,61.7433,0.977384,0,0,0,0,180,180,100,1),
(98072,180035,0,-9523.69,69.3342,60.3902,1.01229,0,0,0,0,180,180,100,1),
(98073,180047,0,-9571.72,27.8073,61.4719,-1.06465,0,0,0,0,180,180,100,1),
(98074,180045,0,-9568.85,26.1816,61.2764,0.767945,0,0,0,0,180,180,100,1),
(98075,179968,0,-9535.15,113.199,58.8815,-1.76278,0,0,0,0,180,180,100,1),
(98076,180046,0,-9574.43,33.592,61.162,-1.29154,0,0,0,0,180,180,100,1),
(98077,180039,0,-9550.79,144.551,59.3467,2.54818,0,0,0,0,180,180,100,1),
(98078,180035,0,-9556.89,4.93777,61.6764,0.715585,0,0,0,0,180,180,100,1),
(98079,180049,0,-9571.81,28.07,61.9897,2.79253,0,0,0,0,180,180,100,1),
(98080,180335,0,-9569.42,74.9086,58.9041,-0.366519,0,0,0,0,180,180,100,1),
(98081,180035,0,-9545.69,27.9266,60.59,-2.25148,0,0,0,0,180,180,100,1),
(98082,179965,0,-9513.38,86.4162,59.6696,-0.349066,0,0,0,0,180,180,100,1),
(98083,179968,0,-9536.48,108.306,58.8908,-2.75762,0,0,0,0,180,180,100,1),
(98084,180043,0,-9539.89,72.8221,58.8815,2.72271,0,0,0,0,180,180,100,1),
(98085,180035,0,-9549.23,65.4561,60.4817,0.418879,0,0,0,0,180,180,100,1),
(98086,180043,0,-9541.98,80.8587,59.1252,-0.087267,0,0,0,0,180,180,100,1),
(98087,180053,0,-9574.1,30.2205,61.2259,1.22173,0,0,0,0,180,180,100,1),
(98088,181029,0,-9574.1,30.2205,61.2259,1.22173,0,0,0,0,180,180,100,1),
(98089,180037,0,-9542,136.385,59.2148,-1.13446,0,0,0,0,180,180,100,1),
(98090,179965,0,-9532.9,133.527,58.986,0.575959,0,0,0,0,180,180,100,1),
(98091,180035,0,-9530.71,125.602,59.8683,-1.43117,0,0,0,0,180,180,100,1),
(98092,180035,0,-9539.58,138.433,60.2842,2.53073,0,0,0,0,180,180,100,1),
(98093,180040,0,-9557.69,134.367,58.8329,-2.26893,0,0,0,0,180,180,100,1),
(98094,180035,0,-9533.44,109.463,60.0964,-1.95477,0,0,0,0,180,180,100,1),
(98095,180035,0,-9542.16,42.035,60.9323,-1.22173,0,0,0,0,180,180,100,1),
(98096,179968,0,-9535.4,112.285,58.8815,1.58825,0,0,0,0,180,180,100,1),
(98097,180047,0,-9573.48,33.6922,61.2497,-1.71042,0,0,0,0,180,180,100,1),
(98098,179965,0,-9572.74,40.4953,60.4069,1.44862,0,0,0,0,180,180,100,1),
(98099,179965,0,-9538.01,103.002,58.9158,-2.1293,0,0,0,0,180,180,100,1),
(98100,180040,0,-9538.27,133.446,58.8815,2.47837,0,0,0,0,180,180,100,1),
(98101,179968,0,-9533.8,128.406,59.6028,-2.16421,0,0,0,0,180,180,100,1),
(98102,179965,0,-9551.97,106.014,58.8853,-1.43117,0,0,0,0,180,180,100,1),
(98103,180043,0,-9557.68,54.6593,60.3315,1.71042,0,0,0,0,180,180,100,1),
(98104,180035,0,-9534.68,63.1606,60.2981,-0.05236,0,0,0,0,180,180,100,1),
(98105,179968,0,-9533.51,127.849,58.9001,2.94961,0,0,0,0,180,180,100,1),
(98106,180524,0,-9544.44,140.065,58.8815,-2.04204,0,0,0,0,180,180,100,1),
(98107,180524,0,-9533.17,124.821,58.9729,-2.9147,0,0,0,0,180,180,100,1),
(98108,180524,0,-9584.94,79.6764,60.4523,-1.16937,0,0,0,0,180,180,100,1),
(98109,180524,0,-9520.97,91.3967,59.3657,-2.46091,0,0,0,0,180,180,100,1),
(98110,180524,0,-9546.56,87.8324,59.4187,-3.03687,0,0,0,0,180,180,100,1),
(98111,180524,0,-9522.69,74.1969,59.1998,2.46091,0,0,0,0,180,180,100,1),
(98112,180524,0,-9552.22,111.492,58.8853,0.261799,0,0,0,0,180,180,100,1),
(98113,180524,0,-9553.61,67.2332,59.2847,1.29154,0,0,0,0,180,180,100,1),
(98114,180524,0,-9549.28,28.2097,59.4478,2.79253,0,0,0,0,180,180,100,1),
(98115,180524,0,-9533.64,115.556,58.9128,2.89725,0,0,0,0,180,180,100,1),
(98116,180524,0,-9574.56,79.7395,58.8815,0.593412,0,0,0,0,180,180,100,1),
(98117,180524,0,-9566.92,99.248,58.8815,-0.925024,0,0,0,0,180,180,100,1);

INSERT INTO game_event_gameobject (guid, event) (SELECT guid, @E3 AS event FROM gameobject WHERE guid BETWEEN 98000 AND 98117);

-- Spawned creatures usual clean-up
UPDATE creature, creature_template SET creature.curhealth=creature_template.MinLevelHealth, creature.curmana=creature_template.MinLevelMana WHERE creature.id=creature_template.Entry AND RegenerateStats&1;
