-- Rework spawn for Emerald Dragons: they are not static spawn but should be randomly scattered amongst the four Emerald portals in the world at every server startup (early Classic settings)

-- Remove existing spawns, addons and static waypoints
DELETE FROM creature WHERE id IN (14887, 14888, 14889, 14890);
DELETE FROM creature_movement WHERE id=4256;
DELETE FROM creature_addon WHERE guid IN (4256, 32343, 50012, 92845);

-- Add all spawns combinations and related pools
-- Four dragons (Emeriss, Lethon, Taerar, Ysondre) and four possible spots (Duskwood, Feralas, Hinterlands, Ashenvale) resulting in 4!=24 combinations
DELETE FROM creature WHERE guid=140487;
INSERT INTO creature VALUES (140487, 14888, 0, 0, 0, -10428.800000, -392.176000, 43.741100, 0.932375, 518400, 518400, 0, 0, 832750, 0, 0, 2);
DELETE FROM pool_creature WHERE guid=140487;
INSERT INTO pool_creature VALUES (140487, 7002, 0, 'Lethon - Duskwood');
DELETE FROM creature WHERE guid=140488;
INSERT INTO creature VALUES (140488, 14889, 1, 0, 0, -2872.660000, 1884.250000, 52.733600, 2.652900, 518400, 518400, 0, 0, 832750, 8640, 0, 0);
DELETE FROM pool_creature WHERE guid=140488;
INSERT INTO pool_creature VALUES (140488, 7002, 0, 'Emeriss - Feralas');
DELETE FROM creature WHERE guid=140489;
INSERT INTO creature VALUES (140489, 14890, 0, 0, 0, 753.619000, -4012.000000, 94.043000, 3.193000, 518400, 518400, 0, 0, 832750, 8640, 0, 0);
DELETE FROM pool_creature WHERE guid=140489;
INSERT INTO pool_creature VALUES (140489, 7002, 0, 'Taerar - Hinterlands');
DELETE FROM creature WHERE guid=140490;
INSERT INTO creature VALUES (140490, 14887, 1, 0, 0, 3301.050000, -3732.570000, 173.544000, 2.914700, 518400, 518400, 0, 0, 832750, 9852, 0, 0);
DELETE FROM pool_creature WHERE guid=140490;
INSERT INTO pool_creature VALUES (140490, 7002, 0, 'Ysondre - Ashenvale');
DELETE FROM pool_template WHERE entry=7002;
INSERT INTO pool_template VALUES (7002, 4, 'Nightmare Dragons');

DELETE FROM creature WHERE guid=140491;
INSERT INTO creature VALUES (140491, 14888, 0, 0, 0, -10428.800000, -392.176000, 43.741100, 0.932375, 518400, 518400, 0, 0, 832750, 0, 0, 2);
DELETE FROM pool_creature WHERE guid=140491;
INSERT INTO pool_creature VALUES (140491, 7003, 0, 'Lethon - Duskwood');
DELETE FROM creature WHERE guid=140492;
INSERT INTO creature VALUES (140492, 14889, 0, 0, 0, 753.619000, -4012.000000, 94.043000, 3.193000, 518400, 518400, 0, 0, 832750, 8640, 0, 0);
DELETE FROM pool_creature WHERE guid=140492;
INSERT INTO pool_creature VALUES (140492, 7003, 0, 'Emeriss - Hinterlands');
DELETE FROM creature WHERE guid=140493;
INSERT INTO creature VALUES (140493, 14890, 1, 0, 0, -2872.660000, 1884.250000, 52.733600, 2.652900, 518400, 518400, 0, 0, 832750, 8640, 0, 0);
DELETE FROM pool_creature WHERE guid=140493;
INSERT INTO pool_creature VALUES (140493, 7003, 0, 'Taerar - Feralas');
DELETE FROM creature WHERE guid=140494;
INSERT INTO creature VALUES (140494, 14887, 1, 0, 0, 3301.050000, -3732.570000, 173.544000, 2.914700, 518400, 518400, 0, 0, 832750, 9852, 0, 0);
DELETE FROM pool_creature WHERE guid=140494;
INSERT INTO pool_creature VALUES (140494, 7003, 0, 'Ysondre - Ashenvale');
DELETE FROM pool_template WHERE entry=7003;
INSERT INTO pool_template VALUES (7003, 4, 'Nightmare Dragons');

DELETE FROM creature WHERE guid=140495;
INSERT INTO creature VALUES (140495, 14888, 1, 0, 0, -2872.660000, 1884.250000, 52.733600, 2.652900, 518400, 518400, 0, 0, 832750, 0, 0, 0);
DELETE FROM pool_creature WHERE guid=140495;
INSERT INTO pool_creature VALUES (140495, 7004, 0, 'Lethon - Feralas');
DELETE FROM creature WHERE guid=140496;
INSERT INTO creature VALUES (140496, 14889, 0, 0, 0, -10428.800000, -392.176000, 43.741100, 0.932375, 518400, 518400, 0, 0, 832750, 8640, 0, 2);
DELETE FROM pool_creature WHERE guid=140496;
INSERT INTO pool_creature VALUES (140496, 7004, 0, 'Emeriss - Duskwood');
DELETE FROM creature WHERE guid=140497;
INSERT INTO creature VALUES (140497, 14890, 0, 0, 0, 753.619000, -4012.000000, 94.043000, 3.193000, 518400, 518400, 0, 0, 832750, 8640, 0, 0);
DELETE FROM pool_creature WHERE guid=140497;
INSERT INTO pool_creature VALUES (140497, 7004, 0, 'Taerar - Hinterlands');
DELETE FROM creature WHERE guid=140498;
INSERT INTO creature VALUES (140498, 14887, 1, 0, 0, 3301.050000, -3732.570000, 173.544000, 2.914700, 518400, 518400, 0, 0, 832750, 9852, 0, 0);
DELETE FROM pool_creature WHERE guid=140498;
INSERT INTO pool_creature VALUES (140498, 7004, 0, 'Ysondre - Ashenvale');
DELETE FROM pool_template WHERE entry=7004;
INSERT INTO pool_template VALUES (7004, 4, 'Nightmare Dragons');

DELETE FROM creature WHERE guid=140499;
INSERT INTO creature VALUES (140499, 14888, 0, 0, 0, 753.619000, -4012.000000, 94.043000, 3.193000, 518400, 518400, 0, 0, 832750, 0, 0, 0);
DELETE FROM pool_creature WHERE guid=140499;
INSERT INTO pool_creature VALUES (140499, 7005, 0, 'Lethon - Hinterlands');
DELETE FROM creature WHERE guid=140500;
INSERT INTO creature VALUES (140500, 14889, 0, 0, 0, -10428.800000, -392.176000, 43.741100, 0.932375, 518400, 518400, 0, 0, 832750, 8640, 0, 2);
DELETE FROM pool_creature WHERE guid=140500;
INSERT INTO pool_creature VALUES (140500, 7005, 0, 'Emeriss - Duskwood');
DELETE FROM creature WHERE guid=140501;
INSERT INTO creature VALUES (140501, 14890, 1, 0, 0, -2872.660000, 1884.250000, 52.733600, 2.652900, 518400, 518400, 0, 0, 832750, 8640, 0, 0);
DELETE FROM pool_creature WHERE guid=140501;
INSERT INTO pool_creature VALUES (140501, 7005, 0, 'Taerar - Feralas');
DELETE FROM creature WHERE guid=140502;
INSERT INTO creature VALUES (140502, 14887, 1, 0, 0, 3301.050000, -3732.570000, 173.544000, 2.914700, 518400, 518400, 0, 0, 832750, 9852, 0, 0);
DELETE FROM pool_creature WHERE guid=140502;
INSERT INTO pool_creature VALUES (140502, 7005, 0, 'Ysondre - Ashenvale');
DELETE FROM pool_template WHERE entry=7005;
INSERT INTO pool_template VALUES (7005, 4, 'Nightmare Dragons');

DELETE FROM creature WHERE guid=140503;
INSERT INTO creature VALUES (140503, 14888, 1, 0, 0, -2872.660000, 1884.250000, 52.733600, 2.652900, 518400, 518400, 0, 0, 832750, 0, 0, 0);
DELETE FROM pool_creature WHERE guid=140503;
INSERT INTO pool_creature VALUES (140503, 7006, 0, 'Lethon - Feralas');
DELETE FROM creature WHERE guid=140504;
INSERT INTO creature VALUES (140504, 14889, 0, 0, 0, 753.619000, -4012.000000, 94.043000, 3.193000, 518400, 518400, 0, 0, 832750, 8640, 0, 0);
DELETE FROM pool_creature WHERE guid=140504;
INSERT INTO pool_creature VALUES (140504, 7006, 0, 'Emeriss - Hinterlands');
DELETE FROM creature WHERE guid=140505;
INSERT INTO creature VALUES (140505, 14890, 0, 0, 0, -10428.800000, -392.176000, 43.741100, 0.932375, 518400, 518400, 0, 0, 832750, 8640, 0, 2);
DELETE FROM pool_creature WHERE guid=140505;
INSERT INTO pool_creature VALUES (140505, 7006, 0, 'Taerar - Duskwood');
DELETE FROM creature WHERE guid=140506;
INSERT INTO creature VALUES (140506, 14887, 1, 0, 0, 3301.050000, -3732.570000, 173.544000, 2.914700, 518400, 518400, 0, 0, 832750, 9852, 0, 0);
DELETE FROM pool_creature WHERE guid=140506;
INSERT INTO pool_creature VALUES (140506, 7006, 0, 'Ysondre - Ashenvale');
DELETE FROM pool_template WHERE entry=7006;
INSERT INTO pool_template VALUES (7006, 4, 'Nightmare Dragons');

DELETE FROM creature WHERE guid=140507;
INSERT INTO creature VALUES (140507, 14888, 0, 0, 0, 753.619000, -4012.000000, 94.043000, 3.193000, 518400, 518400, 0, 0, 832750, 0, 0, 0);
DELETE FROM pool_creature WHERE guid=140507;
INSERT INTO pool_creature VALUES (140507, 7007, 0, 'Lethon - Hinterlands');
DELETE FROM creature WHERE guid=140508;
INSERT INTO creature VALUES (140508, 14889, 1, 0, 0, -2872.660000, 1884.250000, 52.733600, 2.652900, 518400, 518400, 0, 0, 832750, 8640, 0, 0);
DELETE FROM pool_creature WHERE guid=140508;
INSERT INTO pool_creature VALUES (140508, 7007, 0, 'Emeriss - Feralas');
DELETE FROM creature WHERE guid=140509;
INSERT INTO creature VALUES (140509, 14890, 0, 0, 0, -10428.800000, -392.176000, 43.741100, 0.932375, 518400, 518400, 0, 0, 832750, 8640, 0, 2);
DELETE FROM pool_creature WHERE guid=140509;
INSERT INTO pool_creature VALUES (140509, 7007, 0, 'Taerar - Duskwood');
DELETE FROM creature WHERE guid=140510;
INSERT INTO creature VALUES (140510, 14887, 1, 0, 0, 3301.050000, -3732.570000, 173.544000, 2.914700, 518400, 518400, 0, 0, 832750, 9852, 0, 0);
DELETE FROM pool_creature WHERE guid=140510;
INSERT INTO pool_creature VALUES (140510, 7007, 0, 'Ysondre - Ashenvale');
DELETE FROM pool_template WHERE entry=7007;
INSERT INTO pool_template VALUES (7007, 4, 'Nightmare Dragons');

DELETE FROM creature WHERE guid=140511;
INSERT INTO creature VALUES (140511, 14888, 1, 0, 0, 3301.050000, -3732.570000, 173.544000, 2.914700, 518400, 518400, 0, 0, 832750, 0, 0, 0);
DELETE FROM pool_creature WHERE guid=140511;
INSERT INTO pool_creature VALUES (140511, 7008, 0, 'Lethon - Ashenvale');
DELETE FROM creature WHERE guid=140512;
INSERT INTO creature VALUES (140512, 14889, 1, 0, 0, -2872.660000, 1884.250000, 52.733600, 2.652900, 518400, 518400, 0, 0, 832750, 8640, 0, 0);
DELETE FROM pool_creature WHERE guid=140512;
INSERT INTO pool_creature VALUES (140512, 7008, 0, 'Emeriss - Feralas');
DELETE FROM creature WHERE guid=140513;
INSERT INTO creature VALUES (140513, 14890, 0, 0, 0, 753.619000, -4012.000000, 94.043000, 3.193000, 518400, 518400, 0, 0, 832750, 8640, 0, 0);
DELETE FROM pool_creature WHERE guid=140513;
INSERT INTO pool_creature VALUES (140513, 7008, 0, 'Taerar - Hinterlands');
DELETE FROM creature WHERE guid=140514;
INSERT INTO creature VALUES (140514, 14887, 0, 0, 0, -10428.800000, -392.176000, 43.741100, 0.932375, 518400, 518400, 0, 0, 832750, 9852, 0, 2);
DELETE FROM pool_creature WHERE guid=140514;
INSERT INTO pool_creature VALUES (140514, 7008, 0, 'Ysondre - Duskwood');
DELETE FROM pool_template WHERE entry=7008;
INSERT INTO pool_template VALUES (7008, 4, 'Nightmare Dragons');

DELETE FROM creature WHERE guid=140515;
INSERT INTO creature VALUES (140515, 14888, 1, 0, 0, 3301.050000, -3732.570000, 173.544000, 2.914700, 518400, 518400, 0, 0, 832750, 0, 0, 0);
DELETE FROM pool_creature WHERE guid=140515;
INSERT INTO pool_creature VALUES (140515, 7009, 0, 'Lethon - Ashenvale');
DELETE FROM creature WHERE guid=140516;
INSERT INTO creature VALUES (140516, 14889, 0, 0, 0, 753.619000, -4012.000000, 94.043000, 3.193000, 518400, 518400, 0, 0, 832750, 8640, 0, 0);
DELETE FROM pool_creature WHERE guid=140516;
INSERT INTO pool_creature VALUES (140516, 7009, 0, 'Emeriss - Hinterlands');
DELETE FROM creature WHERE guid=140517;
INSERT INTO creature VALUES (140517, 14890, 1, 0, 0, -2872.660000, 1884.250000, 52.733600, 2.652900, 518400, 518400, 0, 0, 832750, 8640, 0, 0);
DELETE FROM pool_creature WHERE guid=140517;
INSERT INTO pool_creature VALUES (140517, 7009, 0, 'Taerar - Feralas');
DELETE FROM creature WHERE guid=140518;
INSERT INTO creature VALUES (140518, 14887, 0, 0, 0, -10428.800000, -392.176000, 43.741100, 0.932375, 518400, 518400, 0, 0, 832750, 9852, 0, 2);
DELETE FROM pool_creature WHERE guid=140518;
INSERT INTO pool_creature VALUES (140518, 7009, 0, 'Ysondre - Duskwood');
DELETE FROM pool_template WHERE entry=7009;
INSERT INTO pool_template VALUES (7009, 4, 'Nightmare Dragons');

DELETE FROM creature WHERE guid=140519;
INSERT INTO creature VALUES (140519, 14888, 1, 0, 0, 3301.050000, -3732.570000, 173.544000, 2.914700, 518400, 518400, 0, 0, 832750, 0, 0, 0);
DELETE FROM pool_creature WHERE guid=140519;
INSERT INTO pool_creature VALUES (140519, 7010, 0, 'Lethon - Ashenvale');
DELETE FROM creature WHERE guid=140520;
INSERT INTO creature VALUES (140520, 14889, 0, 0, 0, -10428.800000, -392.176000, 43.741100, 0.932375, 518400, 518400, 0, 0, 832750, 8640, 0, 2);
DELETE FROM pool_creature WHERE guid=140520;
INSERT INTO pool_creature VALUES (140520, 7010, 0, 'Emeriss - Duskwood');
DELETE FROM creature WHERE guid=140521;
INSERT INTO creature VALUES (140521, 14890, 0, 0, 0, 753.619000, -4012.000000, 94.043000, 3.193000, 518400, 518400, 0, 0, 832750, 8640, 0, 0);
DELETE FROM pool_creature WHERE guid=140521;
INSERT INTO pool_creature VALUES (140521, 7010, 0, 'Taerar - Hinterlands');
DELETE FROM creature WHERE guid=140522;
INSERT INTO creature VALUES (140522, 14887, 1, 0, 0, -2872.660000, 1884.250000, 52.733600, 2.652900, 518400, 518400, 0, 0, 832750, 9852, 0, 0);
DELETE FROM pool_creature WHERE guid=140522;
INSERT INTO pool_creature VALUES (140522, 7010, 0, 'Ysondre - Feralas');
DELETE FROM pool_template WHERE entry=7010;
INSERT INTO pool_template VALUES (7010, 4, 'Nightmare Dragons');

DELETE FROM creature WHERE guid=140523;
INSERT INTO creature VALUES (140523, 14888, 1, 0, 0, 3301.050000, -3732.570000, 173.544000, 2.914700, 518400, 518400, 0, 0, 832750, 0, 0, 0);
DELETE FROM pool_creature WHERE guid=140523;
INSERT INTO pool_creature VALUES (140523, 7011, 0, 'Lethon - Ashenvale');
DELETE FROM creature WHERE guid=140524;
INSERT INTO creature VALUES (140524, 14889, 0, 0, 0, -10428.800000, -392.176000, 43.741100, 0.932375, 518400, 518400, 0, 0, 832750, 8640, 0, 2);
DELETE FROM pool_creature WHERE guid=140524;
INSERT INTO pool_creature VALUES (140524, 7011, 0, 'Emeriss - Duskwood');
DELETE FROM creature WHERE guid=140525;
INSERT INTO creature VALUES (140525, 14890, 1, 0, 0, -2872.660000, 1884.250000, 52.733600, 2.652900, 518400, 518400, 0, 0, 832750, 8640, 0, 0);
DELETE FROM pool_creature WHERE guid=140525;
INSERT INTO pool_creature VALUES (140525, 7011, 0, 'Taerar - Feralas');
DELETE FROM creature WHERE guid=140526;
INSERT INTO creature VALUES (140526, 14887, 0, 0, 0, 753.619000, -4012.000000, 94.043000, 3.193000, 518400, 518400, 0, 0, 832750, 9852, 0, 0);
DELETE FROM pool_creature WHERE guid=140526;
INSERT INTO pool_creature VALUES (140526, 7011, 0, 'Ysondre - Hinterlands');
DELETE FROM pool_template WHERE entry=7011;
INSERT INTO pool_template VALUES (7011, 4, 'Nightmare Dragons');

DELETE FROM creature WHERE guid=140527;
INSERT INTO creature VALUES (140527, 14888, 1, 0, 0, 3301.050000, -3732.570000, 173.544000, 2.914700, 518400, 518400, 0, 0, 832750, 0, 0, 0);
DELETE FROM pool_creature WHERE guid=140527;
INSERT INTO pool_creature VALUES (140527, 7012, 0, 'Lethon - Ashenvale');
DELETE FROM creature WHERE guid=140528;
INSERT INTO creature VALUES (140528, 14889, 0, 0, 0, 753.619000, -4012.000000, 94.043000, 3.193000, 518400, 518400, 0, 0, 832750, 8640, 0, 0);
DELETE FROM pool_creature WHERE guid=140528;
INSERT INTO pool_creature VALUES (140528, 7012, 0, 'Emeriss - Hinterlands');
DELETE FROM creature WHERE guid=140529;
INSERT INTO creature VALUES (140529, 14890, 0, 0, 0, -10428.800000, -392.176000, 43.741100, 0.932375, 518400, 518400, 0, 0, 832750, 8640, 0, 2);
DELETE FROM pool_creature WHERE guid=140529;
INSERT INTO pool_creature VALUES (140529, 7012, 0, 'Taerar - Duskwood');
DELETE FROM creature WHERE guid=140530;
INSERT INTO creature VALUES (140530, 14887, 1, 0, 0, -2872.660000, 1884.250000, 52.733600, 2.652900, 518400, 518400, 0, 0, 832750, 9852, 0, 0);
DELETE FROM pool_creature WHERE guid=140530;
INSERT INTO pool_creature VALUES (140530, 7012, 0, 'Ysondre - Feralas');
DELETE FROM pool_template WHERE entry=7012;
INSERT INTO pool_template VALUES (7012, 4, 'Nightmare Dragons');

DELETE FROM creature WHERE guid=140531;
INSERT INTO creature VALUES (140531, 14888, 1, 0, 0, 3301.050000, -3732.570000, 173.544000, 2.914700, 518400, 518400, 0, 0, 832750, 0, 0, 0);
DELETE FROM pool_creature WHERE guid=140531;
INSERT INTO pool_creature VALUES (140531, 7013, 0, 'Lethon - Ashenvale');
DELETE FROM creature WHERE guid=140532;
INSERT INTO creature VALUES (140532, 14889, 1, 0, 0, -2872.660000, 1884.250000, 52.733600, 2.652900, 518400, 518400, 0, 0, 832750, 8640, 0, 0);
DELETE FROM pool_creature WHERE guid=140532;
INSERT INTO pool_creature VALUES (140532, 7013, 0, 'Emeriss - Feralas');
DELETE FROM creature WHERE guid=140533;
INSERT INTO creature VALUES (140533, 14890, 0, 0, 0, -10428.800000, -392.176000, 43.741100, 0.932375, 518400, 518400, 0, 0, 832750, 8640, 0, 2);
DELETE FROM pool_creature WHERE guid=140533;
INSERT INTO pool_creature VALUES (140533, 7013, 0, 'Taerar - Duskwood');
DELETE FROM creature WHERE guid=140534;
INSERT INTO creature VALUES (140534, 14887, 0, 0, 0, 753.619000, -4012.000000, 94.043000, 3.193000, 518400, 518400, 0, 0, 832750, 9852, 0, 0);
DELETE FROM pool_creature WHERE guid=140534;
INSERT INTO pool_creature VALUES (140534, 7013, 0, 'Ysondre - Hinterlands');
DELETE FROM pool_template WHERE entry=7013;
INSERT INTO pool_template VALUES (7013, 4, 'Nightmare Dragons');

DELETE FROM creature WHERE guid=140535;
INSERT INTO creature VALUES (140535, 14888, 1, 0, 0, -2872.660000, 1884.250000, 52.733600, 2.652900, 518400, 518400, 0, 0, 832750, 0, 0, 0);
DELETE FROM pool_creature WHERE guid=140535;
INSERT INTO pool_creature VALUES (140535, 7014, 0, 'Lethon - Feralas');
DELETE FROM creature WHERE guid=140536;
INSERT INTO creature VALUES (140536, 14889, 1, 0, 0, 3301.050000, -3732.570000, 173.544000, 2.914700, 518400, 518400, 0, 0, 832750, 8640, 0, 0);
DELETE FROM pool_creature WHERE guid=140536;
INSERT INTO pool_creature VALUES (140536, 7014, 0, 'Emeriss - Ashenvale');
DELETE FROM creature WHERE guid=140537;
INSERT INTO creature VALUES (140537, 14890, 0, 0, 0, 753.619000, -4012.000000, 94.043000, 3.193000, 518400, 518400, 0, 0, 832750, 8640, 0, 0);
DELETE FROM pool_creature WHERE guid=140537;
INSERT INTO pool_creature VALUES (140537, 7014, 0, 'Taerar - Hinterlands');
DELETE FROM creature WHERE guid=140538;
INSERT INTO creature VALUES (140538, 14887, 0, 0, 0, -10428.800000, -392.176000, 43.741100, 0.932375, 518400, 518400, 0, 0, 832750, 9852, 0, 2);
DELETE FROM pool_creature WHERE guid=140538;
INSERT INTO pool_creature VALUES (140538, 7014, 0, 'Ysondre - Duskwood');
DELETE FROM pool_template WHERE entry=7014;
INSERT INTO pool_template VALUES (7014, 4, 'Nightmare Dragons');

DELETE FROM creature WHERE guid=140539;
INSERT INTO creature VALUES (140539, 14888, 0, 0, 0, 753.619000, -4012.000000, 94.043000, 3.193000, 518400, 518400, 0, 0, 832750, 0, 0, 0);
DELETE FROM pool_creature WHERE guid=140539;
INSERT INTO pool_creature VALUES (140539, 7015, 0, 'Lethon - Hinterlands');
DELETE FROM creature WHERE guid=140540;
INSERT INTO creature VALUES (140540, 14889, 1, 0, 0, 3301.050000, -3732.570000, 173.544000, 2.914700, 518400, 518400, 0, 0, 832750, 8640, 0, 0);
DELETE FROM pool_creature WHERE guid=140540;
INSERT INTO pool_creature VALUES (140540, 7015, 0, 'Emeriss - Ashenvale');
DELETE FROM creature WHERE guid=140541;
INSERT INTO creature VALUES (140541, 14890, 1, 0, 0, -2872.660000, 1884.250000, 52.733600, 2.652900, 518400, 518400, 0, 0, 832750, 8640, 0, 0);
DELETE FROM pool_creature WHERE guid=140541;
INSERT INTO pool_creature VALUES (140541, 7015, 0, 'Taerar - Feralas');
DELETE FROM creature WHERE guid=140542;
INSERT INTO creature VALUES (140542, 14887, 0, 0, 0, -10428.800000, -392.176000, 43.741100, 0.932375, 518400, 518400, 0, 0, 832750, 9852, 0, 2);
DELETE FROM pool_creature WHERE guid=140542;
INSERT INTO pool_creature VALUES (140542, 7015, 0, 'Ysondre - Duskwood');
DELETE FROM pool_template WHERE entry=7015;
INSERT INTO pool_template VALUES (7015, 4, 'Nightmare Dragons');

DELETE FROM creature WHERE guid=140543;
INSERT INTO creature VALUES (140543, 14888, 0, 0, 0, -10428.800000, -392.176000, 43.741100, 0.932375, 518400, 518400, 0, 0, 832750, 0, 0, 2);
DELETE FROM pool_creature WHERE guid=140543;
INSERT INTO pool_creature VALUES (140543, 7016, 0, 'Lethon - Duskwood');
DELETE FROM creature WHERE guid=140544;
INSERT INTO creature VALUES (140544, 14889, 1, 0, 0, 3301.050000, -3732.570000, 173.544000, 2.914700, 518400, 518400, 0, 0, 832750, 8640, 0, 0);
DELETE FROM pool_creature WHERE guid=140544;
INSERT INTO pool_creature VALUES (140544, 7016, 0, 'Emeriss - Ashenvale');
DELETE FROM creature WHERE guid=140545;
INSERT INTO creature VALUES (140545, 14890, 0, 0, 0, 753.619000, -4012.000000, 94.043000, 3.193000, 518400, 518400, 0, 0, 832750, 8640, 0, 0);
DELETE FROM pool_creature WHERE guid=140545;
INSERT INTO pool_creature VALUES (140545, 7016, 0, 'Taerar - Hinterlands');
DELETE FROM creature WHERE guid=140546;
INSERT INTO creature VALUES (140546, 14887, 1, 0, 0, -2872.660000, 1884.250000, 52.733600, 2.652900, 518400, 518400, 0, 0, 832750, 9852, 0, 0);
DELETE FROM pool_creature WHERE guid=140546;
INSERT INTO pool_creature VALUES (140546, 7016, 0, 'Ysondre - Feralas');
DELETE FROM pool_template WHERE entry=7016;
INSERT INTO pool_template VALUES (7016, 4, 'Nightmare Dragons');

DELETE FROM creature WHERE guid=140547;
INSERT INTO creature VALUES (140547, 14888, 0, 0, 0, -10428.800000, -392.176000, 43.741100, 0.932375, 518400, 518400, 0, 0, 832750, 0, 0, 2);
DELETE FROM pool_creature WHERE guid=140547;
INSERT INTO pool_creature VALUES (140547, 7017, 0, 'Lethon - Duskwood');
DELETE FROM creature WHERE guid=140548;
INSERT INTO creature VALUES (140548, 14889, 1, 0, 0, 3301.050000, -3732.570000, 173.544000, 2.914700, 518400, 518400, 0, 0, 832750, 8640, 0, 0);
DELETE FROM pool_creature WHERE guid=140548;
INSERT INTO pool_creature VALUES (140548, 7017, 0, 'Emeriss - Ashenvale');
DELETE FROM creature WHERE guid=140549;
INSERT INTO creature VALUES (140549, 14890, 1, 0, 0, -2872.660000, 1884.250000, 52.733600, 2.652900, 518400, 518400, 0, 0, 832750, 8640, 0, 0);
DELETE FROM pool_creature WHERE guid=140549;
INSERT INTO pool_creature VALUES (140549, 7017, 0, 'Taerar - Feralas');
DELETE FROM creature WHERE guid=140550;
INSERT INTO creature VALUES (140550, 14887, 0, 0, 0, 753.619000, -4012.000000, 94.043000, 3.193000, 518400, 518400, 0, 0, 832750, 9852, 0, 0);
DELETE FROM pool_creature WHERE guid=140550;
INSERT INTO pool_creature VALUES (140550, 7017, 0, 'Ysondre - Hinterlands');
DELETE FROM pool_template WHERE entry=7017;
INSERT INTO pool_template VALUES (7017, 4, 'Nightmare Dragons');

DELETE FROM creature WHERE guid=140551;
INSERT INTO creature VALUES (140551, 14888, 0, 0, 0, 753.619000, -4012.000000, 94.043000, 3.193000, 518400, 518400, 0, 0, 832750, 0, 0, 0);
DELETE FROM pool_creature WHERE guid=140551;
INSERT INTO pool_creature VALUES (140551, 7018, 0, 'Lethon - Hinterlands');
DELETE FROM creature WHERE guid=140552;
INSERT INTO creature VALUES (140552, 14889, 1, 0, 0, 3301.050000, -3732.570000, 173.544000, 2.914700, 518400, 518400, 0, 0, 832750, 8640, 0, 0);
DELETE FROM pool_creature WHERE guid=140552;
INSERT INTO pool_creature VALUES (140552, 7018, 0, 'Emeriss - Ashenvale');
DELETE FROM creature WHERE guid=140553;
INSERT INTO creature VALUES (140553, 14890, 0, 0, 0, -10428.800000, -392.176000, 43.741100, 0.932375, 518400, 518400, 0, 0, 832750, 8640, 0, 2);
DELETE FROM pool_creature WHERE guid=140553;
INSERT INTO pool_creature VALUES (140553, 7018, 0, 'Taerar - Duskwood');
DELETE FROM creature WHERE guid=140554;
INSERT INTO creature VALUES (140554, 14887, 1, 0, 0, -2872.660000, 1884.250000, 52.733600, 2.652900, 518400, 518400, 0, 0, 832750, 9852, 0, 0);
DELETE FROM pool_creature WHERE guid=140554;
INSERT INTO pool_creature VALUES (140554, 7018, 0, 'Ysondre - Feralas');
DELETE FROM pool_template WHERE entry=7018;
INSERT INTO pool_template VALUES (7018, 4, 'Nightmare Dragons');

DELETE FROM creature WHERE guid=140555;
INSERT INTO creature VALUES (140555, 14888, 1, 0, 0, -2872.660000, 1884.250000, 52.733600, 2.652900, 518400, 518400, 0, 0, 832750, 0, 0, 0);
DELETE FROM pool_creature WHERE guid=140555;
INSERT INTO pool_creature VALUES (140555, 7019, 0, 'Lethon - Feralas');
DELETE FROM creature WHERE guid=140556;
INSERT INTO creature VALUES (140556, 14889, 1, 0, 0, 3301.050000, -3732.570000, 173.544000, 2.914700, 518400, 518400, 0, 0, 832750, 8640, 0, 0);
DELETE FROM pool_creature WHERE guid=140556;
INSERT INTO pool_creature VALUES (140556, 7019, 0, 'Emeriss - Ashenvale');
DELETE FROM creature WHERE guid=140557;
INSERT INTO creature VALUES (140557, 14890, 0, 0, 0, -10428.800000, -392.176000, 43.741100, 0.932375, 518400, 518400, 0, 0, 832750, 8640, 0, 2);
DELETE FROM pool_creature WHERE guid=140557;
INSERT INTO pool_creature VALUES (140557, 7019, 0, 'Taerar - Duskwood');
DELETE FROM creature WHERE guid=140558;
INSERT INTO creature VALUES (140558, 14887, 0, 0, 0, 753.619000, -4012.000000, 94.043000, 3.193000, 518400, 518400, 0, 0, 832750, 9852, 0, 0);
DELETE FROM pool_creature WHERE guid=140558;
INSERT INTO pool_creature VALUES (140558, 7019, 0, 'Ysondre - Hinterlands');
DELETE FROM pool_template WHERE entry=7019;
INSERT INTO pool_template VALUES (7019, 4, 'Nightmare Dragons');

DELETE FROM creature WHERE guid=140559;
INSERT INTO creature VALUES (140559, 14888, 1, 0, 0, -2872.660000, 1884.250000, 52.733600, 2.652900, 518400, 518400, 0, 0, 832750, 0, 0, 0);
DELETE FROM pool_creature WHERE guid=140559;
INSERT INTO pool_creature VALUES (140559, 7020, 0, 'Lethon - Feralas');
DELETE FROM creature WHERE guid=140560;
INSERT INTO creature VALUES (140560, 14889, 0, 0, 0, 753.619000, -4012.000000, 94.043000, 3.193000, 518400, 518400, 0, 0, 832750, 8640, 0, 0);
DELETE FROM pool_creature WHERE guid=140560;
INSERT INTO pool_creature VALUES (140560, 7020, 0, 'Emeriss - Hinterlands');
DELETE FROM creature WHERE guid=140561;
INSERT INTO creature VALUES (140561, 14890, 1, 0, 0, 3301.050000, -3732.570000, 173.544000, 2.914700, 518400, 518400, 0, 0, 832750, 8640, 0, 0);
DELETE FROM pool_creature WHERE guid=140561;
INSERT INTO pool_creature VALUES (140561, 7020, 0, 'Taerar - Ashenvale');
DELETE FROM creature WHERE guid=140562;
INSERT INTO creature VALUES (140562, 14887, 0, 0, 0, -10428.800000, -392.176000, 43.741100, 0.932375, 518400, 518400, 0, 0, 832750, 9852, 0, 2);
DELETE FROM pool_creature WHERE guid=140562;
INSERT INTO pool_creature VALUES (140562, 7020, 0, 'Ysondre - Duskwood');
DELETE FROM pool_template WHERE entry=7020;
INSERT INTO pool_template VALUES (7020, 4, 'Nightmare Dragons');

DELETE FROM creature WHERE guid=140563;
INSERT INTO creature VALUES (140563, 14888, 0, 0, 0, 753.619000, -4012.000000, 94.043000, 3.193000, 518400, 518400, 0, 0, 832750, 0, 0, 0);
DELETE FROM pool_creature WHERE guid=140563;
INSERT INTO pool_creature VALUES (140563, 7021, 0, 'Lethon - Hinterlands');
DELETE FROM creature WHERE guid=140564;
INSERT INTO creature VALUES (140564, 14889, 1, 0, 0, -2872.660000, 1884.250000, 52.733600, 2.652900, 518400, 518400, 0, 0, 832750, 8640, 0, 0);
DELETE FROM pool_creature WHERE guid=140564;
INSERT INTO pool_creature VALUES (140564, 7021, 0, 'Emeriss - Feralas');
DELETE FROM creature WHERE guid=140565;
INSERT INTO creature VALUES (140565, 14890, 1, 0, 0, 3301.050000, -3732.570000, 173.544000, 2.914700, 518400, 518400, 0, 0, 832750, 8640, 0, 0);
DELETE FROM pool_creature WHERE guid=140565;
INSERT INTO pool_creature VALUES (140565, 7021, 0, 'Taerar - Ashenvale');
DELETE FROM creature WHERE guid=140566;
INSERT INTO creature VALUES (140566, 14887, 0, 0, 0, -10428.800000, -392.176000, 43.741100, 0.932375, 518400, 518400, 0, 0, 832750, 9852, 0, 2);
DELETE FROM pool_creature WHERE guid=140566;
INSERT INTO pool_creature VALUES (140566, 7021, 0, 'Ysondre - Duskwood');
DELETE FROM pool_template WHERE entry=7021;
INSERT INTO pool_template VALUES (7021, 4, 'Nightmare Dragons');

DELETE FROM creature WHERE guid=140567;
INSERT INTO creature VALUES (140567, 14888, 0, 0, 0, -10428.800000, -392.176000, 43.741100, 0.932375, 518400, 518400, 0, 0, 832750, 0, 0, 2);
DELETE FROM pool_creature WHERE guid=140567;
INSERT INTO pool_creature VALUES (140567, 7022, 0, 'Lethon - Duskwood');
DELETE FROM creature WHERE guid=140568;
INSERT INTO creature VALUES (140568, 14889, 0, 0, 0, 753.619000, -4012.000000, 94.043000, 3.193000, 518400, 518400, 0, 0, 832750, 8640, 0, 0);
DELETE FROM pool_creature WHERE guid=140568;
INSERT INTO pool_creature VALUES (140568, 7022, 0, 'Emeriss - Hinterlands');
DELETE FROM creature WHERE guid=140569;
INSERT INTO creature VALUES (140569, 14890, 1, 0, 0, 3301.050000, -3732.570000, 173.544000, 2.914700, 518400, 518400, 0, 0, 832750, 8640, 0, 0);
DELETE FROM pool_creature WHERE guid=140569;
INSERT INTO pool_creature VALUES (140569, 7022, 0, 'Taerar - Ashenvale');
DELETE FROM creature WHERE guid=140570;
INSERT INTO creature VALUES (140570, 14887, 1, 0, 0, -2872.660000, 1884.250000, 52.733600, 2.652900, 518400, 518400, 0, 0, 832750, 9852, 0, 0);
DELETE FROM pool_creature WHERE guid=140570;
INSERT INTO pool_creature VALUES (140570, 7022, 0, 'Ysondre - Feralas');
DELETE FROM pool_template WHERE entry=7022;
INSERT INTO pool_template VALUES (7022, 4, 'Nightmare Dragons');

DELETE FROM creature WHERE guid=140571;
INSERT INTO creature VALUES (140571, 14888, 0, 0, 0, -10428.800000, -392.176000, 43.741100, 0.932375, 518400, 518400, 0, 0, 832750, 0, 0, 2);
DELETE FROM pool_creature WHERE guid=140571;
INSERT INTO pool_creature VALUES (140571, 7023, 0, 'Lethon - Duskwood');
DELETE FROM creature WHERE guid=140572;
INSERT INTO creature VALUES (140572, 14889, 1, 0, 0, -2872.660000, 1884.250000, 52.733600, 2.652900, 518400, 518400, 0, 0, 832750, 8640, 0, 0);
DELETE FROM pool_creature WHERE guid=140572;
INSERT INTO pool_creature VALUES (140572, 7023, 0, 'Emeriss - Feralas');
DELETE FROM creature WHERE guid=140573;
INSERT INTO creature VALUES (140573, 14890, 1, 0, 0, 3301.050000, -3732.570000, 173.544000, 2.914700, 518400, 518400, 0, 0, 832750, 8640, 0, 0);
DELETE FROM pool_creature WHERE guid=140573;
INSERT INTO pool_creature VALUES (140573, 7023, 0, 'Taerar - Ashenvale');
DELETE FROM creature WHERE guid=140574;
INSERT INTO creature VALUES (140574, 14887, 0, 0, 0, 753.619000, -4012.000000, 94.043000, 3.193000, 518400, 518400, 0, 0, 832750, 9852, 0, 0);
DELETE FROM pool_creature WHERE guid=140574;
INSERT INTO pool_creature VALUES (140574, 7023, 0, 'Ysondre - Hinterlands');
DELETE FROM pool_template WHERE entry=7023;
INSERT INTO pool_template VALUES (7023, 4, 'Nightmare Dragons');

DELETE FROM creature WHERE guid=140575;
INSERT INTO creature VALUES (140575, 14888, 0, 0, 0, 753.619000, -4012.000000, 94.043000, 3.193000, 518400, 518400, 0, 0, 832750, 0, 0, 0);
DELETE FROM pool_creature WHERE guid=140575;
INSERT INTO pool_creature VALUES (140575, 7024, 0, 'Lethon - Hinterlands');
DELETE FROM creature WHERE guid=140576;
INSERT INTO creature VALUES (140576, 14889, 0, 0, 0, -10428.800000, -392.176000, 43.741100, 0.932375, 518400, 518400, 0, 0, 832750, 8640, 0, 2);
DELETE FROM pool_creature WHERE guid=140576;
INSERT INTO pool_creature VALUES (140576, 7024, 0, 'Emeriss - Duskwood');
DELETE FROM creature WHERE guid=140577;
INSERT INTO creature VALUES (140577, 14890, 1, 0, 0, 3301.050000, -3732.570000, 173.544000, 2.914700, 518400, 518400, 0, 0, 832750, 8640, 0, 0);
DELETE FROM pool_creature WHERE guid=140577;
INSERT INTO pool_creature VALUES (140577, 7024, 0, 'Taerar - Ashenvale');
DELETE FROM creature WHERE guid=140578;
INSERT INTO creature VALUES (140578, 14887, 1, 0, 0, -2872.660000, 1884.250000, 52.733600, 2.652900, 518400, 518400, 0, 0, 832750, 9852, 0, 0);
DELETE FROM pool_creature WHERE guid=140578;
INSERT INTO pool_creature VALUES (140578, 7024, 0, 'Ysondre - Feralas');
DELETE FROM pool_template WHERE entry=7024;
INSERT INTO pool_template VALUES (7024, 4, 'Nightmare Dragons');

DELETE FROM creature WHERE guid=140579;
INSERT INTO creature VALUES (140579, 14888, 1, 0, 0, -2872.660000, 1884.250000, 52.733600, 2.652900, 518400, 518400, 0, 0, 832750, 0, 0, 0);
DELETE FROM pool_creature WHERE guid=140579;
INSERT INTO pool_creature VALUES (140579, 7025, 0, 'Lethon - Feralas');
DELETE FROM creature WHERE guid=140580;
INSERT INTO creature VALUES (140580, 14889, 0, 0, 0, -10428.800000, -392.176000, 43.741100, 0.932375, 518400, 518400, 0, 0, 832750, 8640, 0, 2);
DELETE FROM pool_creature WHERE guid=140580;
INSERT INTO pool_creature VALUES (140580, 7025, 0, 'Emeriss - Duskwood');
DELETE FROM creature WHERE guid=140581;
INSERT INTO creature VALUES (140581, 14890, 1, 0, 0, 3301.050000, -3732.570000, 173.544000, 2.914700, 518400, 518400, 0, 0, 832750, 8640, 0, 0);
DELETE FROM pool_creature WHERE guid=140581;
INSERT INTO pool_creature VALUES (140581, 7025, 0, 'Taerar - Ashenvale');
DELETE FROM creature WHERE guid=140582;
INSERT INTO creature VALUES (140582, 14887, 0, 0, 0, 753.619000, -4012.000000, 94.043000, 3.193000, 518400, 518400, 0, 0, 832750, 9852, 0, 0);
DELETE FROM pool_creature WHERE guid=140582;
INSERT INTO pool_creature VALUES (140582, 7025, 0, 'Ysondre - Hinterlands');
DELETE FROM pool_template WHERE entry=7025;
INSERT INTO pool_template VALUES (7025, 4, 'Nightmare Dragons');

-- Add pools of pools to only spawn one combination amongst the 24 ones
DELETE FROM pool_pool WHERE pool_id BETWEEN 7000 AND 7025;
INSERT INTO pool_pool VALUES (7002, 7000, 0, 'Nightmare Dragons');
INSERT INTO pool_pool VALUES (7003, 7000, 0, 'Nightmare Dragons');
INSERT INTO pool_pool VALUES (7004, 7000, 0, 'Nightmare Dragons');
INSERT INTO pool_pool VALUES (7005, 7000, 0, 'Nightmare Dragons');
INSERT INTO pool_pool VALUES (7006, 7000, 0, 'Nightmare Dragons');
INSERT INTO pool_pool VALUES (7007, 7000, 0, 'Nightmare Dragons');
INSERT INTO pool_pool VALUES (7008, 7000, 0, 'Nightmare Dragons');
INSERT INTO pool_pool VALUES (7009, 7000, 0, 'Nightmare Dragons');
INSERT INTO pool_pool VALUES (7010, 7000, 0, 'Nightmare Dragons');
INSERT INTO pool_pool VALUES (7011, 7000, 0, 'Nightmare Dragons');
INSERT INTO pool_pool VALUES (7012, 7000, 0, 'Nightmare Dragons');
INSERT INTO pool_pool VALUES (7013, 7000, 0, 'Nightmare Dragons');
INSERT INTO pool_pool VALUES (7014, 7000, 0, 'Nightmare Dragons');
INSERT INTO pool_pool VALUES (7015, 7000, 0, 'Nightmare Dragons');
INSERT INTO pool_pool VALUES (7016, 7000, 0, 'Nightmare Dragons');
INSERT INTO pool_pool VALUES (7017, 7000, 0, 'Nightmare Dragons');
INSERT INTO pool_pool VALUES (7018, 7000, 0, 'Nightmare Dragons');
INSERT INTO pool_pool VALUES (7019, 7000, 0, 'Nightmare Dragons');
INSERT INTO pool_pool VALUES (7020, 7000, 0, 'Nightmare Dragons');
INSERT INTO pool_pool VALUES (7021, 7000, 0, 'Nightmare Dragons');
INSERT INTO pool_pool VALUES (7022, 7000, 0, 'Nightmare Dragons');
INSERT INTO pool_pool VALUES (7023, 7000, 0, 'Nightmare Dragons');
INSERT INTO pool_pool VALUES (7024, 7000, 0, 'Nightmare Dragons');
INSERT INTO pool_pool VALUES (7025, 7000, 0, 'Nightmare Dragons');
-- Master pool
DELETE FROM pool_template WHERE entry=7000;
INSERT INTO pool_template VALUES (7000, 1, 'Nightmare Dragons');

-- Add waypoints in each dragon template to be used by the one spawned in Duskwood
DELETE FROM creature_movement_template WHERE entry=14887;
INSERT INTO creature_movement_template VALUES (14887, 0, 1, -10432, -397.764, 44.0564, 3.74772, 0, 0, 'Ysondre in Duskwood');
INSERT INTO creature_movement_template VALUES (14887, 0, 2, -10446.3, -408.543, 43.0474, 3.78699, 0, 0, 'Ysondre in Duskwood');
INSERT INTO creature_movement_template VALUES (14887, 0, 3, -10467.4, -402.571, 42.3895, 3.17831, 0, 0, 'Ysondre in Duskwood');
INSERT INTO creature_movement_template VALUES (14887, 0, 4, -10501.2, -405.028, 51.5425, 4.16398, 0, 0, 'Ysondre in Duskwood');
INSERT INTO creature_movement_template VALUES (14887, 0, 5, -10504, -414.706, 49.6396, 4.56454, 0, 0, 'Ysondre in Duskwood');
INSERT INTO creature_movement_template VALUES (14887, 0, 6, -10505.4, -424.041, 49.1419, 4.53705, 0, 0, 'Ysondre in Duskwood');
INSERT INTO creature_movement_template VALUES (14887, 0, 7, -10506.5, -429.939, 47.9837, 4.95723, 0, 0, 'Ysondre in Duskwood');
INSERT INTO creature_movement_template VALUES (14887, 0, 8, -10506.9, -447.296, 48.5073, 4.59202, 0, 0, 'Ysondre in Duskwood');
INSERT INTO creature_movement_template VALUES (14887, 0, 9, -10510, -460.381, 47.8511, 4.70983, 0, 0, 'Ysondre in Duskwood');
INSERT INTO creature_movement_template VALUES (14887, 0, 10, -10507.3, -489.449, 53.4729, 5.93898, 0, 0, 'Ysondre in Duskwood');
INSERT INTO creature_movement_template VALUES (14887, 0, 11, -10495.8, -496.354, 52.7622, 6.00574, 0, 0, 'Ysondre in Duskwood');
INSERT INTO creature_movement_template VALUES (14887, 0, 12, -10474.3, -497.657, 51.3791, 0.488316, 0, 0, 'Ysondre in Duskwood');
INSERT INTO creature_movement_template VALUES (14887, 0, 13, -10458.5, -491.837, 52.7595, 0.720009, 0, 0, 'Ysondre in Duskwood');
INSERT INTO creature_movement_template VALUES (14887, 0, 14, -10444.1, -472.517, 50.125, 1.2423, 0, 0, 'Ysondre in Duskwood');
INSERT INTO creature_movement_template VALUES (14887, 0, 15, -10439, -457.246, 47.2037, 1.2423, 0, 0, 'Ysondre in Duskwood');
INSERT INTO creature_movement_template VALUES (14887, 0, 16, -10435.4, -426.287, 43.7389, 1.58002, 0, 0, 'Ysondre in Duskwood');
INSERT INTO creature_movement_template VALUES (14887, 0, 17, -10436.2, -405.776, 43.8583, 1.60751, 0, 0, 'Ysondre in Duskwood');

DELETE FROM creature_movement_template WHERE entry=14888;
INSERT INTO creature_movement_template VALUES (14888, 0, 1, -10432, -397.764, 44.0564, 3.74772, 0, 0, 'Lethon in Duskwood');
INSERT INTO creature_movement_template VALUES (14888, 0, 2, -10446.3, -408.543, 43.0474, 3.78699, 0, 0, 'Lethon in Duskwood');
INSERT INTO creature_movement_template VALUES (14888, 0, 3, -10467.4, -402.571, 42.3895, 3.17831, 0, 0, 'Lethon in Duskwood');
INSERT INTO creature_movement_template VALUES (14888, 0, 4, -10501.2, -405.028, 51.5425, 4.16398, 0, 0, 'Lethon in Duskwood');
INSERT INTO creature_movement_template VALUES (14888, 0, 5, -10504, -414.706, 49.6396, 4.56454, 0, 0, 'Lethon in Duskwood');
INSERT INTO creature_movement_template VALUES (14888, 0, 6, -10505.4, -424.041, 49.1419, 4.53705, 0, 0, 'Lethon in Duskwood');
INSERT INTO creature_movement_template VALUES (14888, 0, 7, -10506.5, -429.939, 47.9837, 4.95723, 0, 0, 'Lethon in Duskwood');
INSERT INTO creature_movement_template VALUES (14888, 0, 8, -10506.9, -447.296, 48.5073, 4.59202, 0, 0, 'Lethon in Duskwood');
INSERT INTO creature_movement_template VALUES (14888, 0, 9, -10510, -460.381, 47.8511, 4.70983, 0, 0, 'Lethon in Duskwood');
INSERT INTO creature_movement_template VALUES (14888, 0, 10, -10507.3, -489.449, 53.4729, 5.93898, 0, 0, 'Lethon in Duskwood');
INSERT INTO creature_movement_template VALUES (14888, 0, 11, -10495.8, -496.354, 52.7622, 6.00574, 0, 0, 'Lethon in Duskwood');
INSERT INTO creature_movement_template VALUES (14888, 0, 12, -10474.3, -497.657, 51.3791, 0.488316, 0, 0, 'Lethon in Duskwood');
INSERT INTO creature_movement_template VALUES (14888, 0, 13, -10458.5, -491.837, 52.7595, 0.720009, 0, 0, 'Lethon in Duskwood');
INSERT INTO creature_movement_template VALUES (14888, 0, 14, -10444.1, -472.517, 50.125, 1.2423, 0, 0, 'Lethon in Duskwood');
INSERT INTO creature_movement_template VALUES (14888, 0, 15, -10439, -457.246, 47.2037, 1.2423, 0, 0, 'Lethon in Duskwood');
INSERT INTO creature_movement_template VALUES (14888, 0, 16, -10435.4, -426.287, 43.7389, 1.58002, 0, 0, 'Lethon in Duskwood');
INSERT INTO creature_movement_template VALUES (14888, 0, 17, -10436.2, -405.776, 43.8583, 1.60751, 0, 0, 'Lethon in Duskwood');

DELETE FROM creature_movement_template WHERE entry=14889;
INSERT INTO creature_movement_template VALUES (14889, 0, 1, -10432, -397.764, 44.0564, 3.74772, 0, 0, 'Emeriss in Duskwood');
INSERT INTO creature_movement_template VALUES (14889, 0, 2, -10446.3, -408.543, 43.0474, 3.78699, 0, 0, 'Emeriss in Duskwood');
INSERT INTO creature_movement_template VALUES (14889, 0, 3, -10467.4, -402.571, 42.3895, 3.17831, 0, 0, 'Emeriss in Duskwood');
INSERT INTO creature_movement_template VALUES (14889, 0, 4, -10501.2, -405.028, 51.5425, 4.16398, 0, 0, 'Emeriss in Duskwood');
INSERT INTO creature_movement_template VALUES (14889, 0, 5, -10504, -414.706, 49.6396, 4.56454, 0, 0, 'Emeriss in Duskwood');
INSERT INTO creature_movement_template VALUES (14889, 0, 6, -10505.4, -424.041, 49.1419, 4.53705, 0, 0, 'Emeriss in Duskwood');
INSERT INTO creature_movement_template VALUES (14889, 0, 7, -10506.5, -429.939, 47.9837, 4.95723, 0, 0, 'Emeriss in Duskwood');
INSERT INTO creature_movement_template VALUES (14889, 0, 8, -10506.9, -447.296, 48.5073, 4.59202, 0, 0, 'Emeriss in Duskwood');
INSERT INTO creature_movement_template VALUES (14889, 0, 9, -10510, -460.381, 47.8511, 4.70983, 0, 0, 'Emeriss in Duskwood');
INSERT INTO creature_movement_template VALUES (14889, 0, 10, -10507.3, -489.449, 53.4729, 5.93898, 0, 0, 'Emeriss in Duskwood');
INSERT INTO creature_movement_template VALUES (14889, 0, 11, -10495.8, -496.354, 52.7622, 6.00574, 0, 0, 'Emeriss in Duskwood');
INSERT INTO creature_movement_template VALUES (14889, 0, 12, -10474.3, -497.657, 51.3791, 0.488316, 0, 0, 'Emeriss in Duskwood');
INSERT INTO creature_movement_template VALUES (14889, 0, 13, -10458.5, -491.837, 52.7595, 0.720009, 0, 0, 'Emeriss in Duskwood');
INSERT INTO creature_movement_template VALUES (14889, 0, 14, -10444.1, -472.517, 50.125, 1.2423, 0, 0, 'Emeriss in Duskwood');
INSERT INTO creature_movement_template VALUES (14889, 0, 15, -10439, -457.246, 47.2037, 1.2423, 0, 0, 'Emeriss in Duskwood');
INSERT INTO creature_movement_template VALUES (14889, 0, 16, -10435.4, -426.287, 43.7389, 1.58002, 0, 0, 'Emeriss in Duskwood');
INSERT INTO creature_movement_template VALUES (14889, 0, 17, -10436.2, -405.776, 43.8583, 1.60751, 0, 0, 'Emeriss in Duskwood');

DELETE FROM creature_movement_template WHERE entry=14890;
INSERT INTO creature_movement_template VALUES (14890, 0, 1, -10432, -397.764, 44.0564, 3.74772, 0, 0, 'Taerar in Duskwood');
INSERT INTO creature_movement_template VALUES (14890, 0, 2, -10446.3, -408.543, 43.0474, 3.78699, 0, 0, 'Taerar in Duskwood');
INSERT INTO creature_movement_template VALUES (14890, 0, 3, -10467.4, -402.571, 42.3895, 3.17831, 0, 0, 'Taerar in Duskwood');
INSERT INTO creature_movement_template VALUES (14890, 0, 4, -10501.2, -405.028, 51.5425, 4.16398, 0, 0, 'Taerar in Duskwood');
INSERT INTO creature_movement_template VALUES (14890, 0, 5, -10504, -414.706, 49.6396, 4.56454, 0, 0, 'Taerar in Duskwood');
INSERT INTO creature_movement_template VALUES (14890, 0, 6, -10505.4, -424.041, 49.1419, 4.53705, 0, 0, 'Taerar in Duskwood');
INSERT INTO creature_movement_template VALUES (14890, 0, 7, -10506.5, -429.939, 47.9837, 4.95723, 0, 0, 'Taerar in Duskwood');
INSERT INTO creature_movement_template VALUES (14890, 0, 8, -10506.9, -447.296, 48.5073, 4.59202, 0, 0, 'Taerar in Duskwood');
INSERT INTO creature_movement_template VALUES (14890, 0, 9, -10510, -460.381, 47.8511, 4.70983, 0, 0, 'Taerar in Duskwood');
INSERT INTO creature_movement_template VALUES (14890, 0, 10, -10507.3, -489.449, 53.4729, 5.93898, 0, 0, 'Taerar in Duskwood');
INSERT INTO creature_movement_template VALUES (14890, 0, 11, -10495.8, -496.354, 52.7622, 6.00574, 0, 0, 'Taerar in Duskwood');
INSERT INTO creature_movement_template VALUES (14890, 0, 12, -10474.3, -497.657, 51.3791, 0.488316, 0, 0, 'Taerar in Duskwood');
INSERT INTO creature_movement_template VALUES (14890, 0, 13, -10458.5, -491.837, 52.7595, 0.720009, 0, 0, 'Taerar in Duskwood');
INSERT INTO creature_movement_template VALUES (14890, 0, 14, -10444.1, -472.517, 50.125, 1.2423, 0, 0, 'Taerar in Duskwood');
INSERT INTO creature_movement_template VALUES (14890, 0, 15, -10439, -457.246, 47.2037, 1.2423, 0, 0, 'Taerar in Duskwood');
INSERT INTO creature_movement_template VALUES (14890, 0, 16, -10435.4, -426.287, 43.7389, 1.58002, 0, 0, 'Taerar in Duskwood');
INSERT INTO creature_movement_template VALUES (14890, 0, 17, -10436.2, -405.776, 43.8583, 1.60751, 0, 0, 'Taerar in Duskwood');
