-- Fix speed of Battleguard Sartura's adds
UPDATE creature_template SET SpeedWalk=6, SpeedRun=2.14286 WHERE Entry=15984;

-- Prevent trash mobs before Battleguard Sartura to respawn once boss is defeated
DELETE FROM creature_linking_template WHERE entry IN (15233, 15247);
INSERT INTO creature_linking_template VALUES
(15233, 531, 15516, 1024, 0),	-- Vekniss Guardian
(15247, 531, 15516, 1024, 0);	-- Qiraji Brainwasher

-- Prevent Battleguard Sartura's adds to respawn once boss is defeated
UPDATE creature_linking_template SET Flag=1543 WHERE entry=15984;

DELETE FROM creature_linking WHERE master_guid IN (87672, 87675, 87648);
INSERT INTO creature_linking VALUES
(87674, 87672, 1539),	-- Vekniss Warrior -> Vekniss Warrior
(87673, 87672, 1539),	-- Vekniss Warrior -> Vekniss Warrior
(87676, 87675, 1539),	-- Vekniss Warrior -> Vekniss Warrior
(87677, 87675, 1539),	-- Vekniss Warrior -> Vekniss Warrior
(87672, 87648, 1024),	-- Vekniss Warrior -> Battleguard Sartura
(87675, 87648, 1024);	-- Vekniss Warrior -> Battleguard Sartura

-- Add missing waypoints for patrolling Vekniss Warriors
UPDATE creature SET orientation=4.6427, MovementType=2 WHERE guid=87672;
UPDATE creature SET MovementType=2 WHERE guid=87675;

DELETE FROM creature_movement WHERE id IN (87672, 87675);
INSERT INTO creature_movement (id,point,position_x,position_y,position_z,orientation) VALUES
(87675,1, -8332.093750,1767.055176,-6.315862, 2.112019),
(87675,2, -8346.960938,1796.275024,-1.913727, 2.031908),
(87675,3, -8367.693359,1843.439941,1.305033, 1.977715),
(87675,4, -8388.303711,1889.072510,2.167687, 1.977715),
(87675,5, -8398.438477,1926.703979,2.634802, 1.770370),
(87675,6, -8402.466797,1960.255371,3.483692, 1.664341),
(87675,7, -8405.783203,1995.601318,5.019310, 1.753092),
(87675,8, -8406.278320,2016.333862,8.624315, 1.696543),
(87675,9, -8415.750977,2031.076050,9.734654, 2.575404),
(87675,10, -8438.739258,2029.958496,9.464540, 3.482539),
(87675,11, -8434.481445,2030.963989,9.346014, 0.217638),
(87675,12, -8415.110352,2030.713623,9.820585, 5.304661),
(87675,13, -8405.872070,2014.742798,8.350703, 4.739960),
(87675,14, -8405.079102,1991.951294,4.237167, 4.791796),
(87675,15, -8403.020508,1966.077026,3.403755, 4.791796),
(87675,16, -8399.055664,1930.018433,2.801889, 5.050978),
(87675,17, -8388.430664,1891.074829,2.192827, 5.058046),
(87675,18, -8368.690430,1846.603271,1.415014, 5.202561),
(87675,19, -8347.176758,1796.977417,-1.881128, 5.178999),
(87672,1, -8590.302734,2107.197754,-6.059443, 4.677130),
(87672,2, -8592.215820,2079.294922,-1.562518, 4.719542),
(87672,3, -8587.105469,2059.391602,-1.608489, 5.082396),
(87672,4, -8580.590820,2033.503052,-2.675234, 4.896256),
(87672,5, -8579.770508,2003.929932,-1.852016, 4.648856),
(87672,6, -8581.592773,1969.067139,-1.468682, 4.601732),
(87672,7, -8580.052734,1949.105469,-1.164215, 4.863270),
(87672,8, -8569.677734,1939.580933,1.088376, 6.174885),
(87672,9, -8554.791992,1942.593262,4.836808, 0.400637),
(87672,10, -8539.649414,1957.378052,9.894030, 0.951987),
(87672,11, -8534.827148,1978.542480,15.928457, 1.493912),
(87672,12, -8531.692383,1990.342285,20.111366, 0.794122),
(87672,13, -8517.937500,1997.208984,21.930674, 0.311102),
(87672,14, -8501.130859,2003.831787,18.347467, 0.377076),
(87672,15, -8471.843750,2015.430054,16.340757, 0.377076),
(87672,16, -8444.858398,2028.265991,10.417350, 0.337020),
(87672,17, -8425.608398,2032.168823,9.179296, 6.057075),
(87672,18, -8413.295898,2023.969604,9.510456, 5.133446),
(87672,19, -8402.691406,1991.596191,4.396832, 5.109885),
(87672,20, -8397.168945,1974.581543,2.792478, 5.109885),
(87672,21, -8384.301758,1966.201904,1.995229, 5.889000),
(87672,22, -8367.915039,1961.935181,-1.737944, 6.108126),
(87672,23, -8355.493164,1942.033081,-2.142240, 5.142086),
(87672,24, -8362.294922,1954.037598,-2.030258, 2.262815),
(87672,25, -8373.656250,1963.701416,-0.183761, 2.866001),
(87672,26, -8389.484375,1968.273804,2.406973, 2.759972),
(87672,27, -8400.133789,1977.639526,2.969868, 2.163855),
(87672,28, -8405.736328,1998.105103,5.607938, 1.775083),
(87672,29, -8406.942383,2015.381714,8.508602, 1.723246),
(87672,30, -8415.200195,2027.173340,9.775426, 2.503147),
(87672,31, -8430.690430,2031.799683,9.283230, 3.224143),
(87672,32, -8452.574219,2023.795776,13.068195, 3.605846),
(87672,33, -8474.243164,2014.335449,16.574764, 3.535161),
(87672,34, -8504.842773,2002.486572,19.451927, 3.424419),
(87672,35, -8517.772461,1998.136230,22.001850, 3.504530),
(87672,36, -8529.587891,1989.731812,20.660572, 4.126565),
(87672,37, -8535.603516,1973.202393,14.253152, 4.463501),
(87672,38, -8541.245117,1954.318481,8.980849, 4.244375),
(87672,39, -8553.063477,1943.253052,5.300278, 3.660039),
(87672,40, -8569.767578,1939.023926,1.061766, 3.134607),
(87672,41, -8579.648438,1945.413330,-0.255342, 2.175635);
