
REPLACE INTO `gameobject` (`guid`, `id`, `map`, `position_x`, `position_y`, `position_z`, `orientation`, `rotation0`, `rotation1`, `rotation2`, `rotation3`, `spawntimesecsmin`, `spawntimesecsmax`, `animprogress`, `state`) VALUES
('11442', '2857', '0', '-6381.32031250000', '-3413.036865234375', '241.6661834716796875', '3.001946926116943359', '0', '0', '0.989015579223632812', '0.147811368107795715', '300', '300', '100', '1'), -- Hammertoe's Digsite
('11440', '2857', '0', '-6468.92773437500', '-3400.445800781250', '241.4890136718750000', '1.570795774459838867', '0', '0', '0.707106590270996093', '0.707106947898864746', '300', '300', '100', '1'), -- Hammertoe's Digsite (exists)
('11459', '2857', '0', '-6324.55126953125', '-3111.325439453125', '300.2786254882812500', '3.490667104721069335', '0', '0', '-0.98480701446533203', '0.173652306199073791', '300', '300', '100', '1'), -- Angor Fortress
('11462', '2857', '0', '-6321.19531250000', '-3088.821533203125', '301.1128234863281250', '5.654868602752685546', '0', '0', '-0.30901622772216796', '0.951056778430938720', '300', '300', '100', '1'), -- Angor Fortress
('11464', '2857', '0', '-6368.06494140625', '-3135.104492187500', '283.8892517089843750', '1.466075778007507324', '0', '0', '0.669130325317382812', '0.743145048618316650', '300', '300', '100', '1'), -- Angor Fortress
('11501', '2857', '0', '-6357.33056640625', '-3091.657958984375', '301.1106567382812500', '5.637413978576660156', '0', '0', '-0.31730461120605468', '0.948323667049407958', '300', '300', '100', '1'), -- Angor Fortress (exists)
('11473', '2857', '0', '-7018.64257812500', '-3341.542724609375', '241.6666717529296875', '6.195919513702392578', '0', '0', '-0.04361915588378906', '0.999048233032226562', '300', '300', '100', '1'), -- Agmond's End
('11478', '2857', '0', '-6823.49414062500', '-2813.374267578125', '242.6319122314453125', '2.844882726669311523', '0', '0', '0.989015579223632812', '0.147811368107795715', '300', '300', '100', '1'), -- Camp Wurg
('11481', '2857', '0', '-7055.18115234375', '-3638.682617187500', '241.6666717529296875', '1.291541695594787597', '0', '0', '0.601814270019531250', '0.798636078834533691', '300', '300', '100', '1'), -- Camp Boff
('11503', '2857', '0', '-7132.20019531250', '-2424.152832031250', '240.7903900146484375', '3.769911527633666992', '0', '0', '-0.95105648040771484', '0.309017121791839599', '300', '300', '100', '1'); -- Camp Cagg (exists)

REPLACE INTO `pool_template` (`entry`, `max_limit`, `description`) VALUES
('39923', '3', 'Badlands - Master Chest Pool'),
('39940', '1', 'Badlands (Hammertoe''s Digsite) - Chest Pool'),
('39941', '1', 'Badlands (Angor Fortress) - Chest Pool'),
('39942', '1', 'Badlands (Agmond''s End) - Chest Pool'),
('39943', '1', 'Badlands (Camp Wurg) - Chest Pool'),
('39944', '1', 'Badlands (Camp Boff) - Chest Pool'),
('39945', '1', 'Badlands (Camp Cagg) - Chest Pool');

REPLACE INTO `pool_pool` (`pool_id`, `mother_pool`, `chance`, `description`) VALUES
('39940', '39923', '0', 'Badlands (Hammertoe''s Digsite) - Chest Pool'),
('39941', '39923', '0', 'Badlands (Angor Fortress) - Chest Pool'),
('39942', '39923', '0', 'Badlands (Agmond''s End) - Chest Pool'),
('39943', '39923', '0', 'Badlands (Camp Wurg) - Chest Pool'),
('39944', '39923', '0', 'Badlands (Camp Boff) - Chest Pool'),
('39945', '39923', '0', 'Badlands (Camp Cagg) - Chest Pool');

REPLACE INTO `pool_gameobject` (`guid`, `pool_entry`, `chance`, `description`) VALUES
('11442', '39940', '0', 'Badlands (Hammertoe''s Digsite) - Solid Chest (2857)'),
('11440', '39940', '0', 'Badlands (Hammertoe''s Digsite) - Solid Chest (2857)'),
('11459', '39941', '0', 'Badlands (Angor Fortress) - Solid Chest (2857)'),
('11462', '39941', '0', 'Badlands (Angor Fortress) - Solid Chest (2857)'),
('11464', '39941', '0', 'Badlands (Angor Fortress) - Solid Chest (2857)'),
('11501', '39941', '0', 'Badlands (Angor Fortress) - Solid Chest (2857)'),
('11473', '39942', '0', 'Badlands (Agmond''s End) - Solid Chest (2857)'),
('11478', '39943', '0', 'Badlands (Camp Wurg) - Solid Chest (2857)'),
('11481', '39944', '0', 'Badlands (Camp Boff) - Solid Chest (2857)'),
('11503', '39945', '0', 'Badlands (Camp Cagg) - Solid Chest (2857)');
