
DELETE FROM `creature` WHERE `guid` IN ( '125681', '125682'); -- in map 1
REPLACE INTO `creature` (`guid`, `id`, `map`, `modelid`, `equipment_id`, `position_x`, `position_y`, `position_z`, `orientation`, `spawntimesecsmin`, `spawntimesecsmax`, `spawndist`, `currentwaypoint`, `curhealth`, `curmana`, `DeathState`, `MovementType`) VALUES
('52723', '12790', '450', '0', '0', '239.886', '84.1280', '24.8548', '1.11701', '180', '300', '0', '0', '6474', '0', '0', '0'),
('52724', '12795', '450', '0', '0', '256.598', '70.6699', '25.8037', '2.32129', '180', '300', '0', '0', '5228', '0', '0', '0'),
('86367', '12791', '450', '0', '0', '246.830', '82.4214', '24.8454', '2.56563', '180', '300', '0', '0', '6474', '0', '0', '0'),
('86378', '12796', '450', '0', '0', '258.963', '73.2198', '25.8045', '2.49582', '180', '300', '0', '0', '5228', '0', '0', '0'),
('86381', '12793', '450', '0', '0', '256.485', '99.3971', '25.8042', '3.96190', '180', '300', '0', '0', '5228', '0', '0', '0'),
('86419', '12794', '450', '0', '0', '240.616', '103.316', '25.8049', '4.85202', '180', '300', '0', '0', '5228', '0', '0', '0'),
('86421', '12789', '450', '0', '0', '246.295', '86.5842', '24.8598', '3.71755', '180', '300', '0', '0', '6474', '0', '0', '0'),
('86422', '12788', '450', '0', '0', '239.877', '85.6123', '24.8598', '6.12611', '180', '300', '0', '0', '6474', '0', '0', '0'),
('86425', '12797', '450', '0', '0', '230.810', '86.7280', '25.8016', '6.12611', '180', '300', '0', '0', '6474', '0', '0', '0'),
('86423', '12798', '450', '0', '0', '238.214', '73.3759', '25.7981', '1.18682', '180', '300', '0', '0', '6474', '0', '0', '0'),
('86420', '12792', '450', '0', '0', '261.771', '86.2750', '25.8042', '3.19395', '180', '300', '0', '0', '5228', '0', '0', '0'),
('86418', '14581', '450', '0', '0', '244.059', '103.591', '25.8036', '4.66003', '180', '300', '0', '0', '5228', '0', '0', '0');

REPLACE INTO `creature` (`guid`, `id`, `map`, `modelid`, `equipment_id`, `position_x`, `position_y`, `position_z`, `orientation`, `spawntimesecsmin`, `spawntimesecsmax`, `spawndist`, `currentwaypoint`, `curhealth`, `curmana`, `DeathState`, `MovementType`) VALUES
('590007', '12799', '1', '0', '0', '1632.21', '-4262.19', '49.027', '3.63028', '180', '300', '0', '0', '5228', '0', '0', '0');

UPDATE `creature_equip_template` SET `equipentry1` = '14874' WHERE (`entry` = '12794');

REPLACE INTO `creature_template_addon` (`entry`, `mount`, `bytes1`, `b2_0_sheath`, `b2_1_flags`, `emote`, `moveflags`) VALUES
('12788', '0', '0', '0', '16', '0', '0'),
('12789', '0', '0', '0', '16', '0', '0'),
('12790', '0', '0', '1', '16', '0', '0'),
('12791', '0', '0', '2', '16', '0', '0'),
('12792', '0', '0', '0', '16', '0', '0'),
('12793', '0', '0', '0', '16', '0', '0'),
('12794', '0', '0', '0', '16', '0', '0'),
('12795', '0', '0', '0', '16', '0', '0'),
('12796', '0', '0', '0', '16', '0', '0'),
('12797', '0', '0', '1', '16', '0', '0'),
('12798', '0', '0', '1', '16', '0', '0'),
('14581', '0', '0', '0', '16', '0', '0');

REPLACE INTO `gameobject` (`guid`, `id`, `map`, `position_x`, `position_y`, `position_z`, `orientation`, `rotation0`, `rotation1`, `rotation2`, `rotation3`, `spawntimesecsmin`, `spawntimesecsmax`, `animprogress`, `state`) VALUES
('47567', '179707', '450', '242.9784851074218750', '87.13777160644531250', '25.80420875549316406', '4.904376029968261718', '0', '0', '-0.63607788085937500', '0.771624863147735595', '180', '300', '100', '1'),
('47570', '176570', '450', '242.5849456787109375', '97.20764160156250000', '25.82601547241210937', '1.195548772811889648', '0', '0', '0.562804222106933593', '0.826590240001678466', '180', '300', '255', '1'),
('47571', '176571', '450', '230.5503997802734375', '83.68984222412109375', '25.79817581176757812', '1.195548772811889648', '0', '0', '0.562804222106933593', '0.826590240001678466', '180', '300', '255', '1'),
('47572', '176572', '450', '235.8290710449218750', '74.55625152587890625', '25.79817390441894531', '2.932138919830322265', '0', '0', '0.994521141052246093', '0.104535527527332305', '180', '300', '255', '1'),
('47573', '176567', '450', '251.4891967773437500', '94.47144317626953125', '25.82601547241210937', '0.968657314777374267', '0', '0', '0.465614318847656250', '0.884987771511077880', '180', '300', '255', '1'),
('47574', '176568', '450', '255.7041778564453125', '85.47332763671875000', '25.82601356506347656', '5.715955257415771484', '0', '0', '-0.27982807159423828', '0.960050106048583984', '180', '300', '255', '1'),
('47576', '176569', '450', '252.4973754882812500', '76.74610137939453125', '25.82601547241210937', '5.000368118286132812', '0', '0', '-0.59832477569580078', '0.801253676414489746', '180', '300', '255', '1');

UPDATE `creature_template` SET `NpcFlags` = '16388' WHERE (`Entry` IN ('14581', '12792'));

-- Lady Palanseer
DELETE FROM `npc_vendor` WHERE `entry`='12792';
INSERT INTO `npc_vendor` (`entry`, `item`, `maxcount`, `incrtime`, `condition_id`, `comments`) VALUES
('12792', '16533', '0', '0', '0', 'Warlord\'s Silk Cowl'),
('12792', '16534', '0', '0', '0', 'General\'s Silk Trousers'),
('12792', '16535', '0', '0', '0', 'Warlord\'s Silk Raiment'),
('12792', '16536', '0', '0', '0', 'Warlord\'s Silk Amice'),
('12792', '16539', '0', '0', '0', 'General\'s Silk Boots'),
('12792', '16540', '0', '0', '0', 'General\'s Silk Handguards'),
('12792', '16541', '0', '0', '0', 'Warlord\'s Plate Armor'),
('12792', '16542', '0', '0', '0', 'Warlord\'s Plate Headpiece'),
('12792', '16543', '0', '0', '0', 'General\'s Plate Leggings'),
('12792', '16544', '0', '0', '0', 'Warlord\'s Plate Shoulders'),
('12792', '16545', '0', '0', '0', 'General\'s Plate Boots'),
('12792', '16548', '0', '0', '0', 'General\'s Plate Gauntlets'),
('12792', '16549', '0', '0', '0', 'Warlord\'s Dragonhide Hauberk'),
('12792', '16550', '0', '0', '0', 'Warlord\'s Dragonhide Helmet'),
('12792', '16551', '0', '0', '0', 'Warlord\'s Dragonhide Epaulets'),
('12792', '16552', '0', '0', '0', 'General\'s Dragonhide Leggings'),
('12792', '16554', '0', '0', '0', 'General\'s Dragonhide Boots'),
('12792', '16555', '0', '0', '0', 'General\'s Dragonhide Gloves'),
('12792', '16558', '0', '0', '0', 'General\'s Leather Treads'),
('12792', '16560', '0', '0', '0', 'General\'s Leather Mitts'),
('12792', '16561', '0', '0', '0', 'Warlord\'s Leather Helm'),
('12792', '16562', '0', '0', '0', 'Warlord\'s Leather Spaulders'),
('12792', '16563', '0', '0', '0', 'Warlord\'s Leather Breastplate'),
('12792', '16564', '0', '0', '0', 'General\'s Leather Legguards'),
('12792', '16565', '0', '0', '0', 'Warlord\'s Chain Chestpiece'),
('12792', '16566', '0', '0', '0', 'Warlord\'s Chain Helmet'),
('12792', '16567', '0', '0', '0', 'General\'s Chain Legguards'),
('12792', '16568', '0', '0', '0', 'Warlord\'s Chain Shoulders'),
('12792', '16569', '0', '0', '0', 'General\'s Chain Boots'),
('12792', '16571', '0', '0', '0', 'General\'s Chain Gloves'),
('12792', '16573', '0', '0', '0', 'General\'s Mail Boots'),
('12792', '16574', '0', '0', '0', 'General\'s Mail Gauntlets'),
('12792', '16577', '0', '0', '0', 'Warlord\'s Mail Armor'),
('12792', '16578', '0', '0', '0', 'Warlord\'s Mail Helm'),
('12792', '16579', '0', '0', '0', 'General\'s Mail Leggings'),
('12792', '16580', '0', '0', '0', 'Warlord\'s Mail Spaulders'),
('12792', '17586', '0', '0', '0', 'General\'s Dreadweave Boots'),
('12792', '17588', '0', '0', '0', 'General\'s Dreadweave Gloves'),
('12792', '17590', '0', '0', '0', 'Warlord\'s Dreadweave Mantle'),
('12792', '17591', '0', '0', '0', 'Warlord\'s Dreadweave Hood'),
('12792', '17592', '0', '0', '0', 'Warlord\'s Dreadweave Robe'),
('12792', '17593', '0', '0', '0', 'General\'s Dreadweave Pants'),
('12792', '17618', '0', '0', '0', 'General\'s Satin Boots'),
('12792', '17620', '0', '0', '0', 'General\'s Satin Gloves'),
('12792', '17622', '0', '0', '0', 'Warlord\'s Satin Mantle'),
('12792', '17623', '0', '0', '0', 'Warlord\'s Satin Cowl'),
('12792', '17624', '0', '0', '0', 'Warlord\'s Satin Robes'),
('12792', '17625', '0', '0', '0', 'General\'s Satin Leggings'),
('12792', '22843', '0', '0', '0', 'Blood Guard\'s Chain Greaves'),
('12792', '22852', '0', '0', '0', 'Blood Guard\'s Dragonhide Treads'),
('12792', '22855', '0', '0', '0', 'Blood Guard\'s Dreadweave Walkers'),
('12792', '22856', '0', '0', '0', 'Blood Guard\'s Leather Walkers'),
('12792', '22857', '0', '0', '0', 'Blood Guard\'s Mail Greaves'),
('12792', '22858', '0', '0', '0', 'Blood Guard\'s Plate Greaves'),
('12792', '22859', '0', '0', '0', 'Blood Guard\'s Satin Walkers'),
('12792', '22860', '0', '0', '0', 'Blood Guard\'s Silk Walkers'),
('12792', '22862', '0', '0', '0', 'Blood Guard\'s Chain Vices'),
('12792', '22863', '0', '0', '0', 'Blood Guard\'s Dragonhide Grips'),
('12792', '22864', '0', '0', '0', 'Blood Guard\'s Leather Grips'),
('12792', '22865', '0', '0', '0', 'Blood Guard\'s Dreadweave Handwraps'),
('12792', '22867', '0', '0', '0', 'Blood Guard\'s Mail Vices'),
('12792', '22868', '0', '0', '0', 'Blood Guard\'s Plate Gauntlets'),
('12792', '22869', '0', '0', '0', 'Blood Guard\'s Satin Handwraps'),
('12792', '22870', '0', '0', '0', 'Blood Guard\'s Silk Handwraps'),
('12792', '22872', '0', '0', '0', 'Legionnaire\'s Plate Hauberk'),
('12792', '22873', '0', '0', '0', 'Legionnaire\'s Plate Leggings'),
('12792', '22874', '0', '0', '0', 'Legionnaire\'s Chain Hauberk'),
('12792', '22875', '0', '0', '0', 'Legionnaire\'s Chain Legguards'),
('12792', '22876', '0', '0', '0', 'Legionnaire\'s Mail Hauberk'),
('12792', '22877', '0', '0', '0', 'Legionnaire\'s Dragonhide Chestpiece'),
('12792', '22878', '0', '0', '0', 'Legionnaire\'s Dragonhide Leggings'),
('12792', '22879', '0', '0', '0', 'Legionnaire\'s Leather Chestpiece'),
('12792', '22880', '0', '0', '0', 'Legionnaire\'s Leather Legguards'),
('12792', '22881', '0', '0', '0', 'Legionnaire\'s Dreadweave Legguards'),
('12792', '22882', '0', '0', '0', 'Legionnaire\'s Satin Legguards'),
('12792', '22883', '0', '0', '0', 'Legionnaire\'s Silk Legguards'),
('12792', '22884', '0', '0', '0', 'Legionnaire\'s Dreadweave Tunic'),
('12792', '22885', '0', '0', '0', 'Legionnaire\'s Satin Tunic'),
('12792', '22886', '0', '0', '0', 'Legionnaire\'s Silk Tunic'),
('12792', '22887', '0', '0', '0', 'Legionnaire\'s Mail Legguards'),
('12792', '23243', '0', '0', '0', 'Champion\'s Plate Shoulders'),
('12792', '23244', '0', '0', '0', 'Champion\'s Plate Helm'),
('12792', '23251', '0', '0', '0', 'Champion\'s Chain Helm'),
('12792', '23252', '0', '0', '0', 'Champion\'s Chain Shoulders'),
('12792', '23253', '0', '0', '0', 'Champion\'s Dragonhide Headguard'),
('12792', '23254', '0', '0', '0', 'Champion\'s Dragonhide Shoulders'),
('12792', '23255', '0', '0', '0', 'Champion\'s Dreadweave Cowl'),
('12792', '23256', '0', '0', '0', 'Champion\'s Dreadweave Spaulders'),
('12792', '23257', '0', '0', '0', 'Champion\'s Leather Helm'),
('12792', '23258', '0', '0', '0', 'Champion\'s Leather Shoulders'),
('12792', '23259', '0', '0', '0', 'Champion\'s Mail Headguard'),
('12792', '23260', '0', '0', '0', 'Champion\'s Mail Pauldrons'),
('12792', '23261', '0', '0', '0', 'Champion\'s Satin Hood'),
('12792', '23262', '0', '0', '0', 'Champion\'s Satin Mantle'),
('12792', '23263', '0', '0', '0', 'Champion\'s Silk Cowl'),
('12792', '23264', '0', '0', '0', 'Champion\'s Silk Mantle');

-- Brave Stonehide
DELETE FROM `npc_vendor` WHERE `entry`='12793';
REPLACE INTO `npc_vendor` (`entry`, `item`, `maxcount`, `incrtime`, `condition_id`, `comments`) VALUES
('12793', '15199', '0', '0', '0', 'Stone Guard\'s Herald'),
('12793', '18607', '0', '0', '0', 'Horde Battle Standard'),
('12793', '18839', '0', '0', '0', 'Combat Healing Potion'),
('12793', '18841', '0', '0', '0', 'Combat Mana Potion');

-- Sergeant Thunderhorn
DELETE FROM `npc_vendor` WHERE `entry`='14581';
REPLACE INTO `npc_vendor` (`entry`, `item`, `maxcount`, `incrtime`, `condition_id`, `comments`) VALUES
('14581', '16345', '0', '0', '0', 'High Warlord\'s Blade'),
('14581', '18826', '0', '0', '0', 'High Warlord\'s Shield Wall'),
('14581', '18828', '0', '0', '0', 'High Warlord\'s Cleaver'),
('14581', '18831', '0', '0', '0', 'High Warlord\'s Battle Axe'),
('14581', '18835', '0', '0', '0', 'High Warlord\'s Recurve'),
('14581', '18837', '0', '0', '0', 'High Warlord\'s Crossbow'),
('14581', '18840', '0', '0', '0', 'High Warlord\'s Razor'),
('14581', '18844', '0', '0', '0', 'High Warlord\'s Right Claw'),
('14581', '18848', '0', '0', '0', 'High Warlord\'s Left Claw'),
('14581', '18860', '0', '0', '0', 'High Warlord\'s Street Sweeper'),
('14581', '18866', '0', '0', '0', 'High Warlord\'s Bludgeon'),
('14581', '18868', '0', '0', '0', 'High Warlord\'s Pulverizer'),
('14581', '18871', '0', '0', '0', 'High Warlord\'s Pig Sticker'),
('14581', '18874', '0', '0', '0', 'High Warlord\'s War Staff'),
('14581', '18877', '0', '0', '0', 'High Warlord\'s Greatsword'),
('14581', '23464', '0', '0', '0', 'High Warlord\'s Battle Mace'),
('14581', '23465', '0', '0', '0', 'High Warlord\'s Destroyer'),
('14581', '23466', '0', '0', '0', 'High Warlord\'s Spellblade'),
('14581', '23467', '0', '0', '0', 'High Warlord\'s Quickblade'),
('14581', '23468', '0', '0', '0', 'High Warlord\'s Tome of Destruction'),
('14581', '23469', '0', '0', '0', 'High Warlord\'s Tome of Mending');

-- Stone Guard Zarg
DELETE FROM `npc_vendor` WHERE `entry`='12794';
REPLACE INTO `npc_vendor` (`entry`, `item`, `maxcount`, `incrtime`, `condition_id`, `comments`) VALUES
('12794', '117', '0', '0', '0', 'Tough Jerky'),
('12794', '159', '0', '0', '0', 'Refreshing Spring Water'),
('12794', '1179', '0', '0', '0', 'Ice Cold Milk'),
('12794', '1205', '0', '0', '0', 'Melon Juice'),
('12794', '1645', '0', '0', '0', 'Moonberry Juice'),
('12794', '1708', '0', '0', '0', 'Sweet Nectar'),
('12794', '2287', '0', '0', '0', 'Haunch of Meat'),
('12794', '2593', '0', '0', '0', 'Flask of Port'),
('12794', '2594', '0', '0', '0', 'Flagon of Mead'),
('12794', '2595', '0', '0', '0', 'Jug of Bourbon'),
('12794', '2596', '0', '0', '0', 'Skin of Dwarven Stout'),
('12794', '2723', '0', '0', '0', 'Bottle of Pinot Noir'),
('12794', '3770', '0', '0', '0', 'Mutton Chop'),
('12794', '3771', '0', '0', '0', 'Wild Hog Shank'),
('12794', '4536', '0', '0', '0', 'Shiny Red Apple'),
('12794', '4537', '0', '0', '0', 'Tel\'Abim Banana'),
('12794', '4538', '0', '0', '0', 'Snapvine Watermelon'),
('12794', '4539', '0', '0', '0', 'Goldenbark Apple'),
('12794', '4540', '0', '0', '0', 'Tough Hunk of Bread'),
('12794', '4541', '0', '0', '0', 'Freshly Baked Bread'),
('12794', '4542', '0', '0', '0', 'Moist Cornbread'),
('12794', '4544', '0', '0', '0', 'Mulgore Spice Bread'),
('12794', '4599', '0', '0', '0', 'Cured Ham Steak'),
('12794', '4601', '0', '0', '0', 'Soft Banana Bread'),
('12794', '4602', '0', '0', '0', 'Moon Harvest Pumpkin'),
('12794', '4604', '0', '0', '0', 'Forest Mushroom Cap'),
('12794', '4605', '0', '0', '0', 'Red-speckled Mushroom'),
('12794', '4606', '0', '0', '0', 'Spongy Morel'),
('12794', '4607', '0', '0', '0', 'Delicious Cave Mold'),
('12794', '4608', '0', '0', '0', 'Raw Black Truffle'),
('12794', '8766', '0', '0', '0', 'Morning Glory Dew'),
('12794', '8948', '0', '0', '0', 'Dried King Bolete'),
('12794', '8950', '0', '0', '0', 'Homemade Cherry Pie'),
('12794', '8952', '0', '0', '0', 'Roasted Quail'),
('12794', '8953', '0', '0', '0', 'Deep Fried Plantains');

-- First Sergeant Hola'mahi
DELETE FROM `npc_vendor` WHERE `entry`='12795';
REPLACE INTO `npc_vendor` (`entry`, `item`, `maxcount`, `incrtime`, `condition_id`, `comments`) VALUES
('12795', '5565', '0', '0', '0', 'Infernal Stone'),
('12795', '16583', '0', '0', '0', 'Demonic Figurine'),
('12795', '17020', '0', '0', '0', 'Arcane Powder'),
('12795', '17021', '0', '0', '0', 'Wild Berries'),
('12795', '17026', '0', '0', '0', 'Wild Thornroot'),
('12795', '17028', '0', '0', '0', 'Holy Candle'),
('12795', '17029', '0', '0', '0', 'Sacred Candle'),
('12795', '17030', '0', '0', '0', 'Ankh'),
('12795', '17031', '0', '0', '0', 'Rune of Teleportation'),
('12795', '17032', '0', '0', '0', 'Rune of Portals'),
('12795', '17033', '0', '0', '0', 'Symbol of Divinity'),
('12795', '17034', '0', '0', '0', 'Maple Seed'),
('12795', '17035', '0', '0', '0', 'Stranglethorn Seed'),
('12795', '17036', '0', '0', '0', 'Ashwood Seed'),
('12795', '17037', '0', '0', '0', 'Hornbeam Seed'),
('12795', '17038', '0', '0', '0', 'Ironwood Seed'),
('12795', '21177', '0', '0', '0', 'Symbol of Kings');
