DELETE FROM gameobject WHERE id IN (142144, 142145, 175404, 176584, 179548) AND map=429;
DELETE FROM pool_template WHERE entry IN (47282, 47285);
DELETE FROM pool_gameobject_template WHERE pool_entry IN (47282, 47285);


SET @OGUID := 4290000; -- gameobjects
SET @PGUID := 47200; -- pools

INSERT INTO pool_template VALUES
(@PGUID+85, 3, 'DM East - Master Ghost Mushroom (142144) Pool'),
(@PGUID+86, 3, 'DM East - Master Gromsblood (142145) Pool'),
(@PGUID+87, 3, 'DM East - Master Dreamfoil (176584) Pool'),
(@PGUID+88, 3, 'DM East - Master Rich Thorium Vein (175404) Pool'), -- 2 - 3
(@PGUID+89, 2, 'Dire Maul - Dusty Tome'); -- (Resolve 179547 / 179548)

DELETE FROM pool_gameobject WHERE guid=@OGUID+13;
INSERT INTO pool_gameobject VALUES
(@OGUID+6, @PGUID+85, 0, 'DM East - Ghost Mushroom (142144)'),
(@OGUID+7, @PGUID+85, 0, 'DM East - Ghost Mushroom (142144)'),
(@OGUID+8, @PGUID+85, 0, 'DM East - Ghost Mushroom (142144)'),
(@OGUID+9, @PGUID+85, 0, 'DM East - Ghost Mushroom (142144)'),
(@OGUID+10, @PGUID+85, 0, 'DM East - Ghost Mushroom (142144)'),
(@OGUID+11, @PGUID+85, 0, 'DM East - Ghost Mushroom (142144)'),
(@OGUID+12, @PGUID+85, 0, 'DM East - Ghost Mushroom (142144)'),
(@OGUID+400, @PGUID+86, 0, 'DM East - Gromsblood (142145)'),
(@OGUID+401, @PGUID+86, 0, 'DM East - Gromsblood (142145)'),
(@OGUID+402, @PGUID+86, 0, 'DM East - Gromsblood (142145)'),
(@OGUID+403, @PGUID+86, 0, 'DM East - Gromsblood (142145)'),
(@OGUID+404, @PGUID+86, 0, 'DM East - Gromsblood (142145)'),
(@OGUID+405, @PGUID+86, 0, 'DM East - Gromsblood (142145)'),
(@OGUID+406, @PGUID+86, 0, 'DM East - Gromsblood (142145)'),
(@OGUID+407, @PGUID+86, 0, 'DM East - Gromsblood (142145)'),
(@OGUID+408, @PGUID+86, 0, 'DM East - Gromsblood (142145)'),
(@OGUID+409, @PGUID+86, 0, 'DM East - Gromsblood (142145)'),
(@OGUID+410, @PGUID+86, 0, 'DM East - Gromsblood (142145)'),
(@OGUID+411, @PGUID+86, 0, 'DM East - Gromsblood (142145)'),
(@OGUID+412, @PGUID+86, 0, 'DM East - Gromsblood (142145)'),
(@OGUID+413, @PGUID+86, 0, 'DM East - Gromsblood (142145)'),
(@OGUID+414, @PGUID+86, 0, 'DM East - Gromsblood (142145)'),
(@OGUID+415, @PGUID+86, 0, 'DM East - Gromsblood (142145)'),
(@OGUID+416, @PGUID+86, 0, 'DM East - Gromsblood (142145)'),
(@OGUID+420, @PGUID+87, 0, 'DM East - Dreamfoil (176584)'),
(@OGUID+421, @PGUID+87, 0, 'DM East - Dreamfoil (176584)'),
(@OGUID+422, @PGUID+87, 0, 'DM East - Dreamfoil (176584)'),
(@OGUID+423, @PGUID+87, 0, 'DM East - Dreamfoil (176584)'),
(@OGUID+424, @PGUID+87, 0, 'DM East - Dreamfoil (176584)'),
(@OGUID+425, @PGUID+87, 0, 'DM East - Dreamfoil (176584)'),
(@OGUID+426, @PGUID+87, 0, 'DM East - Dreamfoil (176584)'),
(@OGUID+427, @PGUID+87, 0, 'DM East - Dreamfoil (176584)'),
(@OGUID+428, @PGUID+87, 0, 'DM East - Dreamfoil (176584)'),
(@OGUID+429, @PGUID+87, 0, 'DM East - Dreamfoil (176584)'),
(@OGUID+430, @PGUID+87, 0, 'DM East - Dreamfoil (176584)'),
(@OGUID+440, @PGUID+88, 0, 'DM East - Rich Thorium Vein (175404)'),
(@OGUID+441, @PGUID+88, 0, 'DM East - Rich Thorium Vein (175404)'),
(@OGUID+442, @PGUID+88, 0, 'DM East - Rich Thorium Vein (175404)'),
(@OGUID+443, @PGUID+88, 0, 'DM East - Rich Thorium Vein (175404)'),
(@OGUID+444, @PGUID+88, 0, 'DM East - Rich Thorium Vein (175404)'),
(@OGUID+445, @PGUID+88, 0, 'DM East - Rich Thorium Vein (175404)'),
(@OGUID+446, @PGUID+88, 0, 'DM East - Rich Thorium Vein (175404)'),
(@OGUID+447, @PGUID+88, 0, 'DM East - Rich Thorium Vein (175404)'),
(@OGUID+448, @PGUID+88, 0, 'DM East - Rich Thorium Vein (175404)');

INSERT INTO `pool_gameobject_template` (`id`, `pool_entry`, `chance`, `description`) VALUES
(179548, @PGUID+89, 0, 'DM - Dusty Tome (179548)');

INSERT INTO gameobject (guid, id, map, position_x, position_y, position_z, orientation, rotation0, rotation1, rotation2, rotation3, spawntimesecsmin, spawntimesecsmax, animprogress, state) VALUES
(@OGUID+1, 142144, 429, 67.4486, -467.225, -58.6226, -1.95477, 0, 0, -0.829037, 0.559194, 86400, 86400, 100, 1), -- Ghost Mushroom
(@OGUID+2, 142144, 429, 24.717, -468.53, -4.25922, -2.02458, 0, 0, -0.848048, 0.52992, 86400, 86400, 100, 1), -- Ghost Mushroom
(@OGUID+3, 142144, 429, 68.1034, -669.629, -25.1653, -2.19912, 0, 0, -0.891006, 0.453991, 86400, 86400, 100, 1), -- Ghost Mushroom
(@OGUID+4, 142144, 429, -46.1853, -432.413, 16.4136, 0.174532, 0, 0, 0.0871553, 0.996195, 86400, 86400, 100, 1), -- Ghost Mushroom
(@OGUID+5, 142144, 429, -110.419, -419.615, -58.6047, -2.47837, 0, 0, -0.945519, 0.325567, 86400, 86400, 100, 1), -- Ghost Mushroom
(@OGUID+6, 142144, 429, 80.78429412841796875, -420.521392822265625, -4.21279096603393554, 2.897245407104492187, 0, 0, 0.99254608154296875, 0.121869951486587524, 86400, 86400, 100, 1), -- Ghost Mushroom
(@OGUID+7, 142144, 429, -111.823, -433.323, -58.6057, 1.3951, 0, 0, 0, 0, 86400, 86400, 100, 1), -- Ghost Mushroom
(@OGUID+8, 142144, 429, -35.9896, -427.127, -37.9605, 3.18974, 0, 0, 0, 0, 86400, 86400, 100, 1), -- Ghost Mushroom
(@OGUID+9, 142144, 429, 17.6999, -715.219, -25.162, 5.71083, 0, 0, 0, 0, 86400, 86400, 100, 1), -- Ghost Mushroom
(@OGUID+10, 142144, 429, 32.9827, -635.064, -25.1502, 3.64128, 0, 0, 0, 0, 86400, 86400, 100, 1), -- Ghost Mushroom
(@OGUID+11, 142144, 429, 59.622, -382.857, -58.6199, 6.21345, 0, 0, 0, 0, 86400, 86400, 100, 1), -- Ghost Mushroom
(@OGUID+12, 142144, 429, 70.1228, -784.91, -25.1672, 2.41607, 0, 0, 0, 0, 86400, 86400, 100, 1), -- Ghost Mushroom
(@OGUID+400, 142145, 429, 73.1442, -234.595, -56.461, -0.506145, 0, 0, -0.25038, 0.968148, 86400, 86400, 100, 1), -- Gromsblood
(@OGUID+401, 142145, 429, -29.2692, -335.209, -51.8413, 0.767944, 0, 0, 0.374606, 0.927184, 86400, 86400, 100, 1), -- Gromsblood
(@OGUID+402, 142145, 429, -27.8809, -392.48, -58.6137, 1.39626, 0, 0, 0.642787, 0.766045, 86400, 86400, 100, 1), -- Gromsblood
(@OGUID+403, 142145, 429, 107.133, -465.386, -3.27357, 1.95477, 0, 0, 0.829038, 0.559192, 86400, 86400, 100, 1), -- Gromsblood
(@OGUID+404, 142145, 429, -77.444, -438.764, -58.612, 2.79252, 0, 0, 0.984807, 0.173652, 86400, 86400, 100, 1), -- Gromsblood
(@OGUID+405, 142145, 429, 39.6528, -322.045, -52.2932, 1.25664, 0, 0, 0.587786, 0.809016, 86400, 86400, 100, 1), -- Gromsblood
(@OGUID+406, 142145, 429, 38.4777, -391.213, -58.6108, 1.32645, 0, 0, 0.615661, 0.788011, 86400, 86400, 100, 1), -- Gromsblood
(@OGUID+407, 142145, 429, -92.8304, -223.093, -56.2404, 2.98153, 0, 0, 0, 0, 86400, 86400, 100, 1), -- Gromsblood
(@OGUID+408, 142145, 429, -80.0236, -431.638, -4.21906, 1.32828, 0, 0, 0, 0, 86400, 86400, 100, 1), -- Gromsblood
(@OGUID+409, 142145, 429, -57.4221, -391.066, -58.6134, 1.11618, 0, 0, 0, 0, 86400, 86400, 100, 1), -- Gromsblood
(@OGUID+410, 142145, 429, -54.5013, -437.795, -58.6145, 2.35711, 0, 0, 0, 0, 86400, 86400, 100, 1), -- Gromsblood
(@OGUID+411, 142145, 429, -43.4409, -438.748, 16.4105, 0.970886, 0, 0, 0, 0, 86400, 86400, 100, 1), -- Gromsblood
(@OGUID+412, 142145, 429, -7.73704, -432.26, -4.22207, 5.85615, 0, 0, 0, 0, 86400, 86400, 100, 1), -- Gromsblood
(@OGUID+413, 142145, 429, -1.1858, -463.63, -58.6357, 2.94234, 0, 0, 0, 0, 86400, 86400, 100, 1), -- Gromsblood
(@OGUID+414, 142145, 429, 22.3715, -422.871, -4.22198, 5.47518, 0, 0, 0, 0, 86400, 86400, 100, 1), -- Gromsblood
(@OGUID+415, 142145, 429, 23.8166, -443.174, -58.622, 3.05616, 0, 0, 0, 0, 86400, 86400, 100, 1), -- Gromsblood
(@OGUID+416, 142145, 429, 24.5955, -395.136, -58.6137, 0.0127397, 0, 0, 0, 0, 86400, 86400, 100, 1), -- Gromsblood
-- (@OGUID+417 - 419
(@OGUID+420, 176584, 429, 105.158, -329.677, -55.291, -2.30383, 0, 0, -0.913544, 0.406739, 86400, 86400, 255, 1), -- Dreamfoil
(@OGUID+421, 176584, 429, -36.5852, -319.271, -51.7758, 0.244346, 0, 0, 0.121869, 0.992546, 86400, 86400, 255, 1), -- Dreamfoil
(@OGUID+422, 176584, 429, -130.494, -266.801, -53.7274, -2.02458, 0, 0, -0.848048, 0.52992, 86400, 86400, 255, 1), -- Dreamfoil
(@OGUID+423, 176584, 429, -125.315, -313.137, -57.1105, 3.80628, 0, 0, 0, 0, 86400, 86400, 255, 1), -- Dreamfoil
(@OGUID+424, 176584, 429, -93.1671, -351.001, -56.9023, 0.978747, 0, 0, 0, 0, 86400, 86400, 255, 1), -- Dreamfoil
(@OGUID+425, 176584, 429, -92.3299, -259.519, -57.4316, 4.85861, 0, 0, 0, 0, 86400, 86400, 255, 1), -- Dreamfoil
(@OGUID+426, 176584, 429, -19.7489, -228.08, -56.1614, 3.64125, 0, 0, 0, 0, 86400, 86400, 255, 1), -- Dreamfoil
(@OGUID+427, 176584, 429, 8.88853, -323.391, -51.6519, 2.61238, 0, 0, 0, 0, 86400, 86400, 255, 1), -- Dreamfoil
(@OGUID+428, 176584, 429, 27.7274, -233.591, -53.0545, 5.26702, 0, 0, 0, 0, 86400, 86400, 255, 1), -- Dreamfoil
(@OGUID+429, 176584, 429, 74.4623, -227.844, -56.924, 2.34926, 0, 0, 0, 0, 86400, 86400, 255, 1), -- Dreamfoil
(@OGUID+430, 176584, 429, 81.3605, -315.488, -55.0872, 4.51697, 0, 0, 0, 0, 86400, 86400, 255, 1), -- Dreamfoil
-- (@OGUID+431 - 439
(@OGUID+440, 175404, 429, 263.743, -266.911, -59.9769, 2.94959, 0, 0, 0.995396, 0.0958512, 86400, 86400, 255, 1), -- Rich Thorium Vein
(@OGUID+441, 175404, 429, 255.189, -358.638, -107.365, 2.61799, 0, 0, 0.965925, 0.258821, 86400, 86400, 255, 1), -- Rich Thorium Vein
(@OGUID+442, 175404, 429, 277.033, -348.927, -101.016, 0.750491, 0, 0, 0.366501, 0.930418, 86400, 86400, 255, 1), -- Rich Thorium Vein
(@OGUID+443, 175404, 429, 288.452, -309.522, -84.566, -1.44862, 0, 0, -0.662619, 0.748957, 86400, 86400, 255, 1), -- Rich Thorium Vein
(@OGUID+444, 175404, 429, 224.259, -267.369, -40.5731, 2.97276, 0, 0, 0.996439, 0.0843148, 86400, 86400, 255, 1), -- Rich Thorium Vein
(@OGUID+445, 175404, 429, 246.195, -268.761, -52.933, 5.89921, 0, 0, -0.190808, 0.981627, 86400, 86400, 255, 1), -- Rich Thorium Vein
(@OGUID+446, 175404, 429, 270.596, -286.689, -70.5572, 3.03684, 0, 0, 0.998629, 0.0523532, 86400, 86400, 255, 1), -- Rich Thorium Vein
(@OGUID+447, 175404, 429, 276.913, -323.602, -90.5699, 5.42798, 0, 0, -0.414693, 0.909962, 86400, 86400, 255, 1), -- Rich Thorium Vein
(@OGUID+448, 175404, 429, 279.648, -286.47, -73.0888, 1.90855, 0, 0, 0.815894, 0.578201, 86400, 86400, 255, 1), -- Rich Thorium Vein
-- (@OGUID+449
(@OGUID+450, 179548, 429, 836.333, 493.379, 37.3182, 0.296705, 0, 0, 0.147809, 0.989016, 86400, 86400, 255, 1), -- A Dusty Tome
(@OGUID+451, 179548, 429, 512.784, 588.036, -25.4023, 3.28124, 0, 0, -0.997563, 0.0697661, 86400, 86400, 255, 1), -- A Dusty Tome
(@OGUID+452, 179548, 429, 288.206, 341.155, 2.85296, 5.49779, 0, 0, -0.382683, 0.92388, 86400, 86400, 255, 1), -- A Dusty Tome
(@OGUID+453, 179548, 429, -144.464, 742.017, -24.5804, 3.85718, 0, 0, -0.936671, 0.35021, 86400, 86400, 255, 1), -- A Dusty Tome
(@OGUID+454, 179548, 429, -86.3983, 569.308, 28.6079, 1.78023, 0, 0, 0.777145, 0.629321, 86400, 86400, 255, 1), -- A Dusty Tome
(@OGUID+455, 179548, 429, 285.164, -431.063, -119.962, 4.69494, 0, 0, -0.71325, 0.70091, 86400, 86400, 255, 1), -- A Dusty Tome
(@OGUID+456, 179548, 429, -10.1152, -353.771, -54.0434, 3.78737, 0, 0, -0.948323, 0.317306, 86400, 86400, 255, 1), -- A Dusty Tome
(@OGUID+457, 179548, 429, 118.018, -261.472, -4.14639, 0.087266, 0, 0, 0.0436192, 0.999048, 86400, 86400, 255, 1), -- A Dusty Tome
(@OGUID+458, 179548, 429, 4.49781, -437.567, 16.4125, 4.13643, 0, 0, -0.878817, 0.47716, 86400, 86400, 255, 1), -- A Dusty Tome
(@OGUID+459, 179548, 429, -108.174, -208.762, -56.0361, 5.85044, 0, 0, 0.214688, -0.976683, 86400, 86400, 255, 1), -- A Dusty Tome
(@OGUID+460, 179548, 429, -81.1221, 368.843, -2.37102, 3.29414, 0, 0, 0.997092, -0.076201, 86400, 86400, 255, 1); -- A Dusty Tome