-- Reinsert Tablet of 148513,148514,148515,148516 q.3517 from wotlk-db & add pooling (+13 spawns)(+24 for classic-db)
-- https://tbc.wowhead.com/quest=3517/stealing-knowledge
DELETE FROM gameobject WHERE id BETWEEN 148513 AND 148516;
INSERT INTO gameobject (guid, id, map, position_x, position_y, position_z, orientation, rotation0, rotation1, rotation2, rotation3, spawntimesecsmin, spawntimesecsmax, animprogress, state) VALUES
(48246, 148515, 1, 3142.59, -5381.76, 87.959, 1.37881, 0, 0, 0.636078, 0.771625, 180, 180, 100, 1),
(48237, 148513, 1, 3156.25, -5419.23, 92.9521, 0.855211, 0, 0, 0.414693, 0.909961, 180, 180, 100, 1),
(48257, 148516, 1, 3166.76, -5281.95, 91.9457, 0.663225, 0, 0, 0.325568, 0.945519, 180, 180, 100, 1),
(48242, 148514, 1, 3171.25, -5305.14, 89.9827, -0.017453, 0, 0, -0.00872639, 0.999962, 180, 180, 100, 1),
(92240, 148513, 1, 3174.49, -5330.62, 85.3398, -0.558504, 0, 0, -0.275637, 0.961262, 300, 300, 255, 1),
(92248, 148515, 1, 3184.65, -5456.53, 95.2087, -0.802851, 0, 0, -0.390731, 0.920505, 300, 300, 255, 1),
(88724, 148516, 1, 3229.58, -5246.46, 85.5158, -0.715585, 0, 0, -0.350207, 0.936672, 300, 300, 255, 1),
(48235, 148513, 1, 3238.67, -5115.98, 86.2056, 2.23402, 0, 0, 0.898794, 0.438372, 180, 180, 100, 1),
(88709, 148514, 1, 3257.28, -5297.19, 88.2631, 1.50098, 0, 0, 0.681997, 0.731355, 300, 300, 255, 1),
(92241, 148513, 1, 3274.42, -5333.8, 92.0023, 2.42601, 0, 0, 0.936673, 0.350206, 300, 300, 255, 1),
(48236, 148513, 1, 3290.61, -5174.9, 85.6552, -2.42601, 0, 0, -0.936673, 0.350206, 180, 180, 100, 1),
(48254, 148515, 1, 3295.84, -5160.59, 87.8783, -2.87979, 0, 0, -0.991445, 0.130528, 180, 180, 100, 1),
(92245, 148514, 1, 3301.12, -5301.28, 90.2181, 0.890117, 0, 0, 0.430511, 0.902586, 300, 300, 255, 1),
(48261, 148516, 1, 3379.97, -5061.56, 89.3242, -0.663225, 0, 0, -0.325568, 0.945519, 180, 180, 100, 1),
(88715, 148515, 1, 3381.14, -5165.05, 84.3363, -1.15192, 0, 0, -0.54464, 0.83867, 300, 300, 255, 1),
(88706, 148514, 1, 3393.92, -5273.53, 90.7931, 1.0472, 0, 0, 0.500001, 0.866025, 300, 300, 255, 1),
(170073, 148516, 1, 3412.84, -5028.02, 88.5939, 4.88692, 0, 0, -0.642787, 0.766045, 180, 300, 100, 1),
(48244, 148514, 1, 3430.78, -5087.17, 82.9979, 0.767945, 0, 0, 0.374607, 0.927184, 180, 180, 100, 1),
(92257, 148516, 1, 3433.15, -5062.08, 83.8445, 2.07694, 0, 0, 0.861629, 0.507539, 300, 300, 255, 1),
(48243, 148514, 1, 3461.29, -5034.15, 88.8936, -1.76278, 0, 0, -0.771624, 0.636079, 180, 180, 100, 1),
(88712, 148514, 1, 3475.8, -5088.16, 84.5217, -2.46091, 0, 0, -0.942641, 0.333809, 300, 300, 255, 1),
(88701, 148513, 1, 3483.4, -5355.29, 111.477, 2.53072, 0, 0, 0.953716, 0.300709, 300, 300, 255, 1),
(92246, 148514, 1, 3494.48, -5047.47, 85.7378, -0.750491, 0, 0, -0.366501, 0.930418, 300, 300, 255, 1),
(48255, 148515, 1, 3494.9, -5233.36, 88.0976, 0.139626, 0, 0, 0.0697563, 0.997564, 180, 180, 100, 1),
(170070, 148515, 1, 3502.91, -5112.54, 83.9106, 0.558504, 0, 0, 0.275637, 0.961262, 180, 300, 100, 1),
(48234, 148513, 1, 3514.1, -5125.1, 82.1113, -2.58309, 0, 0, -0.961262, 0.275636, 180, 180, 100, 1),
(88716, 148515, 1, 3522.3, -5210.04, 86.0841, 2.56563, 0, 0, 0.958819, 0.284017, 300, 300, 255, 1),
(48256, 148515, 1, 3532.69, -5097.3, 84.1975, -2.75762, 0, 0, -0.981627, 0.190809, 180, 180, 100, 1),
(48258, 148516, 1, 3534.14, -5250.1, 95.9873, 1.309, 0, 0, 0.608763, 0.793352, 180, 180, 100, 1),
(48238, 148513, 1, 3535.76, -5219.99, 85.5576, -0.575959, 0, 0, -0.284016, 0.95882, 180, 180, 100, 1),
(92242, 148513, 1, 3541.41, -5040.37, 87.8118, 0.663223, 0, 0, 0.325567, 0.945519, 300, 300, 255, 1),
(170071, 148516, 1, 3555.53, -5078.22, 84.7598, 4.83456, 0, 0, -0.66262, 0.748956, 180, 300, 100, 1),
(92258, 148516, 1, 3559.99, -5042.06, 85.8371, -1.11701, 0, 0, -0.529919, 0.848048, 300, 300, 255, 1),
(92243, 148513, 1, 3571.01, -5188.14, 81.9167, -1.32645, 0, 0, -0.615661, 0.788011, 300, 300, 255, 1),
(88717, 148516, 1, 3571.71, -5280.45, 101.786, 1.09956, 0, 0, 0.5225, 0.852639, 300, 300, 255, 1),
(48260, 148516, 1, 3588, -5156.84, 80.7576, 0.017453, 0, 0, 0.00872639, 0.999962, 180, 180, 100, 1),
(88700, 148513, 1, 3606.89, -5201.62, 82.2362, -2.70526, 0, 0, -0.976296, 0.21644, 300, 300, 255, 1),
(170069, 148513, 1, 3610.32, -5095.59, 86.1216, 4.43314, 0, 0, -0.798635, 0.601815, 180, 300, 100, 1),
(88711, 148514, 1, 3650.87, -5195.67, 82.4448, -1.88495, 0, 0, -0.809015, 0.587788, 300, 300, 255, 1),
(88714, 148515, 1, 3667.41, -5194.68, 82.6088, -2.33874, 0, 0, -0.920505, 0.390732, 300, 300, 255, 1),
(92244, 148514, 1, 3669.65, -5141.33, 84.3553, 0.942477, 0, 0, 0.45399, 0.891007, 300, 300, 255, 1),
(88722, 148516, 1, 3676.41, -5109.5, 87.9872, -3.05433, 0, 0, -0.999048, 0.0436174, 300, 300, 255, 1),
(48259, 148516, 1, 3713.96, -5284.94, 88.0658, 3.00197, 0, 0, 0.997564, 0.0697546, 180, 180, 100, 1),
(48245, 148515, 1, 3715.95, -5167.81, 88.6082, -2.05949, 0, 0, -0.857168, 0.515037, 180, 180, 100, 1),
(48241, 148514, 1, 3727.26, -5200.04, 86.3502, -2.9147, 0, 0, -0.993572, 0.113203, 180, 180, 100, 1),
(170068, 148514, 1, 3758.79, -5250.49, 89.2131, 3.99681, 0, 0, -0.909961, 0.414694, 180, 300, 100, 1),
(170065, 148516, 1, 3776.72, -5380.27, 88.0556, 3.64774, 0, 0, -0.968147, 0.250381, 180, 300, 100, 1),
(88728, 148516, 1, 3786.69, -5287.24, 86.431, -2.51327, 0, 0, -0.951056, 0.309019, 300, 300, 255, 1),
(48240, 148514, 1, 3790.29, -5297.37, 85.653, -1.71042, 0, 0, -0.754709, 0.65606, 180, 180, 100, 1),
(170066, 148514, 1, 3809.1, -5268.6, 93.8907, 1.90241, 0, 0, 0.814116, 0.580703, 180, 300, 100, 1),
(88708, 148514, 1, 3824.21, -5315.97, 86.1585, -1.23918, 0, 0, -0.580701, 0.814117, 300, 300, 255, 1),
(92254, 148516, 1, 3870.53, -5224.82, 103.247, 2.05949, 0, 0, 0.857168, 0.515037, 300, 300, 255, 1);

UPDATE gameobject SET spawntimesecsmin=180, spawntimesecsmax=300, animprogress=100, state=1 WHERE id BETWEEN 148513 AND 148516;

DELETE FROM pool_gameobject_template WHERE id BETWEEN 148513 AND 148516;
INSERT INTO pool_gameobject_template (id, pool_entry, chance, description) VALUES
(148513, 1811, 0, 'Azshara - Tablet of Jin''yael (148513)'),
(148514, 1812, 0, 'Azshara - Tablet of Markri (148514)'),
(148515, 1813, 0, 'Azshara - Tablet of Sael''hai (148515)'),
(148516, 1814, 0, 'Azshara - Tablet of Beth''Amara (148516)');

-- max_limit of 2 is guessed, maybe even 1 is correct based on comments
DELETE FROM pool_template WHERE entry BETWEEN 1811 AND 1814;
INSERT INTO pool_template (entry, max_limit, description) VALUES
(1811, 2, 'Azshara - Tablet of Jin''yael (148513)'), -- 12 max
(1812, 2, 'Azshara - Tablet of Markri (148514)'), -- 15 max
(1813, 2, 'Azshara - Tablet of Sael''hai (148515)'), --  10 max
(1814, 2, 'Azshara - Tablet of Beth''Amara (148516)'); -- 15 max
