-- ####################################
-- GAMEOBJECTS AND POOLS MIGRATION
-- ####################################


-- %%%%%%%%%%%%%%%%%%%%%%%%%%%%%%%%%%%%
-- Onyxia's Lair
-- %%%%%%%%%%%%%%%%%%%%%%%%%%%%%%%%%%%%

-- All synced

-- %%%%%%%%%%%%%%%%%%%%%%%%%%%%%%%%%%%%
-- Zul'Gurub
-- %%%%%%%%%%%%%%%%%%%%%%%%%%%%%%%%%%%%

SET @OGUID := 3090000;
SET @PGUID := 46700;

-- Full clean up and reinsert of GOs (too many differences)
DELETE FROM gameobject WHERE map=309;
INSERT INTO gameobject (guid, id, map, position_x, position_y, position_z, orientation, rotation0, rotation1, rotation2, rotation3, spawntimesecsmin, spawntimesecsmax, animprogress, state) VALUES
(@OGUID+1, 180323, 309, -11916.771484375, -1221.220947265625, 92.50450897216796875, -1.57079565525054931, 0, 0, -0.70710653066635131, 0.707107007503509521, 600, 600, 100, 1), -- Gates of Zul'Gurub
(@OGUID+2, 180253, 309, -11900.6, -1905.16, 65.3128, 3.78737, 0, 0, -0.948323, 0.317306, -600, -600, 100, 1), -- Troll Hero Air Portal
(@OGUID+3, 180254, 309, -11900.6, -1905.15, 65.3134, 3.14159, 0, 0, -1, 0, -600, -600, 100, 1), -- Troll Hero Fire Portal
(@OGUID+4, 180385, 309, -11900.3, -1905.49, 65.3169, 0.837758, 0, 0, 0.406736, 0.913545, -600, -600, 100, 1), -- Troll Hero Portal Sound
(@OGUID+5, 180252, 309, -11892.46875, -1913.1458740234375, 65.147064208984375, 2.443460941314697265, 0, 0, 0.939692616462707519, 0.342020153999328613, 600, 600, 100, 1), -- Troll Hero Lightning
(@OGUID+6, 180252, 309, -11906.146484375, -1911.8370361328125, 65.147064208984375, 0.855211377143859863, 0, 0, 0.414693236351013183, 0.909961283206939697, 600, 600, 100, 1), -- Troll Hero Lightning
(@OGUID+7, 180252, 309, -11909.0712890625, -1899.2628173828125, 65.147064208984375, 0.750491559505462646, 0, 0, 0.366501212120056152, 0.930417597293853759, 600, 600, 100, 1), -- Troll Hero Lightning
(@OGUID+8, 180327, 309, -11887.05859375, -1889.802490234375, 63.50368881225585937, 0.855211377143859863, 0, 0, 0.414693236351013183, 0.909961283206939697, 259200, 259200, 100, 1), -- Brazier of Madness
(@OGUID+9, 180368, 309, -11910.4306640625, -1917.0399169921875, 71.6556854248046875, -2.33001399040222167, 0, 0, 0.918790996074676513, -0.39474400877952575, 600, 600, 100, 1), -- Tablet of Madness
(@OGUID+10, 180358, 309, -11874.7919921875, -1927.7274169921875, 67.03594970703125, 1.588248252868652343, 0, 0, 0.71324998140335083, 0.700909972190856933, 600, 600, 100, 1), -- Gri'lek, with the Iron Blood
(@OGUID+11, 180364, 309, -11892.56640625, -1928.8072509765625, 66.81372833251953125, -1.58824825286865234, 0, 0, -0.71324998140335083, 0.700909972190856933, 600, 600, 100, 1), -- Hazza'rah, the Dreamweaver
(@OGUID+12, 180365, 309, -11924.4892578125, -1900.1458740234375, 66.73224639892578125, 3.141592741012573242, 0, 0, 1, 0, 600, 600, 100, 1), -- Renataki, of the Thousand Blades
(@OGUID+13, 180393, 309, -11923.28515625, -1882.98876953125, 66.81372833251953125, -0.02618073672056198, 0, 0, -0.01308999955654144, 0.999913990497589111, 600, 600, 100, 1), -- Wushoolay, the Storm Witch
(@OGUID+14, 176604, 309, -11981.81640625, -1470.2391357421875, 79.0612945556640625, 2.73143935203552246, 0, 0, 0.979044973850250244, 0.203641995787620544, 600, 600, 100, 1), -- Bonfire
(@OGUID+15, 176605, 309, -12164.06640625, -1673.0364990234375, 98.037994384765625, 2.705259561538696289, 0, 0, 0.976296007633209228, 0.216440007090568542, 600, 600, 100, 1), -- Brazier
(@OGUID+16, 176606, 309, -12164.099609375, -1689.1519775390625, 98.453857421875, 2.65290069580078125, 0, 0, 0.970296025276184082, 0.241922006011009216, 600, 600, 100, 1), -- Brazier
(@OGUID+17, 176607, 309, -12134.9130859375, -1689.128662109375, 85.60752105712890625, 2.705259561538696289, 0, 0, 0.976296007633209228, 0.216440007090568542, 600, 600, 100, 1), -- Brazier
(@OGUID+18, 176608, 309, -12135.0693359375, -1672.9853515625, 85.18961334228515625, 2.705259561538696289, 0, 0, 0.976296007633209228, 0.216440007090568542, 600, 600, 100, 1), -- Brazier
(@OGUID+19, 176609, 309, -12192.8798828125, -1688.9586181640625, 112.4695663452148437, 2.679080724716186523, 0, 0, 0.973379015922546386, 0.229200005531311035, 600, 600, 100, 1), -- Brazier
(@OGUID+20, 176610, 309, -12193.30078125, -1673.0775146484375, 113.3940200805664062, 2.713986396789550781, 0, 0, 0.977231025695800781, 0.212178006768226623, 600, 600, 100, 1), -- Brazier
(@OGUID+21, 176611, 309, -12218.1669921875, -1688.986083984375, 124.3018722534179687, 2.679080724716186523, 0, 0, 0.973379015922546386, 0.229200005531311035, 600, 600, 100, 1), -- Brazier
(@OGUID+22, 176612, 309, -12218.125, -1673.08935546875, 125.1525726318359375, 2.679080724716186523, 0, 0, 0.973379015922546386, 0.229200005531311035, 600, 600, 100, 1), -- Brazier
(@OGUID+23, 176617, 309, -12355.3388671875, -1954.6531982421875, 132.3521270751953125, -2.56563496589660644, 0, 0, 0.958819985389709472, -0.28401499986648559, 600, 600, 100, 1), -- Bonfire
(@OGUID+24, 176618, 309, -12388.669921875, -1909.0538330078125, 130.2603607177734375, -0.95120459794998168, 0, 0, -0.45787400007247924, 0.889016985893249511, 600, 600, 100, 1), -- Bonfire
(@OGUID+25, 176619, 309, -11985.3388671875, -1703, 32.28356170654296875, -2.73144054412841796, 0, 0, 0.979045987129211425, -0.20364199578762054, 600, 600, 100, 1), -- Bonfire
(@OGUID+26, 179704, 309, -11548.833984375, -1247.9771728515625, 78.28408050537109375, -2.3038332462310791, 0, 0, 0.913545012474060058, -0.40673699975013732, 600, 600, 100, 1), -- Cauldron
(@OGUID+27, 179985, 309, -12286.4912109375, -1624.2301025390625, 130.4316864013671875, -0.45378574728965759, 0, 0, 0.224951118230819702, -0.9743700623512268, 600, 600, 100, 1), -- Spider Egg
(@OGUID+28, 179985, 309, -12293.5244140625, -1679.861083984375, 131.551544189453125, 2.792526721954345703, 0, 0, 0.984807729721069335, 0.173648223280906677, 600, 600, 100, 1), -- Spider Egg
(@OGUID+29, 179985, 309, -12286.4580078125, -1652.579833984375, 131.4309844970703125, 1.710422515869140625, 0, 0, 0.754709541797637939, 0.656059026718139648, 600, 600, 100, 1), -- Spider Egg
(@OGUID+30, 179985, 309, -12303.3271484375, -1674.697265625, 131.06787109375, 0.191986218094825744, 0, 0, 0.095845751464366912, 0.995396196842193603, 600, 600, 100, 1), -- Spider Egg
(@OGUID+31, 179985, 309, -12310.765625, -1698.396240234375, 132.6454620361328125, -2.91469979286193847, 0, 0, 0.993571877479553222, -0.11320321261882781, 600, 600, 100, 1), -- Spider Egg
(@OGUID+32, 179985, 309, -12263.4697265625, -1640.5982666015625, 135.2315673828125, -1.71042275428771972, 0, 0, 0.754709601402282714, -0.65605896711349487, 600, 600, 100, 1), -- Spider Egg
(@OGUID+33, 179985, 309, -12299.6357421875, -1688.9791259765625, 130.936248779296875, 0.488692224025726318, 0, 0, 0.241921901702880859, 0.970295727252960205, 600, 600, 100, 1), -- Spider Egg
(@OGUID+34, 179985, 309, -12281.490234375, -1684.3375244140625, 132.1078643798828125, 0.907571256160736083, 0, 0, 0.438371151685714721, 0.898794054985046386, 600, 600, 100, 1), -- Spider Egg
(@OGUID+35, 179985, 309, -12272.271484375, -1683.8189697265625, 131.4239654541015625, -0.03490668907761573, 0, 0, 0.017452457919716835, -0.99984771013259887, 600, 600, 100, 1), -- Spider Egg
(@OGUID+36, 179985, 309, -12293.71875, -1645.842041015625, 131.421417236328125, 1.850049138069152832, 0, 0, 0.798635542392730712, 0.60181504487991333, 600, 600, 100, 1), -- Spider Egg
(@OGUID+37, 179985, 309, -12288.0166015625, -1690.2032470703125, 132.4345550537109375, -0.12217313796281814, 0, 0, 0.061048582196235656, -0.9981347918510437, 600, 600, 100, 1), -- Spider Egg
(@OGUID+38, 179985, 309, -12259.12109375, -1661.7095947265625, 131.385589599609375, -2.54818058013916015, 0, 0, 0.956304728984832763, -0.29237174987792968, 600, 600, 100, 1), -- Spider Egg
(@OGUID+39, 179985, 309, -12278.0908203125, -1626.7176513671875, 133.9610748291015625, -2.53072738647460937, 0, 0, 0.953716933727264404, -0.30070579051971435, 600, 600, 100, 1), -- Spider Egg
(@OGUID+40, 179985, 309, -12272.6123046875, -1632.0555419921875, 138.2734527587890625, 0.69813162088394165, 0, 0, 0.342020124197006225, 0.939692616462707519, 600, 600, 100, 1), -- Spider Egg
(@OGUID+41, 179985, 309, -12276.453125, -1647.21875, 131.4020233154296875, -2.49582076072692871, 0, 0, 0.948323667049407958, -0.31730467081069946, 600, 600, 100, 1), -- Spider Egg
(@OGUID+42, 179985, 309, -12248.8408203125, -1663.640625, 132.011474609375, 2.059488534927368164, 0, 0, 0.857167303562164306, 0.515038073062896728, 600, 600, 100, 1), -- Spider Egg
(@OGUID+43, 179985, 309, -12293.5048828125, -1698.0401611328125, 132.4014739990234375, -0.50614529848098754, 0, 0, 0.250379920005798339, -0.9681476354598999, 600, 600, 100, 1), -- Spider Egg
(@OGUID+44, 179985, 309, -12261.951171875, -1692.7117919921875, 131.9766998291015625, 1.65806281566619873, 0, 0, 0.737277328968048095, 0.675590217113494873, 600, 600, 100, 1), -- Spider Egg
(@OGUID+45, 179985, 309, -12272.65625, -1695.6785888671875, 133.5703887939453125, 1.431169986724853515, 0, 0, 0.656059026718139648, 0.754709601402282714, 600, 600, 100, 1), -- Spider Egg
(@OGUID+46, 179985, 309, -12284.4306640625, -1636.0208740234375, 133.045013427734375, -2.25147461891174316, 0, 0, 0.902585268020629882, -0.43051111698150634, 600, 600, 100, 1), -- Spider Egg
(@OGUID+47, 179985, 309, -12263.1181640625, -1653.5052490234375, 132.5929107666015625, 0.890117883682250976, 0, 0, 0.430511087179183959, 0.902585268020629882, 600, 600, 100, 1), -- Spider Egg
(@OGUID+48, 179985, 309, -12247.2666015625, -1692.197998046875, 132.0396575927734375, 2.58308720588684082, 0, 0, 0.961261689662933349, 0.275637388229370117, 600, 600, 100, 1), -- Spider Egg
(@OGUID+49, 179985, 309, -12331.6416015625, -1637.4212646484375, 130.8238067626953125, -1.90240883827209472, 0, 0, 0.814115524291992187, -0.58070296049118041, 600, 600, 100, 1), -- Spider Egg
(@OGUID+50, 179985, 309, -12301.94140625, -1631.13330078125, 130.8245391845703125, -0.55850535631179809, 0, 0, 0.275637358427047729, -0.96126168966293334, 600, 600, 100, 1), -- Spider Egg
(@OGUID+51, 179985, 309, -12327.5283203125, -1646.995849609375, 131.202545166015625, 2.932153224945068359, 0, 0, 0.994521915912628173, 0.10452841967344284, 600, 600, 100, 1), -- Spider Egg
(@OGUID+52, 179985, 309, -12299.26171875, -1608.964111328125, 132.028533935546875, 1.65806281566619873, 0, 0, 0.737277328968048095, 0.675590217113494873, 600, 600, 100, 1), -- Spider Egg
(@OGUID+53, 179985, 309, -12315.4970703125, -1687.511962890625, 130.9962158203125, 3.03687286376953125, 0, 0, 0.998629510402679443, 0.05233597382903099, 600, 600, 100, 1), -- Spider Egg
(@OGUID+54, 179985, 309, -12315.888671875, -1664.3646240234375, 131.508056640625, -1.7278759479522705, 0, 0, 0.760405957698822021, -0.64944803714752197, 600, 600, 100, 1), -- Spider Egg
(@OGUID+55, 179985, 309, -12306.736328125, -1616.9583740234375, 131.5713653564453125, -1.55334317684173583, 0, 0, 0.700909316539764404, -0.71325039863586425, 600, 600, 100, 1), -- Spider Egg
(@OGUID+56, 179985, 309, -12332.3935546875, -1688.4783935546875, 131.3063201904296875, -1.29154384136199951, 0, 0, 0.601815104484558105, -0.79863548278808593, 600, 600, 100, 1), -- Spider Egg
(@OGUID+57, 179985, 309, -12340.9306640625, -1679.7379150390625, 130.73382568359375, 0.418879061937332153, 0, 0, 0.207911700010299682, 0.978147625923156738, 600, 600, 100, 1), -- Spider Egg
(@OGUID+58, 179985, 309, -12305.662109375, -1641.977294921875, 130.9268951416015625, 0.069813162088394165, 0, 0, 0.034899495542049407, 0.999390840530395507, 600, 600, 100, 1), -- Spider Egg
(@OGUID+59, 179985, 309, -12285.3232421875, -1613.888671875, 131.1083831787109375, 2.373647689819335937, 0, 0, 0.927183866500854492, 0.374606639146804809, 600, 600, 100, 1), -- Spider Egg
(@OGUID+60, 179985, 309, -12327.66015625, -1671.953125, 129.9640655517578125, -0.43633255362510681, 0, 0, 0.216439723968505859, -0.97629600763320922, 600, 600, 100, 1), -- Spider Egg
(@OGUID+61, 179985, 309, -12314.728515625, -1674.7083740234375, 132.0467376708984375, 0.977384388446807861, 0, 0, 0.469471573829650878, 0.882947564125061035, 600, 600, 100, 1), -- Spider Egg
(@OGUID+62, 179985, 309, -12309.8193359375, -1627.26220703125, 130.8092193603515625, 1.692969441413879394, 0, 0, 0.748955726623535156, 0.662620067596435546, 600, 600, 100, 1), -- Spider Egg
(@OGUID+63, 179985, 309, -12299.5693359375, -1619.482666015625, 131.1397552490234375, -2.02458167076110839, 0, 0, 0.848048031330108642, -0.5299193263053894, 600, 600, 100, 1), -- Spider Egg
(@OGUID+64, 179985, 309, -12322.33984375, -1696.67919921875, 135.189361572265625, 3.124139308929443359, 0, 0, 0.999961912631988525, 0.008726561442017555, 600, 600, 100, 1), -- Spider Egg
(@OGUID+65, 179985, 309, -12349.9619140625, -1683.829833984375, 131.70196533203125, -2.77507352828979492, 0, 0, 0.983254909515380859, -0.18223547935485839, 600, 600, 100, 1), -- Spider Egg
(@OGUID+66, 179985, 309, -12318.3349609375, -1594.8990478515625, 132.353057861328125, 2.373647689819335937, 0, 0, 0.927183866500854492, 0.374606639146804809, 600, 600, 100, 1), -- Spider Egg
(@OGUID+67, 179985, 309, -12313.28515625, -1608.373291015625, 133.0965728759765625, -1.32645010948181152, 0, 0, 0.615661442279815673, -0.78801077604293823, 600, 600, 100, 1), -- Spider Egg
(@OGUID+68, 179985, 309, -12342.2431640625, -1614.407958984375, 132.1482391357421875, 0.890117883682250976, 0, 0, 0.430511087179183959, 0.902585268020629882, 600, 600, 100, 1), -- Spider Egg
(@OGUID+69, 179985, 309, -12305.1181640625, -1600.4930419921875, 132.5044708251953125, 1.431169986724853515, 0, 0, 0.656059026718139648, 0.754709601402282714, 600, 600, 100, 1), -- Spider Egg
(@OGUID+70, 179985, 309, -12337.4169921875, -1601.96875, 133.9007568359375, -2.74016690254211425, 0, 0, 0.979924738407135009, -0.19936791062355041, 600, 600, 100, 1), -- Spider Egg
(@OGUID+71, 179985, 309, -12307.59375, -1587.0416259765625, 132.7171173095703125, 2.268928050994873046, 0, 0, 0.906307816505432128, 0.422618240118026733, 600, 600, 100, 1), -- Spider Egg
(@OGUID+72, 179985, 309, -12339.705078125, -1645.1492919921875, 131.26910400390625, -2.94960641860961914, 0, 0, 0.995396196842193603, -0.09584572911262512, 600, 600, 100, 1), -- Spider Egg
(@OGUID+73, 179985, 309, -12367.7451171875, -1687.49169921875, 133.7494049072265625, 0.628318548202514648, 0, 0, 0.309017002582550048, 0.951056540012359619, 600, 600, 100, 1), -- Spider Egg
(@OGUID+74, 179985, 309, -12348.5927734375, -1639.1649169921875, 131.314300537109375, -1.50098299980163574, 0, 0, 0.681998312473297119, -0.731353759765625, 600, 600, 100, 1), -- Spider Egg
(@OGUID+75, 179985, 309, -12344.75, -1608.62158203125, 132.507720947265625, -2.84488654136657714, 0, 0, 0.989015877246856689, -0.1478094458580017, 600, 600, 100, 1), -- Spider Egg
(@OGUID+76, 179985, 309, -12316.1533203125, -1586.60546875, 133.266387939453125, -2.14675498008728027, 0, 0, 0.878817141056060791, -0.47715872526168823, 600, 600, 100, 1), -- Spider Egg
(@OGUID+77, 179985, 309, -12333.361328125, -1604.454833984375, 133.0149078369140625, 1.431169986724853515, 0, 0, 0.656059026718139648, 0.754709601402282714, 600, 600, 100, 1), -- Spider Egg
(@OGUID+78, 179985, 309, -12319.978515625, -1587.9427490234375, 132.603057861328125, -2.30383467674255371, 0, 0, 0.913545489311218261, -0.4067365825176239, 600, 600, 100, 1), -- Spider Egg
(@OGUID+79, 179985, 309, -12338.716796875, -1617.6597900390625, 132.661865234375, -1.2042773962020874, 0, 0, 0.566406309604644775, -0.82412612438201904, 600, 600, 100, 1), -- Spider Egg
(@OGUID+80, 179985, 309, -12348.5693359375, -1666.7066650390625, 130.6952056884765625, -1.30899691581726074, 0, 0, 0.608761429786682128, -0.79335331916809082, 600, 600, 100, 1), -- Spider Egg
(@OGUID+81, 179985, 309, -12351.48046875, -1691.3428955078125, 132.40179443359375, -1.7802361249923706, 0, 0, 0.777146041393280029, -0.62932032346725463, 600, 600, 100, 1), -- Spider Egg
(@OGUID+82, 179985, 309, -12304.701171875, -1594.6907958984375, 133.99114990234375, -0.43633255362510681, 0, 0, 0.216439723968505859, -0.97629600763320922, 600, 600, 100, 1), -- Spider Egg
(@OGUID+83, 179985, 309, -12316.8251953125, -1582.4857177734375, 132.8934478759765625, -0.22689278423786163, 0, 0, 0.113203197717666625, -0.99357187747955322, 600, 600, 100, 1), -- Spider Egg
(@OGUID+84, 179985, 309, -12362.9833984375, -1676.57666015625, 130.7482452392578125, -0.34906607866287231, 0, 0, 0.173648297786712646, -0.98480772972106933, 600, 600, 100, 1), -- Spider Egg
(@OGUID+85, 179985, 309, -12353.767578125, -1634.045166015625, 130.6604461669921875, 2.49582076072692871, 0, 0, 0.948323667049407958, 0.31730470061302185, 600, 600, 100, 1), -- Spider Egg
(@OGUID+86, 179985, 309, -12356.75390625, -1672.310791015625, 130.908477783203125, -1.43116986751556396, 0, 0, 0.656058967113494873, -0.75470966100692749, 600, 600, 100, 1), -- Spider Egg
(@OGUID+87, 179985, 309, -12371.251953125, -1672.7396240234375, 131.1305999755859375, -0.62831860780715942, 0, 0, 0.309017032384872436, -0.95105648040771484, 600, 600, 100, 1), -- Spider Egg
(@OGUID+88, 179985, 309, -12312.9814453125, -1599.797119140625, 132.6368408203125, 0.837758004665374755, 0, 0, 0.406736642122268676, 0.913545429706573486, 600, 600, 100, 1), -- Spider Egg
(@OGUID+89, 179985, 309, -12331.298828125, -1610.7552490234375, 132.7266998291015625, -0.97738438844680786, 0, 0, 0.469471573829650878, -0.88294756412506103, 600, 600, 100, 1), -- Spider Egg
(@OGUID+90, 179985, 309, -12311.2412109375, -1582.17578125, 133.0598602294921875, -1.18682420253753662, 0, 0, 0.559193015098571777, -0.82903748750686645, 600, 600, 100, 1), -- Spider Egg
(@OGUID+91, 179985, 309, -12331.44921875, -1627.33740234375, 130.440093994140625, 2.164208173751831054, 0, 0, 0.882947564125061035, 0.469471603631973266, 600, 600, 100, 1), -- Spider Egg
(@OGUID+92, 179985, 309, -12384.8447265625, -1641.2955322265625, 131.1581268310546875, -1.2042773962020874, 0, 0, 0.566406309604644775, -0.82412612438201904, 600, 600, 100, 1), -- Spider Egg
(@OGUID+93, 179985, 309, -12377.681640625, -1665.008056640625, 131.33099365234375, 1.117010712623596191, 0, 0, 0.529919266700744628, 0.848048090934753417, 600, 600, 100, 1), -- Spider Egg
(@OGUID+94, 179985, 309, -12377.103515625, -1622.5504150390625, 130.7606964111328125, -2.42600750923156738, 0, 0, 0.936672151088714599, -0.35020741820335388, 600, 600, 100, 1), -- Spider Egg
(@OGUID+95, 179985, 309, -12313.396484375, -1563.058349609375, 133.6548614501953125, -2.96705961227416992, 0, 0, 0.996194720268249511, -0.0871557667851448, 600, 600, 100, 1), -- Spider Egg
(@OGUID+96, 179985, 309, -12343.3994140625, -1587.8177490234375, 132.23248291015625, -1.23918378353118896, 0, 0, 0.580702960491180419, -0.81411552429199218, 600, 600, 100, 1), -- Spider Egg
(@OGUID+97, 179985, 309, -12317.6083984375, -1577.6944580078125, 132.4249267578125, -2.51327419281005859, 0, 0, 0.951056540012359619, -0.30901694297790527, 600, 600, 100, 1), -- Spider Egg
(@OGUID+98, 179985, 309, -12331.353515625, -1586.4735107421875, 132.353057861328125, 3.019419670104980468, 0, 0, 0.998134791851043701, 0.061048507690429687, 600, 600, 100, 1), -- Spider Egg
(@OGUID+99, 179985, 309, -12380.603515625, -1674.2135009765625, 135.1352081298828125, -0.12217313796281814, 0, 0, 0.061048582196235656, -0.9981347918510437, 600, 600, 100, 1), -- Spider Egg
(@OGUID+100, 179985, 309, -12381.1650390625, -1611.2926025390625, 132.4382171630859375, -0.80285149812698364, 0, 0, 0.39073115587234497, -0.92050486803054809, 600, 600, 100, 1), -- Spider Egg
(@OGUID+101, 179985, 309, -12326.1123046875, -1564.0631103515625, 133.68951416015625, -1.9198620319366455, 0, 0, 0.819151997566223144, -0.57357645034790039, 600, 600, 100, 1), -- Spider Egg
(@OGUID+102, 179985, 309, -12332.9658203125, -1577.06884765625, 132.2977752685546875, -0.62831860780715942, 0, 0, 0.309017032384872436, -0.95105648040771484, 600, 600, 100, 1), -- Spider Egg
(@OGUID+103, 179985, 309, -12359.677734375, -1598.025634765625, 134.8007354736328125, -0.38397243618965148, 0, 0, 0.190809011459350585, -0.98162716627120971, 600, 600, 100, 1), -- Spider Egg
(@OGUID+104, 179985, 309, -12321.521484375, -1580.005615234375, 132.249481201171875, 3.089232683181762695, 0, 0, 0.999657332897186279, 0.026176994666457176, 600, 600, 100, 1), -- Spider Egg
(@OGUID+105, 179985, 309, -12341.470703125, -1596.3148193359375, 132.421630859375, 2.652900457382202148, 0, 0, 0.970295727252960205, 0.241921901702880859, 600, 600, 100, 1), -- Spider Egg
(@OGUID+106, 179985, 309, -12375.0830078125, -1633.2821044921875, 129.587738037109375, -2.51327419281005859, 0, 0, 0.951056540012359619, -0.30901694297790527, 600, 600, 100, 1), -- Spider Egg
(@OGUID+107, 179985, 309, -12319.9638671875, -1566.5418701171875, 132.9080963134765625, 0.191986218094825744, 0, 0, 0.095845751464366912, 0.995396196842193603, 600, 600, 100, 1), -- Spider Egg
(@OGUID+108, 179985, 309, -12310.701171875, -1572.5716552734375, 133.446685791015625, 2.111848354339599609, 0, 0, 0.870355665683746337, 0.492423564195632934, 600, 600, 100, 1), -- Spider Egg
(@OGUID+109, 179985, 309, -12371.6806640625, -1653.59033203125, 130.518829345703125, -1.44862353801727294, 0, 0, 0.662620127201080322, -0.74895566701889038, 600, 600, 100, 1), -- Spider Egg
(@OGUID+110, 179985, 309, -12332.5029296875, -1566.5137939453125, 132.693328857421875, 3.089232683181762695, 0, 0, 0.999657332897186279, 0.026176994666457176, 600, 600, 100, 1), -- Spider Egg
(@OGUID+111, 179985, 309, -12367.8330078125, -1604.669677734375, 132.3591766357421875, -1.25663685798645019, 0, 0, 0.587785184383392333, -0.80901706218719482, 600, 600, 100, 1), -- Spider Egg
(@OGUID+112, 179985, 309, -12338.6669921875, -1582.6458740234375, 132.5365447998046875, 0.872664630413055419, 0, 0, 0.422618269920349121, 0.906307756900787353, 600, 600, 100, 1), -- Spider Egg
(@OGUID+113, 179985, 309, -12375.4033203125, -1604.2081298828125, 133.8431396484375, -0.62831860780715942, 0, 0, 0.309017032384872436, -0.95105648040771484, 600, 600, 100, 1), -- Spider Egg
(@OGUID+114, 179985, 309, -12370.93359375, -1619.595703125, 130.940216064453125, -1.41371667385101318, 0, 0, 0.649448037147521972, -0.76040601730346679, 600, 600, 100, 1), -- Spider Egg
(@OGUID+115, 179985, 309, -12308.8642578125, -1568.1666259765625, 134.03521728515625, 1.082104086875915527, 0, 0, 0.515038073062896728, 0.857167303562164306, 600, 600, 100, 1), -- Spider Egg
(@OGUID+116, 179985, 309, -12345.146484375, -1577.1090087890625, 133.1491241455078125, 0.052359882742166519, 0, 0, 0.026176949962973594, 0.999657332897186279, 600, 600, 100, 1), -- Spider Egg
(@OGUID+117, 179985, 309, -12307.20703125, -1575.849609375, 132.980377197265625, -0.75049144029617309, 0, 0, 0.366501152515411376, -0.93041759729385375, 600, 600, 100, 1), -- Spider Egg
(@OGUID+118, 179985, 309, -12340.296875, -1569.50439453125, 131.40960693359375, -1.29154384136199951, 0, 0, 0.601815104484558105, -0.79863548278808593, 600, 600, 100, 1), -- Spider Egg
(@OGUID+119, 179985, 309, -12365.6416015625, -1610.72900390625, 131.8831024169921875, -1.48352992534637451, 0, 0, 0.675590217113494873, -0.73727732896804809, 600, 600, 100, 1), -- Spider Egg
(@OGUID+120, 179985, 309, -12349.44921875, -1597.14892578125, 134.4842071533203125, 2.58308720588684082, 0, 0, 0.961261689662933349, 0.275637388229370117, 600, 600, 100, 1), -- Spider Egg
(@OGUID+121, 179985, 309, -12383.228515625, -1656.123291015625, 132.7698211669921875, -1.16937041282653808, 0, 0, 0.551936924457550048, -0.83388584852218627, 600, 600, 100, 1), -- Spider Egg
(@OGUID+122, 179985, 309, -12334.3232421875, -1590.640625, 132.3088836669921875, 0.296705961227416992, 0, 0, 0.147809401154518127, 0.989015877246856689, 600, 600, 100, 1), -- Spider Egg
(@OGUID+123, 179985, 309, -12372.5068359375, -1595.4488525390625, 138.234222412109375, -0.59341222047805786, 0, 0, 0.29237183928489685, -0.95630472898483276, 600, 600, 100, 1), -- Spider Egg
(@OGUID+124, 179985, 309, -12366.609375, -1637.8763427734375, 131.4484710693359375, 0.122173056006431579, 0, 0, 0.061048541218042373, 0.998134791851043701, 600, 600, 100, 1), -- Spider Egg
(@OGUID+125, 179985, 309, -12347.5419921875, -1566.5885009765625, 132.6945953369140625, 2.932153224945068359, 0, 0, 0.994521915912628173, 0.10452841967344284, 600, 600, 100, 1), -- Spider Egg
(@OGUID+126, 179985, 309, -12343.22265625, -1570.4896240234375, 131.6309356689453125, 2.652900457382202148, 0, 0, 0.970295727252960205, 0.241921901702880859, 600, 600, 100, 1), -- Spider Egg
-- 127 - 130
(@OGUID+131, 180164, 309, -12347.1650390625, -1845.5013427734375, 131.0122833251953125, -2.93215298652648925, 0, 0, 0.994521915912628173, -0.10452850908041, 259200, 259200, 100, 1), -- Sungrass
(@OGUID+132, 180164, 309, -11597.2822265625, -1752.79345703125, 39.32941055297851562, -0.78539824485778808, 0, 0, 0.382683485746383666, -0.92387950420379638, 259200, 259200, 100, 1), -- Sungrass
(@OGUID+133, 180164, 309, -11855.6, -1886.94, 64.4054, 0.157079, 0, 0, 0.0784588, 0.996917, 259200, 259200, 100, 1), -- Sungrass
(@OGUID+134, 180164, 309, -12156, -1466.72, 131.101, 4.88692, 0, 0, -0.642787, 0.766045, 259200, 259200, 100, 1), -- Sungrass
(@OGUID+135, 180164, 309, -12352.3076171875, -1672.7291259765625, 131.1775665283203125, 2.757613182067871093, 0, 0, 0.981626510620117187, 0.190812408924102783, 259200, 259200, 100, 1), -- Sungrass
(@OGUID+136, 180164, 309, -11556.2, -1480.03, 67.1307, 5.72468, 0, 0, -0.275637, 0.961262, 259200, 259200, 100, 1), -- Sungrass
(@OGUID+137, 180164, 309, -11615.0302734375, -1846.4097900390625, 41.41478729248046875, 3.071766138076782226, 0, 0, 0.999390602111816406, 0.034906134009361267, 259200, 259200, 100, 1), -- Sungrass
-- 138 - 140
(@OGUID+141, 180165, 309, -11969.421875, -1825.954833984375, 56.21387481689453125, 2.164208173751831054, 0, 0, 0.882947564125061035, 0.469471603631973266, 259200, 259200, 100, 1), -- Purple Lotus
(@OGUID+142, 180165, 309, -12334.537109375, -1899.6531982421875, 131.2425537109375, -3.00196623802185058, 0, 0, 0.997564077377319335, -0.06975647807121276, 259200, 259200, 100, 1), -- Purple Lotus
(@OGUID+143, 180165, 309, -11874.828125, -1382.4014892578125, 68.26617431640625, -1.01229083538055419, 0, 0, 0.484809547662734985, -0.87461978197097778, 259200, 259200, 100, 1), -- Purple Lotus
(@OGUID+144, 180165, 309, -12074.7, -1696.28, 46.4935, 2.02458, 0, 0, 0.848047, 0.529921, 259200, 259200, 100, 1), -- Purple Lotus
(@OGUID+145, 180165, 309, -11944.6, -1760.67, 53.5194, 4.39823, 0, 0, -0.809016, 0.587786, 259200, 259200, 100, 1), -- Purple Lotus
(@OGUID+146, 180165, 309, -11972.7548828125, -1553.0035400390625, 40.840301513671875, -1.60570168495178222, 0, 0, -0.71933937072753906, 0.694658815860748291, 259200, 259200, 100, 1), -- Purple Lotus
(@OGUID+147, 180165, 309, -11995.2, -1621.96, 33.2566, 4.32842, 0, 0, -0.829037, 0.559194, 259200, 259200, 100, 1), -- Purple Lotus
(@OGUID+148, 180165, 309, -11688.1, -1941.78, 56.86, 4.36332, 0, 0, -0.819152, 0.573577, 259200, 259200, 100, 1), -- Purple Lotus
(@OGUID+149, 180165, 309, -11657.6787109375, -1565.70556640625, 41.41679763793945312, -2.12930059432983398, 0, 0, -0.8746194839477539, 0.484810054302215576, 259200, 259200, 100, 1), -- Purple Lotus
-- 150
(@OGUID+151, 180166, 309, -11733.876953125, -1945.6007080078125, 58.68107986450195312, -2.82743334770202636, 0, 0, 0.987688362598419189, -0.15643444657325744, 259200, 259200, 100, 1), -- Mountain Silversage
(@OGUID+152, 180166, 309, -12264.7392578125, -1869.3797607421875, 133.451812744140625, 1.29154360294342041, 0, 0, 0.601814985275268554, 0.798635542392730712, 259200, 259200, 100, 1), -- Mountain Silversage
(@OGUID+153, 180166, 309, -11595.2587890625, -1218.1876220703125, 81.0124969482421875, -0.82030475139617919, 0, 0, 0.398749053478240966, -0.91706007719039916, 259200, 259200, 100, 1), -- Mountain Silversage
(@OGUID+154, 180166, 309, -12225.857421875, -1419.9320068359375, 131.391693115234375, -1.25663685798645019, 0, 0, 0.587785184383392333, -0.80901706218719482, 259200, 259200, 100, 1), -- Mountain Silversage
(@OGUID+155, 180166, 309, -11657.0380859375, -1457.0177001953125, 61.00021743774414062, -1.74532675743103027, 0, 0, -0.76604366302490234, 0.642788589000701904, 259200, 259200, 100, 1), -- Mountain Silversage
(@OGUID+156, 180166, 309, -11804.4, -1902, 50.6509, 5.93412, 0, 0, -0.173648, 0.984808, 259200, 259200, 100, 1), -- Mountain Silversage
(@OGUID+157, 180166, 309, -12255.3, -1963.61, 136.048, 0.610863, 0, 0, 0.300705, 0.953717, 259200, 259200, 100, 1), -- Mountain Silversage
(@OGUID+158, 180166, 309, -12346.8, -1965, 133.195, 0.453785, 0, 0, 0.224951, 0.97437, 259200, 259200, 100, 1), -- Mountain Silversage
(@OGUID+159, 180166, 309, -12062.20703125, -1433.8271484375, 130.2298736572265625, -2.79251837730407714, 0, 0, -0.98480701446533203, 0.173652306199073791, 259200, 259200, 100, 1), -- Mountain Silversage
(@OGUID+160, 180166, 309, -11526.8, -1493.28, 80.0608, 2.54818, 0, 0, 0.956305, 0.292372, 259200, 259200, 100, 1), -- Mountain Silversage
(@OGUID+161, 180166, 309, -11561.296875, -1805.5086669921875, 62.4127960205078125, -3.00194692611694335, 0, 0, -0.99756336212158203, 0.069766148924827575, 259200, 259200, 100, 1), -- Mountain Silversage
(@OGUID+162, 180166, 309, -12298.3, -1464.21, 130.6, 2.02458, 0, 0, 0.848047, 0.529921, 259200, 259200, 100, 1), -- Mountain Silversage
-- 163 - 170
(@OGUID+171, 180167, 309, -11988.107421875, -1825.9349365234375, 58.52939224243164062, -1.81514251232147216, 0, 0, 0.788010776042938232, -0.61566144227981567, 259200, 259200, 100, 1), -- Golden Sansam
(@OGUID+172, 180167, 309, -11585.2197265625, -1573.601806640625, 50.7598114013671875, 1.169370651245117187, 0, 0, 0.551936984062194824, 0.833885848522186279, 259200, 259200, 100, 1), -- Golden Sansam
(@OGUID+173, 180167, 309, -12298.3505859375, -1684.076171875, 132.49176025390625, 1.448623299598693847, 0, 0, 0.662620067596435546, 0.748955726623535156, 259200, 259200, 100, 1), -- Golden Sansam
(@OGUID+174, 180167, 309, -11834.8427734375, -1326.258056640625, 67.55466461181640625, -2.63544702529907226, 0, 0, 0.968147635459899902, -0.25038003921508789, 259200, 259200, 100, 1), -- Golden Sansam
(@OGUID+175, 180167, 309, -12223.4521484375, -1416.2662353515625, 131.544952392578125, 2.932153224945068359, 0, 0, 0.994521915912628173, 0.10452841967344284, 259200, 259200, 100, 1), -- Golden Sansam
(@OGUID+176, 180167, 309, -11786.7, -1896.81, 48.9827, 3.31614, 0, 0, -0.996194, 0.087165, 259200, 259200, 100, 1), -- Golden Sansam
(@OGUID+177, 180167, 309, -11558.208984375, -1739.44921875, 38.6247100830078125, -0.52359795570373535, 0, 0, -0.25881862640380859, 0.965925931930541992, 259200, 259200, 100, 1), -- Golden Sansam
(@OGUID+178, 180167, 309, -11457, -1596.5, 49.6861, 5.53269, 0, 0, -0.366501, 0.930418, 259200, 259200, 100, 1), -- Golden Sansam
(@OGUID+179, 180167, 309, -11583.7, -1663.03, 50.6409, 5.21854, 0, 0, -0.507538, 0.861629, 259200, 259200, 100, 1), -- Golden Sansam
(@OGUID+180, 180167, 309, -12367.3193359375, -1615.6109619140625, 131.1434478759765625, 1.815141916275024414, 0, 0, 0.788010597229003906, 0.615661680698394775, 259200, 259200, 100, 1), -- Golden Sansam
(@OGUID+181, 180167, 309, -12197.3, -1983.1, 132.6, 4.83456, 0, 0, -0.66262, 0.748956, 259200, 259200, 100, 1), -- Golden Sansam
(@OGUID+182, 180167, 309, -12380.33203125, -1662.3756103515625, 131.9833221435546875, 2.426007747650146484, 0, 0, 0.936672210693359375, 0.350207358598709106, 259200, 259200, 100, 1), -- Golden Sansam
(@OGUID+183, 180167, 309, -12288.3, -1625.12, 130.261, 1.309, 0, 0, 0.608761, 0.793354, 259200, 259200, 100, 1), -- Golden Sansam
(@OGUID+184, 180167, 309, -11742, -1337.24, 63.7299, 2.77507, 0, 0, 0.983254, 0.182238, 259200, 259200, 100, 1), -- Golden Sansam
(@OGUID+185, 180167, 309, -11656.2, -1572.16, 39.8062, 3.94445, 0, 0, -0.920505, 0.390732, 259200, 259200, 100, 1), -- Golden Sansam
(@OGUID+186, 180167, 309, -12002.8, -1489.2, 80.3559, 0.331611, 0, 0, 0.165047, 0.986286, 259200, 259200, 100, 1), -- Golden Sansam
(@OGUID+187, 180167, 309, -11985.6005859375, -1717.9481201171875, 32.28356170654296875, -0.75049078464508056, 0, 0, -0.3665008544921875, 0.93041771650314331, 259200, 259200, 100, 1), -- Golden Sansam
-- 188 - 190
(@OGUID+191, 180168, 309, -11986.20703125, -1475.364990234375, 79.697052001953125, -3.00196623802185058, 0, 0, 0.997564077377319335, -0.06975647807121276, 259200, 259200, 100, 1), -- Dreamfoil
(@OGUID+192, 180168, 309, -12185.90625, -1901.982666015625, 133.235443115234375, 0.820304811000823974, 0, 0, 0.398749083280563354, 0.917060077190399169, 259200, 259200, 100, 1), -- Dreamfoil
(@OGUID+193, 180168, 309, -11820.98046875, -1892.170166015625, 49.65859603881835937, 0.977384388446807861, 0, 0, 0.469471573829650878, 0.882947564125061035, 259200, 259200, 100, 1), -- Dreamfoil
(@OGUID+194, 180168, 309, -11456.5654296875, -1606.9561767578125, 49.19579696655273437, 2.0245819091796875, 0, 0, 0.848048090934753417, 0.529919266700744628, 259200, 259200, 100, 1), -- Dreamfoil
(@OGUID+195, 180168, 309, -11608.912109375, -1274.0670166015625, 79.27100372314453125, 0.01745329238474369, 0, 0, 0.008726535364985466, 0.999961912631988525, 259200, 259200, 100, 1), -- Dreamfoil
(@OGUID+196, 180168, 309, -11748.7, -1906.19, 55.9028, 4.53786, 0, 0, -0.766044, 0.642789, 259200, 259200, 100, 1), -- Dreamfoil
(@OGUID+197, 180168, 309, -11539.7, -1244.56, 78.744, 1.29154, 0, 0, 0.601814, 0.798636, 259200, 259200, 100, 1), -- Dreamfoil
(@OGUID+198, 180168, 309, -12347.7, -1926.59, 133.29, 5.53269, 0, 0, -0.366501, 0.930418, 259200, 259200, 100, 1), -- Dreamfoil
(@OGUID+199, 180168, 309, -12159.3583984375, -1956.9908447265625, 134.0766448974609375, -0.1221729889512062, 0, 0, -0.06104850769042968, 0.998134791851043701, 259200, 259200, 100, 1), -- Dreamfoil
(@OGUID+200, 180168, 309, -12396.8, -1835.81, 132.798, 5.88176, 0, 0, -0.199367, 0.979925, 259200, 259200, 100, 1), -- Dreamfoil
(@OGUID+201, 180168, 309, -11650, -1890.45, 57.2409, 5.46288, 0, 0, -0.398748, 0.91706, 259200, 259200, 100, 1), -- Dreamfoil
(@OGUID+202, 180168, 309, -11576.4, -1314.08, 80.0355, 0.610863, 0, 0, 0.300705, 0.953717, 259200, 259200, 100, 1), -- Dreamfoil
(@OGUID+203, 180168, 309, -11857, -1854.94, 63.8638, 0.506145, 0, 0, 0.25038, 0.968148, 259200, 259200, 100, 1), -- Dreamfoil
(@OGUID+204, 180168, 309, -11517.21484375, -1688.4107666015625, 51.14802932739257812, -2.79251837730407714, 0, 0, -0.98480701446533203, 0.173652306199073791, 259200, 259200, 100, 1), -- Dreamfoil
(@OGUID+205, 180168, 309, -12236.5, -1472.11, 130.657, 4.50295, 0, 0, -0.777145, 0.629321, 259200, 259200, 100, 1), -- Dreamfoil
(@OGUID+206, 180168, 309, -11543.5, -1548.46, 51.7261, 5.02655, 0, 0, -0.587785, 0.809017, 259200, 259200, 100, 1), -- Dreamfoil
(@OGUID+207, 180168, 309, -12059.7, -1443.07, 130.177, 3.45576, 0, 0, -0.987688, 0.156436, 259200, 259200, 100, 1), -- Dreamfoil
-- 208 - 210
(@OGUID+211, 0, 309, -11518.228515625, -1693.0625, 52.48497390747070312, 1.029743075370788574, 0, 0, 0.492423057556152343, 0.870355963706970214, 259200, 259200, 100, 1), -- Jinxed Hoodoo Pile
(@OGUID+212, 0, 309, -12382.435546875, -1919.368896484375, 131.5534210205078125, -2.84488272666931152, 0, 0, -0.98901557922363281, 0.147811368107795715, 259200, 259200, 100, 1), -- Jinxed Hoodoo Pile
(@OGUID+213, 0, 309, -12376.189453125, -1661.066162109375, 132.8642425537109375, 1.431168079376220703, 0, 0, 0.656058311462402343, 0.754710197448730468, 259200, 259200, 100, 1), -- Jinxed Hoodoo Pile
(@OGUID+214, 0, 309, -12155.8818359375, -1960.3697509765625, 133.1110687255859375, -2.63544416427612304, 0, 0, -0.96814727783203125, 0.250381410121917724, 259200, 259200, 100, 1), -- Jinxed Hoodoo Pile
(@OGUID+215, 0, 309, -12358.32421875, -1939.73095703125, 132.353057861328125, 0.104719325900077819, 0, 0, 0.052335739135742187, 0.998629570007324218, 259200, 259200, 100, 1), -- Jinxed Hoodoo Pile
(@OGUID+216, 0, 309, -11542.681640625, -1544.9483642578125, 51.77915191650390625, -0.7853967547416687, 0, 0, -0.38268280029296875, 0.923879802227020263, 259200, 259200, 100, 1), -- Jinxed Hoodoo Pile
(@OGUID+217, 0, 309, -11555.998046875, -1725.953125, 39.72829818725585937, 0.942476630210876464, 0, 0, 0.453989982604980468, 0.891006767749786376, 259200, 259200, 100, 1), -- Jinxed Hoodoo Pile
(@OGUID+218, 0, 309, -11742.3203125, -1930.49609375, 56.91274642944335937, 1.623155713081359863, 0, 0, 0.725374221801757812, 0.688354730606079101, 259200, 259200, 100, 1), -- Jinxed Hoodoo Pile
(@OGUID+219, 0, 309, -11638.3564453125, -1882.9140625, 57.31586456298828125, -2.42600250244140625, 0, 0, -0.93667125701904296, 0.350209832191467285, 259200, 259200, 100, 1), -- Jinxed Hoodoo Pile
(@OGUID+220, 0, 309, -11452.888671875, -1613.9444580078125, 49.03480148315429687, 2.530723094940185546, 0, 0, 0.953716278076171875, 0.300707906484603881, 259200, 259200, 100, 1), -- Jinxed Hoodoo Pile
(@OGUID+221, 0, 309, -11526.3486328125, -1479.7432861328125, 78.02657318115234375, -1.15191733837127685, 0, 0, 0.544639050960540771, -0.83867055177688598, 259200, 259200, 100, 1), -- Jinxed Hoodoo Pile
(@OGUID+222, 0, 309, -11810.1142578125, -1882.40283203125, 46.07453536987304687, -2.44346022605895996, 0, 0, -0.93969249725341796, 0.34202045202255249, 259200, 259200, 100, 1), -- Jinxed Hoodoo Pile
(@OGUID+223, 0, 309, -11594.6533203125, -1216.6636962890625, 81.3684539794921875, 0.331612557172775268, 0, 0, 0.165047600865364074, 0.986285626888275146, 259200, 259200, 100, 1), -- Jinxed Hoodoo Pile
(@OGUID+224, 0, 309, -11539.875, -1247.64013671875, 78.517669677734375, 3.001966238021850585, 0, 0, 0.997564077377319335, 0.069756507873535156, 259200, 259200, 100, 1), -- Jinxed Hoodoo Pile
(@OGUID+225, 0, 309, -11781.8701171875, -1621.9085693359375, 21.14900398254394531, -3.12412309646606445, 0, 0, -0.99996185302734375, 0.008734640665352344, 259200, 259200, 100, 1), -- Jinxed Hoodoo Pile
(@OGUID+226, 0, 309, -12357.8701171875, -1836.308837890625, 130.8646392822265625, 0.453785032033920288, 0, 0, 0.224950790405273437, 0.974370121955871582, 259200, 259200, 100, 1), -- Jinxed Hoodoo Pile
(@OGUID+227, 0, 309, -11974.7861328125, -1474.543701171875, 79.98345184326171875, 2.932138919830322265, 0, 0, 0.994521141052246093, 0.104535527527332305, 259200, 259200, 100, 1), -- Jinxed Hoodoo Pile
-- 228 - 229
-- Zul'Gurub & Altar of Hir'eek - 1
(@OGUID+230, 180215, 309, -11994.2, -1458.62, 83.1144, 5.044, 0, 0, -0.580703, 0.814116, 259200, 259200, 100, 1), -- Hakkari Thorium Vein
(@OGUID+231, 180215, 309, -12063.5, -1437.4, 130.23, 1.25664, 0, 0, 0.587785, 0.809017, 259200, 259200, 100, 1), -- Hakkari Thorium Vein
(@OGUID+232, 180215, 309, -12241.8525390625, -1488.2923583984375, 131.5126495361328125, 1.588249683380126953, 0, 0, 0.713250458240509033, 0.700909256935119628, 259200, 259200, 100, 1), -- Hakkari Thorium Vein
(@OGUID+233, 180215, 309, -12310.1, -1465.36, 130.6, 3.9619, 0, 0, -0.91706, 0.39875, 259200, 259200, 100, 1), -- Hakkari Thorium Vein
-- Hakkari Grounds - 2
(@OGUID+234, 180215, 309, -12406.4, -1838, 135.3, 1.52754, 0, 0, 0, 0, 259200, 259200, 100, 1), -- Hakkari Thorium Vein						//xyz guessed
(@OGUID+235, 180215, 309, -12145.4, -1941.74, 134.893, 1.8675, 0, 0, 0.803857, 0.594823, 259200, 259200, 100, 1), -- Hakkari Thorium Vein
(@OGUID+236, 180215, 309, -12177.3, -1910.15, 130.807, 1.93731, 0, 0, 0.824125, 0.566408, 259200, 259200, 100, 1), -- Hakkari Thorium Vein
(@OGUID+237, 180215, 309, -12398.2, -1934.43, 133.233, 0.733038, 0, 0, 0.358368, 0.933581, 259200, 259200, 100, 1), -- Hakkari Thorium Vein
-- Zanza's Rise & Zul'Gurub - 3
(@OGUID+238, 180215, 309, -11998.046875, -1843.457275390625, 60.41311264038085937, -0.41887885332107543, 0, 0, 0.207911610603332519, -0.97814762592315673, 259200, 259200, 100, 1), -- Hakkari Thorium Vein
(@OGUID+239, 180215, 309, -11927.7021484375, -1756.9566650390625, 50.15846633911132812, 3.141592741012573242, 0, 0, 1, -0.00000004371138828, 259200, 259200, 100, 1), -- Hakkari Thorium Vein
(@OGUID+240, 180215, 309, -11803.5, -1905.71, 52.927, 2.54818, 0, 0, 0.956305, 0.292372, 259200, 259200, 100, 1), -- Hakkari Thorium Vein
(@OGUID+241, 180215, 309, -11546.4, -1745.06, 40.1541, 1.3439, 0, 0, 0.622514, 0.782609, 259200, 259200, 100, 1), -- Hakkari Thorium Vein
-- Zul'Gurub & The Bloodfire Pit - 4
(@OGUID+242, 180215, 309, -11647.4, -1476.96, 50.3857, 4.31097, 0, 0, -0.833885, 0.551938, 259200, 259200, 100, 1), -- Hakkari Thorium Vein
(@OGUID+243, 180215, 309, -11549.5, -1489.06, 73.2133, 3.71755, 0, 0, -0.958819, 0.284016, 259200, 259200, 100, 1), -- Hakkari Thorium Vein
(@OGUID+244, 180215, 309, -11599, -1217.44, 80.3655, 1.72787, 0, 0, 0.760405, 0.649449, 259200, 259200, 100, 1), -- Hakkari Thorium Vein
(@OGUID+245, 180215, 309, -11545.6, -1237.46, 79.2193, 2.37364, 0, 0, 0.927183, 0.374608, 259200, 259200, 100, 1), -- Hakkari Thorium Vein
-- Muddy Churning Waters
(@OGUID+246, 180369, 309, -11780.9853515625, -1425.22509765625, 10.46028041839599609, -0.73303824663162231, 0, 0, 0.358367919921875, -0.93358045816421508, 259200, 259200, 100, 1), -- Muddy Churning Waters - zg
(@OGUID+247, 180369, 309, -11841.12109375, -1506.41796875, 10.46028041839599609, -0.92502433061599731, 0, 0, 0.446197748184204101, -0.89493441581726074, 259200, 259200, 100, 1), -- Muddy Churning Waters - aotbg
(@OGUID+248, 180369, 309, -11899.955078125, -1479.853515625, 10.46028041839599609, -1.62315630912780761, 0, 0, 0.725374400615692138, -0.6883544921875, 259200, 259200, 100, 1), -- Muddy Churning Waters - zg
(@OGUID+249, 180369, 309, -11680.2138671875, -1659.739013671875, 10.46028041839599609, 1.29154360294342041, 0, 0, 0.601814985275268554, 0.798635542392730712, 259200, 259200, 100, 1), -- Muddy Churning Waters - aotbg
(@OGUID+250, 180369, 309, -11890.2, -1714.73, 10.4603, 2.96704, 0, 0, 0.996194, 0.087165, 259200, 259200, 100, 1), -- Muddy Churning Waters - aotbg
(@OGUID+251, 180369, 309, -11887.7, -1643.9, 10.4603, 3.87463, 0, 0, -0.93358, 0.358368, 259200, 259200, 100, 1), -- Muddy Churning Waters - aotbg
(@OGUID+252, 180369, 309, -11700.5087890625, -1746.4871826171875, 10.46028041839599609, -2.72271275520324707, 0, 0, -0.97814750671386718, 0.207912087440490722, 259200, 259200, 100, 1), -- Muddy Churning Waters - pp
-- 253 - 259
(@OGUID+260, 180366, 309, -11698.146484375, -1771.4991455078125, 12.55782794952392578, -2.93215298652648925, 0, 0, 0.994521915912628173, -0.10452850908041, 600, 600, 100, 1), -- Battered Tackle Box
(@OGUID+261, 180392, 309, -11693.3349609375, -1765.30908203125, 12.59231376647949218, 0.733038246631622314, 0, 0, 0.358367949724197387, 0.933580398559570312, 10, 10, 100, 1), -- Full Jug
(@OGUID+262, 180392, 309, -11696.25390625, -1771.701171875, 12.592315673828125, -0.97738438844680786, 0, 0, 0.469471573829650878, -0.88294756412506103, 10, 10, 100, 1), -- Full Jug
(@OGUID+263, 180392, 309, -11700.4970703125, -1769.894287109375, 12.34756183624267578, -1.93731522560119628, 0, 0, 0.824126124382019042, -0.56640630960464477, 10, 10, 100, 1), -- Full Jug
(@OGUID+264, 180392, 309, -11698.509765625, -1775.004150390625, 12.5728006362915039, 1.466076612472534179, 0, 0, 0.669130623340606689, 0.743144810199737548, 10, 10, 100, 1), -- Full Jug
(@OGUID+265, 180392, 309, -11687.341796875, -1785.8621826171875, 12.59230995178222656, -0.82030475139617919, 0, 0, 0.398749053478240966, -0.91706007719039916, 10, 10, 100, 1), -- Full Jug
(@OGUID+266, 180392, 309, -11691.837890625, -1769.1810302734375, 12.592315673828125, -2.2165684700012207, 0, 0, 0.894934415817260742, -0.4461977481842041, 10, 10, 100, 1), -- Full Jug
(@OGUID+267, 180392, 309, -11686.6748046875, -1786.2242431640625, 12.59230995178222656, -2.80998015403747558, 0, 0, 0.986285626888275146, -0.16504754126071929, 10, 10, 100, 1), -- Full Jug
(@OGUID+268, 180392, 309, -11691.6611328125, -1769.886474609375, 12.592315673828125, 2.600540637969970703, 0, 0, 0.963630437850952148, 0.267238348722457885, 10, 10, 100, 1), -- Full Jug
(@OGUID+269, 180392, 309, -11692.1767578125, -1769.6417236328125, 12.592315673828125, 0.523598790168762207, 0, 0, 0.258819043636322021, 0.965925812721252441, 10, 10, 100, 1), -- Full Jug
(@OGUID+270, 180386, 309, -11516.2421875, -1648.1376953125, 49.53345108032226562, 1.666788697242736816, 0, 0, 0.740217864513397216, 0.6723671555519104, 600, 600, 100, 1), -- Gong
(@OGUID+271, 180497, 309, -11501.8935546875, -1614.798828125, 44.57218170166015625, 1.57952284812927246, 0, 0, 0.710185348987579345, 0.704014778137207031, 600, 600, 100, 0), -- Forcefield
(@OGUID+272, 180526, 309, -11569.19921875, -1627.87451171875, 41.27669906616210937, 0.008725880645215511, 0, 0, 0.004362926352769136, 0.999990463256835937, 600, 600, 100, 1); -- Gong of Bethekk

INSERT INTO gameobject_spawn_entry (guid, entry) SELECT guid, 180228 FROM gameobject WHERE guid BETWEEN @OGUID+211 AND @OGUID+227; -- Jinxed Hoodoo Pile
INSERT INTO gameobject_spawn_entry (guid, entry) SELECT guid, 180229 FROM gameobject WHERE guid BETWEEN @OGUID+211 AND @OGUID+227; -- Jinxed Hoodoo Pile


INSERT INTO pool_template (entry, max_limit, description) VALUES
(@PGUID+51, 1, 'Zul''Gurub - Hakkari Thorium Vein (180215) #1'),
(@PGUID+52, 1, 'Zul''Gurub - Hakkari Thorium Vein (180215) #2'),
(@PGUID+53, 1, 'Zul''Gurub - Hakkari Thorium Vein (180215) #3'),
(@PGUID+54, 1, 'Zul''Gurub - Hakkari Thorium Vein (180215) #4'),
(@PGUID+61, 2, 'Zul''Gurub - Sungrass (180164)'),
(@PGUID+62, 3, 'Zul''Gurub - Purple Lotus (180165)'),
(@PGUID+63, 4, 'Zul''Gurub - Mountain Silversage (180166)'),
(@PGUID+64, 5, 'Zul''Gurub - Golden Sansam (180167)'),
(@PGUID+65, 5, 'Zul''Gurub - Dreamfoil (180168)'),
(@PGUID+71, 4, 'Zul''Gurub - Muddy Churning Waters (180369)'),
(@PGUID+81, 6, 'Zul''Gurub - Full Jug (180392)');

INSERT INTO pool_gameobject (guid, pool_entry, chance, description) VALUES
(@OGUID+230, @PGUID+51, 0, 'Zul''Gurub - Hakkari Thorium Vein (180215)'),
(@OGUID+231, @PGUID+51, 0, 'Zul''Gurub - Hakkari Thorium Vein (180215)'),
(@OGUID+232, @PGUID+51, 0, 'Zul''Gurub - Hakkari Thorium Vein (180215)'),
(@OGUID+233, @PGUID+51, 0, 'Zul''Gurub - Hakkari Thorium Vein (180215)'),
(@OGUID+234, @PGUID+52, 0, 'Zul''Gurub - Hakkari Thorium Vein (180215)'),
(@OGUID+235, @PGUID+52, 0, 'Zul''Gurub - Hakkari Thorium Vein (180215)'),
(@OGUID+236, @PGUID+52, 0, 'Zul''Gurub - Hakkari Thorium Vein (180215)'),
(@OGUID+237, @PGUID+52, 0, 'Zul''Gurub - Hakkari Thorium Vein (180215)'),
(@OGUID+238, @PGUID+53, 0, 'Zul''Gurub - Hakkari Thorium Vein (180215)'),
(@OGUID+239, @PGUID+53, 0, 'Zul''Gurub - Hakkari Thorium Vein (180215)'),
(@OGUID+240, @PGUID+53, 0, 'Zul''Gurub - Hakkari Thorium Vein (180215)'),
(@OGUID+241, @PGUID+53, 0, 'Zul''Gurub - Hakkari Thorium Vein (180215)'),
(@OGUID+242, @PGUID+54, 0, 'Zul''Gurub - Hakkari Thorium Vein (180215)'),
(@OGUID+243, @PGUID+54, 0, 'Zul''Gurub - Hakkari Thorium Vein (180215)'),
(@OGUID+244, @PGUID+54, 0, 'Zul''Gurub - Hakkari Thorium Vein (180215)'),
(@OGUID+245, @PGUID+54, 0, 'Zul''Gurub - Hakkari Thorium Vein (180215)');

INSERT INTO pool_gameobject_template (id, pool_entry, chance, description) VALUES
(180164, @PGUID+61, 0, 'Zul''Gurub - Sungrass (180164)'),
(180165, @PGUID+62, 0, 'Zul''Gurub - Purple Lotus (180165)'),
(180166, @PGUID+63, 0, 'Zul''Gurub - Mountain Silversage (180166)'),
(180167, @PGUID+64, 0, 'Zul''Gurub - Golden Sansam (180167)'),
(180168, @PGUID+65, 0, 'Zul''Gurub - Dreamfoil (180168)'),
(180369, @PGUID+71, 0, 'Zul''Gurub - Muddy Churning Waters (180369)'),
(180392, @PGUID+81, 0, 'Zul''Gurub - Full Jug (180392)');


-- %%%%%%%%%%%%%%%%%%%%%%%%%%%%%%%%%%%%
-- Molten Core
-- %%%%%%%%%%%%%%%%%%%%%%%%%%%%%%%%%%%%

-- Update values of existing GOs based on target database
UPDATE gameobject SET spawntimesecsmin=-604800, spawntimesecsmax=-604800 WHERE guid=4090049;
UPDATE gameobject SET spawntimesecsmin=-604800, spawntimesecsmax=-604800 WHERE guid=4090050;


-- %%%%%%%%%%%%%%%%%%%%%%%%%%%%%%%%%%%%
-- Blackwing Lair
-- %%%%%%%%%%%%%%%%%%%%%%%%%%%%%%%%%%%%

-- All synced


-- %%%%%%%%%%%%%%%%%%%%%%%%%%%%%%%%%%%%
-- Ruins of Ahn'Qiraj
-- %%%%%%%%%%%%%%%%%%%%%%%%%%%%%%%%%%%%

DELETE FROM gameobject WHERE id=180619;


-- %%%%%%%%%%%%%%%%%%%%%%%%%%%%%%%%%%%%
-- Temple of Ahn'Qiraj
-- %%%%%%%%%%%%%%%%%%%%%%%%%%%%%%%%%%%%

-- All synced


-- %%%%%%%%%%%%%%%%%%%%%%%%%%%%%%%%%%%%
-- Naxxramas
-- %%%%%%%%%%%%%%%%%%%%%%%%%%%%%%%%%%%%

-- Update pool gameobject entries to match target database
UPDATE pool_gameobject SET pool_entry=47850 WHERE guid=5330300;
UPDATE pool_gameobject SET pool_entry=47850 WHERE guid=5330301;
UPDATE pool_gameobject SET pool_entry=47850 WHERE guid=5330302;
UPDATE pool_gameobject SET pool_entry=47850 WHERE guid=5330303;
UPDATE pool_gameobject SET pool_entry=47850 WHERE guid=5330304;
UPDATE pool_gameobject SET pool_entry=47850 WHERE guid=5330305;
UPDATE pool_gameobject SET pool_entry=47850 WHERE guid=5330306;
UPDATE pool_gameobject SET pool_entry=47850 WHERE guid=5330307;
UPDATE pool_gameobject SET pool_entry=47851 WHERE guid=5330310;
UPDATE pool_gameobject SET pool_entry=47851 WHERE guid=5330311;
UPDATE pool_gameobject SET pool_entry=47851 WHERE guid=5330312;
UPDATE pool_gameobject SET pool_entry=47851 WHERE guid=5330313;
UPDATE pool_gameobject SET pool_entry=47851 WHERE guid=5330314;
UPDATE pool_gameobject SET pool_entry=47851 WHERE guid=5330315;
UPDATE pool_gameobject SET pool_entry=47851 WHERE guid=5330316;
UPDATE pool_gameobject SET pool_entry=47852 WHERE guid=5330320;
UPDATE pool_gameobject SET pool_entry=47852 WHERE guid=5330321;
UPDATE pool_gameobject SET pool_entry=47852 WHERE guid=5330322;
UPDATE pool_gameobject SET pool_entry=47852 WHERE guid=5330323;
UPDATE pool_gameobject SET pool_entry=47852 WHERE guid=5330324;
UPDATE pool_gameobject SET pool_entry=47852 WHERE guid=5330325;
UPDATE pool_gameobject SET pool_entry=47852 WHERE guid=5330326;
UPDATE pool_gameobject SET pool_entry=47853 WHERE guid=5330330;
UPDATE pool_gameobject SET pool_entry=47853 WHERE guid=5330331;
UPDATE pool_gameobject SET pool_entry=47853 WHERE guid=5330332;
UPDATE pool_gameobject SET pool_entry=47853 WHERE guid=5330333;
UPDATE pool_gameobject SET pool_entry=47853 WHERE guid=5330334;
UPDATE pool_gameobject SET pool_entry=47853 WHERE guid=5330335;
UPDATE pool_gameobject SET pool_entry=47853 WHERE guid=5330336;
UPDATE pool_gameobject SET pool_entry=47854 WHERE guid=5330340;
UPDATE pool_gameobject SET pool_entry=47854 WHERE guid=5330341;
UPDATE pool_gameobject SET pool_entry=47854 WHERE guid=5330342;
UPDATE pool_gameobject SET pool_entry=47854 WHERE guid=5330343;
UPDATE pool_gameobject SET pool_entry=47854 WHERE guid=5330344;
UPDATE pool_gameobject SET pool_entry=47854 WHERE guid=5330345;
UPDATE pool_gameobject SET pool_entry=47854 WHERE guid=5330346;
UPDATE pool_gameobject SET pool_entry=47855 WHERE guid=5330350;
UPDATE pool_gameobject SET pool_entry=47855 WHERE guid=5330351;
UPDATE pool_gameobject SET pool_entry=47855 WHERE guid=5330352;
UPDATE pool_gameobject SET pool_entry=47855 WHERE guid=5330353;
UPDATE pool_gameobject SET pool_entry=47855 WHERE guid=5330354;
UPDATE pool_gameobject SET pool_entry=47855 WHERE guid=5330355;
UPDATE pool_gameobject SET pool_entry=47856 WHERE guid=5330360;
UPDATE pool_gameobject SET pool_entry=47856 WHERE guid=5330361;
UPDATE pool_gameobject SET pool_entry=47856 WHERE guid=5330362;
UPDATE pool_gameobject SET pool_entry=47856 WHERE guid=5330363;
UPDATE pool_gameobject SET pool_entry=47856 WHERE guid=5330364;
UPDATE pool_gameobject SET pool_entry=47856 WHERE guid=5330365;
UPDATE pool_gameobject SET pool_entry=47856 WHERE guid=5330366;
UPDATE pool_gameobject SET pool_entry=47856 WHERE guid=5330367;
UPDATE pool_gameobject SET pool_entry=47857 WHERE guid=5330370;
UPDATE pool_gameobject SET pool_entry=47857 WHERE guid=5330371;
UPDATE pool_gameobject SET pool_entry=47857 WHERE guid=5330372;
UPDATE pool_gameobject SET pool_entry=47857 WHERE guid=5330373;
UPDATE pool_gameobject SET pool_entry=47857 WHERE guid=5330374;
UPDATE pool_gameobject SET pool_entry=47857 WHERE guid=5330375;
UPDATE pool_gameobject SET pool_entry=47857 WHERE guid=5330376;
UPDATE pool_gameobject SET pool_entry=47858 WHERE guid=5330380;
UPDATE pool_gameobject SET pool_entry=47858 WHERE guid=5330381;
UPDATE pool_gameobject SET pool_entry=47858 WHERE guid=5330382;
UPDATE pool_gameobject SET pool_entry=47858 WHERE guid=5330383;
UPDATE pool_gameobject SET pool_entry=47858 WHERE guid=5330384;
UPDATE pool_gameobject SET pool_entry=47858 WHERE guid=5330385;
UPDATE pool_gameobject SET pool_entry=47859 WHERE guid=5330390;
UPDATE pool_gameobject SET pool_entry=47859 WHERE guid=5330391;
UPDATE pool_gameobject SET pool_entry=47859 WHERE guid=5330392;
UPDATE pool_gameobject SET pool_entry=47859 WHERE guid=5330393;
UPDATE pool_gameobject SET pool_entry=47859 WHERE guid=5330394;
UPDATE pool_gameobject SET pool_entry=47859 WHERE guid=5330395;
UPDATE pool_gameobject SET pool_entry=47859 WHERE guid=5330396;
UPDATE pool_gameobject SET pool_entry=47860 WHERE guid=5330400;
UPDATE pool_gameobject SET pool_entry=47860 WHERE guid=5330401;
UPDATE pool_gameobject SET pool_entry=47860 WHERE guid=5330402;
UPDATE pool_gameobject SET pool_entry=47860 WHERE guid=5330403;
UPDATE pool_gameobject SET pool_entry=47860 WHERE guid=5330404;
UPDATE pool_gameobject SET pool_entry=47861 WHERE guid=5330410;
UPDATE pool_gameobject SET pool_entry=47861 WHERE guid=5330411;
UPDATE pool_gameobject SET pool_entry=47861 WHERE guid=5330412;
UPDATE pool_gameobject SET pool_entry=47861 WHERE guid=5330413;
UPDATE pool_gameobject SET pool_entry=47861 WHERE guid=5330414;
UPDATE pool_gameobject SET pool_entry=47861 WHERE guid=5330415;
UPDATE pool_gameobject SET pool_entry=47861 WHERE guid=5330416;
UPDATE pool_gameobject SET pool_entry=47862 WHERE guid=5330420;
UPDATE pool_gameobject SET pool_entry=47862 WHERE guid=5330421;
UPDATE pool_gameobject SET pool_entry=47862 WHERE guid=5330422;
UPDATE pool_gameobject SET pool_entry=47862 WHERE guid=5330423;
UPDATE pool_gameobject SET pool_entry=47862 WHERE guid=5330424;
UPDATE pool_gameobject SET pool_entry=47862 WHERE guid=5330425;
UPDATE pool_gameobject SET pool_entry=47862 WHERE guid=5330426;
UPDATE pool_gameobject SET pool_entry=47862 WHERE guid=5330427;
UPDATE pool_gameobject SET pool_entry=47862 WHERE guid=5330428;
UPDATE pool_gameobject SET pool_entry=47862 WHERE guid=5330429;
UPDATE pool_gameobject SET pool_entry=47863 WHERE guid=5330430;
UPDATE pool_gameobject SET pool_entry=47863 WHERE guid=5330431;
UPDATE pool_gameobject SET pool_entry=47863 WHERE guid=5330432;
UPDATE pool_gameobject SET pool_entry=47864 WHERE guid=5330440;
UPDATE pool_gameobject SET pool_entry=47864 WHERE guid=5330441;
UPDATE pool_gameobject SET pool_entry=47864 WHERE guid=5330442;
UPDATE pool_gameobject SET pool_entry=47864 WHERE guid=5330443;
UPDATE pool_gameobject SET pool_entry=47864 WHERE guid=5330444;
UPDATE pool_gameobject SET pool_entry=47864 WHERE guid=5330445;
UPDATE pool_gameobject SET pool_entry=47864 WHERE guid=5330446;
UPDATE pool_gameobject SET pool_entry=47864 WHERE guid=5330447;
UPDATE pool_gameobject SET pool_entry=47865 WHERE guid=5330450;
UPDATE pool_gameobject SET pool_entry=47865 WHERE guid=5330451;
UPDATE pool_gameobject SET pool_entry=47865 WHERE guid=5330452;
UPDATE pool_gameobject SET pool_entry=47865 WHERE guid=5330453;
UPDATE pool_gameobject SET pool_entry=47865 WHERE guid=5330454;
UPDATE pool_gameobject SET pool_entry=47865 WHERE guid=5330455;
UPDATE pool_gameobject SET pool_entry=47865 WHERE guid=5330456;
UPDATE pool_gameobject SET pool_entry=47865 WHERE guid=5330457;
UPDATE pool_gameobject SET pool_entry=47866 WHERE guid=5330460;
UPDATE pool_gameobject SET pool_entry=47866 WHERE guid=5330461;
UPDATE pool_gameobject SET pool_entry=47866 WHERE guid=5330462;
UPDATE pool_gameobject SET pool_entry=47866 WHERE guid=5330463;
UPDATE pool_gameobject SET pool_entry=47866 WHERE guid=5330464;
UPDATE pool_gameobject SET pool_entry=47866 WHERE guid=5330465;
UPDATE pool_gameobject SET pool_entry=47867 WHERE guid=5330470;
UPDATE pool_gameobject SET pool_entry=47867 WHERE guid=5330471;
UPDATE pool_gameobject SET pool_entry=47867 WHERE guid=5330472;
UPDATE pool_gameobject SET pool_entry=47867 WHERE guid=5330473;
UPDATE pool_gameobject SET pool_entry=47867 WHERE guid=5330474;
UPDATE pool_gameobject SET pool_entry=47867 WHERE guid=5330475;
UPDATE pool_gameobject SET pool_entry=47867 WHERE guid=5330476;
UPDATE pool_gameobject SET pool_entry=47867 WHERE guid=5330477;
UPDATE pool_gameobject SET pool_entry=47868 WHERE guid=5330480;
UPDATE pool_gameobject SET pool_entry=47868 WHERE guid=5330481;
UPDATE pool_gameobject SET pool_entry=47868 WHERE guid=5330482;
UPDATE pool_gameobject SET pool_entry=47868 WHERE guid=5330483;
UPDATE pool_gameobject SET pool_entry=47868 WHERE guid=5330484;
UPDATE pool_gameobject SET pool_entry=47868 WHERE guid=5330485;
UPDATE pool_gameobject SET pool_entry=47868 WHERE guid=5330486;
UPDATE pool_gameobject SET pool_entry=47868 WHERE guid=5330487;
UPDATE pool_gameobject SET pool_entry=47869 WHERE guid=5330490;
UPDATE pool_gameobject SET pool_entry=47869 WHERE guid=5330491;
UPDATE pool_gameobject SET pool_entry=47869 WHERE guid=5330492;
UPDATE pool_gameobject SET pool_entry=47869 WHERE guid=5330493;
UPDATE pool_gameobject SET pool_entry=47869 WHERE guid=5330494;
UPDATE pool_gameobject SET pool_entry=47869 WHERE guid=5330495;
UPDATE pool_gameobject SET pool_entry=47869 WHERE guid=5330496;
UPDATE pool_gameobject SET pool_entry=47870 WHERE guid=5330500;
UPDATE pool_gameobject SET pool_entry=47870 WHERE guid=5330501;
UPDATE pool_gameobject SET pool_entry=47870 WHERE guid=5330502;
UPDATE pool_gameobject SET pool_entry=47870 WHERE guid=5330503;
UPDATE pool_gameobject SET pool_entry=47870 WHERE guid=5330504;
UPDATE pool_gameobject SET pool_entry=47870 WHERE guid=5330505;
UPDATE pool_gameobject SET pool_entry=47870 WHERE guid=5330506;
UPDATE pool_gameobject SET pool_entry=47870 WHERE guid=5330507;
UPDATE pool_gameobject SET pool_entry=47870 WHERE guid=5330508;

-- Update pool template entries to match target database
UPDATE pool_template SET entry=47850 WHERE entry=47302;
UPDATE pool_template SET entry=47851 WHERE entry=47303;
UPDATE pool_template SET entry=47852 WHERE entry=47304;
UPDATE pool_template SET entry=47853 WHERE entry=47305;
UPDATE pool_template SET entry=47854 WHERE entry=47306;
UPDATE pool_template SET entry=47855 WHERE entry=47307;
UPDATE pool_template SET entry=47856 WHERE entry=47308;
UPDATE pool_template SET entry=47857 WHERE entry=47309;
UPDATE pool_template SET entry=47858 WHERE entry=47310;
UPDATE pool_template SET entry=47859 WHERE entry=47311;
UPDATE pool_template SET entry=47860 WHERE entry=47312;
UPDATE pool_template SET entry=47861 WHERE entry=47313;
UPDATE pool_template SET entry=47862 WHERE entry=47314;
UPDATE pool_template SET entry=47863 WHERE entry=47315;
UPDATE pool_template SET entry=47864 WHERE entry=47316;
UPDATE pool_template SET entry=47865 WHERE entry=47317;
UPDATE pool_template SET entry=47866 WHERE entry=47318;
UPDATE pool_template SET entry=47867 WHERE entry=47319;
UPDATE pool_template SET entry=47868 WHERE entry=47320;
UPDATE pool_template SET entry=47869 WHERE entry=47321;
UPDATE pool_template SET entry=47870 WHERE entry=47322;


-- Final cleanup
DELETE FROM pool_gameobject WHERE pool_entry NOT IN (SELECT entry FROM pool_template);
DELETE FROM pool_gameobject WHERE guid NOT IN (SELECT guid FROM gameobject);
DELETE FROM pool_pool WHERE pool_id NOT IN (SELECT entry FROM pool_template);
