
DELETE FROM `creature` WHERE `guid` IN ('5874', '5876', '5878', '5879', '5883', '5901', '5902', '5904', '5905', '5907', '5911', '5899', '5906');

INSERT INTO `creature` (`guid`, `id`, `map`, `spawnMask`, `modelid`, `equipment_id`, `position_x`, `position_y`, `position_z`, `orientation`, `spawntimesecsmin`, `spawntimesecsmax`, `spawndist`, `currentwaypoint`, `curhealth`, `curmana`, `DeathState`, `MovementType`) VALUES
('5874', '0', '0', '1', '0', '0', '-6448.07080078125', '-1427.2059326171875', '145.0806579589843750', '0.0', '300', '300', '5', '0', '1', '0', '0', '1'),
('5876', '0', '0', '1', '0', '0', '-6420.74316406250', '-1389.4918212890625', '139.8103332519531250', '0.0', '300', '300', '5', '0', '1', '0', '0', '1'),
('5878', '0', '0', '1', '0', '0', '-6398.49169921875', '-1356.4107666015625', '135.4755859375000000', '0.0', '300', '300', '5', '0', '1', '0', '0', '1'),
('5879', '0', '0', '1', '0', '0', '-6419.63671875000', '-1330.2274169921875', '136.1014709472656250', '0.0', '300', '300', '5', '0', '1', '0', '0', '1'),
('5883', '0', '0', '1', '0', '0', '-6469.67626953125', '-1317.3074951171875', '131.4492645263671875', '0.0', '300', '300', '5', '0', '1', '0', '0', '1'),
('5901', '0', '0', '1', '0', '0', '-6520.36621093750', '-1290.8308105468750', '136.9822082519531250', '0.0', '300', '300', '5', '0', '1', '0', '0', '1'),
('5902', '0', '0', '1', '0', '0', '-6493.95214843750', '-1404.1519775390625', '147.8436737060546875', '0.0', '300', '300', '5', '0', '1', '0', '0', '1'),
('5904', '0', '0', '1', '0', '0', '-6486.39697265625', '-1448.2786865234375', '151.4070587158203125', '0.0', '300', '300', '5', '0', '1', '0', '0', '1'),
('5905', '0', '0', '1', '0', '0', '-6535.06542968750', '-1464.3046875000000', '147.9503326416015625', '0.0', '300', '300', '5', '0', '1', '0', '0', '1'),
('5907', '0', '0', '1', '0', '0', '-6601.37695312500', '-1466.2437744140625', '166.2627258300781250', '0.0', '300', '300', '5', '0', '1', '0', '0', '1'),
('5911', '0', '0', '1', '0', '0', '-6656.24316406250', '-1474.6314697265625', '168.0753326416015625', '0.0', '300', '300', '5', '0', '1', '0', '0', '1'),

('5899', '0', '0', '1', '0', '0', '-6586.77197265625', '-1441.6158447265625', '166.3100433349609375', '0.0', '300', '300', '0', '0', '1', '0', '0', '4'),
('5906', '0', '0', '1', '0', '0', '-6680.29101562500', '-1435.8148193359375', '168.0887603759765625', '0.0', '300', '300', '0', '0', '1', '0', '0', '4');

INSERT INTO `creature_movement` (`Id`, `Point`, `PositionX`, `PositionY`, `PositionZ`, `Orientation`, `WaitTime`, `ScriptId`) VALUES
('5899', '01', '-6588.96582031250', '-1442.9104003906250', '166.2374572753906250', '100', '0', '0'),
('5899', '02', '-6570.55908203125', '-1435.2211914062500', '163.6900787353515625', '100', '0', '0'),
('5899', '03', '-6557.89062500000', '-1408.9427490234375', '157.9811706542968750', '100', '0', '0'),
('5899', '04', '-6544.04541015625', '-1395.9136962890625', '153.3810729980468750', '100', '0', '0'),
('5899', '05', '-6525.27636718750', '-1404.1932373046875', '150.2661895751953125', '100', '0', '0'),
('5899', '06', '-6504.90673828125', '-1404.2873535156250', '147.9670867919921875', '100', '0', '0'),
('5899', '07', '-6496.29296875000', '-1362.9067382812500', '138.3289794921875000', '100', '0', '0'),
('5899', '08', '-6479.76367187500', '-1331.0649414062500', '132.5496063232421875', '100', '0', '0'),
('5899', '09', '-6450.70068359375', '-1320.2092285156250', '130.0478820800781250', '100', '0', '0'),
('5899', '10', '-6481.47656250000', '-1308.0742187500000', '133.7774963378906250', '100', '0', '0'),
('5899', '11', '-6507.17578125000', '-1295.1866455078125', '136.6488342285156250', '100', '0', '0'),
('5899', '12', '-6531.03710937500', '-1288.2982177734375', '137.9867706298828125', '100', '0', '0'),

('5906', '01', '-6682.61083984375', '-1429.6527099609375', '168.9541168212890625', '100', '0', '0'),
('5906', '02', '-6661.85498046875', '-1471.1424560546875', '168.0163726806640625', '100', '0', '0'),
('5906', '03', '-6650.90673828125', '-1472.7883300781250', '167.9561920166015625', '100', '0', '0'),
('5906', '04', '-6638.62255859375', '-1470.4855957031250', '167.8085784912109375', '100', '0', '0'),
('5906', '05', '-6622.89306640625', '-1475.6668701171875', '167.3401336669921875', '100', '0', '0'),
('5906', '06', '-6606.56201171875', '-1472.0201416015625', '166.6258087158203125', '100', '0', '0'),
('5906', '07', '-6580.02050781250', '-1476.4000244140625', '159.0350646972656250', '100', '0', '0'),
('5906', '08', '-6546.94335937500', '-1468.3364257812500', '149.7307434082031250', '100', '0', '0'),
('5906', '09', '-6517.71337890625', '-1460.5404052734375', '146.8684844970703125', '100', '0', '0'),
('5906', '10', '-6476.13525390625', '-1444.1009521484375', '151.5319213867187500', '100', '0', '0'),
('5906', '11', '-6444.91894531250', '-1413.6859130859375', '143.6563262939453125', '100', '0', '0'),
('5906', '12', '-6413.18847656250', '-1394.2398681640625', '139.3953247070312500', '100', '0', '0'),
('5906', '13', '-6404.32519531250', '-1355.1314697265625', '136.6288757324218750', '100', '0', '0');

INSERT INTO `creature_spawn_entry` (`guid`, `entry`) VALUES
('5874', '9318'),
('5876', '9318'),
('5878', '9318'),
('5879', '9318'),
('5883', '9318'),
('5901', '9318'),
('5902', '9318'),
('5904', '9318'),
('5905', '9318'),
('5907', '9318'),
('5911', '9318'),
('5899', '9318'),
('5906', '9318');
