SET @CGUID := 3490000; -- creatures
SET @OGUID := 3490000; -- gameobjects
SET @PGUID := 46900; -- pools
SET @SGGUID:= 3490000; -- spawn_group

-- ------------------------
-- Initial cleanup
-- ------------------------

DELETE FROM gameobject WHERE map=349;
DELETE FROM pool_template WHERE entry IN (1211, 2320, 5660, 5662, 5661, 2319, 46902, 46903, 46904, 46905, 46906, 46907, 46951);
DELETE FROM pool_gameobject WHERE pool_entry IN (2320, 5660, 5662, 5661, 2319, 46902, 46903, 46904, 46905, 46906, 46907, 46951);
DELETE FROM pool_creature WHERE pool_entry=1211;
DELETE FROM creature_movement WHERE id IN (SELECT guid FROM creature WHERE id IN (11784, 11793, 11794, 12223, 12224, 12237));
DELETE FROM creature WHERE id IN (11784, 11793, 11794, 12223, 12224, 12237);
DELETE FROM creature_addon WHERE guid=55099;
UPDATE creature_addon SET guid=@CGUID+474 WHERE guid=54652;

DELETE FROM dbscripts_on_creature_movement WHERE id IN (1179301,1179302,1179401,1179402);
INSERT INTO dbscripts_on_creature_movement (id, delay, command, datalong, datalong2, datalong3, buddy_entry, search_radius, data_flags, dataint, dataint2, dataint3, dataint4, x, y, z, o, comments) VALUES
(1179301, 0, 20, 1, 2, 60000, 0, 0, 12, 0, 0, 0, 0, 0, 0, 0, 0, 'Celebrian Dryad - MovementType 1 and Spawndist 2 (60secs)'),
(1179302, 0, 15, 13236, 0, 0, 0, 0, 0, 0, 0, 0, 0, 0, 0, 0, 0, 'Celebrian Dryad - Cast Nature Channeling'),
(1179302, 30000, 37, 3, 0, 0, 0, 0, 0, 0, 0, 0, 0, 0, 0, 0, 0, 'Celebrian Dryad - Interrupt Channelling'),

(1179401, 0, 20, 1, 2, 60000, 0, 0, 12, 0, 0, 0, 0, 0, 0, 0, 0, 'Sister of Celebrian - MovementType 1 and Spawndist 2 (60secs)'),
(1179402, 0, 15, 13236, 0, 0, 0, 0, 0, 0, 0, 0, 0, 0, 0, 0, 0, 'Sister of Celebrian - Cast Nature Channeling'),
(1179402, 30000, 37, 3, 0, 0, 0, 0, 0, 0, 0, 0, 0, 0, 0, 0, 0, 'Sister of Celebrian - Interrupt Channelling');

UPDATE dbscripts_on_creature_movement SET datalong=@OGUID+26, comments='Celebras the Redeemed - summon Incantation of Celebras (178965)' WHERE id=1371601 AND delay=4000;
UPDATE dbscripts_on_go_template_use SET datalong=@OGUID+25, comments='Incantation of Celebras - summon Celebras Blue Aura (178964)' WHERE id=178965 AND command=9;


INSERT INTO creature_movement (id, point, PositionX, PositionY, PositionZ, orientation, waittime, ScriptId) VALUES
(@CGUID+34, 1, 248.538, -93.024, -129.62, 3.48821, 0, 0),
(@CGUID+34, 2, 219.021, -92.1171, -129.607, 1.77761, 0, 0),
(@CGUID+34, 3, 258.14, -97.1733, -129.619, 4.76526, 0, 0),
(@CGUID+34, 4, 246.967, -145.304, -130.844, 4.31759, 0, 0),
(@CGUID+34, 5, 213.934, -199.873, -131.159, 4.56106, 0, 0),
(@CGUID+34, 6, 248.627, -140.739, -131.005, 1.24747, 0, 0),
(@CGUID+34, 7, 259.8, -98.2245, -129.619, 2.83554, 0, 0),
(@CGUID+35, 1, 200.354, -133.505, -101.058, 0.888545, 0, 0),
(@CGUID+35, 2, 230.841, -109.688, -88.8687, 0.20996, 0, 0),
(@CGUID+35, 3, 278.173, -121.002, -83.4807, 5.93787, 0, 0),
(@CGUID+35, 4, 300.187, -149.075, -69.7502, 4.81004, 0, 0),
(@CGUID+35, 5, 298.76, -178.312, -59.8991, 4.52729, 0, 0),
(@CGUID+35, 6, 299.577, -148.794, -69.9433, 1.75562, 0, 0),
(@CGUID+35, 7, 276.408, -121.048, -83.6496, 2.72323, 0, 0),
(@CGUID+35, 8, 226.955, -112.811, -89.7437, 3.15442, 0, 0),
(@CGUID+35, 9, 199.686, -134.684, -101.541, 4.06627, 0, 0),
(@CGUID+35, 10, 183.329, -185.544, -111.375, 4.68595, 0, 0),
(@CGUID+36, 1, 150.49, -193.898, -171.747, 4.68202, 0, 0),
(@CGUID+36, 2, 152.233, -231.891, -170.382, 4.4087, 0, 0),
(@CGUID+36, 3, 125.841, -257.66, -168.113, 5.52554, 0, 0),
(@CGUID+36, 4, 155.987, -284.034, -168.989, 5.89625, 0, 0),
(@CGUID+36, 5, 148.455, -238.759, -169.543, 1.08961, 0, 0),
(@CGUID+36, 6, 155.062, -199.53, -171.957, 3.02876, 0, 0),
(@CGUID+36, 7, 104.937, -185.658, -167.457, 2.76329, 0, 0),
(@CGUID+36, 8, 100.198, -176.082, -167.457, 1.16972, 0, 0),
(@CGUID+36, 9, 111.893, -160.596, -167.328, 5.89781, 0, 0),
(@CGUID+36, 10, 121.304, -176.939, -167.457, 5.01502, 0, 0),
(@CGUID+36, 11, 128.284, -191.12, -168.26, 5.77529, 0, 0),
(@CGUID+37, 1, 177.079, -304.031, -172.328, 3.46308, 0, 0),
(@CGUID+37, 2, 146.519, -316.403, -174.591, 4.85009, 0, 0),
(@CGUID+37, 3, 153.733, -376.576, -175.003, 5.94886, 0, 0),
(@CGUID+37, 4, 211.381, -381.672, -160.691, 6.21354, 0, 0),
(@CGUID+37, 5, 156.615, -376.11, -175.002, 1.73206, 0, 0),
(@CGUID+37, 6, 148.461, -317.13, -174.589, 0.314416, 0, 0),
(@CGUID+38, 1, 312.737, -343.241, -117.348, 1.19013, 0, 0),
(@CGUID+38, 2, 328.91, -288.013, -118.069, 1.41947, 0, 0),
(@CGUID+38, 3, 320.637, -268.75, -117.912, 0.612865, 0, 0),
(@CGUID+38, 4, 337.697, -262.309, -118.049, 6.10123, 0, 0),
(@CGUID+38, 5, 345.634, -276.933, -117.941, 4.20528, 0, 0),
(@CGUID+38, 6, 331.665, -290.395, -118.061, 4.19978, 0, 0),
(@CGUID+38, 7, 317.848, -331.827, -116.777, 4.80689, 0, 0),
(@CGUID+38, 8, 325.14, -394.223, -124.867, 4.68437, 0, 0),
(@CGUID+38, 9, 250.345, -396.668, -139.555, 3.10022, 0, 0),
(@CGUID+38, 10, 256.965, -328.427, -140.451, 1.59383, 0, 0),
(@CGUID+38, 11, 251.778, -396.72, -139.555, 6.22297, 0, 0),
(@CGUID+38, 12, 319.125, -403.751, -124.866, 1.55692, 0, 0),
(@CGUID+39, 1, 109.037, -268.553, -108.677, 6.01719, 0, 0),
(@CGUID+39, 2, 151.884, -275.712, -108.677, 0.864195, 0, 0),
(@CGUID+39, 3, 143.666, -231.173, -108.852, 2.20251, 0, 0),
(@CGUID+39, 4, 156.17, -275.286, -108.676, 3.58089, 0, 0),
(@CGUID+39, 5, 138.876, -278.577, -108.676, 2.8379, 0, 0),
(@CGUID+39, 6, 79.5604, -259.988, -108.678, 2.8379, 0, 0),
(@CGUID+39, 7, 62.416, -207.188, -109.659, 1.94569, 0, 0),
(@CGUID+39, 8, 8.187, -127.348, -123.845, 1.395, 0, 0),
(@CGUID+39, 9, 28.705, -38.025, -128.761, 1.282, 0, 0),
(@CGUID+39, 10, 8.187, -127.348, -123.845, 5.134, 0, 0),
(@CGUID+39, 11, 62.416, -207.188, -109.659, 1.94569, 0, 0),
(@CGUID+39, 12, 79.0383, -255.555, -108.677, 5.96536, 0, 0),
(@CGUID+40, 1, -96.1339, -354.572, -171.045, 100, 0, 0),
(@CGUID+40, 2, -63.9881, -351.826, -178.288, 100, 0, 0),
(@CGUID+40, 3, -54.1475, -362.745, -178.832, 100, 0, 0),
(@CGUID+40, 4, -52.3602, -396.815, -189.262, 100, 0, 0),
(@CGUID+40, 5, -58.3847, -415.386, -189.257, 100, 0, 0),
(@CGUID+40, 6, -76.9094, -424.699, -189.258, 100, 0, 0),
(@CGUID+40, 7, -109.088, -413.472, -189.262, 100, 0, 0),
(@CGUID+40, 8, -77.3114, -424.763, -189.258, 100, 0, 0),
(@CGUID+40, 9, -58.4287, -415.558, -189.258, 100, 0, 0),
(@CGUID+40, 10, -52.6891, -396.642, -189.261, 100, 0, 0),
(@CGUID+40, 11, -54.5636, -362.479, -178.835, 100, 0, 0),
(@CGUID+40, 12, -65.4308, -352.772, -178.288, 100, 0, 0),
(@CGUID+40, 13, -97.4515, -354.599, -170.972, 100, 0, 0),
(@CGUID+40, 14, -128.123, -359.106, -170.419, 100, 0, 0),
(@CGUID+188, 1, 806.328, 72.7586, -86.7958, 100, 1, 1179301), -- Celebrian Dryad
(@CGUID+188, 2, 806.328, 72.7586, -86.7958, 100, 1, 1179302),
(@CGUID+195, 1, 864.097, -88.3481, -87.4051, 100, 1, 1179402), -- Sister of Celebrian
(@CGUID+195, 2, 864.097, -88.3481, -87.4051, 100, 1, 1179401),
(@CGUID+198, 1, 793.148, -160.879, -74.3821, 100, 1, 1179402), -- Sister of Celebrian
(@CGUID+198, 2, 793.148, -160.879, -74.3821, 100, 1, 1179401),
(@CGUID+199, 1, 797.136, -163.28, -74.783, 100, 1, 1179401), -- Sister of Celebrian
(@CGUID+199, 2, 797.136, -163.28, -74.783, 100, 1, 1179402),
(@CGUID+199, 3, 797.136, -163.28, -74.783, 100, 1, 1179401),
(@CGUID+474, 1, 731.105, -76.9863, -57.4987, 0, 0, 0),
(@CGUID+474, 2, 675.412, -95.2185, -57.5, 0, 0, 0),
(@CGUID+474, 3, 648.496, -87.5465, -57.4999, 0, 0, 0),
(@CGUID+474, 4, 675.412, -95.2185, -57.5, 0, 0, 0),
(@CGUID+479, 1, 747.806, -79.9688, -57.4744, 3.30872, 0, 0),
(@CGUID+479, 2, 750.866, -86.8807, -57.4595, 2.95922, 0, 0),
(@CGUID+479, 3, 741.016, -94.8653, -57.4978, 1.6319, 0, 0),
(@CGUID+479, 4, 745.803, -84.0748, -57.4833, 1.16459, 0, 0),
(@CGUID+479, 5, 738.607, -70.5452, -57.4977, 4.23156, 0, 0),
(@CGUID+479, 6, 751.253, -70.6902, -57.3912, 4.39257, 0, 0),
(@CGUID+479, 7, 744.367, -78.7708, -57.4887, 5.06801, 0, 0),
(@CGUID+479, 8, 756.588, -80.4979, -57.3727, 3.98809, 0, 0),
(@CGUID+479, 9, 736.461, -89.3428, -57.4996, 3.35192, 0, 0),
(@CGUID+479, 10, 734.7, -80.3283, -57.4996, 0.198547, 0, 0),
(@CGUID+479, 11, 744.209, -79.5844, -57.4915, 0.045395, 0, 0),
(@CGUID+479, 12, 734.044, -71.701, -57.4977, 4.40828, 0, 0),
(@CGUID+480, 1, 632.101, -92.409, -57.4999, 0.240159, 0, 0),
(@CGUID+480, 2, 642.895, -89.225, -57.4999, 0.306918, 0, 0),
(@CGUID+480, 3, 654.193, -88.5337, -57.4999, 6.19348, 0, 0),
(@CGUID+480, 4, 666.728, -91.7718, -57.4999, 6.01284, 0, 0),
(@CGUID+480, 5, 675.549, -93.9197, -57.4999, 6.13457, 0, 0),
(@CGUID+480, 6, 690.764, -89.7546, -57.4999, 0.61715, 0, 0),
(@CGUID+480, 7, 702.83, -84.753, -57.4631, 0.173401, 0, 0),
(@CGUID+480, 8, 715.159, -83.791, -57.1193, 0.114496, 0, 0),
(@CGUID+480, 9, 708.503, -83.9885, -57.2554, 3.35426, 0, 0),
(@CGUID+480, 10, 699.353, -86.647, -57.5, 3.55454, 0, 0),
(@CGUID+480, 11, 681.834, -93.4817, -57.5, 3.35034, 0, 0),
(@CGUID+480, 12, 674.938, -93.0037, -57.5, 2.78878, 0, 0),
(@CGUID+480, 13, 665.508, -90.6338, -57.5, 2.91051, 0, 0),
(@CGUID+480, 14, 652.935, -87.6942, -57.5, 3.10686, 0, 0),
(@CGUID+480, 15, 634.167, -92.0013, -57.5, 3.60559, 0, 0),
(@CGUID+481, 1, 818.873, -216.343, -77.1489, 2.28534, 0, 0),
(@CGUID+481, 2, 813.487, -210.328, -77.1489, 2.30105, 0, 0),
(@CGUID+481, 3, 806.875, -204.634, -77.1489, 2.43064, 0, 0),
(@CGUID+481, 4, 804.811, -193.5, -77.1489, 1.55099, 0, 0),
(@CGUID+481, 5, 806.356, -184.124, -77.1489, 1.35857, 0, 0),
(@CGUID+481, 6, 813.319, -173.6, -77.2995, 0.541757, 0, 0),
(@CGUID+481, 7, 808.847, -175.006, -77.3074, 5.0146, 0, 0),
(@CGUID+481, 8, 805.501, -182.277, -77.1489, 4.41377, 0, 0),
(@CGUID+481, 9, 804.538, -193.051, -77.1489, 4.92428, 0, 0),
(@CGUID+481, 10, 807.906, -203.501, -77.1489, 5.34446, 0, 0);

INSERT INTO creature (guid, id, map, position_x, position_y, position_z, orientation, spawntimesecsmin, spawntimesecsmax, spawndist, currentwaypoint, DeathState, MovementType) VALUES
(@CGUID+34, 11784, 349, 249.569, -93.8706, -129.611, 2.49518, 7200, 7200, 0, 0, 0, 2), -- Theradrim Guardian
(@CGUID+35, 11784, 349, 200.951, -133.789, -101.056, 0.81201, 7200, 7200, 0, 0, 0, 2), -- Theradrim Guardian
(@CGUID+36, 11784, 349, 150.435, -194.71, -171.844, 0.136059, 7200, 7200, 0, 0, 0, 2), -- Theradrim Guardian
(@CGUID+37, 11784, 349, 177.02, -304.479, -172.301, 3.50771, 7200, 7200, 0, 0, 0, 2), -- Theradrim Guardian
(@CGUID+38, 11784, 349, 312.607, -343.824, -117.538, 1.48843, 7200, 7200, 0, 0, 0, 2), -- Theradrim Guardian
(@CGUID+39, 11784, 349, 108.614, -268.941, -108.677, 6.10207, 7200, 7200, 0, 0, 0, 2), -- Theradrim Guardian
(@CGUID+40, 11784, 349, -133.015, -363.42, -170.419, 4.37615, 7200, 7200, 0, 0, 0, 2), -- Theradrim Guardian
(@CGUID+184, 11793, 349, 1045.99, -368.822, -36.2759, 1.82739, 7200, 7200, 0, 0, 0, 0), -- Celebrian Dryad
(@CGUID+185, 11793, 349, 1043.05, -368.435, -36.3261, 1.83132, 7200, 7200, 0, 0, 0, 0), -- Celebrian Dryad
(@CGUID+186, 11793, 349, 903.121, -326.834, -49.6053, 4.88513, 7200, 7200, 5, 0, 0, 1), -- Celebrian Dryad
(@CGUID+187, 11793, 349, 901.704, -330.173, -49.4676, 4.89489, 7200, 7200, 5, 0, 0, 1), -- Celebrian Dryad
(@CGUID+188, 11793, 349, 806.328, 72.7586, -86.7958, 5.1642, 7200, 7200, 0, 0, 0, 2), -- Celebrian Dryad
(@CGUID+189, 11793, 349, 801.315, 81.004, -86.6453, 4.8359, 7200, 7200, 2, 0, 0, 1), -- Celebrian Dryad(@CGUID+190, 11794, 349, 945.434, -157.025, -60.1186, 0.41063, 7200, 7200, 0, 0, 0, 0), -- Sister of Celebrian
(@CGUID+190, 11794, 349, 945.434, -157.025, -60.1186, 0.41063, 7200, 7200, 0, 0, 0, 0), -- Sister of Celebrian
(@CGUID+191, 11794, 349, 942.819, -155.982, -60.3046, 1.20594, 7200, 7200, 0, 0, 0, 0), -- Sister of Celebrian
(@CGUID+192, 11794, 349, 873.336, -94.3792, -87.0649, 0.033702, 7200, 7200, 2, 0, 0, 1), -- Sister of Celebrian
(@CGUID+193, 11794, 349, 866.196, -92.6992, -87.3208, 5.64039, 7200, 7200, 2, 0, 0, 1), -- Sister of Celebrian
(@CGUID+194, 11794, 349, 863.344, -82.0318, -87.0558, 1.49697, 7200, 7200, 2, 0, 0, 1), -- Sister of Celebrian
(@CGUID+195, 11794, 349, 864.097, -88.3481, -87.4051, 5.42058, 7200, 7200, 0, 0, 0, 2), -- Sister of Celebrian
(@CGUID+196, 11794, 349, 874.742, -156.131, -87.0904, 1.72611, 7200, 7200, 1, 0, 0, 1), -- Sister of Celebrian
(@CGUID+197, 11794, 349, 872.477, -156.565, -87.2358, 1.62768, 7200, 7200, 1, 0, 0, 1), -- Sister of Celebrian
(@CGUID+198, 11794, 349, 793.148, -160.879, -74.3821, 4.95674, 7200, 7200, 0, 0, 0, 2), -- Sister of Celebrian
(@CGUID+199, 11794, 349, 797.136, -163.28, -74.783, 4.81711, 7200, 7200, 0, 0, 0, 2), -- Sister of Celebrian
(@CGUID+200, 11794, 349, 810.533, 75.4264, -86.4627, 1.8326, 7200, 7200, 2, 0, 0, 1), -- Sister of Celebrian
(@CGUID+201, 11794, 349, 802.575, 75.7475, -86.8358, 5.31355, 7200, 7200, 3, 0, 0, 1), -- Sister of Celebrian
(@CGUID+470, 12223, 349, 831.267, -94.1314, -88.684, 5.0091, 7200, 7200, 5, 0, 0, 1), -- Cavern Lurker
(@CGUID+471, 12223, 349, 848.979, -113.375, -88.5932, 1.5708, 7200, 7200, 5, 0, 0, 1), -- Cavern Lurker
(@CGUID+472, 12223, 349, 840.592, -174.882, -88.258, 3.83972, 7200, 7200, 5, 0, 0, 1), -- Cavern Lurker
(@CGUID+473, 12223, 349, 765.097, -112.538, -57.4167, 2.14675, 7200, 7200, 3, 0, 0, 1), -- Cavern Lurker
(@CGUID+474, 12223, 349, 731.105, -76.9863, -57.4987, 3.1765, 7200, 7200, 0, 0, 0, 2), -- Cavern Lurker
(@CGUID+475, 12223, 349, 699.16, -89.0857, -57.5, 0.525737, 7200, 7200, 3, 0, 0, 1), -- Cavern Lurker
(@CGUID+476, 12223, 349, 617.374, -99.9578, -57.4167, 2.04204, 7200, 7200, 5, 0, 0, 1), -- Cavern Lurker
(@CGUID+477, 12224, 349, 840.875, -148.738, -88.258, 0.122173, 7200, 7200, 5, 0, 0, 1), -- Cavern Shambler
(@CGUID+478, 12224, 349, 812.635, -37.2737, -88.1976, 5.23599, 7200, 7200, 5, 0, 0, 1), -- Cavern Shambler
(@CGUID+479, 12224, 349, 748.725, -81.8362, -57.4696, 0.620471, 7200, 7200, 0, 0, 0, 2), -- Cavern Shambler
(@CGUID+480, 12224, 349, 632.101, -92.409, -57.4999, 3.49563, 7200, 7200, 0, 0, 0, 2), -- Cavern Shambler
(@CGUID+481, 12224, 349, 818.573, -215.097, -77.1489, 4.14281, 7200, 7200, 0, 0, 0, 2), -- Cavern Shambler
(@CGUID+482, 12224, 349, 719.899, -83.8715, -57.2155, 3.48941, 7200, 7200, 5, 0, 0, 1), -- Cavern Shambler
(@CGUID+485, 12237, 349, 632.101, -92.409, -57.4999, 3.49563, 43200, 86400, 0, 0, 0, 2); -- Meshlok the Harvester


INSERT INTO gameobject (guid, id, map, position_x, position_y, position_z, orientation, rotation0, rotation1, rotation2, rotation3, spawntimesecsmin, spawntimesecsmax, animprogress, state) VALUES
(@OGUID+1, 178559, 349, 937.838, -378.811, -50.3032, 3.04558, 0, 0, 0.998848, 0.0479871, 3600, 3600, 100, 1), -- Larva Spewer
(@OGUID+2, 178560, 349, 650.99, 74.458, -86.8651, 1.45735, 0, 0, 0.665882, 0.746057, 3600, 3600, 100, 1), -- Doodad_MaraudonStaffCreator01
(@OGUID+3, 178561, 349, 1060.74, -268.217, -73.4903, 4.7473, -0.000000953674, 0.000000953674, -0.694657, 0.719341, 3600, 3600, 100, 1), -- Spore Tree
(@OGUID+4, 178562, 349, 1114.76, -261.923, -78.7819, 0.44688, 0.0237236, 0.0212755, 0.221052, 0.974741, 3600, 3600, 100, 1), -- Spore Tree
(@OGUID+5, 178563, 349, 1077.81, -208.096, -74.1736, 0.445057, 0, 0.000000953674, 0.220696, 0.975343, 3600, 3600, 100, 1), -- Spore Tree
(@OGUID+6, 178564, 349, 1091.48, -239.483, -75.062, 2.25147, 0.000000953674, 0, 0.902585, 0.430512, 3600, 3600, 100, 1), -- Spore Tree
(@OGUID+7, 178565, 349, 1047.68, -204.189, -70.4171, 3.5343, -0.000000953674, 0, -0.980784, 0.195095, 3600, 3600, 100, 1), -- Spore Tree
(@OGUID+8, 178566, 349, 1039.73, -204.988, -71.6528, 6.06502, 0, 0.000000953674, -0.108867, 0.994056, 3600, 3600, 100, 1), -- Spore Tree
(@OGUID+9, 178567, 349, 1013.67, -227.789, -67.5961, 6.06502, 0, 0.000000953674, -0.108867, 0.994056, 3600, 3600, 100, 1), -- Spore Tree
(@OGUID+10, 178568, 349, 1032.63, -243.233, -72.6557, 6.06502, 0, 0.000000953674, -0.108867, 0.994056, 3600, 3600, 100, 1), -- Spore Tree
(@OGUID+11, 178569, 349, 1007.36, -232.888, -67.5961, 4.40696, -0.000000953674, 0, -0.806444, 0.59131, 3600, 3600, 100, 1), -- Spore Tree
(@OGUID+12, 178570, 349, 1141.01, -191.389, -79.012, 0.95993, 0, 0, 0.461748, 0.887011, 3600, 3600, 100, 1), -- Corruption Spewer
(@OGUID+13, 178905, 349, 989.642, -392.402, -50.3576, 4.24115, 0, 0, -0.85264, 0.522499, 3600, 3600, 100, 1), -- Vylestem Vine
(@OGUID+14, 178905, 349, 1064.95, -375.428, -36.3821, 0, 0, 0, 0, 1, 3600, 3600, 100, 1), -- Vylestem Vine
(@OGUID+15, 178905, 349, 1041.07, -330.69, -38.209, 1.50098, 0, 0, 0.681998, 0.731354, 3600, 3600, 100, 1), -- Vylestem Vine
(@OGUID+16, 178905, 349, 951.301, -351.813, -50.2403, 5.68977, 0, 0, -0.292372, 0.956305, 3600, 3600, 100, 1), -- Vylestem Vine
(@OGUID+17, 178905, 349, 1083.37, -290.819, -72.6456, 4.06662, 0, 0, -0.894934, 0.446199, 3600, 3600, 100, 1), -- Vylestem Vine
(@OGUID+18, 178905, 349, 1037.18, -256.586, -72.4103, 2.49582, 0, 0, 0.948323, 0.317306, 3600, 3600, 100, 1), -- Vylestem Vine
(@OGUID+19, 178905, 349, 960.01, -259.707, -49.0976, 1.22173, 0, 0, 0.573576, 0.819152, 3600, 3600, 100, 1), -- Vylestem Vine
(@OGUID+20, 178905, 349, 924.664, -231.712, -46.6095, 0.994837, 0, 0, 0.477159, 0.878817, 3600, 3600, 100, 1), -- Vylestem Vine
(@OGUID+21, 178905, 349, 941.809, -136.609, -61.1079, 0.942477, 0, 0, 0.45399, 0.891007, 3600, 3600, 100, 1), -- Vylestem Vine
(@OGUID+22, 178905, 349, 883.578, -67.2601, -59.2139, 1.53589, 0, 0, 0.694658, 0.71934, 3600, 3600, 100, 1), -- Vylestem Vine
(@OGUID+23, 178905, 349, 983.297, -67.8987, -62.0587, 4.10153, 0, 0, -0.887011, 0.461749, 3600, 3600, 100, 1), -- Vylestem Vine
(@OGUID+24, 178905, 349, 960.397, -10.6216, -62.9832, 0.820303, 0, 0, 0.398748, 0.91706, 3600, 3600, 100, 1), -- Vylestem Vine
(@OGUID+25, 178964, 349, 650.848, 74.0184, -86.8285, 6.26573, 0, 0, -0.00872612, 0.999962, -20, -20, 100, 1), -- Celebras Blue Aura
(@OGUID+26, 178965, 349, 652.431, 74.7087, -85.3355, 6.16101, 0, 0, -0.0610485, 0.998135, -3600, -3600, 100, 1), -- Incantation of Celebras
(@OGUID+27, 1734, 349, 591.887, -392.592, -52.0194, 0, 0, 0, 0, 1, 86400, 86400, 100, 1), -- Gold Vein
(@OGUID+28, 1734, 349, -157.535, -284.373, -170.383, 2.35619, 0, 0, 0.923879, 0.382686, 86400, 86400, 100, 1), -- Gold Vein
(@OGUID+29, 0, 349, 291.651, -49.0027, -130.93, 1.5708, 0, 0, 0.707107, 0.707107, 86400, 86400, 100, 1), -- Gold Vein
(@OGUID+30, 0, 349, 318.675, 13.3193, -130.733, 2.30383, 0, 0, 0.913545, 0.406738, 86400, 86400, 100, 1), -- Gold Vein
(@OGUID+31, 2040, 349, 943.325, -215.3773, -46.55467, 4.171338, 0, 0, -0.8703556, 0.4924237, 86400, 86400, 100, 1), -- Mithril Deposit
(@OGUID+32, 2040, 349, 349.008, -405.274, -124.867, 1.71042, 0, 0, 0.754709, 0.65606, 86400, 86400, 100, 1), -- Mithril Deposit -- x = 349.508
(@OGUID+33, 0, 349, 225.88, -381.777, -160.314, 5.75959, 0, 0, -0.258819, 0.965926, 86400, 86400, 100, 1), -- Mithril Deposit
(@OGUID+34, 2040, 349, 814.429, -238.968, -74.3798, 1.51844, 0, 0, 0.688356, 0.725373, 86400, 86400, 100, 1), -- Mithril Deposit
(@OGUID+35, 2040, 349, 103.565, -257.051, -167.439, 3.80482, 0, 0, -0.945518, 0.325568, 86400, 86400, 100, 1), -- Mithril Deposit
(@OGUID+36, 2040, 349, 719.8441, -389.3936, -52.01936, 6.0912, 0, 0, -0.09584522, 0.9953963, 86400, 86400, 100, 1), -- Mithril Deposit
(@OGUID+37, 2040, 349, -93.9523, -311.759, -170.417, 1.23918, 0, 0, 0.580701, 0.814117, 86400, 86400, 100, 1), -- Mithril Deposit
(@OGUID+38, 2040, 349, -147.413, -407.847, -189.262, 0.942477, 0, 0, 0.45399, 0.891007, 86400, 86400, 100, 1), -- Mithril Deposit
(@OGUID+39, 2040, 349, -145.529, -386.491, -170.419, 3.33359, 0, 0, -0.995396, 0.0958512, 86400, 86400, 100, 1), -- Mithril Deposit
(@OGUID+40, 2040, 349, -94.8945, -237.793, -170.419, 3.94445, 0, 0, -0.920505, 0.390732, 86400, 86400, 100, 1), -- Mithril Deposit
(@OGUID+41, 2040, 349, 10.7415, -143.591, -207.688, 3.38594, 0, 0, -0.992546, 0.12187, 86400, 86400, 100, 1), -- Mithril Deposit
(@OGUID+42, 2040, 349, 197.139, -91.757, -129.589, 4.71239, 0, 0, -0.707107, 0.707107, 86400, 86400, 100, 1), -- Mithril Deposit
(@OGUID+43, 0, 349, 267.057, -324.909, -139.608, 0.314158, 0, 0, 0.156434, 0.987688, 86400, 86400, 100, 1), -- Mithril Deposit
(@OGUID+44, 2040, 349, 289.052, 50.4382, -131.01, 4.62512, 0, 0, -0.737277, 0.675591, 86400, 86400, 100, 1), -- Mithril Deposit
(@OGUID+45, 2040, 349, 934.78, -307.637, -49.4134, 2.56563, 0, 0, 0.958819, 0.284016, 86400, 86400, 100, 1), -- Mithril Deposit
(@OGUID+46, 2040, 349, 1033.64, -258.465, -72.2216, 1.46608, 0, 0, 0.66913, 0.743145, 86400, 86400, 100, 1), -- Mithril Deposit
(@OGUID+47, 2047, 349, 755.744, -368.246, -61.4905, 5.8294, 0, 0, -0.224951, 0.97437, 86400, 86400, 100, 1), -- Truesilver Deposit
-- 1734,2040,2047
(@OGUID+51, 2045, 349, 55.738, -123.624, -205.301, 1.95477, 0, 0, 0.829038, 0.559193, 86400, 86400, 100, 1), -- Stranglekelp
(@OGUID+52, 2045, 349, -8.19321, -211.133, -207.641, 2.60054, 0, 0, 0.96363, 0.267241, 86400, 86400, 100, 1), -- Stranglekelp
(@OGUID+53, 2045, 349, -32.5801, -134.583, -208.084, 4.93928, 0, 0, -0.622514, 0.782609, 86400, 86400, 100, 1), -- Stranglekelp
(@OGUID+54, 2045, 349, -15.7328, -99.223, -207.312, 5.89921, 0, 0, -0.190808, 0.981627, 86400, 86400, 100, 1), -- Stranglekelp
(@OGUID+55, 2045, 349, 1.16174, -258.687, -208.415, 3.07177, 0, 0, 0.999391, 0.0349061, 86400, 86400, 100, 1), -- Stranglekelp
(@OGUID+56, 2045, 349, -7.92984, -153.744, -206.915, 2.00713, 0, 0, 0.843391, 0.5373, 86400, 86400, 100, 1), -- Stranglekelp
(@OGUID+57, 2045, 349, 8.51018, -293.74, -207.107, 2.25147, 0, 0, 0.902585, 0.430512, 86400, 86400, 100, 1), -- Stranglekelp
(@OGUID+58, 2045, 349, 26.4207, -175.252, -208.4, 4.83456, 0, 0, -0.66262, 0.748956, 86400, 86400, 100, 1), -- Stranglekelp
(@OGUID+59, 2045, 349, 70.3658, -82.3886, -207.878, 4.7822, 0, 0, -0.681998, 0.731354, 86400, 86400, 100, 1), -- Stranglekelp
-- 2045
(@OGUID+65, 142143, 349, 317.784, 163.933, -131.715, -1.91986, 0, 0, -0.819151, 0.573577, 86400, 86400, 100, 1), -- Blindweed
(@OGUID+66, 142143, 349, 228.621, -358.796, -160.849, 4.13643, 0, 0, -0.878817, 0.47716, 86400, 86400, 100, 1), -- Blindweed
(@OGUID+67, 142143, 349, 7.35923, -12.3294, -131.156, 3.90954, 0, 0, -0.927183, 0.374608, 86400, 86400, 100, 1), -- Blindweed
(@OGUID+68, 142143, 349, 209.111, -181.189, -131.517, 5.11382, 0, 0, -0.551936, 0.833886, 86400, 86400, 100, 1), -- Blindweed
(@OGUID+69, 142143, 349, -89.0383, -389.406, -189.896, 4.43314, 0, 0, -0.798635, 0.601815, 86400, 86400, 100, 1), -- Blindweed
(@OGUID+70, 142143, 349, 308.052, -88.2435, -131.01, 0.942477, 0, 0, 0.45399, 0.891007, 86400, 86400, 100, 1), -- Blindweed
(@OGUID+71, 142143, 349, 227.885, -42.8283, -131.01, 1.85005, 0, 0, 0.798635, 0.601815, 86400, 86400, 100, 1), -- Blindweed
(@OGUID+72, 142143, 349, 236.682, -276.223, -131.595, 0.90757, 0, 0, 0.438371, 0.898794, 86400, 86400, 100, 1), -- Blindweed
(@OGUID+73, 142143, 349, 258.941, 54.6936, -131.01, 1.01229, 0, 0, 0.484809, 0.87462, 86400, 86400, 100, 1), -- Blindweed
(@OGUID+74, 142143, 349, 277.265, -155.452, -111.292, 3.6652, 0, 0, -0.965925, 0.258821, 86400, 86400, 100, 1), -- Blindweed
-- 142143
(@OGUID+81, 142144, 349, 926.314, -292.831, -49.8022, 0, 0, 0, 0, 1, 86400, 86400, 100, 1), -- Ghost Mushroom
(@OGUID+82, 142144, 349, 879.252, -60.7925, -59.1787, 1.50098, 0, 0, 0.681998, 0.731354, 86400, 86400, 100, 1), -- Ghost Mushroom
(@OGUID+83, 142144, 349, 731.282, -113.686, -56.2199, 5.72468, 0, 0, -0.275637, 0.961262, 86400, 86400, 100, 1), -- Ghost Mushroom
(@OGUID+84, 142144, 349, 618.634, -375.951, -52.0194, 0.017453, 0, 0, 0.00872639, 0.999962, 86400, 86400, 100, 1), -- Ghost Mushroom
(@OGUID+85, 142144, 349, 716.474, -509.132, -36.4142, -1.50098, 0, 0, -0.681997, 0.731355, 86400, 86400, 100, 1), -- Ghost Mushroom
(@OGUID+86, 142144, 349, 802.402, 85.6517, -86.3652, 0.750491, 0, 0, 0.366501, 0.930418, 86400, 86400, 100, 1), -- Ghost Mushroom
(@OGUID+87, 142144, 349, 347.821, 249.205, -94.2677, 3.194, 0, 0, -0.999657, 0.0262016, 86400, 86400, 100, 1), -- Ghost Mushroom
(@OGUID+88, 142144, 349, -146.257, -268.381, -170.419, -2.72271, 0, 0, -0.978147, 0.207914, 86400, 86400, 100, 1), -- Ghost Mushroom
(@OGUID+89, 142144, 349, 937.457, -394.879, -50.2743, 1.5708, 0, 0, 0.707108, 0.707106, 86400, 86400, 100, 1), -- Ghost Mushroom
(@OGUID+90, 142144, 349, 640.385, -101.812, -56.1699, 0.977383, 0, 0, 0.469471, 0.882948, 86400, 86400, 100, 1), -- Ghost Mushroom
(@OGUID+91, 142144, 349, 992.133, -1.21648, -62.5453, -0.349065, 0, 0, -0.173648, 0.984808, 86400, 86400, 100, 1), -- Ghost Mushroom
(@OGUID+92, 142144, 349, 525.289, 230.219, -94.0493, -1.32645, 0, 0, -0.615661, 0.788011, 86400, 86400, 100, 1), -- Ghost Mushroom
(@OGUID+93, 142144, 349, 677.736, -382.136, -52.0194, -1.58825, 0, 0, -0.713251, 0.700909, 86400, 86400, 100, 1), -- Ghost Mushroom
(@OGUID+94, 142144, 349, 828.923, -370.214, -58.7417, 2.74016, 0, 0, 0.979924, 0.199371, 86400, 86400, 100, 1), -- Ghost Mushroom
(@OGUID+95, 142144, 349, -48.6867, -416.627, -189.262, 5.35816, 0, 0, -0.446198, 0.894935, 86400, 86400, 100, 1), -- Ghost Mushroom
(@OGUID+96, 142144, 349, 163.341, -201.369, -171.862, 0.90757, 0, 0, 0.438371, 0.898794, 86400, 86400, 100, 1), -- Ghost Mushroom
(@OGUID+97, 142144, 349, 281.733, -340.384, -117.223, 6.05629, 0, 0, -0.113203, 0.993572, 86400, 86400, 100, 1), -- Ghost Mushroom
(@OGUID+98, 142144, 349, 329.721, -195.472, -59.8991, 3.38594, 0, 0, -0.992546, 0.12187, 86400, 86400, 100, 1), -- Ghost Mushroom
(@OGUID+99, 142144, 349, 753.844, -322.062, -51.5776, 1.13446, 0, 0, 0.537299, 0.843392, 86400, 86400, 100, 1), -- Ghost Mushroom
(@OGUID+100, 142144, 349, 782.738, -541.578, -33.9911, 1.74533, 0, 0, 0.766044, 0.642789, 86400, 86400, 100, 1), -- Ghost Mushroom
(@OGUID+101, 142144, 349, 793.028, -402.078, -54.1393, 4.60767, 0, 0, -0.743144, 0.669131, 86400, 86400, 100, 1), -- Ghost Mushroom
(@OGUID+102, 142144, 349, 813.16, -244.633, -60.6847, 2.16421, 0, 0, 0.882947, 0.469473, 86400, 86400, 100, 1), -- Ghost Mushroom
(@OGUID+103, 142144, 349, 813.695, -151.817, -74.9203, 0.191985, 0, 0, 0.0958452, 0.995396, 86400, 86400, 100, 1), -- Ghost Mushroom
(@OGUID+104, 142144, 349, 854.992, -323.021, -51.5775, 3.07177, 0, 0, 0.999391, 0.0349061, 86400, 86400, 100, 1), -- Ghost Mushroom
(@OGUID+105, 142144, 349, 856.637, -36.9598, -86.4062, 5.20108, 0, 0, -0.515038, 0.857168, 86400, 86400, 100, 1), -- Ghost Mushroom
(@OGUID+106, 142144, 349, 907.205, -184.284, -52.7166, 5.13127, 0, 0, -0.544639, 0.838671, 86400, 86400, 100, 1), -- Ghost Mushroom
(@OGUID+107, 142144, 349, 954.38, -157.657, -59.2653, 4.15388, 0, 0, -0.874619, 0.48481, 86400, 86400, 100, 1), -- Ghost Mushroom
(@OGUID+108, 142144, 349, 959.936, -231.943, -49.4211, 5.86431, 0, 0, -0.207911, 0.978148, 86400, 86400, 100, 1), -- Ghost Mushroom
(@OGUID+109, 142144, 349, 1038.12, -295.058, -71.9666, 5.61996, 0, 0, -0.325567, 0.945519, 86400, 86400, 100, 1); -- Ghost Mushroom

INSERT INTO gameobject_spawn_entry (guid, entry) VALUES
(@OGUID+29, 1734), (@OGUID+29, 2040), -- Gold Vein, Mithril Deposit
(@OGUID+30, 1734), (@OGUID+30, 2040), -- Gold Vein, Mithril Deposit
(@OGUID+33, 2040), (@OGUID+33, 2047), -- Mithril Deposit, Truesilver Deposit
(@OGUID+43, 2040), (@OGUID+43, 2047); -- Mithril Deposit, Truesilver Deposit


INSERT INTO pool_template (entry, max_limit, description) VALUES
(@PGUID+1, 1, 'Maraudon - Meshlok the Harvester (12237)'),
(@PGUID+51, 5, 'Maraudon - Mineral Pool'),
(@PGUID+52, 1, 'Maraudon (The Wicked Grotto) - Mineral Pool'),
(@PGUID+53, 1, 'Maraudon (Earth Song Falls) - Mineral Pool'),
(@PGUID+54, 1, 'Maraudon (Foulspore Cavern) - Mineral Pool'),
(@PGUID+55, 1, 'Maraudon (Poison Falls) - Mineral Pool'),
(@PGUID+56, 1, 'Maraudon (Zaetar''s Grave) - Mineral Pool'),
(@PGUID+57, 1, 'Maraudon (The Noxious Hollow) - Mineral Pool'),
(@PGUID+61, 5, 'Maraudon - Stranglekelp (2045)'),
(@PGUID+71, 6, 'Maraudon - Blindweed (142143)'),
(@PGUID+81, 4, 'Maraudon - Ghost Mushroom (142144)'),
(@PGUID+82, 4, 'Maraudon (Foulspore Cavern) - Ghost Mushroom (142144)'),
(@PGUID+83, 3, 'Maraudon (Poison Falls) - Ghost Mushroom (142144)'),
(@PGUID+84, 4, 'Maraudon (The Wicked Grotto) - Ghost Mushroom (142144)');

INSERT INTO pool_creature (guid, pool_entry, chance, description) VALUES
(@CGUID+474, @PGUID+1, 0, 'Maraudon - Meshlok the Harvester placeholder'),
(@CGUID+481, @PGUID+1, 0, 'Maraudon - Meshlok the Harvester placeholder'),
(@CGUID+485, @PGUID+1, 30, 'Maraudon - Meshlok the Harvester (12237)');

INSERT INTO pool_gameobject (guid, pool_entry, chance, description) VALUES
(@OGUID+28, @PGUID+51, 0, 'Maraudon - Mineral Node'),
(@OGUID+32, @PGUID+51, 0, 'Maraudon - Mineral Node'),
(@OGUID+33, @PGUID+51, 0, 'Maraudon - Mineral Node'),
(@OGUID+35, @PGUID+51, 0, 'Maraudon - Mineral Node'),
(@OGUID+37, @PGUID+51, 0, 'Maraudon - Mineral Node'),
(@OGUID+38, @PGUID+51, 0, 'Maraudon - Mineral Node'),
(@OGUID+39, @PGUID+51, 0, 'Maraudon - Mineral Node'),
(@OGUID+40, @PGUID+51, 0, 'Maraudon - Mineral Node'),
(@OGUID+42, @PGUID+51, 0, 'Maraudon - Mineral Node'),
(@OGUID+43, @PGUID+51, 0, 'Maraudon - Mineral Node'),
(@OGUID+27, @PGUID+52, 0, 'Maraudon (The Wicked Grotto) - Mineral Node'),
(@OGUID+36, @PGUID+52, 0, 'Maraudon (The Wicked Grotto) - Mineral Node'),
(@OGUID+47, @PGUID+52, 0, 'Maraudon (The Wicked Grotto) - Mineral Node'),
(@OGUID+29, @PGUID+53, 0, 'Maraudon (Earth Song Falls) - Mineral Node'),
(@OGUID+30, @PGUID+53, 0, 'Maraudon (Earth Song Falls) - Mineral Node'),
(@OGUID+44, @PGUID+53, 0, 'Maraudon (Earth Song Falls) - Mineral Node'),
(@OGUID+31, @PGUID+54, 0, 'Maraudon (Foulspore Cavern) - Mineral Node'),
(@OGUID+45, @PGUID+54, 0, 'Maraudon (Foulspore Cavern) - Mineral Node'),
(@OGUID+34, @PGUID+55, 0, 'Maraudon (Poison Falls) - Mineral Node'),
(@OGUID+41, @PGUID+56, 0, 'Maraudon (Zaetar''s Grave) - Mineral Node'),
(@OGUID+46, @PGUID+57, 0, 'Maraudon (The Noxious Hollow) - Mineral Node'),

(@OGUID+86, @PGUID+81, 0, 'Maraudon - Ghost Mushroom (142144)'),
(@OGUID+87, @PGUID+81, 0, 'Maraudon - Ghost Mushroom (142144)'),
(@OGUID+88, @PGUID+81, 0, 'Maraudon - Ghost Mushroom (142144)'),
(@OGUID+92, @PGUID+81, 0, 'Maraudon - Ghost Mushroom (142144)'),
(@OGUID+95, @PGUID+81, 0, 'Maraudon - Ghost Mushroom (142144)'),
(@OGUID+96, @PGUID+81, 0, 'Maraudon - Ghost Mushroom (142144)'),
(@OGUID+97, @PGUID+81, 0, 'Maraudon - Ghost Mushroom (142144)'),
(@OGUID+98, @PGUID+81, 0, 'Maraudon - Ghost Mushroom (142144)'),

(@OGUID+81, @PGUID+82, 0, 'Maraudon (Foulspore Cavern) - Ghost Mushroom (142144)'),
(@OGUID+82, @PGUID+82, 0, 'Maraudon (Foulspore Cavern) - Ghost Mushroom (142144)'),
(@OGUID+89, @PGUID+82, 0, 'Maraudon (Foulspore Cavern) - Ghost Mushroom (142144)'),
(@OGUID+91, @PGUID+82, 0, 'Maraudon (Foulspore Cavern) - Ghost Mushroom (142144)'),
(@OGUID+107, @PGUID+82, 0, 'Maraudon (Foulspore Cavern) - Ghost Mushroom (142144)'),
(@OGUID+108, @PGUID+82, 0, 'Maraudon (Foulspore Cavern) - Ghost Mushroom (142144)'),
(@OGUID+109, @PGUID+82, 0, 'Maraudon (Foulspore Cavern) - Ghost Mushroom (142144)'),

(@OGUID+83, @PGUID+83, 0, 'Maraudon (Poison Falls) - Ghost Mushroom (142144)'),
(@OGUID+102, @PGUID+83, 0, 'Maraudon (Poison Falls) - Ghost Mushroom (142144)'),
(@OGUID+103, @PGUID+83, 0, 'Maraudon (Poison Falls) - Ghost Mushroom (142144)'),
(@OGUID+105, @PGUID+83, 0, 'Maraudon (Poison Falls) - Ghost Mushroom (142144)'),
(@OGUID+106, @PGUID+83, 0, 'Maraudon (Poison Falls) - Ghost Mushroom (142144)'),

(@OGUID+84, @PGUID+84, 0, 'Maraudon (The Wicked Grotto) - Ghost Mushroom (142144)'),
(@OGUID+85, @PGUID+84, 0, 'Maraudon (The Wicked Grotto) - Ghost Mushroom (142144)'),
(@OGUID+90, @PGUID+84, 0, 'Maraudon (The Wicked Grotto) - Ghost Mushroom (142144)'),
(@OGUID+93, @PGUID+84, 0, 'Maraudon (The Wicked Grotto) - Ghost Mushroom (142144)'),
(@OGUID+94, @PGUID+84, 0, 'Maraudon (The Wicked Grotto) - Ghost Mushroom (142144)'),
(@OGUID+99, @PGUID+84, 0, 'Maraudon (The Wicked Grotto) - Ghost Mushroom (142144)'),
(@OGUID+100, @PGUID+84, 0, 'Maraudon (The Wicked Grotto) - Ghost Mushroom (142144)'),
(@OGUID+101, @PGUID+84, 0, 'Maraudon (The Wicked Grotto) - Ghost Mushroom (142144)'),
(@OGUID+104, @PGUID+84, 0, 'Maraudon (The Wicked Grotto) - Ghost Mushroom (142144)');

INSERT INTO pool_gameobject (guid, pool_entry, chance, description) SELECT guid, @PGUID+61, 0, 'Maraudon - Stranglekelp (2045)' FROM gameobject WHERE map = 349 AND id = 2045;
INSERT INTO pool_gameobject (guid, pool_entry, chance, description) SELECT guid, @PGUID+71, 0, 'Maraudon - Blindweed (142143)' FROM gameobject WHERE map = 349 AND id = 142143;

-- ============
-- SPAWN GROUPS
-- ============

INSERT INTO spawn_group (Id, Name, Type, MaxCount, WorldState, Flags) VALUES
(@SGGUID+0, 'Maraudon - Sister of Celebrian (2) Patrol 000', 0, 0, 0, 1),
(@SGGUID+1, 'Maraudon - Sister of Celebrian (2) Patrol 001', 0, 0, 0, 1);

INSERT INTO spawn_group_spawn (Id, Guid, SlotId) VALUES
(@SGGUID+0, @CGUID+191, 0),
(@SGGUID+0, @CGUID+190, 1),
(@SGGUID+1, @CGUID+196, 0),
(@SGGUID+1, @CGUID+197, 1);

INSERT INTO spawn_group_formation (Id, FormationType, FormationSpread, FormationOptions, PathId, MovementType, Comment) VALUES
(@SGGUID+0, 2, 3, 0, @SGGUID+0, 2, 'Maraudon - Sister of Celebrian (2) Patrol 000'),
(@SGGUID+1, 2, 3, 0, @SGGUID+1, 2, 'Maraudon - Sister of Celebrian (2) Patrol 001');

INSERT INTO waypoint_path (PathId, Point, PositionX, PositionY, PositionZ, Orientation, WaitTime, ScriptId) VALUES
(@SGGUID+0, 1, 948.271, -147.406, -60.1059, 100, 0, 0),
(@SGGUID+0, 2, 953.646, -127.461, -62.264, 100, 0, 0),
(@SGGUID+0, 3, 959.457, -99.2716, -63.3151, 100, 0, 0),
(@SGGUID+0, 4, 964.933, -73.2436, -61.9211, 100, 0, 0),
(@SGGUID+0, 5, 969.205, -55.7467, -61.9063, 100, 0, 0),
(@SGGUID+0, 6, 974.063, -45.5474, -61.9073, 100, 0, 0),
(@SGGUID+0, 7, 975.897, -36.8735, -62.267, 100, 0, 0),
(@SGGUID+0, 8, 976.01, -47.3352, -61.9072, 100, 0, 0),
(@SGGUID+0, 9, 971.12, -56.467, -61.9069, 100, 0, 0),
(@SGGUID+0, 10, 966.437, -72.8257, -61.8435, 100, 0, 0),
(@SGGUID+0, 11, 961.696, -100.236, -63.5122, 100, 0, 0),
(@SGGUID+0, 12, 954.885, -128.614, -62.2347, 100, 0, 0),
(@SGGUID+0, 13, 950.366, -147.446, -59.9887, 100, 0, 0),
(@SGGUID+0, 14, 943.747, -159.344, -59.9405, 100, 0, 0),

(@SGGUID+1, 1, 872.052, -145.44, -87.1341, 100, 0, 0),
(@SGGUID+1, 2, 874.092, -113.117, -87.185, 100, 0, 0),
(@SGGUID+1, 3, 866.026, -93.3324, -87.333, 100, 0, 0),
(@SGGUID+1, 4, 849.901, -73.8875, -87.3682, 100, 0, 0),
(@SGGUID+1, 5, 845.525, -52.455, -86.8391, 100, 0, 0),
(@SGGUID+1, 6, 839.139, 9.81493, -87.0897, 100, 0, 0),
(@SGGUID+1, 7, 828.106, 39.4748, -86.971, 100, 0, 0),
(@SGGUID+1, 8, 794.622, 78.0705, -87.0671, 100, 0, 0),
(@SGGUID+1, 9, 823.091, 37.2051, -87.0015, 100, 0, 0),
(@SGGUID+1, 10, 834.997, 9.30703, -87.1208, 100, 0, 0),
(@SGGUID+1, 11, 841.57, -51.9999, -87.2552, 100, 0, 0),
(@SGGUID+1, 12, 847.351, -74.5713, -87.5275, 100, 0, 0),
(@SGGUID+1, 13, 863.519, -96.0914, -87.2029, 100, 0, 0),
(@SGGUID+1, 14, 871.267, -114.204, -87.0528, 100, 0, 0),
(@SGGUID+1, 15, 869.764, -145.975, -86.9794, 100, 0, 0),
(@SGGUID+1, 16, 866.584, -173.106, -87.2064, 100, 0, 0);
