
DELETE FROM `creature` WHERE (`guid` IN ('33142', '33143', '33144', '33145', '108863', '108864', '108865', '108868'));
DELETE FROM `creature_movement` WHERE (`id` = '108863');

INSERT INTO `creature` (`guid`, `id`, `map`, `spawnMask`, `modelid`, `equipment_id`, `position_x`, `position_y`, `position_z`, `orientation`, `spawntimesecsmin`, `spawntimesecsmax`, `spawndist`, `currentwaypoint`, `curhealth`, `curmana`, `DeathState`, `MovementType`) VALUES
('33142', '0', '1', '1', '0', '0', '1583.8886718750', '-2851.2922363281', '184.6023712158', '6.230825424194340', '300', '300', '0', '0', '1', '0', '0', '0'),
('33143', '0', '1', '1', '0', '0', '1545.3580322266', '-2848.5144042969', '182.5300903320', '4.607669353485110', '300', '300', '0', '0', '1', '0', '0', '0'),
('33144', '0', '1', '1', '0', '0', '1538.9871826172', '-2877.8420410156', '183.4159088135', '5.742133140563960', '300', '300', '0', '0', '1', '0', '0', '0'),
('33145', '0', '1', '1', '0', '0', '1580.0328369141', '-2899.7644042969', '182.5247039795', '0.314159274101257', '300', '300', '0', '0', '1', '0', '0', '0'),
('108863', '0', '1', '1', '0', '0', '1712.9606933594', '-3447.4357910156', '144.4518737793', '4.572762489318850', '300', '300', '0', '0', '1', '0', '0', '0'),
('108864', '0', '1', '1', '0', '0', '1684.1052246094', '-3426.6042480469', '145.0765075684', '6.195918560028080', '300', '300', '0', '0', '1', '0', '0', '0'),
('108865', '0', '1', '1', '0', '0', '1708.1324462891', '-3471.8935546875', '144.3030548096', '1.291543602943420', '300', '300', '0', '0', '1', '0', '0', '0'),
('108868', '0', '1', '1', '0', '0', '1730.5338134766', '-3469.6027832031', '144.3735809326', '2.722713708877560', '300', '300', '0', '0', '1', '0', '0', '0');

INSERT INTO `creature_spawn_entry` (`guid`, `entry`) VALUES
('33142', '11697'),
('33143', '11697'),
('33144', '11697'),
('33145', '11697'),
('108863', '11697'),
('108864', '11697'),
('108865', '11697'),
('108868', '11697');

INSERT INTO `spawn_group` (`Id`, `Name`, `Type`, `MaxCount`, `WorldState`, `Flags`) VALUES
('10040', 'Ashenvale - Mannoroc Lasher (1) Standing 000', '0', '0', '0', '0'),
('10041', 'Ashenvale - Mannoroc Lasher (1) Standing 001', '0', '0', '0', '0'),
('10042', 'Ashenvale - Mannoroc Lasher (1) Standing 002', '0', '0', '0', '0'),
('10043', 'Ashenvale - Mannoroc Lasher (1) Standing 003', '0', '0', '0', '0'),
('10044', 'Ashenvale - Mannoroc Lasher (1) Standing 004', '0', '0', '0', '0'),
('10045', 'Ashenvale - Mannoroc Lasher (1) Standing 005', '0', '0', '0', '0'),
('10046', 'Ashenvale - Mannoroc Lasher (1) Standing 006', '0', '0', '0', '0'),
('10047', 'Ashenvale - Mannoroc Lasher (1) Standing 007', '0', '0', '0', '0');

INSERT INTO `spawn_group_spawn` (`Id`, `Guid`, `SlotId`, `Chance`) VALUES
('10040', '33142', '0', '0'),
('10041', '33143', '0', '0'),
('10042', '33144', '0', '0'),
('10043', '33145', '0', '0'),
('10044', '108863', '0', '0'),
('10045', '108864', '0', '0'),
('10046', '108865', '0', '0'),
('10047', '108868', '0', '0');
