
DELETE FROM `creature` WHERE (`guid` IN (19716, 20078, 20079, 20080, 20081, 20872, 20873, 20874, 20875, 20876, 108860, 108861, 108862, 108866, 108872, 108873, 108874, 108875, 108876, 108878, 108881, 108882, 108883));
DELETE FROM `creature_movement` WHERE (`id` IN (20872, 20874, 20876, 108860, 108881, 108882, 108883));

INSERT INTO `creature` (`guid`, `id`, `map`, `spawnMask`, `modelid`, `equipment_id`, `position_x`, `position_y`, `position_z`, `orientation`, `spawntimesecsmin`, `spawntimesecsmax`, `spawndist`, `currentwaypoint`, `curhealth`, `curmana`, `DeathState`, `MovementType`) VALUES
(20078, '0', '1', '1', '0', '0', '1531.0892333984', '-2869.5117187500', '124.7205123901', '0.0', '300', '300', '3', '0', '1', '0', '0', '1'),
(20079, '0', '1', '1', '0', '0', '1511.1785888672', '-2878.0537109375', '111.3889160156', '0.0', '300', '300', '3', '0', '1', '0', '0', '1'),
(20080, '0', '1', '1', '0', '0', '1537.1285400391', '-2883.4035644531', '112.0482788086', '0.0', '300', '300', '3', '0', '1', '0', '0', '1'),
(20081, '0', '1', '1', '0', '0', '1562.4160156250', '-2893.7380371094', '132.3814392090', '0.0', '300', '300', '3', '0', '1', '0', '0', '1'),
(20872, '0', '1', '1', '0', '0', '1516.0415039063', '-2853.4777832031', '112.8746490479', '0.0', '300', '300', '3', '0', '1', '0', '0', '1'),
(20873, '0', '1', '1', '0', '0', '1519.6083984375', '-2911.6972656250', '128.8737182617', '0.0', '300', '300', '3', '0', '1', '0', '0', '1'),
(20874, '0', '1', '1', '0', '0', '1544.6958007813', '-2862.3039550781', '112.1384735107', '0.0', '300', '300', '3', '0', '1', '0', '0', '1'),
(20875, '0', '1', '1', '0', '0', '1427.8795166016', '-2804.3203125000', '121.9327087402', '0.0', '300', '300', '3', '0', '1', '0', '0', '1'),
(20876, '0', '1', '1', '0', '0', '1414.6018066406', '-2821.1875000000', '116.7447128296', '0.0', '300', '300', '3', '0', '1', '0', '0', '1'),
(108860, '0', '1', '1', '0', '0', '1443.0999755859', '-2817.3706054688', '120.5819778442', '0.0', '300', '300', '3', '0', '1', '0', '0', '1'),
(108861, '0', '1', '1', '0', '0', '1402.7884521484', '-2799.2644042969', '123.4251480103', '0.0', '300', '300', '3', '0', '1', '0', '0', '1'),
(108862, '0', '1', '1', '0', '0', '1421.5954589844', '-2795.2807617188', '153.3756103516', '0.0', '300', '300', '3', '0', '1', '0', '0', '1'),
(108866, '0', '1', '1', '0', '0', '1461.6629638672', '-2780.7033691406', '154.5420532227', '0.0', '300', '300', '3', '0', '1', '0', '0', '1'),
(108872, '0', '1', '1', '0', '0', '1477.4686279297', '-2804.5876464844', '149.6535797119', '0.0', '300', '300', '3', '0', '1', '0', '0', '1'),
(108873, '0', '1', '1', '0', '0', '1448.2789306641', '-2824.9743652344', '153.3794097900', '0.0', '300', '300', '3', '0', '1', '0', '0', '1'),
(108874, '0', '1', '1', '0', '0', '1444.3763427734', '-2781.1384277344', '143.2418365479', '0.0', '300', '300', '3', '0', '1', '0', '0', '1'),
(108875, '0', '1', '1', '0', '0', '1449.7220458984', '-2797.9670410156', '144.4707794189', '0.0', '300', '300', '3', '0', '1', '0', '0', '1');

INSERT INTO `creature_spawn_entry` (`guid`, `entry`) VALUES
(20078, '6073'), (20078, '6115'), (20078, '11697'),
(20079, '6073'), (20079, '6115'), (20079, '11697'),
(20080, '6073'), (20080, '6115'), (20080, '11697'),
(20081, '6073'), (20081, '6115'), (20081, '11697'),
(20872, '6073'), (20872, '6115'), (20872, '11697'),
(20873, '6073'), (20873, '6115'), (20873, '11697'),
(20874, '6073'), (20874, '6115'), (20874, '11697'),
(20875, '6073'), (20875, '6115'), (20875, '11697'),
(20876, '6073'), (20876, '6115'), (20876, '11697'),
(108860, '6073'), (108860, '6115'), (108860, '11697'),
(108861, '6073'), (108861, '6115'), (108861, '11697'),
(108862, '6073'), (108862, '6115'), (108862, '11697'),
(108866, '6073'), (108866, '6115'), (108866, '11697'),
(108872, '6073'), (108872, '6115'), (108872, '11697'),
(108873, '6073'), (108873, '6115'), (108873, '11697'),
(108874, '6073'), (108874, '6115'), (108874, '11697'),
(108875, '6073'), (108875, '6115'), (108875, '11697');

INSERT INTO `spawn_group` (`Id`, `Name`, `Type`, `MaxCount`, `WorldState`, `Flags`) VALUES
('10049', 'Ashenvale - Searing Infernal | Felguard | Mannoroc Lasher (1) Wandering 000', '0', '0', '0', '0'),
('10050', 'Ashenvale - Searing Infernal | Felguard | Mannoroc Lasher (1) Wandering 001', '0', '0', '0', '0'),
('10051', 'Ashenvale - Searing Infernal | Felguard | Mannoroc Lasher (1) Wandering 002', '0', '0', '0', '0'),
('10052', 'Ashenvale - Searing Infernal | Felguard | Mannoroc Lasher (1) Wandering 003', '0', '0', '0', '0'),
('10053', 'Ashenvale - Searing Infernal | Felguard | Mannoroc Lasher (1) Wandering 004', '0', '0', '0', '0'),
('10054', 'Ashenvale - Searing Infernal | Felguard | Mannoroc Lasher (1) Wandering 005', '0', '0', '0', '0'),
('10055', 'Ashenvale - Searing Infernal | Felguard | Mannoroc Lasher (1) Wandering 006', '0', '0', '0', '0'),
('10056', 'Ashenvale - Searing Infernal | Felguard | Mannoroc Lasher (1) Wandering 007', '0', '0', '0', '0'),
('10057', 'Ashenvale - Searing Infernal | Felguard | Mannoroc Lasher (1) Wandering 008', '0', '0', '0', '0'),
('10058', 'Ashenvale - Searing Infernal | Felguard | Mannoroc Lasher (1) Wandering 009', '0', '0', '0', '0'),
('10059', 'Ashenvale - Searing Infernal | Felguard | Mannoroc Lasher (1) Wandering 010', '0', '0', '0', '0'),
('10060', 'Ashenvale - Searing Infernal | Felguard | Mannoroc Lasher (1) Wandering 011', '0', '0', '0', '0'),
('10061', 'Ashenvale - Searing Infernal | Felguard | Mannoroc Lasher (1) Wandering 012', '0', '0', '0', '0'),
('10062', 'Ashenvale - Searing Infernal | Felguard | Mannoroc Lasher (1) Wandering 013', '0', '0', '0', '0'),
('10063', 'Ashenvale - Searing Infernal | Felguard | Mannoroc Lasher (1) Wandering 014', '0', '0', '0', '0'),
('10064', 'Ashenvale - Searing Infernal | Felguard | Mannoroc Lasher (1) Wandering 015', '0', '0', '0', '0'),
('10065', 'Ashenvale - Searing Infernal | Felguard | Mannoroc Lasher (1) Wandering 016', '0', '0', '0', '0');

INSERT INTO `spawn_group_spawn` (`Id`, `Guid`, `SlotId`, `Chance`) VALUES
('10049', '20078', '0', '0'),
('10050', '20079', '0', '0'),
('10051', '20080', '0', '0'),
('10052', '20081', '0', '0'),
('10053', '20872', '0', '0'),
('10054', '20873', '0', '0'),
('10055', '20874', '0', '0'),
('10056', '20875', '0', '0'),
('10057', '20876', '0', '0'),
('10058', '108860', '0', '0'),
('10059', '108861', '0', '0'),
('10060', '108862', '0', '0'),
('10061', '108866', '0', '0'),
('10062', '108872', '0', '0'),
('10063', '108873', '0', '0'),
('10064', '108874', '0', '0'),
('10065', '108875', '0', '0');
