DELETE FROM `gameobject` WHERE `id` IN (164886,171939,171942,174594,174595,174596,174597,174598,174712,174713,164882,171940,171943,174610,174612,174613,
174614,174615,174714,174715,164887,173327,174599,174600,174601,174602,174603,174604,174708,174709,164884,174711,173326,174619,174620,174616,174617,174618,
174621,174710,173324,164885,174684,174608,174609,164881,173325,174685,164888,173284,174605,174606,174607,174686,164883,174622,174623,174624,174625,174687);
INSERT INTO `gameobject` (`guid`, `id`, `map`, `spawnMask`, `position_x`, `position_y`, `position_z`, `orientation`, `rotation0`, `rotation1`, `rotation2`, `rotation3`, `spawntimesecsmin`, `spawntimesecsmax`, `animprogress`, `state`) VALUES
(900001, 164886, 1, 1, 3766.65, -1400, 203.65, 5.8294, 0, 0, -0.224951, 0.97437, 3595, 3595, 100, 1),
(900002, 171939, 1, 1, 3866.65, -1000.02, 244.199, 0.942477, 0, 0, 0.45399, 0.891007, 3595, 3595, 100, 1),
(900003, 171942, 1, 1, 4233.32, -1133.32, 322.629, 1.64061, 0, 0, 0.731353, 0.681999, 3595, 3595, 100, 1),
(900004, 174594, 1, 1, 6266.67, -2000.02, 573.426, 5.25344, 0, 0, -0.492423, 0.870356, 3595, 3595, 100, 1),
(900005, 174595, 1, 1, 6900, -2033.33, 583.696, 1.81514, 0, 0, 0.788011, 0.615662, 3595, 3595, 100, 1),
(900006, 174596, 1, 1, 6733.31, -1566.68, 477.04, 3.45576, 0, 0, -0.987688, 0.156436, 3595, 3595, 100, 1),
(900007, 174597, 1, 1, 6599.87, -1266.64, 448.412, 1.97222, 0, 0, 0.833885, 0.551938, 3595, 3595, 100, 1),
(900008, 174598, 1, 1, 5133.34, -333.352, 354.553, 4.86947, 0, 0, -0.649447, 0.760406, 3595, 3595, 100, 1),
(900009, 174712, 1, 1, 4966.66, -666.679, 295.082, 3.57793, 0, 0, -0.976295, 0.216442, 3595, 3595, 100, 1),
(900010, 174713, 1, 1, 5433.33, -666.653, 348.089, 1.65806, 0, 0, 0.737277, 0.675591, 3595, 3595, 100, 1),
(900011, 164882, 1, 1, 3766.66, -1400, 203.648, 1.32645, 0, 0, 0.615661, 0.788011, -3595, -3595, 100, 1),
(900012, 171940, 1, 1, 3866.73, -999.978, 244.207, 3.52557, 0, 0, -0.981627, 0.190812, -3595, -3595, 100, 1),
(900013, 171943, 1, 1, 4233.32, -1133.32, 322.629, 1.67551, 0, 0, 0.743144, 0.669131, -3595, -3595, 100, 1),
(900014, 174610, 1, 1, 6266.68, -2000.01, 573.423, 5.25344, 0, 0, -0.492423, 0.870356, -3595, -3595, 100, 1),
(900015, 174612, 1, 1, 6899.99, -2033.33, 583.696, 1.88495, 0, 0, 0.809016, 0.587786, -3595, -3595, 100, 1),
(900016, 174613, 1, 1, 6733.33, -1566.67, 477.042, 3.45576, 0, 0, -0.987688, 0.156436, -3595, -3595, 100, 1),
(900017, 174614, 1, 1, 6599.99, -1266.66, 448.401, 1.98967, 0, 0, 0.83867, 0.54464, -3595, -3595, 100, 1),
(900018, 174615, 1, 1, 5133.34, -333.335, 354.555, 4.79966, 0, 0, -0.67559, 0.737278, -3595, -3595, 100, 1),
(900019, 174714, 1, 1, 4966.66, -666.667, 295.081, 3.59538, 0, 0, -0.97437, 0.224951, -3595, -3595, 100, 1),
(900020, 174715, 1, 1, 5433.31, -666.657, 348.089, 1.71042, 0, 0, 0.754709, 0.656059, -3595, -3595, 100, 1),
(900021, 164887, 1, 1, 4066.66, -1233.34, 282.075, 5.13127, 0, 0, -0.544639, 0.838671, 3595, 3595, 100, 1),
(900022, 173327, 1, 1, 6233.34, -1533.33, 441.796, 0, 0, 0, 0, 1, 3595, 3595, 100, 1),
(900023, 174599, 1, 1, 6866.66, -1566.67, 496.312, 5.044, 0, 0, -0.580703, 0.814116, 3595, 3595, 100, 1),
(900024, 174600, 1, 1, 6366.68, -1666.65, 480.265, 5.14872, 0, 0, -0.537299, 0.843392, 3595, 3595, 100, 1),
(900025, 174601, 1, 1, 6433.33, -966.665, 422.408, 2.05949, 0, 0, 0.857167, 0.515038, 3595, 3595, 100, 1),
(900026, 174602, 1, 1, 6292.07, -588.73, 467.669, 1.09956, 0, 0, 0.522498, 0.85264, 3595, 3595, 100, 1),
(900027, 174603, 1, 1, 5266.67, -333.332, 325.469, 2.23402, 0, 0, 0.898793, 0.438373, 3595, 3595, 100, 1),
(900028, 174604, 1, 1, 4866.69, -600.011, 307.548, 0.645772, 0, 0, 0.317305, 0.948324, 3595, 3595, 100, 1),
(900029, 174708, 1, 1, 4757.87, -460.486, 337.843, 0.226892, 0, 0, 0.113203, 0.993572, 3595, 3595, 100, 1),
(900030, 174709, 1, 1, 5533.32, -933.35, 376.883, 1.22173, 0, 0, 0.573576, 0.819152, 3595, 3595, 100, 1),
(900031, 164884, 1, 1, 4066.66, -1233.34, 282.075, 1.44862, 0, 0, 0.66262, 0.748956, -3595, -3595, 100, 1),
(900032, 174711, 1, 1, 5533.32, -933.327, 376.886, 1.309, 0, 0, 0.608761, 0.793354, -3595, -3595, 100, 1),
(900033, 173326, 1, 1, 6233.33, -1533.32, 441.792, 4.72984, 0, 0, -0.700909, 0.713251, -3595, -3595, 100, 1),
(900034, 174619, 1, 1, 6292.06, -588.716, 467.672, 4.79966, 0, 0, -0.67559, 0.737278, -3595, -3595, 100, 1),
(900035, 174620, 1, 1, 5266.68, -333.334, 325.471, 5.58505, 0, 0, -0.34202, 0.939693, -3595, -3595, 100, 1),
(900036, 174616, 1, 1, 6866.67, -1566.67, 496.313, 4.7822, 0, 0, -0.681998, 0.731354, -3595, -3595, 100, 1),
(900037, 174617, 1, 1, 6366.67, -1666.66, 480.267, 3.45576, 0, 0, -0.987688, 0.156436, -3595, -3595, 100, 1),
(900038, 174618, 1, 1, 6433.32, -966.677, 422.408, 5.23599, 0, 0, -0.5, 0.866025, -3595, -3595, 100, 1),
(900039, 174621, 1, 1, 4866.68, -600.013, 307.548, 0.645772, 0, 0, 0.317305, 0.948324, -3595, -3595, 100, 1),
(900040, 174710, 1, 1, 4757.86, -460.462, 337.851, 3.61284, 0, 0, -0.972369, 0.233448, -3595, -3595, 100, 1),
(900041, 173324, 1, 1, 5966.68, -1266.65, 381.831, 2.1293, 0, 0, 0.874619, 0.48481, 3595, 3595, 100, 1),
(900042, 164885, 1, 1, 4133.31, -700.016, 283.633, 2.25147, 0, 0, 0.902585, 0.430512, 3595, 3595, 100, 1),
(900043, 174684, 1, 1, 4874.41, -377.052, 351.308, 2.02458, 0, 0, 0.848047, 0.529921, 3595, 3595, 100, 1),
(900044, 174608, 1, 1, 6599.99, -800.007, 479.249, 2.14675, 0, 0, 0.878817, 0.47716, 3595, 3595, 100, 1),
(900045, 174609, 1, 1, 6600, -799.994, 479.261, 2.1293, 0, 0, 0.874619, 0.48481, -3595, -3595, 100, 1),
(900046, 164881, 1, 1, 4133.31, -700.016, 283.633, 2.21657, 0, 0, 0.894934, 0.446199, -3595, -3595, 100, 1),
(900047, 173325, 1, 1, 5966.65, -1266.66, 381.831, 2.21657, 0, 0, 0.894934, 0.446199, -3595, -3595, 100, 1),
(900048, 174685, 1, 1, 4874.41, -377.066, 351.309, 2.11185, 0, 0, 0.870356, 0.492424, -3595, -3595, 100, 1),
(900049, 164888, 1, 1, 3866.64, -666.657, 329.731, 3.90954, 0, 0, -0.927183, 0.374608, 3595, 3595, 100, 1),
(900050, 173284, 1, 1, 6433.25, -1266.62, 383.206, 2.23402, 0, 0, 0.898793, 0.438373, 3595, 3595, 100, 1),
(900051, 174605, 1, 1, 6666.67, -1200, 471.328, 2.16421, 0, 0, 0.882947, 0.469473, 3595, 3595, 100, 1),
(900052, 174606, 1, 1, 6400, -699.992, 477.424, 2.60054, 0, 0, 0.96363, 0.267241, 3595, 3595, 100, 1),
(900053, 174607, 1, 1, 5333.33, -833.325, 342.732, 0.628317, 0, 0, 0.309016, 0.951057, 3595, 3595, 100, 1),
(900054, 174686, 1, 1, 4824.34, -316.803, 358.791, 4.06662, 0, 0, -0.894934, 0.446199, 3595, 3595, 100, 1),
(900055, 164883, 1, 1, 3866.64, -666.657, 329.731, 3.90954, 0, 0, -0.927183, 0.374608, -3595, -3595, 100, 1), -- copy of 900049
(900056, 174622, 1, 1, 6433.33, -1266.66, 383.219, 2.32129, 0, 0, 0.91706, 0.39875, -3595, -3595, 100, 1),
(900057, 174623, 1, 1, 6666.66, -1200, 471.324, 2.21657, 0, 0, 0.894934, 0.446199, -3595, -3595, 100, 1),
(900058, 174624, 1, 1, 6399.99, -699.997, 477.422, 2.44346, 0, 0, 0.939692, 0.34202, -3595, -3595, 100, 1),
(900059, 174625, 1, 1, 5333.33, -833.34, 342.734, 0.767944, 0, 0, 0.374606, 0.927184, -3595, -3595, 100, 1),
(900060, 174687, 1, 1, 4824.35, -316.776, 358.795, 4.13643, 0, 0, -0.878817, 0.47716, -3595, -3595, 100, 1);

UPDATE `gameobject_template` SET `size` = '2', `data0` = '43', `data6` = '0' WHERE (`entry` = '174616');

-- already correct
-- UPDATE `gameobject_template` SET `data1` = '3619' WHERE (`entry` = '174604');
-- UPDATE `gameobject_template` SET `data1` = '3617' WHERE (`entry` = '174602');
-- UPDATE `gameobject_template` SET `data1` = '3614' WHERE (`entry` = '174599');

-- -----------------------------------------------------------------------------------------------------------------------------------------------------------------------------------------------------------------------------------

UPDATE `gameobject` SET `position_x` = '4066.65722656250', `position_y` = '-1233.34204101562500', `position_z` = '282.075439453125000', `orientation` = '5.131268978118896484', `rotation0` = '0.0', `rotation1` = '0.0', `rotation2` = '-0.54463863372802734', `rotation3` = '0.838670849800109863' WHERE (`guid` = '900021');
UPDATE `gameobject` SET `position_x` = '4066.65722656250', `position_y` = '-1233.34204101562500', `position_z` = '282.075439453125000', `orientation` = '1.448621988296508789', `rotation0` = '0.0', `rotation1` = '0.0', `rotation2` = '0.662619590759277343', `rotation3` = '0.748956084251403808' WHERE (`guid` = '900031');
UPDATE `gameobject` SET `position_x` = '4866.67773437500', `position_y` = '-600.013000488281250', `position_z` = '307.548309326171875', `orientation` = '0.645771682262420654', `rotation0` = '0.0', `rotation1` = '0.0', `rotation2` = '0.317304611206054687', `rotation3` = '0.948323667049407958' WHERE (`guid` = '900039');
UPDATE `gameobject` SET `position_x` = '4866.69042968750', `position_y` = '-600.011047363281250', `position_z` = '307.548034667968750', `orientation` = '0.645771682262420654', `rotation0` = '0.0', `rotation1` = '0.0', `rotation2` = '0.317304611206054687', `rotation3` = '0.948323667049407958' WHERE (`guid` = '900028');
UPDATE `gameobject` SET `position_x` = '6233.33984375000', `position_y` = '-1533.33483886718750', `position_z` = '441.795562744140625', `orientation` = '0.000000000000000000', `rotation0` = '0.0', `rotation1` = '0.0', `rotation2` = '0.000000000000000000', `rotation3` = '1.000000000000000000' WHERE (`guid` = '900022');
UPDATE `gameobject` SET `position_x` = '6233.32861328125', `position_y` = '-1533.31506347656250', `position_z` = '441.791992187500000', `orientation` = '4.729844093322753906', `rotation0` = '0.0', `rotation1` = '0.0', `rotation2` = '-0.70090866088867187', `rotation3` = '0.713251054286956787' WHERE (`guid` = '900033');
UPDATE `gameobject` SET `position_x` = '6866.65966796875', `position_y` = '-1566.67102050781250', `position_z` = '496.311523437500000', `orientation` = '5.044002056121826171', `rotation0` = '0.0', `rotation1` = '0.0', `rotation2` = '-0.58070278167724609', `rotation3` = '0.814115643501281738' WHERE (`guid` = '900023');
UPDATE `gameobject` SET `position_x` = '6866.66650390625', `position_y` = '-1566.66918945312500', `position_z` = '496.313140869140625', `orientation` = '4.782202720642089843', `rotation0` = '0.0', `rotation1` = '0.0', `rotation2` = '-0.68199825286865234', `rotation3` = '0.731353819370269775' WHERE (`guid` = '900036');
UPDATE `gameobject` SET `position_x` = '6366.67919921875', `position_y` = '-1666.64697265625000', `position_z` = '480.264648437500000', `orientation` = '5.148722648620605468', `rotation0` = '0.0', `rotation1` = '0.0', `rotation2` = '-0.53729915618896484', `rotation3` = '0.843391716480255126' WHERE (`guid` = '900024');
UPDATE `gameobject` SET `position_x` = '6366.67431640625', `position_y` = '-1666.66174316406250', `position_z` = '480.266937255859375', `orientation` = '3.455755710601806640', `rotation0` = '0.0', `rotation1` = '0.0', `rotation2` = '-0.98768806457519531', `rotation3` = '0.156436234712600708' WHERE (`guid` = '900037');
UPDATE `gameobject` SET `position_x` = '6433.31884765625', `position_y` = '-966.676757812500000', `position_z` = '422.407806396484375', `orientation` = '5.235987663269042968', `rotation0` = '0.0', `rotation1` = '0.0', `rotation2` = '-0.50000000000000000', `rotation3` = '0.866025388240814208' WHERE (`guid` = '900038');
UPDATE `gameobject` SET `position_x` = '6433.33007812500', `position_y` = '-966.664733886718750', `position_z` = '422.408020019531250', `orientation` = '2.059488296508789062', `rotation0` = '0.0', `rotation1` = '0.0', `rotation2` = '0.857167243957519531', `rotation3` = '0.515038192272186279' WHERE (`guid` = '900025');
UPDATE `gameobject` SET `position_x` = '6292.07128906250', `position_y` = '-588.729797363281250', `position_z` = '467.669281005859375', `orientation` = '1.099556446075439453', `rotation0` = '0.0', `rotation1` = '0.0', `rotation2` = '0.522498130798339843', `rotation3` = '0.852640450000762939' WHERE (`guid` = '900026');
UPDATE `gameobject` SET `position_x` = '6292.06103515625', `position_y` = '-588.716308593750000', `position_z` = '467.672027587890625', `orientation` = '4.799657344818115234', `rotation0` = '0.0', `rotation1` = '0.0', `rotation2` = '-0.67558956146240234', `rotation3` = '0.737277925014495849' WHERE (`guid` = '900034');
UPDATE `gameobject` SET `position_x` = '5266.67529296875', `position_y` = '-333.334259033203125', `position_z` = '325.470855712890625', `orientation` = '5.585053920745849609', `rotation0` = '0.0', `rotation1` = '0.0', `rotation2` = '-0.34202003479003906', `rotation3` = '0.939692676067352294' WHERE (`guid` = '900035');
UPDATE `gameobject` SET `position_x` = '5266.67041015625', `position_y` = '-333.331695556640625', `position_z` = '325.469177246093750', `orientation` = '2.234017848968505859', `rotation0` = '0.0', `rotation1` = '0.0', `rotation2` = '0.898793220520019531', `rotation3` = '0.438372820615768432' WHERE (`guid` = '900027');
UPDATE `gameobject` SET `position_x` = '5533.31738281250', `position_y` = '-933.350158691406250', `position_z` = '376.882934570312500', `orientation` = '1.221729278564453125', `rotation0` = '0.0', `rotation1` = '0.0', `rotation2` = '0.573575973510742187', `rotation3` = '0.819152355194091796' WHERE (`guid` = '900030');
UPDATE `gameobject` SET `position_x` = '5533.31933593750', `position_y` = '-933.326965332031250', `position_z` = '376.885650634765625', `orientation` = '1.308995485305786132', `rotation0` = '0.0', `rotation1` = '0.0', `rotation2` = '0.608760833740234375', `rotation3` = '0.793353796005249023' WHERE (`guid` = '900032');
UPDATE `gameobject` SET `position_x` = '4757.85644531250', `position_y` = '-460.462249755859375', `position_z` = '337.850799560546875', `orientation` = '3.612837791442871093', `rotation0` = '0.0', `rotation1` = '0.0', `rotation2` = '-0.97236919403076171', `rotation3` = '0.233448356389999389' WHERE (`guid` = '900040');
UPDATE `gameobject` SET `position_x` = '4757.87304687500', `position_y` = '-460.485687255859375', `position_z` = '337.842712402343750', `orientation` = '0.226892471313476562', `rotation0` = '0.0', `rotation1` = '0.0', `rotation2` = '0.113203048706054687', `rotation3` = '0.993571877479553222' WHERE (`guid` = '900029');

-- -----------------------------------------------------------------------------------------------------------------------------------------------------------------------------------------------------------------------------------
DELETE FROM `gameobject_questrelation` where `id` IN (164886,171939,171942,174594,174595,174596,174597,174598,174712,174713,
164882,171940,171943,174610,174612,174613,174614,174615,174714,174715,164887,173327,174599,174600,174601,174602,174603,174604,
174708,174709,164884,174711,173326,174619,174620,174616,174617,174618,174621,174710,173324,164885,174684,174608,174609,164881,
173325,174685,164888,173284,174605,174606,174607,174686,164883,174622,174623,174624,174625,174687);
INSERT INTO `gameobject_questrelation` (`id`, `quest`) VALUES
(164885, 4119),
(164886, 2523),
(164887, 4115),
(164888, 4117),
(171939, 4465),
(171942, 4464),
(173284, 4443),
(173324, 4447),
(173327, 1514),
(174594, 2878),
(174595, 3363),
(174596, 4113),
(174597, 4114),
(174598, 4116),
(174599, 998),
(174600, 996),
(174601, 4403),
(174602, 4343),
(174603, 4222),
(174604, 4221),
(174605, 4444),
(174606, 4445),
(174607, 4446),
(174608, 4448),
(174684, 4462),
(174686, 4461),
(174708, 4466),
(174709, 4467),
(174712, 4118),
(174713, 4401);

DELETE FROM `gameobject_involvedrelation` where `id` IN (164886,171939,171942,174594,174595,174596,174597,174598,174712,174713,
164882,171940,171943,174610,174612,174613,174614,174615,174714,174715,164887,173327,174599,174600,174601,174602,174603,174604,
174708,174709,164884,174711,173326,174619,174620,174616,174617,174618,174621,174710,173324,164885,174684,174608,174609,164881,
173325,174685,164888,173284,174605,174606,174607,174686,164883,174622,174623,174624,174625,174687);
INSERT INTO `gameobject_involvedrelation` (`id`, `quest`) VALUES
(164885, 4119),
(164886, 2523),
(164887, 4115),
(164888, 4117),
(171939, 4465),
(171942, 4464),
(173284, 4443),
(173324, 4447),
(173327, 1514),
(174594, 2878),
(174595, 3363),
(174596, 4113),
(174597, 4114),
(174598, 4116),
(174599, 998),
(174600, 996),
(174601, 4403),
(174602, 4343),
(174603, 4222),
(174604, 4221),
(174605, 4444),
(174606, 4445),
(174607, 4446),
(174608, 4448),
(174684, 4462),
(174686, 4461),
(174708, 4466),
(174709, 4467),
(174712, 4118),
(174713, 4401);

--
-- ServerToClient: SMSG_DESTROY_OBJECT (0x00AA) Length: 9 ConnIdx: 0 Time: 03/25/2009 02:55:34.000 Number: 241309
-- GUID: Full: 0xF110028416008967 Type: GameObject Entry: 164886 Low: 35175
-- Despawn Animation: false
-- https://youtu.be/7l3RcYf8jOY?t=543 - respawns faster then 1sec delay, might even be instant
-- ServerToClient: SMSG_COMPRESSED_UPDATE_OBJECT (0x01F6) Length: 90 ConnIdx: 0 Time: 03/25/2009 02:55:35.000 Number: 241311
-- Count: 1
-- [0] UpdateType: CreateObject2
-- [0] GUID: Full: 0xF11002841200C798 Type: GameObject Entry: 164882 Low: 51096

-- 2022-10-05 19:51:42 Table `dbscripts_on_quest_end` has invalid gameobject (GUID: 48876) in SCRIPT_COMMAND_RESPAWN_GAMEOBJECT for script id 2523
UPDATE `dbscripts_on_quest_end` SET `delay` = 0, `datalong` = 900011, `datalong2` = 300, `comments` = 'Respawn' WHERE `command` = 9 AND `id` = 2523;
INSERT INTO `dbscripts_on_quest_end` (`id`, `delay`, `priority`, `command`, `search_radius`, `data_flags`, `comments`) VALUES (2523, 0, 0, 40, 900001, 23, 'Despawn');

-- 2022-10-05 19:51:42 Table `dbscripts_on_quest_end` has invalid gameobject (GUID: 48900) in SCRIPT_COMMAND_RESPAWN_GAMEOBJECT for script id 4465
UPDATE `dbscripts_on_quest_end` SET `delay` = 0, `datalong` = 900012, `datalong2` = 300, `comments` = 'Respawn' WHERE `command` = 9 AND `id` = 4465;
INSERT INTO `dbscripts_on_quest_end` (`id`, `delay`, `priority`, `command`, `search_radius`, `data_flags`, `comments`) VALUES (4465, 0, 0, 40, 900002, 23, 'Despawn');

-- 2022-10-05 19:51:42 Table `dbscripts_on_quest_end` has invalid gameobject (GUID: 48898) in SCRIPT_COMMAND_RESPAWN_GAMEOBJECT for script id 4464
UPDATE `dbscripts_on_quest_end` SET `delay` = 0, `datalong` = 900013, `datalong2` = 300, `comments` = 'Respawn' WHERE `command` = 9 AND `id` = 4464;
INSERT INTO `dbscripts_on_quest_end` (`id`, `delay`, `priority`, `command`, `search_radius`, `data_flags`, `comments`) VALUES (4464, 0, 0, 40, 900003, 23, 'Despawn');

-- 2022-10-05 19:51:42 Table `dbscripts_on_quest_end` has invalid gameobject (GUID: 48877) in SCRIPT_COMMAND_RESPAWN_GAMEOBJECT for script id 2878
UPDATE `dbscripts_on_quest_end` SET `delay` = 0, `datalong` = 900014, `datalong2` = 300, `comments` = 'Respawn' WHERE `command` = 9 AND `id` = 2878;
INSERT INTO `dbscripts_on_quest_end` (`id`, `delay`, `priority`, `command`, `search_radius`, `data_flags`, `comments`) VALUES (2878, 0, 0, 40, 900004, 23, 'Despawn');

-- 2022-10-05 19:51:42 Table `dbscripts_on_quest_end` has invalid gameobject (GUID: 48892) in SCRIPT_COMMAND_RESPAWN_GAMEOBJECT for script id 3363
UPDATE `dbscripts_on_quest_end` SET `delay` = 0, `datalong` = 900015, `datalong2` = 300, `comments` = 'Respawn' WHERE `command` = 9 AND `id` = 3363;
INSERT INTO `dbscripts_on_quest_end` (`id`, `delay`, `priority`, `command`, `search_radius`, `data_flags`, `comments`) VALUES (3363, 0, 0, 40, 900005, 23, 'Despawn');

-- 2022-10-05 19:51:42 Table `dbscripts_on_quest_end` has invalid gameobject (GUID: 48893) in SCRIPT_COMMAND_RESPAWN_GAMEOBJECT for script id 4113
UPDATE `dbscripts_on_quest_end` SET `delay` = 0, `datalong` = 900016, `datalong2` = 300, `comments` = 'Respawn' WHERE `command` = 9 AND `id` = 4113;
INSERT INTO `dbscripts_on_quest_end` (`id`, `delay`, `priority`, `command`, `search_radius`, `data_flags`, `comments`) VALUES (4113, 0, 0, 40, 900006, 23, 'Despawn');

-- 2022-10-05 19:51:42 Table `dbscripts_on_quest_end` has invalid gameobject (GUID: 48894) in SCRIPT_COMMAND_RESPAWN_GAMEOBJECT for script id 4114
UPDATE `dbscripts_on_quest_end` SET `delay` = 0, `datalong` = 900017, `datalong2` = 300, `comments` = 'Respawn' WHERE `command` = 9 AND `id` = 4114;
INSERT INTO `dbscripts_on_quest_end` (`id`, `delay`, `priority`, `command`, `search_radius`, `data_flags`, `comments`) VALUES (4114, 0, 0, 40, 900007, 23, 'Despawn');

-- 2022-10-05 19:51:42 Table `dbscripts_on_quest_end` has invalid gameobject (GUID: 48895) in SCRIPT_COMMAND_RESPAWN_GAMEOBJECT for script id 4116
UPDATE `dbscripts_on_quest_end` SET `delay` = 0, `datalong` = 900018, `datalong2` = 300, `comments` = 'Respawn' WHERE `command` = 9 AND `id` = 4116;
INSERT INTO `dbscripts_on_quest_end` (`id`, `delay`, `priority`, `command`, `search_radius`, `data_flags`, `comments`) VALUES (4116, 0, 0, 40, 900008, 23, 'Despawn');

-- 2022-10-05 19:51:42 Table `dbscripts_on_quest_end` has invalid gameobject (GUID: 18207) in SCRIPT_COMMAND_RESPAWN_GAMEOBJECT for script id 4118
UPDATE `dbscripts_on_quest_end` SET `delay` = 0, `datalong` = 900019, `datalong2` = 300, `comments` = 'Respawn' WHERE `command` = 9 AND `id` = 4118;
INSERT INTO `dbscripts_on_quest_end` (`id`, `delay`, `priority`, `command`, `search_radius`, `data_flags`, `comments`) VALUES (4118, 0, 0, 40, 900009, 23, 'Despawn');

-- 2022-10-05 19:51:42 Table `dbscripts_on_quest_end` has invalid gameobject (GUID: 48896) in SCRIPT_COMMAND_RESPAWN_GAMEOBJECT for script id 4401
UPDATE `dbscripts_on_quest_end` SET `delay` = 0, `datalong` = 900020, `datalong2` = 300, `comments` = 'Respawn' WHERE `command` = 9 AND `id` = 4401;
INSERT INTO `dbscripts_on_quest_end` (`id`, `delay`, `priority`, `command`, `search_radius`, `data_flags`, `comments`) VALUES (4401, 0, 0, 40, 900010, 23, 'Despawn');

-- 2022-10-05 19:51:42 Table `dbscripts_on_quest_end` has invalid gameobject (GUID: 48887) in SCRIPT_COMMAND_RESPAWN_GAMEOBJECT for script id 4115
UPDATE `dbscripts_on_quest_end` SET `delay` = 0, `datalong` = 900031, `datalong2` = 300, `comments` = 'Respawn' WHERE `command` = 9 AND `id` = 4115;
INSERT INTO `dbscripts_on_quest_end` (`id`, `delay`, `priority`, `command`, `search_radius`, `data_flags`, `comments`) VALUES (4115, 0, 0, 40, 900021, 23, 'Despawn');

-- 2022-10-05 19:51:42 Table `dbscripts_on_quest_end` has invalid gameobject (GUID: 48880) in SCRIPT_COMMAND_RESPAWN_GAMEOBJECT for script id 1514
UPDATE `dbscripts_on_quest_end` SET `delay` = 0, `datalong` = 900033, `datalong2` = 300, `comments` = 'Respawn' WHERE `command` = 9 AND `id` = 1514;
INSERT INTO `dbscripts_on_quest_end` (`id`, `delay`, `priority`, `command`, `search_radius`, `data_flags`, `comments`) VALUES (1514, 0, 0, 40, 900022, 23, 'Despawn');

-- 2022-10-05 19:51:42 Table `dbscripts_on_quest_end` has invalid gameobject (GUID: 48879) in SCRIPT_COMMAND_RESPAWN_GAMEOBJECT for script id 998
UPDATE `dbscripts_on_quest_end` SET `delay` = 0, `datalong` = 900036, `datalong2` = 300, `comments` = 'Respawn' WHERE `command` = 9 AND `id` = 998;
INSERT INTO `dbscripts_on_quest_end` (`id`, `delay`, `priority`, `command`, `search_radius`, `data_flags`, `comments`) VALUES (998, 0, 0, 40, 900023, 23, 'Despawn');

-- 2022-10-05 19:51:42 Table `dbscripts_on_quest_end` has invalid gameobject (GUID: 48878) in SCRIPT_COMMAND_RESPAWN_GAMEOBJECT for script id 996
UPDATE `dbscripts_on_quest_end` SET `delay` = 0, `datalong` = 900037, `datalong2` = 300, `comments` = 'Respawn' WHERE `command` = 9 AND `id` = 996;
INSERT INTO `dbscripts_on_quest_end` (`id`, `delay`, `priority`, `command`, `search_radius`, `data_flags`, `comments`) VALUES (996, 0, 0, 40, 900024, 23, 'Despawn');

-- 2022-10-05 19:51:42 Table `dbscripts_on_quest_end` has invalid gameobject (GUID: 48891) in SCRIPT_COMMAND_RESPAWN_GAMEOBJECT for script id 4403
UPDATE `dbscripts_on_quest_end` SET `delay` = 0, `datalong` = 900038, `datalong2` = 300, `comments` = 'Respawn' WHERE `command` = 9 AND `id` = 4403;
INSERT INTO `dbscripts_on_quest_end` (`id`, `delay`, `priority`, `command`, `search_radius`, `data_flags`, `comments`) VALUES (4403, 0, 0, 40, 900025, 23, 'Despawn');

-- 2022-10-05 19:51:42 Table `dbscripts_on_quest_end` has invalid gameobject (GUID: 48890) in SCRIPT_COMMAND_RESPAWN_GAMEOBJECT for script id 4343
UPDATE `dbscripts_on_quest_end` SET `delay` = 0, `datalong` = 900034, `datalong2` = 300, `comments` = 'Respawn' WHERE `command` = 9 AND `id` = 4343;
INSERT INTO `dbscripts_on_quest_end` (`id`, `delay`, `priority`, `command`, `search_radius`, `data_flags`, `comments`) VALUES (4343, 0, 0, 40, 900026, 23, 'Despawn');

-- 2022-10-05 19:51:42 Table `dbscripts_on_quest_end` has invalid gameobject (GUID: 48889) in SCRIPT_COMMAND_RESPAWN_GAMEOBJECT for script id 4222
UPDATE `dbscripts_on_quest_end` SET `delay` = 0, `datalong` = 900035, `datalong2` = 300, `comments` = 'Respawn' WHERE `command` = 9 AND `id` = 4222;
INSERT INTO `dbscripts_on_quest_end` (`id`, `delay`, `priority`, `command`, `search_radius`, `data_flags`, `comments`) VALUES (4222, 0, 0, 40, 900027, 23, 'Despawn');

-- 2022-10-05 19:51:42 Table `dbscripts_on_quest_end` has invalid gameobject (GUID: 48888) in SCRIPT_COMMAND_RESPAWN_GAMEOBJECT for script id 4221
UPDATE `dbscripts_on_quest_end` SET `delay` = 0, `datalong` = 900039, `datalong2` = 300, `comments` = 'Respawn' WHERE `command` = 9 AND `id` = 4221;
INSERT INTO `dbscripts_on_quest_end` (`id`, `delay`, `priority`, `command`, `search_radius`, `data_flags`, `comments`) VALUES (4221, 0, 0, 40, 900028, 23, 'Despawn');

-- 2022-10-05 19:51:42 Table `dbscripts_on_quest_end` has invalid gameobject (GUID: 48897) in SCRIPT_COMMAND_RESPAWN_GAMEOBJECT for script id 4466
UPDATE `dbscripts_on_quest_end` SET `delay` = 0, `datalong` = 900040, `datalong2` = 300, `comments` = 'Respawn' WHERE `command` = 9 AND `id` = 4466;
INSERT INTO `dbscripts_on_quest_end` (`id`, `delay`, `priority`, `command`, `search_radius`, `data_flags`, `comments`) VALUES (4466, 0, 0, 40, 900029, 23, 'Despawn');

-- 2022-10-05 19:51:42 Table `dbscripts_on_quest_end` has invalid gameobject (GUID: 48899) in SCRIPT_COMMAND_RESPAWN_GAMEOBJECT for script id 4467
UPDATE `dbscripts_on_quest_end` SET `delay` = 0, `datalong` = 900032, `datalong2` = 300, `comments` = 'Respawn' WHERE `command` = 9 AND `id` = 4467;
INSERT INTO `dbscripts_on_quest_end` (`id`, `delay`, `priority`, `command`, `search_radius`, `data_flags`, `comments`) VALUES (4467, 0, 0, 40, 900030, 23, 'Despawn');

-- 2022-10-05 19:51:42 Table `dbscripts_on_quest_end` has invalid gameobject (GUID: 48873) in SCRIPT_COMMAND_RESPAWN_GAMEOBJECT for script id 4447
UPDATE `dbscripts_on_quest_end` SET `delay` = 0, `datalong` = 900047, `datalong2` = 300, `comments` = 'Respawn' WHERE `command` = 9 AND `id` = 4447;
INSERT INTO `dbscripts_on_quest_end` (`id`, `delay`, `priority`, `command`, `search_radius`, `data_flags`, `comments`) VALUES (4447, 0, 0, 40, 900041, 23, 'Despawn');

-- 2022-10-05 19:51:42 Table `dbscripts_on_quest_end` has invalid gameobject (GUID: 17641) in SCRIPT_COMMAND_RESPAWN_GAMEOBJECT for script id 4119
UPDATE `dbscripts_on_quest_end` SET `delay` = 0, `datalong` = 900046, `datalong2` = 300, `comments` = 'Respawn' WHERE  `command` = 9 AND `id` = 4119;
INSERT INTO `dbscripts_on_quest_end` (`id`, `delay`, `priority`, `command`, `search_radius`, `data_flags`, `comments`) VALUES (4119, 0, 0, 40, 900042, 23, 'Despawn');

-- 2022-10-05 19:51:42 Table `dbscripts_on_quest_end` has invalid gameobject (GUID: 48875) in SCRIPT_COMMAND_RESPAWN_GAMEOBJECT for script id 4462
UPDATE `dbscripts_on_quest_end` SET `delay` = 0, `datalong` = 900048, `datalong2` = 300, `comments` = 'Respawn' WHERE `command` = 9 AND `id` = 4462;
INSERT INTO `dbscripts_on_quest_end` (`id`, `delay`, `priority`, `command`, `search_radius`, `data_flags`, `comments`) VALUES (4462, 0, 0, 40, 900043, 23, 'Despawn');

-- 2022-10-05 19:51:42 Table `dbscripts_on_quest_end` has invalid gameobject (GUID: 48874) in SCRIPT_COMMAND_RESPAWN_GAMEOBJECT for script id 4448
UPDATE `dbscripts_on_quest_end` SET `delay` = 0, `datalong` = 900045, `datalong2` = 300, `comments` = 'Respawn' WHERE `command` = 9 AND `id` = 4448;
INSERT INTO `dbscripts_on_quest_end` (`id`, `delay`, `priority`, `command`, `search_radius`, `data_flags`, `comments`) VALUES (4448, 0, 0, 40, 900044, 23, 'Despawn');

-- 2022-10-05 19:51:42 Table `dbscripts_on_quest_end` has invalid gameobject (GUID: 48881) in SCRIPT_COMMAND_RESPAWN_GAMEOBJECT for script id 4117
UPDATE `dbscripts_on_quest_end` SET `delay` = 0, `datalong` = 900055, `datalong2` = 300, `comments` = 'Respawn' WHERE `command` = 9 AND `id` = 4117;
INSERT INTO `dbscripts_on_quest_end` (`id`, `delay`, `priority`, `command`, `search_radius`, `data_flags`, `comments`) VALUES (4117, 0, 0, 40, 900049, 23, 'Despawn');

-- 4443	00	0	9	44882	175	0	0	0	0	0	0	0	0	0	0	0	0	0	0	0
-- https://tbc.wowhead.com/quest=4443/corrupted-whipper-root
-- .go o 44882 has long been overwritten with some campfire in deathknell
UPDATE `dbscripts_on_quest_end` SET `delay` = 0, `datalong` = 900056, `datalong2` = 300, `comments` = 'Respawn' WHERE `command` = 9 AND `id` = 4443;
INSERT INTO `dbscripts_on_quest_end` (`id`, `delay`, `priority`, `command`, `search_radius`, `data_flags`, `comments`) VALUES (4443, 0, 0, 40, 900050, 23, 'Despawn');

-- 2022-10-05 19:51:42 Table `dbscripts_on_quest_end` has invalid gameobject (GUID: 48883) in SCRIPT_COMMAND_RESPAWN_GAMEOBJECT for script id 4444
UPDATE `dbscripts_on_quest_end` SET `delay` = 0, `datalong` = 900057, `datalong2` = 300, `comments` = 'Respawn' WHERE `command` = 9 AND `id` = 4444;
INSERT INTO `dbscripts_on_quest_end` (`id`, `delay`, `priority`, `command`, `search_radius`, `data_flags`, `comments`) VALUES (4444, 0, 0, 40, 900051, 23, 'Despawn');

-- 2022-10-05 19:51:42 Table `dbscripts_on_quest_end` has invalid gameobject (GUID: 48884) in SCRIPT_COMMAND_RESPAWN_GAMEOBJECT for script id 4445
UPDATE `dbscripts_on_quest_end` SET `delay` = 0, `datalong` = 900058, `datalong2` = 300, `comments` = 'Respawn' WHERE `command` = 9 AND `id` = 4445;
INSERT INTO `dbscripts_on_quest_end` (`id`, `delay`, `priority`, `command`, `search_radius`, `data_flags`, `comments`) VALUES (4445, 0, 0, 40, 900052, 23, 'Despawn');

-- 2022-10-05 19:51:42 Table `dbscripts_on_quest_end` has invalid gameobject (GUID: 48885) in SCRIPT_COMMAND_RESPAWN_GAMEOBJECT for script id 4446
UPDATE `dbscripts_on_quest_end` SET `delay` = 0, `datalong` = 900059, `datalong2` = 300, `comments` = 'Respawn' WHERE `command` = 9 AND `id` = 4446;
INSERT INTO `dbscripts_on_quest_end` (`id`, `delay`, `priority`, `command`, `search_radius`, `data_flags`, `comments`) VALUES (4446, 0, 0, 40, 900053, 23, 'Despawn');

-- 2022-10-05 19:51:42 Table `dbscripts_on_quest_end` has invalid gameobject (GUID: 48886) in SCRIPT_COMMAND_RESPAWN_GAMEOBJECT for script id 4461
UPDATE `dbscripts_on_quest_end` SET `delay` = 0, `datalong` = 900060, `datalong2` = 300, `comments` = 'Respawn' WHERE `command` = 9 AND `id` = 4461;
INSERT INTO `dbscripts_on_quest_end` (`id`, `delay`, `priority`, `command`, `search_radius`, `data_flags`, `comments`) VALUES (4461, 0, 0, 40, 900054, 23, 'Despawn');

-- Remove dbscripts on event which is either for despawn or a visual
DELETE FROM `dbscripts_on_event` where `id` IN (4102,4185,4192,4193,4194,4195,4196,4197,4284,4288,4118,4234,4235,4236,4237,4260,293,4178,4247,4265,4059,4079,2244,4215,4216,4217,4218,4219,4276,4280);

-- Cleansed dont seem to want to despawn on looting (use dbscripts_on_event for despawn as its directly in the template)
DELETE FROM `dbscripts_on_go_template_use` WHERE `id` IN (164881,164882,164883,164884,171940,171943,173325,173326,174609,174610,174612,174613,174614,174615,174616,174617,174618,174619,174620,174621,174622,174623,174624,174625,174685,174687,174710,174711,174714,174715);
INSERT INTO `dbscripts_on_event` (`id`, `delay`, `command`, `comments`) SELECT `data2`, 0, 40, 'Despawn' FROM `gameobject_template` WHERE `entry` IN (164881,164882,164883,164884,171940,171943,173325,173326,174609,174610,174612,174613,174614,174615,174616,174617,174618,174619,174620,174621,174622,174623,174624,174625,174685,174687,174710,174711,174714,174715);

