-- Barrens - southern parts
-- Formations for Kodos
-- Greater Barrens Kodo 3235 & Barrens Kodo 3236 & Wooly Kodo 3237
-- 1st pack contain 4 kodos ( 2 that were given fake waypoints + 2 static spawns)
UPDATE creature SET position_x = -3802.68, position_y = -1847.32, position_z = 94.3483, spawndist = 0, MovementType = 0 WHERE guid = 15135;
UPDATE creature SET position_x = -3799.06, position_y = -1842.58, position_z = 94.4779, spawndist = 0, MovementType = 0 WHERE guid = 15141;
UPDATE creature SET position_x = -3808.37, position_y = -1846.71, position_z = 94.2435, spawndist = 0, MovementType = 0 WHERE guid = 15142;
UPDATE creature SET position_x = -3805.65, position_y = -1841.24, position_z = 94.4038, spawndist = 0, MovementType = 0 WHERE guid = 15144;
DELETE FROM creature_movement WHERE id IN (15135,15141,15142,15144); -- moved to formations
DELETE FROM creature_linking WHERE master_guid = 15144; -- moved to formations
-- Greater Barrens Kodo 3235 & Barrens Kodo 3236 & Wooly Kodo 3237 - share spawn
DELETE FROM creature_spawn_entry WHERE guid IN (15135,15141,15142,15144);
INSERT INTO creature_spawn_entry (guid,entry) VALUES
(15135,3235),(15135,3236),(15135,3237),
(15141,3235),(15141,3236),(15141,3237),
(15142,3235),(15142,3236),(15142,3237),
(15144,3235),(15144,3236),(15144,3237);
UPDATE creature SET id = 0 WHERE guid IN (15135,15141,15142,15144);
DELETE FROM `spawn_group` WHERE id = 19995;
INSERT INTO `spawn_group` (`Id`, `Name`, `Type`, `MaxCount`, `WorldState`, `Flags`) VALUES
(19995, 'Barrens - 4 Random Kodos - Patrol - 1', 0, 0, 0, 1);
DELETE FROM `spawn_group_spawn` WHERE id = 19995;
INSERT INTO `spawn_group_spawn` (`Id`, `Guid`, `SlotId`) VALUES
(19995, 15135, 0),
(19995, 15141, 1),
(19995, 15142, 2),
(19995, 15144, 3);
DELETE FROM `spawn_group_formation` WHERE id = 19995;
INSERT INTO `spawn_group_formation` (`Id`, `FormationType`, `FormationSpread`, `FormationOptions`, `PathId`, `MovementType`, `Comment`) VALUES
(19995, 4, 10, 0, 19995, 4, 'Barrens - 4 Random Kodos - Patrol - 1');
DELETE FROM `waypoint_path_name` WHERE PathId = 19995;
INSERT INTO `waypoint_path_name` (`PathId`, `Name`) VALUES
(19995,'Barrens - 4 Random Kodos - Patrol - 1');
DELETE FROM `waypoint_path` WHERE PathId = 19995;
INSERT INTO `waypoint_path` (`PathId`, `Point`, `PositionX`, `PositionY`,`PositionZ`, `Orientation`, `WaitTime`, `ScriptId`) VALUES
(19995,1,-3802.9849,-1847.3167,94.4449,100,0,0),
(19995,2,-3780.6667,-1879.9966,94.51902,100,0,0),
(19995,3,-3765.317,-1912.2642,92.659584,100,0,0),
(19995,4,-3743.7683,-1944.3379,93.25019,100,0,0),
(19995,5,-3718.9587,-1949.9241,94.24338,100,0,0),
(19995,6,-3674.7666,-1972.0784,92.34276,100,0,0),
(19995,7,-3633.491,-1962.7506,91.96043,100,0,0),
(19995,8,-3604.3447,-1934.8683,93.6461,100,0,0),
(19995,9,-3574.0989,-1917.8884,94.641045,100,0,0),
(19995,10,-3543.6143,-1922.9417,93.78076,100,0,0),
(19995,11,-3514.391,-1891.8881,96.05839,100,0,0),
(19995,12,-3482.7354,-1879.4718,95.54532,100,0,0),
(19995,13,-3447.3694,-1879.2826,94.04059,100,0,0),
(19995,14,-3419.4883,-1883.6552,93.07612,100,0,0),
(19995,15,-3401.6602,-1915.7799,93.66566,100,0,0),
(19995,16,-3377.1729,-1946.9575,91.91544,100,0,0),
(19995,17,-3359.4075,-1987.9889,93.354164,100,0,0),
(19995,18,-3351.847,-2020.0239,93.34684,100,0,0),
(19995,19,-3347.3481,-2061.3584,96.55564,100,0,0),
(19995,20,-3337.5916,-2084.593,91.86515,100,0,0),
(19995,21,-3305.2717,-2097.2861,91.791664,100,0,0),
(19995,22,-3264.5898,-2110.5752,93.58816,100,0,0),
(19995,23,-3221.6958,-2091.54,92.918495,100,0,0),
(19995,24,-3175.735,-2081.8813,91.791664,100,0,0),
(19995,25,-3131.3293,-2093.495,91.81647,100,0,0),
(19995,26,-3093.5208,-2117.2578,93.19572,100,0,0),
(19995,27,-3050.1245,-2119.8708,93.09464,100,0,0),
(19995,28,-3005.5127,-2109.9685,92.291664,100,0,0),
(19995,29,-2967.4277,-2095.7334,91.791664,100,0,0),
(19995,30,-2936.955,-2117.254,91.791664,100,0,0),
(19995,31,-2908.1777,-2144.7766,93.2714,100,0,0),
(19995,32,-2871.219,-2160.007,92.05509,100,0,0),
(19995,33,-2853.049,-2161.5356,91.791664,100,0,0),
(19995,34,-2835.0942,-2182.703,95.2443,100,0,0),
(19995,35,-2795.9773,-2209.954,95.784584,100,0,0),
(19995,36,-2758.5547,-2238.7458,92.954506,100,0,0),
(19995,37,-2721.4429,-2257.816,91.791664,100,0,0),
(19995,38,-2681.0037,-2258.5547,91.95255,100,0,0),
(19995,39,-2673.5525,-2282.2383,91.791664,100,0,0),
(19995,40,-2647.4885,-2312.194,92.01603,100,0,0),
(19995,41,-2624.1008,-2319.0713,92.736,100,0,0),
(19995,42,-2583.4438,-2317.825,91.791664,100,0,0),
(19995,43,-2553.0298,-2291.6404,93.56666,100,0,0),
(19995,44,-2522.4128,-2288.3354,95.39027,100,0,0),
(19995,45,-2480.3079,-2292.0088,94.91757,100,0,0),
(19995,46,-2440.1282,-2314.39,94.61803,100,0,0),
(19995,47,-2414.875,-2342.5525,91.83561,100,0,0),
(19995,48,-2396.1902,-2380.3955,91.791664,100,0,0),
(19995,49,-2380.417,-2413.0195,92.82902,100,0,0),
(19995,50,-2353.339,-2423.769,95.19796,100,0,0),
(19995,51,-2310.5186,-2422.7778,95.587776,100,0,0),
(19995,52,-2293.4502,-2402.058,93.38322,100,0,0),
(19995,53,-2295.2888,-2370.951,92.66499,100,0,0),
(19995,54,-2286.9407,-2341.9426,93.4555,100,0,0),
(19995,55,-2252.9795,-2320.2158,93.7934,100,0,0),
(19995,56,-2207.6965,-2319.8152,93.1684,100,0,0),
(19995,57,-2185.574,-2344.3398,94.98741,100,0,0);

-- 2nd pack contain 4 kodos (we had static spawns)
UPDATE creature SET position_x = -2548.2842, position_y = -1823.4431, position_z = 93.25752, spawndist = 0, MovementType = 0 WHERE guid = 15137;
UPDATE creature SET position_x = -2548.2842, position_y = -1823.4431, position_z = 93.25752, spawndist = 0, MovementType = 0 WHERE guid = 15138;
UPDATE creature SET position_x = -2548.2842, position_y = -1823.4431, position_z = 93.25752, spawndist = 0, MovementType = 0 WHERE guid = 15139;
UPDATE creature SET position_x = -2548.2842, position_y = -1823.4431, position_z = 93.25752, spawndist = 0, MovementType = 0 WHERE guid = 15140;
DELETE FROM creature_movement WHERE id IN (15137,15138,15139,15140); -- moved to formations
-- Greater Barrens Kodo 3235 & Barrens Kodo 3236 & Wooly Kodo 3237 - share spawn
DELETE FROM creature_spawn_entry WHERE guid IN (15137,15138,15139,15140);
INSERT INTO creature_spawn_entry (guid,entry) VALUES
(15137,3235),(15137,3236),(15137,3237),
(15138,3235),(15138,3236),(15138,3237),
(15139,3235),(15139,3236),(15139,3237),
(15140,3235),(15140,3236),(15140,3237);
UPDATE creature SET id = 0 WHERE guid IN (15137,15141,15139,15144);
DELETE FROM `spawn_group` WHERE id = 19994;
INSERT INTO `spawn_group` (`Id`, `Name`, `Type`, `MaxCount`, `WorldState`, `Flags`) VALUES
(19994, 'Barrens - 4 Random Kodos - Patrol - 2', 0, 0, 0, 1);
DELETE FROM `spawn_group_spawn` WHERE id = 19994;
INSERT INTO `spawn_group_spawn` (`Id`, `Guid`, `SlotId`) VALUES
(19994, 15137, 0),
(19994, 15138, 1),
(19994, 15139, 2),
(19994, 15140, 3);
DELETE FROM `spawn_group_formation` WHERE id = 19994;
INSERT INTO `spawn_group_formation` (`Id`, `FormationType`, `FormationSpread`, `FormationOptions`, `PathId`, `MovementType`, `Comment`) VALUES
(19994, 4, 10, 0, 19994, 4, 'Barrens - 4 Random Kodos - Patrol - 2');
DELETE FROM `waypoint_path_name` WHERE PathId = 19994;
INSERT INTO `waypoint_path_name` (`PathId`, `Name`) VALUES
(19994,'Barrens - 4 Random Kodos - Patrol - 2');
DELETE FROM `waypoint_path` WHERE PathId = 19994;
INSERT INTO `waypoint_path` (`PathId`, `Point`, `PositionX`, `PositionY`,`PositionZ`, `Orientation`, `WaitTime`, `ScriptId`) VALUES
(19994,1,-2548.2842,-1823.4431,93.25752,100,0,0),
(19994,2,-2549.9526,-1856.7218,91.79164,100,0,0),
(19994,3,-2550.593,-1886.7155,93.6349,100,0,0),
(19994,4,-2528.1716,-1913.3761,93.49894,100,0,0),
(19994,5,-2514.9182,-1944.0527,91.791664,100,0,0),
(19994,6,-2525.7134,-1972.6923,91.873344,100,0,0),
(19994,7,-2519.366,-2015.1715,91.791664,100,0,0),
(19994,8,-2539.711,-2043.043,94.06388,100,0,0),
(19994,9,-2579.9106,-2051.9,91.791664,100,0,0),
(19994,10,-2619.6133,-2038.2832,92.666664,100,0,0),
(19994,11,-2625.1914,-2010.3055,95.011635,100,0,0),
(19994,12,-2649.6484,-1987.704,98.87594,100,0,0),
(19994,13,-2687.763,-1958.8242,98.20767,100,0,0),
(19994,14,-2731.621,-1948.8926,94.54919,100,0,0),
(19994,15,-2765.418,-1949.4645,94.289955,100,0,0),
(19994,16,-2799.666,-1956.7109,92.666664,100,0,0),
(19994,17,-2821.335,-1979.7496,94.364624,100,0,0),
(19994,18,-2858.4404,-1977.6183,93.54441,100,0,0),
(19994,19,-2892.971,-1985.3134,91.791664,100,0,0),
(19994,20,-2924.9187,-2012.8451,91.791664,100,0,0),
(19994,21,-2973.0881,-2018.61,94.84196,100,0,0),
(19994,22,-3019.862,-2009.5938,91.862465,100,0,0),
(19994,23,-3059.9058,-2014.0497,92.260216,100,0,0),
(19994,24,-3105.4138,-2015.0334,97.450134,100,0,0),
(19994,25,-3140.8923,-2008.1979,91.69159,100,0,0),
(19994,26,-3185.1724,-2018.1434,93.416664,100,0,0),
(19994,27,-3234.4036,-2015.4905,93.10758,100,0,0),
(19994,28,-3278.2222,-2011.9592,93.55157,100,0,0),
(19994,29,-3314.1902,-1990.8981,93.89457,100,0,0),
(19994,30,-3347.5408,-1954.1077,93.972084,100,0,0),
(19994,31,-3357.8528,-1922.2687,91.791664,100,0,0),
(19994,32,-3384.438,-1912.7379,92.36173,100,0,0),
(19994,33,-3418.5803,-1918.779,94.54066,100,0,0),
(19994,34,-3440.851,-1951.4935,93.09258,100,0,0),
(19994,35,-3420.3472,-1985.9188,93.16667,100,0,0),
(19994,36,-3414.4775,-2022.2496,94.478676,100,0,0),
(19994,37,-3413.9412,-2043.6198,96.92531,100,0,0),
(19994,38,-3392.5605,-2081.25,96.745514,100,0,0),
(19994,39,-3380.7786,-2125.5894,97.23457,100,0,0),
(19994,40,-3408.1997,-2158.7026,91.791664,100,0,0),
(19994,41,-3461.4775,-2223.1958,91.791664,100,0,0),
(19994,42,-3491.955,-2258.996,92.54168,100,0,0),
(19994,43,-3496.31,-2299.241,91.79168,100,0,0),
(19994,44,-3527.3733,-2326.2695,96.75652,100,0,0),
(19994,45,-3576.382,-2324.9717,96.541664,100,0,0),
(19994,46,-3611.55,-2345.0105,91.791664,100,0,0),
(19994,47,-3657.9917,-2348.1719,91.791664,100,0,0),
(19994,48,-3684.3425,-2346.7075,92.267494,100,0,0),
(19994,49,-3718.316,-2324.128,94.499435,100,0,0),
(19994,50,-3742.3994,-2289.9778,92.77653,100,0,0),
(19994,51,-3730.6775,-2247.0618,92.79777,100,0,0),
(19994,52,-3718.365,-2216.5715,93.21793,100,0,0),
(19994,53,-3756.2942,-2184.889,92.56457,100,0,0),
(19994,54,-3799.9075,-2179.8037,93.76674,100,0,0),
(19994,55,-3828.0073,-2195.0332,92.724594,100,0,0),
(19994,56,-3850.562,-2208.744,91.791664,100,0,0),
(19994,57,-3883.0647,-2204.8198,92.025795,100,0,0),
(19994,58,-3913.9036,-2188.7336,91.791664,100,0,0),
(19994,59,-3945.6965,-2189.132,94.17582,100,0,0),
(19994,60,-3985.597,-2210.1846,94.22308,100,0,0);
