
DELETE FROM `creature` WHERE (`guid` IN (2718, 2719, 2720, 2721, 3804, 3805, 3806, 3883, 3884, 3913));
DELETE FROM `creature_linking` WHERE (`guid` IN (2718, 2719, 2720, 2721, 3804, 3805, 3806, 3883, 3884, 3913));
DELETE FROM `creature_movement` WHERE (`id` IN (2718, 2719, 2720, 2721, 3804, 3805, 3806, 3883, 3884, 3913));

-- --------------------------------------------------------------------------------------------------------------------------------------------------------------------------------------------------------------

SET @CGUID := 140170;
SET @WGUID := 11;
SET @SGUID := 149;

-- --------------------------------------------------------------------------------------------------------------------------------------------------------------------------------------------------------------

INSERT INTO `creature` (`guid`, `id`, `map`, `spawnMask`, `position_x`, `position_y`, `position_z`, `orientation`, `spawntimesecsmin`, `spawntimesecsmax`, `spawndist`, `MovementType`) VALUES
(@CGUID + 000, 6011, 0, 1, -11838.05078125, -3323.817382812500, 4.446216583251953125, 1.111298918724060058, 300, 300, 0, 0),
(@CGUID + 001, 6010, 0, 1, -11838.80859375, -3319.673583984375, 3.813418149948120117, 0.606308519840240478, 300, 300, 0, 0);

INSERT INTO `waypoint_path` (`PathId`, `Point`, `PositionX`, `PositionY`, `PositionZ`, `Orientation`, `WaitTime`, `ScriptId`) VALUES
(@WGUID + 000, 01, -11836.0585937500, -3319.790039062500, 4.442346572875976562, 100, 0, 0),
(@WGUID + 000, 02, -11818.4531250000, -3316.001220703125, 7.547765731811523437, 100, 0, 0),
(@WGUID + 000, 03, -11791.9892578125, -3307.423095703125, 5.285616874694824218, 100, 0, 0),
(@WGUID + 000, 04, -11769.7353515625, -3295.873046875000, 5.250003814697265625, 100, 0, 0),
(@WGUID + 000, 05, -11752.1425781250, -3277.185302734375, 5.476196289062500000, 100, 0, 0),
(@WGUID + 000, 06, -11736.6914062500, -3259.936767578125, 3.331718444824218750, 100, 0, 0),
(@WGUID + 000, 07, -11722.2451171875, -3252.170410156250, 6.583822250366210937, 100, 0, 0),
(@WGUID + 000, 08, -11715.6855468750, -3231.737548828125, 7.382659912109375000, 100, 0, 0),
(@WGUID + 000, 09, -11704.2324218750, -3200.947021484375, 5.645355224609375000, 100, 0, 0),
(@WGUID + 000, 10, -11694.4238281250, -3185.865234375000, 10.37957954406738281, 100, 0, 0),
(@WGUID + 000, 11, -11698.6425781250, -3165.898925781250, 9.738421440124511718, 100, 0, 0),
(@WGUID + 000, 12, -11708.1650390625, -3136.289550781250, 8.550619125366210937, 100, 0, 0),
(@WGUID + 000, 13, -11714.6582031250, -3119.521484375000, 9.655297279357910156, 100, 0, 0),
(@WGUID + 000, 14, -11726.3925781250, -3100.852783203125, 11.63845157623291015, 100, 0, 0),
(@WGUID + 000, 15, -11741.0654296875, -3092.552001953125, 9.801887512207031250, 100, 0, 0),
(@WGUID + 000, 16, -11764.5693359375, -3088.438720703125, 7.745246887207031250, 100, 0, 0),
(@WGUID + 000, 17, -11781.8525390625, -3079.680419921875, 3.428914070129394531, 100, 0, 0),
(@WGUID + 000, 18, -11807.3173828125, -3069.807861328125, 6.581945419311523437, 100, 0, 0),
(@WGUID + 000, 19, -11836.7441406250, -3060.121093750000, 5.403204917907714843, 100, 0, 0),
(@WGUID + 000, 20, -11858.2861328125, -3052.923095703125, 11.81580257415771484, 100, 0, 0),
(@WGUID + 000, 21, -11871.9111328125, -3053.961669921875, 16.22307205200195312, 100, 0, 0),
(@WGUID + 000, 22, -11879.9013671875, -3070.050048828125, 26.94749259948730468, 100, 0, 0),
(@WGUID + 000, 23, -11887.0576171875, -3085.415039062500, 29.97825431823730468, 100, 0, 0),
(@WGUID + 000, 24, -11898.2939453125, -3091.147949218750, 33.11326599121093750, 100, 0, 0);

INSERT INTO `waypoint_path_name` (`PathId`, `Name`) VALUES
(@WGUID + 000, 'Blasted Lands - Felguard Sentry | Felhound (2) Patrol 000');

INSERT INTO `spawn_group` (`Id`, `Name`, `Type`, `MaxCount`, `WorldState`, `Flags`) VALUES
(@SGUID + 000, 'Blasted Lands - Felguard Sentry | Felhound (2) Patrol 000', 0, 0, 0, 0);

INSERT INTO `spawn_group_spawn` (`Id`, `Guid`, `SlotId`, `Chance`) VALUES
(@SGUID + 000, @CGUID + 000, 0, 0),
(@SGUID + 000, @CGUID + 001, 1, 0);

INSERT INTO `spawn_group_formation` (`Id`, `FormationType`, `FormationSpread`, `FormationOptions`, `PathId`, `MovementType`, `Comment`) VALUES
(@SGUID + 000, 2, 2, 0, @WGUID + 000, 4, 'Blasted Lands - Felguard Sentry | Felhound (2) Patrol 000');

-- --------------------------------------------------------------------------------------------------------------------------------------------------------------------------------------------------------------

INSERT INTO `creature` (`guid`, `id`, `map`, `spawnMask`, `position_x`, `position_y`, `position_z`, `orientation`, `spawntimesecsmin`, `spawntimesecsmax`, `spawndist`, `MovementType`) VALUES
(@CGUID + 002, 6011, 0, 1, -11903.5908203125, -3075.732666015625, 27.36240196228027343, 1.563962221145629882, 300, 300, 0, 0),
(@CGUID + 003, 6010, 0, 1, -11898.9501953125, -3081.700439453125, 30.32977294921875000, 2.129589796066284179, 300, 300, 0, 0);

INSERT INTO `waypoint_path` (`PathId`, `Point`, `PositionX`, `PositionY`, `PositionZ`, `Orientation`, `WaitTime`, `ScriptId`) VALUES
(@WGUID + 001, 01, -11903.5468750000, -3069.429199218750, 24.16282653808593750, 100, 0, 0),
(@WGUID + 001, 02, -11884.6748046875, -3058.956298828125, 21.62248611450195312, 100, 0, 0),
(@WGUID + 001, 03, -11860.8027343750, -3043.153320312500, 14.87293148040771484, 100, 0, 0),
(@WGUID + 001, 04, -11848.0380859375, -3053.258300781250, 7.568976402282714843, 100, 0, 0),
(@WGUID + 001, 05, -11829.9843750000, -3060.215087890625, 5.779955863952636718, 100, 0, 0),
(@WGUID + 001, 06, -11802.3769531250, -3065.045166015625, 6.166186332702636718, 100, 0, 0),
(@WGUID + 001, 07, -11780.2958984375, -3069.506103515625, 6.179402351379394531, 100, 0, 0),
(@WGUID + 001, 08, -11758.3017578125, -3075.846435546875, 9.674446105957031250, 100, 0, 0),
(@WGUID + 001, 09, -11745.1259765625, -3086.299560546875, 8.424201965332031250, 100, 0, 0),
(@WGUID + 001, 10, -11727.6464843750, -3093.388183593750, 11.75790882110595703, 100, 0, 0),
(@WGUID + 001, 11, -11714.9638671875, -3106.971923828125, 12.77443790435791015, 100, 0, 0),
(@WGUID + 001, 12, -11703.0234375000, -3126.905517578125, 12.12111759185791015, 100, 0, 0),
(@WGUID + 001, 13, -11704.5761718750, -3154.215332031250, 8.807699203491210937, 100, 0, 0),
(@WGUID + 001, 14, -11696.3232421875, -3178.484130859375, 10.13690376281738281, 100, 0, 0),
(@WGUID + 001, 15, -11697.1298828125, -3202.781494140625, 7.631532669067382812, 100, 0, 0),
(@WGUID + 001, 16, -11713.5439453125, -3238.739990234375, 7.758138656616210937, 100, 0, 0),
(@WGUID + 001, 17, -11722.9707031250, -3261.901611328125, 6.900228500366210937, 100, 0, 0),
(@WGUID + 001, 18, -11742.2158203125, -3284.839111328125, 5.215942382812500000, 100, 0, 0),
(@WGUID + 001, 19, -11761.3447265625, -3300.560302734375, 5.314302921295166015, 100, 0, 0),
(@WGUID + 001, 20, -11787.2792968750, -3318.682861328125, 5.436251640319824218, 100, 0, 0),
(@WGUID + 001, 21, -11808.9970703125, -3326.264404296875, 4.629308700561523437, 100, 0, 0);

INSERT INTO `waypoint_path_name` (`PathId`, `Name`) VALUES
(@WGUID + 001, 'Blasted Lands - Felguard Sentry | Felhound (2) Patrol 001');

INSERT INTO `spawn_group` (`Id`, `Name`, `Type`, `MaxCount`, `WorldState`, `Flags`) VALUES
(@SGUID + 001, 'Blasted Lands - Felguard Sentry | Felhound (2) Patrol 001', 0, 0, 0, 0);

INSERT INTO `spawn_group_spawn` (`Id`, `Guid`, `SlotId`, `Chance`) VALUES
(@SGUID + 001, @CGUID + 002, 0, 0),
(@SGUID + 001, @CGUID + 003, 1, 0);

INSERT INTO `spawn_group_formation` (`Id`, `FormationType`, `FormationSpread`, `FormationOptions`, `PathId`, `MovementType`, `Comment`) VALUES
(@SGUID + 001, 2, 2, 0, @WGUID + 001, 4, 'Blasted Lands - Felguard Sentry | Felhound (2) Patrol 001');

-- --------------------------------------------------------------------------------------------------------------------------------------------------------------------------------------------------------------

INSERT INTO `creature` (`guid`, `id`, `map`, `spawnMask`, `position_x`, `position_y`, `position_z`, `orientation`, `spawntimesecsmin`, `spawntimesecsmax`, `spawndist`, `MovementType`) VALUES
(@CGUID + 004, 6011, 0, 1, -11713.7998046875, -3293.116455078125, 12.12458992004394531, 4.258560180664062500, 300, 300, 0, 0),
(@CGUID + 005, 6010, 0, 1, -11717.5341796875, -3291.493408203125, 11.10744762420654296, 4.903303146362304687, 300, 300, 0, 0);

INSERT INTO `waypoint_path` (`PathId`, `Point`, `PositionX`, `PositionY`, `PositionZ`, `Orientation`, `WaitTime`, `ScriptId`) VALUES
(@WGUID + 002, 01, -11714.4384765625, -3294.425781250000, 12.11897850036621093, 100, 0, 0),
(@WGUID + 002, 02, -11726.9433593750, -3303.230468750000, 10.88082981109619140, 100, 0, 0),
(@WGUID + 002, 03, -11736.3603515625, -3314.583496093750, 11.05258369445800781, 100, 0, 0),
(@WGUID + 002, 04, -11750.8574218750, -3323.556884765625, 10.21689033508300781, 100, 0, 0),
(@WGUID + 002, 05, -11766.6396484375, -3326.677734375000, 7.888277053833007812, 100, 0, 0),
(@WGUID + 002, 06, -11774.6718750000, -3334.626464843750, 8.258161544799804687, 100, 0, 0),
(@WGUID + 002, 07, -11792.0820312500, -3335.641113281250, 5.367292881011962890, 100, 0, 0);

INSERT INTO `waypoint_path_name` (`PathId`, `Name`) VALUES
(@WGUID + 002, 'Blasted Lands - Felguard Sentry | Felhound (2) Patrol 002');

INSERT INTO `spawn_group` (`Id`, `Name`, `Type`, `MaxCount`, `WorldState`, `Flags`) VALUES
(@SGUID + 002, 'Blasted Lands - Felguard Sentry | Felhound (2) Patrol 002', 0, 0, 0, 0);

INSERT INTO `spawn_group_spawn` (`Id`, `Guid`, `SlotId`, `Chance`) VALUES
(@SGUID + 002, @CGUID + 004, 0, 0),
(@SGUID + 002, @CGUID + 005, 1, 0);

INSERT INTO `spawn_group_formation` (`Id`, `FormationType`, `FormationSpread`, `FormationOptions`, `PathId`, `MovementType`, `Comment`) VALUES
(@SGUID + 002, 2, 2, 0, @WGUID + 002, 4, 'Blasted Lands - Felguard Sentry | Felhound (2) Patrol 002');

-- --------------------------------------------------------------------------------------------------------------------------------------------------------------------------------------------------------------

INSERT INTO `creature` (`guid`, `id`, `map`, `spawnMask`, `position_x`, `position_y`, `position_z`, `orientation`, `spawntimesecsmin`, `spawntimesecsmax`, `spawndist`, `MovementType`) VALUES
(@CGUID + 006, 6011, 0, 1, -11676.4755859375, -3140.114501953125, 17.2841949462890625, 1.782605528831481933, 300, 300, 0, 0),
(@CGUID + 007, 6010, 0, 1, -11678.5986328125, -3145.973388671875, 16.3164672851562500, 1.310759663581848144, 300, 300, 0, 0);

INSERT INTO `waypoint_path` (`PathId`, `Point`, `PositionX`, `PositionY`, `PositionZ`, `Orientation`, `WaitTime`, `ScriptId`) VALUES
(@WGUID + 003, 01, -11672.5966796875, -3148.721679687500, 17.90150833129882812, 100, 0, 0),
(@WGUID + 003, 02, -11666.8066406250, -3165.686279296875, 17.94960403442382812, 100, 0, 0),
(@WGUID + 003, 03, -11667.9062500000, -3185.362548828125, 16.40057563781738281, 100, 0, 0),
(@WGUID + 003, 04, -11676.7968750000, -3201.566406250000, 14.32342720031738281, 100, 0, 0),
(@WGUID + 003, 05, -11676.6962890625, -3216.533447265625, 14.89373970031738281, 100, 0, 0),
(@WGUID + 003, 06, -11684.6015625000, -3239.688720703125, 13.24373817443847656, 100, 0, 0);

INSERT INTO `waypoint_path_name` (`PathId`, `Name`) VALUES
(@WGUID + 003, 'Blasted Lands - Felguard Sentry | Felhound (2) Patrol 003');

INSERT INTO `spawn_group` (`Id`, `Name`, `Type`, `MaxCount`, `WorldState`, `Flags`) VALUES
(@SGUID + 003, 'Blasted Lands - Felguard Sentry | Felhound (2) Patrol 003', 0, 0, 0, 0);

INSERT INTO `spawn_group_spawn` (`Id`, `Guid`, `SlotId`, `Chance`) VALUES
(@SGUID + 003, @CGUID + 006, 0, 0),
(@SGUID + 003, @CGUID + 007, 1, 0);

INSERT INTO `spawn_group_formation` (`Id`, `FormationType`, `FormationSpread`, `FormationOptions`, `PathId`, `MovementType`, `Comment`) VALUES
(@SGUID + 003, 2, 2, 0, @WGUID + 003, 4, 'Blasted Lands - Felguard Sentry | Felhound (2) Patrol 003');

-- --------------------------------------------------------------------------------------------------------------------------------------------------------------------------------------------------------------

INSERT INTO `creature` (`guid`, `id`, `map`, `spawnMask`, `position_x`, `position_y`, `position_z`, `orientation`, `spawntimesecsmin`, `spawntimesecsmax`, `spawndist`, `MovementType`) VALUES
(@CGUID + 008, 6011, 0, 1, -11815.468750000, -3048.875000000000, 9.014612197875976562, 5.148721218109130859, 300, 300, 0, 0),
(@CGUID + 009, 6010, 0, 1, -11815.775390625, -3038.188720703125, 12.46767902374267578, 5.226332664489746093, 300, 300, 0, 0);

INSERT INTO `waypoint_path` (`PathId`, `Point`, `PositionX`, `PositionY`, `PositionZ`, `Orientation`, `WaitTime`, `ScriptId`) VALUES
(@WGUID + 004, 01, -11804.2128906250, -3045.838623046875, 11.18620586395263671, 100, 0, 0),
(@WGUID + 004, 02, -11789.3603515625, -3048.382324218750, 12.83773231506347656, 100, 0, 0),
(@WGUID + 004, 03, -11770.2939453125, -3061.773681640625, 11.88704872131347656, 100, 0, 0),
(@WGUID + 004, 04, -11752.3906250000, -3073.559814453125, 11.51673126220703125, 100, 0, 0),
(@WGUID + 004, 05, -11742.5361328125, -3071.446289062500, 14.13880157470703125, 100, 0, 0),
(@WGUID + 004, 06, -11729.0781250000, -3077.852539062500, 15.39218616485595703, 100, 0, 0),
(@WGUID + 004, 07, -11717.7851562500, -3079.979248046875, 16.77109146118164062, 100, 0, 0);

INSERT INTO `waypoint_path_name` (`PathId`, `Name`) VALUES
(@WGUID + 004, 'Blasted Lands - Felguard Sentry | Felhound (2) Patrol 004');

INSERT INTO `spawn_group` (`Id`, `Name`, `Type`, `MaxCount`, `WorldState`, `Flags`) VALUES
(@SGUID + 004, 'Blasted Lands - Felguard Sentry | Felhound (2) Patrol 004', 0, 0, 0, 0);

INSERT INTO `spawn_group_spawn` (`Id`, `Guid`, `SlotId`, `Chance`) VALUES
(@SGUID + 004, @CGUID + 008, 0, 0),
(@SGUID + 004, @CGUID + 009, 1, 0);

INSERT INTO `spawn_group_formation` (`Id`, `FormationType`, `FormationSpread`, `FormationOptions`, `PathId`, `MovementType`, `Comment`) VALUES
(@SGUID + 004, 2, 2, 0, @WGUID + 004, 4, 'Blasted Lands - Felguard Sentry | Felhound (2) Patrol 004');
