
/*
03 06 15 17 18 24 26 33
06 10 11 15 22 25 29 32
01 03 17 18 20 23 24 33
05 07 08 17 20 21 27 34
05 08 13 18 19 25 26 33
04 05 11 13 16 29 30 31
03 08 09 14 15 24 29 31
01 02 03 20 22 27 33 35
01 02 10 14 19 29 30 33
01 02 12 13 15 28 30 32
01 02 03 13 20 24 29 32
06 07 10 15 22 24 27 31
01 02 05 19 22 26 33 35
06 10 11 19 22 23 30 34
03 08 14 18 20 24 26 31
03 07 08 14 20 24 27 33
03 07 08 13 16 26 34 35
01 03 18 20 22 27 30 32
04 09 12 13 16 28 30 34
-- --------------------
23 26 27 28 29
35 30 25 24 21
02 07 09 11 18
31 32 33 34
15 16 19 20
13 14 17 22
03 05 10 12
01 04 06 08
*/

-- ----------------------------------------------------------------------------------------------------------------------------------------------------------------------------------------------------------------

DELETE FROM `gameobject` WHERE (`guid` IN (8330, 46247, 46270, 46278, 46279, 46419, 87357, 87691, 87692));
DELETE FROM `pool_gameobject` WHERE (`guid` IN (8330, 46247, 46270, 46278, 46279, 46419, 87357, 87691, 87692));
DELETE FROM `pool_template` WHERE (`entry` IN (8404));

SET @OGUID := 141200;
SET @SGUID := 323;

-- ----------------------------------------------------------------------------------------------------------------------------------------------------------------------------------------------------------------

INSERT INTO `gameobject` (`guid`, `id`, `map`, `spawnMask`, `position_x`, `position_y`, `position_z`, `orientation`, `rotation0`, `rotation1`, `rotation2`, `rotation3`, `spawntimesecsmin`, `spawntimesecsmax`) VALUES
(@OGUID + 000, 0, 0, 1, 512.8023071289062500, -4788.53564453125, -8.23381996154785156, 4.188792228698730468, 0, 0, -0.86602497100830078, 0.500000774860382080, 300, 600),
(@OGUID + 001, 0, 0, 1, 308.5195312500000000, -4750.45654296875, -11.8114118576049804, 4.380776405334472656, 0, 0, -0.81411552429199218, 0.580702960491180419, 300, 600),
(@OGUID + 002, 0, 0, 1, 99.98730468750000000, -4773.27832031250, -4.84175682067871093, 6.248279094696044921, 0, 0, -0.01745223999023437, 0.999847710132598876, 300, 600),
(@OGUID + 003, 0, 0, 1, 19.26551628112792968, -4890.56738281250, -19.0195083618164062, 5.619962215423583984, 0, 0, -0.32556724548339843, 0.945518851280212402, 300, 600),
(@OGUID + 004, 0, 0, 1, -151.148437500000000, -4909.85595703125, -19.1005649566650390, 0.802850961685180664, 0, 0, 0.390730857849121093, 0.920504987239837646, 300, 600);

INSERT INTO `spawn_group` (`Id`, `Name`, `Type`, `MaxCount`, `WorldState`, `Flags`) VALUES
(@SGUID + 000, 'The Hinterlands - Stranglekelp (1) Herb 000', 1, 1, 0, 0);

INSERT INTO `spawn_group_spawn` (`Id`, `Guid`, `SlotId`) VALUES
(@SGUID + 000, @OGUID + 000, -1),
(@SGUID + 000, @OGUID + 001, -1),
(@SGUID + 000, @OGUID + 002, -1),
(@SGUID + 000, @OGUID + 003, -1),
(@SGUID + 000, @OGUID + 004, -1);

INSERT INTO `spawn_group_entry` (`Id`, `Entry`, `MinCount`, `MaxCount`, `Chance`) VALUES
(@SGUID + 000, 2045, 0, 0, 0);

-- ----------------------------------------------------------------------------------------------------------------------------------------------------------------------------------------------------------------

INSERT INTO `gameobject` (`guid`, `id`, `map`, `spawnMask`, `position_x`, `position_y`, `position_z`, `orientation`, `rotation0`, `rotation1`, `rotation2`, `rotation3`, `spawntimesecsmin`, `spawntimesecsmax`) VALUES
(@OGUID + 010, 0, 0, 1, 227.0889282226562500, -4819.18994140625, -19.5381507873535156, 6.038839817047119140, 0, 0, -0.12186908721923828, 0.992546200752258300, 300, 600),
(@OGUID + 011, 0, 0, 1, 228.8580169677734375, -4759.46582031250, -16.9873046875000000, 3.159062385559082031, 0, 0, -0.99996185302734375, 0.008734640665352344, 300, 600),
(@OGUID + 012, 0, 0, 1, 171.6903228759765625, -4821.57031250000, -17.8589744567871093, 2.670347690582275390, 0, 0, 0.972369194030761718, 0.233448356389999389, 300, 600),
(@OGUID + 013, 0, 0, 1, 106.9199218750000000, -4827.24511718750, -17.3766689300537109, 2.827429771423339843, 0, 0, 0.987688064575195312, 0.156436234712600708, 300, 600),
(@OGUID + 014, 0, 0, 1, 12.71430110931396484, -4829.57617187500, -17.0389709472656250, 3.036838293075561523, 0, 0, 0.998628616333007812, 0.052353221923112869, 300, 600);

INSERT INTO `spawn_group` (`Id`, `Name`, `Type`, `MaxCount`, `WorldState`, `Flags`) VALUES
(@SGUID + 001, 'The Hinterlands - Stranglekelp (1) Herb 001', 1, 1, 0, 0);

INSERT INTO `spawn_group_spawn` (`Id`, `Guid`, `SlotId`) VALUES
(@SGUID + 001, @OGUID + 010, -1),
(@SGUID + 001, @OGUID + 011, -1),
(@SGUID + 001, @OGUID + 012, -1),
(@SGUID + 001, @OGUID + 013, -1),
(@SGUID + 001, @OGUID + 014, -1);

INSERT INTO `spawn_group_entry` (`Id`, `Entry`, `MinCount`, `MaxCount`, `Chance`) VALUES
(@SGUID + 001, 2045, 0, 0, 0);

-- ----------------------------------------------------------------------------------------------------------------------------------------------------------------------------------------------------------------

INSERT INTO `gameobject` (`guid`, `id`, `map`, `spawnMask`, `position_x`, `position_y`, `position_z`, `orientation`, `rotation0`, `rotation1`, `rotation2`, `rotation3`, `spawntimesecsmin`, `spawntimesecsmax`) VALUES
(@OGUID + 020, 0, 0, 1, -216.164718627929687, -4848.25878906250, -12.7662887573242187, 2.391098499298095703, 0, 0, 0.930417060852050781, 0.366502493619918823, 300, 600),
(@OGUID + 021, 0, 0, 1, -442.294067382812500, -4808.88574218750, -25.8226585388183593, 5.829400539398193359, 0, 0, -0.22495079040527343, 0.974370121955871582, 300, 600),
(@OGUID + 022, 0, 0, 1, -501.540924072265625, -4655.17578125000, -7.51503801345825195, 0.366517573595046997, 0, 0, 0.182234764099121093, 0.983255028724670410, 300, 600),
(@OGUID + 023, 0, 0, 1, -645.925109863281250, -4777.93261718750, -8.68316364288330078, 5.044002056121826171, 0, 0, -0.58070278167724609, 0.814115643501281738, 300, 600),
(@OGUID + 024, 0, 0, 1, -777.526916503906250, -4570.92089843750, -23.8075771331787109, 5.689773559570312500, 0, 0, -0.29237174987792968, 0.956304728984832763, 300, 600);

INSERT INTO `spawn_group` (`Id`, `Name`, `Type`, `MaxCount`, `WorldState`, `Flags`) VALUES
(@SGUID + 002, 'The Hinterlands - Stranglekelp (1) Herb 002', 1, 1, 0, 0);

INSERT INTO `spawn_group_spawn` (`Id`, `Guid`, `SlotId`) VALUES
(@SGUID + 002, @OGUID + 020, -1),
(@SGUID + 002, @OGUID + 021, -1),
(@SGUID + 002, @OGUID + 022, -1),
(@SGUID + 002, @OGUID + 023, -1),
(@SGUID + 002, @OGUID + 024, -1);

INSERT INTO `spawn_group_entry` (`Id`, `Entry`, `MinCount`, `MaxCount`, `Chance`) VALUES
(@SGUID + 002, 2045, 0, 0, 0);

-- ----------------------------------------------------------------------------------------------------------------------------------------------------------------------------------------------------------------

INSERT INTO `gameobject` (`guid`, `id`, `map`, `spawnMask`, `position_x`, `position_y`, `position_z`, `orientation`, `rotation0`, `rotation1`, `rotation2`, `rotation3`, `spawntimesecsmin`, `spawntimesecsmax`) VALUES
(@OGUID + 030, 0, 0, 1, 458.7228698730468750, -4765.29980468750, -8.45733165740966796, 1.117009282112121582, 0, 0, 0.529918670654296875, 0.848048448562622070, 300, 600),
(@OGUID + 031, 0, 0, 1, 365.0445861816406250, -4815.13183593750, -12.0385665893554687, 5.323255538940429687, 0, 0, -0.46174812316894531, 0.887011110782623291, 300, 600),
(@OGUID + 032, 0, 0, 1, 396.0257873535156250, -4747.28027343750, -9.89114665985107421, 4.834563255310058593, 0, 0, -0.66261959075927734, 0.748956084251403808, 300, 600),
(@OGUID + 033, 0, 0, 1, 428.3892211914062500, -4857.90527343750, -12.8202562332153320, 1.623155713081359863, 0, 0, 0.725374221801757812, 0.688354730606079101, 300, 600);

INSERT INTO `spawn_group` (`Id`, `Name`, `Type`, `MaxCount`, `WorldState`, `Flags`) VALUES
(@SGUID + 003, 'The Hinterlands - Stranglekelp (1) Herb 003', 1, 1, 0, 0);

INSERT INTO `spawn_group_spawn` (`Id`, `Guid`, `SlotId`) VALUES
(@SGUID + 003, @OGUID + 030, -1),
(@SGUID + 003, @OGUID + 031, -1),
(@SGUID + 003, @OGUID + 032, -1),
(@SGUID + 003, @OGUID + 033, -1);

INSERT INTO `spawn_group_entry` (`Id`, `Entry`, `MinCount`, `MaxCount`, `Chance`) VALUES
(@SGUID + 003, 2045, 0, 0, 0);

-- ----------------------------------------------------------------------------------------------------------------------------------------------------------------------------------------------------------------

INSERT INTO `gameobject` (`guid`, `id`, `map`, `spawnMask`, `position_x`, `position_y`, `position_z`, `orientation`, `rotation0`, `rotation1`, `rotation2`, `rotation3`, `spawntimesecsmin`, `spawntimesecsmax`) VALUES
(@OGUID + 040, 0, 0, 1, -144.686737060546875, -4860.10058593750, -16.9362106323242187, 6.213373661041259765, 0, 0, -0.03489875793457031, 0.999390840530395507, 300, 600),
(@OGUID + 041, 0, 0, 1, -120.280380249023437, -4735.02050781250, -24.4799900054931640, 4.310965538024902343, 0, 0, -0.83388519287109375, 0.551937937736511230, 300, 600),
(@OGUID + 042, 0, 0, 1, -250.643997192382812, -4651.93408203125, -12.5148134231567382, 4.799657344818115234, 0, 0, -0.67558956146240234, 0.737277925014495849, 300, 600),
(@OGUID + 043, 0, 0, 1, -291.338104248046875, -4744.89648437500, -25.2298545837402343, 4.258606910705566406, 0, 0, -0.84804725646972656, 0.529920578002929687, 300, 600);

INSERT INTO `spawn_group` (`Id`, `Name`, `Type`, `MaxCount`, `WorldState`, `Flags`) VALUES
(@SGUID + 004, 'The Hinterlands - Stranglekelp (1) Herb 004', 1, 1, 0, 0);

INSERT INTO `spawn_group_spawn` (`Id`, `Guid`, `SlotId`) VALUES
(@SGUID + 004, @OGUID + 040, -1),
(@SGUID + 004, @OGUID + 041, -1),
(@SGUID + 004, @OGUID + 042, -1),
(@SGUID + 004, @OGUID + 043, -1);

INSERT INTO `spawn_group_entry` (`Id`, `Entry`, `MinCount`, `MaxCount`, `Chance`) VALUES
(@SGUID + 004, 2045, 0, 0, 0);

-- ----------------------------------------------------------------------------------------------------------------------------------------------------------------------------------------------------------------

INSERT INTO `gameobject` (`guid`, `id`, `map`, `spawnMask`, `position_x`, `position_y`, `position_z`, `orientation`, `rotation0`, `rotation1`, `rotation2`, `rotation3`, `spawntimesecsmin`, `spawntimesecsmax`) VALUES
(@OGUID + 050, 0, 0, 1, -52.3074226379394531, -4766.53125000000, -2.46611809730529785, 5.707228183746337890, 0, 0, -0.28401470184326171, 0.958819925785064697, 300, 600),
(@OGUID + 051, 0, 0, 1, -199.985229492187500, -4725.91845703125, -28.7294273376464843, 1.850048899650573730, 0, 0, 0.798635482788085937, 0.601815044879913330, 300, 600),
(@OGUID + 052, 0, 0, 1, -366.355163574218750, -4749.59912109375, -25.0550422668457031, 3.717553615570068359, 0, 0, -0.95881938934326171, 0.284016460180282592, 300, 600),
(@OGUID + 053, 0, 0, 1, -418.382812500000000, -4633.00488281250, -10.4411678314208984, 2.129300594329833984, 0, 0, 0.874619483947753906, 0.484810054302215576, 300, 600);

INSERT INTO `spawn_group` (`Id`, `Name`, `Type`, `MaxCount`, `WorldState`, `Flags`) VALUES
(@SGUID + 005, 'The Hinterlands - Stranglekelp (1) Herb 005', 1, 1, 0, 0);

INSERT INTO `spawn_group_spawn` (`Id`, `Guid`, `SlotId`) VALUES
(@SGUID + 005, @OGUID + 050, -1),
(@SGUID + 005, @OGUID + 051, -1),
(@SGUID + 005, @OGUID + 052, -1),
(@SGUID + 005, @OGUID + 053, -1);

INSERT INTO `spawn_group_entry` (`Id`, `Entry`, `MinCount`, `MaxCount`, `Chance`) VALUES
(@SGUID + 005, 2045, 0, 0, 0);

-- ----------------------------------------------------------------------------------------------------------------------------------------------------------------------------------------------------------------

INSERT INTO `gameobject` (`guid`, `id`, `map`, `spawnMask`, `position_x`, `position_y`, `position_z`, `orientation`, `rotation0`, `rotation1`, `rotation2`, `rotation3`, `spawntimesecsmin`, `spawntimesecsmax`) VALUES
(@OGUID + 060, 0, 0, 1, -407.803070068359375, -4586.45410156250, -10.9108476638793945, 1.413715124130249023, 0, 0, 0.649447441101074218, 0.760406434535980224, 300, 600),
(@OGUID + 061, 0, 0, 1, -485.871520996093750, -4719.61669921875, -29.8458328247070312, 2.740161895751953125, 0, 0, 0.979924201965332031, 0.199370384216308593, 300, 600),
(@OGUID + 062, 0, 0, 1, -817.245666503906250, -4744.45214843750, -34.6731758117675781, 3.769911527633666992, 0, 0, -0.95105648040771484, 0.309017121791839599, 300, 600),
(@OGUID + 063, 0, 0, 1, -785.381530761718750, -4656.30712890625, -24.7362461090087890, 5.044002056121826171, 0, 0, -0.58070278167724609, 0.814115643501281738, 300, 600);

INSERT INTO `spawn_group` (`Id`, `Name`, `Type`, `MaxCount`, `WorldState`, `Flags`) VALUES
(@SGUID + 006, 'The Hinterlands - Stranglekelp (1) Herb 006', 1, 1, 0, 0);

INSERT INTO `spawn_group_spawn` (`Id`, `Guid`, `SlotId`) VALUES
(@SGUID + 006, @OGUID + 060, -1),
(@SGUID + 006, @OGUID + 061, -1),
(@SGUID + 006, @OGUID + 062, -1),
(@SGUID + 006, @OGUID + 063, -1);

INSERT INTO `spawn_group_entry` (`Id`, `Entry`, `MinCount`, `MaxCount`, `Chance`) VALUES
(@SGUID + 006, 2045, 0, 0, 0);

-- ----------------------------------------------------------------------------------------------------------------------------------------------------------------------------------------------------------------

INSERT INTO `gameobject` (`guid`, `id`, `map`, `spawnMask`, `position_x`, `position_y`, `position_z`, `orientation`, `rotation0`, `rotation1`, `rotation2`, `rotation3`, `spawntimesecsmin`, `spawntimesecsmax`) VALUES
(@OGUID + 070, 0, 0, 1, -599.361877441406250, -4761.99462890625, -25.7425765991210937, 3.839725255966186523, 0, 0, -0.93969249725341796, 0.342020452022552490, 300, 600),
(@OGUID + 071, 0, 0, 1, -767.499023437500000, -4750.79150390625, -26.6320171356201171, 3.054326534271240234, 0, 0, 0.999048233032226562, 0.043619260191917419, 300, 600),
(@OGUID + 072, 0, 0, 1, -833.712646484375000, -4680.06103515625, -42.3456916809082031, 0.418878614902496337, 0, 0, 0.207911491394042968, 0.978147625923156738, 300, 600),
(@OGUID + 073, 0, 0, 1, -833.938293457031250, -4549.03613281250, -40.7903213500976562, 3.438302755355834960, 0, 0, -0.98901557922363281, 0.147811368107795715, 300, 600);

INSERT INTO `spawn_group` (`Id`, `Name`, `Type`, `MaxCount`, `WorldState`, `Flags`) VALUES
(@SGUID + 007, 'The Hinterlands - Stranglekelp (1) Herb 007', 1, 1, 0, 0);

INSERT INTO `spawn_group_spawn` (`Id`, `Guid`, `SlotId`) VALUES
(@SGUID + 007, @OGUID + 070, -1),
(@SGUID + 007, @OGUID + 071, -1),
(@SGUID + 007, @OGUID + 072, -1),
(@SGUID + 007, @OGUID + 073, -1);

INSERT INTO `spawn_group_entry` (`Id`, `Entry`, `MinCount`, `MaxCount`, `Chance`) VALUES
(@SGUID + 007, 2045, 0, 0, 0);
