
/*
03 09 11 15 25 31
02 10 17 19 27 32
05 06 12 20 26 33
04 09 15 21 24 28
02 04 09 21 22 31
01 10 20 21 23 29
02 09 13 20 23 30
04 08 13 15 25 32
05 08 12 20 25 32
10 12 18 19 23 28
01 03 07 11 23 28
02 03 07 14 24 30
08 15 19 20 22 28
05 08 12 18 22 28
03 10 16 19 26 31
03 06 16 21 23 33
-- --------------
28 29 30 31 32 33
22 23 24 25 26 27
05 11 13 14 19 21
06 07 08 09 10
03 04 17 18 20
01 02 12 15 16
*/

-- ----------------------------------------------------------------------------------------------------------------------------------------------------------------------------------------------------------------

DELETE FROM `gameobject` WHERE (`guid` IN (16449, 16450, 16453, 16454, 16462, 16463, 16472, 16476, 16477, 16479, 16482, 16497, 16499, 16503, 16504, 16521, 16526, 16527, 29687,
32106, 32304, 32309, 32758, 35307, 39997, 63202, 87625));
DELETE FROM `pool_gameobject` WHERE (`guid` IN (16449, 16450, 16453, 16454, 16462, 16463, 16472, 16476, 16477, 16479, 16482, 16497, 16499, 16503, 16504, 16521, 16526, 16527, 29687,
32106, 32304, 32309, 32758, 35307, 39997, 63202, 87625));
DELETE FROM `pool_template` WHERE (`entry` IN (8032, 8035, 8038, 8041));

SET @OGUID := 141280;
SET @SGUID := 331;

-- ----------------------------------------------------------------------------------------------------------------------------------------------------------------------------------------------------------------

INSERT INTO `gameobject` (`guid`, `id`, `map`, `spawnMask`, `position_x`, `position_y`, `position_z`, `orientation`, `rotation0`, `rotation1`, `rotation2`, `rotation3`, `spawntimesecsmin`, `spawntimesecsmax`) VALUES
(@OGUID + 000, 0, 0, 1, -11872.9013671875, -3162.183837890625, -26.6012363433837890, 0.733038187026977539, 0, 0, 0.358367919921875000, 0.933580458164215087, 300, 600),
(@OGUID + 001, 0, 0, 1, -11833.3037109375, -3117.834716796875, -24.8100547790527343, 1.954769015312194824, 0, 0, 0.829037666320800781, 0.559192776679992675, 300, 600),
(@OGUID + 002, 0, 0, 1, -11755.8144531250, -3155.148437500000, -19.2049827575683593, 4.118979454040527343, 0, 0, -0.88294696807861328, 0.469472706317901611, 300, 600),
(@OGUID + 003, 0, 0, 1, -11785.9384765625, -3237.880615234375, -24.6382923126220703, 3.228858947753906250, 0, 0, -0.99904823303222656, 0.043619260191917419, 300, 600),
(@OGUID + 004, 0, 0, 1, -11835.8115234375, -3261.028564453125, -25.5812797546386718, 3.735006093978881835, 0, 0, -0.95630455017089843, 0.292372345924377441, 300, 600),
(@OGUID + 005, 0, 0, 1, -11813.0644531250, -3189.118896484375, -30.6490783691406250, 4.520402908325195312, 0, 0, -0.77162456512451171, 0.636078238487243652, 300, 600);

INSERT INTO `spawn_group` (`Id`, `Name`, `Type`, `MaxCount`, `WorldState`, `Flags`) VALUES
(@SGUID + 000, 'Blasted Lands - Gromsblood (1) Herb 000', 1, 1, 0, 0);

INSERT INTO `spawn_group_spawn` (`Id`, `Guid`, `SlotId`) VALUES
(@SGUID + 000, @OGUID + 000, -1),
(@SGUID + 000, @OGUID + 001, -1),
(@SGUID + 000, @OGUID + 002, -1),
(@SGUID + 000, @OGUID + 003, -1),
(@SGUID + 000, @OGUID + 004, -1),
(@SGUID + 000, @OGUID + 005, -1);

INSERT INTO `spawn_group_entry` (`Id`, `Entry`, `MinCount`, `MaxCount`, `Chance`) VALUES
(@SGUID + 000, 142145, 0, 0, 0);

-- ----------------------------------------------------------------------------------------------------------------------------------------------------------------------------------------------------------------

INSERT INTO `gameobject` (`guid`, `id`, `map`, `spawnMask`, `position_x`, `position_y`, `position_z`, `orientation`, `rotation0`, `rotation1`, `rotation2`, `rotation3`, `spawntimesecsmin`, `spawntimesecsmax`) VALUES
(@OGUID + 010, 0, 0, 1, -11811.1425781250, -3047.593505859375, 9.713631629943847656, 2.234017848968505859, 0, 0, 0.898793220520019531, 0.438372820615768432, 300, 600),
(@OGUID + 011, 0, 0, 1, -11710.5000000000, -3100.647705078125, 15.19475269317626953, 0.366517573595046997, 0, 0, 0.182234764099121093, 0.983255028724670410, 300, 600),
(@OGUID + 012, 0, 0, 1, -11685.4863281250, -3147.741699218750, 14.26163578033447265, 5.986480236053466796, 0, 0, -0.14780902862548828, 0.989015936851501464, 300, 600),
(@OGUID + 013, 0, 0, 1, -11688.5126953125, -3211.318603515625, 11.87065601348876953, 5.270895957946777343, 0, 0, -0.48480892181396484, 0.874620079994201660, 300, 600),
(@OGUID + 014, 0, 0, 1, -11731.9814453125, -3298.923095703125, 9.420804023742675781, 2.652894020080566406, 0, 0, 0.970294952392578125, 0.241925001144409179, 300, 600),
(@OGUID + 015, 0, 0, 1, -11812.4277343750, -3346.550048828125, 5.489951133728027343, 4.188792228698730468, 0, 0, -0.86602497100830078, 0.500000774860382080, 300, 600);

INSERT INTO `spawn_group` (`Id`, `Name`, `Type`, `MaxCount`, `WorldState`, `Flags`) VALUES
(@SGUID + 001, 'Blasted Lands - Gromsblood (1) Herb 001', 1, 1, 0, 0);

INSERT INTO `spawn_group_spawn` (`Id`, `Guid`, `SlotId`) VALUES
(@SGUID + 001, @OGUID + 010, -1),
(@SGUID + 001, @OGUID + 011, -1),
(@SGUID + 001, @OGUID + 012, -1),
(@SGUID + 001, @OGUID + 013, -1),
(@SGUID + 001, @OGUID + 014, -1),
(@SGUID + 001, @OGUID + 015, -1);

INSERT INTO `spawn_group_entry` (`Id`, `Entry`, `MinCount`, `MaxCount`, `Chance`) VALUES
(@SGUID + 001, 142145, 0, 0, 0);

-- ----------------------------------------------------------------------------------------------------------------------------------------------------------------------------------------------------------------

INSERT INTO `gameobject` (`guid`, `id`, `map`, `spawnMask`, `position_x`, `position_y`, `position_z`, `orientation`, `rotation0`, `rotation1`, `rotation2`, `rotation3`, `spawntimesecsmin`, `spawntimesecsmax`) VALUES
(@OGUID + 020, 0, 0, 1, -11403.9492187500, -2774.710937500000, 2.908569097518920898, 4.031712055206298828, 0, 0, -0.90258502960205078, 0.430511653423309326, 300, 600),
(@OGUID + 021, 0, 0, 1, -11515.9472656250, -2783.262207031250, 0.843734979629516601, 5.951574802398681640, 0, 0, -0.16504669189453125, 0.986285746097564697, 300, 600),
(@OGUID + 022, 0, 0, 1, -11686.5595703125, -2854.751220703125, 3.788711071014404296, 1.832594871520996093, 0, 0, 0.793353080749511718, 0.608761727809906005, 300, 600),
(@OGUID + 023, 0, 0, 1, -11426.7792968750, -3023.333007812500, 1.122681021690368652, 3.159062385559082031, 0, 0, -0.99996185302734375, 0.008734640665352344, 300, 600),
(@OGUID + 024, 0, 0, 1, -11365.7001953125, -3225.412109375000, 9.864615440368652343, 4.974189758300781250, 0, 0, -0.60876083374023437, 0.793353796005249023, 300, 600),
(@OGUID + 025, 0, 0, 1, -11524.3193359375, -3333.025146484375, 13.68373203277587890, 0.855210542678833007, 0, 0, 0.414692878723144531, 0.909961462020874023, 300, 600);

INSERT INTO `spawn_group` (`Id`, `Name`, `Type`, `MaxCount`, `WorldState`, `Flags`) VALUES
(@SGUID + 002, 'Blasted Lands - Gromsblood (1) Herb 002', 1, 1, 0, 0);

INSERT INTO `spawn_group_spawn` (`Id`, `Guid`, `SlotId`) VALUES
(@SGUID + 002, @OGUID + 020, -1),
(@SGUID + 002, @OGUID + 021, -1),
(@SGUID + 002, @OGUID + 022, -1),
(@SGUID + 002, @OGUID + 023, -1),
(@SGUID + 002, @OGUID + 024, -1),
(@SGUID + 002, @OGUID + 025, -1);

INSERT INTO `spawn_group_entry` (`Id`, `Entry`, `MinCount`, `MaxCount`, `Chance`) VALUES
(@SGUID + 002, 142145, 0, 0, 0);

-- ----------------------------------------------------------------------------------------------------------------------------------------------------------------------------------------------------------------

INSERT INTO `gameobject` (`guid`, `id`, `map`, `spawnMask`, `position_x`, `position_y`, `position_z`, `orientation`, `rotation0`, `rotation1`, `rotation2`, `rotation3`, `spawntimesecsmin`, `spawntimesecsmax`) VALUES
(@OGUID + 030, 0, 0, 1, -11451.0986328125, -2646.918457031250, 22.77240943908691406, 0.872663915157318115, 0, 0, 0.422617912292480468, 0.906307935714721679, 300, 600),
(@OGUID + 031, 0, 0, 1, -11387.2109375000, -2577.011962890625, 70.59336090087890625, 1.448621988296508789, 0, 0, 0.662619590759277343, 0.748956084251403808, 300, 600),
(@OGUID + 032, 0, 0, 1, -11312.9355468750, -2585.172363281250, 91.79886627197265625, 4.799657344818115234, 0, 0, -0.67558956146240234, 0.737277925014495849, 300, 600),
(@OGUID + 033, 0, 0, 1, -11245.8701171875, -2590.921386718750, 91.34803771972656250, 0.226892471313476562, 0, 0, 0.113203048706054687, 0.993571877479553222, 300, 600),
(@OGUID + 034, 0, 0, 1, -11214.0927734375, -2547.680419921875, 100.0989837646484375, 1.745326757431030273, 0, 0, 0.766043663024902343, 0.642788589000701904, 300, 600);

INSERT INTO `spawn_group` (`Id`, `Name`, `Type`, `MaxCount`, `WorldState`, `Flags`) VALUES
(@SGUID + 003, 'Blasted Lands - Gromsblood (1) Herb 003', 1, 1, 0, 0);

INSERT INTO `spawn_group_spawn` (`Id`, `Guid`, `SlotId`) VALUES
(@SGUID + 003, @OGUID + 030, -1),
(@SGUID + 003, @OGUID + 031, -1),
(@SGUID + 003, @OGUID + 032, -1),
(@SGUID + 003, @OGUID + 033, -1),
(@SGUID + 003, @OGUID + 034, -1);

INSERT INTO `spawn_group_entry` (`Id`, `Entry`, `MinCount`, `MaxCount`, `Chance`) VALUES
(@SGUID + 003, 142145, 0, 0, 0);

-- ----------------------------------------------------------------------------------------------------------------------------------------------------------------------------------------------------------------

INSERT INTO `gameobject` (`guid`, `id`, `map`, `spawnMask`, `position_x`, `position_y`, `position_z`, `orientation`, `rotation0`, `rotation1`, `rotation2`, `rotation3`, `spawntimesecsmin`, `spawntimesecsmax`) VALUES
(@OGUID + 040, 0, 0, 1, -11214.9189453125, -2946.364257812500, 9.606798171997070312, 3.752462387084960937, 0, 0, -0.95371627807617187, 0.300707906484603881, 300, 600),
(@OGUID + 041, 0, 0, 1, -11264.6054687500, -2726.895019531250, 11.61906147003173828, 4.345870018005371093, 0, 0, -0.82412624359130859, 0.566406130790710449, 300, 600),
(@OGUID + 042, 0, 0, 1, -11157.5683593750, -3246.660644531250, 8.253171920776367187, 0.872663915157318115, 0, 0, 0.422617912292480468, 0.906307935714721679, 300, 600),
(@OGUID + 043, 0, 0, 1, -11254.9970703125, -3132.797851562500, 2.850677967071533203, 5.393068790435791015, 0, 0, -0.43051052093505859, 0.902585566043853759, 300, 600),
(@OGUID + 044, 0, 0, 1, -11281.9238281250, -3380.868896484375, 8.114605903625488281, 1.972219824790954589, 0, 0, 0.833885192871093750, 0.551937937736511230, 300, 600);

INSERT INTO `spawn_group` (`Id`, `Name`, `Type`, `MaxCount`, `WorldState`, `Flags`) VALUES
(@SGUID + 004, 'Blasted Lands - Gromsblood (1) Herb 004', 1, 1, 0, 0);

INSERT INTO `spawn_group_spawn` (`Id`, `Guid`, `SlotId`) VALUES
(@SGUID + 004, @OGUID + 040, -1),
(@SGUID + 004, @OGUID + 041, -1),
(@SGUID + 004, @OGUID + 042, -1),
(@SGUID + 004, @OGUID + 043, -1),
(@SGUID + 004, @OGUID + 044, -1);

INSERT INTO `spawn_group_entry` (`Id`, `Entry`, `MinCount`, `MaxCount`, `Chance`) VALUES
(@SGUID + 004, 142145, 0, 0, 0);

-- ----------------------------------------------------------------------------------------------------------------------------------------------------------------------------------------------------------------

INSERT INTO `gameobject` (`guid`, `id`, `map`, `spawnMask`, `position_x`, `position_y`, `position_z`, `orientation`, `rotation0`, `rotation1`, `rotation2`, `rotation3`, `spawntimesecsmin`, `spawntimesecsmax`) VALUES
(@OGUID + 050, 0, 0, 1, -10915.7900390625, -2889.211914062500, 12.76667690277099609, 3.298687219619750976, 0, 0, -0.99691677093505859, 0.078466430306434631, 300, 600),
(@OGUID + 051, 0, 0, 1, -11010.6074218750, -2749.528564453125, 4.650639057159423828, 2.635444164276123046, 0, 0, 0.968147277832031250, 0.250381410121917724, 300, 600),
(@OGUID + 052, 0, 0, 1, -11496.0400390625, -2852.532714843750, 4.984118938446044921, 5.218535900115966796, 0, 0, -0.50753784179687500, 0.861629426479339599, 300, 600),
(@OGUID + 053, 0, 0, 1, -11373.2412109375, -3043.340576171875, -4.55976581573486328, 5.742135047912597656, 0, 0, -0.26723766326904296, 0.963630676269531250, 300, 600),
(@OGUID + 054, 0, 0, 1, -11068.3984375000, -3137.586425781250, 45.78226470947265625, 0.471238493919372558, 0, 0, 0.233445167541503906, 0.972369968891143798, 300, 600);

INSERT INTO `spawn_group` (`Id`, `Name`, `Type`, `MaxCount`, `WorldState`, `Flags`) VALUES
(@SGUID + 005, 'Blasted Lands - Gromsblood (1) Herb 005', 1, 1, 0, 0);

INSERT INTO `spawn_group_spawn` (`Id`, `Guid`, `SlotId`) VALUES
(@SGUID + 005, @OGUID + 050, -1),
(@SGUID + 005, @OGUID + 051, -1),
(@SGUID + 005, @OGUID + 052, -1),
(@SGUID + 005, @OGUID + 053, -1),
(@SGUID + 005, @OGUID + 054, -1);

INSERT INTO `spawn_group_entry` (`Id`, `Entry`, `MinCount`, `MaxCount`, `Chance`) VALUES
(@SGUID + 005, 142145, 0, 0, 0);
