
/*
01 09 16 21 25 32 36 39
01 06 14 20 27 29 30 42
03 08 12 20 25 28 36 40
03 11 13 20 24 30 32 42
02 10 13 20 27 32 36 41
03 06 13 19 26 28 36 40
03 08 14 19 25 28 36 42
02 08 16 18 26 30 33 41
01 11 14 21 23 30 32 42
02 06 13 21 24 29 31 39
01 08 13 18 23 32 35 39
01 06 15 20 27 35 38 42
02 08 16 20 27 29 30 39
03 11 15 19 23 33 35 42
04 08 12 19 26 29 35 39
04 09 16 21 24 33 37 40
05 10 12 18 27 29 34 39
04 08 12 21 27 33 35 39
04 07 12 17 27 33 35 39
04 11 12 22 26 35 38 39
-- -----------
01 02 03 04 05
06 07 08 09 10 11
12 13 14 15 16
17 18 19 20 21 22
23 24 25 26 27
30 31 34 35 36 37
28 29 32 33 38
39 40 41 42
*/

SET @OGUID := 141480;
SET @SGUID := 344;

-- ----------------------------------------------------------------------------------------------------------------------------------------------------------------------------------------------------------------

DELETE FROM `gameobject` WHERE (`guid` IN (74302, 74307, 74312, 74317, 74322, 74327, 74332, 74337, 74342, 74347, 74352, 74362, 74367, 74372, 74377, 74382, 74387, 74392, 74397, 74402, 74407, 74412, 74417,
74422, 74427, 74432, 74437, 74442, 74447, 74452, 74457, 74462, 74467, 74472, 74477, 74482, 74487, 74492, 74497, 74502, 74507, 74512, 74522, 74527, 74542, 74547, 74552, 74577, 74592, 74597, 74602, 74607,
74622, 74627, 74632, 74652, 74657, 74662, 74667, 74687, 74692, 74697, 74712, 74717, 74722, 74727, 74732, 78854));
DELETE FROM `pool_gameobject` WHERE (`guid` IN (74302, 74307, 74312, 74317, 74322, 74327, 74332, 74337, 74342, 74347, 74352, 74362, 74367, 74372, 74377, 74382, 74387, 74392, 74397, 74402, 74407, 74412, 74417,
74422, 74427, 74432, 74437, 74442, 74447, 74452, 74457, 74462, 74467, 74472, 74477, 74482, 74487, 74492, 74497, 74502, 74507, 74512, 74522, 74527, 74542, 74547, 74552, 74577, 74592, 74597, 74602, 74607,
74622, 74627, 74632, 74652, 74657, 74662, 74667, 74687, 74692, 74697, 74712, 74717, 74722, 74727, 74732, 78854));

DELETE FROM `gameobject` WHERE (`guid` IN (74304, 74309, 74314, 74319, 74324, 74329, 74334, 74339, 74344, 74349, 74354, 74364, 74369, 74374, 74379, 74384, 74389, 74394, 74399, 74404, 74409, 74414, 74419,
74424, 74429, 74434, 74439, 74444, 74449, 74454, 74459, 74464, 74469, 74474, 74479, 74484, 74489, 74494, 74499, 74504, 74509, 74514, 74524, 74529, 74544, 74549, 74554, 74579, 74594, 74599, 74604, 74609,
74624, 74629, 74634, 74654, 74659, 74664, 74669, 74689, 74694, 74699, 74714, 74719, 74724, 74729, 74734, 78855));
DELETE FROM `pool_gameobject` WHERE (`guid` IN (74304, 74309, 74314, 74319, 74324, 74329, 74334, 74339, 74344, 74349, 74354, 74364, 74369, 74374, 74379, 74384, 74389, 74394, 74399, 74404, 74409, 74414, 74419,
74424, 74429, 74434, 74439, 74444, 74449, 74454, 74459, 74464, 74469, 74474, 74479, 74484, 74489, 74494, 74499, 74504, 74509, 74514, 74524, 74529, 74544, 74549, 74554, 74579, 74594, 74599, 74604, 74609,
74624, 74629, 74634, 74654, 74659, 74664, 74669, 74689, 74694, 74699, 74714, 74719, 74724, 74729, 74734, 78855));

DELETE FROM `pool_template` WHERE (`entry` IN (2376, 2377, 2378, 2379, 2380, 2381, 2382, 2383, 2384, 2385, 2386, 2387, 2388, 2389, 2390, 2391, 2392, 2393, 2394, 2395, 2396, 2397, 2398, 2399, 2400, 2401,
2402, 2403, 2404, 2405, 2406, 2407, 6130, 6132, 6133, 6134, 6139, 6141, 6142, 6143, 6144, 6145, 6146, 6147, 6148, 6149, 6151, 6152, 6153, 6154, 6155, 6156, 6157, 6159, 6161, 6162, 6163, 6164, 6172, 6174,
6175, 6176, 6177, 6178, 6179, 6181, 6182, 6183, 6184, 6185, 6186, 6191, 6192, 6193, 6194, 6195, 6196, 6197, 6199, 6200, 6201, 6203, 6204, 6206, 6209, 6210, 6213, 6214, 6216, 6220, 6222, 6226, 6227, 6228,
6231, 6234, 6237));

-- ----------------------------------------------------------------------------------------------------------------------------------------------------------------------------------------------------------------

INSERT INTO `gameobject` (`guid`, `id`, `map`, `spawnMask`, `position_x`, `position_y`, `position_z`, `orientation`, `rotation0`, `rotation1`, `rotation2`, `rotation3`, `spawntimesecsmin`, `spawntimesecsmax`) VALUES
(@OGUID + 00, 0, 0, 1, 2102.23779296875, -4264.88330078125, 25.10010337829589843, 3.717553615570068359, 0, 0, -0.95881938934326171, 0.284016460180282592, 900, 1800),
(@OGUID + 01, 0, 0, 1, 2145.7880859375, -4311.38818359375, 23.19872093200683593, 2.460912704467773437, 0, 0, 0.942641258239746093, 0.333807557821273803, 900, 1800),
(@OGUID + 02, 0, 0, 1, 2129.134765625, -4399.7783203125, 28.48009681701660156, 3.368495941162109375, 0, 0, -0.99357128143310546, 0.113208353519439697, 900, 1800),
(@OGUID + 03, 0, 0, 1, 2069.04345703125, -4418.1708984375, 22.56421470642089843, 0.541050612926483154, 0, 0, 0.267237663269042968, 0.96363067626953125, 900, 1800),
(@OGUID + 04, 0, 0, 1, 2013.3099365234375, -4387.05126953125, 29.45978546142578125, 3.263772249221801757, 0, 0, -0.99813461303710937, 0.061051756143569946, 900, 1800),
(@OGUID + 05, 0, 0, 1, 1958.603271484375, -4320.35986328125, 24.79322242736816406, 5.95157480239868164, 0, 0, -0.16504669189453125, 0.986285746097564697, 900, 1800);

INSERT INTO `spawn_group` (`Id`, `Name`, `Type`, `MaxCount`, `WorldState`, `Flags`) VALUES
(@SGUID + 00, 'Eastern Plaguelands - Rich Thorium Vein | Truesilver Deposit (1) Ore 000', '1', '1', '0', '0');

INSERT INTO `spawn_group_spawn` (`Id`, `Guid`, `SlotId`) VALUES
(@SGUID + 00, @OGUID + 00, '-1'),
(@SGUID + 00, @OGUID + 01, '-1'),
(@SGUID + 00, @OGUID + 02, '-1'),
(@SGUID + 00, @OGUID + 03, '-1'),
(@SGUID + 00, @OGUID + 04, '-1'),
(@SGUID + 00, @OGUID + 05, '-1');

INSERT INTO `spawn_group_entry` (`Id`, `Entry`, `MinCount`, `MaxCount`, `Chance`) VALUES
(@SGUID + 00, '175404', '0', '0', '0'),
(@SGUID + 00, '2047', '0', '0', '5');

-- ----------------------------------------------------------------------------------------------------------------------------------------------------------------------------------------------------------------

INSERT INTO `gameobject` (`guid`, `id`, `map`, `spawnMask`, `position_x`, `position_y`, `position_z`, `orientation`, `rotation0`, `rotation1`, `rotation2`, `rotation3`, `spawntimesecsmin`, `spawntimesecsmax`) VALUES
(@OGUID + 10, 0, 0, 1, 2166.5751953125, -4987.37939453125, 56.65990066528320312, 4.1538848876953125, 0, 0, -0.8746194839477539, 0.484810054302215576, 900, 1800),
(@OGUID + 11, 0, 0, 1, 2233.68017578125, -5041.2021484375, 58.33133316040039062, 0.122172988951206207, 0, 0, 0.061048507690429687, 0.998134791851043701, 900, 1800),
(@OGUID + 12, 0, 0, 1, 2300.420654296875, -5140.92626953125, 56.74840164184570312, 5.881760597229003906, 0, 0, -0.19936752319335937, 0.979924798011779785, 900, 1800),
(@OGUID + 13, 0, 0, 1, 2216.45263671875, -5171.1240234375, 55.04404830932617187, 4.852017402648925781, 0, 0, -0.65605831146240234, 0.754710197448730468, 900, 1800),
(@OGUID + 14, 0, 0, 1, 2139.888427734375, -5152.19482421875, 59.93617630004882812, 1.431168079376220703, 0, 0, 0.656058311462402343, 0.754710197448730468, 900, 1800),
(@OGUID + 15, 0, 0, 1, 2066.885009765625, -5049.99169921875, 54.27464675903320312, 6.265733242034912109, 0, 0, -0.00872611999511718, 0.999961912631988525, 900, 1800);

INSERT INTO `spawn_group` (`Id`, `Name`, `Type`, `MaxCount`, `WorldState`, `Flags`) VALUES
(@SGUID + 01, 'Eastern Plaguelands - Rich Thorium Vein | Truesilver Deposit (1) Ore 001', '1', '1', '0', '0');

INSERT INTO `spawn_group_spawn` (`Id`, `Guid`, `SlotId`) VALUES
(@SGUID + 01, @OGUID + 10, '-1'),
(@SGUID + 01, @OGUID + 11, '-1'),
(@SGUID + 01, @OGUID + 12, '-1'),
(@SGUID + 01, @OGUID + 13, '-1'),
(@SGUID + 01, @OGUID + 14, '-1'),
(@SGUID + 01, @OGUID + 15, '-1');

INSERT INTO `spawn_group_entry` (`Id`, `Entry`, `MinCount`, `MaxCount`, `Chance`) VALUES
(@SGUID + 01, '175404', '0', '0', '0'),
(@SGUID + 01, '2047', '0', '0', '5');

-- ----------------------------------------------------------------------------------------------------------------------------------------------------------------------------------------------------------------

INSERT INTO `gameobject` (`guid`, `id`, `map`, `spawnMask`, `position_x`, `position_y`, `position_z`, `orientation`, `rotation0`, `rotation1`, `rotation2`, `rotation3`, `spawntimesecsmin`, `spawntimesecsmax`) VALUES
(@OGUID + 20, 0, 0, 1, 2748.3837890625, -4846.43994140625, 87.57086181640625, 0.977383077144622802, 0, 0, 0.469470977783203125, 0.882947921752929687, 900, 1800),
(@OGUID + 21, 0, 0, 1, 2806.2890625, -4762.34716796875, 88.88565826416015625, 5.445427894592285156, 0, 0, -0.40673637390136718, 0.913545548915863037, 900, 1800),
(@OGUID + 22, 0, 0, 1, 2974.503173828125, -4683.65625, 109.4944000244140625, 1.448621988296508789, 0, 0, 0.662619590759277343, 0.748956084251403808, 900, 1800),
(@OGUID + 23, 0, 0, 1, 3027.02587890625, -4576.48193359375, 117.6605224609375, 5.201082706451416015, 0, 0, -0.51503753662109375, 0.857167601585388183, 900, 1800),
(@OGUID + 24, 0, 0, 1, 3093.264404296875, -4309.64794921875, 110.2749710083007812, 1.274088263511657714, 0, 0, 0.594821929931640625, 0.80385744571685791, 900, 1800),
(@OGUID + 25, 0, 0, 1, 3145.159423828125, -4577.05224609375, 122.3434219360351562, 0.034906249493360519, 0, 0, 0.017452239990234375, 0.999847710132598876, 900, 1800);

INSERT INTO `spawn_group` (`Id`, `Name`, `Type`, `MaxCount`, `WorldState`, `Flags`) VALUES
(@SGUID + 02, 'Eastern Plaguelands - Rich Thorium Vein | Truesilver Deposit (1) Ore 002', '1', '1', '0', '0');

INSERT INTO `spawn_group_spawn` (`Id`, `Guid`, `SlotId`) VALUES
(@SGUID + 02, @OGUID + 20, '-1'),
(@SGUID + 02, @OGUID + 21, '-1'),
(@SGUID + 02, @OGUID + 22, '-1'),
(@SGUID + 02, @OGUID + 23, '-1'),
(@SGUID + 02, @OGUID + 24, '-1'),
(@SGUID + 02, @OGUID + 25, '-1');

INSERT INTO `spawn_group_entry` (`Id`, `Entry`, `MinCount`, `MaxCount`, `Chance`) VALUES
(@SGUID + 02, '175404', '0', '0', '0'),
(@SGUID + 02, '2047', '0', '0', '5');

-- ----------------------------------------------------------------------------------------------------------------------------------------------------------------------------------------------------------------

INSERT INTO `gameobject` (`guid`, `id`, `map`, `spawnMask`, `position_x`, `position_y`, `position_z`, `orientation`, `rotation0`, `rotation1`, `rotation2`, `rotation3`, `spawntimesecsmin`, `spawntimesecsmax`) VALUES
(@OGUID + 30, 0, 0, 1, 2350.802001953125, -3592.835205078125, 180.112762451171875, 1.692969322204589843, 0, 0, 0.748955726623535156, 0.662620067596435546, 900, 1800),
(@OGUID + 31, 0, 0, 1, 2486.75439453125, -3615.954345703125, 187.8373870849609375, 0.698131442070007324, 0, 0, 0.342020034790039062, 0.939692676067352294, 900, 1800),
(@OGUID + 32, 0, 0, 1, 2581.587158203125, -3742.3056640625, 185.10064697265625, 2.879789113998413085, 0, 0, 0.991444587707519531, 0.130528271198272705, 900, 1800),
(@OGUID + 33, 0, 0, 1, 2482.734130859375, -3862.864990234375, 182.90106201171875, 4.799657344818115234, 0, 0, -0.67558956146240234, 0.737277925014495849, 900, 1800),
(@OGUID + 34, 0, 0, 1, 2372.41748046875, -3797.15185546875, 187.3764190673828125, 3.90954136848449707, 0, 0, -0.92718315124511718, 0.37460830807685852, 900, 1800);

INSERT INTO `spawn_group` (`Id`, `Name`, `Type`, `MaxCount`, `WorldState`, `Flags`) VALUES
(@SGUID + 03, 'Eastern Plaguelands - Rich Thorium Vein | Truesilver Deposit (1) Ore 003', '1', '1', '0', '0');

INSERT INTO `spawn_group_spawn` (`Id`, `Guid`, `SlotId`) VALUES
(@SGUID + 03, @OGUID + 30, '-1'),
(@SGUID + 03, @OGUID + 31, '-1'),
(@SGUID + 03, @OGUID + 32, '-1'),
(@SGUID + 03, @OGUID + 33, '-1'),
(@SGUID + 03, @OGUID + 34, '-1');

INSERT INTO `spawn_group_entry` (`Id`, `Entry`, `MinCount`, `MaxCount`, `Chance`) VALUES
(@SGUID + 03, '175404', '0', '0', '0'),
(@SGUID + 03, '2047', '0', '0', '5');

-- ----------------------------------------------------------------------------------------------------------------------------------------------------------------------------------------------------------------

INSERT INTO `gameobject` (`guid`, `id`, `map`, `spawnMask`, `position_x`, `position_y`, `position_z`, `orientation`, `rotation0`, `rotation1`, `rotation2`, `rotation3`, `spawntimesecsmin`, `spawntimesecsmax`) VALUES
(@OGUID + 40, 0, 0, 1, 1782.0367431640625, -5235.03515625, 102.9293899536132812, 1.134462952613830566, 0, 0, 0.537299156188964843, 0.843391716480255126, 900, 1800),
(@OGUID + 41, 0, 0, 1, 1879.15673828125, -5459.38720703125, 118.9153366088867187, 4.502951622009277343, 0, 0, -0.7771453857421875, 0.629321098327636718, 900, 1800),
(@OGUID + 42, 0, 0, 1, 1736.9683837890625, -5562.36376953125, 117.916656494140625, 4.694936752319335937, 0, 0, -0.71325016021728515, 0.700909554958343505, 900, 1800),
(@OGUID + 43, 0, 0, 1, 1590.5220947265625, -5458.255859375, 104.9588623046875, 1.169368624687194824, 0, 0, 0.551936149597167968, 0.833886384963989257, 900, 1800),
(@OGUID + 44, 0, 0, 1, 1534.4078369140625, -5413.83349609375, 89.19014739990234375, 4.328419685363769531, 0, 0, -0.82903671264648437, 0.559194147586822509, 900, 1800);

INSERT INTO `spawn_group` (`Id`, `Name`, `Type`, `MaxCount`, `WorldState`, `Flags`) VALUES
(@SGUID + 04, 'Eastern Plaguelands - Rich Thorium Vein | Truesilver Deposit (1) Ore 004', '1', '1', '0', '0');

INSERT INTO `spawn_group_spawn` (`Id`, `Guid`, `SlotId`) VALUES
(@SGUID + 04, @OGUID + 40, '-1'),
(@SGUID + 04, @OGUID + 41, '-1'),
(@SGUID + 04, @OGUID + 42, '-1'),
(@SGUID + 04, @OGUID + 43, '-1'),
(@SGUID + 04, @OGUID + 44, '-1');

INSERT INTO `spawn_group_entry` (`Id`, `Entry`, `MinCount`, `MaxCount`, `Chance`) VALUES
(@SGUID + 04, '175404', '0', '0', '0'),
(@SGUID + 04, '2047', '0', '0', '5');

-- ----------------------------------------------------------------------------------------------------------------------------------------------------------------------------------------------------------------

INSERT INTO `gameobject` (`guid`, `id`, `map`, `spawnMask`, `position_x`, `position_y`, `position_z`, `orientation`, `rotation0`, `rotation1`, `rotation2`, `rotation3`, `spawntimesecsmin`, `spawntimesecsmax`) VALUES
(@OGUID + 50, 0, 0, 1, 2864.451904296875, -5423.4931640625, 173.8129730224609375, 5.305802345275878906, 0, 0, -0.46947097778320312, 0.882947921752929687, 900, 1800),
(@OGUID + 51, 0, 0, 1, 2733.8486328125, -5332.8662109375, 164.4870147705078125, 2.530723094940185546, 0, 0, 0.953716278076171875, 0.300707906484603881, 900, 1800),
(@OGUID + 52, 0, 0, 1, 2636.651123046875, -5313.66650390625, 167.4674835205078125, 4.258606910705566406, 0, 0, -0.84804725646972656, 0.529920578002929687, 900, 1800),
(@OGUID + 53, 0, 0, 1, 2583.73291015625, -5453.4697265625, 167.7483367919921875, 2.303830623626708984, 0, 0, 0.913544654846191406, 0.406738430261611938, 900, 1800),
(@OGUID + 54, 0, 0, 1, 2667.06201171875, -5584.0712890625, 166.330291748046875, 1.169368624687194824, 0, 0, 0.551936149597167968, 0.833886384963989257, 900, 1800);

INSERT INTO `spawn_group` (`Id`, `Name`, `Type`, `MaxCount`, `WorldState`, `Flags`) VALUES
(@SGUID + 05, 'Eastern Plaguelands - Rich Thorium Vein | Truesilver Deposit (1) Ore 005', '1', '1', '0', '0');

INSERT INTO `spawn_group_spawn` (`Id`, `Guid`, `SlotId`) VALUES
(@SGUID + 05, @OGUID + 50, '-1'),
(@SGUID + 05, @OGUID + 51, '-1'),
(@SGUID + 05, @OGUID + 52, '-1'),
(@SGUID + 05, @OGUID + 53, '-1'),
(@SGUID + 05, @OGUID + 54, '-1');

INSERT INTO `spawn_group_entry` (`Id`, `Entry`, `MinCount`, `MaxCount`, `Chance`) VALUES
(@SGUID + 05, '175404', '0', '0', '0'),
(@SGUID + 05, '2047', '0', '0', '5');

-- ----------------------------------------------------------------------------------------------------------------------------------------------------------------------------------------------------------------

INSERT INTO `gameobject` (`guid`, `id`, `map`, `spawnMask`, `position_x`, `position_y`, `position_z`, `orientation`, `rotation0`, `rotation1`, `rotation2`, `rotation3`, `spawntimesecsmin`, `spawntimesecsmax`) VALUES
(@OGUID + 60, 0, 0, 1, 2509.189453125, -5086.59375, 91.7196502685546875, 3.194002151489257812, 0, 0, -0.99965667724609375, 0.026201646775007247, 900, 1800),
(@OGUID + 61, 0, 0, 1, 2626.8076171875, -4947.16064453125, 94.34044647216796875, 0.296705186367034912, 0, 0, 0.147809028625488281, 0.989015936851501464, 900, 1800),
(@OGUID + 62, 0, 0, 1, 2890.416259765625, -5142.46533203125, 115.659576416015625, 2.094393253326416015, 0, 0, 0.866024971008300781, 0.50000077486038208, 900, 1800),
(@OGUID + 63, 0, 0, 1, 3059.275390625, -5024.908203125, 100.4284820556640625, 2.391098499298095703, 0, 0, 0.930417060852050781, 0.366502493619918823, 900, 1800),
(@OGUID + 64, 0, 0, 1, 3116.541015625, -4833.7109375, 108.0943374633789062, 1.064649581909179687, 0, 0, 0.507537841796875, 0.861629426479339599, 900, 1800);

INSERT INTO `spawn_group` (`Id`, `Name`, `Type`, `MaxCount`, `WorldState`, `Flags`) VALUES
(@SGUID + 06, 'Eastern Plaguelands - Rich Thorium Vein | Truesilver Deposit (1) Ore 006', '1', '1', '0', '0');

INSERT INTO `spawn_group_spawn` (`Id`, `Guid`, `SlotId`) VALUES
(@SGUID + 06, @OGUID + 60, '-1'),
(@SGUID + 06, @OGUID + 61, '-1'),
(@SGUID + 06, @OGUID + 62, '-1'),
(@SGUID + 06, @OGUID + 63, '-1'),
(@SGUID + 06, @OGUID + 64, '-1');

INSERT INTO `spawn_group_entry` (`Id`, `Entry`, `MinCount`, `MaxCount`, `Chance`) VALUES
(@SGUID + 06, '175404', '0', '0', '0'),
(@SGUID + 06, '2047', '0', '0', '5');

-- ----------------------------------------------------------------------------------------------------------------------------------------------------------------------------------------------------------------

INSERT INTO `gameobject` (`guid`, `id`, `map`, `spawnMask`, `position_x`, `position_y`, `position_z`, `orientation`, `rotation0`, `rotation1`, `rotation2`, `rotation3`, `spawntimesecsmin`, `spawntimesecsmax`) VALUES
(@OGUID + 70, 0, 0, 1, 3215.791259765625, -4715.01416015625, 154.9440460205078125, 6.056293010711669921, 0, 0, -0.11320304870605468, 0.993571877479553222, 900, 1800),
(@OGUID + 71, 0, 0, 1, 3284.799560546875, -4898.39111328125, 184.1357421875, 5.777040958404541015, 0, 0, -0.25037956237792968, 0.968147754669189453, 900, 1800),
(@OGUID + 72, 0, 0, 1, 3333.248779296875, -5021.90185546875, 182.3987579345703125, 5.044002056121826171, 0, 0, -0.58070278167724609, 0.814115643501281738, 900, 1800),
(@OGUID + 73, 0, 0, 1, 3476.348876953125, -4890.65087890625, 178.4742584228515625, 1.012289404869079589, 0, 0, 0.484808921813964843, 0.87462007999420166, 900, 1800);

INSERT INTO `spawn_group` (`Id`, `Name`, `Type`, `MaxCount`, `WorldState`, `Flags`) VALUES
(@SGUID + 07, 'Eastern Plaguelands - Rich Thorium Vein | Truesilver Deposit (1) Ore 007', '1', '1', '0', '0');

INSERT INTO `spawn_group_spawn` (`Id`, `Guid`, `SlotId`) VALUES
(@SGUID + 07, @OGUID + 70, '-1'),
(@SGUID + 07, @OGUID + 71, '-1'),
(@SGUID + 07, @OGUID + 72, '-1'),
(@SGUID + 07, @OGUID + 73, '-1');

INSERT INTO `spawn_group_entry` (`Id`, `Entry`, `MinCount`, `MaxCount`, `Chance`) VALUES
(@SGUID + 07, '175404', '0', '0', '0'),
(@SGUID + 07, '2047', '0', '0', '5');
