
/*
04 10 13 22 24
04 10 15 18 24
05 09 17 21 24
01 02 08 13 22
01 04 08 14 18
04 09 15 19 23
02 07 10 15 22
01 04 09 16 22
04 12 14 19 22
06 11 15 20 24
01 06 08 15 18
01 02 10 17 21
02 08 13 18 24
04 11 14 20 24
01 06 09 15 21
02 09 16 18 19
03 09 13 19 21
-- -----------
02 03 04 05 06
08 09 10 11 12
13 14 15 16 17
18 20 21 22 23
01 07 19 24

*/

SET @OGUID := 141800;
SET @SGUID := 404;

-- ----------------------------------------------------------------------------------------------------------------------------------------------------------------------------------------------------------------

-- Rich Thorium Vein
DELETE FROM `gameobject` WHERE (`guid` IN (72001, 72013, 72025, 72031, 72037, 72049, 72055, 72061, 72079, 72085, 72103, 72109, 72121, 72127, 72133, 72151, 72157, 72163, 72181, 72217, 72259, 72307, 72325,
72361, 72367, 72373, 72379, 72385, 72391, 72397, 72403, 72409, 72415, 72421, 72427, 72439, 72451, 72457, 72469, 72475, 72493, 72499, 72505, 72511, 72517, 72523, 72529, 72541, 72547, 72553, 72559, 72565, 72571,
72577, 72583, 72589, 72595, 72601, 72607, 72613, 72619, 72625, 72631, 72637, 72643, 72649, 72655, 72661, 72667, 72673, 72679, 72685, 72691, 72697, 72703, 72709, 72715, 72721, 72727, 72733, 72739, 72745, 72751,
72757, 72763, 72769, 72775, 72781, 72787, 72793, 72799, 72805, 72811, 72817, 72823, 72829, 72835, 72841, 72847, 72859, 72865, 72877, 72883, 72889, 72895, 72901, 72913, 72919, 72925, 72931, 72937, 72943, 72949,
72955, 72961, 72967, 72973, 72979, 72991, 72997, 73009, 73015, 73021, 73027, 73033, 73039, 73045, 73051, 73057, 73063, 73069, 73075, 73081, 73099, 73105, 73111, 73117, 73123, 73129, 73135, 73147, 73153, 73159,
73165, 73171, 73177, 73183, 73189, 73195, 73201, 73207, 73213, 73219, 73225, 73231, 73237, 73243, 73249, 73255, 73261, 73267, 73273, 73279, 73285, 73291, 73297, 73303, 73309, 73315, 73321, 73327, 73333, 73339,
73345, 73351, 73357, 73363, 73369, 73375, 73381, 73393, 73453, 73459));
DELETE FROM `pool_gameobject` WHERE (`guid` IN (72001, 72013, 72025, 72031, 72037, 72049, 72055, 72061, 72079, 72085, 72103, 72109, 72121, 72127, 72133, 72151, 72157, 72163, 72181, 72217, 72259, 72307, 72325,
72361, 72367, 72373, 72379, 72385, 72391, 72397, 72403, 72409, 72415, 72421, 72427, 72439, 72451, 72457, 72469, 72475, 72493, 72499, 72505, 72511, 72517, 72523, 72529, 72541, 72547, 72553, 72559, 72565, 72571,
72577, 72583, 72589, 72595, 72601, 72607, 72613, 72619, 72625, 72631, 72637, 72643, 72649, 72655, 72661, 72667, 72673, 72679, 72685, 72691, 72697, 72703, 72709, 72715, 72721, 72727, 72733, 72739, 72745, 72751,
72757, 72763, 72769, 72775, 72781, 72787, 72793, 72799, 72805, 72811, 72817, 72823, 72829, 72835, 72841, 72847, 72859, 72865, 72877, 72883, 72889, 72895, 72901, 72913, 72919, 72925, 72931, 72937, 72943, 72949,
72955, 72961, 72967, 72973, 72979, 72991, 72997, 73009, 73015, 73021, 73027, 73033, 73039, 73045, 73051, 73057, 73063, 73069, 73075, 73081, 73099, 73105, 73111, 73117, 73123, 73129, 73135, 73147, 73153, 73159,
73165, 73171, 73177, 73183, 73189, 73195, 73201, 73207, 73213, 73219, 73225, 73231, 73237, 73243, 73249, 73255, 73261, 73267, 73273, 73279, 73285, 73291, 73297, 73303, 73309, 73315, 73321, 73327, 73333, 73339,
73345, 73351, 73357, 73363, 73369, 73375, 73381, 73393, 73453, 73459));

-- Dark Iron Deposit
DELETE FROM `gameobject` WHERE (`guid` IN (72005, 72017, 72029, 72035, 72041, 72053, 72059, 72065, 72083, 72089, 72107, 72113, 72125, 72131, 72137, 72155, 72161, 72167, 72185, 72221, 72263, 72311, 72329,
72365, 72371, 72377, 72383, 72389, 72395, 72401, 72407, 72413, 72419, 72425, 72431, 72443, 72455, 72461, 72473, 72479, 72497, 72503, 72509, 72515, 72521, 72527, 72533, 72545, 72551, 72557, 72563, 72569, 72575,
72581, 72587, 72593, 72599, 72605, 72617, 72623, 72629, 72635, 72641, 72647, 72653, 72659, 72665, 72671, 72677, 72683, 72689, 72695, 72701, 72707, 72713, 72719, 72725, 72731, 72737, 72743, 72749, 72755, 72761,
72767, 72773, 72779, 72785, 72791, 72797, 72803, 72809, 72815, 72821, 72827, 72833, 72839, 72845, 72851, 72863, 72869, 72881, 72887, 72893, 72899, 72905, 72917, 72923, 72929, 72935, 72941, 72947, 72953, 72959,
72965, 72971, 72977, 72983, 72995, 73001, 73013, 73019, 73025, 73031, 73037, 73043, 73049, 73055, 73061, 73067, 73073, 73079, 73085, 73103, 73109, 73115, 73121, 73127, 73133, 73139, 73151, 73157, 73163, 73169,
73175, 73181, 73187, 73193, 73199, 73205, 73211, 73217, 73223, 73229, 73235, 73241, 73247, 73253, 73259, 73265, 73271, 73277, 73283, 73289, 73295, 73301, 73307, 73313, 73319, 73325, 73331, 73337, 73343, 73349,
73355, 73361, 73367, 73373, 73379, 73385, 73397, 73457, 73463, 76390, 76714, 76744, 572611));
DELETE FROM `pool_gameobject` WHERE (`guid` IN (72005, 72017, 72029, 72035, 72041, 72053, 72059, 72065, 72083, 72089, 72107, 72113, 72125, 72131, 72137, 72155, 72161, 72167, 72185, 72221, 72263, 72311, 72329,
72365, 72371, 72377, 72383, 72389, 72395, 72401, 72407, 72413, 72419, 72425, 72431, 72443, 72455, 72461, 72473, 72479, 72497, 72503, 72509, 72515, 72521, 72527, 72533, 72545, 72551, 72557, 72563, 72569, 72575,
72581, 72587, 72593, 72599, 72605, 72617, 72623, 72629, 72635, 72641, 72647, 72653, 72659, 72665, 72671, 72677, 72683, 72689, 72695, 72701, 72707, 72713, 72719, 72725, 72731, 72737, 72743, 72749, 72755, 72761,
72767, 72773, 72779, 72785, 72791, 72797, 72803, 72809, 72815, 72821, 72827, 72833, 72839, 72845, 72851, 72863, 72869, 72881, 72887, 72893, 72899, 72905, 72917, 72923, 72929, 72935, 72941, 72947, 72953, 72959,
72965, 72971, 72977, 72983, 72995, 73001, 73013, 73019, 73025, 73031, 73037, 73043, 73049, 73055, 73061, 73067, 73073, 73079, 73085, 73103, 73109, 73115, 73121, 73127, 73133, 73139, 73151, 73157, 73163, 73169,
73175, 73181, 73187, 73193, 73199, 73205, 73211, 73217, 73223, 73229, 73235, 73241, 73247, 73253, 73259, 73265, 73271, 73277, 73283, 73289, 73295, 73301, 73307, 73313, 73319, 73325, 73331, 73337, 73343, 73349,
73355, 73361, 73367, 73373, 73379, 73385, 73397, 73457, 73463, 76390, 76714, 76744, 572611));

-- Truesilver Deposit
DELETE FROM `gameobject` WHERE (`guid` IN (71159, 72004, 72016, 72028, 72034, 72040, 72052, 72058, 72064, 72082, 72088, 72106, 72112, 72124, 72130, 72136, 72154, 72160, 72166, 72184, 72220, 72262, 72310,
72328, 72364, 72370, 72376, 72382, 72388, 72394, 72400, 72406, 72412, 72418, 72424, 72430, 72442, 72454, 72460, 72472, 72478, 72496, 72502, 72508, 72514, 72520, 72526, 72532, 72544, 72550, 72556, 72562, 72568,
72574, 72580, 72586, 72592, 72598, 72604, 72610, 72616, 72622, 72628, 72634, 72640, 72646, 72652, 72658, 72664, 72670, 72676, 72682, 72688, 72694, 72700, 72706, 72712, 72718, 72724, 72730, 72736, 72742, 72748,
72754, 72760, 72766, 72772, 72778, 72784, 72790, 72796, 72802, 72808, 72814, 72820, 72826, 72832, 72838, 72844, 72850, 72862, 72868, 72880, 72886, 72892, 72898, 72904, 72916, 72922, 72928, 72934, 72940, 72946,
72952, 72958, 72964, 72970, 72976, 72982, 72994, 73000, 73012, 73018, 73024, 73030, 73036, 73042, 73048, 73054, 73060, 73066, 73072, 73078, 73084, 73102, 73108, 73114, 73120, 73126, 73132, 73138, 73150, 73156,
73162, 73168, 73174, 73180, 73186, 73192, 73198, 73204, 73210, 73216, 73222, 73228, 73234, 73240, 73252, 73258, 73264, 73270, 73276, 73282, 73288, 73294, 73300, 73306, 73312, 73318, 73324, 73330, 73336, 73342,
73348, 73354, 73360, 73366, 73372, 73378, 73384, 73396, 73456, 73462, 76392, 573246));
DELETE FROM `pool_gameobject` WHERE (`guid` IN (71159, 72004, 72016, 72028, 72034, 72040, 72052, 72058, 72064, 72082, 72088, 72106, 72112, 72124, 72130, 72136, 72154, 72160, 72166, 72184, 72220, 72262, 72310,
72328, 72364, 72370, 72376, 72382, 72388, 72394, 72400, 72406, 72412, 72418, 72424, 72430, 72442, 72454, 72460, 72472, 72478, 72496, 72502, 72508, 72514, 72520, 72526, 72532, 72544, 72550, 72556, 72562, 72568,
72574, 72580, 72586, 72592, 72598, 72604, 72610, 72616, 72622, 72628, 72634, 72640, 72646, 72652, 72658, 72664, 72670, 72676, 72682, 72688, 72694, 72700, 72706, 72712, 72718, 72724, 72730, 72736, 72742, 72748,
72754, 72760, 72766, 72772, 72778, 72784, 72790, 72796, 72802, 72808, 72814, 72820, 72826, 72832, 72838, 72844, 72850, 72862, 72868, 72880, 72886, 72892, 72898, 72904, 72916, 72922, 72928, 72934, 72940, 72946,
72952, 72958, 72964, 72970, 72976, 72982, 72994, 73000, 73012, 73018, 73024, 73030, 73036, 73042, 73048, 73054, 73060, 73066, 73072, 73078, 73084, 73102, 73108, 73114, 73120, 73126, 73132, 73138, 73150, 73156,
73162, 73168, 73174, 73180, 73186, 73192, 73198, 73204, 73210, 73216, 73222, 73228, 73234, 73240, 73252, 73258, 73264, 73270, 73276, 73282, 73288, 73294, 73300, 73306, 73312, 73318, 73324, 73330, 73336, 73342,
73348, 73354, 73360, 73366, 73372, 73378, 73384, 73396, 73456, 73462, 76392, 573246));

-- Pool
DELETE FROM `pool_template` WHERE (`entry` IN (5151, 5152, 5156, 5157, 5158, 5160, 5161, 5162, 5163, 5164, 5165, 5169, 5172, 5173, 5178, 5179, 5180, 5183, 5184, 5190, 5195, 5196, 5197, 5200, 5201, 5203, 5204,
5205, 5206, 5207, 5208, 5209, 5210, 5211, 5212, 5213, 5214, 5215, 5216, 5217, 5218, 5219, 5220, 5221, 5224, 5225, 5227, 5228, 5229, 5230, 5231, 5232, 5233, 5234, 5235, 5236, 5237, 5238, 5239, 5240, 5241, 5243,
5246, 5247, 5248, 5249, 5250, 5251, 5253, 5256, 5257, 5258, 5259, 5260, 5261, 5262, 5264, 5265, 5266, 5269, 5270, 5271, 5272, 5273, 5274, 5275, 5276, 5277, 5278, 5279, 5281, 5282, 5283, 5284, 5285, 5286, 5287,
5288, 5289, 5292, 5293, 5294, 5295, 5296, 5297, 5298, 5299, 5301, 5302, 5303, 5307, 5308, 5309, 5312, 5313, 5314, 5315, 5319, 5321, 5322, 5323, 5324, 5325, 5326, 5327, 5329, 5330, 5331, 5333, 5334, 5335, 5336,
5337, 5338, 5339, 5341, 5342, 5343, 5344, 5345, 5346, 5347, 5348, 5351, 5352, 5353, 5354, 5355, 5356, 5357, 5358, 5359, 5360, 5361, 5365, 5366, 5367, 5368, 5369, 5370, 5371, 5372, 5373, 5374, 5375, 5376, 5377,
5379, 5380, 5383, 5384, 5385, 5386, 5387, 5388, 5391, 5392, 5393, 5394, 5395, 5396, 5399, 5400, 5401, 5402, 5649, 6505));

-- ----------------------------------------------------------------------------------------------------------------------------------------------------------------------------------------------------------------

INSERT INTO `gameobject` (`guid`, `id`, `map`, `spawnMask`, `position_x`, `position_y`, `position_z`, `orientation`, `rotation0`, `rotation1`, `rotation2`, `rotation3`, `spawntimesecsmin`, `spawntimesecsmax`) VALUES
(@OGUID + 00, 0, 0, 1, -8019.869140625, -743.8048095703125, 142.5272369384765625, 2.042035102844238281, 0, 0, 0.852640151977539062, 0.522498607635498046, 900, 1800),
(@OGUID + 01, 0, 0, 1, -7932.8671875, -1008.99932861328125, 136.6556549072265625, 2.70525527000427246, 0, 0, 0.97629547119140625, 0.216442063450813293, 900, 1800),
(@OGUID + 02, 0, 0, 1, -8101.87353515625, -1042.31591796875, 141.0019073486328125, 4.241150379180908203, 0, 0, -0.85264015197753906, 0.522498607635498046, 900, 1800),
(@OGUID + 03, 0, 0, 1, -8261.5390625, -911.65765380859375, 160.7378997802734375, 2.234017848968505859, 0, 0, 0.898793220520019531, 0.438372820615768432, 900, 1800),
(@OGUID + 04, 0, 0, 1, -8175.6884765625, -1155.4486083984375, 145.70977783203125, 5.724681377410888671, 0, 0, -0.27563667297363281, 0.961261868476867675, 900, 1800);

INSERT INTO `spawn_group` (`Id`, `Name`, `Type`, `MaxCount`, `WorldState`, `Flags`) VALUES
(@SGUID + 00, 'Burning Steppes - Rich Thorium Vein | Truesilver Deposit | Dark Iron Deposit (1) Ore 000', '1', '1', '0', '0');

INSERT INTO `spawn_group_spawn` (`Id`, `Guid`, `SlotId`) VALUES
(@SGUID + 00, @OGUID + 00, '-1'),
(@SGUID + 00, @OGUID + 01, '-1'),
(@SGUID + 00, @OGUID + 02, '-1'),
(@SGUID + 00, @OGUID + 03, '-1'),
(@SGUID + 00, @OGUID + 04, '-1');

INSERT INTO `spawn_group_entry` (`Id`, `Entry`, `MinCount`, `MaxCount`, `Chance`) VALUES
(@SGUID + 00, '175404', '0', '0', '0'),
(@SGUID + 00, '2047', '0', '0', '5'),
(@SGUID + 00, '165658', '0', '0', '20');

-- ----------------------------------------------------------------------------------------------------------------------------------------------------------------------------------------------------------------

INSERT INTO `gameobject` (`guid`, `id`, `map`, `spawnMask`, `position_x`, `position_y`, `position_z`, `orientation`, `rotation0`, `rotation1`, `rotation2`, `rotation3`, `spawntimesecsmin`, `spawntimesecsmax`) VALUES
(@OGUID + 10, 0, 0, 1, -8333.37109375, -1286.2542724609375, 211.4847869873046875, 1.448621988296508789, 0, 0, 0.662619590759277343, 0.748956084251403808, 900, 1800),
(@OGUID + 11, 0, 0, 1, -8166.52978515625, -1331.5772705078125, 136.9336700439453125, 4.1538848876953125, 0, 0, -0.8746194839477539, 0.484810054302215576, 900, 1800),
(@OGUID + 12, 0, 0, 1, -8205.2705078125, -1519.1842041015625, 148.6162872314453125, 5.602506637573242187, 0, 0, -0.33380699157714843, 0.942641437053680419, 900, 1800),
(@OGUID + 13, 0, 0, 1, -8253.0478515625, -1695.7418212890625, 158.4610443115234375, 5.70722818374633789, 0, 0, -0.28401470184326171, 0.958819925785064697, 900, 1800),
(@OGUID + 14, 0, 0, 1, -8204.61328125, -1857.447509765625, 141.4976348876953125, 4.991643905639648437, 0, 0, -0.60181427001953125, 0.798636078834533691, 900, 1800);

INSERT INTO `spawn_group` (`Id`, `Name`, `Type`, `MaxCount`, `WorldState`, `Flags`) VALUES
(@SGUID + 10, 'Burning Steppes - Rich Thorium Vein | Truesilver Deposit | Dark Iron Deposit (1) Ore 001', '1', '1', '0', '0');

INSERT INTO `spawn_group_spawn` (`Id`, `Guid`, `SlotId`) VALUES
(@SGUID + 10, @OGUID + 10, '-1'),
(@SGUID + 10, @OGUID + 11, '-1'),
(@SGUID + 10, @OGUID + 12, '-1'),
(@SGUID + 10, @OGUID + 13, '-1'),
(@SGUID + 10, @OGUID + 14, '-1');

INSERT INTO `spawn_group_entry` (`Id`, `Entry`, `MinCount`, `MaxCount`, `Chance`) VALUES
(@SGUID + 10, '175404', '0', '0', '0'),
(@SGUID + 10, '2047', '0', '0', '5'),
(@SGUID + 10, '165658', '0', '0', '20');

-- ----------------------------------------------------------------------------------------------------------------------------------------------------------------------------------------------------------------

INSERT INTO `gameobject` (`guid`, `id`, `map`, `spawnMask`, `position_x`, `position_y`, `position_z`, `orientation`, `rotation0`, `rotation1`, `rotation2`, `rotation3`, `spawntimesecsmin`, `spawntimesecsmax`) VALUES
(@OGUID + 20, 0, 0, 1, -7581.09033203125, -1405.03955078125, 168.961334228515625, 1.797688722610473632, 0, 0, 0.7826080322265625, 0.622514784336090087, 900, 1800),
(@OGUID + 21, 0, 0, 1, -7832, -1379.84912109375, 159.735504150390625, 5.270895957946777343, 0, 0, -0.48480892181396484, 0.87462007999420166, 900, 1800),
(@OGUID + 22, 0, 0, 1, -7905.1171875, -1491.490478515625, 155.8006134033203125, 0.226892471313476562, 0, 0, 0.113203048706054687, 0.993571877479553222, 900, 1800),
(@OGUID + 23, 0, 0, 1, -7818.58935546875, -1621.7435302734375, 143.0133209228515625, 4.136432647705078125, 0, 0, -0.87881660461425781, 0.477159708738327026, 900, 1800),
(@OGUID + 24, 0, 0, 1, -7685, -1650.9273681640625, 144.5593414306640625, 0.296705186367034912, 0, 0, 0.147809028625488281, 0.989015936851501464, 900, 1800);

INSERT INTO `spawn_group` (`Id`, `Name`, `Type`, `MaxCount`, `WorldState`, `Flags`) VALUES
(@SGUID + 20, 'Burning Steppes - Rich Thorium Vein | Truesilver Deposit | Dark Iron Deposit (1) Ore 002', '1', '1', '0', '0');

INSERT INTO `spawn_group_spawn` (`Id`, `Guid`, `SlotId`) VALUES
(@SGUID + 20, @OGUID + 20, '-1'),
(@SGUID + 20, @OGUID + 21, '-1'),
(@SGUID + 20, @OGUID + 22, '-1'),
(@SGUID + 20, @OGUID + 23, '-1'),
(@SGUID + 20, @OGUID + 24, '-1');

INSERT INTO `spawn_group_entry` (`Id`, `Entry`, `MinCount`, `MaxCount`, `Chance`) VALUES
(@SGUID + 20, '175404', '0', '0', '0'),
(@SGUID + 20, '2047', '0', '0', '5'),
(@SGUID + 20, '165658', '0', '0', '20');

-- ----------------------------------------------------------------------------------------------------------------------------------------------------------------------------------------------------------------

INSERT INTO `gameobject` (`guid`, `id`, `map`, `spawnMask`, `position_x`, `position_y`, `position_z`, `orientation`, `rotation0`, `rotation1`, `rotation2`, `rotation3`, `spawntimesecsmin`, `spawntimesecsmax`) VALUES
(@OGUID + 30, 0, 0, 1, -7500.517578125, -1946.374755859375, 195.86181640625, 3.368495941162109375, 0, 0, -0.99357128143310546, 0.113208353519439697, 900, 1800),
(@OGUID + 31, 0, 0, 1, -7784.1259765625, -2052, 143.5319366455078125, 1.623155713081359863, 0, 0, 0.725374221801757812, 0.688354730606079101, 900, 1800),
(@OGUID + 32, 0, 0, 1, -7671.85400390625, -2192.125, 140.3392333984375, 4.049167633056640625, 0, 0, -0.89879322052001953, 0.438372820615768432, 900, 1800),
(@OGUID + 33, 0, 0, 1, -7737.7734375, -2306.149169921875, 141.82464599609375, 3.717553615570068359, 0, 0, -0.95881938934326171, 0.284016460180282592, 900, 1800),
(@OGUID + 34, 0, 0, 1, -7611.1396484375, -2387.104736328125, 137.6763458251953125, 6.14356088638305664, 0, 0, -0.06975555419921875, 0.997564136981964111, 900, 1800);

INSERT INTO `spawn_group` (`Id`, `Name`, `Type`, `MaxCount`, `WorldState`, `Flags`) VALUES
(@SGUID + 30, 'Burning Steppes - Rich Thorium Vein | Truesilver Deposit | Dark Iron Deposit (1) Ore 003', '1', '1', '0', '0');

INSERT INTO `spawn_group_spawn` (`Id`, `Guid`, `SlotId`) VALUES
(@SGUID + 30, @OGUID + 30, '-1'),
(@SGUID + 30, @OGUID + 31, '-1'),
(@SGUID + 30, @OGUID + 32, '-1'),
(@SGUID + 30, @OGUID + 33, '-1'),
(@SGUID + 30, @OGUID + 34, '-1');

INSERT INTO `spawn_group_entry` (`Id`, `Entry`, `MinCount`, `MaxCount`, `Chance`) VALUES
(@SGUID + 30, '175404', '0', '0', '0'),
(@SGUID + 30, '2047', '0', '0', '5'),
(@SGUID + 30, '165658', '0', '0', '20');

-- ----------------------------------------------------------------------------------------------------------------------------------------------------------------------------------------------------------------

INSERT INTO `gameobject` (`guid`, `id`, `map`, `spawnMask`, `position_x`, `position_y`, `position_z`, `orientation`, `rotation0`, `rotation1`, `rotation2`, `rotation3`, `spawntimesecsmin`, `spawntimesecsmax`) VALUES
(@OGUID + 40, 0, 0, 1, -7616.38623046875, -705.041015625, 181.3101348876953125, 0.977383077144622802, 0, 0, 0.469470977783203125, 0.882947921752929687, 900, 1800),
(@OGUID + 41, 0, 0, 1, -8408.0615234375, -1137.855224609375, 192.6417694091796875, 3.019413232803344726, 0, 0, 0.998134613037109375, 0.061051756143569946, 900, 1800),
(@OGUID + 42, 0, 0, 1, -7449.40966796875, -2197.72705078125, 166.477081298828125, 5.6897735595703125, 0, 0, -0.29237174987792968, 0.956304728984832763, 900, 1800),
(@OGUID + 43, 0, 0, 1, -7651.11572265625, -3066.22998046875, 135.6034088134765625, 3.612837791442871093, 0, 0, -0.97236919403076171, 0.233448356389999389, 900, 1800);

INSERT INTO `spawn_group` (`Id`, `Name`, `Type`, `MaxCount`, `WorldState`, `Flags`) VALUES
(@SGUID + 40, 'Burning Steppes - Rich Thorium Vein | Truesilver Deposit | Dark Iron Deposit (1) Ore 004', '1', '1', '0', '0');

INSERT INTO `spawn_group_spawn` (`Id`, `Guid`, `SlotId`) VALUES
(@SGUID + 40, @OGUID + 40, '-1'),
(@SGUID + 40, @OGUID + 41, '-1'),
(@SGUID + 40, @OGUID + 42, '-1'),
(@SGUID + 40, @OGUID + 43, '-1');

INSERT INTO `spawn_group_entry` (`Id`, `Entry`, `MinCount`, `MaxCount`, `Chance`) VALUES
(@SGUID + 40, '175404', '0', '0', '0'),
(@SGUID + 40, '2047', '0', '0', '5'),
(@SGUID + 40, '165658', '0', '0', '20');
