
/*
04 06 12 16 17 21
04 07 09 15 17 24
04 07 11 14 19 23
03 05 09 15 19 23
02 05 12 16 17 24
03 08 12 13 18 23
03 06 12 14 17 24
04 07 12 14 17 23
02 06 12 13 18 22
04 06 11 13 20 24
01 07 10 15 18 22
-- --------------
01 02 03 04
05 06 07 08
09 10 11 12
13 14 15 16
17 18 19 20
21 22 23 24
*/

SET @OGUID := 141930;
SET @SGUID := 10247;

-- ----------------------------------------------------------------------------------------------------------------------------------------------------------------------------------------------------------------

-- Mountain Silversage
DELETE FROM `gameobject` WHERE (`guid` IN (49406, 49407, 49408, 49409, 49410, 49411));
DELETE FROM `pool_gameobject` WHERE (`guid` IN (49406, 49407, 49408, 49409, 49410, 49411));

-- Pool
DELETE FROM `pool_template` WHERE (`entry` IN (8648, 8654, 8660, 8667));

-- ----------------------------------------------------------------------------------------------------------------------------------------------------------------------------------------------------------------

INSERT INTO `gameobject` (`guid`, `id`, `map`, `spawnMask`, `position_x`, `position_y`, `position_z`, `orientation`, `rotation0`, `rotation1`, `rotation2`, `rotation3`, `spawntimesecsmin`, `spawntimesecsmax`) VALUES
(@OGUID + 00, 0, 1, 1, -6545.18994140625, 178.9798126220703125, 28.62087440490722656, 5.113816738128662109, 0, 0, -0.55193614959716796, 0.833886384963989257, 300, 600),
(@OGUID + 01, 0, 1, 1, -6197.17724609375, 392.104156494140625, 59.89238739013671875, 4.660029888153076171, 0, 0, -0.72537422180175781, 0.688354730606079101, 300, 600),
(@OGUID + 02, 0, 1, 1, -6202.41357421875, 718.43695068359375, 34.35684585571289062, 5.515241622924804687, 0, 0, -0.37460613250732421, 0.927184045314788818, 300, 600),
(@OGUID + 03, 0, 1, 1, -6286.80322265625, 1128.095703125, 44.24938201904296875, 4.817109584808349609, 0, 0, -0.66913032531738281, 0.74314504861831665, 300, 600);

INSERT INTO `spawn_group` (`Id`, `Name`, `Type`, `MaxCount`, `WorldState`, `Flags`) VALUES
(@SGUID + 00, 'Silithus - Mountain Silversage (1) Herb 000', '1', '1', '0', '0');

INSERT INTO `spawn_group_spawn` (`Id`, `Guid`, `SlotId`) VALUES
(@SGUID + 00, @OGUID + 00, '-1'),
(@SGUID + 00, @OGUID + 01, '-1'),
(@SGUID + 00, @OGUID + 02, '-1'),
(@SGUID + 00, @OGUID + 03, '-1');

INSERT INTO `spawn_group_entry` (`Id`, `Entry`, `MinCount`, `MaxCount`, `Chance`) VALUES
(@SGUID + 00, '176586', '0', '0', '0');

-- ----------------------------------------------------------------------------------------------------------------------------------------------------------------------------------------------------------------

INSERT INTO `gameobject` (`guid`, `id`, `map`, `spawnMask`, `position_x`, `position_y`, `position_z`, `orientation`, `rotation0`, `rotation1`, `rotation2`, `rotation3`, `spawntimesecsmin`, `spawntimesecsmax`) VALUES
(@OGUID + 10, 0, 1, 1, -6196.79541015625, 1559.4305419921875, 30.40027618408203125, 2.007128477096557617, 0, 0, 0.84339141845703125, 0.537299633026123046, 300, 600),
(@OGUID + 11, 0, 1, 1, -6367.2314453125, 1673.6636962890625, 48.190948486328125, 1.762782454490661621, 0, 0, 0.771624565124511718, 0.636078238487243652, 300, 600),
(@OGUID + 12, 0, 1, 1, -6352.27978515625, 1914.8060302734375, 36.44207000732421875, 0.017452461645007133, 0, 0, 0.008726119995117187, 0.999961912631988525, 300, 600),
(@OGUID + 13, 0, 1, 1, -6548.10009765625, 1670.9462890625, 36.44200897216796875, 0.610863447189331054, 0, 0, 0.3007049560546875, 0.953717231750488281, 300, 600);

INSERT INTO `spawn_group` (`Id`, `Name`, `Type`, `MaxCount`, `WorldState`, `Flags`) VALUES
(@SGUID + 01, 'Silithus - Mountain Silversage (1) Herb 001', '1', '1', '0', '0');

INSERT INTO `spawn_group_spawn` (`Id`, `Guid`, `SlotId`) VALUES
(@SGUID + 01, @OGUID + 10, '-1'),
(@SGUID + 01, @OGUID + 11, '-1'),
(@SGUID + 01, @OGUID + 12, '-1'),
(@SGUID + 01, @OGUID + 13, '-1');

INSERT INTO `spawn_group_entry` (`Id`, `Entry`, `MinCount`, `MaxCount`, `Chance`) VALUES
(@SGUID + 01, '176586', '0', '0', '0');

-- ----------------------------------------------------------------------------------------------------------------------------------------------------------------------------------------------------------------

INSERT INTO `gameobject` (`guid`, `id`, `map`, `spawnMask`, `position_x`, `position_y`, `position_z`, `orientation`, `rotation0`, `rotation1`, `rotation2`, `rotation3`, `spawntimesecsmin`, `spawntimesecsmax`) VALUES
(@OGUID + 20, 0, 1, 1, -6708.0341796875, 1935.402099609375, 32.75252151489257812, 1.727874636650085449, 0, 0, 0.760405540466308593, 0.649448513984680175, 300, 600),
(@OGUID + 21, 0, 1, 1, -6867.8251953125, 1851.353759765625, 23.77496147155761718, 5.235987663269042968, 0, 0, -0.5, 0.866025388240814208, 300, 600),
(@OGUID + 22, 0, 1, 1, -6986.64453125, 1898.1961669921875, 27.23937416076660156, 3.647741317749023437, 0, 0, -0.96814727783203125, 0.250381410121917724, 300, 600),
(@OGUID + 23, 0, 1, 1, -7273.29541015625, 1926.67236328125, 29.29865837097167968, 2.827429771423339843, 0, 0, 0.987688064575195312, 0.156436234712600708, 300, 600);

INSERT INTO `spawn_group` (`Id`, `Name`, `Type`, `MaxCount`, `WorldState`, `Flags`) VALUES
(@SGUID + 02, 'Silithus - Mountain Silversage (1) Herb 002', '1', '1', '0', '0');

INSERT INTO `spawn_group_spawn` (`Id`, `Guid`, `SlotId`) VALUES
(@SGUID + 02, @OGUID + 20, '-1'),
(@SGUID + 02, @OGUID + 21, '-1'),
(@SGUID + 02, @OGUID + 22, '-1'),
(@SGUID + 02, @OGUID + 23, '-1');

INSERT INTO `spawn_group_entry` (`Id`, `Entry`, `MinCount`, `MaxCount`, `Chance`) VALUES
(@SGUID + 02, '176586', '0', '0', '0');

-- ----------------------------------------------------------------------------------------------------------------------------------------------------------------------------------------------------------------

INSERT INTO `gameobject` (`guid`, `id`, `map`, `spawnMask`, `position_x`, `position_y`, `position_z`, `orientation`, `rotation0`, `rotation1`, `rotation2`, `rotation3`, `spawntimesecsmin`, `spawntimesecsmax`) VALUES
(@OGUID + 30, 0, 1, 1, -7568.7646484375, 1891.560546875, 33.37587356567382812, 4.415683269500732421, 0, 0, -0.80385684967041015, 0.594822824001312255, 300, 600),
(@OGUID + 31, 0, 1, 1, -7652.66650390625, 1714.0391845703125, 35.91550445556640625, 2.617989301681518554, 0, 0, 0.965925216674804687, 0.258821308612823486, 300, 600),
(@OGUID + 32, 0, 1, 1, -7773.35791015625, 1961.7430419921875, 28.596282958984375, 2.600535154342651367, 0, 0, 0.963629722595214843, 0.26724100112915039, 300, 600),
(@OGUID + 33, 0, 1, 1, -8068.99560546875, 1930.4774169921875, 31.66217041015625, 3.543023586273193359, 0, 0, -0.97992420196533203, 0.199370384216308593, 300, 600);

INSERT INTO `spawn_group` (`Id`, `Name`, `Type`, `MaxCount`, `WorldState`, `Flags`) VALUES
(@SGUID + 03, 'Silithus - Mountain Silversage (1) Herb 003', '1', '1', '0', '0');

INSERT INTO `spawn_group_spawn` (`Id`, `Guid`, `SlotId`) VALUES
(@SGUID + 03, @OGUID + 30, '-1'),
(@SGUID + 03, @OGUID + 31, '-1'),
(@SGUID + 03, @OGUID + 32, '-1'),
(@SGUID + 03, @OGUID + 33, '-1');

INSERT INTO `spawn_group_entry` (`Id`, `Entry`, `MinCount`, `MaxCount`, `Chance`) VALUES
(@SGUID + 03, '176586', '0', '0', '0');

-- ----------------------------------------------------------------------------------------------------------------------------------------------------------------------------------------------------------------

INSERT INTO `gameobject` (`guid`, `id`, `map`, `spawnMask`, `position_x`, `position_y`, `position_z`, `orientation`, `rotation0`, `rotation1`, `rotation2`, `rotation3`, `spawntimesecsmin`, `spawntimesecsmax`) VALUES
(@OGUID + 40, 0, 1, 1, -8085.21435546875, 1152.722900390625, 30.95240211486816406, 2.111847877502441406, 0, 0, 0.870355606079101562, 0.492423713207244873, 300, 600),
(@OGUID + 41, 0, 1, 1, -8079.23876953125, 965.01739501953125, 48.04169845581054687, 3.194002151489257812, 0, 0, -0.99965667724609375, 0.026201646775007247, 300, 600),
(@OGUID + 42, 0, 1, 1, -8111.5546875, 268.322265625, 13.90750980377197265, 2.303830623626708984, 0, 0, 0.913544654846191406, 0.406738430261611938, 300, 600),
(@OGUID + 43, 0, 1, 1, -7993.95166015625, 247.3229217529296875, 20.02965164184570312, 0.017452461645007133, 0, 0, 0.008726119995117187, 0.999961912631988525, 300, 600);

INSERT INTO `spawn_group` (`Id`, `Name`, `Type`, `MaxCount`, `WorldState`, `Flags`) VALUES
(@SGUID + 04, 'Silithus - Mountain Silversage (1) Herb 004', '1', '1', '0', '0');

INSERT INTO `spawn_group_spawn` (`Id`, `Guid`, `SlotId`) VALUES
(@SGUID + 04, @OGUID + 40, '-1'),
(@SGUID + 04, @OGUID + 41, '-1'),
(@SGUID + 04, @OGUID + 42, '-1'),
(@SGUID + 04, @OGUID + 43, '-1');

INSERT INTO `spawn_group_entry` (`Id`, `Entry`, `MinCount`, `MaxCount`, `Chance`) VALUES
(@SGUID + 04, '176586', '0', '0', '0');

-- ----------------------------------------------------------------------------------------------------------------------------------------------------------------------------------------------------------------

INSERT INTO `gameobject` (`guid`, `id`, `map`, `spawnMask`, `position_x`, `position_y`, `position_z`, `orientation`, `rotation0`, `rotation1`, `rotation2`, `rotation3`, `spawntimesecsmin`, `spawntimesecsmax`) VALUES
(@OGUID + 50, 0, 1, 1, -7620.15625, 202.1881561279296875, 28.36979103088378906, 5.550147056579589843, 0, 0, -0.358367919921875, 0.933580458164215087, 300, 600),
(@OGUID + 51, 0, 1, 1, -7480.68310546875, 235.32769775390625, 39.56315994262695312, 0.034906249493360519, 0, 0, 0.017452239990234375, 0.999847710132598876, 300, 600),
(@OGUID + 52, 0, 1, 1, -7243.37841796875, 284.820526123046875, 62.26474380493164062, 4.433136463165283203, 0, 0, -0.79863548278808593, 0.60181504487991333, 300, 600),
(@OGUID + 53, 0, 1, 1, -7085.11376953125, 126.3131484985351562, 26.79660987854003906, 6.161012649536132812, 0, 0, -0.06104850769042968, 0.998134791851043701, 300, 600);

INSERT INTO `spawn_group` (`Id`, `Name`, `Type`, `MaxCount`, `WorldState`, `Flags`) VALUES
(@SGUID + 05, 'Silithus - Mountain Silversage (1) Herb 005', '1', '1', '0', '0');

INSERT INTO `spawn_group_spawn` (`Id`, `Guid`, `SlotId`) VALUES
(@SGUID + 05, @OGUID + 50, '-1'),
(@SGUID + 05, @OGUID + 51, '-1'),
(@SGUID + 05, @OGUID + 52, '-1'),
(@SGUID + 05, @OGUID + 53, '-1');

INSERT INTO `spawn_group_entry` (`Id`, `Entry`, `MinCount`, `MaxCount`, `Chance`) VALUES
(@SGUID + 05, '176586', '0', '0', '0');
