
/*
01 07 13 15
05 11 14 15
05 11 13 17
06 09 13 19
05 08 14 20
04 08 14 15
02 09 13 19
01 11 15 16
04 11 13 17
03 09 15 16
06 07 13 17
03 07 15 18
05 07 13 20
05 07 13 20
04 07 14 15
04 10 13 19
02 12 16 20
-- --------
01 02 03 04 05 06
07 08 09 10 11 12
13 14 16 18
15 17 19 20

*/

-- 4 in 20 (prev 14 in 79)

SET @OGUID := 142080;
SET @SGUID := 409;

-- ----------------------------------------------------------------------------------------------------------------------------------------------------------------------------------------------------------------

-- Mithril Deposit (some in Blasted Lands, can be removed as well)
DELETE FROM `gameobject` WHERE (`guid` IN (71852, 71856, 71920, 74902, 74906, 74910, 75598, 77768, 77776, 77780, 77784, 77792, 77796, 77800, 77804, 77808, 77816, 77824, 77828, 77836, 77840, 77844, 77848, 77888, 77892, 77896, 77900, 77904, 77908, 77912, 77920, 77928, 77932, 77944, 77948, 77952, 77956, 77960, 77964, 77968, 77972, 77976, 77980, 77984, 77988, 77992, 77996, 78004, 78008, 78012, 78016, 78020, 78024, 78028, 78032, 105243, 105247)); 
DELETE FROM `pool_gameobject` WHERE (`guid` IN (71852, 71856, 71920, 74902, 74906, 74910, 75598, 77768, 77776, 77780, 77784, 77792, 77796, 77800, 77804, 77808, 77816, 77824, 77828, 77836, 77840, 77844, 77848, 77888, 77892, 77896, 77900, 77904, 77908, 77912, 77920, 77928, 77932, 77944, 77948, 77952, 77956, 77960, 77964, 77968, 77972, 77976, 77980, 77984, 77988, 77992, 77996, 78004, 78008, 78012, 78016, 78020, 78024, 78028, 78032, 105243, 105247)); 

-- Gold Vein (some in Blasted Lands, can be removed as well)
DELETE FROM `gameobject` WHERE (`guid` IN (71854, 71858, 71922, 74903, 74907, 74911, 75599, 77769, 77777, 77781, 77785, 77793, 77797, 77801, 77805, 77809, 77817, 77825, 77829, 77837, 77841, 77845, 77849, 77889, 77893, 77897, 77901, 77905, 77909, 77913, 77921, 77925, 77929, 77933, 77945, 77949, 77953, 77957, 77961, 77965, 77969, 77973, 77977, 77981, 77985, 77989, 77993, 77997, 78005, 78009, 78013, 78017, 78021, 78025, 78029, 78033, 105244, 105248));
DELETE FROM `pool_gameobject` WHERE (`guid` IN (71854, 71858, 71922, 74903, 74907, 74911, 75599, 77769, 77777, 77781, 77785, 77793, 77797, 77801, 77805, 77809, 77817, 77825, 77829, 77837, 77841, 77845, 77849, 77889, 77893, 77897, 77901, 77905, 77909, 77913, 77921, 77925, 77929, 77933, 77945, 77949, 77953, 77957, 77961, 77965, 77969, 77973, 77977, 77981, 77985, 77989, 77993, 77997, 78005, 78009, 78013, 78017, 78021, 78025, 78029, 78033, 105244, 105248));

-- Pool
DELETE FROM `pool_template` WHERE (`entry` IN (3335, 3336, 3337, 3339, 3340, 3341, 3343, 3344, 3346, 3347, 3349, 3351, 3352, 3353, 3354, 3355, 3356, 3358, 3361, 3362, 3363, 3365, 3366, 3367, 3369, 3370, 3371, 3374, 3376, 3377, 3378, 3379, 3380, 3383, 3384, 3387, 3388, 3389, 3390, 3393, 3396, 3397, 3398, 3399, 3400, 3401, 3402, 3405, 3407, 3410, 3412, 3413, 3415, 3416, 3417, 3418, 3419, 3420));

-- ----------------------------------------------------------------------------------------------------------------------------------------------------------------------------------------------------------------

INSERT INTO `gameobject` (`guid`, `id`, `map`, `spawnMask`, `position_x`, `position_y`, `position_z`, `orientation`, `rotation0`, `rotation1`, `rotation2`, `rotation3`, `spawntimesecsmin`, `spawntimesecsmax`) VALUES
(@OGUID + 00, 0, 0, 1, -9771.2412109375, -3734.661376953125, 28.73678970336914062, 0.174532130360603332, 0, 0, 0.087155342102050781, 0.996194720268249511, 600, 900),
(@OGUID + 01, 0, 0, 1, -10028.3525390625, -3339.568603515625, 39.69855880737304687, 5.462882041931152343, 0, 0, -0.39874839782714843, 0.917060375213623046, 600, 900),
(@OGUID + 02, 0, 0, 1, -10038.8798828125, -3207.033447265625, 33.95723724365234375, 2.740161895751953125, 0, 0, 0.979924201965332031, 0.199370384216308593, 600, 900),
(@OGUID + 03, 0, 0, 1, -10068.896484375, -3040.335205078125, 33.90872955322265625, 2.286378860473632812, 0, 0, 0.909960746765136718, 0.414694398641586303, 600, 900),
(@OGUID + 04, 0, 0, 1, -10056.775390625, -2949.120361328125, 40.8128814697265625, 1.48352813720703125, 0, 0, 0.675589561462402343, 0.737277925014495849, 600, 900),
(@OGUID + 05, 0, 0, 1, -10165.5400390625, -2706.524658203125, 38.98222732543945312, 3.106652259826660156, 0, 0, 0.999847412109375, 0.017469281330704689, 600, 900);

INSERT INTO `spawn_group` (`Id`, `Name`, `Type`, `MaxCount`, `WorldState`, `Flags`) VALUES
(@SGUID + 00, 'Swamp of Sorrows - Mithril Deposit | Gold Vein | Truesilver Deposit (1) Ore 000', '1', '1', '0', '0');

INSERT INTO `spawn_group_spawn` (`Id`, `Guid`, `SlotId`) VALUES
(@SGUID + 00, @OGUID + 00, '-1'),
(@SGUID + 00, @OGUID + 01, '-1'),
(@SGUID + 00, @OGUID + 02, '-1'),
(@SGUID + 00, @OGUID + 03, '-1'),
(@SGUID + 00, @OGUID + 04, '-1'),
(@SGUID + 00, @OGUID + 05, '-1');

INSERT INTO `spawn_group_entry` (`Id`, `Entry`, `MinCount`, `MaxCount`, `Chance`) VALUES
(@SGUID + 00, '2040', '0', '0', '0'),
(@SGUID + 00, '1734', '0', '0', '5'),
(@SGUID + 00, '2047', '0', '0', '5');

-- ----------------------------------------------------------------------------------------------------------------------------------------------------------------------------------------------------------------

INSERT INTO `gameobject` (`guid`, `id`, `map`, `spawnMask`, `position_x`, `position_y`, `position_z`, `orientation`, `rotation0`, `rotation1`, `rotation2`, `rotation3`, `spawntimesecsmin`, `spawntimesecsmax`) VALUES
(@OGUID + 10, 0, 0, 1, -10307.91796875, -3859.90625, -15.8640508651733398, 0.663223206996917724, 0, 0, 0.325567245483398437, 0.945518851280212402, 600, 900),
(@OGUID + 11, 0, 0, 1, -10375.5068359375, -3730.169677734375, -14.7174968719482421, 3.94444584846496582, 0, 0, -0.92050457000732421, 0.3907318115234375, 600, 900),
(@OGUID + 12, 0, 0, 1, -10500.484375, -3711.901611328125, -14.2690801620483398, 1.239183306694030761, 0, 0, 0.580702781677246093, 0.814115643501281738, 600, 900),
(@OGUID + 13, 0, 0, 1, -10560.533203125, -3810.099365234375, -13.062748908996582, 5.270895957946777343, 0, 0, -0.48480892181396484, 0.87462007999420166, 600, 900),
(@OGUID + 14, 0, 0, 1, -10534.685546875, -3936.408935546875, -12.4179239273071289, 3.961898565292358398, 0, 0, -0.91705989837646484, 0.398749500513076782, 600, 900),
(@OGUID + 15, 0, 0, 1, -10384.0048828125, -3932.75341796875, -14.0203485488891601, 5.532694816589355468, 0, 0, -0.3665008544921875, 0.93041771650314331, 600, 900);

INSERT INTO `spawn_group` (`Id`, `Name`, `Type`, `MaxCount`, `WorldState`, `Flags`) VALUES
(@SGUID + 01, 'Swamp of Sorrows - Mithril Deposit | Gold Vein | Truesilver Deposit (1) Ore 001', '1', '1', '0', '0');

INSERT INTO `spawn_group_spawn` (`Id`, `Guid`, `SlotId`) VALUES
(@SGUID + 01, @OGUID + 10, '-1'),
(@SGUID + 01, @OGUID + 11, '-1'),
(@SGUID + 01, @OGUID + 12, '-1'),
(@SGUID + 01, @OGUID + 13, '-1'),
(@SGUID + 01, @OGUID + 14, '-1'),
(@SGUID + 01, @OGUID + 15, '-1');

INSERT INTO `spawn_group_entry` (`Id`, `Entry`, `MinCount`, `MaxCount`, `Chance`) VALUES
(@SGUID + 01, '2040', '0', '0', '0'),
(@SGUID + 01, '1734', '0', '0', '5'),
(@SGUID + 01, '2047', '0', '0', '5');

-- ----------------------------------------------------------------------------------------------------------------------------------------------------------------------------------------------------------------

INSERT INTO `gameobject` (`guid`, `id`, `map`, `spawnMask`, `position_x`, `position_y`, `position_z`, `orientation`, `rotation0`, `rotation1`, `rotation2`, `rotation3`, `spawntimesecsmin`, `spawntimesecsmax`) VALUES
(@OGUID + 20, 0, 0, 1, -10831.09375, -3691.350341796875, 23.26971244812011718, 3.839725255966186523, 0, 0, -0.93969249725341796, 0.34202045202255249, 600, 900),
(@OGUID + 21, 0, 0, 1, -10876.728515625, -3720.6689453125, 23.55930519104003906, 0.628316879272460937, 0, 0, 0.309016227722167968, 0.95105677843093872, 600, 900),
(@OGUID + 22, 0, 0, 1, -10890.01953125, -3619.0556640625, 15.72168445587158203, 5.829400539398193359, 0, 0, -0.22495079040527343, 0.974370121955871582, 600, 900),
(@OGUID + 23, 0, 0, 1, -10913.6298828125, -3648.28955078125, 9.399294853210449218, 4.694936752319335937, 0, 0, -0.71325016021728515, 0.700909554958343505, 600, 900);

INSERT INTO `spawn_group` (`Id`, `Name`, `Type`, `MaxCount`, `WorldState`, `Flags`) VALUES
(@SGUID + 02, 'Swamp of Sorrows - Mithril Deposit | Gold Vein | Truesilver Deposit (1) Ore 002', '1', '1', '0', '0');

INSERT INTO `spawn_group_spawn` (`Id`, `Guid`, `SlotId`) VALUES
(@SGUID + 02, @OGUID + 20, '-1'),
(@SGUID + 02, @OGUID + 21, '-1'),
(@SGUID + 02, @OGUID + 22, '-1'),
(@SGUID + 02, @OGUID + 23, '-1');

INSERT INTO `spawn_group_entry` (`Id`, `Entry`, `MinCount`, `MaxCount`, `Chance`) VALUES
(@SGUID + 02, '2040', '0', '0', '0'),
(@SGUID + 02, '1734', '0', '0', '5'),
(@SGUID + 02, '2047', '0', '0', '5');

-- ----------------------------------------------------------------------------------------------------------------------------------------------------------------------------------------------------------------

INSERT INTO `gameobject` (`guid`, `id`, `map`, `spawnMask`, `position_x`, `position_y`, `position_z`, `orientation`, `rotation0`, `rotation1`, `rotation2`, `rotation3`, `spawntimesecsmin`, `spawntimesecsmax`) VALUES
(@OGUID + 30, 0, 0, 1, -10941.8408203125, -3645.3515625, 23.70574378967285156, 1.623155713081359863, 0, 0, 0.725374221801757812, 0.688354730606079101, 600, 900),
(@OGUID + 31, 0, 0, 1, -10950.3046875, -3693.776611328125, 26.43630599975585937, 4.206246376037597656, 0, 0, -0.86162853240966796, 0.50753939151763916, 600, 900),
(@OGUID + 32, 0, 0, 1, -10992.8916015625, -3674.350830078125, 25.43814277648925781, 3.612837791442871093, 0, 0, -0.97236919403076171, 0.233448356389999389, 600, 900),
(@OGUID + 33, 0, 0, 1, -11014.1904296875, -3703.7783203125, 20.71015357971191406, 4.956737518310546875, 0, 0, -0.61566066741943359, 0.788011372089385986, 600, 900);

INSERT INTO `spawn_group` (`Id`, `Name`, `Type`, `MaxCount`, `WorldState`, `Flags`) VALUES
(@SGUID + 03, 'Swamp of Sorrows - Mithril Deposit | Gold Vein | Truesilver Deposit (1) Ore 003', '1', '1', '0', '0');

INSERT INTO `spawn_group_spawn` (`Id`, `Guid`, `SlotId`) VALUES
(@SGUID + 03, @OGUID + 30, '-1'),
(@SGUID + 03, @OGUID + 31, '-1'),
(@SGUID + 03, @OGUID + 32, '-1'),
(@SGUID + 03, @OGUID + 33, '-1');

INSERT INTO `spawn_group_entry` (`Id`, `Entry`, `MinCount`, `MaxCount`, `Chance`) VALUES
(@SGUID + 03, '2040', '0', '0', '0'),
(@SGUID + 03, '1734', '0', '0', '5'),
(@SGUID + 03, '2047', '0', '0', '5');
