
/*
02 08 15 17 26 33 38 45 48
03 09 15 19 25 32 37 44 48
01 10 15 19 24 34 39 44 47
02 07 16 18 26 32 36 45 47
04 09 16 21 24 30 38 43 51
03 09 12 20 26 29 37 42 49
01 10 16 21 25 33 35 44 52
04 08 14 19 25 32 37 46 48
02 09 12 21 24 31 36 46 50
03 05 15 17 23 30 35 42 49
02 09 13 17 25 31 39 42 50
02 10 14 22 26 33 36 43 51
01 09 11 21 23 32 38 41 51
02 06 14 17 23 33 40 45 49
04 10 11 21 24 34 39 44 50
03 07 16 22 27 32 36 46 48
03 10 15 19 26 34 38 42 47
03 10 12 18 26 30 35 41 52
01 06 15 20 26 31 36 45 52
02 05 16 22 28 33 38 46 49
-- -----------------------
01 02 03 04
05 06 07 08 09 10
11 12 13 14 15 16
17 18 19 20 21 22
23 24 25 26 27 28
29 30 31 32 33 34
35 36 37 38 39 40
41 42 43 44 45 46
47 48 49 50 51 52

*/

SET @OGUID := 142200;
SET @SGUID := 421;

-- ----------------------------------------------------------------------------------------------------------------------------------------------------------------------------------------------------------------

-- Mithril Deposit
DELETE FROM `gameobject` WHERE (`guid` IN (71484, 71489, 71494, 71499, 73464, 73469, 73474, 73479, 73484, 73489, 73494, 73499, 73593, 73598, 74198, 74299, 74796, 74919, 74924, 74929, 75121, 75126, 75131,
75136, 75141, 75146, 75151, 75156, 75161, 75166, 75171, 75176, 75181, 75191, 75196, 77100, 77105, 77110, 77115, 77120, 77125, 77135, 77140, 77145, 77150, 77155, 77160, 77165, 77170, 77175, 77180, 77185, 77190,
77195, 77200, 77205, 77210, 77215, 77220, 77225, 77230, 77235, 77240, 77245, 77250, 77255, 77260, 77265, 77270, 77275, 77280, 77285, 77290, 77295, 77300, 77305, 77310, 77315, 77320, 77325, 77330, 77335, 77340,
77345, 77350, 77355, 77360, 77365, 77370, 77375, 77380, 77385, 77390, 77395, 77400, 77405, 77410, 77415, 77420, 77425, 77430, 77435, 77440, 77445, 77450, 77455, 77460, 77465, 77470, 77475, 77480, 77485, 77490,
77495, 77500, 77505, 77510, 77515, 77520, 77525, 77530, 77535, 77540, 77545, 77550, 77555, 77560, 77565, 77570, 77575, 77580, 77585, 77590, 77595, 77600, 77605, 77610, 77615, 77620, 77625, 77630, 77635, 77640,
77645, 77650, 77655, 77660, 77665, 77670, 77675, 77680, 77685, 77690, 77695, 77700, 77705, 77710, 77715, 77720, 77725, 77730, 77735, 77740, 77745, 77750, 77755, 105264));
DELETE FROM `pool_gameobject` WHERE (`guid` IN (71484, 71489, 71494, 71499, 73464, 73469, 73474, 73479, 73484, 73489, 73494, 73499, 73593, 73598, 74198, 74299, 74796, 74919, 74924, 74929, 75121, 75126, 75131,
75136, 75141, 75146, 75151, 75156, 75161, 75166, 75171, 75176, 75181, 75191, 75196, 77100, 77105, 77110, 77115, 77120, 77125, 77135, 77140, 77145, 77150, 77155, 77160, 77165, 77170, 77175, 77180, 77185, 77190,
77195, 77200, 77205, 77210, 77215, 77220, 77225, 77230, 77235, 77240, 77245, 77250, 77255, 77260, 77265, 77270, 77275, 77280, 77285, 77290, 77295, 77300, 77305, 77310, 77315, 77320, 77325, 77330, 77335, 77340,
77345, 77350, 77355, 77360, 77365, 77370, 77375, 77380, 77385, 77390, 77395, 77400, 77405, 77410, 77415, 77420, 77425, 77430, 77435, 77440, 77445, 77450, 77455, 77460, 77465, 77470, 77475, 77480, 77485, 77490,
77495, 77500, 77505, 77510, 77515, 77520, 77525, 77530, 77535, 77540, 77545, 77550, 77555, 77560, 77565, 77570, 77575, 77580, 77585, 77590, 77595, 77600, 77605, 77610, 77615, 77620, 77625, 77630, 77635, 77640,
77645, 77650, 77655, 77660, 77665, 77670, 77675, 77680, 77685, 77690, 77695, 77700, 77705, 77710, 77715, 77720, 77725, 77730, 77735, 77740, 77745, 77750, 77755, 105264));

-- Silver Vein
DELETE FROM `gameobject` WHERE (`guid` IN (71490, 73589, 73594, 73599, 74199, 74792, 75127, 75132, 75172, 75197, 77286, 77641, 77646, 77656, 77661, 77666, 77671, 77676, 77681, 77686, 77691, 77696, 77701,
77706, 77711, 77716, 77721, 77726, 77731, 77736, 77741, 77746, 77756));
DELETE FROM `pool_gameobject` WHERE (`guid` IN (71490, 73589, 73594, 73599, 74199, 74792, 75127, 75132, 75172, 75197, 77286, 77641, 77646, 77656, 77661, 77666, 77671, 77676, 77681, 77686, 77691, 77696, 77701,
77706, 77711, 77716, 77721, 77726, 77731, 77736, 77741, 77746, 77756));

-- Iron Deposit
DELETE FROM `gameobject` WHERE (`guid` IN (71488, 73498, 73592, 73597, 74197, 74298, 75125, 75130, 75170, 75195, 77284, 77639, 77644, 77654, 77659, 77664, 77669, 77674, 77679, 77684, 77689, 77694, 77699,
77704, 77709, 77714, 77719, 77724, 77729, 77734, 77739, 77744, 77754));
DELETE FROM `pool_gameobject` WHERE (`guid` IN (71488, 73498, 73592, 73597, 74197, 74298, 75125, 75130, 75170, 75195, 77284, 77639, 77644, 77654, 77659, 77664, 77669, 77674, 77679, 77684, 77689, 77694, 77699,
77704, 77709, 77714, 77719, 77724, 77729, 77734, 77739, 77744, 77754));

-- Gold Vein
DELETE FROM `gameobject` WHERE (`guid` IN (71491, 73590, 73595, 74195, 74296, 74793, 75128, 75133, 75173, 75198, 77287, 77642, 77647, 77657, 77662, 77667, 77672, 77677, 77682, 77687, 77692, 77697, 77702,
77707, 77712, 77717, 77722, 77727, 77732, 77737, 77742, 77747, 77757));
DELETE FROM `pool_gameobject` WHERE (`guid` IN (71491, 73590, 73595, 74195, 74296, 74793, 75128, 75133, 75173, 75198, 77287, 77642, 77647, 77657, 77662, 77667, 77672, 77677, 77682, 77687, 77692, 77697, 77702,
77707, 77712, 77717, 77722, 77727, 77732, 77737, 77742, 77747, 77757));

-- Pool
DELETE FROM `pool_template` WHERE (`entry` IN (3998, 4005, 4010, 4016, 4024, 4025, 4030, 4031, 4033, 4041, 4042, 4064, 4068, 4069, 4078, 4086, 4087, 4088, 4089, 4090, 4113, 4115, 4117, 4126, 4137, 4138, 4161, 4162, 4164, 4164, 4167, 4173, 4174));

-- ----------------------------------------------------------------------------------------------------------------------------------------------------------------------------------------------------------------

INSERT INTO `gameobject` (`guid`, `id`, `map`, `spawnMask`, `position_x`, `position_y`, `position_z`, `orientation`, `rotation0`, `rotation1`, `rotation2`, `rotation3`, `spawntimesecsmin`, `spawntimesecsmax`) VALUES
(@OGUID + 00, 0, 0, 1, -14577.6142578125, -241.36090087890625, 16.72220993041992187, 3.577930212020874023, 0, 0, -0.97629547119140625, 0.216442063450813293, 600, 900),
(@OGUID + 01, 0, 0, 1, -14690.671875, -250.130325317382812, 18.04431724548339843, 0.855210542678833007, 0, 0, 0.414692878723144531, 0.909961462020874023, 600, 900),
(@OGUID + 02, 0, 0, 1, -14641.486328125, -301.4630126953125, 27.0929412841796875, 3.839725255966186523, 0, 0, -0.93969249725341796, 0.34202045202255249, 600, 900),
(@OGUID + 03, 0, 0, 1, -14800.5400390625, -344.4912109375, 13.01642704010009765, 4.572763919830322265, 0, 0, -0.75470924377441406, 0.656059443950653076, 600, 900);

INSERT INTO `spawn_group` (`Id`, `Name`, `Type`, `MaxCount`, `WorldState`, `Flags`) VALUES
(@SGUID + 00, 'Stranglethorn Vale - Mithril Deposit | Gold Vein | Truesilver Deposit (1) Ore 000', '1', '1', '0', '0');

INSERT INTO `spawn_group_spawn` (`Id`, `Guid`, `SlotId`) VALUES
(@SGUID + 00, @OGUID + 00, '-1'),
(@SGUID + 00, @OGUID + 01, '-1'),
(@SGUID + 00, @OGUID + 02, '-1'),
(@SGUID + 00, @OGUID + 03, '-1');

INSERT INTO `spawn_group_entry` (`Id`, `Entry`, `MinCount`, `MaxCount`, `Chance`) VALUES
(@SGUID + 00, '2040', '0', '0', '0'),
(@SGUID + 00, '1734', '0', '0', '5'),
(@SGUID + 00, '2047', '0', '0', '5');

-- ----------------------------------------------------------------------------------------------------------------------------------------------------------------------------------------------------------------

INSERT INTO `gameobject` (`guid`, `id`, `map`, `spawnMask`, `position_x`, `position_y`, `position_z`, `orientation`, `rotation0`, `rotation1`, `rotation2`, `rotation3`, `spawntimesecsmin`, `spawntimesecsmax`) VALUES
(@OGUID + 10, 0, 0, 1, -14643.3349609375, 481.620025634765625, 23.79428672790527343, 2.72271275520324707, 0, 0, 0.978147506713867187, 0.207912087440490722, 600, 900),
(@OGUID + 11, 0, 0, 1, -14588.0517578125, 345.0294189453125, 8.205903053283691406, 5.410521507263183593, 0, 0, -0.42261791229248046, 0.906307935714721679, 600, 900),
(@OGUID + 12, 0, 0, 1, -14360.8115234375, 152.3434295654296875, 14.17462635040283203, 5.619962215423583984, 0, 0, -0.32556724548339843, 0.945518851280212402, 600, 900),
(@OGUID + 13, 0, 0, 1, -14254.453125, 5.336697101593017578, 7.669961929321289062, 5.218535900115966796, 0, 0, -0.507537841796875, 0.861629426479339599, 600, 900),
(@OGUID + 14, 0, 0, 1, -14089.419921875, -102.480583190917968, 6.934264183044433593, 1.204277276992797851, 0, 0, 0.56640625, 0.824126183986663818, 600, 900),
(@OGUID + 15, 0, 0, 1, -13766.9326171875, -237.310989379882812, 9.459273338317871093, 4.502951622009277343, 0, 0, -0.7771453857421875, 0.629321098327636718, 600, 900);

INSERT INTO `spawn_group` (`Id`, `Name`, `Type`, `MaxCount`, `WorldState`, `Flags`) VALUES
(@SGUID + 01, 'Stranglethorn Vale - Mithril Deposit | Gold Vein | Truesilver Deposit (1) Ore 001', '1', '1', '0', '0');

INSERT INTO `spawn_group_spawn` (`Id`, `Guid`, `SlotId`) VALUES
(@SGUID + 01, @OGUID + 10, '-1'),
(@SGUID + 01, @OGUID + 11, '-1'),
(@SGUID + 01, @OGUID + 12, '-1'),
(@SGUID + 01, @OGUID + 13, '-1'),
(@SGUID + 01, @OGUID + 14, '-1'),
(@SGUID + 01, @OGUID + 15, '-1');

INSERT INTO `spawn_group_entry` (`Id`, `Entry`, `MinCount`, `MaxCount`, `Chance`) VALUES
(@SGUID + 01, '2040', '0', '0', '0'),
(@SGUID + 01, '1734', '0', '0', '5'),
(@SGUID + 01, '2047', '0', '0', '5');

-- ----------------------------------------------------------------------------------------------------------------------------------------------------------------------------------------------------------------

INSERT INTO `gameobject` (`guid`, `id`, `map`, `spawnMask`, `position_x`, `position_y`, `position_z`, `orientation`, `rotation0`, `rotation1`, `rotation2`, `rotation3`, `spawntimesecsmin`, `spawntimesecsmax`) VALUES
(@OGUID + 20, 0, 0, 1, -13734.4091796875, 588.94232177734375, 28.36620712280273437, 0.366517573595046997, 0, 0, 0.182234764099121093, 0.98325502872467041, 600, 900),
(@OGUID + 21, 0, 0, 1, -13796.603515625, 610.09893798828125, 43.78837966918945312, 1.047197580337524414, 0, 0, 0.5, 0.866025388240814208, 600, 900),
(@OGUID + 22, 0, 0, 1, -13832.3173828125, 530.21087646484375, 58.07506561279296875, 2.67034769058227539, 0, 0, 0.972369194030761718, 0.233448356389999389, 600, 900),
(@OGUID + 23, 0, 0, 1, -13775.4140625, 452.27001953125, 92.77001190185546875, 4.049167633056640625, 0, 0, -0.89879322052001953, 0.438372820615768432, 600, 900),
(@OGUID + 24, 0, 0, 1, -13851.986328125, 457.751373291015625, 96.78133392333984375, 0.767943859100341796, 0, 0, 0.374606132507324218, 0.927184045314788818, 600, 900),
(@OGUID + 25, 0, 0, 1, -13896.1611328125, 458.6011962890625, 108.9813079833984375, 1.937312245368957519, 0, 0, 0.824125289916992187, 0.566407561302185058, 600, 900);

INSERT INTO `spawn_group` (`Id`, `Name`, `Type`, `MaxCount`, `WorldState`, `Flags`) VALUES
(@SGUID + 02, 'Stranglethorn Vale - Mithril Deposit | Gold Vein | Truesilver Deposit (1) Ore 002', '1', '1', '0', '0');

INSERT INTO `spawn_group_spawn` (`Id`, `Guid`, `SlotId`) VALUES
(@SGUID + 02, @OGUID + 20, '-1'),
(@SGUID + 02, @OGUID + 21, '-1'),
(@SGUID + 02, @OGUID + 22, '-1'),
(@SGUID + 02, @OGUID + 23, '-1'),
(@SGUID + 02, @OGUID + 24, '-1'),
(@SGUID + 02, @OGUID + 25, '-1');

INSERT INTO `spawn_group_entry` (`Id`, `Entry`, `MinCount`, `MaxCount`, `Chance`) VALUES
(@SGUID + 02, '2040', '0', '0', '0'),
(@SGUID + 02, '1734', '0', '0', '5'),
(@SGUID + 02, '2047', '0', '0', '5');

-- ----------------------------------------------------------------------------------------------------------------------------------------------------------------------------------------------------------------

INSERT INTO `gameobject` (`guid`, `id`, `map`, `spawnMask`, `position_x`, `position_y`, `position_z`, `orientation`, `rotation0`, `rotation1`, `rotation2`, `rotation3`, `spawntimesecsmin`, `spawntimesecsmax`) VALUES
(@OGUID + 30, 0, 0, 1, -13275.658203125, -155.402175903320312, 21.66211891174316406, 3.45575571060180664, 0, 0, -0.98768806457519531, 0.156436234712600708, 600, 900),
(@OGUID + 31, 0, 0, 1, -13258.1513671875, -211.43798828125, 35.7718963623046875, 2.129300594329833984, 0, 0, 0.874619483947753906, 0.484810054302215576, 600, 900),
(@OGUID + 32, 0, 0, 1, -13292.0751953125, -224.057083129882812, 20.62760734558105468, 5.969027042388916015, 0, 0, -0.1564340591430664, 0.987688362598419189, 600, 900),
(@OGUID + 33, 0, 0, 1, -13271.47265625, -311.88238525390625, 25.40764045715332031, 3.263772249221801757, 0, 0, -0.99813461303710937, 0.061051756143569946, 600, 900),
(@OGUID + 34, 0, 0, 1, -13389.4775390625, -251.859817504882812, 17.50629615783691406, 1.239183306694030761, 0, 0, 0.580702781677246093, 0.814115643501281738, 600, 900),
(@OGUID + 35, 0, 0, 1, -13375.166015625, -373.26617431640625, 23.53435707092285156, 5.969027042388916015, 0, 0, -0.1564340591430664, 0.987688362598419189, 600, 900);

INSERT INTO `spawn_group` (`Id`, `Name`, `Type`, `MaxCount`, `WorldState`, `Flags`) VALUES
(@SGUID + 03, 'Stranglethorn Vale - Mithril Deposit | Gold Vein | Truesilver Deposit (1) Ore 003', '1', '1', '0', '0');

INSERT INTO `spawn_group_spawn` (`Id`, `Guid`, `SlotId`) VALUES
(@SGUID + 03, @OGUID + 30, '-1'),
(@SGUID + 03, @OGUID + 31, '-1'),
(@SGUID + 03, @OGUID + 32, '-1'),
(@SGUID + 03, @OGUID + 33, '-1'),
(@SGUID + 03, @OGUID + 34, '-1'),
(@SGUID + 03, @OGUID + 35, '-1');

INSERT INTO `spawn_group_entry` (`Id`, `Entry`, `MinCount`, `MaxCount`, `Chance`) VALUES
(@SGUID + 03, '2040', '0', '0', '0'),
(@SGUID + 03, '1734', '0', '0', '5'),
(@SGUID + 03, '2047', '0', '0', '5');

-- ----------------------------------------------------------------------------------------------------------------------------------------------------------------------------------------------------------------

INSERT INTO `gameobject` (`guid`, `id`, `map`, `spawnMask`, `position_x`, `position_y`, `position_z`, `orientation`, `rotation0`, `rotation1`, `rotation2`, `rotation3`, `spawntimesecsmin`, `spawntimesecsmax`) VALUES
(@OGUID + 40, 0, 0, 1, -13105.73046875, -506.415252685546875, 8.608036041259765625, 5.550147056579589843, 0, 0, -0.358367919921875, 0.933580458164215087, 600, 900),
(@OGUID + 41, 0, 0, 1, -13197.9228515625, -458.838226318359375, 10.45659828186035156, 4.084071159362792968, 0, 0, -0.8910064697265625, 0.453990638256072998, 600, 900),
(@OGUID + 42, 0, 0, 1, -13155.2373046875, -551.0018310546875, 4.781670093536376953, 5.864306926727294921, 0, 0, -0.20791149139404296, 0.978147625923156738, 600, 900),
(@OGUID + 43, 0, 0, 1, -13249.5048828125, -519.6358642578125, 18.03768348693847656, 5.70722818374633789, 0, 0, -0.28401470184326171, 0.958819925785064697, 600, 900),
(@OGUID + 44, 0, 0, 1, -13231.2392578125, -540.24188232421875, 7.93169403076171875, 3.892086982727050781, 0, 0, -0.93041706085205078, 0.366502493619918823, 600, 900),
(@OGUID + 45, 0, 0, 1, -13214.25390625, -616.3885498046875, 4.807421207427978515, 5.777040958404541015, 0, 0, -0.25037956237792968, 0.968147754669189453, 600, 900);

INSERT INTO `spawn_group` (`Id`, `Name`, `Type`, `MaxCount`, `WorldState`, `Flags`) VALUES
(@SGUID + 04, 'Stranglethorn Vale - Mithril Deposit | Gold Vein | Truesilver Deposit (1) Ore 004', '1', '1', '0', '0');

INSERT INTO `spawn_group_spawn` (`Id`, `Guid`, `SlotId`) VALUES
(@SGUID + 04, @OGUID + 40, '-1'),
(@SGUID + 04, @OGUID + 41, '-1'),
(@SGUID + 04, @OGUID + 42, '-1'),
(@SGUID + 04, @OGUID + 43, '-1'),
(@SGUID + 04, @OGUID + 44, '-1'),
(@SGUID + 04, @OGUID + 45, '-1');

INSERT INTO `spawn_group_entry` (`Id`, `Entry`, `MinCount`, `MaxCount`, `Chance`) VALUES
(@SGUID + 04, '2040', '0', '0', '0'),
(@SGUID + 04, '1734', '0', '0', '5'),
(@SGUID + 04, '2047', '0', '0', '5');

-- ----------------------------------------------------------------------------------------------------------------------------------------------------------------------------------------------------------------

INSERT INTO `gameobject` (`guid`, `id`, `map`, `spawnMask`, `position_x`, `position_y`, `position_z`, `orientation`, `rotation0`, `rotation1`, `rotation2`, `rotation3`, `spawntimesecsmin`, `spawntimesecsmax`) VALUES
(@OGUID + 50, 0, 0, 1, -12788.6689453125, 222.430938720703125, 18.91571807861328125, 1.239183306694030761, 0, 0, 0.580702781677246093, 0.814115643501281738, 600, 900),
(@OGUID + 51, 0, 0, 1, -12851.3427734375, 268.714691162109375, 19.05393218994140625, 1.692969322204589843, 0, 0, 0.748955726623535156, 0.662620067596435546, 600, 900),
(@OGUID + 52, 0, 0, 1, -12931.95703125, 316.983123779296875, 23.45518875122070312, 0.314158439636230468, 0, 0, 0.156434059143066406, 0.987688362598419189, 600, 900),
(@OGUID + 53, 0, 0, 1, -13118.3095703125, 164.4087982177734375, 42.82506561279296875, 2.129300594329833984, 0, 0, 0.874619483947753906, 0.484810054302215576, 600, 900),
(@OGUID + 54, 0, 0, 1, -12948.064453125, 76.1396484375, 43.80914688110351562, 3.45575571060180664, 0, 0, -0.98768806457519531, 0.156436234712600708, 600, 900),
(@OGUID + 55, 0, 0, 1, -12929.7421875, 2.95280003547668457, 30.89986801147460937, 5.969027042388916015, 0, 0, -0.1564340591430664, 0.987688362598419189, 600, 900);

INSERT INTO `spawn_group` (`Id`, `Name`, `Type`, `MaxCount`, `WorldState`, `Flags`) VALUES
(@SGUID + 05, 'Stranglethorn Vale - Mithril Deposit | Gold Vein | Truesilver Deposit (1) Ore 005', '1', '1', '0', '0');

INSERT INTO `spawn_group_spawn` (`Id`, `Guid`, `SlotId`) VALUES
(@SGUID + 05, @OGUID + 50, '-1'),
(@SGUID + 05, @OGUID + 51, '-1'),
(@SGUID + 05, @OGUID + 52, '-1'),
(@SGUID + 05, @OGUID + 53, '-1'),
(@SGUID + 05, @OGUID + 54, '-1'),
(@SGUID + 05, @OGUID + 55, '-1');

INSERT INTO `spawn_group_entry` (`Id`, `Entry`, `MinCount`, `MaxCount`, `Chance`) VALUES
(@SGUID + 05, '2040', '0', '0', '0'),
(@SGUID + 05, '1734', '0', '0', '5'),
(@SGUID + 05, '2047', '0', '0', '5');

-- ----------------------------------------------------------------------------------------------------------------------------------------------------------------------------------------------------------------

INSERT INTO `gameobject` (`guid`, `id`, `map`, `spawnMask`, `position_x`, `position_y`, `position_z`, `orientation`, `rotation0`, `rotation1`, `rotation2`, `rotation3`, `spawntimesecsmin`, `spawntimesecsmax`) VALUES
(@OGUID + 60, 0, 0, 1, -12840.5263671875, -610.49359130859375, 66.9923858642578125, 5.096362113952636718, 0, 0, -0.55919265747070312, 0.829037725925445556, 600, 900),
(@OGUID + 61, 0, 0, 1, -12977.240234375, -542.20855712890625, 73.244232177734375, 1.274088263511657714, 0, 0, 0.594821929931640625, 0.80385744571685791, 600, 900),
(@OGUID + 62, 0, 0, 1, -13101.951171875, -670.345703125, 79.26654815673828125, 1.972219824790954589, 0, 0, 0.83388519287109375, 0.55193793773651123, 600, 900),
(@OGUID + 63, 0, 0, 1, -13090.935546875, -751.57269287109375, 85.17955780029296875, 3.630291461944580078, 0, 0, -0.97029495239257812, 0.241925001144409179, 600, 900),
(@OGUID + 64, 0, 0, 1, -13003.7451171875, -756.3096923828125, 59.34263992309570312, 1.937312245368957519, 0, 0, 0.824125289916992187, 0.566407561302185058, 600, 900),
(@OGUID + 65, 0, 0, 1, -12939.9384765625, -887.410400390625, 73.31673431396484375, 3.351046562194824218, 0, 0, -0.99452114105224609, 0.104535527527332305, 600, 900);

INSERT INTO `spawn_group` (`Id`, `Name`, `Type`, `MaxCount`, `WorldState`, `Flags`) VALUES
(@SGUID + 06, 'Stranglethorn Vale - Mithril Deposit | Gold Vein | Truesilver Deposit (1) Ore 006', '1', '1', '0', '0');

INSERT INTO `spawn_group_spawn` (`Id`, `Guid`, `SlotId`) VALUES
(@SGUID + 06, @OGUID + 60, '-1'),
(@SGUID + 06, @OGUID + 61, '-1'),
(@SGUID + 06, @OGUID + 62, '-1'),
(@SGUID + 06, @OGUID + 63, '-1'),
(@SGUID + 06, @OGUID + 64, '-1'),
(@SGUID + 06, @OGUID + 65, '-1');

INSERT INTO `spawn_group_entry` (`Id`, `Entry`, `MinCount`, `MaxCount`, `Chance`) VALUES
(@SGUID + 06, '2040', '0', '0', '0'),
(@SGUID + 06, '1734', '0', '0', '5'),
(@SGUID + 06, '2047', '0', '0', '5');

-- ----------------------------------------------------------------------------------------------------------------------------------------------------------------------------------------------------------------

INSERT INTO `gameobject` (`guid`, `id`, `map`, `spawnMask`, `position_x`, `position_y`, `position_z`, `orientation`, `rotation0`, `rotation1`, `rotation2`, `rotation3`, `spawntimesecsmin`, `spawntimesecsmax`) VALUES
(@OGUID + 70, 0, 0, 1, -12389.759765625, -1067.4615478515625, 3.137420892715454101, 0.418878614902496337, 0, 0, 0.207911491394042968, 0.978147625923156738, 600, 900),
(@OGUID + 71, 0, 0, 1, -12344.4833984375, -1087.3170166015625, 3.178427934646606445, 3.595378875732421875, 0, 0, -0.97437000274658203, 0.224951311945915222, 600, 900),
(@OGUID + 72, 0, 0, 1, -12306.4873046875, -1111.939208984375, 5.936635971069335937, 2.932138919830322265, 0, 0, 0.994521141052246093, 0.104535527527332305, 600, 900),
(@OGUID + 73, 0, 0, 1, -12365.7939453125, -1119.5657958984375, 3.820461988449096679, 6.161012649536132812, 0, 0, -0.06104850769042968, 0.998134791851043701, 600, 900),
(@OGUID + 74, 0, 0, 1, -12374.3134765625, -1146.684326171875, 3.525089979171752929, 5.497788906097412109, 0, 0, -0.38268280029296875, 0.923879802227020263, 600, 900),
(@OGUID + 75, 0, 0, 1, -12337.3876953125, -1156.7122802734375, 3.99737405776977539, 1.32644820213317871, 0, 0, 0.615660667419433593, 0.788011372089385986, 600, 900);

INSERT INTO `spawn_group` (`Id`, `Name`, `Type`, `MaxCount`, `WorldState`, `Flags`) VALUES
(@SGUID + 07, 'Stranglethorn Vale - Mithril Deposit | Gold Vein | Truesilver Deposit (1) Ore 007', '1', '1', '0', '0');

INSERT INTO `spawn_group_spawn` (`Id`, `Guid`, `SlotId`) VALUES
(@SGUID + 07, @OGUID + 70, '-1'),
(@SGUID + 07, @OGUID + 71, '-1'),
(@SGUID + 07, @OGUID + 72, '-1'),
(@SGUID + 07, @OGUID + 73, '-1'),
(@SGUID + 07, @OGUID + 74, '-1'),
(@SGUID + 07, @OGUID + 75, '-1');

INSERT INTO `spawn_group_entry` (`Id`, `Entry`, `MinCount`, `MaxCount`, `Chance`) VALUES
(@SGUID + 07, '2040', '0', '0', '0'),
(@SGUID + 07, '1734', '0', '0', '5'),
(@SGUID + 07, '2047', '0', '0', '5');

-- ----------------------------------------------------------------------------------------------------------------------------------------------------------------------------------------------------------------

INSERT INTO `gameobject` (`guid`, `id`, `map`, `spawnMask`, `position_x`, `position_y`, `position_z`, `orientation`, `rotation0`, `rotation1`, `rotation2`, `rotation3`, `spawntimesecsmin`, `spawntimesecsmax`) VALUES
(@OGUID + 80, 0, 0, 1, -11447.3623046875, -845.44757080078125, 15.47857189178466796, 6.14356088638305664, 0, 0, -0.06975555419921875, 0.997564136981964111, 600, 900),
(@OGUID + 81, 0, 0, 1, -11444.6259765625, -935.03277587890625, 22.50527763366699218, 1.884953022003173828, 0, 0, 0.809016227722167968, 0.587786316871643066, 600, 900),
(@OGUID + 82, 0, 0, 1, -11394.4736328125, -878.48077392578125, 20.57818603515625, 2.530723094940185546, 0, 0, 0.953716278076171875, 0.300707906484603881, 600, 900),
(@OGUID + 83, 0, 0, 1, -11406.3388671875, -916.361328125, 19.12503814697265625, 6.161012649536132812, 0, 0, -0.06104850769042968, 0.998134791851043701, 600, 900),
(@OGUID + 84, 0, 0, 1, -11346.421875, -962.4852294921875, 33.11478424072265625, 0.925023794174194335, 0, 0, 0.446197509765625, 0.894934535026550292, 600, 900),
(@OGUID + 85, 0, 0, 1, -11337.7783203125, -994.74932861328125, 31.29687118530273437, 4.206246376037597656, 0, 0, -0.86162853240966796, 0.50753939151763916, 600, 900);

INSERT INTO `spawn_group` (`Id`, `Name`, `Type`, `MaxCount`, `WorldState`, `Flags`) VALUES
(@SGUID + 08, 'Stranglethorn Vale - Mithril Deposit | Gold Vein | Truesilver Deposit (1) Ore 008', '1', '1', '0', '0');

INSERT INTO `spawn_group_spawn` (`Id`, `Guid`, `SlotId`) VALUES
(@SGUID + 08, @OGUID + 80, '-1'),
(@SGUID + 08, @OGUID + 81, '-1'),
(@SGUID + 08, @OGUID + 82, '-1'),
(@SGUID + 08, @OGUID + 83, '-1'),
(@SGUID + 08, @OGUID + 84, '-1'),
(@SGUID + 08, @OGUID + 85, '-1');

INSERT INTO `spawn_group_entry` (`Id`, `Entry`, `MinCount`, `MaxCount`, `Chance`) VALUES
(@SGUID + 08, '2040', '0', '0', '0'),
(@SGUID + 08, '1734', '0', '0', '5'),
(@SGUID + 08, '2047', '0', '0', '5');
