-- EASTERN KINGDOMS, MAP 0
INSERT INTO `gameobject` (`guid`, `id`, `map`, `spawnMask`, `position_x`, `position_y`, `position_z`, `orientation`, `rotation0`, `rotation1`, `rotation2`, `rotation3`, `spawntimesecsmin`, `spawntimesecsmax`)
VALUES
-- Alterac Mountains:
-- Arathi Highlands:
(1245, 1732, 0, 1, -1278.331909, -1486.996094, 65.326317, -0.574095, 0, 0, 0, 0, 300, 300), -- tin vein
(1275, 1732, 0, 1, -1393.244019, -1486.996094, 67.078056, -2.379389, 0, 0, 0, 0, 300, 300),
(1276, 1732, 0, 1, -1481.822021, -1530.112061, 63.606644, 1.979007, 0, 0, 0, 0, 300, 300),
(1277, 1732, 0, 1, -1077.235962, -1612.750977, 50.669540, -1.280015, 0, 0, 0, 0, 300, 300),
(1278, 1732, 0, 1, -1079.630005, -1612.750977, 51.324249, -0.994758, 0, 0, 0, 0, 300, 300),
(1279, 1732, 0, 1, -1180.177979, -1670.239014, 52.236595, 0.423585, 0, 0, 0, 0, 300, 300),
(1280, 1732, 0, 1, -1438.729980, -1716.947998, 56.519184, -0.964802, 0, 0, 0, 0, 300, 300),
(1281, 1732, 0, 1, -1436.336060, -1720.541016, 55.994503, 0.742131, 0, 0, 0, 0, 300, 300),
(1282, 1732, 0, 1, -840.229980, -1724.134033, 57.279694, 0.942019, 0, 0, 0, 0, 300, 300),
(1283, 1732, 0, 1, -837.835999, -1727.727051, 54.068207, -0.928977, 0, 0, 0, 0, 300, 300),
(1284, 1732, 0, 1, -909.656006, -1889.412109, 70.477501, 2.869521, 0, 0, 0, 0, 300, 300),
(1285, 1732, 0, 1, -912.049988, -1889.412109, 72.118126, 2.398545, 0, 0, 0, 0, 300, 300),
(1286, 1732, 0, 1, -909.656006, -1893.005005, 69.644150, 0.282712, 0, 0, 0, 0, 300, 300),
(1287, 1732, 0, 1, -912.049988, -1893.005005, 71.171951, 1.967464, 0, 0, 0, 0, 300, 300),
(1288, 1732, 0, 1, -1192.147949, -1982.829956, 74.302002, 1.754927, 0, 0, 0, 0, 300, 300),
(1289, 1732, 0, 1, -1613.491943, -1993.609009, 37.228821, 1.444282, 0, 0, 0, 0, 300, 300),
(1290, 1732, 0, 1, -1565.611938, -2069.062012, 37.816296, -2.116329, 0, 0, 0, 0, 300, 300),
(1291, 1732, 0, 1, -1565.611938, -2076.248047, 35.565598, -1.428299, 0, 0, 0, 0, 300, 300),
(1292, 1732, 0, 1, -689.407959, -2097.806152, 55.319920, 0.909751, 0, 0, 0, 0, 300, 300),
(1293, 1732, 0, 1, -696.590027, -2097.806152, 56.079311, -0.922850, 0, 0, 0, 0, 300, 300),
(1294, 1732, 0, 1, -1709.251953, -2137.329102, 43.588627, -3.093298, 0, 0, 0, 0, 300, 300),
(1295, 1732, 0, 1, -1436.336060, -2173.259033, 27.138731, 1.378953, 0, 0, 0, 0, 300, 300),
(1296, 1732, 0, 1, -1441.124023, -2173.259033, 24.337101, -0.134347, 0, 0, 0, 0, 300, 300),
(1297, 1732, 0, 1, -1781.072021, -2227.153809, 55.089378, -0.638586, 0, 0, 0, 0, 300, 300),
(1298, 1732, 0, 1, -1536.884033, -2273.863037, 32.479527, 1.319087, 0, 0, 0, 0, 300, 300),
(1299, 1732, 0, 1, -1532.095947, -2277.456055, 32.495796, -2.750050, 0, 0, 0, 0, 300, 300),
(1300, 1732, 0, 1, -1881.619995, -2291.828125, 60.973431, 2.371190, 0, 0, 0, 0, 300, 300),
(1301, 1732, 0, 1, -1309.453979, -2309.792969, 66.475548, -0.123141, 0, 0, 0, 0, 300, 300),
(1302, 1732, 0, 1, -1579.975952, -2331.351074, 84.590546, -1.590142, 0, 0, 0, 0, 300, 300),
(1303, 1732, 0, 1, -1582.369995, -2331.351074, 86.197090, 2.888085, 0, 0, 0, 0, 300, 300),
(1304, 1732, 0, 1, -1113.145996, -2356.501953, 51.511364, -0.290786, 0, 0, 0, 0, 300, 300),
(1305, 1732, 0, 1, -1110.751953, -2360.094971, 49.644108, 0.745222, 0, 0, 0, 0, 300, 300),
(1306, 1732, 0, 1, -1388.455933, -2572.082031, 83.023865, 0.129342, 0, 0, 0, 0, 300, 300),
(1307, 1732, 0, 1, -1390.849976, -2572.082031, 83.836288, -0.481451, 0, 0, 0, 0, 300, 300),
(1308, 1732, 0, 1, -1390.849976, -2575.674805, 85.231606, -1.363520, 0, 0, 0, 0, 300, 300),
(1309, 1732, 0, 1, -1122.721924, -2600.825928, 61.233864, -1.375864, 0, 0, 0, 0, 300, 300),
(1310, 1732, 0, 1, -1127.510010, -2600.825928, 63.182941, 1.575344, 0, 0, 0, 0, 300, 300),
(1311, 1732, 0, 1, -1675.735962, -2600.825928, 61.780872, -0.286245, 0, 0, 0, 0, 300, 300),
(1312, 1732, 0, 1, -1005.415955, -2708.616211, 59.935600, 1.454778, 0, 0, 0, 0, 300, 300),
(1313, 1732, 0, 1, -1007.809998, -2708.616211, 60.473885, 1.996041, 0, 0, 0, 0, 300, 300),
(1314, 1732, 0, 1, -1213.693970, -2776.883057, 55.491768, -2.412051, 0, 0, 0, 0, 300, 300),
(1315, 1732, 0, 1, -955.141968, -2967.312012, 75.562805, 1.951251, 0, 0, 0, 0, 300, 300),
(1316, 1732, 0, 1, -955.141968, -2970.905029, 75.693993, 2.827206, 0, 0, 0, 0, 300, 300),
(1317, 1732, 0, 1, -1728.404053, -3100.252930, 25.298229, -0.870513, 0, 0, 0, 0, 300, 300),
(1318, 1732, 0, 1, -1831.345947, -3125.404053, 45.047031, -1.327685, 0, 0, 0, 0, 300, 300),
(1319, 1732, 0, 1, -1730.797974, -3434.401855, 52.480778, 1.807167, 0, 0, 0, 0, 300, 300),
(1320, 1732, 0, 1, -1570.400024, -3466.739014, 60.314163, 0.901517, 0, 0, 0, 0, 300, 300),
(1321, 1732, 0, 1, -1568.005981, -3473.925049, 60.481434, -2.547904, 0, 0, 0, 0, 300, 300),
(1322, 1733, 0, 1, -1398.031982, -1486.996094, 69.373566, 1.031739, 0, 0, 0, 0, 300, 300), -- silver vein
(1323, 1733, 0, 1, -933.596008, -1558.855957, 59.060581, 0.176912, 0, 0, 0, 0, 300, 300),
(1324, 1733, 0, 1, -935.989990, -1558.855957, 58.241295, -1.510407, 0, 0, 0, 0, 300, 300),
(1325, 1733, 0, 1, -2365.208008, -1558.855957, -44.361179, -1.758051, 0, 0, 0, 0, 300, 300),
(1326, 1733, 0, 1, -2113.837891, -1634.309082, -13.172449, -2.513724, 0, 0, 0, 0, 300, 300),
(1327, 1733, 0, 1, -2235.932129, -1641.494995, -32.845375, 3.089272, 0, 0, 0, 0, 300, 300),
(1328, 1733, 0, 1, -837.835999, -1727.727051, 54.068207, -1.108848, 0, 0, 0, 0, 300, 300),
(1329, 1733, 0, 1, -840.229980, -1727.727051, 55.141922, 2.007313, 0, 0, 0, 0, 300, 300),
(1330, 1733, 0, 1, -1007.809998, -1752.878052, 46.202072, -1.227177, 0, 0, 0, 0, 300, 300),
(1331, 1733, 0, 1, -2353.238037, -1756.470947, -31.475569, 1.170202, 0, 0, 0, 0, 300, 300),
(1332, 1733, 0, 1, -859.382019, -1813.958984, 46.174591, 1.339299, 0, 0, 0, 0, 300, 300),
(1333, 1733, 0, 1, -579.283997, -1842.703003, 58.329899, -0.444748, 0, 0, 0, 0, 300, 300),
(1334, 1733, 0, 1, -912.049988, -1889.412109, 72.118126, 2.415617, 0, 0, 0, 0, 300, 300),
(1335, 1733, 0, 1, -909.656006, -1893.005005, 69.644150, 1.291270, 0, 0, 0, 0, 300, 300),
(1336, 1733, 0, 1, -912.049988, -1893.005005, 71.171951, -2.851044, 0, 0, 0, 0, 300, 300),
(1337, 1733, 0, 1, -1187.359985, -1954.085938, 66.059578, -1.382374, 0, 0, 0, 0, 300, 300),
(1338, 1733, 0, 1, -912.049988, -1972.051025, 51.671005, 1.628659, 0, 0, 0, 0, 300, 300),
(1339, 1733, 0, 1, -567.313965, -1975.644043, 64.042923, -0.064024, 0, 0, 0, 0, 300, 300),
(1340, 1733, 0, 1, -1189.754028, -1982.829956, 72.704575, -1.995309, 0, 0, 0, 0, 300, 300),
(1341, 1733, 0, 1, -1613.491943, -1993.609009, 37.228821, 2.816522, 0, 0, 0, 0, 300, 300),
(1342, 1733, 0, 1, -1228.057983, -1997.202026, 36.291058, 0.156763, 0, 0, 0, 0, 300, 300),
(1343, 1733, 0, 1, -1240.269043, -2004.130981, 41.978142, -0.519450, 0, 0, 0, 0, 300, 300),
(1344, 1733, 0, 1, -677.437988, -2015.166992, 59.281128, 2.510497, 0, 0, 0, 0, 300, 300),
(1431, 1733, 0, 1, -1236.616211, -2050.809814, 48.123730, -0.525581, 0, 0, 0, 0, 300, 300),
(1442, 1733, 0, 1, -1191.327535, -2056.305176, 43.187965, 0.727936, 0, 0, 0, 0, 300, 300),
(1462, 1733, 0, 1, -1565.611938, -2076.248047, 35.565598, 1.207245, 0, 0, 0, 0, 300, 300),
(1466, 1733, 0, 1, -1141.874023, -2090.620117, 72.500931, 0.068080, 0, 0, 0, 0, 300, 300),
(1493, 1733, 0, 1, -1206.814575, -2092.395264, 51.088165, 0.036849, 0, 0, 0, 0, 300, 300),
(1508, 1733, 0, 1, -1747.556030, -2094.212891, 69.234787, -2.676050, 0, 0, 0, 0, 300, 300),
(1578, 1733, 0, 1, -643.921997, -2101.398926, 70.034431, 1.104372, 0, 0, 0, 0, 300, 300),
(1605, 1733, 0, 1, -691.802002, -2101.398926, 55.664387, 0.901535, 0, 0, 0, 0, 300, 300),
(1618, 1733, 0, 1, -646.315979, -2108.584961, 71.519684, 1.927445, 0, 0, 0, 0, 300, 300),
(1619, 1733, 0, 1, -1613.491943, -2122.957031, 29.622757, 2.570453, 0, 0, 0, 0, 300, 300),
(1620, 1733, 0, 1, -1709.251953, -2140.921875, 45.106209, -0.958311, 0, 0, 0, 0, 300, 300),
(1636, 1733, 0, 1, -739.682007, -2166.072998, 54.571022, 0.119115, 0, 0, 0, 0, 300, 300),
(1637, 1733, 0, 1, -1436.336060, -2176.852051, 30.333271, -2.032981, 0, 0, 0, 0, 300, 300),
(1646, 1733, 0, 1, -1781.072021, -2227.153809, 55.089378, -0.091226, 0, 0, 0, 0, 300, 300),
(1647, 1733, 0, 1, -957.536011, -2234.339844, 58.410370, -0.642945, 0, 0, 0, 0, 300, 300),
(1656, 1733, 0, 1, -962.323975, -2234.339844, 60.138256, -2.251700, 0, 0, 0, 0, 300, 300),
(1673, 1733, 0, 1, -689.407959, -2241.525879, 70.412819, 2.088164, 0, 0, 0, 0, 300, 300),
(1682, 1733, 0, 1, -1165.813965, -2255.897949, 59.573849, -1.025824, 0, 0, 0, 0, 300, 300),
(1735, 1733, 0, 1, -1536.884033, -2273.863037, 32.479527, -2.916236, 0, 0, 0, 0, 300, 300),
(1736, 1733, 0, 1, -1881.619995, -2291.828125, 60.973431, 0.601700, 0, 0, 0, 0, 300, 300),
(1769, 1733, 0, 1, -1309.453979, -2309.792969, 66.475548, -1.734830, 0, 0, 0, 0, 300, 300),
(1770, 1733, 0, 1, -809.108032, -2331.351074, 72.133995, -2.336185, 0, 0, 0, 0, 300, 300),
(1771, 1733, 0, 1, -1582.369995, -2331.351074, 86.197090, -1.332865, 0, 0, 0, 0, 300, 300),
(1774, 1733, 0, 1, -1960.622070, -2345.723145, 57.957138, 2.054850, 0, 0, 0, 0, 300, 300),
(1785, 1733, 0, 1, -1113.145996, -2356.501953, 51.511364, -2.544015, 0, 0, 0, 0, 300, 300),
(1873, 1733, 0, 1, -1115.540039, -2360.094971, 52.225815, -0.989860, 0, 0, 0, 0, 300, 300),
(1874, 1733, 0, 1, -885.716003, -2367.281006, 67.523460, 0.887989, 0, 0, 0, 0, 300, 300),
(1875, 1733, 0, 1, -888.109985, -2428.361816, 60.681053, 1.050464, 0, 0, 0, 0, 300, 300),
(1876, 1733, 0, 1, -1390.849976, -2572.082031, 83.836288, 2.023104, 0, 0, 0, 0, 300, 300),
(1877, 1733, 0, 1, -1390.849976, -2575.674805, 85.231606, 1.054090, 0, 0, 0, 0, 300, 300),
(1878, 1733, 0, 1, -986.264038, -2586.454102, 62.680580, -1.410671, 0, 0, 0, 0, 300, 300),
(1879, 1733, 0, 1, -1122.721924, -2600.825928, 61.233864, 0.356139, 0, 0, 0, 0, 300, 300),
(1880, 1733, 0, 1, -1127.510010, -2600.825928, 63.182941, 0.439026, 0, 0, 0, 0, 300, 300),
(1881, 1733, 0, 1, -1675.735962, -2600.825928, 61.780872, -1.417593, 0, 0, 0, 0, 300, 300),
(1882, 1733, 0, 1, -1278.331909, -2672.686035, 68.106575, 2.768993, 0, 0, 0, 0, 300, 300),
(1883, 1733, 0, 1, -1994.138062, -2697.836914, 81.775330, -0.063683, 0, 0, 0, 0, 300, 300),
(1884, 1733, 0, 1, -1005.415955, -2712.208984, 62.526855, -0.010786, 0, 0, 0, 0, 300, 300),
(1885, 1733, 0, 1, -1970.197998, -2762.510986, 81.706322, -2.471364, 0, 0, 0, 0, 300, 300),
(1886, 1733, 0, 1, -926.414001, -2773.290039, 66.976440, -3.030899, 0, 0, 0, 0, 300, 300),
(1887, 1733, 0, 1, -1213.693970, -2776.883057, 55.491768, 2.176684, 0, 0, 0, 0, 300, 300),
(1888, 1733, 0, 1, -2060.008789, -2780.019531, 68.658821, 0.352549, 0, 0, 0, 0, 300, 300),
(1889, 1733, 0, 1, -2042.000000, -2791.260010, 72.050087, 0.786951, 0, 0, 0, 0, 300, 300),
(1890, 1733, 0, 1, -1929.500000, -2794.848145, 75.211113, -1.467571, 0, 0, 0, 0, 300, 300),
(1891, 1733, 0, 1, -1840.921997, -2798.440918, 62.505730, -2.167392, 0, 0, 0, 0, 300, 300),
(1892, 1733, 0, 1, -1977.380005, -2805.626953, 82.769859, 2.381025, 0, 0, 0, 0, 300, 300),
(1893, 1733, 0, 1, -1994.276733, -2820.439697, 77.068565, 2.037845, 0, 0, 0, 0, 300, 300),
(1894, 1733, 0, 1, -1302.271973, -2823.592285, 53.028507, -1.380674, 0, 0, 0, 0, 300, 300),
(1895, 1733, 0, 1, -1304.666016, -2827.185059, 56.306267, 0.727504, 0, 0, 0, 0, 300, 300),
(2026, 1733, 0, 1, -2094.813965, -2822.326904, 79.982391, -2.173238, 0, 0, 0, 0, 300, 300),
(4562, 1733, 0, 1, -1678.130005, -2834.371094, 42.219017, 0.816680, 0, 0, 0, 0, 300, 300),
(4563, 1733, 0, 1, -2022.859985, -2837.949951, 78.859993, 0.916213, 0, 0, 0, 0, 300, 300),
(4584, 1733, 0, 1, -1888.802002, -2863.114990, 67.018463, 0.774892, 0, 0, 0, 0, 300, 300),
(4596, 1733, 0, 1, -1966.755249, -2876.230225, 81.118233, -1.277130, 0, 0, 0, 0, 300, 300),
(4597, 1733, 0, 1, -1969.122803, -2917.951904, 81.022354, -2.428139, 0, 0, 0, 0, 300, 300),
(4598, 1733, 0, 1, -1838.528076, -2927.789062, 72.138947, -0.640740, 0, 0, 0, 0, 300, 300),
(4599, 1733, 0, 1, -1254.391968, -2934.974854, 38.620251, -1.630619, 0, 0, 0, 0, 300, 300),
(4623, 1733, 0, 1, -955.141968, -2970.905029, 75.693993, -1.495615, 0, 0, 0, 0, 300, 300),
(4649, 1733, 0, 1, -1903.166016, -3039.171875, 66.114372, -2.787652, 0, 0, 0, 0, 300, 300),
(4650, 1733, 0, 1, -1905.560059, -3042.765137, 67.894974, -2.607733, 0, 0, 0, 0, 300, 300),
(4653, 1733, 0, 1, -885.716003, -3082.288086, 52.983635, 1.641737, 0, 0, 0, 0, 300, 300),
(4662, 1733, 0, 1, -888.109985, -3082.288086, 51.762043, -0.887981, 0, 0, 0, 0, 300, 300),
(4663, 1733, 0, 1, -1184.966064, -3082.288086, 45.382984, 0.059628, 0, 0, 0, 0, 300, 300),
(4664, 1733, 0, 1, -1728.404053, -3100.252930, 25.298229, 0.798799, 0, 0, 0, 0, 300, 300),
(4665, 1733, 0, 1, -1831.345947, -3125.404053, 45.047031, -0.226044, 0, 0, 0, 0, 300, 300),
(4668, 1733, 0, 1, -1898.377930, -3143.369141, 67.865959, 1.298675, 0, 0, 0, 0, 300, 300),
(4669, 1733, 0, 1, -969.506042, -3179.299072, 49.991215, -3.009396, 0, 0, 0, 0, 300, 300),
(4670, 1733, 0, 1, -1704.463989, -3215.229004, 34.075470, 2.224619, 0, 0, 0, 0, 300, 300),
(4671, 1733, 0, 1, -1936.682007, -3215.229004, 76.363510, 1.865426, 0, 0, 0, 0, 300, 300),
(4675, 1733, 0, 1, -763.622009, -3236.786865, 91.077934, -2.418649, 0, 0, 0, 0, 300, 300),
(4682, 1733, 0, 1, -2105.753906, -3239.220947, 68.616096, -1.217708, 0, 0, 0, 0, 300, 300),
(4686, 1733, 0, 1, -1903.166016, -3269.124023, 74.188087, -2.177978, 0, 0, 0, 0, 300, 300),
(4687, 1733, 0, 1, -1800.223999, -3290.682129, 30.790493, 1.394893, 0, 0, 0, 0, 300, 300),
(4688, 1733, 0, 1, -2028.844604, -3307.068848, 54.840919, 1.955338, 0, 0, 0, 0, 300, 300),
(4689, 1733, 0, 1, -797.138000, -3355.355957, 80.085121, -1.385642, 0, 0, 0, 0, 300, 300),
(4690, 1733, 0, 1, -2051.736084, -3381.207275, 61.881882, -0.312258, 0, 0, 0, 0, 300, 300),
(4693, 1733, 0, 1, -1749.950073, -3380.507080, 39.086235, -0.101536, 0, 0, 0, 0, 300, 300),
(4694, 1733, 0, 1, -1898.377930, -3380.507080, 75.986969, -0.656400, 0, 0, 0, 0, 300, 300),
(4695, 1733, 0, 1, -2009.443359, -3387.557129, 51.858521, -1.378785, 0, 0, 0, 0, 300, 300),
(4696, 1733, 0, 1, -1512.943970, -3391.286133, 54.854973, 1.633257, 0, 0, 0, 0, 300, 300),
(4697, 1733, 0, 1, -1390.849976, -3405.657959, 55.836697, 0.728547, 0, 0, 0, 0, 300, 300),
(4698, 1733, 0, 1, -1388.455933, -3409.250977, 55.252590, -0.729059, 0, 0, 0, 0, 300, 300),
(4699, 1733, 0, 1, -868.958008, -3412.843994, 79.326202, 0.351825, 0, 0, 0, 0, 300, 300),
(4700, 1733, 0, 1, -1316.635986, -3412.843994, 45.087803, 1.594067, 0, 0, 0, 0, 300, 300),
(4701, 1733, 0, 1, -1321.423950, -3412.843994, 48.685833, 2.907172, 0, 0, 0, 0, 300, 300),
(4702, 1733, 0, 1, -1840.921997, -3412.843994, 63.958069, -1.331599, 0, 0, 0, 0, 300, 300),
(4703, 1733, 0, 1, -1730.797974, -3434.401855, 52.480778, -1.965876, 0, 0, 0, 0, 300, 300),
(4706, 1733, 0, 1, -1376.485962, -3466.739014, 59.637886, 2.301747, 0, 0, 0, 0, 300, 300),
(4707, 1733, 0, 1, -1570.400024, -3466.739014, 60.314163, -1.963143, 0, 0, 0, 0, 300, 300),
(4712, 1733, 0, 1, -1735.586060, -3477.518066, 58.037773, 3.060238, 0, 0, 0, 0, 300, 300),
(4713, 1733, 0, 1, -1548.854004, -3502.668945, 73.084518, -2.619662, 0, 0, 0, 0, 300, 300),
(4714, 1733, 0, 1, -1656.583984, -3520.634033, 70.273697, 1.053124, 0, 0, 0, 0, 300, 300),
(4715, 1733, 0, 1, -1273.544067, -3531.413086, 53.192993, -2.691508, 0, 0, 0, 0, 300, 300),
(4716, 1733, 0, 1, -914.444031, -3624.831055, 87.595657, 3.019945, 0, 0, 0, 0, 300, 300),
(4717, 1733, 0, 1, -821.078003, -3639.203125, 90.183792, -1.386738, 0, 0, 0, 0, 300, 300),
(4720, 1733, 0, 1, -1177.783936, -3649.981934, 56.827965, 0.243275, 0, 0, 0, 0, 300, 300),
(4721, 1733, 0, 1, -1177.783936, -3653.574951, 58.421242, -2.080245, 0, 0, 0, 0, 300, 300),
(4722, 1733, 0, 1, -1005.415955, -3711.062988, 99.546028, 1.867769, 0, 0, 0, 0, 300, 300),
(4723, 1733, 0, 1, -1007.809998, -3711.062988, 100.392273, -2.845849, 0, 0, 0, 0, 300, 300),
(4724, 1733, 0, 1, -1163.420044, -3732.620850, 110.011459, 1.492262, 0, 0, 0, 0, 300, 300),
(4725, 1733, 0, 1, -992.144775, -3832.607178, 151.971359, 2.785067, 0, 0, 0, 0, 300, 300),
(4726, 1733, 0, 1, -928.807983, -3836.817871, 147.943695, 2.014501, 0, 0, 0, 0, 300, 300),
(4727, 1733, 0, 1, -807.830505, -3908.214844, 145.064041, 0.622267, 0, 0, 0, 0, 300, 300),
(4728, 1733, 0, 1, -801.173889, -3891.226562, 147.750107, 1.571164, 0, 0, 0, 0, 300, 300),
(4729, 1733, 0, 1, -878.034912, -3892.842041, 139.854767, 2.948973, 0, 0, 0, 0, 300, 300),
(4732, 1733, 0, 1, -950.354004, -3905.085205, 152.167007, -2.231032, 0, 0, 0, 0, 300, 300),
(4733, 1733, 0, 1, -940.081421, -3952.572754, 149.143356, 2.002246, 0, 0, 0, 0, 300, 300),
(4734, 1733, 0, 1, -842.111267, -3960.331787, 150.993866, 2.530362, 0, 0, 0, 0, 300, 300),
(4735, 1733, 0, 1, -878.533997, -3962.572998, 134.456314, 2.886499, 0, 0, 0, 0, 300, 300),
(4736, 1733, 0, 1, -864.621460, -3977.020752, 150.335480, 3.055607, 0, 0, 0, 0, 300, 300),
(4737, 1734, 0, 1, -1754.737915, -1433.101074, 63.301491, -2.631353, 0, 0, 0, 0, 300, 300), -- gold vein
(4740, 1734, 0, 1, -1850.498047, -1497.774902, 50.288910, 1.800777, 0, 0, 0, 0, 300, 300),
(4741, 1734, 0, 1, -933.596008, -1558.855957, 59.060581, 2.242132, 0, 0, 0, 0, 300, 300),
(4742, 1734, 0, 1, -935.989990, -1558.855957, 58.241295, 2.290111, 0, 0, 0, 0, 300, 300),
(4746, 1734, 0, 1, -2365.208008, -1558.855957, -44.361179, 1.292993, 0, 0, 0, 0, 300, 300),
(4747, 1734, 0, 1, -2142.565918, -1562.448975, -47.269478, -0.895797, 0, 0, 0, 0, 300, 300),
(4748, 1734, 0, 1, -2113.837891, -1634.309082, -13.172449, 2.163467, 0, 0, 0, 0, 300, 300),
(4749, 1734, 0, 1, -2235.932129, -1641.494995, -32.845375, 0.529883, 0, 0, 0, 0, 300, 300),
(4750, 1734, 0, 1, -1944.562256, -1636.759155, 55.371090, 0.570297, 0, 0, 0, 0, 300, 300),
(4751, 1734, 0, 1, -2334.086182, -1648.680908, -31.072418, 0.541365, 0, 0, 0, 0, 300, 300),
(4752, 1734, 0, 1, -2178.476074, -1666.645996, -33.306206, -0.511577, 0, 0, 0, 0, 300, 300),
(4753, 1734, 0, 1, -1915.135986, -1673.832031, 61.658989, -0.518036, 0, 0, 0, 0, 300, 300),
(4754, 1734, 0, 1, -2286.206055, -1681.018066, -37.152634, -0.525601, 0, 0, 0, 0, 300, 300),
(4755, 1734, 0, 1, -2178.476074, -1727.727051, -22.802723, 2.559644, 0, 0, 0, 0, 300, 300),
(4756, 1734, 0, 1, -1007.809998, -1756.470947, 45.619991, -1.428724, 0, 0, 0, 0, 300, 300),
(4757, 1734, 0, 1, -2353.238037, -1756.470947, -31.475569, -1.711741, 0, 0, 0, 0, 300, 300),
(4758, 1734, 0, 1, -1848.104004, -1760.063965, 67.948906, 1.455653, 0, 0, 0, 0, 300, 300),
(4759, 1734, 0, 1, -2173.687988, -1792.401001, -38.570591, 2.989613, 0, 0, 0, 0, 300, 300),
(4760, 1734, 0, 1, -861.776001, -1813.958984, 46.185707, 1.270938, 0, 0, 0, 0, 300, 300),
(4761, 1734, 0, 1, -2235.932129, -1835.516968, -21.194836, 0.347220, 0, 0, 0, 0, 300, 300),
(4762, 1734, 0, 1, -579.283997, -1842.703003, 58.329899, -0.918562, 0, 0, 0, 0, 300, 300),
(4763, 1734, 0, 1, -1189.754028, -1954.085938, 66.146889, -2.863019, 0, 0, 0, 0, 300, 300),
(4764, 1734, 0, 1, -912.049988, -1972.051025, 51.671005, 2.676605, 0, 0, 0, 0, 300, 300),
(4765, 1734, 0, 1, -567.313965, -1975.644043, 64.042923, 3.083644, 0, 0, 0, 0, 300, 300),
(4766, 1734, 0, 1, -1228.057983, -1997.202026, 36.291058, 2.214366, 0, 0, 0, 0, 300, 300),
(4767, 1734, 0, 1, -1240.269043, -2004.130981, 41.978142, 0.036646, 0, 0, 0, 0, 300, 300),
(4768, 1734, 0, 1, -1814.588013, -2011.573975, 63.559734, 0.580624, 0, 0, 0, 0, 300, 300),
(4769, 1734, 0, 1, -677.437988, -2015.166992, 59.281128, 1.380675, 0, 0, 0, 0, 300, 300),
(4770, 1734, 0, 1, -1211.577881, -2043.689087, 42.741058, 1.971070, 0, 0, 0, 0, 300, 300),
(4771, 1734, 0, 1, -1161.151245, -2045.730713, 36.986176, 2.809027, 0, 0, 0, 0, 300, 300),
(4772, 1734, 0, 1, -1236.616211, -2050.809814, 48.123730, 1.262268, 0, 0, 0, 0, 300, 300),
(4773, 1734, 0, 1, -1191.327535, -2056.305176, 43.187965, 1.822252, 0, 0, 0, 0, 300, 300),
(4774, 1734, 0, 1, -1141.874023, -2090.620117, 72.500931, 2.536954, 0, 0, 0, 0, 300, 300),
(4775, 1734, 0, 1, -1206.814575, -2092.395264, 51.088165, 0.274171, 0, 0, 0, 0, 300, 300),
(4778, 1734, 0, 1, -1745.161987, -2094.212891, 70.573273, 2.727381, 0, 0, 0, 0, 300, 300),
(4779, 1734, 0, 1, -646.315979, -2101.398926, 69.793625, 2.030686, 0, 0, 0, 0, 300, 300),
(4780, 1734, 0, 1, -646.315979, -2108.584961, 71.519684, -2.612287, 0, 0, 0, 0, 300, 300),
(4781, 1734, 0, 1, -1615.885986, -2122.957031, 30.431341, -2.473293, 0, 0, 0, 0, 300, 300),
(4782, 1734, 0, 1, -742.076050, -2166.072998, 52.794197, -1.153781, 0, 0, 0, 0, 300, 300),
(4783, 1734, 0, 1, -1651.796021, -2212.782227, 23.836197, 2.567222, 0, 0, 0, 0, 300, 300),
(4784, 1734, 0, 1, -1651.796021, -2216.375000, 24.125402, -0.609608, 0, 0, 0, 0, 300, 300),
(4785, 1734, 0, 1, -1654.189941, -2216.375000, 23.848680, 1.645016, 0, 0, 0, 0, 300, 300),
(4786, 1734, 0, 1, -959.929993, -2237.933105, 57.073845, -0.398592, 0, 0, 0, 0, 300, 300),
(4787, 1734, 0, 1, -689.407959, -2241.525879, 70.412819, -0.164133, 0, 0, 0, 0, 300, 300),
(4788, 1734, 0, 1, -1165.813965, -2255.897949, 59.573849, 0.298230, 0, 0, 0, 0, 300, 300),
(4791, 1734, 0, 1, -809.108032, -2334.943848, 72.071114, -1.839029, 0, 0, 0, 0, 300, 300),
(4794, 1734, 0, 1, -1960.622070, -2345.723145, 57.957138, 0.866630, 0, 0, 0, 0, 300, 300),
(4797, 1734, 0, 1, -885.716003, -2367.281006, 67.523460, -2.853522, 0, 0, 0, 0, 300, 300),
(4798, 1734, 0, 1, -888.109985, -2367.281006, 67.849480, 0.086874, 0, 0, 0, 0, 300, 300),
(4799, 1734, 0, 1, -892.898010, -2428.361816, 62.777889, -1.613550, 0, 0, 0, 0, 300, 300),
(4800, 1734, 0, 1, -890.504028, -2431.955078, 61.733418, -1.111409, 0, 0, 0, 0, 300, 300),
(4801, 1734, 0, 1, -1840.921997, -2536.151855, 57.604862, 2.998981, 0, 0, 0, 0, 300, 300),
(4802, 1734, 0, 1, -1838.528076, -2539.745117, 56.193913, -0.467137, 0, 0, 0, 0, 300, 300),
(4803, 1734, 0, 1, -986.264038, -2586.454102, 62.680580, -0.376820, 0, 0, 0, 0, 300, 300),
(4804, 1734, 0, 1, -1826.557983, -2640.349121, 60.854691, 0.879147, 0, 0, 0, 0, 300, 300),
(4805, 1734, 0, 1, -1283.119995, -2676.279053, 67.181374, 0.754258, 0, 0, 0, 0, 300, 300),
(4806, 1734, 0, 1, -2061.169922, -2676.279053, 86.302620, -2.671279, 0, 0, 0, 0, 300, 300),
(4807, 1734, 0, 1, -1991.744019, -2701.429932, 82.350174, -1.928576, 0, 0, 0, 0, 300, 300),
(4810, 1734, 0, 1, -1970.197998, -2762.510986, 81.706322, 3.124516, 0, 0, 0, 0, 300, 300),
(4811, 1734, 0, 1, -926.414001, -2769.696777, 64.221375, -1.089567, 0, 0, 0, 0, 300, 300),
(4812, 1734, 0, 1, -2060.008789, -2780.019531, 68.658821, -2.730041, 0, 0, 0, 0, 300, 300),
(4813, 1734, 0, 1, -1929.500000, -2791.255127, 74.510109, -1.490675, 0, 0, 0, 0, 300, 300),
(4814, 1734, 0, 1, -2049.046387, -2787.167725, 70.794563, -0.332064, 0, 0, 0, 0, 300, 300),
(4815, 1734, 0, 1, -1977.380005, -2805.626953, 82.769859, -0.903218, 0, 0, 0, 0, 300, 300),
(4816, 1734, 0, 1, -1994.276733, -2820.439697, 77.068565, -0.984233, 0, 0, 0, 0, 300, 300),
(4819, 1734, 0, 1, -2065.958008, -2816.406006, 84.202415, 2.875446, 0, 0, 0, 0, 300, 300),
(4822, 1734, 0, 1, -1307.060059, -2823.592285, 55.076824, -2.182730, 0, 0, 0, 0, 300, 300),
(4825, 1734, 0, 1, -2102.515381, -2828.396240, 78.867813, 0.970117, 0, 0, 0, 0, 300, 300),
(4826, 1734, 0, 1, -1678.130005, -2834.371094, 42.219017, 2.162107, 0, 0, 0, 0, 300, 300),
(4827, 1734, 0, 1, -2022.859985, -2837.949951, 78.859993, 2.046130, 0, 0, 0, 0, 300, 300),
(4830, 1734, 0, 1, -2090.406250, -2849.184326, 78.275078, 0.793956, 0, 0, 0, 0, 300, 300),
(4831, 1734, 0, 1, -1891.196045, -2863.114990, 68.699455, -1.933686, 0, 0, 0, 0, 300, 300),
(4832, 1734, 0, 1, -1966.755249, -2876.230225, 81.118233, -1.793852, 0, 0, 0, 0, 300, 300),
(4833, 1734, 0, 1, -1982.896118, -2906.987305, 76.728119, 2.322960, 0, 0, 0, 0, 300, 300),
(4836, 1734, 0, 1, -1838.528076, -2927.789062, 72.138947, 2.964836, 0, 0, 0, 0, 300, 300),
(4843, 1734, 0, 1, -1256.786011, -2938.567871, 38.700649, 1.729938, 0, 0, 0, 0, 300, 300),
(4844, 1734, 0, 1, -1903.166016, -3039.171875, 66.114372, 2.391997, 0, 0, 0, 0, 300, 300),
(4849, 1734, 0, 1, -1905.560059, -3042.765137, 67.894974, -1.339288, 0, 0, 0, 0, 300, 300),
(4850, 1734, 0, 1, -888.109985, -3082.288086, 51.762043, -3.022099, 0, 0, 0, 0, 300, 300),
(4851, 1734, 0, 1, -1184.966064, -3082.288086, 45.382984, -0.286178, 0, 0, 0, 0, 300, 300),
(4852, 1734, 0, 1, -1900.771973, -3143.369141, 69.164597, 2.543236, 0, 0, 0, 0, 300, 300),
(4853, 1734, 0, 1, -969.506042, -3179.299072, 49.991215, 0.098197, 0, 0, 0, 0, 300, 300),
(4854, 1734, 0, 1, -1704.463989, -3215.229004, 34.075470, 1.269474, 0, 0, 0, 0, 300, 300),
(4855, 1734, 0, 1, -1936.682007, -3215.229004, 76.363510, -0.536830, 0, 0, 0, 0, 300, 300),
(4856, 1734, 0, 1, -763.622009, -3236.786865, 91.077934, -2.406972, 0, 0, 0, 0, 300, 300),
(4857, 1734, 0, 1, -2105.753906, -3239.220947, 68.616096, 1.779150, 0, 0, 0, 0, 300, 300),
(4860, 1734, 0, 1, -1903.166016, -3265.531006, 76.982430, -2.064349, 0, 0, 0, 0, 300, 300),
(4861, 1734, 0, 1, -2089.793701, -3258.986572, 52.208546, 3.083019, 0, 0, 0, 0, 300, 300),
(4862, 1734, 0, 1, -1728.404053, -3287.088867, 13.159925, -2.733997, 0, 0, 0, 0, 300, 300),
(4863, 1734, 0, 1, -1800.223999, -3290.682129, 30.790493, 1.101837, 0, 0, 0, 0, 300, 300),
(4864, 1734, 0, 1, -1969.636597, -3304.292725, 57.273293, -1.521458, 0, 0, 0, 0, 300, 300),
(4865, 1734, 0, 1, -2028.844604, -3307.068848, 54.840919, 0.728538, 0, 0, 0, 0, 300, 300),
(4866, 1734, 0, 1, -2065.587891, -3309.395752, 68.679240, -2.481496, 0, 0, 0, 0, 300, 300),
(4867, 1734, 0, 1, -2095.439697, -3310.866211, 70.062614, -1.730749, 0, 0, 0, 0, 300, 300),
(4868, 1734, 0, 1, -1935.486816, -3317.844727, 60.912594, 1.642824, 0, 0, 0, 0, 300, 300),
(4869, 1734, 0, 1, -797.138000, -3355.355957, 80.085121, -1.363529, 0, 0, 0, 0, 300, 300),
(4870, 1734, 0, 1, -2078.934814, -3362.731934, 59.012051, -2.888225, 0, 0, 0, 0, 300, 300),
(4871, 1734, 0, 1, -2051.736084, -3381.207275, 61.881882, 0.412502, 0, 0, 0, 0, 300, 300),
(4872, 1734, 0, 1, -2105.623291, -3356.115479, 59.057819, -2.170009, 0, 0, 0, 0, 300, 300),
(4873, 1734, 0, 1, -2095.349609, -3391.255859, 61.489986, -0.526537, 0, 0, 0, 0, 300, 300),
(4874, 1734, 0, 1, -1752.343994, -3380.507080, 39.586582, -2.338211, 0, 0, 0, 0, 300, 300),
(4875, 1734, 0, 1, -1898.377930, -3380.507080, 75.986969, -2.339238, 0, 0, 0, 0, 300, 300),
(4876, 1734, 0, 1, -2009.443359, -3387.557129, 51.858521, 1.595500, 0, 0, 0, 0, 300, 300),
(4877, 1734, 0, 1, -1512.943970, -3391.286133, 54.854973, -1.036898, 0, 0, 0, 0, 300, 300),
(4878, 1734, 0, 1, -1390.849976, -3405.657959, 55.836697, 3.080641, 0, 0, 0, 0, 300, 300),
(4879, 1734, 0, 1, -1319.030029, -3409.250977, 47.040279, -1.563990, 0, 0, 0, 0, 300, 300),
(4880, 1734, 0, 1, -1388.455933, -3409.250977, 55.252590, -1.930396, 0, 0, 0, 0, 300, 300),
(4881, 1734, 0, 1, -868.958008, -3412.843994, 79.326202, -1.929811, 0, 0, 0, 0, 300, 300),
(4882, 1734, 0, 1, -1316.635986, -3412.843994, 45.087803, 0.674264, 0, 0, 0, 0, 300, 300),
(4883, 1734, 0, 1, -1840.921997, -3412.843994, 63.958069, -1.509915, 0, 0, 0, 0, 300, 300),
(4884, 1734, 0, 1, -1376.485962, -3466.739014, 59.637886, 1.226673, 0, 0, 0, 0, 300, 300),
(4885, 1734, 0, 1, -1735.586060, -3477.518066, 58.037773, -3.047756, 0, 0, 0, 0, 300, 300),
(4886, 1734, 0, 1, -1548.854004, -3502.668945, 73.084518, 0.469188, 0, 0, 0, 0, 300, 300),
(4887, 1734, 0, 1, -1658.978027, -3517.041016, 70.561691, -2.284312, 0, 0, 0, 0, 300, 300),
(4888, 1734, 0, 1, -1273.544067, -3531.413086, 53.192993, 1.722602, 0, 0, 0, 0, 300, 300),
(4889, 1734, 0, 1, -914.444031, -3624.831055, 87.595657, -2.982334, 0, 0, 0, 0, 300, 300),
(4890, 1734, 0, 1, -821.078003, -3639.203125, 90.183792, 0.843711, 0, 0, 0, 0, 300, 300),
(4891, 1734, 0, 1, -1175.390015, -3649.981934, 56.688686, -0.164949, 0, 0, 0, 0, 300, 300),
(4892, 1734, 0, 1, -1177.783936, -3653.574951, 58.421242, -1.331629, 0, 0, 0, 0, 300, 300),
(4893, 1734, 0, 1, -1005.415955, -3711.062988, 99.546028, -0.951205, 0, 0, 0, 0, 300, 300),
(4894, 1734, 0, 1, -1007.809998, -3711.062988, 100.392273, 0.655005, 0, 0, 0, 0, 300, 300),
(4895, 1734, 0, 1, -1163.420044, -3732.620850, 110.011459, 1.179734, 0, 0, 0, 0, 300, 300),
(4896, 1734, 0, 1, -992.144775, -3832.607178, 151.971359, 0.181396, 0, 0, 0, 0, 300, 300),
(4897, 1734, 0, 1, -928.807983, -3840.411133, 147.390823, -1.815257, 0, 0, 0, 0, 300, 300),
(4898, 1734, 0, 1, -890.504028, -3865.562012, 136.103592, 2.887057, 0, 0, 0, 0, 300, 300),
(4899, 1734, 0, 1, -890.504028, -3869.155029, 135.980804, -0.309586, 0, 0, 0, 0, 300, 300),
(4900, 1734, 0, 1, -807.830505, -3908.214844, 145.064041, -2.773373, 0, 0, 0, 0, 300, 300),
(4901, 1734, 0, 1, -987.249573, -3877.580078, 149.463531, 2.900454, 0, 0, 0, 0, 300, 300),
(4902, 1734, 0, 1, -801.173889, -3891.226562, 147.750107, 2.144699, 0, 0, 0, 0, 300, 300),
(4903, 1734, 0, 1, -926.657349, -3898.603271, 145.150192, -0.556992, 0, 0, 0, 0, 300, 300),
(4904, 1734, 0, 1, -878.034912, -3892.842041, 139.854767, -0.771000, 0, 0, 0, 0, 300, 300),
(4905, 1734, 0, 1, -950.354004, -3905.085205, 152.167007, 2.590024, 0, 0, 0, 0, 300, 300),
(4906, 1734, 0, 1, -821.413818, -3885.978516, 144.968384, -0.333163, 0, 0, 0, 0, 300, 300),
(4907, 1734, 0, 1, -860.339783, -3930.813965, 148.335999, 1.111327, 0, 0, 0, 0, 300, 300),
(4908, 1734, 0, 1, -921.907471, -3941.350586, 150.461060, 0.780352, 0, 0, 0, 0, 300, 300),
(4909, 1734, 0, 1, -940.081421, -3952.572754, 149.143356, 1.847505, 0, 0, 0, 0, 300, 300),
(4910, 1734, 0, 1, -842.111267, -3960.331787, 150.993866, 1.056085, 0, 0, 0, 0, 300, 300),
(4911, 1734, 0, 1, -878.533997, -3962.572998, 134.456314, -2.010797, 0, 0, 0, 0, 300, 300),
(4912, 1734, 0, 1, -897.440857, -3963.874268, 137.246002, 0.681438, 0, 0, 0, 0, 300, 300),
(4913, 1734, 0, 1, -864.621460, -3977.020752, 150.335480, -1.799286, 0, 0, 0, 0, 300, 300),
(4914, 1734, 0, 1, -872.938599, -4012.451904, 146.449188, 3.058202, 0, 0, 0, 0, 300, 300),
(4915, 1735, 0, 1, -2271.842041, -1526.519043, -33.678314, 1.710994, 0, 0, 0, 0, 300, 300), -- iron deposit
(4916, 1735, 0, 1, -2279.024170, -1526.519043, -28.604696, 2.700376, 0, 0, 0, 0, 300, 300),
(4919, 1735, 0, 1, -933.596008, -1558.855957, 59.060581, -1.132210, 0, 0, 0, 0, 300, 300),
(4920, 1735, 0, 1, -935.989990, -1558.855957, 58.241295, 1.335120, 0, 0, 0, 0, 300, 300),
(4926, 1735, 0, 1, -2365.208008, -1558.855957, -44.361179, 1.298441, 0, 0, 0, 0, 300, 300),
(4927, 1735, 0, 1, -2142.565918, -1562.448975, -47.269478, 1.768262, 0, 0, 0, 0, 300, 300),
(4930, 1735, 0, 1, -2116.231934, -1634.309082, -19.397577, -3.133560, 0, 0, 0, 0, 300, 300),
(4931, 1735, 0, 1, -2235.932129, -1637.901978, -30.476307, -2.092701, 0, 0, 0, 0, 300, 300),
(4932, 1735, 0, 1, -2235.932129, -1641.494995, -32.845375, -0.248319, 0, 0, 0, 0, 300, 300),
(4933, 1735, 0, 1, -2286.206055, -1681.018066, -37.152634, 0.917841, 0, 0, 0, 0, 300, 300),
(4934, 1735, 0, 1, -2178.476074, -1731.320068, -25.225517, 0.515006, 0, 0, 0, 0, 300, 300),
(4937, 1735, 0, 1, -2180.870117, -1731.320068, -29.933996, -2.213989, 0, 0, 0, 0, 300, 300),
(4938, 1735, 0, 1, -1007.809998, -1752.878052, 46.202072, 2.061633, 0, 0, 0, 0, 300, 300),
(4941, 1735, 0, 1, -1005.415955, -1756.470947, 44.858204, 0.930931, 0, 0, 0, 0, 300, 300),
(4942, 1735, 0, 1, -2353.238037, -1756.470947, -31.475569, -0.729985, 0, 0, 0, 0, 300, 300),
(4943, 1735, 0, 1, -861.776001, -1813.958984, 46.185707, -0.579554, 0, 0, 0, 0, 300, 300),
(4944, 1735, 0, 1, -864.170044, -1813.958984, 45.841331, 2.247879, 0, 0, 0, 0, 300, 300),
(4945, 1735, 0, 1, -574.495972, -1842.703003, 57.401516, -2.574284, 0, 0, 0, 0, 300, 300),
(4946, 1735, 0, 1, -579.283997, -1842.703003, 58.329899, -1.725501, 0, 0, 0, 0, 300, 300),
(4947, 1735, 0, 1, -2240.719971, -1889.412109, 11.217896, 2.905608, 0, 0, 0, 0, 300, 300),
(4948, 1735, 0, 1, -1187.359985, -1957.678955, 66.011200, -2.821268, 0, 0, 0, 0, 300, 300),
(4949, 1735, 0, 1, -914.444031, -1972.051025, 52.740944, -2.513616, 0, 0, 0, 0, 300, 300),
(4950, 1735, 0, 1, -567.313965, -1975.644043, 64.042923, -0.842617, 0, 0, 0, 0, 300, 300),
(4953, 1735, 0, 1, -1228.057983, -1997.202026, 36.291058, 3.090700, 0, 0, 0, 0, 300, 300),
(4954, 1735, 0, 1, -1240.269043, -2004.130981, 41.978142, 0.639143, 0, 0, 0, 0, 300, 300),
(4955, 1735, 0, 1, -677.437988, -2015.166992, 59.281128, 2.983281, 0, 0, 0, 0, 300, 300),
(4956, 1735, 0, 1, -1161.151245, -2045.730713, 36.986176, 2.044353, 0, 0, 0, 0, 300, 300),
(4962, 1735, 0, 1, -1223.593628, -2039.149902, 49.919891, 0.309309, 0, 0, 0, 0, 300, 300),
(4963, 1735, 0, 1, -1236.616211, -2050.809814, 48.123730, -0.736854, 0, 0, 0, 0, 300, 300),
(4966, 1735, 0, 1, -1189.309570, -2060.220703, 41.235867, -0.994468, 0, 0, 0, 0, 300, 300),
(4967, 1735, 0, 1, -1247.923706, -2060.471436, 53.248959, -1.144100, 0, 0, 0, 0, 300, 300),
(4968, 1735, 0, 1, -1139.479980, -2090.620117, 70.234795, 1.097104, 0, 0, 0, 0, 300, 300),
(4969, 1735, 0, 1, -1206.814575, -2092.395264, 51.088165, -1.345109, 0, 0, 0, 0, 300, 300),
(4970, 1735, 0, 1, -1747.556030, -2094.212891, 69.234787, 2.233534, 0, 0, 0, 0, 300, 300),
(4971, 1735, 0, 1, -646.315979, -2101.398926, 69.793625, -2.008752, 0, 0, 0, 0, 300, 300),
(4974, 1735, 0, 1, -648.710022, -2104.992188, 72.802841, -2.010881, 0, 0, 0, 0, 300, 300),
(4975, 1735, 0, 1, -646.315979, -2108.584961, 71.519684, 1.474388, 0, 0, 0, 0, 300, 300),
(4976, 1735, 0, 1, -648.710022, -2108.584961, 72.664726, 1.474547, 0, 0, 0, 0, 300, 300),
(4977, 1735, 0, 1, -1613.491943, -2122.957031, 29.622757, 1.835812, 0, 0, 0, 0, 300, 300),
(4978, 1735, 0, 1, -739.682007, -2166.072998, 54.571022, -0.602597, 0, 0, 0, 0, 300, 300),
(4979, 1735, 0, 1, -957.536011, -2234.339844, 58.410370, 2.169396, 0, 0, 0, 0, 300, 300),
(4980, 1735, 0, 1, -962.323975, -2234.339844, 60.138256, 0.144617, 0, 0, 0, 0, 300, 300),
(4981, 1735, 0, 1, -689.407959, -2241.525879, 70.412819, 0.218675, 0, 0, 0, 0, 300, 300),
(4988, 1735, 0, 1, -1165.813965, -2255.897949, 59.573849, 1.902821, 0, 0, 0, 0, 300, 300),
(4989, 1735, 0, 1, -811.501953, -2334.943848, 71.239777, -1.630215, 0, 0, 0, 0, 300, 300),
(4992, 1735, 0, 1, -1963.015991, -2345.723145, 58.117668, 0.619488, 0, 0, 0, 0, 300, 300),
(4993, 1735, 0, 1, -1965.409912, -2345.723145, 58.478848, 1.344075, 0, 0, 0, 0, 300, 300),
(5005, 1735, 0, 1, -888.109985, -2363.687988, 67.323280, 2.272132, 0, 0, 0, 0, 300, 300),
(5020, 1735, 0, 1, -885.716003, -2367.281006, 67.523460, -1.882624, 0, 0, 0, 0, 300, 300),
(5021, 1735, 0, 1, -888.109985, -2428.361816, 60.681053, -0.967760, 0, 0, 0, 0, 300, 300),
(5022, 1735, 0, 1, -890.504028, -2431.955078, 61.733418, -1.296796, 0, 0, 0, 0, 300, 300),
(5023, 1735, 0, 1, -986.264038, -2586.454102, 62.680580, 0.265528, 0, 0, 0, 0, 300, 300),
(5024, 1735, 0, 1, -1280.725952, -2676.279053, 67.096001, -1.677605, 0, 0, 0, 0, 300, 300),
(5025, 1735, 0, 1, -1994.138062, -2697.836914, 81.775330, 2.972618, 0, 0, 0, 0, 300, 300),
(5026, 1735, 0, 1, -1970.197998, -2762.510986, 81.706322, -0.567321, 0, 0, 0, 0, 300, 300),
(5027, 1735, 0, 1, -926.414001, -2773.290039, 66.976440, -1.102447, 0, 0, 0, 0, 300, 300),
(5028, 1735, 0, 1, -2060.008789, -2780.019531, 68.658821, -2.262036, 0, 0, 0, 0, 300, 300),
(5029, 1735, 0, 1, -2042.000000, -2791.260010, 72.050087, -1.561477, 0, 0, 0, 0, 300, 300),
(5030, 1735, 0, 1, -1838.528076, -2794.848145, 65.138710, -0.565968, 0, 0, 0, 0, 300, 300),
(5031, 1735, 0, 1, -1934.287964, -2794.848145, 80.022530, 1.619476, 0, 0, 0, 0, 300, 300),
(5032, 1735, 0, 1, -1977.380005, -2805.626953, 82.769859, -0.329467, 0, 0, 0, 0, 300, 300),
(5033, 1735, 0, 1, -1994.276733, -2820.439697, 77.068565, -1.550376, 0, 0, 0, 0, 300, 300),
(5036, 1735, 0, 1, -2065.958008, -2816.406006, 84.202415, -0.136976, 0, 0, 0, 0, 300, 300),
(5037, 1735, 0, 1, -1302.271973, -2823.592285, 53.028507, 0.007023, 0, 0, 0, 0, 300, 300),
(5038, 1735, 0, 1, -2102.104004, -2837.331055, 79.700447, 1.324889, 0, 0, 0, 0, 300, 300),
(5039, 1735, 0, 1, -1304.666016, -2827.185059, 56.306267, -2.388846, 0, 0, 0, 0, 300, 300),
(5040, 1735, 0, 1, -2094.813965, -2822.326904, 79.982391, -2.905664, 0, 0, 0, 0, 300, 300),
(5041, 1735, 0, 1, -1682.918091, -2837.963867, 44.692760, 0.064970, 0, 0, 0, 0, 300, 300),
(5042, 1735, 0, 1, -2022.859985, -2837.949951, 78.859993, -0.133817, 0, 0, 0, 0, 300, 300),
(5043, 1735, 0, 1, -1886.407959, -2859.521973, 64.907997, -0.390276, 0, 0, 0, 0, 300, 300),
(5044, 1735, 0, 1, -1888.802002, -2863.114990, 67.018463, 0.267375, 0, 0, 0, 0, 300, 300),
(5045, 1735, 0, 1, -1966.755249, -2876.230225, 81.118233, 2.955319, 0, 0, 0, 0, 300, 300),
(5046, 1735, 0, 1, -1969.122803, -2917.951904, 81.022354, -0.766839, 0, 0, 0, 0, 300, 300),
(5047, 1735, 0, 1, -1838.528076, -2927.789062, 72.138947, 1.403012, 0, 0, 0, 0, 300, 300),
(5048, 1735, 0, 1, -1259.180054, -2931.382080, 41.461040, 2.903322, 0, 0, 0, 0, 300, 300),
(5053, 1735, 0, 1, -1256.786011, -2938.567871, 38.700649, 2.041228, 0, 0, 0, 0, 300, 300),
(5056, 1735, 0, 1, -1903.166016, -3039.171875, 66.114372, -1.997403, 0, 0, 0, 0, 300, 300),
(5060, 1735, 0, 1, -1905.560059, -3042.765137, 67.894974, 1.547305, 0, 0, 0, 0, 300, 300),
(5061, 1735, 0, 1, -885.716003, -3082.288086, 52.983635, -1.322763, 0, 0, 0, 0, 300, 300),
(5062, 1735, 0, 1, -888.109985, -3082.288086, 51.762043, 2.154775, 0, 0, 0, 0, 300, 300),
(5063, 1735, 0, 1, -1184.966064, -3082.288086, 45.382984, 2.909715, 0, 0, 0, 0, 300, 300),
(5064, 1735, 0, 1, -1900.771973, -3143.369141, 69.164597, -1.541636, 0, 0, 0, 0, 300, 300),
(5065, 1735, 0, 1, -969.506042, -3179.299072, 49.991215, -1.524664, 0, 0, 0, 0, 300, 300),
(5066, 1735, 0, 1, -1936.682007, -3211.635986, 73.483177, -0.804874, 0, 0, 0, 0, 300, 300),
(5067, 1735, 0, 1, -1704.463989, -3215.229004, 34.075470, -1.369005, 0, 0, 0, 0, 300, 300),
(5068, 1735, 0, 1, -763.622009, -3236.786865, 91.077934, 0.762211, 0, 0, 0, 0, 300, 300),
(5069, 1735, 0, 1, -2079.326416, -3242.104492, 67.544861, -0.186793, 0, 0, 0, 0, 300, 300),
(5070, 1735, 0, 1, -2084.611816, -3244.058838, 66.890015, 0.037524, 0, 0, 0, 0, 300, 300),
(5071, 1735, 0, 1, -2089.793701, -3258.986572, 52.208546, -1.030776, 0, 0, 0, 0, 300, 300),
(5072, 1735, 0, 1, -1900.771973, -3269.124023, 75.416542, 1.474368, 0, 0, 0, 0, 300, 300),
(5073, 1735, 0, 1, -1795.436035, -3287.088867, 25.055925, 2.077946, 0, 0, 0, 0, 300, 300),
(5074, 1735, 0, 1, -1800.223999, -3290.682129, 30.790493, -2.920880, 0, 0, 0, 0, 300, 300),
(5075, 1735, 0, 1, -1969.636597, -3304.292725, 57.273293, 1.393546, 0, 0, 0, 0, 300, 300),
(5076, 1735, 0, 1, -1963.103394, -3308.699707, 56.678715, 0.373884, 0, 0, 0, 0, 300, 300),
(5077, 1735, 0, 1, -2028.844604, -3307.068848, 54.840919, 1.237059, 0, 0, 0, 0, 300, 300),
(5078, 1735, 0, 1, -2095.439697, -3310.866211, 70.062614, 1.694495, 0, 0, 0, 0, 300, 300),
(5079, 1735, 0, 1, -1935.486816, -3317.844727, 60.912594, -2.119421, 0, 0, 0, 0, 300, 300),
(5080, 1735, 0, 1, -797.138000, -3355.355957, 80.085121, -2.134324, 0, 0, 0, 0, 300, 300),
(5081, 1735, 0, 1, -2029.415894, -3370.020752, 59.629948, -1.578932, 0, 0, 0, 0, 300, 300),
(5084, 1735, 0, 1, -2057.119873, -3356.691650, 60.989864, 0.042115, 0, 0, 0, 0, 300, 300),
(5085, 1735, 0, 1, -2105.623291, -3356.115479, 59.057819, -1.528384, 0, 0, 0, 0, 300, 300),
(5086, 1735, 0, 1, -2095.349609, -3391.255859, 61.489986, 2.635901, 0, 0, 0, 0, 300, 300),
(5087, 1735, 0, 1, -1747.556030, -3376.914062, 37.034138, -2.806005, 0, 0, 0, 0, 300, 300),
(5088, 1735, 0, 1, -1749.950073, -3380.507080, 39.086235, 0.492804, 0, 0, 0, 0, 300, 300),
(5089, 1735, 0, 1, -1898.377930, -3380.507080, 75.986969, -2.358434, 0, 0, 0, 0, 300, 300),
(5092, 1735, 0, 1, -2009.443359, -3387.557129, 51.858521, 0.845922, 0, 0, 0, 0, 300, 300),
(5093, 1735, 0, 1, -1512.943970, -3391.286133, 54.854973, -0.463506, 0, 0, 0, 0, 300, 300),
(5094, 1735, 0, 1, -1508.156006, -3394.879150, 51.448444, 1.826177, 0, 0, 0, 0, 300, 300),
(5097, 1735, 0, 1, -1390.849976, -3405.657959, 55.836697, -1.085913, 0, 0, 0, 0, 300, 300),
(5098, 1735, 0, 1, -1388.455933, -3409.250977, 55.252590, -0.212803, 0, 0, 0, 0, 300, 300),
(5099, 1735, 0, 1, -868.958008, -3412.843994, 79.326202, 1.318518, 0, 0, 0, 0, 300, 300),
(5100, 1735, 0, 1, -1316.635986, -3412.843994, 45.087803, -0.929737, 0, 0, 0, 0, 300, 300),
(5101, 1735, 0, 1, -1319.030029, -3412.843994, 46.685299, 0.426255, 0, 0, 0, 0, 300, 300),
(5102, 1735, 0, 1, -1840.921997, -3412.843994, 63.958069, 0.968422, 0, 0, 0, 0, 300, 300),
(5103, 1735, 0, 1, -1376.485962, -3466.739014, 59.637886, 2.019879, 0, 0, 0, 0, 300, 300),
(5104, 1735, 0, 1, -1735.586060, -3477.518066, 58.037773, 2.854201, 0, 0, 0, 0, 300, 300),
(5109, 1735, 0, 1, -1548.854004, -3502.668945, 73.084518, -3.026220, 0, 0, 0, 0, 300, 300),
(5110, 1735, 0, 1, -1656.583984, -3517.041016, 68.541077, -2.368174, 0, 0, 0, 0, 300, 300),
(5111, 1735, 0, 1, -1273.544067, -3531.413086, 53.192993, 0.022326, 0, 0, 0, 0, 300, 300),
(5112, 1735, 0, 1, -909.656006, -3624.831055, 86.444496, -0.216889, 0, 0, 0, 0, 300, 300),
(5113, 1735, 0, 1, -914.444031, -3624.831055, 87.595657, -1.670415, 0, 0, 0, 0, 300, 300),
(5114, 1735, 0, 1, -823.471985, -3639.203125, 88.411026, 0.003413, 0, 0, 0, 0, 300, 300),
(5120, 1735, 0, 1, -1177.783936, -3649.981934, 56.827965, 1.063490, 0, 0, 0, 0, 300, 300),
(5121, 1735, 0, 1, -1180.177979, -3653.574951, 57.977020, -0.836558, 0, 0, 0, 0, 300, 300),
(5122, 1735, 0, 1, -1005.415955, -3711.062988, 99.546028, -0.663128, 0, 0, 0, 0, 300, 300),
(5123, 1735, 0, 1, -1007.809998, -3711.062988, 100.392273, 1.774542, 0, 0, 0, 0, 300, 300),
(5124, 1735, 0, 1, -1163.420044, -3732.620850, 110.011459, 3.079363, 0, 0, 0, 0, 300, 300),
(5127, 1735, 0, 1, -992.144775, -3832.607178, 151.971359, -1.950220, 0, 0, 0, 0, 300, 300),
(5128, 1735, 0, 1, -928.807983, -3836.817871, 147.943695, -1.687016, 0, 0, 0, 0, 300, 300),
(5129, 1735, 0, 1, -915.170410, -3878.261475, 145.263458, 1.601303, 0, 0, 0, 0, 300, 300),
(5130, 1735, 0, 1, -912.049988, -3876.341064, 141.117752, -2.303938, 0, 0, 0, 0, 300, 300),
(5131, 1735, 0, 1, -807.830505, -3908.214844, 145.064041, 1.075444, 0, 0, 0, 0, 300, 300),
(5132, 1735, 0, 1, -801.173889, -3891.226562, 147.750107, -2.004346, 0, 0, 0, 0, 300, 300),
(5135, 1735, 0, 1, -859.603821, -3892.842041, 139.354767, -2.069498, 0, 0, 0, 0, 300, 300),
(5138, 1735, 0, 1, -929.055725, -3881.546631, 148.770416, -2.609486, 0, 0, 0, 0, 300, 300),
(5139, 1735, 0, 1, -859.603821, -3892.842041, 139.354767, -2.809896, 0, 0, 0, 0, 300, 300),
(5140, 1735, 0, 1, -950.354004, -3905.085205, 152.167007, 1.930631, 0, 0, 0, 0, 300, 300),
(5145, 1735, 0, 1, -940.081421, -3952.572754, 149.143356, 1.458444, 0, 0, 0, 0, 300, 300),
(5146, 1735, 0, 1, -842.111267, -3960.331787, 150.993866, 1.155118, 0, 0, 0, 0, 300, 300),
(5147, 1735, 0, 1, -878.533997, -3962.572998, 134.456314, 1.830702, 0, 0, 0, 0, 300, 300),
(5148, 1735, 0, 1, -861.776001, -3976.945068, 149.701569, 0.575585, 0, 0, 0, 0, 300, 300),
(5149, 2047, 0, 1, -1944.562256, -1636.759155, 55.371090, 0.292297, 0, 0, 0, 0, 300, 300), -- truesilver deposit
(5150, 2047, 0, 1, -1915.135986, -1673.832031, 61.658989, 2.578501, 0, 0, 0, 0, 300, 300),
(5151, 2047, 0, 1, -1845.709961, -1760.063965, 71.699577, 3.104703, 0, 0, 0, 0, 300, 300),
(5152, 2047, 0, 1, -2300.569824, -1792.401001, -31.231369, 1.170054, 0, 0, 0, 0, 300, 300),
(5153, 2047, 0, 1, -1819.375977, -1803.179932, 57.095123, -0.569634, 0, 0, 0, 0, 300, 300),
(5154, 2047, 0, 1, -2235.932129, -1835.516968, -21.194836, 2.969865, 0, 0, 0, 0, 300, 300),
(5155, 2047, 0, 1, -1814.588013, -2011.573975, 63.559734, -1.388758, 0, 0, 0, 0, 300, 300),
(5156, 2047, 0, 1, -1651.796021, -2216.375000, 24.125402, 2.569801, 0, 0, 0, 0, 300, 300),
(5157, 2047, 0, 1, -1654.189941, -2216.375000, 23.848680, 2.554578, 0, 0, 0, 0, 300, 300),
(5160, 2047, 0, 1, -1840.921997, -2536.151855, 57.604862, 2.361923, 0, 0, 0, 0, 300, 300),
(5163, 2047, 0, 1, -1826.557983, -2640.349121, 60.854691, -2.334367, 0, 0, 0, 0, 300, 300),
(5164, 2047, 0, 1, -2061.169922, -2676.279053, 86.302620, 0.051924, 0, 0, 0, 0, 300, 300),
(5165, 2047, 0, 1, -987.709229, -3883.408203, 149.998657, -1.373012, 0, 0, 0, 0, 300, 300),
(5166, 2047, 0, 1, -926.657349, -3898.603271, 145.150192, 0.465614, 0, 0, 0, 0, 300, 300),
(5167, 2047, 0, 1, -871.562073, -3914.869141, 137.787125, 0.893994, 0, 0, 0, 0, 300, 300),
(5168, 2047, 0, 1, -821.413818, -3885.978516, 144.968384, -2.951411, 0, 0, 0, 0, 300, 300),
(5169, 2047, 0, 1, -860.339783, -3930.813965, 148.335999, -0.278287, 0, 0, 0, 0, 300, 300),
(5170, 2047, 0, 1, -897.440857, -3963.874268, 137.246002, -2.350312, 0, 0, 0, 0, 300, 300),
(5171, 2040, 0, 1, -1754.737915, -1433.101074, 63.301491, 2.562449, 0, 0, 0, 0, 300, 300), -- mithril deposit
(5172, 2040, 0, 1, -1826.557983, -1443.880005, 57.931534, 0.836800, 0, 0, 0, 0, 300, 300),
(5173, 2040, 0, 1, -1673.342041, -1447.473022, 46.169983, 0.456604, 0, 0, 0, 0, 300, 300),
(5174, 2040, 0, 1, -1850.498047, -1497.774902, 50.288910, 2.292319, 0, 0, 0, 0, 300, 300),
(5175, 2040, 0, 1, -1845.709961, -1537.298096, 65.349129, 0.716659, 0, 0, 0, 0, 300, 300),
(5176, 2040, 0, 1, -1944.562256, -1636.759155, 55.371090, 0.237043, 0, 0, 0, 0, 300, 300),
(5177, 2040, 0, 1, -1944.562256, -1636.759155, 55.371090, -0.932963, 0, 0, 0, 0, 300, 300),
(5178, 2040, 0, 1, -2334.086182, -1648.680908, -31.072418, 1.648891, 0, 0, 0, 0, 300, 300),
(5179, 2040, 0, 1, -2178.476074, -1666.645996, -33.306206, 0.965301, 0, 0, 0, 0, 300, 300),
(5180, 2040, 0, 1, -2180.870117, -1666.645996, -34.814159, 0.278710, 0, 0, 0, 0, 300, 300),
(5181, 2040, 0, 1, -1915.135986, -1673.832031, 61.658989, 2.967228, 0, 0, 0, 0, 300, 300),
(5182, 2040, 0, 1, -1915.135986, -1677.425049, 66.913734, 1.168177, 0, 0, 0, 0, 300, 300),
(5183, 2040, 0, 1, -1917.530029, -1677.425049, 65.714005, -2.570002, 0, 0, 0, 0, 300, 300),
(5184, 2040, 0, 1, -1845.709961, -1760.063965, 71.699577, -1.000082, 0, 0, 0, 0, 300, 300),
(5185, 2040, 0, 1, -2300.569824, -1788.808105, -32.848377, -2.182942, 0, 0, 0, 0, 300, 300),
(5186, 2040, 0, 1, -2176.082031, -1792.401001, -37.501884, -0.539569, 0, 0, 0, 0, 300, 300),
(5187, 2040, 0, 1, -2298.176025, -1792.401001, -32.450241, 1.017888, 0, 0, 0, 0, 300, 300),
(5188, 2040, 0, 1, -1819.375977, -1803.179932, 57.095123, -1.520650, 0, 0, 0, 0, 300, 300),
(5189, 2040, 0, 1, -2235.932129, -1835.516968, -21.194836, 0.125484, 0, 0, 0, 0, 300, 300),
(5190, 2040, 0, 1, -1814.588013, -2011.573975, 63.559734, 0.378978, 0, 0, 0, 0, 300, 300),
(5191, 2040, 0, 1, -1651.796021, -2212.782227, 23.836197, -1.078535, 0, 0, 0, 0, 300, 300),
(5192, 2040, 0, 1, -1651.796021, -2216.375000, 24.125402, 1.608214, 0, 0, 0, 0, 300, 300),
(5197, 2040, 0, 1, -1654.189941, -2216.375000, 23.848680, -0.376227, 0, 0, 0, 0, 300, 300),
(5200, 2040, 0, 1, -1840.921997, -2536.151855, 57.604862, 0.266948, 0, 0, 0, 0, 300, 300),
(5201, 2040, 0, 1, -1838.528076, -2539.745117, 56.193913, 1.987116, 0, 0, 0, 0, 300, 300),
(5202, 2040, 0, 1, -1826.557983, -2640.349121, 60.854691, 0.999648, 0, 0, 0, 0, 300, 300),
(5208, 2040, 0, 1, -1824.163940, -2647.535156, 61.698330, 2.730632, 0, 0, 0, 0, 300, 300),
(5209, 2040, 0, 1, -2058.775879, -2676.279053, 82.718262, 2.622821, 0, 0, 0, 0, 300, 300),
(5210, 2040, 0, 1, -2061.169922, -2676.279053, 86.302620, 2.406867, 0, 0, 0, 0, 300, 300),
(5211, 2040, 0, 1, -1723.615967, -3287.088867, 11.648094, 1.470477, 0, 0, 0, 0, 300, 300),
(5212, 2040, 0, 1, -1728.404053, -3287.088867, 13.159925, 0.871004, 0, 0, 0, 0, 300, 300),
(5213, 2040, 0, 1, -2065.587891, -3309.395752, 68.679240, -0.353511, 0, 0, 0, 0, 300, 300),
(5214, 2040, 0, 1, -2029.335938, -3329.170654, 58.794117, -1.655656, 0, 0, 0, 0, 300, 300),
(5215, 2040, 0, 1, -2037.109619, -3330.929688, 59.448532, 1.028610, 0, 0, 0, 0, 300, 300),
(5216, 2040, 0, 1, -2032.640015, -3347.229980, 61.908401, 2.768342, 0, 0, 0, 0, 300, 300),
(5217, 2040, 0, 1, -2076.723145, -3369.207031, 59.438595, -2.352795, 0, 0, 0, 0, 300, 300),
(5218, 2040, 0, 1, -890.628235, -3865.047363, 136.103592, -1.580401, 0, 0, 0, 0, 300, 300),
(5219, 2040, 0, 1, -885.716003, -3869.155029, 137.202786, 0.421604, 0, 0, 0, 0, 300, 300),
(5220, 2040, 0, 1, -890.504028, -3869.155029, 135.980804, -2.551184, 0, 0, 0, 0, 300, 300),
(5221, 2040, 0, 1, -984.959412, -3889.193604, 149.616318, 0.152155, 0, 0, 0, 0, 300, 300),
(5222, 2040, 0, 1, -926.657349, -3898.603271, 145.150192, -0.319404, 0, 0, 0, 0, 300, 300),
(5223, 2040, 0, 1, -876.113586, -3914.421143, 135.038513, 2.145399, 0, 0, 0, 0, 300, 300),
(5224, 2040, 0, 1, -821.413818, -3885.978516, 144.968384, -1.652799, 0, 0, 0, 0, 300, 300),
(5225, 2040, 0, 1, -865.822571, -3939.464111, 151.014175, 1.169199, 0, 0, 0, 0, 300, 300),
(5226, 2040, 0, 1, -921.907471, -3941.350586, 150.461060, -3.030583, 0, 0, 0, 0, 300, 300),
(5227, 2040, 0, 1, -916.195801, -3941.548584, 150.130020, 0.340728, 0, 0, 0, 0, 300, 300),
(5228, 2040, 0, 1, -897.440857, -3963.874268, 137.246002, 0.572352, 0, 0, 0, 0, 300, 300),
(5229, 2040, 0, 1, -875.150635, -4013.453125, 147.573074, -0.680369, 0, 0, 0, 0, 300, 300),
-- Badlands:
(5230, 1733, 0, 1, -7406.325195, -2262.667969, 235.159973, 2.311233, 0, 0, 0, 0, 300, 300), -- silver vein
(5233, 1733, 0, 1, -7335.160156, -2265.149902, 240.706741, 0.224004, 0, 0, 0, 0, 300, 300),
(5234, 1733, 0, 1, -7407.979980, -2265.149902, 234.718506, 0.298312, 0, 0, 0, 0, 300, 300),
(5235, 1733, 0, 1, -6808.870117, -2344.573975, 277.899689, 2.882139, 0, 0, 0, 0, 300, 300),
(5236, 1733, 0, 1, -6461.319824, -2446.335938, 304.056915, 2.903726, 0, 0, 0, 0, 300, 300),
(5237, 1733, 0, 1, -6697.984863, -2446.335938, 281.290619, 1.980416, 0, 0, 0, 0, 300, 300),
(5238, 1733, 0, 1, -6795.629883, -2448.818115, 263.165405, -2.941663, 0, 0, 0, 0, 300, 300),
(5241, 1733, 0, 1, -6477.870117, -2461.228027, -200000.000000, 1.660200, 0, 0, 0, 0, 300, 300),
(5242, 1733, 0, 1, -6462.975098, -2486.048096, 341.758453, 0.389134, 0, 0, 0, 0, 300, 300),
(5245, 1733, 0, 1, -7053.810059, -2528.241943, 268.937469, -1.068065, 0, 0, 0, 0, 300, 300),
(5246, 1733, 0, 1, -7126.629883, -2538.169922, 299.229340, -2.194195, 0, 0, 0, 0, 300, 300),
(5247, 1733, 0, 1, -6957.819824, -2580.364014, 277.162292, -1.038319, 0, 0, 0, 0, 300, 300),
(5248, 1733, 0, 1, -7105.115234, -2634.968018, 264.032043, 2.140777, 0, 0, 0, 0, 300, 300),
(5251, 1733, 0, 1, -7103.459961, -2637.449951, 264.842102, -1.719038, 0, 0, 0, 0, 300, 300),
(5252, 1733, 0, 1, -6906.515137, -2669.716064, 250.641434, -1.034613, 0, 0, 0, 0, 300, 300),
(5253, 1733, 0, 1, -7076.979980, -2692.053955, 256.975708, -0.738790, 0, 0, 0, 0, 300, 300),
(5254, 1733, 0, 1, -7182.899902, -2706.946045, 269.306000, 1.388806, 0, 0, 0, 0, 300, 300),
(5255, 1733, 0, 1, -6997.540039, -2741.693848, 249.621429, -2.777903, 0, 0, 0, 0, 300, 300),
(5256, 1733, 0, 1, -6896.584961, -2793.815918, 242.433533, 2.775244, 0, 0, 0, 0, 300, 300),
(5257, 1733, 0, 1, -6770.805176, -2840.974121, 244.877731, 1.011420, 0, 0, 0, 0, 300, 300),
(5260, 1733, 0, 1, -7156.419922, -2875.722168, 250.771637, -0.511094, 0, 0, 0, 0, 300, 300),
(5261, 1733, 0, 1, -7158.075195, -2875.722168, 252.345871, 0.988557, 0, 0, 0, 0, 300, 300),
(5262, 1733, 0, 1, -6621.854980, -2880.686035, 254.442688, 2.426493, 0, 0, 0, 0, 300, 300),
(5263, 1733, 0, 1, -6747.634766, -2930.325928, 249.291214, -2.031428, 0, 0, 0, 0, 300, 300),
(5264, 1733, 0, 1, -6785.700195, -2965.073975, 249.534317, -3.063900, 0, 0, 0, 0, 300, 300),
(5265, 1733, 0, 1, -7139.870117, -2989.894043, 262.822052, -2.194019, 0, 0, 0, 0, 300, 300),
(5266, 1733, 0, 1, -6678.125000, -3012.231934, 260.333038, 0.284011, 0, 0, 0, 0, 300, 300),
(5267, 1733, 0, 1, -6741.015137, -3091.656006, 280.458069, 0.271580, 0, 0, 0, 0, 300, 300),
(5268, 1733, 0, 1, -6976.024902, -3104.065918, 257.660858, -2.070515, 0, 0, 0, 0, 300, 300),
(5269, 1733, 0, 1, -6974.370117, -3106.547852, 259.082092, -1.990146, 0, 0, 0, 0, 300, 300),
(5270, 1733, 0, 1, -7181.245117, -3126.403809, 274.124329, -0.386536, 0, 0, 0, 0, 300, 300),
(5271, 1733, 0, 1, -6868.450195, -3131.368164, 259.470612, 0.341077, 0, 0, 0, 0, 300, 300),
(5272, 1733, 0, 1, -6871.759766, -3136.332031, 263.079681, 2.378449, 0, 0, 0, 0, 300, 300),
(5273, 1733, 0, 1, -6709.569824, -3178.525879, 266.506958, -1.264739, 0, 0, 0, 0, 300, 300),
(5274, 1733, 0, 1, -6711.225098, -3178.525879, 265.493164, 2.394416, 0, 0, 0, 0, 300, 300),
(5275, 1733, 0, 1, -7154.765137, -3198.381836, 245.887802, -0.274351, 0, 0, 0, 0, 300, 300),
(5276, 1733, 0, 1, -6797.285156, -3213.273926, 267.076721, -2.649738, 0, 0, 0, 0, 300, 300),
(5277, 1733, 0, 1, -6856.865234, -3302.625977, 268.745361, -0.424051, 0, 0, 0, 0, 300, 300),
(5278, 1733, 0, 1, -7176.280273, -3347.302002, 250.419418, 2.924211, 0, 0, 0, 0, 300, 300),
(5279, 1733, 0, 1, -6656.609863, -3369.639893, 259.084351, 2.033179, 0, 0, 0, 0, 300, 300),
(5280, 1733, 0, 1, -6170.040039, -3379.567871, 243.629074, 0.107380, 0, 0, 0, 0, 300, 300),
(5281, 1733, 0, 1, -6487.799805, -3379.567871, 260.921387, -0.233608, 0, 0, 0, 0, 300, 300),
(5282, 1733, 0, 1, -6113.770020, -3424.244141, 261.945129, -2.243590, 0, 0, 0, 0, 300, 300),
(5283, 1733, 0, 1, -6237.895020, -3471.401855, 246.409317, 0.870998, 0, 0, 0, 0, 300, 300),
(5284, 1733, 0, 1, -7148.145020, -3491.258057, 262.639252, 1.733528, 0, 0, 0, 0, 300, 300),
(5285, 1733, 0, 1, -6649.990234, -3538.416016, 247.762238, -2.011662, 0, 0, 0, 0, 300, 300),
(5286, 1733, 0, 1, -6302.439941, -3553.308105, 250.138809, -1.038296, 0, 0, 0, 0, 300, 300),
(5287, 1733, 0, 1, -6304.095215, -3555.790039, 250.372757, 0.504679, 0, 0, 0, 0, 300, 300),
(5288, 1733, 0, 1, -7111.734863, -3607.912109, 253.291458, -3.064723, 0, 0, 0, 0, 300, 300),
(5289, 1733, 0, 1, -6942.924805, -3652.587891, 247.449539, -0.824690, 0, 0, 0, 0, 300, 300),
(5290, 1733, 0, 1, -7086.910156, -3682.372070, 250.205093, -0.350586, 0, 0, 0, 0, 300, 300),
(5291, 1733, 0, 1, -6603.649902, -3699.746094, 266.885468, -1.314124, 0, 0, 0, 0, 300, 300),
(5292, 1734, 0, 1, -7225.929688, -2175.798096, 298.086395, 0.207389, 0, 0, 0, 0, 300, 300), -- gold vein
(5293, 1734, 0, 1, -7220.964844, -2178.280029, 299.544312, 0.877594, 0, 0, 0, 0, 300, 300),
(5294, 1734, 0, 1, -7171.314941, -2232.884033, 297.847351, 1.322294, 0, 0, 0, 0, 300, 300),
(5295, 1734, 0, 1, -7386.464844, -2237.847900, 233.988815, -1.806777, 0, 0, 0, 0, 300, 300),
(5296, 1734, 0, 1, -7388.120117, -2240.330078, 234.641251, 0.663470, 0, 0, 0, 0, 300, 300),
(5297, 1734, 0, 1, -7470.870117, -2247.776123, 236.695862, -1.360028, 0, 0, 0, 0, 300, 300),
(5298, 1734, 0, 1, -7472.524902, -2247.776123, 236.124405, 1.774948, 0, 0, 0, 0, 300, 300),
(5299, 1734, 0, 1, -7105.115234, -2262.667969, 275.299835, 2.768281, 0, 0, 0, 0, 300, 300),
(5300, 1734, 0, 1, -7106.770020, -2265.149902, 274.427795, 1.053063, 0, 0, 0, 0, 300, 300),
(5301, 1734, 0, 1, -7335.160156, -2265.149902, 240.706741, -1.894804, 0, 0, 0, 0, 300, 300),
(5302, 1734, 0, 1, -7407.979980, -2265.149902, 234.718506, 1.379666, 0, 0, 0, 0, 300, 300),
(5303, 1734, 0, 1, -7376.535156, -2267.632080, 234.861435, 2.095113, 0, 0, 0, 0, 300, 300),
(5304, 1734, 0, 1, -7442.734863, -2272.595947, 231.587708, 2.491502, 0, 0, 0, 0, 300, 300),
(5305, 1734, 0, 1, -7477.490234, -2285.006104, 233.851089, -0.973670, 0, 0, 0, 0, 300, 300),
(5306, 1734, 0, 1, -6976.024902, -2304.862061, 257.589630, 2.715318, 0, 0, 0, 0, 300, 300),
(5307, 1734, 0, 1, -7383.155273, -2304.862061, 238.989700, -0.047603, 0, 0, 0, 0, 300, 300),
(5308, 1734, 0, 1, -6974.370117, -2307.343994, 254.439972, -2.294310, 0, 0, 0, 0, 300, 300),
(5309, 1734, 0, 1, -7350.054688, -2314.790039, 241.542862, -1.062870, 0, 0, 0, 0, 300, 300),
(5310, 1734, 0, 1, -7374.879883, -2329.682129, 244.167191, 1.877255, 0, 0, 0, 0, 300, 300),
(5311, 1734, 0, 1, -7426.185059, -2329.682129, 240.969879, -2.010091, 0, 0, 0, 0, 300, 300),
(5312, 1734, 0, 1, -6808.870117, -2347.055908, 279.114105, 0.172378, 0, 0, 0, 0, 300, 300),
(5313, 1734, 0, 1, -7181.245117, -2369.394043, 241.576675, -0.686597, 0, 0, 0, 0, 300, 300),
(5314, 1734, 0, 1, -6471.250000, -2381.803955, 298.845856, 2.397375, 0, 0, 0, 0, 300, 300),
(5315, 1734, 0, 1, -6868.450195, -2401.659912, 249.127502, 1.871616, 0, 0, 0, 0, 300, 300),
(5316, 1734, 0, 1, -6547.379883, -2433.926025, 296.620758, -1.013327, 0, 0, 0, 0, 300, 300),
(5317, 1734, 0, 1, -6697.984863, -2446.335938, 281.290619, -2.546854, 0, 0, 0, 0, 300, 300),
(5318, 1734, 0, 1, -6461.319824, -2448.818115, 307.064575, 2.299411, 0, 0, 0, 0, 300, 300),
(5321, 1734, 0, 1, -6462.975098, -2448.818115, 308.525238, -2.911284, 0, 0, 0, 0, 300, 300),
(5322, 1734, 0, 1, -6793.975098, -2448.818115, 263.713196, -0.946020, 0, 0, 0, 0, 300, 300),
(5323, 1734, 0, 1, -7245.790039, -2451.300049, 261.093170, 0.990604, 0, 0, 0, 0, 300, 300),
(5324, 1734, 0, 1, -6792.320312, -2453.781982, 264.971680, 0.746204, 0, 0, 0, 0, 300, 300),
(5325, 1734, 0, 1, -7313.645020, -2453.781982, 305.247223, 2.512389, 0, 0, 0, 0, 300, 300),
(5326, 1734, 0, 1, -7417.910156, -2453.781982, 326.593781, 2.394197, 0, 0, 0, 0, 300, 300),
(5327, 1734, 0, 1, -6517.589844, -2456.263916, 304.547211, 1.119949, 0, 0, 0, 0, 300, 300),
(5328, 1734, 0, 1, -6434.839844, -2471.156006, 326.978027, 0.772046, 0, 0, 0, 0, 300, 300),
(5329, 1734, 0, 1, -7353.365234, -2481.083984, 322.542572, -2.551242, 0, 0, 0, 0, 300, 300),
(5330, 1734, 0, 1, -6462.975098, -2486.048096, 341.758453, 0.998222, 0, 0, 0, 0, 300, 300),
(5331, 1734, 0, 1, -7053.810059, -2528.241943, 268.937469, 0.685306, 0, 0, 0, 0, 300, 300),
(5332, 1734, 0, 1, -7128.285156, -2538.169922, 299.269318, -1.284712, 0, 0, 0, 0, 300, 300),
(5333, 1734, 0, 1, -6904.859863, -2580.364014, 247.844482, -0.650849, 0, 0, 0, 0, 300, 300),
(5334, 1734, 0, 1, -6957.819824, -2580.364014, 277.162292, -0.904782, 0, 0, 0, 0, 300, 300),
(5335, 1734, 0, 1, -6959.475098, -2580.364014, 277.733490, 1.072291, 0, 0, 0, 0, 300, 300),
(5336, 1734, 0, 1, -7254.064941, -2595.255859, 293.001953, -0.726800, 0, 0, 0, 0, 300, 300),
(5337, 1734, 0, 1, -7103.459961, -2634.968018, 264.245544, 2.571844, 0, 0, 0, 0, 300, 300),
(5338, 1734, 0, 1, -7103.459961, -2637.449951, 264.842102, -2.408294, 0, 0, 0, 0, 300, 300),
(5339, 1734, 0, 1, -6903.205078, -2667.233887, 249.577698, 1.909332, 0, 0, 0, 0, 300, 300),
(5340, 1734, 0, 1, -6990.919922, -2669.716064, 295.349487, 0.516441, 0, 0, 0, 0, 300, 300),
(5341, 1734, 0, 1, -6992.575195, -2669.716064, 295.825958, -0.536511, 0, 0, 0, 0, 300, 300),
(5342, 1734, 0, 1, -7073.669922, -2694.536133, 257.503815, 1.731666, 0, 0, 0, 0, 300, 300),
(5343, 1734, 0, 1, -7075.325195, -2697.018066, 256.035217, -2.456993, 0, 0, 0, 0, 300, 300),
(5344, 1734, 0, 1, -7182.899902, -2706.946045, 269.306000, -1.877672, 0, 0, 0, 0, 300, 300),
(5345, 1734, 0, 1, -6997.540039, -2744.176025, 248.107193, -1.880433, 0, 0, 0, 0, 300, 300),
(5346, 1734, 0, 1, -6896.584961, -2793.815918, 242.433533, -0.844296, 0, 0, 0, 0, 300, 300),
(5347, 1734, 0, 1, -6774.115234, -2843.456055, 245.584000, 0.255901, 0, 0, 0, 0, 300, 300),
(5348, 1734, 0, 1, -7090.219727, -2865.793945, 242.301895, -0.756671, 0, 0, 0, 0, 300, 300),
(5349, 1734, 0, 1, -7096.839844, -2865.793945, 242.104431, -1.212549, 0, 0, 0, 0, 300, 300),
(5350, 1734, 0, 1, -7156.419922, -2873.239990, 250.963135, 2.209150, 0, 0, 0, 0, 300, 300),
(5351, 1734, 0, 1, -7158.075195, -2875.722168, 252.345871, 3.136813, 0, 0, 0, 0, 300, 300),
(5355, 1734, 0, 1, -6620.200195, -2880.686035, 254.925400, -3.101915, 0, 0, 0, 0, 300, 300),
(5356, 1734, 0, 1, -6749.290039, -2930.325928, 249.773270, 1.523260, 0, 0, 0, 0, 300, 300),
(5357, 1734, 0, 1, -6537.450195, -2957.627930, 267.661102, -0.282771, 0, 0, 0, 0, 300, 300),
(5358, 1734, 0, 1, -6535.794922, -2960.109863, 267.613129, 0.991652, 0, 0, 0, 0, 300, 300),
(5359, 1734, 0, 1, -6790.665039, -2965.073975, 249.697266, -0.798377, 0, 0, 0, 0, 300, 300),
(5360, 1734, 0, 1, -7139.870117, -2989.894043, 262.822052, 0.310945, 0, 0, 0, 0, 300, 300),
(5361, 1734, 0, 1, -7143.179688, -2989.894043, 264.622894, 2.990106, 0, 0, 0, 0, 300, 300),
(5366, 1734, 0, 1, -6683.089844, -3014.713867, 259.295929, 1.030888, 0, 0, 0, 0, 300, 300),
(5367, 1734, 0, 1, -6741.015137, -3091.656006, 280.458069, -2.655177, 0, 0, 0, 0, 300, 300),
(5368, 1734, 0, 1, -6972.714844, -3106.547852, 259.130798, 0.551988, 0, 0, 0, 0, 300, 300),
(5369, 1734, 0, 1, -6977.680176, -3106.547852, 258.446991, -2.933609, 0, 0, 0, 0, 300, 300),
(5370, 1734, 0, 1, -6974.370117, -3111.511963, 261.900024, 2.674698, 0, 0, 0, 0, 300, 300),
(5371, 1734, 0, 1, -6976.024902, -3111.511963, 261.657257, 1.271619, 0, 0, 0, 0, 300, 300),
(5372, 1734, 0, 1, -7196.140137, -3121.439941, 288.674835, 0.972363, 0, 0, 0, 0, 300, 300),
(5373, 1734, 0, 1, -7179.589844, -3126.403809, 272.965240, 1.408780, 0, 0, 0, 0, 300, 300),
(5374, 1734, 0, 1, -7252.410156, -3126.403809, 315.982025, -0.003169, 0, 0, 0, 0, 300, 300),
(5375, 1734, 0, 1, -6871.759766, -3131.368164, 259.012238, -1.694023, 0, 0, 0, 0, 300, 300),
(5376, 1734, 0, 1, -6873.415039, -3136.332031, 263.328339, -1.647291, 0, 0, 0, 0, 300, 300),
(5377, 1734, 0, 1, -7120.009766, -3158.669922, 245.006912, 0.132199, 0, 0, 0, 0, 300, 300),
(5378, 1734, 0, 1, -6709.569824, -3178.525879, 266.506958, -0.560415, 0, 0, 0, 0, 300, 300),
(5379, 1734, 0, 1, -6711.225098, -3178.525879, 265.493164, 1.574717, 0, 0, 0, 0, 300, 300),
(5380, 1734, 0, 1, -7156.419922, -3200.864014, 248.137527, -3.114608, 0, 0, 0, 0, 300, 300),
(5388, 1734, 0, 1, -7293.785156, -3203.346191, 296.623016, 2.644433, 0, 0, 0, 0, 300, 300),
(5389, 1734, 0, 1, -6793.975098, -3218.238037, 265.994659, -2.064054, 0, 0, 0, 0, 300, 300),
(5390, 1734, 0, 1, -6856.865234, -3302.625977, 268.745361, -0.906559, 0, 0, 0, 0, 300, 300),
(5391, 1734, 0, 1, -7174.625000, -3342.337891, 246.853714, -0.137154, 0, 0, 0, 0, 300, 300),
(5392, 1734, 0, 1, -6767.495117, -3354.748047, 249.806946, 2.237599, 0, 0, 0, 0, 300, 300),
(5393, 1734, 0, 1, -6765.839844, -3357.229980, 249.952774, -2.127494, 0, 0, 0, 0, 300, 300),
(5400, 1734, 0, 1, -6656.609863, -3374.604004, 259.821411, 1.733390, 0, 0, 0, 0, 300, 300),
(5401, 1734, 0, 1, -6486.145020, -3377.085938, 258.453217, 0.963240, 0, 0, 0, 0, 300, 300),
(5402, 1734, 0, 1, -6170.040039, -3379.567871, 243.629074, -1.855469, 0, 0, 0, 0, 300, 300),
(5407, 1734, 0, 1, -6170.040039, -3382.049805, 244.156158, -2.300306, 0, 0, 0, 0, 300, 300),
(5408, 1734, 0, 1, -6113.770020, -3421.761963, 261.889282, -2.286513, 0, 0, 0, 0, 300, 300),
(5409, 1734, 0, 1, -7249.100098, -3466.437988, 314.275696, 0.612359, 0, 0, 0, 0, 300, 300),
(5410, 1734, 0, 1, -6237.895020, -3471.401855, 246.409317, -1.293439, 0, 0, 0, 0, 300, 300),
(5411, 1734, 0, 1, -7341.780273, -3473.883789, 331.661987, -0.926173, 0, 0, 0, 0, 300, 300),
(5412, 1734, 0, 1, -7148.145020, -3491.258057, 262.639252, -0.194001, 0, 0, 0, 0, 300, 300),
(5415, 1734, 0, 1, -6651.645020, -3538.416016, 246.807800, 1.343505, 0, 0, 0, 0, 300, 300),
(5416, 1734, 0, 1, -6302.439941, -3553.308105, 250.138809, 0.152512, 0, 0, 0, 0, 300, 300),
(5417, 1734, 0, 1, -6304.095215, -3555.790039, 249.872757, 0.998324, 0, 0, 0, 0, 300, 300),
(5420, 1734, 0, 1, -6952.854980, -3600.465820, 241.666672, -3.077053, 0, 0, 0, 0, 300, 300),
(5421, 1734, 0, 1, -7111.734863, -3607.912109, 253.291458, -1.167947, 0, 0, 0, 0, 300, 300),
(5435, 1734, 0, 1, -6820.455078, -3642.660156, 265.871368, -1.325216, 0, 0, 0, 0, 300, 300),
(5440, 1734, 0, 1, -6942.924805, -3652.587891, 247.449539, 1.622658, 0, 0, 0, 0, 300, 300),
(5441, 1734, 0, 1, -6947.890137, -3655.069824, 251.322845, -0.149256, 0, 0, 0, 0, 300, 300),
(5442, 1734, 0, 1, -7028.984863, -3667.479980, 246.633194, 3.076573, 0, 0, 0, 0, 300, 300),
(5443, 1734, 0, 1, -7085.254883, -3682.372070, 250.874252, -0.047600, 0, 0, 0, 0, 300, 300),
(5444, 1734, 0, 1, -6603.649902, -3699.746094, 266.885468, 2.851863, 0, 0, 0, 0, 300, 300),
(5445, 1734, 0, 1, -6737.705078, -3786.616211, 273.548920, 2.941077, 0, 0, 0, 0, 300, 300),
(5446, 1734, 0, 1, -7002.504883, -3861.075928, 298.204651, -1.901422, 0, 0, 0, 0, 300, 300),
(5447, 1734, 0, 1, -6466.285156, -3873.485840, 323.848022, 0.444866, 0, 0, 0, 0, 300, 300),
(5448, 1734, 0, 1, -6903.205078, -3883.414062, 278.334686, -1.400625, 0, 0, 0, 0, 300, 300),
(5449, 1734, 0, 1, -6985.955078, -3967.802002, 274.079926, -0.573148, 0, 0, 0, 0, 300, 300),
(5450, 1734, 0, 1, -6693.020020, -4014.959961, 270.105133, 1.503572, 0, 0, 0, 0, 300, 300),
(5451, 1734, 0, 1, -6696.330078, -4014.959961, 269.364746, -0.578641, 0, 0, 0, 0, 300, 300),
(5452, 1734, 0, 1, -6618.544922, -4019.924072, 267.378693, 0.859138, 0, 0, 0, 0, 300, 300),
(5455, 1734, 0, 1, -6653.299805, -4027.370117, 274.083588, 2.595456, 0, 0, 0, 0, 300, 300),
(5456, 1734, 0, 1, -6812.180176, -4034.815918, 269.564209, -0.315104, 0, 0, 0, 0, 300, 300),
(5457, 1734, 0, 1, -6441.459961, -4057.153809, 276.841064, -1.522690, 0, 0, 0, 0, 300, 300),
(5458, 1734, 0, 1, -6446.424805, -4057.153809, 275.529877, 0.554180, 0, 0, 0, 0, 300, 300),
(5461, 1734, 0, 1, -6979.334961, -4079.491943, 279.426819, -3.034237, 0, 0, 0, 0, 300, 300),
(5462, 1734, 0, 1, -6633.439941, -4129.131836, 273.772980, 1.132564, 0, 0, 0, 0, 300, 300),
(5463, 1734, 0, 1, -6883.344727, -4136.578125, 278.708649, -1.430734, 0, 0, 0, 0, 300, 300),
(5464, 1734, 0, 1, -6550.689941, -4153.952148, 284.343689, 2.896125, 0, 0, 0, 0, 300, 300),
(5465, 1734, 0, 1, -6798.939941, -4158.916016, 266.365875, 0.922690, 0, 0, 0, 0, 300, 300),
(5466, 1734, 0, 1, -6441.459961, -4163.879883, 290.831848, -2.521510, 0, 0, 0, 0, 300, 300),
(5467, 1735, 0, 1, -7406.325195, -2262.667969, 235.159973, 1.761981, 0, 0, 0, 0, 300, 300), -- iron deposit
(5468, 1735, 0, 1, -7335.160156, -2265.149902, 240.706741, -1.927843, 0, 0, 0, 0, 300, 300),
(5471, 1735, 0, 1, -7407.979980, -2265.149902, 234.718506, 0.355210, 0, 0, 0, 0, 300, 300),
(5472, 1735, 0, 1, -7340.125000, -2267.632080, 239.887970, 2.816564, 0, 0, 0, 0, 300, 300),
(5473, 1735, 0, 1, -7442.734863, -2272.595947, 231.587708, 1.835991, 0, 0, 0, 0, 300, 300),
(5474, 1735, 0, 1, -7384.810059, -2302.379883, 238.989700, -2.368075, 0, 0, 0, 0, 300, 300),
(5475, 1735, 0, 1, -6808.870117, -2344.573975, 277.899689, 3.065035, 0, 0, 0, 0, 300, 300),
(5476, 1735, 0, 1, -6810.524902, -2347.055908, 277.996704, 1.755467, 0, 0, 0, 0, 300, 300),
(5477, 1735, 0, 1, -6868.450195, -2401.659912, 249.127502, 1.487733, 0, 0, 0, 0, 300, 300),
(5478, 1735, 0, 1, -6693.020020, -2446.335938, 280.274780, 1.909997, 0, 0, 0, 0, 300, 300),
(5479, 1735, 0, 1, -6697.984863, -2446.335938, 281.290619, 0.404829, 0, 0, 0, 0, 300, 300),
(5480, 1735, 0, 1, -6461.319824, -2448.818115, 307.064575, -0.216523, 0, 0, 0, 0, 300, 300),
(5481, 1735, 0, 1, -6793.975098, -2448.818115, 263.713196, 2.440907, 0, 0, 0, 0, 300, 300),
(5482, 1735, 0, 1, -6792.320312, -2453.781982, 264.971680, -2.750826, 0, 0, 0, 0, 300, 300),
(5483, 1735, 0, 1, -6477.870117, -2461.228027, -200000.000000, -0.266022, 0, 0, 0, 0, 300, 300),
(5486, 1735, 0, 1, -6479.524902, -2461.228027, -200000.000000, 1.614810, 0, 0, 0, 0, 300, 300),
(5487, 1735, 0, 1, -6461.319824, -2486.048096, 342.676697, 2.268660, 0, 0, 0, 0, 300, 300),
(5488, 1735, 0, 1, -6462.975098, -2486.048096, 341.758453, -0.478042, 0, 0, 0, 0, 300, 300),
(5489, 1735, 0, 1, -6464.629883, -2488.530029, 342.656525, -2.105786, 0, 0, 0, 0, 300, 300),
(5494, 1735, 0, 1, -7053.810059, -2528.241943, 268.937469, -2.062161, 0, 0, 0, 0, 300, 300),
(5495, 1735, 0, 1, -7128.285156, -2535.687988, 300.670319, 1.666557, 0, 0, 0, 0, 300, 300),
(5500, 1735, 0, 1, -7126.629883, -2540.652100, 299.194122, 0.539470, 0, 0, 0, 0, 300, 300),
(5501, 1735, 0, 1, -6906.515137, -2577.882080, 248.401764, 0.047196, 0, 0, 0, 0, 300, 300),
(5502, 1735, 0, 1, -6909.825195, -2577.882080, 250.470688, -2.975988, 0, 0, 0, 0, 300, 300),
(5503, 1735, 0, 1, -6956.165039, -2580.364014, 276.827179, 0.295895, 0, 0, 0, 0, 300, 300),
(5509, 1735, 0, 1, -6959.475098, -2580.364014, 277.733490, 1.785647, 0, 0, 0, 0, 300, 300),
(5510, 1735, 0, 1, -7105.115234, -2634.968018, 264.032043, -1.257736, 0, 0, 0, 0, 300, 300),
(5513, 1735, 0, 1, -7103.459961, -2637.449951, 264.842102, -2.565755, 0, 0, 0, 0, 300, 300),
(5514, 1735, 0, 1, -6903.205078, -2667.233887, 249.577698, -3.010470, 0, 0, 0, 0, 300, 300),
(5515, 1735, 0, 1, -7073.669922, -2697.018066, 256.538910, 1.983215, 0, 0, 0, 0, 300, 300),
(5516, 1735, 0, 1, -7075.325195, -2697.018066, 256.035217, 2.083641, 0, 0, 0, 0, 300, 300),
(5519, 1735, 0, 1, -7182.899902, -2706.946045, 269.306000, 0.768742, 0, 0, 0, 0, 300, 300),
(5520, 1735, 0, 1, -6995.884766, -2744.176025, 247.341248, -0.357557, 0, 0, 0, 0, 300, 300),
(5521, 1735, 0, 1, -6891.620117, -2793.815918, 242.451736, -0.245596, 0, 0, 0, 0, 300, 300),
(5522, 1735, 0, 1, -6896.584961, -2793.815918, 242.433533, -2.376702, 0, 0, 0, 0, 300, 300),
(5523, 1735, 0, 1, -6770.805176, -2840.974121, 244.877731, 2.168210, 0, 0, 0, 0, 300, 300),
(5524, 1735, 0, 1, -7156.419922, -2873.239990, 250.963135, 1.689518, 0, 0, 0, 0, 300, 300),
(5525, 1735, 0, 1, -7158.075195, -2875.722168, 252.345871, 0.029170, 0, 0, 0, 0, 300, 300),
(5526, 1735, 0, 1, -6623.509766, -2880.686035, 253.896835, 1.988258, 0, 0, 0, 0, 300, 300),
(5527, 1735, 0, 1, -6623.509766, -2885.649902, 257.156464, -2.653275, 0, 0, 0, 0, 300, 300),
(5528, 1735, 0, 1, -6747.634766, -2930.325928, 249.291214, -0.072841, 0, 0, 0, 0, 300, 300),
(5529, 1735, 0, 1, -6789.009766, -2965.073975, 249.837692, 1.420507, 0, 0, 0, 0, 300, 300),
(5530, 1735, 0, 1, -7139.870117, -2989.894043, 262.822052, -2.085044, 0, 0, 0, 0, 300, 300),
(5531, 1735, 0, 1, -7143.179688, -2989.894043, 264.622894, -1.503845, 0, 0, 0, 0, 300, 300),
(5532, 1735, 0, 1, -6683.089844, -3007.268066, 257.503296, 2.913100, 0, 0, 0, 0, 300, 300),
(5533, 1735, 0, 1, -6679.780273, -3012.231934, 259.991943, -2.742044, 0, 0, 0, 0, 300, 300),
(5534, 1735, 0, 1, -6741.015137, -3091.656006, 280.458069, -0.265143, 0, 0, 0, 0, 300, 300),
(5535, 1735, 0, 1, -6744.325195, -3091.656006, 279.366974, -2.010923, 0, 0, 0, 0, 300, 300),
(5536, 1735, 0, 1, -6974.370117, -3106.547852, 259.082092, -1.330159, 0, 0, 0, 0, 300, 300),
(5537, 1735, 0, 1, -6977.680176, -3106.547852, 258.446991, 2.069169, 0, 0, 0, 0, 300, 300),
(5538, 1735, 0, 1, -6974.370117, -3109.030029, 260.385590, -2.122366, 0, 0, 0, 0, 300, 300),
(5539, 1735, 0, 1, -6977.680176, -3109.030029, 259.569092, 2.865390, 0, 0, 0, 0, 300, 300),
(5540, 1735, 0, 1, -7181.245117, -3126.403809, 274.124329, -2.908413, 0, 0, 0, 0, 300, 300),
(5541, 1735, 0, 1, -6868.450195, -3131.368164, 259.470612, 0.951956, 0, 0, 0, 0, 300, 300),
(5542, 1735, 0, 1, -7182.899902, -3133.850098, 275.116333, 0.006318, 0, 0, 0, 0, 300, 300),
(5543, 1735, 0, 1, -6871.759766, -3136.332031, 263.079681, 1.843194, 0, 0, 0, 0, 300, 300),
(5544, 1735, 0, 1, -6709.569824, -3178.525879, 266.506958, 0.770382, 0, 0, 0, 0, 300, 300),
(5545, 1735, 0, 1, -6711.225098, -3178.525879, 265.493164, -2.523902, 0, 0, 0, 0, 300, 300),
(5546, 1735, 0, 1, -7154.765137, -3198.381836, 245.887802, 2.440897, 0, 0, 0, 0, 300, 300),
(5549, 1735, 0, 1, -7158.075195, -3200.864014, 249.853348, 1.511618, 0, 0, 0, 0, 300, 300),
(5550, 1735, 0, 1, -6797.285156, -3215.755859, 266.893219, -1.857761, 0, 0, 0, 0, 300, 300),
(5551, 1735, 0, 1, -6792.320312, -3220.719971, 264.873901, -0.949898, 0, 0, 0, 0, 300, 300),
(5552, 1735, 0, 1, -6858.520020, -3302.625977, 268.747040, -2.428762, 0, 0, 0, 0, 300, 300),
(5553, 1735, 0, 1, -6860.174805, -3305.107910, 267.955444, -1.813835, 0, 0, 0, 0, 300, 300),
(5554, 1735, 0, 1, -7172.969727, -3344.819824, 247.171631, -0.908641, 0, 0, 0, 0, 300, 300),
(5555, 1735, 0, 1, -7176.280273, -3347.302002, 250.419418, 0.979661, 0, 0, 0, 0, 300, 300),
(5556, 1735, 0, 1, -6654.955078, -3372.122070, 260.248901, -1.219978, 0, 0, 0, 0, 300, 300),
(5560, 1735, 0, 1, -6170.040039, -3379.567871, 243.629074, 0.376174, 0, 0, 0, 0, 300, 300),
(5561, 1735, 0, 1, -6484.490234, -3379.567871, 259.286835, -2.372516, 0, 0, 0, 0, 300, 300),
(5564, 1735, 0, 1, -6175.004883, -3382.049805, 244.141708, -2.982244, 0, 0, 0, 0, 300, 300),
(5565, 1735, 0, 1, -6487.799805, -3382.049805, 262.512909, 1.801363, 0, 0, 0, 0, 300, 300),
(5566, 1735, 0, 1, -6113.770020, -3424.244141, 261.945129, -2.732493, 0, 0, 0, 0, 300, 300),
(5567, 1735, 0, 1, -6115.424805, -3424.244141, 260.475922, 2.960243, 0, 0, 0, 0, 300, 300),
(5568, 1735, 0, 1, -6237.895020, -3471.401855, 246.409317, -0.579289, 0, 0, 0, 0, 300, 300),
(5569, 1735, 0, 1, -7149.799805, -3491.258057, 263.286682, -0.207797, 0, 0, 0, 0, 300, 300),
(5570, 1735, 0, 1, -6651.645020, -3538.416016, 246.807800, -0.631169, 0, 0, 0, 0, 300, 300),
(5571, 1735, 0, 1, -6302.439941, -3553.308105, 250.138809, -0.661609, 0, 0, 0, 0, 300, 300),
(5572, 1735, 0, 1, -6304.095215, -3555.790039, 249.872757, 0.578402, 0, 0, 0, 0, 300, 300),
(5573, 1735, 0, 1, -7111.734863, -3607.912109, 253.291458, -0.038631, 0, 0, 0, 0, 300, 300),
(5574, 1735, 0, 1, -6942.924805, -3652.587891, 247.449539, 1.114898, 0, 0, 0, 0, 300, 300),
(5575, 1735, 0, 1, -6946.234863, -3655.069824, 251.126938, 0.268267, 0, 0, 0, 0, 300, 300),
(5576, 1735, 0, 1, -7086.910156, -3682.372070, 250.205093, -2.709129, 0, 0, 0, 0, 300, 300),
(5577, 1735, 0, 1, -6603.649902, -3699.746094, 266.885468, -0.110563, 0, 0, 0, 0, 300, 300),
(5578, 2047, 0, 1, -7225.929688, -2178.280029, 297.850281, -2.591684, 0, 0, 0, 0, 300, 300), -- truesilver deposit
(5579, 2047, 0, 1, -7171.314941, -2232.884033, 297.847351, -1.270410, 0, 0, 0, 0, 300, 300),
(5580, 2047, 0, 1, -7470.870117, -2247.776123, 236.695862, -0.819938, 0, 0, 0, 0, 300, 300),
(5581, 2047, 0, 1, -7105.115234, -2262.667969, 275.299835, -2.449970, 0, 0, 0, 0, 300, 300),
(5582, 2047, 0, 1, -7105.115234, -2265.149902, 274.284637, -1.889329, 0, 0, 0, 0, 300, 300),
(5583, 2047, 0, 1, -7479.145020, -2282.523926, 232.934250, -0.167305, 0, 0, 0, 0, 300, 300),
(5584, 2047, 0, 1, -7391.430176, -2287.488037, 236.422318, 2.353781, 0, 0, 0, 0, 300, 300),
(5585, 2047, 0, 1, -6974.370117, -2307.343994, 254.439972, 0.568404, 0, 0, 0, 0, 300, 300),
(5588, 2047, 0, 1, -7350.054688, -2312.308105, 241.101791, 0.528061, 0, 0, 0, 0, 300, 300),
(5589, 2047, 0, 1, -7374.879883, -2329.682129, 244.167191, -0.536465, 0, 0, 0, 0, 300, 300),
(5590, 2047, 0, 1, -7426.185059, -2329.682129, 240.969879, -1.938708, 0, 0, 0, 0, 300, 300),
(5591, 2047, 0, 1, -7182.899902, -2366.912109, 241.601639, -1.327111, 0, 0, 0, 0, 300, 300),
(5592, 2047, 0, 1, -6471.250000, -2381.803955, 298.845856, -2.042706, 0, 0, 0, 0, 300, 300),
(5593, 2047, 0, 1, -6552.344727, -2433.926025, 295.730103, -2.232619, 0, 0, 0, 0, 300, 300),
(5594, 2047, 0, 1, -7313.645020, -2453.781982, 305.247223, -0.221162, 0, 0, 0, 0, 300, 300),
(5595, 2047, 0, 1, -7417.910156, -2453.781982, 326.593781, -2.633180, 0, 0, 0, 0, 300, 300),
(5596, 2047, 0, 1, -7242.479980, -2456.263916, 260.667480, 2.802350, 0, 0, 0, 0, 300, 300),
(5597, 2047, 0, 1, -6517.589844, -2458.746094, 306.187103, 0.504998, 0, 0, 0, 0, 300, 300),
(5598, 2047, 0, 1, -6434.839844, -2471.156006, 326.978027, 0.425735, 0, 0, 0, 0, 300, 300),
(5599, 2047, 0, 1, -7346.745117, -2483.565918, 319.602478, -0.501829, 0, 0, 0, 0, 300, 300),
(5600, 2047, 0, 1, -7254.064941, -2595.255859, 293.001953, 1.941964, 0, 0, 0, 0, 300, 300),
(5601, 2047, 0, 1, -6990.919922, -2669.716064, 295.349487, 0.565608, 0, 0, 0, 0, 300, 300),
(5602, 2047, 0, 1, -6992.575195, -2669.716064, 295.825958, -0.995629, 0, 0, 0, 0, 300, 300),
(5603, 2047, 0, 1, -7096.839844, -2865.793945, 242.104431, 1.387291, 0, 0, 0, 0, 300, 300),
(5604, 2047, 0, 1, -6537.450195, -2962.592041, 266.129242, -0.148729, 0, 0, 0, 0, 300, 300),
(5605, 2047, 0, 1, -7196.140137, -3121.439941, 288.674835, -2.586505, 0, 0, 0, 0, 300, 300),
(5606, 2047, 0, 1, -7252.410156, -3126.403809, 315.982025, 0.830783, 0, 0, 0, 0, 300, 300),
(5607, 2047, 0, 1, -7120.009766, -3158.669922, 245.006912, 1.830492, 0, 0, 0, 0, 300, 300),
(5608, 2047, 0, 1, -7292.129883, -3203.346191, 297.416962, -1.451966, 0, 0, 0, 0, 300, 300),
(5609, 2047, 0, 1, -6767.495117, -3354.748047, 249.806946, -0.251707, 0, 0, 0, 0, 300, 300),
(5610, 2047, 0, 1, -6765.839844, -3357.229980, 249.952774, -0.746764, 0, 0, 0, 0, 300, 300),
(5611, 2047, 0, 1, -7250.754883, -3468.919922, 315.178467, -0.094567, 0, 0, 0, 0, 300, 300),
(5612, 2047, 0, 1, -7341.780273, -3473.883789, 331.661987, -1.958791, 0, 0, 0, 0, 300, 300),
(5613, 2047, 0, 1, -6951.200195, -3600.465820, 242.730087, -0.157012, 0, 0, 0, 0, 300, 300),
(5614, 2047, 0, 1, -6820.455078, -3642.660156, 265.871368, -2.269687, 0, 0, 0, 0, 300, 300),
(5615, 2047, 0, 1, -7028.984863, -3667.479980, 246.633194, -0.885695, 0, 0, 0, 0, 300, 300),
(5616, 2047, 0, 1, -6737.705078, -3786.616211, 273.548920, -1.707237, 0, 0, 0, 0, 300, 300),
(5617, 2047, 0, 1, -7002.504883, -3861.075928, 298.204651, -2.512307, 0, 0, 0, 0, 300, 300),
(5618, 2047, 0, 1, -6466.285156, -3873.485840, 323.848022, -0.723570, 0, 0, 0, 0, 300, 300),
(5619, 2047, 0, 1, -6903.205078, -3885.895996, 277.886261, 2.225041, 0, 0, 0, 0, 300, 300),
(5620, 2047, 0, 1, -6985.955078, -3967.802002, 274.079926, 0.906051, 0, 0, 0, 0, 300, 300),
(5621, 2047, 0, 1, -6694.674805, -4014.959961, 269.535095, 0.151220, 0, 0, 0, 0, 300, 300),
(5622, 2047, 0, 1, -6618.544922, -4022.406006, 265.551727, 0.912541, 0, 0, 0, 0, 300, 300),
(5623, 2047, 0, 1, -6812.180176, -4034.815918, 269.564209, 1.338206, 0, 0, 0, 0, 300, 300),
(5624, 2047, 0, 1, -6444.770020, -4057.153809, 276.098083, 0.763719, 0, 0, 0, 0, 300, 300),
(5625, 2047, 0, 1, -6446.424805, -4057.153809, 275.529877, -2.463823, 0, 0, 0, 0, 300, 300),
(5626, 2047, 0, 1, -6980.990234, -4081.974121, 280.629852, 2.641232, 0, 0, 0, 0, 300, 300),
(5627, 2047, 0, 1, -6633.439941, -4129.131836, 273.772980, -1.860852, 0, 0, 0, 0, 300, 300),
(5628, 2047, 0, 1, -6883.344727, -4134.095703, 278.533020, -2.889671, 0, 0, 0, 0, 300, 300),
(5629, 2047, 0, 1, -6550.689941, -4153.952148, 284.343689, 1.812971, 0, 0, 0, 0, 300, 300),
(5630, 2047, 0, 1, -6441.459961, -4161.397949, 289.463318, -2.731562, 0, 0, 0, 0, 300, 300),
(5631, 2040, 0, 1, -7220.964844, -2178.280029, 299.544312, -2.150065, 0, 0, 0, 0, 300, 300), -- mithril deposit
(5632, 2040, 0, 1, -7225.929688, -2178.280029, 297.850281, 0.239185, 0, 0, 0, 0, 300, 300),
(5633, 2040, 0, 1, -7174.625000, -2230.402100, 299.243744, 1.366738, 0, 0, 0, 0, 300, 300),
(5634, 2040, 0, 1, -7171.314941, -2232.884033, 297.847351, -2.274214, 0, 0, 0, 0, 300, 300),
(5635, 2040, 0, 1, -7386.464844, -2237.847900, 233.98815, -2.710249, 0, 0, 0, 0, 300, 300),
(5636, 2040, 0, 1, -7388.120117, -2240.330078, 234.641251, -1.373881, 0, 0, 0, 0, 300, 300),
(5637, 2040, 0, 1, -7470.870117, -2247.776123, 236.695862, -2.909077, 0, 0, 0, 0, 300, 300),
(5638, 2040, 0, 1, -7472.524902, -2247.776123, 236.124405, -2.559282, 0, 0, 0, 0, 300, 300),
(5639, 2040, 0, 1, -7105.115234, -2262.667969, 275.299835, 2.992002, 0, 0, 0, 0, 300, 300),
(5640, 2040, 0, 1, -7108.424805, -2262.667969, 275.221558, -0.521340, 0, 0, 0, 0, 300, 300),
(5641, 2040, 0, 1, -7103.459961, -2265.149902, 273.996277, -2.730508, 0, 0, 0, 0, 300, 300),
(5642, 2040, 0, 1, -7108.424805, -2265.149902, 274.326202, 0.169327, 0, 0, 0, 0, 300, 300),
(5643, 2040, 0, 1, -7373.225098, -2267.632080, 235.143509, -1.425022, 0, 0, 0, 0, 300, 300),
(5644, 2040, 0, 1, -7479.145020, -2282.523926, 232.934250, -2.315048, 0, 0, 0, 0, 300, 300),
(5645, 2040, 0, 1, -7391.430176, -2287.488037, 236.422318, 0.078409, 0, 0, 0, 0, 300, 300),
(5646, 2040, 0, 1, -7393.084961, -2292.451904, 237.843216, -0.942737, 0, 0, 0, 0, 300, 300),
(5647, 2040, 0, 1, -6974.370117, -2307.343994, 254.439972, -2.666795, 0, 0, 0, 0, 300, 300),
(5648, 2040, 0, 1, -6976.024902, -2307.343994, 254.936310, -0.674543, 0, 0, 0, 0, 300, 300),
(5649, 2040, 0, 1, -7348.399902, -2309.825928, 240.993271, -2.375957, 0, 0, 0, 0, 300, 300),
(5650, 2040, 0, 1, -7350.054688, -2314.790039, 241.542862, -0.092424, 0, 0, 0, 0, 300, 300),
(5651, 2040, 0, 1, -7374.879883, -2329.682129, 244.167191, -0.726788, 0, 0, 0, 0, 300, 300),
(5652, 2040, 0, 1, -7426.185059, -2329.682129, 240.969879, -0.734535, 0, 0, 0, 0, 300, 300),
(5653, 2040, 0, 1, -7177.935059, -2361.947998, 241.665436, -2.126073, 0, 0, 0, 0, 300, 300),
(5654, 2040, 0, 1, -7181.245117, -2369.394043, 241.576675, 1.169122, 0, 0, 0, 0, 300, 300),
(5655, 2040, 0, 1, -6471.250000, -2381.803955, 298.845856, -2.179327, 0, 0, 0, 0, 300, 300),
(5656, 2040, 0, 1, -6552.344727, -2433.926025, 295.730103, 1.701127, 0, 0, 0, 0, 300, 300),
(5657, 2040, 0, 1, -7245.790039, -2451.300049, 261.093170, 2.648189, 0, 0, 0, 0, 300, 300),
(5658, 2040, 0, 1, -7417.910156, -2453.781982, 326.593781, -0.736386, 0, 0, 0, 0, 300, 300),
(5659, 2040, 0, 1, -6519.245117, -2456.263916, 305.042114, -0.849748, 0, 0, 0, 0, 300, 300),
(5660, 2040, 0, 1, -7313.645020, -2456.263916, 305.025726, -1.244011, 0, 0, 0, 0, 300, 300),
(5661, 2040, 0, 1, -6434.839844, -2471.156006, 326.978027, 2.856051, 0, 0, 0, 0, 300, 300),
(5662, 2040, 0, 1, -7346.745117, -2483.565918, 319.602478, -0.216074, 0, 0, 0, 0, 300, 300),
(5663, 2040, 0, 1, -7254.064941, -2595.255859, 293.001953, -0.417211, 0, 0, 0, 0, 300, 300),
(5664, 2040, 0, 1, -6990.919922, -2669.716064, 295.349487, -1.003625, 0, 0, 0, 0, 300, 300),
(5665, 2040, 0, 1, -6992.575195, -2669.716064, 295.825958, 3.095222, 0, 0, 0, 0, 300, 300),
(5666, 2040, 0, 1, -7090.219727, -2865.793945, 242.301895, -1.447424, 0, 0, 0, 0, 300, 300),
(5667, 2040, 0, 1, -7096.839844, -2865.793945, 242.104431, -0.882613, 0, 0, 0, 0, 300, 300),
(5677, 2040, 0, 1, -6539.104980, -2957.627930, 266.592560, 0.124081, 0, 0, 0, 0, 300, 300),
(5678, 2040, 0, 1, -6535.794922, -2962.592041, 266.627655, -1.204905, 0, 0, 0, 0, 300, 300),
(5682, 2040, 0, 1, -7197.794922, -3121.439941, 289.576538, 0.123062, 0, 0, 0, 0, 300, 300),
(5683, 2040, 0, 1, -7252.410156, -3126.403809, 315.982025, -2.463820, 0, 0, 0, 0, 300, 300),
(5684, 2040, 0, 1, -7120.009766, -3158.669922, 245.006912, 0.009424, 0, 0, 0, 0, 300, 300),
(5689, 2040, 0, 1, -7292.129883, -3203.346191, 297.416962, -0.536785, 0, 0, 0, 0, 300, 300),
(5690, 2040, 0, 1, -7293.785156, -3208.310059, 298.521454, -0.877021, 0, 0, 0, 0, 300, 300),
(5691, 2040, 0, 1, -6767.495117, -3354.748047, 249.806946, 1.037539, 0, 0, 0, 0, 300, 300),
(5692, 2040, 0, 1, -6765.839844, -3357.229980, 249.952774, -2.489299, 0, 0, 0, 0, 300, 300),
(5693, 2040, 0, 1, -7250.754883, -3468.919922, 315.178467, -1.490653, 0, 0, 0, 0, 300, 300),
(5694, 2040, 0, 1, -7341.780273, -3473.883789, 331.661987, 3.084263, 0, 0, 0, 0, 300, 300),
(5695, 2040, 0, 1, -6951.200195, -3600.465820, 242.730087, 1.387443, 0, 0, 0, 0, 300, 300),
(5696, 2040, 0, 1, -6820.455078, -3642.660156, 265.871368, 1.524733, 0, 0, 0, 0, 300, 300),
(5697, 2040, 0, 1, -7028.984863, -3667.479980, 246.633194, -0.911240, 0, 0, 0, 0, 300, 300),
(5698, 2040, 0, 1, -6737.705078, -3786.616211, 273.548920, 3.139240, 0, 0, 0, 0, 300, 300),
(5699, 2040, 0, 1, -7002.504883, -3861.075928, 298.204651, -2.857924, 0, 0, 0, 0, 300, 300),
(5700, 2040, 0, 1, -6466.285156, -3873.485840, 323.848022, -1.230819, 0, 0, 0, 0, 300, 300),
(5701, 2040, 0, 1, -6464.629883, -3878.450195, 326.015900, -0.942229, 0, 0, 0, 0, 300, 300),
(5702, 2040, 0, 1, -6903.205078, -3883.414062, 278.334686, -3.017069, 0, 0, 0, 0, 300, 300),
(5703, 2040, 0, 1, -6985.955078, -3967.802002, 274.079926, 0.058524, 0, 0, 0, 0, 300, 300),
(5704, 2040, 0, 1, -6693.020020, -4014.959961, 270.105133, 2.306104, 0, 0, 0, 0, 300, 300),
(5705, 2040, 0, 1, -6696.330078, -4014.959961, 269.364746, -0.590711, 0, 0, 0, 0, 300, 300),
(5706, 2040, 0, 1, -6618.544922, -4022.406006, 265.551727, -0.731831, 0, 0, 0, 0, 300, 300),
(5707, 2040, 0, 1, -6656.609863, -4024.887939, 274.733704, -0.539914, 0, 0, 0, 0, 300, 300),
(5708, 2040, 0, 1, -6654.955078, -4027.370117, 272.477142, 0.681412, 0, 0, 0, 0, 300, 300),
(5709, 2040, 0, 1, -6810.524902, -4034.815918, 268.140350, -0.716512, 0, 0, 0, 0, 300, 300),
(5710, 2040, 0, 1, -6441.459961, -4057.153809, 276.841064, -0.371965, 0, 0, 0, 0, 300, 300),
(5711, 2040, 0, 1, -6446.424805, -4057.153809, 275.529877, -0.665672, 0, 0, 0, 0, 300, 300),
(5712, 2040, 0, 1, -6979.334961, -4081.974121, 279.797882, 1.057866, 0, 0, 0, 0, 300, 300),
(5713, 2040, 0, 1, -6633.439941, -4129.131836, 273.772980, 2.628934, 0, 0, 0, 0, 300, 300),
(5714, 2040, 0, 1, -6883.344727, -4136.578125, 278.708649, -0.464691, 0, 0, 0, 0, 300, 300),
(5715, 2040, 0, 1, -6550.689941, -4153.952148, 284.343689, -1.780314, 0, 0, 0, 0, 300, 300),
(5716, 2040, 0, 1, -6441.459961, -4161.397949, 289.463318, -0.767071, 0, 0, 0, 0, 300, 300),
(5717, 2040, 0, 1, -6797.285156, -4161.397949, 266.498718, -1.966451, 0, 0, 0, 0, 300, 300),
-- Blasted Lands:
(5718, 1734, 0, 1, -11529.699219, -2672.033936, 16.892937, -2.814153, 0, 0, 0, 0, 300, 300), -- gold vein
(5719, 1734, 0, 1, -11251.074219, -2698.770020, 14.850491, 0.233134, 0, 0, 0, 0, 300, 300),
(5720, 1734, 0, 1, -11703.560547, -2752.242188, 13.061012, 2.165317, 0, 0, 0, 0, 300, 300),
(5721, 1734, 0, 1, -10941.243164, -2822.423828, 27.230299, -2.293585, 0, 0, 0, 0, 300, 300),
(5722, 1734, 0, 1, -11349.150391, -2879.237793, 10.596267, 0.204074, 0, 0, 0, 0, 300, 300),
(5723, 1734, 0, 1, -11179.746094, -2909.315918, 39.423969, -1.117562, 0, 0, 0, 0, 300, 300),
(5724, 1734, 0, 1, -11181.974609, -2909.315918, 39.241943, 1.543683, 0, 0, 0, 0, 300, 300),
(5725, 1734, 0, 1, -11547.295898, -2918.183105, 14.901095, -1.859592, 0, 0, 0, 0, 300, 300),
(5726, 1734, 0, 1, -11850.674805, -2942.736084, 18.357212, 0.445845, 0, 0, 0, 0, 300, 300),
(5727, 1734, 0, 1, -11558.675781, -3113.178223, 12.077312, 0.948187, 0, 0, 0, 0, 300, 300),
(5728, 1734, 0, 1, -11734.766602, -3166.649902, -7.496340, 0.984574, 0, 0, 0, 0, 300, 300),
(5729, 1734, 0, 1, -11469.515625, -3196.728027, 25.089005, -2.580893, 0, 0, 0, 0, 300, 300),
(5730, 1734, 0, 1, -11302.340820, -3200.069824, 29.491711, -0.871664, 0, 0, 0, 0, 300, 300),
(5731, 1734, 0, 1, -11469.515625, -3200.069824, 23.151724, 1.641115, 0, 0, 0, 0, 300, 300),
(5732, 1734, 0, 1, -11864.048828, -3347.117920, 17.711866, -1.103892, 0, 0, 0, 0, 300, 300),
(5733, 1734, 0, 1, -11126.250000, -3363.828125, 58.818626, 2.941971, 0, 0, 0, 0, 300, 300),
(5734, 1734, 0, 1, -11487.347656, -3407.274170, 18.880463, -2.620376, 0, 0, 0, 0, 300, 300),
(5735, 1734, 0, 1, -11253.302734, -3571.031982, 7.145609, -3.113823, 0, 0, 0, 0, 300, 300),
(5736, 2047, 0, 1, -11525.241211, -2672.033936, 16.527233, -0.433856, 0, 0, 0, 0, 300, 300), -- truesilver deposit
(5737, 2047, 0, 1, -11037.089844, -2688.744141, 23.302540, -0.914971, 0, 0, 0, 0, 300, 300),
(5738, 2047, 0, 1, -11375.898438, -2688.744141, 35.010059, -0.758562, 0, 0, 0, 0, 300, 300),
(5739, 2047, 0, 1, -11251.074219, -2698.770020, 14.850491, -1.126792, 0, 0, 0, 0, 300, 300),
(5740, 2047, 0, 1, -10876.601562, -2725.505859, 9.074436, -0.815721, 0, 0, 0, 0, 300, 300),
(5741, 2047, 0, 1, -11224.326172, -2782.320068, 43.394650, -1.525627, 0, 0, 0, 0, 300, 300),
(5742, 2047, 0, 1, -10941.243164, -2822.423828, 27.230299, 0.430315, 0, 0, 0, 0, 300, 300),
(5743, 2047, 0, 1, -11349.150391, -2879.237793, 10.596267, -2.457755, 0, 0, 0, 0, 300, 300),
(5744, 2047, 0, 1, -11179.746094, -2909.315918, 39.423969, -2.192521, 0, 0, 0, 0, 300, 300),
(5745, 2047, 0, 1, -11181.974609, -2912.658203, 37.861435, -1.907260, 0, 0, 0, 0, 300, 300),
(5748, 2047, 0, 1, -11547.295898, -2918.183105, 14.901095, -0.715625, 0, 0, 0, 0, 300, 300),
(5754, 2047, 0, 1, -11313.486328, -2952.761963, 19.543964, 0.307093, 0, 0, 0, 0, 300, 300),
(5755, 2047, 0, 1, -11511.867188, -2962.788086, 36.089447, 0.018705, 0, 0, 0, 0, 300, 300),
(5756, 2047, 0, 1, -11881.880859, -3086.441895, 27.018719, 0.817146, 0, 0, 0, 0, 300, 300),
(5757, 2047, 0, 1, -11556.447266, -3109.835938, 10.037670, -0.096789, 0, 0, 0, 0, 300, 300),
(5758, 2047, 0, 1, -11384.814453, -3163.308105, 17.777124, 2.769296, 0, 0, 0, 0, 300, 300),
(5759, 2047, 0, 1, -11469.515625, -3196.728027, 25.089005, -1.920865, 0, 0, 0, 0, 300, 300),
(5760, 2047, 0, 1, -11469.515625, -3200.069824, 23.151724, 0.081167, 0, 0, 0, 0, 300, 300),
(5761, 2047, 0, 1, -11471.745117, -3200.069824, 23.037081, 1.894160, 0, 0, 0, 0, 300, 300),
(5762, 2047, 0, 1, -11302.340820, -3203.412109, 30.732378, -1.868771, 0, 0, 0, 0, 300, 300),
(5763, 2047, 0, 1, -11273.364258, -3307.013916, 28.355967, 3.092655, 0, 0, 0, 0, 300, 300),
(5764, 2047, 0, 1, -11126.250000, -3363.828125, 58.818626, -1.960434, 0, 0, 0, 0, 300, 300),
(5765, 2047, 0, 1, -11217.638672, -3390.563965, 22.657295, 1.700991, 0, 0, 0, 0, 300, 300),
(5766, 2047, 0, 1, -11489.577148, -3407.274170, 18.747622, -2.792899, 0, 0, 0, 0, 300, 300),
(5767, 2047, 0, 1, -11687.958008, -3410.615967, 19.149561, 0.647708, 0, 0, 0, 0, 300, 300),
(5768, 2040, 0, 1, -11529.699219, -2672.033936, 16.892937, -2.905612, 0, 0, 0, 0, 300, 300), -- mithril deposit
(5769, 2040, 0, 1, -11253.302734, -2695.427979, 15.144439, 2.545042, 0, 0, 0, 0, 300, 300),
(5770, 2040, 0, 1, -11251.074219, -2698.770020, 14.850491, 0.288471, 0, 0, 0, 0, 300, 300),
(5771, 2040, 0, 1, -11703.560547, -2752.242188, 13.061012, -1.987660, 0, 0, 0, 0, 300, 300),
(5772, 2040, 0, 1, -10941.243164, -2822.423828, 27.230299, 0.638364, 0, 0, 0, 0, 300, 300),
(5773, 2040, 0, 1, -11349.150391, -2879.237793, 10.596267, 0.185195, 0, 0, 0, 0, 300, 300),
(5774, 2040, 0, 1, -11179.746094, -2909.315918, 39.423969, -0.829027, 0, 0, 0, 0, 300, 300),
(5775, 2040, 0, 1, -11181.974609, -2912.658203, 37.861435, -2.251563, 0, 0, 0, 0, 300, 300),
(5776, 2040, 0, 1, -11547.295898, -2918.183105, 14.901095, -3.077549, 0, 0, 0, 0, 300, 300),
(5777, 2040, 0, 1, -11848.446289, -2942.736084, 17.594181, 1.152649, 0, 0, 0, 0, 300, 300),
(5778, 2040, 0, 1, -11850.674805, -2942.736084, 18.357212, 0.734964, 0, 0, 0, 0, 300, 300),
(5779, 2040, 0, 1, -11558.675781, -3113.178223, 12.077312, -1.755854, 0, 0, 0, 0, 300, 300),
(5780, 2040, 0, 1, -11734.766602, -3169.991943, -8.580492, 2.641155, 0, 0, 0, 0, 300, 300),
(5781, 2040, 0, 1, -11469.515625, -3196.728027, 25.089005, 3.034759, 0, 0, 0, 0, 300, 300),
(5782, 2040, 0, 1, -11471.745117, -3196.728027, 25.432102, -0.829827, 0, 0, 0, 0, 300, 300),
(5783, 2040, 0, 1, -11302.340820, -3200.069824, 29.491711, -1.108372, 0, 0, 0, 0, 300, 300),
(5784, 2040, 0, 1, -11469.515625, -3200.069824, 23.151724, 0.764484, 0, 0, 0, 0, 300, 300),
(5785, 2040, 0, 1, -11471.745117, -3200.069824, 23.037081, -0.248053, 0, 0, 0, 0, 300, 300),
(5788, 2040, 0, 1, -11389.271484, -3343.776123, 8.854062, 0.746448, 0, 0, 0, 0, 300, 300),
(5789, 2040, 0, 1, -11861.820312, -3350.459961, 16.523075, 2.694536, 0, 0, 0, 0, 300, 300),
(5790, 2040, 0, 1, -11126.250000, -3363.828125, 58.818626, 1.381900, 0, 0, 0, 0, 300, 300),
(5791, 2040, 0, 1, -11126.250000, -3367.169922, 59.157913, 2.325443, 0, 0, 0, 0, 300, 300),
(5792, 2040, 0, 1, -11487.347656, -3407.274170, 18.880463, 0.523332, 0, 0, 0, 0, 300, 300),
(5793, 2040, 0, 1, -11286.738281, -3417.299805, 6.249829, 0.274871, 0, 0, 0, 0, 300, 300),
(5794, 2040, 0, 1, -11277.822266, -3474.114014, 8.183533, -1.588504, 0, 0, 0, 0, 300, 300),
(5795, 2040, 0, 1, -11213.180664, -3517.560059, 7.392905, 0.178409, 0, 0, 0, 0, 300, 300),
(5796, 2040, 0, 1, -11255.532227, -3571.031982, 6.688730, -1.330792, 0, 0, 0, 0, 300, 300),
(5797, 324, 0, 1, -11311.256836, -2521.644043, 92.971237, -0.390609, 0, 0, 0, 0, 300, 300), -- small thorium vein
(5798, 324, 0, 1, -11202.036133, -2555.063965, 108.577202, -1.868847, 0, 0, 0, 0, 300, 300),
(5799, 324, 0, 1, -11204.264648, -2555.063965, 107.633698, 2.919407, 0, 0, 0, 0, 300, 300),
(5800, 324, 0, 1, -10910.037109, -2638.614014, 15.934524, -1.599327, 0, 0, 0, 0, 300, 300),
(5801, 324, 0, 1, -10809.732422, -2662.007812, 11.511128, 2.808640, 0, 0, 0, 0, 300, 300),
(5802, 324, 0, 1, -10809.732422, -2665.350098, 10.018198, -1.036550, 0, 0, 0, 0, 300, 300),
(5803, 324, 0, 1, -11037.089844, -2688.744141, 23.302540, -2.598500, 0, 0, 0, 0, 300, 300),
(5804, 324, 0, 1, -11375.898438, -2688.744141, 35.010059, -0.727119, 0, 0, 0, 0, 300, 300),
(5805, 324, 0, 1, -10876.601562, -2725.505859, 9.074436, 1.828651, 0, 0, 0, 0, 300, 300),
(5806, 324, 0, 1, -11224.326172, -2778.978027, 40.492630, 0.699271, 0, 0, 0, 0, 300, 300),
(5807, 324, 0, 1, -11226.554688, -2778.978027, 40.310257, -2.177099, 0, 0, 0, 0, 300, 300),
(5808, 324, 0, 1, -11540.843750, -2872.553955, 13.072148, 0.371419, 0, 0, 0, 0, 300, 300),
(5809, 324, 0, 1, -11636.691406, -2895.947998, 13.899367, -1.675188, 0, 0, 0, 0, 300, 300),
(5810, 324, 0, 1, -11638.919922, -2899.290039, 12.782234, -1.755781, 0, 0, 0, 0, 300, 300),
(5811, 324, 0, 1, -11313.486328, -2952.761963, 19.543964, 1.643722, 0, 0, 0, 0, 300, 300),
(5812, 324, 0, 1, -11511.867188, -2962.788086, 36.089447, -1.990555, 0, 0, 0, 0, 300, 300),
(5813, 324, 0, 1, -11516.325195, -2962.788086, 38.673519, -0.624775, 0, 0, 0, 0, 300, 300),
(5814, 324, 0, 1, -11511.867188, -2966.129883, 33.801460, 2.116055, 0, 0, 0, 0, 300, 300),
(5815, 324, 0, 1, -11516.325195, -2966.129883, 37.259407, 1.328405, 0, 0, 0, 0, 300, 300),
(5816, 324, 0, 1, -11881.880859, -3086.441895, 27.018719, 0.494571, 0, 0, 0, 0, 300, 300),
(5817, 324, 0, 1, -11384.814453, -3163.308105, 17.777124, 2.523605, 0, 0, 0, 0, 300, 300),
(5818, 324, 0, 1, -11384.814453, -3166.649902, 18.296469, 1.771118, 0, 0, 0, 0, 300, 300),
(5819, 324, 0, 1, -11910.858398, -3169.991943, -17.908985, -1.772198, 0, 0, 0, 0, 300, 300),
(5820, 324, 0, 1, -11268.906250, -3303.671875, 29.438440, -0.633765, 0, 0, 0, 0, 300, 300),
(5821, 324, 0, 1, -11271.134766, -3307.013916, 27.301380, 0.642848, 0, 0, 0, 0, 300, 300),
(5822, 324, 0, 1, -11217.638672, -3390.563965, 22.657295, 1.675623, 0, 0, 0, 0, 300, 300),
(5823, 324, 0, 1, -11687.958008, -3410.615967, 19.149561, 1.942477, 0, 0, 0, 0, 300, 300),
(5824, 324, 0, 1, -11245.250000, -3445.480469, 10.023584, 1.557685, 0, 0, 0, 0, 300, 300),
(5825, 324, 0, 1, -11237.234375, -3484.058350, 13.156210, 0.591763, 0, 0, 0, 0, 300, 300),
(5826, 324, 0, 1, -11275.592773, -3490.823975, 9.909859, 2.104450, 0, 0, 0, 0, 300, 300),
(5827, 324, 0, 1, -11242.158203, -3554.322021, 8.414573, -2.451535, 0, 0, 0, 0, 300, 300),
(5828, 150080, 0, 1, -10684.370117, -3063.973633, 18.866034, -1.943096, 0, 0, 0, 0, 300, 300), -- gold vein (blasted lands)
(5829, 150080, 0, 1, -10803.476562, -3061.084961, 47.077953, -1.340124, 0, 0, 0, 0, 300, 300),
(5830, 150080, 0, 1, -10685.767578, -3076.978271, 19.868380, 1.942478, 0, 0, 0, 0, 300, 300),
(5831, 150080, 0, 1, -10818.490234, -3087.898438, 45.097435, -0.236822, 0, 0, 0, 0, 300, 300),
(5832, 150080, 0, 1, -10720.020508, -3095.892090, 34.993896, 0.540614, 0, 0, 0, 0, 300, 300),
(5833, 150080, 0, 1, -10742.745117, -3087.995850, 37.251297, -2.659531, 0, 0, 0, 0, 300, 300),
(5834, 150080, 0, 1, -10710.950195, -3117.959717, 37.353390, 1.717122, 0, 0, 0, 0, 300, 300),
(5835, 150080, 0, 1, -10853.726562, -3166.575195, 46.348780, 2.801863, 0, 0, 0, 0, 300, 300),
(5836, 150080, 0, 1, -10602.434570, -3216.779785, -3.244642, -1.971320, 0, 0, 0, 0, 300, 300),
(5837, 150080, 0, 1, -10752.315430, -3298.478271, -13.232487, 1.272202, 0, 0, 0, 0, 300, 300),
(5838, 150080, 0, 1, -10777.076172, -3306.177246, -7.920667, 2.107244, 0, 0, 0, 0, 300, 300),
(5839, 150080, 0, 1, -10609.922852, -3326.257568, 2.354365, 0.525780, 0, 0, 0, 0, 300, 300),
(5840, 150080, 0, 1, -10771.838867, -3380.538086, -9.641415, 1.767506, 0, 0, 0, 0, 300, 300),
(5841, 150080, 0, 1, -10660.388672, -3383.879883, -11.934228, 2.770998, 0, 0, 0, 0, 300, 300),
(5842, 150080, 0, 1, -10808.635742, -3475.154053, -20.986679, 0.725884, 0, 0, 0, 0, 300, 300),
(5843, 150080, 0, 1, -10805.083984, -3556.321045, -8.841269, 2.799243, 0, 0, 0, 0, 300, 300),
(5844, 150080, 0, 1, -10623.557617, -3656.361816, -15.616426, 1.313924, 0, 0, 0, 0, 300, 300),
(5845, 150080, 0, 1, -10741.733398, -3685.125488, -9.206031, 2.977637, 0, 0, 0, 0, 300, 300),
(5846, 150080, 0, 1, -10684.908203, -3684.660156, -11.411663, 1.235515, 0, 0, 0, 0, 300, 300),
(5847, 150079, 0, 1, -10803.476562, -3061.084961, 47.077953, -0.371124, 0, 0, 0, 0, 300, 300), -- mithril deposit (blasted lands)
(5848, 150079, 0, 1, -10685.767578, -3076.978271, 19.868380, -2.133965, 0, 0, 0, 0, 300, 300),
(5849, 150079, 0, 1, -10792.470703, -3071.546631, 45.513874, -0.565303, 0, 0, 0, 0, 300, 300),
(5850, 150079, 0, 1, -10818.490234, -3087.898438, 45.097435, -0.025398, 0, 0, 0, 0, 300, 300),
(5851, 150079, 0, 1, -10720.020508, -3095.892090, 34.993896, -2.245608, 0, 0, 0, 0, 300, 300),
(5852, 150079, 0, 1, -10742.745117, -3087.995850, 37.251297, 0.666249, 0, 0, 0, 0, 300, 300),
(5853, 150079, 0, 1, -10710.950195, -3117.959717, 37.353390, 2.043156, 0, 0, 0, 0, 300, 300),
(5854, 150079, 0, 1, -10866.376953, -3166.491943, 50.613293, 2.713671, 0, 0, 0, 0, 300, 300),
(5855, 150079, 0, 1, -10606.892578, -3216.779785, -3.750740, 2.237868, 0, 0, 0, 0, 300, 300),
(5856, 150079, 0, 1, -10752.315430, -3298.478271, -13.232487, -3.138425, 0, 0, 0, 0, 300, 300),
(5857, 150079, 0, 1, -10781.589844, -3298.605469, -9.455817, 2.544790, 0, 0, 0, 0, 300, 300),
(5858, 150079, 0, 1, -10664.846680, -3303.671875, -8.194246, -0.490452, 0, 0, 0, 0, 300, 300),
(5859, 150079, 0, 1, -10614.715820, -3327.805420, -6.957807, 0.078289, 0, 0, 0, 0, 300, 300),
(5860, 150079, 0, 1, -10771.838867, -3380.538086, -9.641415, -1.648014, 0, 0, 0, 0, 300, 300),
(5861, 150079, 0, 1, -10660.388672, -3387.221924, -12.396868, 0.053793, 0, 0, 0, 0, 300, 300),
(5862, 150079, 0, 1, -10824.993164, -3470.225830, -22.627157, -1.082294, 0, 0, 0, 0, 300, 300),
(5863, 150079, 0, 1, -10799.156250, -3554.615723, -7.849592, 2.564318, 0, 0, 0, 0, 300, 300),
(5864, 150079, 0, 1, -10805.083984, -3556.321045, -8.841269, -1.111869, 0, 0, 0, 0, 300, 300),
(5865, 150079, 0, 1, -10625.091797, -3651.265137, -15.715069, 2.612913, 0, 0, 0, 0, 300, 300),
(5866, 150079, 0, 1, -10745.090820, -3674.634033, -11.210864, -0.559678, 0, 0, 0, 0, 300, 300),
(5867, 150079, 0, 1, -10684.908203, -3688.001953, -1.675381, -1.792501, 0, 0, 0, 0, 300, 300),
(5868, 150081, 0, 1, -10803.476562, -3061.084961, 47.077953, 0.448244, 0, 0, 0, 0, 300, 300), -- truesilver deposit (blasted lands)
(5869, 150081, 0, 1, -10684.370117, -3063.973633, 18.866034, 0.585408, 0, 0, 0, 0, 300, 300),
(5870, 150081, 0, 1, -10818.490234, -3087.898438, 45.097435, 2.809778, 0, 0, 0, 0, 300, 300),
(5871, 150081, 0, 1, -10720.020508, -3095.892090, 34.993896, 3.034842, 0, 0, 0, 0, 300, 300),
(5872, 150081, 0, 1, -10742.745117, -3087.995850, 37.251297, 3.082361, 0, 0, 0, 0, 300, 300),
(5873, 150081, 0, 1, -10653.226562, -3076.482422, 23.495766, -1.518421, 0, 0, 0, 0, 300, 300),
(5874, 150081, 0, 1, -10699.397461, -3127.997070, 25.923002, 1.396493, 0, 0, 0, 0, 300, 300),
(5875, 150081, 0, 1, -10866.376953, -3166.491943, 50.613293, 2.017185, 0, 0, 0, 0, 300, 300),
(5876, 150081, 0, 1, -10700.759766, -3173.770264, 24.539587, -3.024003, 0, 0, 0, 0, 300, 300),
(5877, 150081, 0, 1, -10574.878906, -3164.255371, 16.202414, -1.973462, 0, 0, 0, 0, 300, 300),
(5878, 150081, 0, 1, -10609.122070, -3216.779785, -3.889838, 0.698586, 0, 0, 0, 0, 300, 300),
(5879, 150081, 0, 1, -10731.716797, -3276.936035, -10.759740, 0.742454, 0, 0, 0, 0, 300, 300),
(5880, 150081, 0, 1, -10618.038086, -3280.278076, -6.680256, 0.192423, 0, 0, 0, 0, 300, 300),
(5881, 150081, 0, 1, -10752.315430, -3298.478271, -13.232487, 1.057704, 0, 0, 0, 0, 300, 300),
(5882, 150081, 0, 1, -10777.076172, -3306.177246, -7.920667, 1.665910, 0, 0, 0, 0, 300, 300),
(5883, 150081, 0, 1, -10662.618164, -3303.671875, -10.001681, -0.676373, 0, 0, 0, 0, 300, 300),
(5884, 150081, 0, 1, -10609.922852, -3326.257568, 2.354365, 0.663139, 0, 0, 0, 0, 300, 300),
(5885, 150081, 0, 1, -10771.838867, -3380.538086, -9.641415, -0.446554, 0, 0, 0, 0, 300, 300),
(5886, 150081, 0, 1, -10619.185547, -3384.008301, -13.615969, -0.239417, 0, 0, 0, 0, 300, 300),
(5887, 150081, 0, 1, -10660.388672, -3387.221924, -12.396868, -0.096978, 0, 0, 0, 0, 300, 300),
(5888, 150081, 0, 1, -10696.052734, -3403.932129, -13.108161, -0.009917, 0, 0, 0, 0, 300, 300),
(5889, 150081, 0, 1, -10741.085938, -3452.178467, -17.319185, -1.837478, 0, 0, 0, 0, 300, 300),
(5890, 150081, 0, 1, -10815.729492, -3475.257080, -16.514072, -2.094583, 0, 0, 0, 0, 300, 300),
(5891, 150081, 0, 1, -10609.122070, -3537.612061, -6.936593, 0.578109, 0, 0, 0, 0, 300, 300),
(5892, 150081, 0, 1, -10774.888672, -3549.641357, -28.475895, 2.495095, 0, 0, 0, 0, 300, 300),
(5893, 150081, 0, 1, -10799.156250, -3554.615723, -7.849592, -0.983963, 0, 0, 0, 0, 300, 300),
(5894, 150081, 0, 1, -10805.083984, -3556.321045, -8.841269, 2.682998, 0, 0, 0, 0, 300, 300),
(5895, 150081, 0, 1, -10678.220703, -3561.006104, -34.291969, -1.275425, 0, 0, 0, 0, 300, 300),
(5896, 150081, 0, 1, -10611.350586, -3617.819824, -12.875656, 2.976831, 0, 0, 0, 0, 300, 300),
(5897, 150081, 0, 1, -10707.198242, -3627.845947, -8.529163, -0.791615, 0, 0, 0, 0, 300, 300),
(5898, 150081, 0, 1, -10713.884766, -3631.187988, 1.940619, -0.951165, 0, 0, 0, 0, 300, 300),
(5899, 150081, 0, 1, -10623.557617, -3656.361816, -15.616426, -0.881456, 0, 0, 0, 0, 300, 300),
(5900, 150081, 0, 1, -10745.090820, -3674.634033, -11.210864, 1.893693, 0, 0, 0, 0, 300, 300),
(5901, 150081, 0, 1, -10670.129883, -3693.572021, -10.624727, 0.999628, 0, 0, 0, 0, 300, 300),
(5902, 150082, 0, 1, -10673.728516, -3097.269775, 22.830080, 0.550752, 0, 0, 0, 0, 300, 300), -- small thorium vein (blasted lands)
(5903, 150082, 0, 1, -10653.226562, -3076.482422, 23.495766, 0.204895, 0, 0, 0, 0, 300, 300),
(5904, 150082, 0, 1, -10705.295898, -3165.873047, 25.910500, 1.412808, 0, 0, 0, 0, 300, 300),
(5905, 150082, 0, 1, -10574.878906, -3164.255371, 16.202414, 2.993321, 0, 0, 0, 0, 300, 300),
(5906, 150082, 0, 1, -10570.959961, -3166.064209, 9.311520, 1.596587, 0, 0, 0, 0, 300, 300),
(5907, 150082, 0, 1, -10731.716797, -3276.936035, -10.759740, 2.042624, 0, 0, 0, 0, 300, 300),
(5908, 150082, 0, 1, -10618.038086, -3280.278076, -6.680256, 2.660898, 0, 0, 0, 0, 300, 300),
(5909, 150082, 0, 1, -10622.496094, -3377.196045, -13.110721, 0.841705, 0, 0, 0, 0, 300, 300),
(5910, 150082, 0, 1, -10619.185547, -3384.008301, -13.615969, -0.147698, 0, 0, 0, 0, 300, 300),
(5911, 150082, 0, 1, -10696.052734, -3403.932129, -13.108161, 1.874302, 0, 0, 0, 0, 300, 300),
(5912, 150082, 0, 1, -10741.085938, -3452.178467, -17.319185, 1.238380, 0, 0, 0, 0, 300, 300),
(5913, 150082, 0, 1, -10609.122070, -3537.612061, -6.936593, -1.301156, 0, 0, 0, 0, 300, 300),
(5914, 150082, 0, 1, -10776.299805, -3544.300049, -1.393690, -0.739112, 0, 0, 0, 0, 300, 300),
(5915, 150082, 0, 1, -10678.220703, -3561.006104, -34.291969, -1.663358, 0, 0, 0, 0, 300, 300),
(5916, 150082, 0, 1, -10609.122070, -3617.819824, -12.875656, -0.017623, 0, 0, 0, 0, 300, 300),
(5917, 150082, 0, 1, -10710.150391, -3629.690186, -9.978476, 0.275461, 0, 0, 0, 0, 300, 300),
-- Burning Steppes:
(6373, 1734, 0, 1, -8398.544922, -1012.950012, 188.676300, 0.971987, 0, 0, 0, 0, 300, 300), -- gold vein
(6374, 1734, 0, 1, -8398.544922, -1018.800049, 189.027679, -0.213473, 0, 0, 0, 0, 300, 300),
(6375, 1734, 0, 1, -8074.015137, -1597.949951, 139.420700, 2.536814, 0, 0, 0, 0, 300, 300),
(6378, 1734, 0, 1, -8079.879883, -1597.949951, 136.801865, 2.833450, 0, 0, 0, 0, 300, 300),
(6379, 1734, 0, 1, -8074.015137, -1600.875000, 138.944199, -1.490452, 0, 0, 0, 0, 300, 300),
(6380, 1734, 0, 1, -8077.924805, -1600.875000, 137.117004, -2.591410, 0, 0, 0, 0, 300, 300),
(6383, 1734, 0, 1, -8072.060059, -1796.850098, 138.880554, 2.828681, 0, 0, 0, 0, 300, 300),
(6386, 1734, 0, 1, -7681.060059, -1881.675049, 137.632950, -1.738352, 0, 0, 0, 0, 300, 300),
(6387, 1734, 0, 1, -8353.580078, -1902.150024, 180.327576, 1.486581, 0, 0, 0, 0, 300, 300),
(6388, 1734, 0, 1, -8189.359863, -1925.549927, 148.426193, -0.457419, 0, 0, 0, 0, 300, 300),
(6389, 1734, 0, 1, -7917.615234, -1989.900024, 141.201660, 0.281664, 0, 0, 0, 0, 300, 300),
(6390, 1734, 0, 1, -8248.009766, -2086.424805, 159.686676, 0.516642, 0, 0, 0, 0, 300, 300),
(6391, 1734, 0, 1, -8267.560547, -2305.799805, 160.436829, -1.510123, 0, 0, 0, 0, 300, 300),
(6392, 1734, 0, 1, -7798.359863, -2358.449951, 145.252411, 1.520977, 0, 0, 0, 0, 300, 300),
(6393, 1734, 0, 1, -7798.359863, -2361.375000, 143.913101, -3.075232, 0, 0, 0, 0, 300, 300),
(6394, 1734, 0, 1, -8267.560547, -2498.850098, 150.120590, 2.345243, 0, 0, 0, 0, 300, 300),
(6395, 1734, 0, 1, -7894.155273, -2504.699951, 159.051529, -2.092189, 0, 0, 0, 0, 300, 300),
(6396, 1734, 0, 1, -7960.625000, -2513.475098, 134.006088, -1.957928, 0, 0, 0, 0, 300, 300),
(6397, 1734, 0, 1, -7857.009766, -2542.725098, 178.716049, 2.085320, 0, 0, 0, 0, 300, 300),
(6398, 1734, 0, 1, -7524.660156, -2583.675049, 141.969955, 2.662709, 0, 0, 0, 0, 300, 300),
(6399, 1734, 0, 1, -7894.155273, -2586.600098, 220.313553, -0.043682, 0, 0, 0, 0, 300, 300),
(6400, 1734, 0, 1, -7726.024902, -2612.925049, 164.460037, 0.807720, 0, 0, 0, 0, 300, 300),
(6401, 1734, 0, 1, -7894.155273, -2639.250000, 169.634155, 1.727394, 0, 0, 0, 0, 300, 300),
(6402, 1734, 0, 1, -7812.044922, -2648.025146, 222.374191, -2.638906, 0, 0, 0, 0, 300, 300),
(6403, 1734, 0, 1, -7943.029785, -2659.724854, 219.632034, -0.040863, 0, 0, 0, 0, 300, 300),
(6404, 1734, 0, 1, -7798.359863, -2700.674805, 173.503387, -1.686355, 0, 0, 0, 0, 300, 300),
(6405, 1734, 0, 1, -7935.209961, -2715.300049, 183.470139, -2.514638, 0, 0, 0, 0, 300, 300),
(6406, 1734, 0, 1, -7986.040039, -2747.475098, 164.367645, 1.322759, 0, 0, 0, 0, 300, 300),
(6407, 1734, 0, 1, -8228.459961, -2779.649902, 138.051514, -1.763495, 0, 0, 0, 0, 300, 300),
(6408, 1734, 0, 1, -7755.350098, -2785.500000, 163.607468, -0.405251, 0, 0, 0, 0, 300, 300),
(6409, 1734, 0, 1, -7536.390137, -2820.599854, 161.140793, 1.082910, 0, 0, 0, 0, 300, 300),
(6410, 1734, 0, 1, -7751.439941, -2990.250000, 143.582352, 2.901985, 0, 0, 0, 0, 300, 300),
(6411, 1734, 0, 1, -8046.645020, -2990.250000, 143.740158, -0.845097, 0, 0, 0, 0, 300, 300),
(6412, 2047, 0, 1, -7622.410156, -708.750000, 182.883179, 1.847211, 0, 0, 0, 0, 300, 300), -- truesilver deposit
(6413, 2047, 0, 1, -8023.185059, -743.849976, 142.223312, 2.799315, 0, 0, 0, 0, 300, 300),
(6414, 2047, 0, 1, -8163.944824, -764.325012, 130.802185, -0.571750, 0, 0, 0, 0, 300, 300),
(6415, 2047, 0, 1, -7866.785156, -875.475037, 149.916397, 0.007450, 0, 0, 0, 0, 300, 300),
(6416, 2047, 0, 1, -8265.605469, -916.424988, 159.271225, 1.994991, 0, 0, 0, 0, 300, 300),
(6417, 2047, 0, 1, -7937.165039, -1012.950012, 134.573853, -1.878659, 0, 0, 0, 0, 300, 300),
(6418, 2047, 0, 1, -8398.544922, -1012.950012, 188.676300, -0.098575, 0, 0, 0, 0, 300, 300),
(6419, 2047, 0, 1, -8400.500000, -1015.875000, 188.302429, -0.430013, 0, 0, 0, 0, 300, 300),
(6420, 2047, 0, 1, -8101.384766, -1042.199951, 140.990631, -2.589269, 0, 0, 0, 0, 300, 300),
(6421, 2047, 0, 1, -8101.384766, -1045.125000, 141.543655, -1.570492, 0, 0, 0, 0, 300, 300),
(6422, 2047, 0, 1, -8285.155273, -1062.675049, 146.499146, 2.992182, 0, 0, 0, 0, 300, 300),
(6423, 2047, 0, 1, -8412.230469, -1144.574951, 189.384567, -1.709115, 0, 0, 0, 0, 300, 300),
(6424, 2047, 0, 1, -8179.584961, -1156.275024, 144.650116, -2.805289, 0, 0, 0, 0, 300, 300),
(6425, 2047, 0, 1, -8418.094727, -1188.449951, 193.132751, 0.804386, 0, 0, 0, 0, 300, 300),
(6426, 2047, 0, 1, -8085.745117, -1282.050049, 140.866211, -2.578278, 0, 0, 0, 0, 300, 300),
(6427, 2047, 0, 1, -8337.939453, -1290.824951, 206.750397, 1.939320, 0, 0, 0, 0, 300, 300),
(6428, 2047, 0, 1, -8171.765137, -1334.699951, 134.590591, 1.106531, 0, 0, 0, 0, 300, 300),
(6429, 2047, 0, 1, -8169.810059, -1337.625000, 135.399078, -2.051940, 0, 0, 0, 0, 300, 300),
(6430, 2047, 0, 1, -8289.065430, -1363.950073, 186.079269, 0.188895, 0, 0, 0, 0, 300, 300),
(6431, 2047, 0, 1, -7835.504883, -1381.500000, 158.021866, 0.467116, 0, 0, 0, 0, 300, 300),
(6432, 2047, 0, 1, -7581.354980, -1407.824951, 166.659637, 1.197296, 0, 0, 0, 0, 300, 300),
(6435, 2047, 0, 1, -8138.530273, -1448.775024, 137.390823, 0.931445, 0, 0, 0, 0, 300, 300),
(6436, 2047, 0, 1, -7909.794922, -1492.650024, 157.750183, -0.628436, 0, 0, 0, 0, 300, 300),
(6437, 2047, 0, 1, -7761.214844, -1516.050049, 131.931595, -1.345037, 0, 0, 0, 0, 300, 300),
(6438, 2047, 0, 1, -7765.125000, -1516.050049, 129.255539, 1.016079, 0, 0, 0, 0, 300, 300),
(6439, 2047, 0, 1, -8208.910156, -1521.900024, 144.654724, 0.587683, 0, 0, 0, 0, 300, 300),
(6440, 2047, 0, 1, -8077.924805, -1597.949951, 138.271805, -1.342524, 0, 0, 0, 0, 300, 300),
(6441, 2047, 0, 1, -7819.865234, -1624.275024, 144.015350, -1.910542, 0, 0, 0, 0, 300, 300),
(6442, 2047, 0, 1, -8195.224609, -1650.599976, 146.873337, -0.472819, 0, 0, 0, 0, 300, 300),
(6443, 2047, 0, 1, -7684.969727, -1653.525024, 145.952087, -0.133342, 0, 0, 0, 0, 300, 300),
(6444, 2047, 0, 1, -7686.924805, -1653.525024, 146.445633, -1.605405, 0, 0, 0, 0, 300, 300),
(6445, 2047, 0, 1, -8257.785156, -1694.474976, 158.873093, 1.702168, 0, 0, 0, 0, 300, 300),
(6446, 2047, 0, 1, -7888.290039, -1703.250000, 136.545807, -0.709751, 0, 0, 0, 0, 300, 300),
(6447, 2047, 0, 1, -8072.060059, -1796.850098, 138.880554, -0.248119, 0, 0, 0, 0, 300, 300),
(6448, 2047, 0, 1, -8206.955078, -1861.200073, 141.175522, -2.378305, 0, 0, 0, 0, 300, 300),
(6449, 2047, 0, 1, -7681.060059, -1881.675049, 137.632950, -3.015957, 0, 0, 0, 0, 300, 300),
(6450, 2047, 0, 1, -8355.535156, -1902.150024, 181.413498, -2.186520, 0, 0, 0, 0, 300, 300),
(6451, 2047, 0, 1, -8191.314941, -1931.400024, 147.548096, -2.776772, 0, 0, 0, 0, 300, 300),
(6452, 2047, 0, 1, -7499.245117, -1946.025024, 196.461197, 2.090854, 0, 0, 0, 0, 300, 300),
(6453, 2047, 0, 1, -7774.899902, -1951.875000, 133.593201, 0.091903, 0, 0, 0, 0, 300, 300),
(6454, 2047, 0, 1, -7919.569824, -1989.900024, 140.386993, -2.734849, 0, 0, 0, 0, 300, 300),
(6455, 2047, 0, 1, -7786.629883, -2054.250000, 142.617294, -2.707249, 0, 0, 0, 0, 300, 300),
(6456, 2047, 0, 1, -8101.384766, -2086.424805, 141.370331, -2.570300, 0, 0, 0, 0, 300, 300),
(6457, 2047, 0, 1, -8248.009766, -2086.424805, 159.686676, -0.048067, 0, 0, 0, 0, 300, 300),
(6458, 2047, 0, 1, -7499.245117, -2136.149902, 144.213013, -2.192706, 0, 0, 0, 0, 300, 300),
(6459, 2047, 0, 1, -7602.859863, -2153.699951, 149.048431, 3.127303, 0, 0, 0, 0, 300, 300),
(6460, 2047, 0, 1, -7600.905273, -2156.625000, 149.246506, 1.321157, 0, 0, 0, 0, 300, 300),
(6461, 2047, 0, 1, -7892.200195, -2165.399902, 132.495514, 1.187803, 0, 0, 0, 0, 300, 300),
(6462, 2047, 0, 1, -8161.990234, -2168.324951, 148.682114, -0.296747, 0, 0, 0, 0, 300, 300),
(6465, 2047, 0, 1, -7675.194824, -2191.725098, 140.191162, -1.259215, 0, 0, 0, 0, 300, 300),
(6466, 2047, 0, 1, -7454.279785, -2200.500000, 165.697281, 1.554672, 0, 0, 0, 0, 300, 300),
(6467, 2047, 0, 1, -7737.754883, -2305.799805, 141.835007, -2.364871, 0, 0, 0, 0, 300, 300),
(6470, 2047, 0, 1, -8267.560547, -2305.799805, 160.436829, 1.271942, 0, 0, 0, 0, 300, 300),
(6471, 2047, 0, 1, -7796.405273, -2358.449951, 143.529755, -1.578089, 0, 0, 0, 0, 300, 300),
(6472, 2047, 0, 1, -7798.359863, -2361.375000, 143.913101, -2.010822, 0, 0, 0, 0, 300, 300),
(6473, 2047, 0, 1, -8289.065430, -2376.000000, 180.271576, -0.604514, 0, 0, 0, 0, 300, 300),
(6474, 2047, 0, 1, -7614.589844, -2384.774902, 137.910522, 1.765430, 0, 0, 0, 0, 300, 300),
(6475, 2047, 0, 1, -7507.064941, -2390.625000, 186.484116, 0.364907, 0, 0, 0, 0, 300, 300),
(6476, 2047, 0, 1, -7614.589844, -2390.625000, 137.552032, 2.287251, 0, 0, 0, 0, 300, 300),
(6477, 2047, 0, 1, -7743.620117, -2402.324951, 144.303925, -2.281089, 0, 0, 0, 0, 300, 300),
(6478, 2047, 0, 1, -8124.844727, -2460.824951, 148.014481, 1.233389, 0, 0, 0, 0, 300, 300),
(6479, 2047, 0, 1, -8267.560547, -2498.850098, 150.120590, -1.708274, 0, 0, 0, 0, 300, 300),
(6480, 2047, 0, 1, -7896.109863, -2504.699951, 159.459122, 0.224455, 0, 0, 0, 0, 300, 300),
(6481, 2047, 0, 1, -7890.245117, -2536.875000, 127.982925, -2.668683, 0, 0, 0, 0, 300, 300),
(6482, 2047, 0, 1, -7857.009766, -2542.725098, 178.716049, -0.663707, 0, 0, 0, 0, 300, 300),
(6483, 2047, 0, 1, -7524.660156, -2583.675049, 141.969955, -2.161178, 0, 0, 0, 0, 300, 300),
(6484, 2047, 0, 1, -7923.479980, -2598.300049, 123.494286, -1.840715, 0, 0, 0, 0, 300, 300),
(6485, 2047, 0, 1, -7727.979980, -2612.925049, 164.971527, -0.735521, 0, 0, 0, 0, 300, 300),
(6486, 2047, 0, 1, -7894.155273, -2639.250000, 169.634155, -2.786654, 0, 0, 0, 0, 300, 300),
(6487, 2047, 0, 1, -7909.794922, -2639.250000, 180.925247, -3.125684, 0, 0, 0, 0, 300, 300),
(6488, 2047, 0, 1, -7817.910156, -2645.099854, 175.578232, -1.399165, 0, 0, 0, 0, 300, 300),
(6489, 2047, 0, 1, -7860.919922, -2688.975098, 202.328537, -0.583312, 0, 0, 0, 0, 300, 300),
(6490, 2047, 0, 1, -7845.280273, -2712.375000, 170.700821, -1.594319, 0, 0, 0, 0, 300, 300),
(6491, 2047, 0, 1, -7931.299805, -2715.300049, 182.509415, -2.117458, 0, 0, 0, 0, 300, 300),
(6492, 2047, 0, 1, -7987.995117, -2750.399902, 163.768311, -0.820207, 0, 0, 0, 0, 300, 300),
(6493, 2047, 0, 1, -8228.459961, -2779.649902, 138.051514, 0.867722, 0, 0, 0, 0, 300, 300),
(6494, 2047, 0, 1, -7755.350098, -2785.500000, 163.607468, -0.928285, 0, 0, 0, 0, 300, 300),
(6495, 2047, 0, 1, -8386.815430, -2817.675049, 213.382278, 3.120684, 0, 0, 0, 0, 300, 300),
(6496, 2047, 0, 1, -7538.345215, -2823.525146, 161.186096, 0.732977, 0, 0, 0, 0, 300, 300),
(6497, 2047, 0, 1, -7569.625000, -2949.300049, 162.572540, 2.042073, 0, 0, 0, 0, 300, 300),
(6498, 2047, 0, 1, -8230.415039, -2949.300049, 159.064377, -1.325971, 0, 0, 0, 0, 300, 300),
(6499, 2047, 0, 1, -7884.379883, -2978.550049, 155.146378, 0.528844, 0, 0, 0, 0, 300, 300),
(6500, 2047, 0, 1, -7751.439941, -2990.250000, 143.582352, -1.906460, 0, 0, 0, 0, 300, 300),
(6503, 2047, 0, 1, -8046.645020, -2990.250000, 143.740158, -2.356527, 0, 0, 0, 0, 300, 300),
(6504, 2047, 0, 1, -7651.734863, -3060.449951, 133.452057, 0.292448, 0, 0, 0, 0, 300, 300),
(6505, 2047, 0, 1, -7651.734863, -3063.375000, 134.395416, 0.816490, 0, 0, 0, 0, 300, 300),
(6506, 2040, 0, 1, -8400.500000, -1012.950012, 187.980835, 0.368808, 0, 0, 0, 0, 300, 300), -- mithril deposit
(6507, 2040, 0, 1, -8400.500000, -1015.875000, 188.302429, 0.459953, 0, 0, 0, 0, 300, 300),
(6508, 2040, 0, 1, -8077.924805, -1595.025024, 138.732025, 1.269365, 0, 0, 0, 0, 300, 300),
(6509, 2040, 0, 1, -8074.015137, -1597.949951, 139.420700, 2.367114, 0, 0, 0, 0, 300, 300),
(6510, 2040, 0, 1, -8075.969727, -1600.875000, 138.077240, 2.393467, 0, 0, 0, 0, 300, 300),
(6511, 2040, 0, 1, -8077.924805, -1600.875000, 137.117004, 3.030772, 0, 0, 0, 0, 300, 300),
(6512, 2040, 0, 1, -8072.060059, -1796.850098, 138.880554, 0.008723, 0, 0, 0, 0, 300, 300),
(6513, 2040, 0, 1, -7681.060059, -1881.675049, 137.632950, 0.076574, 0, 0, 0, 0, 300, 300),
(6514, 2040, 0, 1, -7686.924805, -1881.675049, 135.984070, -2.467480, 0, 0, 0, 0, 300, 300),
(6515, 2040, 0, 1, -8355.535156, -1902.150024, 181.413498, 3.089929, 0, 0, 0, 0, 300, 300),
(6516, 2040, 0, 1, -8191.314941, -1925.549927, 147.611862, 2.317563, 0, 0, 0, 0, 300, 300),
(6517, 2040, 0, 1, -7917.615234, -1989.900024, 141.201660, 3.119846, 0, 0, 0, 0, 300, 300),
(6518, 2040, 0, 1, -7921.524902, -1989.900024, 139.302994, 0.691365, 0, 0, 0, 0, 300, 300),
(6519, 2040, 0, 1, -8248.009766, -2086.424805, 159.686676, 1.501744, 0, 0, 0, 0, 300, 300),
(6522, 2040, 0, 1, -8267.560547, -2305.799805, 160.436829, -2.723912, 0, 0, 0, 0, 300, 300),
(6523, 2040, 0, 1, -7798.359863, -2358.449951, 145.252411, 1.046973, 0, 0, 0, 0, 300, 300),
(6524, 2040, 0, 1, -7798.359863, -2361.375000, 143.913101, -2.225665, 0, 0, 0, 0, 300, 300),
(6525, 2040, 0, 1, -7804.225098, -2361.375000, 148.089340, 1.127221, 0, 0, 0, 0, 300, 300),
(6526, 2040, 0, 1, -8267.560547, -2498.850098, 150.120590, -2.382054, 0, 0, 0, 0, 300, 300),
(6527, 2040, 0, 1, -7894.155273, -2504.699951, 159.051529, -2.712166, 0, 0, 0, 0, 300, 300),
(6528, 2040, 0, 1, -7894.155273, -2507.625000, 159.656464, 3.138274, 0, 0, 0, 0, 300, 300),
(6529, 2040, 0, 1, -7958.669922, -2513.475098, 134.224304, -1.100514, 0, 0, 0, 0, 300, 300),
(6530, 2040, 0, 1, -7960.625000, -2513.475098, 134.006088, -1.491378, 0, 0, 0, 0, 300, 300),
(6531, 2040, 0, 1, -7857.009766, -2542.725098, 178.716049, 1.658412, 0, 0, 0, 0, 300, 300),
(6534, 2040, 0, 1, -7524.660156, -2583.675049, 141.969955, -0.420148, 0, 0, 0, 0, 300, 300),
(6535, 2040, 0, 1, -7894.155273, -2586.600098, 220.313553, -0.510927, 0, 0, 0, 0, 300, 300),
(6536, 2040, 0, 1, -7724.069824, -2612.925049, 163.720490, 1.603636, 0, 0, 0, 0, 300, 300),
(6537, 2040, 0, 1, -7727.979980, -2612.925049, 164.971527, -0.765822, 0, 0, 0, 0, 300, 300),
(6538, 2040, 0, 1, -7827.685059, -2621.699951, 224.947556, -3.045314, 0, 0, 0, 0, 300, 300),
(6539, 2040, 0, 1, -7894.155273, -2639.250000, 169.634155, -1.821104, 0, 0, 0, 0, 300, 300),
(6540, 2040, 0, 1, -7812.044922, -2648.025146, 222.374191, 2.198158, 0, 0, 0, 0, 300, 300),
(6541, 2040, 0, 1, -7943.029785, -2656.800049, 218.727463, -2.760315, 0, 0, 0, 0, 300, 300),
(6542, 2040, 0, 1, -7798.359863, -2703.600098, 173.332520, -1.066950, 0, 0, 0, 0, 300, 300),
(6543, 2040, 0, 1, -7804.225098, -2703.600098, 174.349319, -1.508383, 0, 0, 0, 0, 300, 300),
(6544, 2040, 0, 1, -7931.299805, -2715.300049, 182.509415, -2.161611, 0, 0, 0, 0, 300, 300),
(6545, 2040, 0, 1, -7987.995117, -2747.475098, 163.869690, -2.090151, 0, 0, 0, 0, 300, 300),
(6546, 2040, 0, 1, -8228.459961, -2779.649902, 138.051514, -2.368237, 0, 0, 0, 0, 300, 300),
(6547, 2040, 0, 1, -7755.350098, -2785.500000, 163.607468, 2.237940, 0, 0, 0, 0, 300, 300),
(6548, 2040, 0, 1, -7538.345215, -2823.525146, 161.186096, -1.429019, 0, 0, 0, 0, 300, 300),
(6549, 2040, 0, 1, -7753.395020, -2990.250000, 143.734406, 2.041016, 0, 0, 0, 0, 300, 300),
(6550, 2040, 0, 1, -8046.645020, -2990.250000, 143.740158, 0.002071, 0, 0, 0, 0, 300, 300),
(6551, 324, 0, 1, -8165.899902, -764.325012, 130.188889, -0.531287, 0, 0, 0, 0, 300, 300), -- small thorium vein
(6554, 324, 0, 1, -7866.785156, -875.475037, 149.916397, 1.814236, 0, 0, 0, 0, 300, 300),
(6555, 324, 0, 1, -8285.155273, -1062.675049, 146.499146, -2.202704, 0, 0, 0, 0, 300, 300),
(6556, 324, 0, 1, -8418.094727, -1188.449951, 193.132751, 1.443205, 0, 0, 0, 0, 300, 300),
(6557, 324, 0, 1, -8418.094727, -1191.375000, 194.695251, -3.127063, 0, 0, 0, 0, 300, 300),
(6560, 324, 0, 1, -8085.745117, -1282.050049, 140.866211, 2.472727, 0, 0, 0, 0, 300, 300),
(6561, 324, 0, 1, -8289.065430, -1363.950073, 186.079269, 2.035367, 0, 0, 0, 0, 300, 300),
(6562, 324, 0, 1, -8291.019531, -1366.875000, 186.356171, 3.028313, 0, 0, 0, 0, 300, 300),
(6563, 324, 0, 1, -8134.620117, -1448.775024, 136.242706, 2.859270, 0, 0, 0, 0, 300, 300),
(6564, 324, 0, 1, -8138.530273, -1448.775024, 137.390823, -2.190819, 0, 0, 0, 0, 300, 300),
(6565, 324, 0, 1, -7761.214844, -1516.050049, 131.931595, 0.111173, 0, 0, 0, 0, 300, 300),
(6566, 324, 0, 1, -7767.080078, -1516.050049, 132.939117, -0.451847, 0, 0, 0, 0, 300, 300),
(6567, 324, 0, 1, -8193.269531, -1650.599976, 147.230530, 1.845915, 0, 0, 0, 0, 300, 300),
(6568, 324, 0, 1, -8195.224609, -1650.599976, 146.873337, 2.280488, 0, 0, 0, 0, 300, 300),
(6569, 324, 0, 1, -7888.290039, -1703.250000, 136.545807, 0.354000, 0, 0, 0, 0, 300, 300),
(6570, 324, 0, 1, -7774.899902, -1948.949951, 133.849075, -1.258735, 0, 0, 0, 0, 300, 300),
(6571, 324, 0, 1, -7772.944824, -1954.799927, 133.457779, -1.682237, 0, 0, 0, 0, 300, 300),
(6572, 324, 0, 1, -8101.384766, -2086.424805, 141.370331, -0.229583, 0, 0, 0, 0, 300, 300),
(6573, 324, 0, 1, -7499.245117, -2136.149902, 144.213013, -2.415030, 0, 0, 0, 0, 300, 300),
(6574, 324, 0, 1, -7600.905273, -2153.699951, 148.268051, -1.123928, 0, 0, 0, 0, 300, 300),
(6575, 324, 0, 1, -7600.905273, -2156.625000, 149.246506, -1.179178, 0, 0, 0, 0, 300, 300),
(6576, 324, 0, 1, -7892.200195, -2162.475098, 131.280136, 1.496899, 0, 0, 0, 0, 300, 300),
(6577, 324, 0, 1, -8161.990234, -2174.175049, 147.600159, -1.256953, 0, 0, 0, 0, 300, 300),
(6578, 324, 0, 1, -8289.065430, -2376.000000, 180.271576, 2.201296, 0, 0, 0, 0, 300, 300),
(6581, 324, 0, 1, -7507.064941, -2387.699951, 185.947144, -1.836315, 0, 0, 0, 0, 300, 300),
(6582, 324, 0, 1, -7505.109863, -2390.625000, 187.665573, -0.405236, 0, 0, 0, 0, 300, 300),
(6583, 324, 0, 1, -7743.620117, -2402.324951, 144.303925, -1.811402, 0, 0, 0, 0, 300, 300),
(6584, 324, 0, 1, -7745.575195, -2402.324951, 142.703812, 0.203087, 0, 0, 0, 0, 300, 300),
(6585, 324, 0, 1, -8124.844727, -2460.824951, 148.014481, -0.182455, 0, 0, 0, 0, 300, 300),
(6586, 324, 0, 1, -7890.245117, -2533.949951, 127.808647, -1.377548, 0, 0, 0, 0, 300, 300),
(6587, 324, 0, 1, -7890.245117, -2536.875000, 127.982925, 0.128337, 0, 0, 0, 0, 300, 300),
(6588, 324, 0, 1, -7835.504883, -2560.274902, 175.778122, 0.673260, 0, 0, 0, 0, 300, 300),
(6589, 324, 0, 1, -7923.479980, -2598.300049, 123.494286, 0.155825, 0, 0, 0, 0, 300, 300),
(6590, 324, 0, 1, -7868.740234, -2618.774902, 173.860687, 0.395007, 0, 0, 0, 0, 300, 300),
(6591, 324, 0, 1, -7978.219727, -2633.400146, 199.096878, 3.042211, 0, 0, 0, 0, 300, 300),
(6592, 324, 0, 1, -7980.174805, -2633.400146, 199.458023, -1.121301, 0, 0, 0, 0, 300, 300),
(6593, 324, 0, 1, -7909.794922, -2639.250000, 180.925247, -2.811814, 0, 0, 0, 0, 300, 300),
(6594, 324, 0, 1, -7817.910156, -2645.099854, 175.578232, -0.921112, 0, 0, 0, 0, 300, 300),
(6595, 324, 0, 1, -7927.390137, -2650.949951, 160.108093, 2.230184, 0, 0, 0, 0, 300, 300),
(6596, 324, 0, 1, -7929.344727, -2653.875000, 160.115982, -1.364514, 0, 0, 0, 0, 300, 300),
(6597, 324, 0, 1, -7860.919922, -2688.975098, 202.328537, -1.699390, 0, 0, 0, 0, 300, 300),
(6598, 324, 0, 1, -7862.875000, -2688.975098, 204.752396, -1.961991, 0, 0, 0, 0, 300, 300),
(6599, 324, 0, 1, -7841.370117, -2715.300049, 169.895569, 2.858189, 0, 0, 0, 0, 300, 300),
(6600, 324, 0, 1, -7849.189941, -2715.300049, 169.820892, 3.026739, 0, 0, 0, 0, 300, 300),
(6601, 324, 0, 1, -8386.815430, -2817.675049, 213.382278, 0.066378, 0, 0, 0, 0, 300, 300),
(6602, 324, 0, 1, -8390.724609, -2817.675049, 216.367599, -1.079695, 0, 0, 0, 0, 300, 300),
(6603, 324, 0, 1, -7573.535156, -2943.449951, 160.033508, 1.998886, 0, 0, 0, 0, 300, 300),
(6604, 324, 0, 1, -8230.415039, -2943.449951, 160.968597, 1.427010, 0, 0, 0, 0, 300, 300),
(6605, 324, 0, 1, -8234.325195, -2946.375000, 160.664932, 0.288782, 0, 0, 0, 0, 300, 300),
(6606, 324, 0, 1, -7571.580078, -2949.300049, 161.933105, 3.051652, 0, 0, 0, 0, 300, 300),
(6607, 324, 0, 1, -8230.415039, -2949.300049, 159.064377, -0.290115, 0, 0, 0, 0, 300, 300),
(6610, 324, 0, 1, -7884.379883, -2978.550049, 155.146378, 0.289908, 0, 0, 0, 0, 300, 300),
(6611, 175404, 0, 1, -7622.410156, -708.750000, 182.883179, -2.131440, 0, 0, 0, 0, 300, 300), -- rich thorium vein
(6612, 175404, 0, 1, -8023.185059, -743.849976, 142.223312, -0.223441, 0, 0, 0, 0, 300, 300),
(6613, 175404, 0, 1, -8265.605469, -916.424988, 159.271225, 2.014453, 0, 0, 0, 0, 300, 300),
(6614, 175404, 0, 1, -7937.165039, -1012.950012, 134.573853, 2.711444, 0, 0, 0, 0, 300, 300),
(6615, 175404, 0, 1, -7935.209961, -1015.875000, 134.856140, -2.811354, 0, 0, 0, 0, 300, 300),
(6616, 175404, 0, 1, -8101.384766, -1042.199951, 140.990631, -2.687158, 0, 0, 0, 0, 300, 300),
(6617, 175404, 0, 1, -8101.384766, -1045.125000, 141.543655, 0.387916, 0, 0, 0, 0, 300, 300),
(6618, 175404, 0, 1, -8412.230469, -1141.650024, 190.022217, 0.734502, 0, 0, 0, 0, 300, 300),
(6619, 175404, 0, 1, -8179.584961, -1156.275024, 144.650116, 2.990129, 0, 0, 0, 0, 300, 300),
(6620, 175404, 0, 1, -8337.939453, -1290.824951, 206.750397, -1.550186, 0, 0, 0, 0, 300, 300),
(6621, 175404, 0, 1, -8171.765137, -1334.699951, 134.590591, -1.405863, 0, 0, 0, 0, 300, 300),
(6622, 175404, 0, 1, -8169.810059, -1337.625000, 135.399078, 0.869813, 0, 0, 0, 0, 300, 300),
(6623, 175404, 0, 1, -7837.459961, -1381.500000, 157.755219, -0.407252, 0, 0, 0, 0, 300, 300),
(6624, 175404, 0, 1, -7581.354980, -1407.824951, 166.659637, -1.900366, 0, 0, 0, 0, 300, 300),
(6625, 175404, 0, 1, -7909.794922, -1489.724976, 160.467407, -3.045983, 0, 0, 0, 0, 300, 300),
(6626, 175404, 0, 1, -8208.910156, -1521.900024, 144.654724, -3.069715, 0, 0, 0, 0, 300, 300),
(6627, 175404, 0, 1, -7819.865234, -1624.275024, 144.015350, -2.754214, 0, 0, 0, 0, 300, 300),
(6628, 175404, 0, 1, -7823.774902, -1624.275024, 145.029510, 2.412857, 0, 0, 0, 0, 300, 300),
(6629, 175404, 0, 1, -7684.969727, -1653.525024, 145.952087, 2.339586, 0, 0, 0, 0, 300, 300),
(6630, 175404, 0, 1, -7686.924805, -1653.525024, 146.445633, -3.090390, 0, 0, 0, 0, 300, 300),
(6631, 175404, 0, 1, -8257.785156, -1694.474976, 158.873093, 2.409623, 0, 0, 0, 0, 300, 300),
(6632, 175404, 0, 1, -8206.955078, -1861.200073, 141.175522, -1.921828, 0, 0, 0, 0, 300, 300),
(6633, 175404, 0, 1, -8206.955078, -1864.125000, 140.954422, -1.822975, 0, 0, 0, 0, 300, 300),
(6634, 175404, 0, 1, -7499.245117, -1946.025024, 196.461197, 0.315003, 0, 0, 0, 0, 300, 300),
(6635, 175404, 0, 1, -7499.245117, -1951.875000, 194.858109, 1.078398, 0, 0, 0, 0, 300, 300),
(6636, 175404, 0, 1, -7784.674805, -2054.250000, 142.796616, 2.383197, 0, 0, 0, 0, 300, 300),
(6637, 175404, 0, 1, -7675.194824, -2191.725098, 140.191162, -1.637547, 0, 0, 0, 0, 300, 300),
(6638, 175404, 0, 1, -7454.279785, -2200.500000, 165.697281, 0.990262, 0, 0, 0, 0, 300, 300),
(6639, 175404, 0, 1, -7737.754883, -2305.799805, 141.835007, 1.925161, 0, 0, 0, 0, 300, 300),
(6640, 175404, 0, 1, -7614.589844, -2387.699951, 137.418869, -0.726089, 0, 0, 0, 0, 300, 300),
(6641, 175404, 0, 1, -7614.589844, -2390.625000, 137.552032, -0.170897, 0, 0, 0, 0, 300, 300),
(6642, 175404, 0, 1, -7651.734863, -3060.449951, 133.452057, 0.684608, 0, 0, 0, 0, 300, 300),
(6643, 175404, 0, 1, -7651.734863, -3063.375000, 134.395416, 1.293807, 0, 0, 0, 0, 300, 300),
(6644, 165658, 0, 1, -7620.455078, -708.750000, 182.714188, 2.115224, 0, 0, 0, 0, 300, 300), -- dark iron deposit
(6645, 165658, 0, 1, -8023.185059, -743.849976, 142.223312, -1.213284, 0, 0, 0, 0, 300, 300),
(6646, 165658, 0, 1, -8165.899902, -764.325012, 130.188889, 1.010941, 0, 0, 0, 0, 300, 300),
(6647, 165658, 0, 1, -7866.785156, -875.475037, 149.916397, 0.881092, 0, 0, 0, 0, 300, 300),
(6648, 165658, 0, 1, -8265.605469, -916.424988, 159.271225, 2.919028, 0, 0, 0, 0, 300, 300),
(6649, 165658, 0, 1, -7935.209961, -1012.950012, 135.444427, 2.870584, 0, 0, 0, 0, 300, 300),
(6650, 165658, 0, 1, -8398.544922, -1012.950012, 188.676300, -2.035843, 0, 0, 0, 0, 300, 300),
(6651, 165658, 0, 1, -7935.209961, -1015.875000, 134.856140, 1.819188, 0, 0, 0, 0, 300, 300),
(6652, 165658, 0, 1, -8400.500000, -1015.875000, 188.302429, 0.342120, 0, 0, 0, 0, 300, 300),
(6653, 165658, 0, 1, -8101.384766, -1042.199951, 140.990631, 2.512660, 0, 0, 0, 0, 300, 300),
(6654, 165658, 0, 1, -8101.384766, -1045.125000, 141.543655, -1.518111, 0, 0, 0, 0, 300, 300),
(6655, 165658, 0, 1, -8285.155273, -1062.675049, 146.499146, 2.833533, 0, 0, 0, 0, 300, 300),
(6656, 165658, 0, 1, -8412.230469, -1141.650024, 190.022217, 0.542794, 0, 0, 0, 0, 300, 300),
(6657, 165658, 0, 1, -8179.584961, -1156.275024, 144.650116, -2.833421, 0, 0, 0, 0, 300, 300),
(6658, 165658, 0, 1, -8418.094727, -1188.449951, 193.132751, -2.526650, 0, 0, 0, 0, 300, 300),
(6659, 165658, 0, 1, -8418.094727, -1191.375000, 194.695251, -0.234576, 0, 0, 0, 0, 300, 300),
(6660, 165658, 0, 1, -8085.745117, -1282.050049, 140.866211, -0.983555, 0, 0, 0, 0, 300, 300),
(6661, 165658, 0, 1, -8337.939453, -1290.824951, 206.750397, -1.127454, 0, 0, 0, 0, 300, 300),
(6662, 165658, 0, 1, -8169.810059, -1334.699951, 135.421570, 3.129811, 0, 0, 0, 0, 300, 300),
(6663, 165658, 0, 1, -8169.810059, -1337.625000, 135.399078, -2.349720, 0, 0, 0, 0, 300, 300),
(6664, 165658, 0, 1, -8289.065430, -1363.950073, 186.079269, 0.987589, 0, 0, 0, 0, 300, 300),
(6665, 165658, 0, 1, -8289.065430, -1366.875000, 184.839600, -1.607405, 0, 0, 0, 0, 300, 300),
(6666, 165658, 0, 1, -7835.504883, -1381.500000, 158.021866, -2.542460, 0, 0, 0, 0, 300, 300),
(6669, 165658, 0, 1, -7581.354980, -1407.824951, 166.659637, -2.454906, 0, 0, 0, 0, 300, 300),
(6670, 165658, 0, 1, -8138.530273, -1448.775024, 137.390823, -0.668060, 0, 0, 0, 0, 300, 300),
(6671, 165658, 0, 1, -7909.794922, -1489.724976, 160.467407, -2.967911, 0, 0, 0, 0, 300, 300),
(6672, 165658, 0, 1, -7763.169922, -1513.125000, 132.196960, 2.016536, 0, 0, 0, 0, 300, 300),
(6673, 165658, 0, 1, -7765.125000, -1516.050049, 129.255539, -2.916988, 0, 0, 0, 0, 300, 300),
(6674, 165658, 0, 1, -8208.910156, -1521.900024, 144.654724, 1.081077, 0, 0, 0, 0, 300, 300),
(6675, 165658, 0, 1, -8075.969727, -1597.949951, 139.137573, -1.392761, 0, 0, 0, 0, 300, 300),
(6676, 165658, 0, 1, -8079.879883, -1597.949951, 136.801865, 2.805556, 0, 0, 0, 0, 300, 300),
(6677, 165658, 0, 1, -8074.015137, -1600.875000, 138.944199, 1.046069, 0, 0, 0, 0, 300, 300),
(6678, 165658, 0, 1, -8079.879883, -1600.875000, 136.129562, -2.467761, 0, 0, 0, 0, 300, 300),
(6679, 165658, 0, 1, -7819.865234, -1624.275024, 144.015350, -2.595468, 0, 0, 0, 0, 300, 300),
(6680, 165658, 0, 1, -7823.774902, -1624.275024, 145.029510, -2.531814, 0, 0, 0, 0, 300, 300),
(6681, 165658, 0, 1, -8191.314941, -1650.599976, 147.198532, -1.352393, 0, 0, 0, 0, 300, 300),
(6682, 165658, 0, 1, -8195.224609, -1650.599976, 146.873337, -2.321373, 0, 0, 0, 0, 300, 300),
(6683, 165658, 0, 1, -7684.969727, -1653.525024, 145.952087, -1.770556, 0, 0, 0, 0, 300, 300),
(6684, 165658, 0, 1, -7686.924805, -1653.525024, 146.445633, -1.218798, 0, 0, 0, 0, 300, 300),
(6685, 165658, 0, 1, -8257.785156, -1694.474976, 158.873093, -0.033736, 0, 0, 0, 0, 300, 300),
(6686, 165658, 0, 1, -7888.290039, -1703.250000, 136.545807, -0.414582, 0, 0, 0, 0, 300, 300),
(6687, 165658, 0, 1, -8070.104980, -1796.850098, 139.611588, -1.497012, 0, 0, 0, 0, 300, 300),
(6688, 165658, 0, 1, -8206.955078, -1861.200073, 141.175522, -2.482422, 0, 0, 0, 0, 300, 300),
(6689, 165658, 0, 1, -7681.060059, -1881.675049, 137.632950, -1.951852, 0, 0, 0, 0, 300, 300),
(6690, 165658, 0, 1, -7686.924805, -1881.675049, 135.984070, -1.108522, 0, 0, 0, 0, 300, 300),
(6691, 165658, 0, 1, -8355.535156, -1899.224976, 181.424530, 0.508111, 0, 0, 0, 0, 300, 300),
(6692, 165658, 0, 1, -8191.314941, -1925.549927, 147.611862, 2.819263, 0, 0, 0, 0, 300, 300),
(6693, 165658, 0, 1, -7499.245117, -1946.025024, 196.461197, 2.379202, 0, 0, 0, 0, 300, 300),
(6694, 165658, 0, 1, -7774.899902, -1948.949951, 133.849075, 0.539516, 0, 0, 0, 0, 300, 300),
(6695, 165658, 0, 1, -7772.944824, -1954.799927, 133.457779, 2.929443, 0, 0, 0, 0, 300, 300),
(6696, 165658, 0, 1, -7917.615234, -1989.900024, 141.201660, 0.131237, 0, 0, 0, 0, 300, 300),
(6697, 165658, 0, 1, -7921.524902, -1989.900024, 139.302994, -1.961515, 0, 0, 0, 0, 300, 300),
(6698, 165658, 0, 1, -7784.674805, -2054.250000, 142.796616, 0.702984, 0, 0, 0, 0, 300, 300),
(6699, 165658, 0, 1, -8103.339844, -2086.424805, 140.839493, 1.133056, 0, 0, 0, 0, 300, 300),
(6700, 165658, 0, 1, -8248.009766, -2086.424805, 159.686676, -2.693126, 0, 0, 0, 0, 300, 300),
(6701, 165658, 0, 1, -7499.245117, -2136.149902, 144.213013, -2.104820, 0, 0, 0, 0, 300, 300),
(6702, 165658, 0, 1, -7602.859863, -2153.699951, 149.048431, -1.120121, 0, 0, 0, 0, 300, 300),
(6703, 165658, 0, 1, -7600.905273, -2156.625000, 149.246506, -0.513627, 0, 0, 0, 0, 300, 300),
(6704, 165658, 0, 1, -7892.200195, -2162.475098, 131.280136, -2.782100, 0, 0, 0, 0, 300, 300),
(6705, 165658, 0, 1, -8161.990234, -2171.250000, 148.123550, -0.647637, 0, 0, 0, 0, 300, 300),
(6706, 165658, 0, 1, -7675.194824, -2191.725098, 140.191162, -0.109345, 0, 0, 0, 0, 300, 300),
(6707, 165658, 0, 1, -7454.279785, -2200.500000, 165.697281, -2.763411, 0, 0, 0, 0, 300, 300),
(6708, 165658, 0, 1, -7737.754883, -2305.799805, 141.835007, -0.866989, 0, 0, 0, 0, 300, 300),
(6709, 165658, 0, 1, -8267.560547, -2305.799805, 160.436829, -1.503250, 0, 0, 0, 0, 300, 300),
(6710, 165658, 0, 1, -7798.359863, -2358.449951, 145.252411, 1.228827, 0, 0, 0, 0, 300, 300),
(6711, 165658, 0, 1, -7798.359863, -2361.375000, 143.913101, -1.941643, 0, 0, 0, 0, 300, 300),
(6712, 165658, 0, 1, -8289.065430, -2376.000000, 180.271576, -1.264334, 0, 0, 0, 0, 300, 300),
(6713, 165658, 0, 1, -7614.589844, -2384.774902, 137.910522, 2.702531, 0, 0, 0, 0, 300, 300),
(6714, 165658, 0, 1, -7507.064941, -2387.699951, 185.947144, -3.025980, 0, 0, 0, 0, 300, 300),
(6715, 165658, 0, 1, -7505.109863, -2390.625000, 187.665573, -3.024420, 0, 0, 0, 0, 300, 300),
(6716, 165658, 0, 1, -7614.589844, -2390.625000, 137.552032, -1.045674, 0, 0, 0, 0, 300, 300),
(6717, 165658, 0, 1, -7743.620117, -2399.399902, 145.055008, -0.289330, 0, 0, 0, 0, 300, 300),
(6718, 165658, 0, 1, -7745.575195, -2399.399902, 144.795532, -0.028665, 0, 0, 0, 0, 300, 300),
(6719, 165658, 0, 1, -8124.844727, -2460.824951, 148.014481, -2.394300, 0, 0, 0, 0, 300, 300),
(6720, 165658, 0, 1, -8267.560547, -2498.850098, 150.120590, 1.543780, 0, 0, 0, 0, 300, 300),
(6721, 165658, 0, 1, -7894.155273, -2504.699951, 159.051529, 1.584036, 0, 0, 0, 0, 300, 300),
(6722, 165658, 0, 1, -7896.109863, -2507.625000, 159.631104, 2.507676, 0, 0, 0, 0, 300, 300),
(6723, 165658, 0, 1, -7954.759766, -2513.475098, 135.278107, 0.149435, 0, 0, 0, 0, 300, 300),
(6724, 165658, 0, 1, -7960.625000, -2513.475098, 134.006088, 0.294184, 0, 0, 0, 0, 300, 300),
(6725, 165658, 0, 1, -7890.245117, -2536.875000, 127.982925, -1.377125, 0, 0, 0, 0, 300, 300),
(6726, 165658, 0, 1, -7857.009766, -2542.725098, 178.716049, -1.380889, 0, 0, 0, 0, 300, 300),
(6727, 165658, 0, 1, -7837.459961, -2560.274902, 176.364410, -0.116991, 0, 0, 0, 0, 300, 300),
(6728, 165658, 0, 1, -7524.660156, -2583.675049, 141.969955, 1.278903, 0, 0, 0, 0, 300, 300),
(6729, 165658, 0, 1, -7894.155273, -2586.600098, 220.313553, 0.096570, 0, 0, 0, 0, 300, 300),
(6730, 165658, 0, 1, -7923.479980, -2598.300049, 123.494087, -3.108353, 0, 0, 0, 0, 300, 300),
(6731, 165658, 0, 1, -7724.069824, -2612.925049, 163.720490, 0.706746, 0, 0, 0, 0, 300, 300),
(6732, 165658, 0, 1, -7727.979980, -2612.925049, 164.971527, -0.567267, 0, 0, 0, 0, 300, 300),
(6733, 165658, 0, 1, -7827.685059, -2618.774902, 224.191437, -1.761147, 0, 0, 0, 0, 300, 300),
(6734, 165658, 0, 1, -7868.740234, -2618.774902, 173.860641, -0.773463, 0, 0, 0, 0, 300, 300),
(6735, 165658, 0, 1, -7980.174805, -2633.400146, 199.458023, 0.847706, 0, 0, 0, 0, 300, 300),
(6736, 165658, 0, 1, -7978.219727, -2636.324951, 199.450043, -2.806105, 0, 0, 0, 0, 300, 300),
(6737, 165658, 0, 1, -7894.155273, -2639.250000, 169.634155, 1.761626, 0, 0, 0, 0, 300, 300),
(6738, 165658, 0, 1, -7909.794922, -2639.250000, 180.925247, -1.967911, 0, 0, 0, 0, 300, 300),
(6739, 165658, 0, 1, -7817.910156, -2645.099854, 175.578232, 0.573704, 0, 0, 0, 0, 300, 300),
(6740, 165658, 0, 1, -7927.390137, -2650.949951, 160.107803, -1.066314, 0, 0, 0, 0, 300, 300),
(6741, 165658, 0, 1, -7929.344727, -2653.875000, 160.115662, 0.796251, 0, 0, 0, 0, 300, 300),
(6742, 165658, 0, 1, -7941.075195, -2659.724854, 218.458450, -1.963693, 0, 0, 0, 0, 300, 300),
(6743, 165658, 0, 1, -7860.919922, -2688.975098, 202.328537, 2.518048, 0, 0, 0, 0, 300, 300),
(6744, 165658, 0, 1, -7800.314941, -2703.600098, 173.594147, 0.697183, 0, 0, 0, 0, 300, 300),
(6745, 165658, 0, 1, -7845.280273, -2712.375000, 170.700821, 3.056734, 0, 0, 0, 0, 300, 300),
(6746, 165658, 0, 1, -7931.299805, -2715.300049, 182.509415, -2.150635, 0, 0, 0, 0, 300, 300),
(6747, 165658, 0, 1, -7987.995117, -2747.475098, 163.869690, 2.950566, 0, 0, 0, 0, 300, 300),
(6748, 165658, 0, 1, -8228.459961, -2779.649902, 138.051514, -1.008984, 0, 0, 0, 0, 300, 300),
(6749, 165658, 0, 1, -7755.350098, -2785.500000, 163.607468, -1.656894, 0, 0, 0, 0, 300, 300),
(6750, 165658, 0, 1, -8386.815430, -2817.675049, 213.382278, -0.320258, 0, 0, 0, 0, 300, 300),
(6751, 165658, 0, 1, -7538.345215, -2823.525146, 161.186096, -2.825203, 0, 0, 0, 0, 300, 300),
(6752, 165658, 0, 1, -8230.415039, -2943.449951, 160.968597, 0.369540, 0, 0, 0, 0, 300, 300),
(6753, 165658, 0, 1, -8234.325195, -2946.375000, 160.664932, 0.419273, 0, 0, 0, 0, 300, 300),
(6754, 165658, 0, 1, -7571.580078, -2949.300049, 161.933105, 0.473235, 0, 0, 0, 0, 300, 300),
(6755, 165658, 0, 1, -8232.370117, -2949.300049, 159.019699, -3.040872, 0, 0, 0, 0, 300, 300),
(6756, 165658, 0, 1, -7884.379883, -2978.550049, 155.146378, -2.572963, 0, 0, 0, 0, 300, 300),
(6757, 165658, 0, 1, -7753.395020, -2990.250000, 143.734406, 2.422404, 0, 0, 0, 0, 300, 300),
(6758, 165658, 0, 1, -8046.645020, -2990.250000, 143.740158, -2.784391, 0, 0, 0, 0, 300, 300),
(6759, 165658, 0, 1, -7651.734863, -3060.449951, 133.452057, -0.887391, 0, 0, 0, 0, 300, 300),
(6760, 165658, 0, 1, -7651.734863, -3063.375000, 134.395416, 2.480554, 0, 0, 0, 0, 300, 300),
-- Dun Morogh:
(6761, 1731, 0, 1, -5564.892090, 770.137939, 384.203247, -2.689897, 0, 0, 0, 0, 300, 300), -- copper vein
(6762, 1731, 0, 1, -5568.169922, 770.137939, 384.265015, -1.399799, 0, 0, 0, 0, 300, 300),
(6763, 1731, 0, 1, -5669.788086, 755.384033, 389.755585, 0.468444, 0, 0, 0, 0, 300, 300),
(6764, 1731, 0, 1, -5581.282227, 740.630005, 392.381104, -2.881967, 0, 0, 0, 0, 300, 300),
(6765, 1731, 0, 1, -5604.228027, 720.958008, 383.166534, -1.921531, 0, 0, 0, 0, 300, 300),
(6766, 1731, 0, 1, -5656.675781, 701.286011, 388.901825, 2.237523, 0, 0, 0, 0, 300, 300),
(6774, 1731, 0, 1, -5519.000000, 696.367920, 396.241364, -3.000910, 0, 0, 0, 0, 300, 300),
(6775, 1731, 0, 1, -5550.391602, 697.649475, 389.289581, 0.775494, 0, 0, 0, 0, 300, 300),
(6778, 1731, 0, 1, -5522.277832, 691.450073, 397.202332, 2.235307, 0, 0, 0, 0, 300, 300),
(6779, 1731, 0, 1, -5564.892090, 657.024048, 397.310944, 0.948290, 0, 0, 0, 0, 300, 300),
(6780, 1731, 0, 1, -5568.169922, 657.024048, 397.061676, -0.103935, 0, 0, 0, 0, 300, 300),
(6781, 1731, 0, 1, -5655.309570, 654.781006, 382.540515, -0.597353, 0, 0, 0, 0, 300, 300),
(6799, 1731, 0, 1, -5591.116211, 642.270020, 384.792847, 2.685102, 0, 0, 0, 0, 300, 300),
(6807, 1731, 0, 1, -5541.946289, 612.761963, 397.436646, -0.583757, 0, 0, 0, 0, 300, 300),
(6808, 1731, 0, 1, -5381.324219, 602.926025, 397.441711, -0.410907, 0, 0, 0, 0, 300, 300),
(6815, 1731, 0, 1, -5748.459961, 573.417969, 404.614105, -2.293124, 0, 0, 0, 0, 300, 300),
(6839, 1731, 0, 1, -5566.007324, 575.334351, 403.403625, -0.334124, 0, 0, 0, 0, 300, 300),
(6840, 1731, 0, 1, -5568.169922, 568.500000, 394.366638, 1.901874, 0, 0, 0, 0, 300, 300),
(6844, 1731, 0, 1, -5341.988281, 479.975952, 391.118103, -2.733661, 0, 0, 0, 0, 300, 300),
(6851, 1731, 0, 1, -5486.219727, 465.222046, 392.546814, -2.980284, 0, 0, 0, 0, 300, 300),
(6852, 1731, 0, 1, -5020.744141, 460.303955, 418.955475, 1.457756, 0, 0, 0, 0, 300, 300),
(6864, 1731, 0, 1, -5400.992188, 440.632080, 393.931427, 2.999405, 0, 0, 0, 0, 300, 300),
(6865, 1731, 0, 1, -5404.270020, 440.632080, 392.178864, -2.054871, 0, 0, 0, 0, 300, 300),
(6870, 1731, 0, 1, -5807.463867, 391.451904, 431.051758, -2.314778, 0, 0, 0, 0, 300, 300),
(6879, 1731, 0, 1, -5659.954102, 357.025879, 393.621857, -0.855130, 0, 0, 0, 0, 300, 300),
(6895, 1731, 0, 1, -5214.145996, 337.354004, 405.161072, -2.218457, 0, 0, 0, 0, 300, 300),
(6908, 1731, 0, 1, -4991.242188, 288.173950, 414.838257, -2.113289, 0, 0, 0, 0, 300, 300),
(6909, 1731, 0, 1, -5814.020020, 224.239990, 392.071442, -2.092396, 0, 0, 0, 0, 300, 300),
(6910, 1731, 0, 1, -5555.058105, 184.895996, 416.521515, -1.304496, 0, 0, 0, 0, 300, 300),
(6911, 1731, 0, 1, -5659.954102, 179.978027, 426.201538, 1.813826, 0, 0, 0, 0, 300, 300),
(6912, 1731, 0, 1, -4889.624023, 145.552002, 401.351379, -1.922417, 0, 0, 0, 0, 300, 300),
(6919, 1731, 0, 1, -5233.813965, 106.207886, 392.036285, 0.631655, 0, 0, 0, 0, 300, 300),
(6985, 1731, 0, 1, -5476.385742, 106.207886, 406.672089, -2.469063, 0, 0, 0, 0, 300, 300),
(6986, 1731, 0, 1, -5233.813965, 101.290039, 392.372681, 0.446504, 0, 0, 0, 0, 300, 300),
(7008, 1731, 0, 1, -5476.385742, 101.290039, 410.875671, 2.812224, 0, 0, 0, 0, 300, 300),
(7026, 1731, 0, 1, -5673.065918, 37.355957, 403.733490, -1.500909, 0, 0, 0, 0, 300, 300),
(7029, 1731, 0, 1, -5230.536133, 27.519897, 363.082611, -1.764114, 0, 0, 0, 0, 300, 300),
(7060, 1731, 0, 1, -5964.807617, 27.519897, 371.503235, 0.170062, 0, 0, 0, 0, 300, 300),
(7061, 1731, 0, 1, -5014.187988, 7.848022, 397.566986, 0.326356, 0, 0, 0, 0, 300, 300),
(7062, 1731, 0, 1, -5017.465820, 2.929932, 392.695312, -1.588889, 0, 0, 0, 0, 300, 300),
(7063, 1731, 0, 1, -5648.657227, -54.086109, 422.624939, 2.406737, 0, 0, 0, 0, 300, 300),
(7064, 1731, 0, 1, -5627.444336, -67.866989, 426.343719, 2.114260, 0, 0, 0, 0, 300, 300),
(7065, 1731, 0, 1, -5830.410156, -70.839966, 363.430664, -0.544266, 0, 0, 0, 0, 300, 300),
(7066, 1731, 0, 1, -5282.724609, -78.937813, 401.963165, 0.522903, 0, 0, 0, 0, 300, 300),
(7067, 1731, 0, 1, -4860.122070, -105.265991, 404.444794, 2.121339, 0, 0, 0, 0, 300, 300),
(7068, 1731, 0, 1, -5122.362305, -110.184082, 396.455658, 1.988031, 0, 0, 0, 0, 300, 300),
(7069, 1731, 0, 1, -5476.385742, -115.102051, 420.722717, 2.565769, 0, 0, 0, 0, 300, 300),
(7070, 1731, 0, 1, -6010.700195, -120.019897, 412.488861, -1.740443, 0, 0, 0, 0, 300, 300),
(7071, 1731, 0, 1, -5404.270020, -124.937988, 398.636902, 1.550040, 0, 0, 0, 0, 300, 300),
(7072, 1731, 0, 1, -5083.025879, -159.364014, 442.385101, -1.019118, 0, 0, 0, 0, 300, 300),
(7073, 1731, 0, 1, -6112.317871, -159.364014, 435.091888, 1.630604, 0, 0, 0, 0, 300, 300),
(7074, 1731, 0, 1, -5718.958008, -164.281982, 370.982208, -2.868981, 0, 0, 0, 0, 300, 300),
(7075, 1731, 0, 1, -4961.740234, -169.200073, 385.661896, -1.734348, 0, 0, 0, 0, 300, 300),
(7076, 1731, 0, 1, -5463.273926, -183.953979, 350.515259, -2.405732, 0, 0, 0, 0, 300, 300),
(7077, 1731, 0, 1, -5250.204102, -188.872070, 440.570404, 0.072804, 0, 0, 0, 0, 300, 300),
(7078, 1731, 0, 1, -5358.377930, -198.707886, 451.077240, 0.912129, 0, 0, 0, 0, 300, 300),
(7079, 1731, 0, 1, -5496.053711, -208.543945, 354.253510, 0.046235, 0, 0, 0, 0, 300, 300),
(7080, 1731, 0, 1, -5417.381836, -218.380005, 372.956665, 1.789422, 0, 0, 0, 0, 300, 300),
(7081, 1731, 0, 1, -5125.640137, -228.215942, 402.414795, -3.062473, 0, 0, 0, 0, 300, 300),
(7082, 1731, 0, 1, -4830.620117, -233.133911, 403.799835, 0.891381, 0, 0, 0, 0, 300, 300),
(7083, 1731, 0, 1, -4974.852051, -233.133911, 416.239471, -1.860549, 0, 0, 0, 0, 300, 300),
(7084, 1731, 0, 1, -4978.129883, -233.133911, 417.706390, -0.069170, 0, 0, 0, 0, 300, 300),
(7085, 1731, 0, 1, -5048.692383, -231.489136, 446.945000, -1.961327, 0, 0, 0, 0, 300, 300),
(7086, 1731, 0, 1, -5604.228027, -257.724121, 367.752747, -2.929191, 0, 0, 0, 0, 300, 300),
(7087, 1731, 0, 1, -5083.025879, -272.478027, 443.552887, -0.761373, 0, 0, 0, 0, 300, 300),
(7088, 1731, 0, 1, -5502.609863, -272.478027, 354.241699, 1.286328, 0, 0, 0, 0, 300, 300),
(7089, 1731, 0, 1, -5453.439941, -277.395996, 355.989471, 0.955650, 0, 0, 0, 0, 300, 300),
(7090, 1731, 0, 1, -5004.354004, -287.231934, 444.148590, 2.574564, 0, 0, 0, 0, 300, 300),
(7091, 1731, 0, 1, -5387.879883, -287.231934, 412.421906, 1.971208, 0, 0, 0, 0, 300, 300),
(7092, 1731, 0, 1, -5551.780273, -287.231934, 363.976135, -2.787377, 0, 0, 0, 0, 300, 300),
(7093, 1731, 0, 1, -5659.954102, -287.231934, 371.346771, -1.806188, 0, 0, 0, 0, 300, 300),
(7094, 1731, 0, 1, -5001.076172, -292.150146, 445.519012, 2.621628, 0, 0, 0, 0, 300, 300),
(7095, 1731, 0, 1, -5430.494141, -306.904053, 358.345825, 1.203084, 0, 0, 0, 0, 300, 300),
(7096, 1731, 0, 1, -5568.169922, -306.904053, 364.241241, -1.501517, 0, 0, 0, 0, 300, 300),
(7097, 1731, 0, 1, -5961.530273, -306.904053, 456.680664, -0.922219, 0, 0, 0, 0, 300, 300),
(7098, 1731, 0, 1, -5351.822266, -311.822021, 414.320312, -0.341446, 0, 0, 0, 0, 300, 300),
(7099, 1731, 0, 1, -5466.551758, -321.657959, 361.130981, 1.229043, 0, 0, 0, 0, 300, 300),
(7100, 1731, 0, 1, -5886.135742, -321.657959, 371.127899, -1.660282, 0, 0, 0, 0, 300, 300),
(7101, 1731, 0, 1, -5148.585938, -326.576172, 403.484039, 2.863096, 0, 0, 0, 0, 300, 300),
(7102, 1731, 0, 1, -5541.946289, -341.330078, 358.394623, -2.706825, 0, 0, 0, 0, 300, 300),
(7103, 1731, 0, 1, -6095.927734, -341.330078, 436.238434, -0.422400, 0, 0, 0, 0, 300, 300),
(7104, 1731, 0, 1, -5512.443848, -356.083984, 360.377289, -0.713098, 0, 0, 0, 0, 300, 300),
(7105, 1731, 0, 1, -4833.897949, -370.838135, 403.562988, -1.352667, 0, 0, 0, 0, 300, 300),
(7106, 1731, 0, 1, -5646.841797, -380.673828, 369.784637, 2.519959, 0, 0, 0, 0, 300, 300),
(7107, 1731, 0, 1, -5358.377930, -424.936035, 398.356598, 0.206551, 0, 0, 0, 0, 300, 300),
(7108, 1731, 0, 1, -5810.742188, -424.936035, 369.394775, -1.165717, 0, 0, 0, 0, 300, 300),
(7109, 1731, 0, 1, -6013.978027, -577.394043, 413.534149, 2.119204, 0, 0, 0, 0, 300, 300),
(7110, 1731, 0, 1, -5053.523926, -587.229980, 424.081909, 2.645104, 0, 0, 0, 0, 300, 300),
(7111, 1731, 0, 1, -5771.406250, -651.164062, 403.103851, -0.550918, 0, 0, 0, 0, 300, 300),
(7112, 1731, 0, 1, -5335.432129, -661.000000, 395.437347, 3.024124, 0, 0, 0, 0, 300, 300),
(7113, 1731, 0, 1, -5338.709961, -661.000000, 397.748505, 0.467817, 0, 0, 0, 0, 300, 300),
(7114, 1731, 0, 1, -5961.530273, -661.000000, 403.136017, -2.100841, 0, 0, 0, 0, 300, 300),
(7115, 1731, 0, 1, -5938.583984, -675.754150, 425.980072, -2.842604, 0, 0, 0, 0, 300, 300),
(7116, 1731, 0, 1, -5319.041992, -744.606201, 391.846924, 0.123613, 0, 0, 0, 0, 300, 300),
(7117, 1731, 0, 1, -5597.671875, -744.606201, 432.421173, 3.034379, 0, 0, 0, 0, 300, 300),
(7118, 1731, 0, 1, -5600.950195, -744.606201, 434.719269, 1.365351, 0, 0, 0, 0, 300, 300),
(7119, 1731, 0, 1, -5791.074219, -779.031982, 401.670685, 2.254095, 0, 0, 0, 0, 300, 300),
(7120, 1731, 0, 1, -5791.074219, -783.949951, 399.712219, 3.046474, 0, 0, 0, 0, 300, 300),
(7121, 1731, 0, 1, -5519.000000, -828.211914, 412.926727, -1.898982, 0, 0, 0, 0, 300, 300),
(7122, 1731, 0, 1, -5519.000000, -833.130127, 417.232971, 1.730492, 0, 0, 0, 0, 300, 300),
(7123, 1731, 0, 1, -5289.540039, -838.048096, 403.205505, -1.182795, 0, 0, 0, 0, 300, 300),
(7124, 1731, 0, 1, -5676.343750, -906.900146, 401.941467, -1.952796, 0, 0, 0, 0, 300, 300),
(7125, 1731, 0, 1, -5633.729980, -960.998047, 409.306915, 0.158031, 0, 0, 0, 0, 300, 300),
(7126, 1731, 0, 1, -5630.452148, -965.915771, 404.934326, 1.213192, 0, 0, 0, 0, 300, 300),
(7127, 1731, 0, 1, -5722.235840, -975.751953, 401.807251, 2.203591, 0, 0, 0, 0, 300, 300),
(7128, 1731, 0, 1, -5722.235840, -980.669922, 398.135925, 2.649582, 0, 0, 0, 0, 300, 300),
(7129, 1731, 0, 1, -5889.414062, -1005.260010, 408.450684, 2.536096, 0, 0, 0, 0, 300, 300),
(7130, 1731, 0, 1, -5256.759766, -1049.521973, 398.881378, -1.856652, 0, 0, 0, 0, 300, 300),
(7131, 1731, 0, 1, -5732.069824, -1093.783936, 386.961884, -1.255899, 0, 0, 0, 0, 300, 300),
(7132, 1731, 0, 1, -5761.572266, -1211.815918, 389.334991, -2.455763, 0, 0, 0, 0, 300, 300),
(7133, 1731, 0, 1, -5764.850098, -1211.815918, 387.649017, 0.154592, 0, 0, 0, 0, 300, 300),
(7134, 1731, 0, 1, -5912.359863, -1241.323975, 433.162506, 2.051524, 0, 0, 0, 0, 300, 300),
(7135, 1731, 0, 1, -5427.215820, -1275.750000, 448.140656, -2.004172, 0, 0, 0, 0, 300, 300),
(7136, 1731, 0, 1, -5817.297852, -1324.929932, 390.658813, 1.861009, 0, 0, 0, 0, 300, 300),
(7137, 1731, 0, 1, -5561.614258, -1393.781982, 407.737122, 1.487978, 0, 0, 0, 0, 300, 300),
(7138, 1731, 0, 1, -5568.169922, -1393.781982, 412.533112, 0.308779, 0, 0, 0, 0, 300, 300),
(7139, 1731, 0, 1, -5715.680176, -1428.208008, 430.497406, 0.717393, 0, 0, 0, 0, 300, 300),
(7140, 1731, 0, 1, -5879.580078, -1428.208008, 413.707428, -0.470732, 0, 0, 0, 0, 300, 300),
(7141, 1731, 0, 1, -5755.016113, -1462.634033, 408.319305, 1.258551, 0, 0, 0, 0, 300, 300),
(7142, 1731, 0, 1, -5836.965820, -1477.387939, 365.077606, -1.471314, 0, 0, 0, 0, 300, 300),
(7143, 1731, 0, 1, -5525.555664, -1497.060059, 406.808411, -0.079482, 0, 0, 0, 0, 300, 300),
(7144, 1731, 0, 1, -5807.463867, -1497.060059, 364.319122, 2.488229, 0, 0, 0, 0, 300, 300),
(7145, 1731, 0, 1, -5479.664062, -1551.157959, 446.855652, -1.915728, 0, 0, 0, 0, 300, 300),
(7146, 1731, 0, 1, -5866.467773, -1565.912109, 365.463379, -2.164049, 0, 0, 0, 0, 300, 300),
(7147, 1731, 0, 1, -5614.062012, -1585.584229, 404.178650, -2.938124, 0, 0, 0, 0, 300, 300),
(7148, 1731, 0, 1, -5738.625977, -1610.174072, 371.074463, 2.023441, 0, 0, 0, 0, 300, 300),
(7149, 1731, 0, 1, -5627.173828, -1654.436035, 364.994415, 2.141051, 0, 0, 0, 0, 300, 300),
(7150, 1731, 0, 1, -5725.509766, -1659.349976, 362.108002, -0.341188, 0, 0, 0, 0, 300, 300),
(7151, 1731, 0, 1, -5686.177734, -1664.271973, 394.922363, -2.878237, 0, 0, 0, 0, 300, 300),
(7152, 1731, 0, 1, -5614.062012, -1669.189941, 351.211212, -2.081106, 0, 0, 0, 0, 300, 300),
(7153, 1731, 0, 1, -5591.116211, -1674.107910, 345.489014, -2.317651, 0, 0, 0, 0, 300, 300),
(7154, 1731, 0, 1, -5653.397949, -1674.107910, 360.795837, 2.336507, 0, 0, 0, 0, 300, 300),
(7155, 1731, 0, 1, -5827.131836, -1679.026123, 359.009583, 2.848143, 0, 0, 0, 0, 300, 300),
(7156, 1731, 0, 1, -5545.224121, -1688.862061, 343.806549, -0.110782, 0, 0, 0, 0, 300, 300),
(7157, 1731, 0, 1, -5758.293945, -1703.615967, 366.488495, 2.242187, 0, 0, 0, 0, 300, 300),
(7158, 1731, 0, 1, -5932.028320, -1703.615967, 424.659393, 2.349449, 0, 0, 0, 0, 300, 300),
(7159, 1731, 0, 1, -5696.012207, -1718.369873, 361.564758, 2.514788, 0, 0, 0, 0, 300, 300),
(7160, 1731, 0, 1, -5699.290039, -1718.369873, 361.746277, 2.117678, 0, 0, 0, 0, 300, 300),
(7161, 1731, 0, 1, -5564.892090, -1723.288086, 414.363281, 2.542010, 0, 0, 0, 0, 300, 300),
(7162, 1731, 0, 1, -5568.169922, -1723.288086, 415.157532, -2.239295, 0, 0, 0, 0, 300, 300),
(7163, 1731, 0, 1, -5509.166016, -1742.960205, 336.938538, -1.278789, 0, 0, 0, 0, 300, 300),
(7164, 1731, 0, 1, -5617.339844, -1752.795898, 412.630127, 0.647919, 0, 0, 0, 0, 300, 300),
(7165, 1731, 0, 1, -5456.717773, -1757.713867, 443.075195, -2.764766, 0, 0, 0, 0, 300, 300),
(7166, 1731, 0, 1, -5784.518066, -1762.631836, 407.293610, -0.369100, 0, 0, 0, 0, 300, 300),
(7167, 1731, 0, 1, -5545.224121, -1772.468018, 422.670746, -0.158662, 0, 0, 0, 0, 300, 300),
(7168, 1731, 0, 1, -5948.417969, -1826.565918, 458.372345, -0.279319, 0, 0, 0, 0, 300, 300),
(7169, 1731, 0, 1, -5594.394043, -1895.417969, 397.892761, -0.299691, 0, 0, 0, 0, 300, 300),
(7170, 1731, 0, 1, -5820.576172, -1924.926025, 410.880859, -2.348689, 0, 0, 0, 0, 300, 300),
(7171, 1731, 0, 1, -5630.452148, -1954.434082, 372.963409, 0.249970, 0, 0, 0, 0, 300, 300),
(7172, 1731, 0, 1, -5633.729980, -1954.434082, 372.982452, 2.232591, 0, 0, 0, 0, 300, 300),
(7173, 1731, 0, 1, -5977.919922, -2013.449951, 429.691528, -1.282949, 0, 0, 0, 0, 300, 300),
(7174, 1731, 0, 1, -5437.049805, -2018.368164, 426.645233, 1.867175, 0, 0, 0, 0, 300, 300),
(7175, 1731, 0, 1, -5433.771973, -2023.286133, 426.943512, 2.014885, 0, 0, 0, 0, 300, 300),
(7176, 1731, 0, 1, -5777.961914, -2052.793945, 405.337280, 1.668406, 0, 0, 0, 0, 300, 300),
(7177, 1731, 0, 1, -5135.474121, -2057.711914, 436.758881, 2.201287, 0, 0, 0, 0, 300, 300),
(7178, 1731, 0, 1, -5135.474121, -2062.630127, 435.922943, 0.140274, 0, 0, 0, 0, 300, 300),
(7181, 1731, 0, 1, -5633.729980, -2077.384033, 401.867950, -1.101969, 0, 0, 0, 0, 300, 300),
(7182, 1731, 0, 1, -5630.452148, -2082.301758, 404.873199, -2.507956, 0, 0, 0, 0, 300, 300),
(7183, 1731, 0, 1, -5223.979980, -2121.645996, 444.126526, -2.443451, 0, 0, 0, 0, 300, 300),
(7184, 1731, 0, 1, -4984.686035, -2141.318115, 412.481689, -2.927597, 0, 0, 0, 0, 300, 300),
(7185, 1731, 0, 1, -5771.406250, -2180.662109, 408.273285, 0.999297, 0, 0, 0, 0, 300, 300),
(7186, 1731, 0, 1, -5564.892090, -2215.087891, 437.670776, -0.430310, 0, 0, 0, 0, 300, 300),
(7187, 1731, 0, 1, -5420.660156, -2220.005859, 421.786713, 0.337079, 0, 0, 0, 0, 300, 300),
(7188, 1731, 0, 1, -5168.253906, -2254.431885, 420.141937, -0.569297, 0, 0, 0, 0, 300, 300),
(7189, 1731, 0, 1, -5705.845703, -2254.431885, 440.556976, 0.594775, 0, 0, 0, 0, 300, 300),
(7190, 1731, 0, 1, -5168.253906, -2259.349854, 417.715210, -3.084978, 0, 0, 0, 0, 300, 300),
(7191, 1731, 0, 1, -5640.286133, -2362.627930, 422.517181, -0.542729, 0, 0, 0, 0, 300, 300),
-- Duskwood:
(7192, 1731, 0, 1, -10515.312500, 675.573975, 14.024075, 0.689879, 0, 0, 0, 0, 300, 300), -- copper vein
(7193, 1731, 0, 1, -10518.908203, 675.573975, 13.957150, 0.773505, 0, 0, 0, 0, 300, 300),
(7194, 1731, 0, 1, -11157.198242, 287.205994, 40.068909, -2.791496, 0, 0, 0, 0, 300, 300),
(7195, 1731, 0, 1, -10342.704102, 87.627991, 34.528065, 1.879970, 0, 0, 0, 0, 300, 300),
(7196, 1731, 0, 1, -10973.801758, 71.445984, 39.638962, -2.733942, 0, 0, 0, 0, 300, 300),
(7197, 1731, 0, 1, -10479.351562, 44.476013, 41.589985, -1.846077, 0, 0, 0, 0, 300, 300),
(7198, 1731, 0, 1, -10481.150391, 41.778992, 42.796215, -1.384063, 0, 0, 0, 0, 300, 300),
(7199, 1731, 0, 1, -10515.312500, -71.494995, 44.836445, 1.604855, 0, 0, 0, 0, 300, 300),
(7200, 1731, 0, 1, -10517.110352, -74.192017, 45.070992, 1.113175, 0, 0, 0, 0, 300, 300),
(7201, 1731, 0, 1, -10700.505859, -184.768982, 38.266556, 1.799892, 0, 0, 0, 0, 300, 300),
(7202, 1731, 0, 1, -10963.013672, -184.768982, 19.671034, -0.329090, 0, 0, 0, 0, 300, 300),
(7203, 1731, 0, 1, -10966.610352, -184.768982, 16.874451, 1.068794, 0, 0, 0, 0, 300, 300),
(7204, 1731, 0, 1, -11099.662109, -192.859985, 30.272598, -2.400932, 0, 0, 0, 0, 300, 300),
(7205, 1731, 0, 1, -11123.036133, -252.193970, 44.569744, 2.621945, 0, 0, 0, 0, 300, 300),
(7206, 1731, 0, 1, -11045.721680, -303.437012, 18.940727, -1.450141, 0, 0, 0, 0, 300, 300),
(7207, 1731, 0, 1, -10121.549805, -341.194946, 50.186306, -1.734962, 0, 0, 0, 0, 300, 300),
(7208, 1731, 0, 1, -11036.732422, -416.711060, 35.898430, 2.662226, 0, 0, 0, 0, 300, 300),
(7209, 1731, 0, 1, -11038.530273, -416.711060, 36.597321, -0.438474, 0, 0, 0, 0, 300, 300),
(7210, 1731, 0, 1, -10087.387695, -446.378052, 64.279617, -0.092617, 0, 0, 0, 0, 300, 300),
(7211, 1731, 0, 1, -10085.589844, -449.074951, 63.070770, -1.484522, 0, 0, 0, 0, 300, 300),
(7212, 1731, 0, 1, -10083.791992, -451.771973, 61.654671, 0.729335, 0, 0, 0, 0, 300, 300),
(7213, 1731, 0, 1, -11119.439453, -581.228027, 46.140488, -0.646961, 0, 0, 0, 0, 300, 300),
(7214, 1731, 0, 1, -10173.692383, -702.593018, 42.929516, -3.051840, 0, 0, 0, 0, 300, 300),
(7215, 1731, 0, 1, -10175.490234, -702.593018, 42.553448, -1.144273, 0, 0, 0, 0, 300, 300),
(7216, 1731, 0, 1, -11063.702148, -729.562988, 59.049404, -3.029465, 0, 0, 0, 0, 300, 300),
(7217, 1731, 0, 1, -10558.463867, -761.927002, 59.159016, 1.146948, 0, 0, 0, 0, 300, 300),
(7218, 1731, 0, 1, -11124.833984, -770.017944, 58.994907, -2.325494, 0, 0, 0, 0, 300, 300),
(7219, 1731, 0, 1, -11124.833984, -772.715088, 59.547615, 2.436738, 0, 0, 0, 0, 300, 300),
(7220, 1731, 0, 1, -10362.482422, -788.896973, 61.849728, 2.680937, 0, 0, 0, 0, 300, 300),
(7221, 1731, 0, 1, -11133.824219, -902.171021, 62.565647, 2.023080, 0, 0, 0, 0, 300, 300),
(7222, 1731, 0, 1, -11155.400391, -926.443970, 85.476646, -1.192871, 0, 0, 0, 0, 300, 300),
(7223, 1731, 0, 1, -10466.765625, -950.717041, 48.639126, 0.444349, 0, 0, 0, 0, 300, 300),
(7224, 1731, 0, 1, -10722.082031, -964.202026, 72.277786, -0.461757, 0, 0, 0, 0, 300, 300),
(7227, 1731, 0, 1, -10436.200195, -1012.748047, 49.136841, -1.875440, 0, 0, 0, 0, 300, 300),
(7228, 1731, 0, 1, -11117.641602, -1012.748047, 80.434914, 2.361800, 0, 0, 0, 0, 300, 300),
(7229, 1731, 0, 1, -11112.248047, -1015.444946, 80.374680, -1.123252, 0, 0, 0, 0, 300, 300),
(7230, 1731, 0, 1, -11047.519531, -1031.626953, 73.115952, 1.074734, 0, 0, 0, 0, 300, 300),
(7231, 1731, 0, 1, -11011.560547, -1077.475952, 51.750793, -2.479174, 0, 0, 0, 0, 300, 300),
(7232, 1731, 0, 1, -11016.954102, -1177.265015, 43.459824, 1.160959, 0, 0, 0, 0, 300, 300),
(7233, 1731, 0, 1, -10856.931641, -1282.447998, 62.132374, -0.980553, 0, 0, 0, 0, 300, 300),
(7234, 1731, 0, 1, -10858.730469, -1282.447998, 62.398335, 3.051073, 0, 0, 0, 0, 300, 300),
(7235, 1731, 0, 1, -10856.931641, -1285.145020, 62.641090, -1.285689, 0, 0, 0, 0, 300, 300),
(7236, 1731, 0, 1, -10858.730469, -1285.145020, 62.689693, 3.008676, 0, 0, 0, 0, 300, 300),
(7237, 1731, 0, 1, -11069.095703, -1384.934082, 69.927063, 0.999585, 0, 0, 0, 0, 300, 300),
(7238, 1731, 0, 1, -10635.778320, -1387.631104, 59.976341, 1.837412, 0, 0, 0, 0, 300, 300),
(7239, 1731, 0, 1, -10639.374023, -1393.024902, 61.492111, -1.133285, 0, 0, 0, 0, 300, 300),
(7240, 1731, 0, 1, -10713.091797, -1438.874023, 63.797798, -1.775945, 0, 0, 0, 0, 300, 300),
(7241, 1731, 0, 1, -10714.889648, -1438.874023, 63.806381, 0.268838, 0, 0, 0, 0, 300, 300),
(7242, 1732, 0, 1, -11162.591797, 190.114014, 35.828125, 1.205365, 0, 0, 0, 0, 300, 300), -- tin vein
(7243, 1732, 0, 1, -11166.187500, 190.114014, 37.132919, -0.850738, 0, 0, 0, 0, 300, 300),
(7244, 1732, 0, 1, -11162.591797, 155.053040, 34.730461, -2.852985, 0, 0, 0, 0, 300, 300),
(7245, 1732, 0, 1, -11166.187500, 155.053040, 35.200897, -1.490750, 0, 0, 0, 0, 300, 300),
(7246, 1732, 0, 1, -11153.601562, 117.295044, 38.953037, 0.208885, 0, 0, 0, 0, 300, 300),
(7247, 1732, 0, 1, -11108.652344, 66.052002, 41.149830, 0.323788, 0, 0, 0, 0, 300, 300),
(7248, 1732, 0, 1, -11106.853516, 63.354980, 41.886570, 0.010016, 0, 0, 0, 0, 300, 300),
(7249, 1732, 0, 1, -10998.973633, 12.112000, 31.360451, -1.925207, 0, 0, 0, 0, 300, 300),
(7250, 1732, 0, 1, -11083.480469, 12.112000, 43.691814, 2.049842, 0, 0, 0, 0, 300, 300),
(7251, 1732, 0, 1, -10998.973633, 9.414978, 29.655130, 1.450303, 0, 0, 0, 0, 300, 300),
(7252, 1732, 0, 1, -11002.570312, 9.414978, 31.903591, 1.974719, 0, 0, 0, 0, 300, 300),
(7253, 1732, 0, 1, -11090.671875, -31.039978, 28.210148, 0.682109, 0, 0, 0, 0, 300, 300),
(7254, 1732, 0, 1, -11092.469727, -31.039978, 28.214201, -2.908819, 0, 0, 0, 0, 300, 300),
(7255, 1732, 0, 1, -11114.045898, -103.859009, 12.610299, -0.329371, 0, 0, 0, 0, 300, 300),
(7256, 1732, 0, 1, -11180.572266, -106.555969, 6.840343, -0.068013, 0, 0, 0, 0, 300, 300),
(7257, 1732, 0, 1, -11182.370117, -109.252991, 7.345123, 0.471751, 0, 0, 0, 0, 300, 300),
(7258, 1732, 0, 1, -10464.967773, -117.343994, 59.981121, 0.675704, 0, 0, 0, 0, 300, 300),
(7259, 1732, 0, 1, -10936.043945, -130.828979, 30.806438, -2.555405, 0, 0, 0, 0, 300, 300),
(7260, 1732, 0, 1, -11160.793945, -130.828979, 10.384616, 1.734720, 0, 0, 0, 0, 300, 300),
(7261, 1732, 0, 1, -10288.763672, -136.223022, 40.533669, -0.024557, 0, 0, 0, 0, 300, 300),
(7262, 1732, 0, 1, -11094.267578, -136.223022, 37.379776, 2.301237, 0, 0, 0, 0, 300, 300),
(7263, 1732, 0, 1, -10599.818359, -147.010986, 45.596260, -2.454303, 0, 0, 0, 0, 300, 300),
(7264, 1732, 0, 1, -11175.177734, -155.101990, 6.698699, 1.394485, 0, 0, 0, 0, 300, 300),
(7265, 1732, 0, 1, -11099.662109, -157.799011, 41.871567, -1.572156, 0, 0, 0, 0, 300, 300),
(7266, 1732, 0, 1, -11133.824219, -163.192993, 10.786404, -1.924927, 0, 0, 0, 0, 300, 300),
(7267, 1732, 0, 1, -11241.704102, -173.981018, 4.765429, 1.393603, 0, 0, 0, 0, 300, 300),
(7268, 1732, 0, 1, -11229.118164, -192.859985, 5.974313, -2.722121, 0, 0, 0, 0, 300, 300),
(7269, 1732, 0, 1, -11092.469727, -257.588013, 32.600586, 1.719155, 0, 0, 0, 0, 300, 300),
(7270, 1732, 0, 1, -11090.671875, -260.285034, 30.141224, -1.432069, 0, 0, 0, 0, 300, 300),
(7271, 1732, 0, 1, -11092.469727, -260.285034, 32.392773, -1.040429, 0, 0, 0, 0, 300, 300),
(7272, 1732, 0, 1, -10157.509766, -287.255005, 45.982624, 2.418303, 0, 0, 0, 0, 300, 300),
(7273, 1732, 0, 1, -10801.194336, -419.407959, 60.905949, 2.348071, 0, 0, 0, 0, 300, 300),
(7274, 1732, 0, 1, -10801.194336, -422.104980, 59.859726, 1.020946, 0, 0, 0, 0, 300, 300),
(7275, 1732, 0, 1, -11144.612305, -513.802979, 39.589439, 1.990671, 0, 0, 0, 0, 300, 300),
(7276, 1732, 0, 1, -11146.410156, -513.802979, 40.395157, -1.630870, 0, 0, 0, 0, 300, 300),
(7277, 1732, 0, 1, -10851.538086, -532.682007, 39.828224, 2.756401, 0, 0, 0, 0, 300, 300),
(7278, 1732, 0, 1, -10995.377930, -540.772949, 33.375095, -1.920170, 0, 0, 0, 0, 300, 300),
(7279, 1732, 0, 1, -10117.954102, -546.166992, 69.628777, 1.212682, 0, 0, 0, 0, 300, 300),
(7280, 1732, 0, 1, -10121.549805, -551.561035, 71.152054, 0.242296, 0, 0, 0, 0, 300, 300),
(7281, 1732, 0, 1, -10716.687500, -586.622070, 64.306763, -2.844673, 0, 0, 0, 0, 300, 300),
(7282, 1732, 0, 1, -11099.662109, -697.198975, 55.200813, 2.568278, 0, 0, 0, 0, 300, 300),
(7283, 1732, 0, 1, -10822.769531, -726.865967, 47.505489, -2.181162, 0, 0, 0, 0, 300, 300),
(7284, 1732, 0, 1, -10820.971680, -729.562988, 46.947308, -0.786581, 0, 0, 0, 0, 300, 300),
(7285, 1732, 0, 1, -11180.572266, -756.532959, 63.550995, -0.824942, 0, 0, 0, 0, 300, 300),
(7286, 1732, 0, 1, -11182.370117, -756.532959, 63.338093, 1.081792, 0, 0, 0, 0, 300, 300),
(7287, 1732, 0, 1, -10727.475586, -786.200073, 48.608315, -3.083481, 0, 0, 0, 0, 300, 300),
(7288, 1732, 0, 1, -11196.753906, -829.352051, 77.412399, 1.845116, 0, 0, 0, 0, 300, 300),
(7289, 1732, 0, 1, -11137.419922, -845.533936, 76.195473, -1.345723, 0, 0, 0, 0, 300, 300),
(7290, 1732, 0, 1, -11151.803711, -848.231079, 77.314125, -0.331242, 0, 0, 0, 0, 300, 300),
(7291, 1732, 0, 1, -11191.360352, -877.897949, 81.109520, 1.494263, 0, 0, 0, 0, 300, 300),
(7292, 1732, 0, 1, -11232.713867, -877.897949, 100.119934, 2.491239, 0, 0, 0, 0, 300, 300),
(7293, 1732, 0, 1, -11236.310547, -877.897949, 117.053398, -2.545111, 0, 0, 0, 0, 300, 300),
(7294, 1732, 0, 1, -10639.374023, -983.080933, 70.059128, 0.060317, 0, 0, 0, 0, 300, 300),
(7295, 1732, 0, 1, -10644.767578, -985.778076, 67.090454, 2.737279, 0, 0, 0, 0, 300, 300),
(7296, 1732, 0, 1, -10644.767578, -988.474976, 68.415001, 2.532807, 0, 0, 0, 0, 300, 300),
(7297, 1732, 0, 1, -10482.948242, -1001.959961, 49.607716, -1.927455, 0, 0, 0, 0, 300, 300),
(7298, 1732, 0, 1, -10574.646484, -1004.656982, 53.232121, 1.588505, 0, 0, 0, 0, 300, 300),
(7299, 1732, 0, 1, -10448.786133, -1018.141968, 52.334126, 0.483540, 0, 0, 0, 0, 300, 300),
(7300, 1732, 0, 1, -11105.055664, -1085.567017, 63.189022, -2.477924, 0, 0, 0, 0, 300, 300),
(7301, 1732, 0, 1, -11087.099609, -1158.390015, 54.707901, -1.938042, 0, 0, 0, 0, 300, 300),
(7302, 1732, 0, 1, -11103.257812, -1166.477051, 42.124069, 0.404290, 0, 0, 0, 0, 300, 300),
(7303, 1732, 0, 1, -11027.742188, -1268.962891, 55.657425, 2.231618, 0, 0, 0, 0, 300, 300),
(7304, 1732, 0, 1, -11087.076172, -1325.600098, 58.393330, -0.997787, 0, 0, 0, 0, 300, 300),
(7305, 1732, 0, 1, -10846.144531, -1371.448975, 62.781822, 1.358050, 0, 0, 0, 0, 300, 300),
(7306, 1732, 0, 1, -10988.185547, -1395.721924, 70.496536, -0.355030, 0, 0, 0, 0, 300, 300),
(7309, 1732, 0, 1, -10668.141602, -1398.418945, 58.360744, -2.639626, 0, 0, 0, 0, 300, 300),
(7310, 1732, 0, 1, -10763.435547, -1436.177002, 68.105255, -2.310367, 0, 0, 0, 0, 300, 300),
(7311, 1732, 0, 1, -10632.181641, -1457.752930, 91.508148, 2.488577, 0, 0, 0, 0, 300, 300),
(7316, 1732, 0, 1, -10687.919922, -1473.935059, 94.544632, -1.191699, 0, 0, 0, 0, 300, 300),
(7317, 1732, 0, 1, -10600.487305, -1486.400635, 94.176460, 2.811179, 0, 0, 0, 0, 300, 300),
(7318, 1732, 0, 1, -10567.454102, -1503.602051, 92.932014, 2.302617, 0, 0, 0, 0, 300, 300),
(7319, 1732, 0, 1, -10571.049805, -1503.602051, 92.334763, 3.075914, 0, 0, 0, 0, 300, 300),
(7320, 1733, 0, 1, -10393.047852, 111.901001, 33.207928, 2.557395, 0, 0, 0, 0, 300, 300), -- silver vein
(7321, 1733, 0, 1, -10997.175781, 9.414978, 29.094345, -0.160331, 0, 0, 0, 0, 300, 300),
(7322, 1733, 0, 1, -11002.570312, 9.414978, 31.903591, 0.194223, 0, 0, 0, 0, 300, 300),
(7323, 1733, 0, 1, -11092.469727, -31.039978, 28.214201, -0.347596, 0, 0, 0, 0, 300, 300),
(7324, 1733, 0, 1, -11114.045898, -103.859009, 12.610299, 2.311195, 0, 0, 0, 0, 300, 300),
(7325, 1733, 0, 1, -11182.370117, -106.555969, 6.957397, -1.003661, 0, 0, 0, 0, 300, 300),
(7326, 1733, 0, 1, -10464.967773, -117.343994, 59.981121, 2.447996, 0, 0, 0, 0, 300, 300),
(7327, 1733, 0, 1, -10288.763672, -136.223022, 40.533669, -3.054917, 0, 0, 0, 0, 300, 300),
(7328, 1733, 0, 1, -11094.267578, -136.223022, 37.379776, -0.437369, 0, 0, 0, 0, 300, 300),
(7329, 1733, 0, 1, -10598.019531, -147.010986, 46.803719, -0.512548, 0, 0, 0, 0, 300, 300),
(7487, 1733, 0, 1, -11133.824219, -165.890015, 11.112865, -0.930151, 0, 0, 0, 0, 300, 300),
(7569, 1733, 0, 1, -10157.509766, -287.255005, 45.982624, -0.592746, 0, 0, 0, 0, 300, 300),
(7634, 1733, 0, 1, -10801.194336, -422.104980, 59.859726, -1.644802, 0, 0, 0, 0, 300, 300),
(8218, 1733, 0, 1, -11144.612305, -513.802979, 39.589439, 0.448223, 0, 0, 0, 0, 300, 300),
(8219, 1733, 0, 1, -10117.954102, -548.864014, 69.964035, 1.337913, 0, 0, 0, 0, 300, 300),
(8220, 1733, 0, 1, -10716.687500, -586.622070, 64.306763, 2.314942, 0, 0, 0, 0, 300, 300),
(8224, 1733, 0, 1, -10820.971680, -729.562988, 46.947308, 2.204418, 0, 0, 0, 0, 300, 300),
(8227, 1733, 0, 1, -10729.274414, -786.200073, 48.277489, 2.721786, 0, 0, 0, 0, 300, 300),
(8233, 1733, 0, 1, -11135.622070, -845.533936, 74.648857, 1.099418, 0, 0, 0, 0, 300, 300),
(8234, 1733, 0, 1, -11236.310547, -875.201050, 115.025146, -2.276305, 0, 0, 0, 0, 300, 300),
(8244, 1733, 0, 1, -10644.767578, -985.778076, 67.090454, -0.445062, 0, 0, 0, 0, 300, 300),
(8250, 1733, 0, 1, -11006.166016, -988.474976, 66.540771, -1.208667, 0, 0, 0, 0, 300, 300),
(8251, 1733, 0, 1, -10484.746094, -996.565918, 46.197742, -2.649709, 0, 0, 0, 0, 300, 300),
(8254, 1733, 0, 1, -10574.646484, -1004.656982, 53.232121, -0.069283, 0, 0, 0, 0, 300, 300),
(8255, 1733, 0, 1, -10448.786133, -1018.141968, 52.334126, -0.314087, 0, 0, 0, 0, 300, 300),
(8256, 1733, 0, 1, -11103.257812, -1085.567017, 63.215614, 2.265046, 0, 0, 0, 0, 300, 300),
(8264, 1733, 0, 1, -11128.429688, -1155.688965, 44.878967, 0.014867, 0, 0, 0, 0, 300, 300),
(8265, 1733, 0, 1, -11027.742188, -1268.962891, 55.657425, -0.351550, 0, 0, 0, 0, 300, 300),
(8271, 1733, 0, 1, -11087.076172, -1325.600098, 58.393330, 2.465372, 0, 0, 0, 0, 300, 300),
(8274, 1733, 0, 1, -10846.144531, -1371.448975, 62.781822, 1.847570, 0, 0, 0, 0, 300, 300),
(8279, 1733, 0, 1, -10668.141602, -1398.418945, 58.360744, 2.697157, 0, 0, 0, 0, 300, 300),
(8295, 1733, 0, 1, -10763.435547, -1436.177002, 68.105255, -2.148217, 0, 0, 0, 0, 300, 300),
(8296, 1733, 0, 1, -10689.717773, -1476.632080, 94.204643, -1.177598, 0, 0, 0, 0, 300, 300),
(8297, 1733, 0, 1, -10600.487305, -1486.400635, 94.176460, -1.223486, 0, 0, 0, 0, 300, 300),
(8298, 1734, 0, 1, -10330.118164, 133.476990, 3.247147, -2.444716, 0, 0, 0, 0, 300, 300), -- gold vein
(8303, 1734, 0, 1, -10393.047852, 111.901001, 33.207928, 2.436252, 0, 0, 0, 0, 300, 300),
(8317, 1734, 0, 1, -11040.328125, -52.616028, 14.699333, -0.402506, 0, 0, 0, 0, 300, 300),
(8328, 1734, 0, 1, -10283.370117, -710.684082, 54.585182, 0.939165, 0, 0, 0, 0, 300, 300),
(8333, 1734, 0, 1, -10660.950195, -891.383057, 56.806530, 1.662135, 0, 0, 0, 0, 300, 300),
(8334, 1734, 0, 1, -10678.929688, -910.262085, 67.328636, -1.427095, 0, 0, 0, 0, 300, 300),
(8335, 1734, 0, 1, -11007.963867, -991.171997, 66.723198, -2.075633, 0, 0, 0, 0, 300, 300),
(8346, 1734, 0, 1, -11078.085938, -1109.840088, 43.430332, 1.163287, 0, 0, 0, 0, 300, 300),
(8347, 1734, 0, 1, -11099.662109, -1152.991943, 41.994347, -0.915190, 0, 0, 0, 0, 300, 300),
(8361, 1734, 0, 1, -11157.198242, -1166.477051, 42.560455, 0.440063, 0, 0, 0, 0, 300, 300),
(8362, 1735, 0, 1, -10330.118164, 133.476990, 3.247147, -2.553402, 0, 0, 0, 0, 300, 300), -- iron deposit
(8363, 1735, 0, 1, -10393.047852, 111.901001, 33.207928, -2.740283, 0, 0, 0, 0, 300, 300),
(8371, 1735, 0, 1, -11040.328125, -52.616028, 14.699333, -1.684860, 0, 0, 0, 0, 300, 300),
(8374, 1735, 0, 1, -11178.774414, -136.223022, 6.420626, 1.564170, 0, 0, 0, 0, 300, 300),
(8375, 1735, 0, 1, -11106.853516, -138.920044, 44.846905, -2.035868, 0, 0, 0, 0, 300, 300),
(8376, 1735, 0, 1, -11153.601562, -149.708008, 9.764769, 2.830112, 0, 0, 0, 0, 300, 300),
(8377, 1735, 0, 1, -11220.127930, -149.708008, 7.484003, -1.687346, 0, 0, 0, 0, 300, 300),
(8378, 1735, 0, 1, -11153.601562, -152.405029, 10.164970, -2.302538, 0, 0, 0, 0, 300, 300),
(8379, 1735, 0, 1, -11209.339844, -171.283997, 4.051380, -1.062799, 0, 0, 0, 0, 300, 300),
(8380, 1735, 0, 1, -11158.996094, -200.950928, 13.299078, -2.424355, 0, 0, 0, 0, 300, 300),
(8381, 1735, 0, 1, -10281.572266, -710.684082, 53.850861, -0.339183, 0, 0, 0, 0, 300, 300),
(8382, 1735, 0, 1, -10285.167969, -710.684082, 55.564354, 1.575588, 0, 0, 0, 0, 300, 300),
(8389, 1735, 0, 1, -10560.261719, -724.169067, 76.283455, -0.907301, 0, 0, 0, 0, 300, 300),
(8390, 1735, 0, 1, -10396.643555, -751.139038, 71.098160, 1.124522, 0, 0, 0, 0, 300, 300),
(8391, 1735, 0, 1, -10482.948242, -767.321045, 64.581635, 2.475411, 0, 0, 0, 0, 300, 300),
(8403, 1735, 0, 1, -10486.543945, -772.715088, 60.144203, -1.373770, 0, 0, 0, 0, 300, 300),
(8404, 1735, 0, 1, -10434.402344, -778.109009, 61.228237, 3.027082, 0, 0, 0, 0, 300, 300),
(8411, 1735, 0, 1, -11209.339844, -845.533936, 80.146454, -2.352042, 0, 0, 0, 0, 300, 300),
(8416, 1735, 0, 1, -11137.419922, -867.109985, 72.948036, -2.966634, 0, 0, 0, 0, 300, 300),
(8417, 1735, 0, 1, -11221.925781, -885.989014, 107.827934, -0.709343, 0, 0, 0, 0, 300, 300),
(8418, 1735, 0, 1, -10660.950195, -891.383057, 56.806530, -0.412866, 0, 0, 0, 0, 300, 300),
(8419, 1735, 0, 1, -10659.152344, -894.079956, 55.077122, -0.755120, 0, 0, 0, 0, 300, 300),
(8428, 1735, 0, 1, -10678.929688, -910.262085, 67.328636, -2.743508, 0, 0, 0, 0, 300, 300),
(8433, 1735, 0, 1, -11112.248047, -937.232056, 63.845490, -2.506896, 0, 0, 0, 0, 300, 300),
(8434, 1735, 0, 1, -11007.963867, -985.778076, 66.145081, -2.286227, 0, 0, 0, 0, 300, 300),
(8435, 1735, 0, 1, -11007.963867, -991.171997, 66.723198, -1.496180, 0, 0, 0, 0, 300, 300),
(8436, 1735, 0, 1, -11078.085938, -1109.840088, 43.430332, -0.377306, 0, 0, 0, 0, 300, 300),
(8437, 1735, 0, 1, -11097.864258, -1150.295044, 54.835537, -1.647117, 0, 0, 0, 0, 300, 300),
(8438, 1735, 0, 1, -11123.036133, -1166.477051, 44.751457, 3.107194, 0, 0, 0, 0, 300, 300),
(8439, 1735, 0, 1, -11157.198242, -1166.477051, 42.560455, 0.984524, 0, 0, 0, 0, 300, 300),
(8443, 1735, 0, 1, -11133.824219, -1171.870972, 43.588615, 2.979858, 0, 0, 0, 0, 300, 300),
(8444, 1735, 0, 1, -10414.624023, -1255.478027, 52.602474, 2.358162, 0, 0, 0, 0, 300, 300),
(8445, 1735, 0, 1, -10240.217773, -1290.539062, 45.895645, -2.765367, 0, 0, 0, 0, 300, 300),
(8455, 1735, 0, 1, -10445.190430, -1309.417969, 62.913002, -0.113014, 0, 0, 0, 0, 300, 300),
(8456, 1735, 0, 1, -10448.786133, -1312.114990, 65.395332, -2.896776, 0, 0, 0, 0, 300, 300),
(8457, 1735, 0, 1, -10234.824219, -1357.963867, 82.398178, 0.809069, 0, 0, 0, 0, 300, 300),
(8458, 1735, 0, 1, -10360.683594, -1403.812988, 81.195053, -1.922874, 0, 0, 0, 0, 300, 300),
(8459, 1735, 0, 1, -10303.148438, -1463.146973, 89.063126, -0.555543, 0, 0, 0, 0, 300, 300),
(8460, 1735, 0, 1, -10299.551758, -1465.843994, 88.375740, 2.479050, 0, 0, 0, 0, 300, 300),
(8461, 1735, 0, 1, -10563.858398, -1484.723145, 128.348343, -0.041515, 0, 0, 0, 0, 300, 300),
(8477, 1735, 0, 1, -10601.616211, -1519.783936, 90.926682, -2.274670, 0, 0, 0, 0, 300, 300),
(8478, 1735, 0, 1, -10648.364258, -1544.056885, 101.389717, -0.737136, 0, 0, 0, 0, 300, 300),
-- Eastern Plaguelands:
(8479, 1734, 0, 1, 1789.075073, -2723.370117, 86.867210, 0.907532, 0, 0, 0, 0, 300, 300), -- gold vein
(8498, 1734, 0, 1, 2224.250000, -2754.290039, 86.809799, 2.146859, 0, 0, 0, 0, 300, 300),
(8499, 1734, 0, 1, 2067.175049, -2990.054932, 89.513603, 2.307740, 0, 0, 0, 0, 300, 300),
(8505, 1734, 0, 1, 1632.000000, -2993.919922, 85.307922, 1.460777, 0, 0, 0, 0, 300, 300),
(8508, 1734, 0, 1, 2208.800049, -3044.165039, 99.322632, 1.123967, 0, 0, 0, 0, 300, 300),
(8509, 1734, 0, 1, 1899.800049, -3140.790039, 107.998909, -3.106760, 0, 0, 0, 0, 300, 300),
(8514, 1734, 0, 1, 1848.300049, -3361.094971, 121.689896, 1.041516, 0, 0, 0, 0, 300, 300),
(8517, 1734, 0, 1, 1655.175049, -3573.669922, 128.374710, 2.015142, 0, 0, 0, 0, 300, 300),
(8520, 1734, 0, 1, 1897.224976, -3647.104980, 129.235031, 1.457911, 0, 0, 0, 0, 300, 300),
(8530, 1734, 0, 1, 1853.449951, -3790.109863, 144.203171, 1.186626, 0, 0, 0, 0, 300, 300),
(8539, 1734, 0, 1, 1853.449951, -3793.975098, 143.047485, 2.699179, 0, 0, 0, 0, 300, 300),
(8540, 1734, 0, 1, 1529.000000, -3886.734863, 158.353348, 2.785759, 0, 0, 0, 0, 300, 300),
(8541, 2047, 0, 1, 1789.075073, -2723.370117, 86.867210, -2.901499, 0, 0, 0, 0, 300, 300), -- truesilver deposit
(8555, 2047, 0, 1, 2224.250000, -2754.290039, 86.809799, 0.096271, 0, 0, 0, 0, 300, 300),
(8556, 2047, 0, 1, 2069.750000, -2990.054932, 89.836456, -2.509907, 0, 0, 0, 0, 300, 300),
(8568, 2047, 0, 1, 1629.425049, -2993.919922, 85.198616, -0.450988, 0, 0, 0, 0, 300, 300),
(8577, 2047, 0, 1, 2208.800049, -3048.030029, 98.902016, 0.034257, 0, 0, 0, 0, 300, 300),
(9098, 2047, 0, 1, 2798.475098, -3067.354980, 111.889641, -2.872762, 0, 0, 0, 0, 300, 300),
(9176, 2047, 0, 1, 1899.800049, -3140.790039, 107.998909, -1.908654, 0, 0, 0, 0, 300, 300),
(9222, 2047, 0, 1, 2183.050049, -3156.250000, 104.755409, 1.136065, 0, 0, 0, 0, 300, 300),
(9223, 2047, 0, 1, 2141.850098, -3364.959961, 134.835281, 1.811887, 0, 0, 0, 0, 300, 300),
(9224, 2047, 0, 1, 1850.875000, -3364.959961, 120.503716, 0.009531, 0, 0, 0, 0, 300, 300),
(9225, 2047, 0, 1, 2960.699951, -3469.314941, 159.619339, 1.329287, 0, 0, 0, 0, 300, 300),
(9226, 2047, 0, 1, 1655.175049, -3573.669922, 128.374710, 0.034038, 0, 0, 0, 0, 300, 300),
(9227, 2047, 0, 1, 3205.324951, -3589.129883, 148.700623, 0.426782, 0, 0, 0, 0, 300, 300),
(9228, 2047, 0, 1, 2353.000000, -3592.995117, 180.723007, -1.234849, 0, 0, 0, 0, 300, 300),
(9229, 2047, 0, 1, 2486.899902, -3616.185059, 187.845718, -2.952669, 0, 0, 0, 0, 300, 300),
(9230, 2047, 0, 1, 1894.650024, -3643.239990, 130.951294, 0.907433, 0, 0, 0, 0, 300, 300),
(9231, 2047, 0, 1, 2103.225098, -3647.104980, 154.752060, 1.117995, 0, 0, 0, 0, 300, 300),
(9232, 2047, 0, 1, 2582.175049, -3743.729980, 184.588730, 3.001463, 0, 0, 0, 0, 300, 300),
(9233, 2047, 0, 1, 1853.449951, -3790.109863, 144.203171, 2.367388, 0, 0, 0, 0, 300, 300),
(9234, 2047, 0, 1, 1853.449951, -3793.975098, 143.047485, 2.956600, 0, 0, 0, 0, 300, 300),
(9235, 2047, 0, 1, 2368.449951, -3801.705078, 188.727142, 2.913703, 0, 0, 0, 0, 300, 300),
(9236, 2047, 0, 1, 2481.750000, -3863.544922, 182.621216, -0.737473, 0, 0, 0, 0, 300, 300),
(9237, 2047, 0, 1, 3228.500000, -3879.004883, 148.537491, 1.955223, 0, 0, 0, 0, 300, 300),
(9238, 2047, 0, 1, 1529.000000, -3886.734863, 158.353348, 2.800080, 0, 0, 0, 0, 300, 300),
(9239, 2047, 0, 1, 2669.725098, -3925.385010, 125.331917, -1.562567, 0, 0, 0, 0, 300, 300),
(9240, 2047, 0, 1, 1621.699951, -3991.089844, 144.207474, 1.658311, 0, 0, 0, 0, 300, 300),
(9243, 2047, 0, 1, 1951.299927, -3994.955078, 134.274399, 1.566374, 0, 0, 0, 0, 300, 300),
(9244, 2047, 0, 1, 1709.250000, -4172.745117, 118.760803, -1.152613, 0, 0, 0, 0, 300, 300),
(9245, 2047, 0, 1, 2273.174805, -4188.205078, 117.444443, 1.393145, 0, 0, 0, 0, 300, 300),
(9246, 2047, 0, 1, 2669.725098, -4211.395020, 101.309486, 0.880870, 0, 0, 0, 0, 300, 300),
(9247, 2047, 0, 1, 2100.649902, -4269.370117, 21.876389, -0.539759, 0, 0, 0, 0, 300, 300),
(9248, 2047, 0, 1, 3092.024902, -4311.884766, 108.628021, -1.026875, 0, 0, 0, 0, 300, 300),
(9249, 2047, 0, 1, 2144.425049, -4311.884766, 22.396885, -2.892098, 0, 0, 0, 0, 300, 300),
(9250, 2047, 0, 1, 1959.025024, -4319.615234, 23.981415, -1.267227, 0, 0, 0, 0, 300, 300),
(9251, 2047, 0, 1, 1799.375122, -4342.804688, 100.997803, -3.048169, 0, 0, 0, 0, 300, 300),
(9252, 2047, 0, 1, 2015.675049, -4389.185059, 32.286266, -2.094319, 0, 0, 0, 0, 300, 300),
(9253, 2047, 0, 1, 2126.399902, -4400.780273, 28.352652, -1.994768, 0, 0, 0, 0, 300, 300),
(9254, 2047, 0, 1, 2069.750000, -4420.104980, 26.183332, -0.620513, 0, 0, 0, 0, 300, 300),
(9255, 2047, 0, 1, 2525.524902, -4423.969727, 91.841873, 2.578467, 0, 0, 0, 0, 300, 300),
(9256, 2047, 0, 1, 2226.824951, -4447.160156, 122.962502, -2.125523, 0, 0, 0, 0, 300, 300),
(9257, 2047, 0, 1, 1680.925049, -4470.349609, 86.886467, 3.108240, 0, 0, 0, 0, 300, 300),
(9258, 2047, 0, 1, 3140.949951, -4574.705078, 123.241791, 0.145043, 0, 0, 0, 0, 300, 300),
(9259, 2047, 0, 1, 3138.375000, -4578.569824, 123.733414, -0.886666, 0, 0, 0, 0, 300, 300),
(9260, 2047, 0, 1, 3025.074951, -4578.569824, 117.477127, -2.780203, 0, 0, 0, 0, 300, 300),
(9261, 2047, 0, 1, 2971.000000, -4686.790039, 107.713364, -1.765836, 0, 0, 0, 0, 300, 300),
(9262, 2047, 0, 1, 3213.050049, -4717.709961, 151.096344, -0.892829, 0, 0, 0, 0, 300, 300),
(9263, 2047, 0, 1, 1613.975098, -4748.629883, 97.929428, 0.421946, 0, 0, 0, 0, 300, 300),
(9264, 2047, 0, 1, 2801.050049, -4764.089844, 89.847420, 1.578357, 0, 0, 0, 0, 300, 300),
(9265, 2047, 0, 1, 2224.250000, -4791.145020, 115.952759, -1.268452, 0, 0, 0, 0, 300, 300),
(9266, 2047, 0, 1, 3117.774902, -4833.660156, 108.640205, -0.790179, 0, 0, 0, 0, 300, 300),
(9267, 2047, 0, 1, 3112.625000, -4833.660156, 104.575157, -1.604362, 0, 0, 0, 0, 300, 300),
(9268, 2047, 0, 1, 3115.199951, -4837.524902, 106.027252, -0.292416, 0, 0, 0, 0, 300, 300),
(9269, 2047, 0, 1, 2744.399902, -4849.120117, 91.130760, 2.861012, 0, 0, 0, 0, 300, 300),
(9270, 2047, 0, 1, 1959.025024, -4856.850098, 104.733986, -2.004668, 0, 0, 0, 0, 300, 300),
(9271, 2047, 0, 1, 1953.875122, -4856.850098, 104.449860, 0.532187, 0, 0, 0, 0, 300, 300),
(9272, 2047, 0, 1, 3475.699951, -4891.634766, 178.231003, 2.153120, 0, 0, 0, 0, 300, 300),
(9273, 2047, 0, 1, 3473.125000, -4891.634766, 177.161911, -0.388402, 0, 0, 0, 0, 300, 300),
(9274, 2047, 0, 1, 3280.000000, -4903.229980, 185.099167, 0.136121, 0, 0, 0, 0, 300, 300),
(9275, 2047, 0, 1, 2625.949951, -4945.745117, 94.593391, 2.536525, 0, 0, 0, 0, 300, 300),
(9276, 2047, 0, 1, 2162.449951, -4988.259766, 56.035194, 1.268085, 0, 0, 0, 0, 300, 300),
(9277, 2047, 0, 1, 3328.925049, -5026.910156, 186.042297, -0.471877, 0, 0, 0, 0, 300, 300),
(9278, 2047, 0, 1, 3055.975098, -5026.910156, 99.899246, -1.600086, 0, 0, 0, 0, 300, 300),
(9279, 2047, 0, 1, 2234.549805, -5038.504883, 55.830090, 2.915703, 0, 0, 0, 0, 300, 300),
(9280, 2047, 0, 1, 2067.175049, -5050.100098, 54.225117, 3.103499, 0, 0, 0, 0, 300, 300),
(9281, 2047, 0, 1, 2507.500000, -5081.020020, 92.964081, -0.997797, 0, 0, 0, 0, 300, 300),
(9282, 2047, 0, 1, 1732.425049, -5108.075195, 83.994232, 2.769701, 0, 0, 0, 0, 300, 300),
(9283, 2047, 0, 1, 1997.650024, -5111.939941, 99.260117, -1.988788, 0, 0, 0, 0, 300, 300),
(9284, 2047, 0, 1, 2301.500000, -5138.995117, 55.351669, -1.438178, 0, 0, 0, 0, 300, 300),
(9285, 2047, 0, 1, 2891.175049, -5142.860352, 115.873085, -0.313836, 0, 0, 0, 0, 300, 300),
(9286, 2047, 0, 1, 2141.850098, -5154.455078, 57.461784, -2.543945, 0, 0, 0, 0, 300, 300),
(9287, 2047, 0, 1, 2211.375000, -5169.915039, 54.753967, 3.134624, 0, 0, 0, 0, 300, 300),
(9288, 2047, 0, 1, 2213.949951, -5173.780273, 54.888668, 1.166986, 0, 0, 0, 0, 300, 300),
(9289, 2047, 0, 1, 1778.775024, -5235.620117, 100.983932, -0.831705, 0, 0, 0, 0, 300, 300),
(9292, 2047, 0, 1, 2633.674805, -5316.785156, 167.703903, -0.276382, 0, 0, 0, 0, 300, 300),
(9293, 2047, 0, 1, 2731.524902, -5328.379883, 161.298538, -0.143067, 0, 0, 0, 0, 300, 300),
(9294, 2047, 0, 1, 1534.149902, -5413.410156, 89.464134, -2.414847, 0, 0, 0, 0, 300, 300),
(9295, 2047, 0, 1, 2862.850098, -5425.004883, 173.255051, 1.230763, 0, 0, 0, 0, 300, 300),
(9296, 2047, 0, 1, 2579.600098, -5452.059570, 167.041367, -0.319790, 0, 0, 0, 0, 300, 300),
(9297, 2047, 0, 1, 2579.600098, -5455.924805, 166.772736, 0.703258, 0, 0, 0, 0, 300, 300),
(9298, 2047, 0, 1, 1588.225098, -5455.924805, 102.973877, 0.654028, 0, 0, 0, 0, 300, 300),
(9299, 2047, 0, 1, 1881.775024, -5459.790039, 121.430733, 1.529652, 0, 0, 0, 0, 300, 300),
(9300, 2047, 0, 1, 1876.625000, -5459.790039, 117.903343, -0.551085, 0, 0, 0, 0, 300, 300),
(9301, 2047, 0, 1, 1740.150146, -5560.280273, 118.370308, -0.515061, 0, 0, 0, 0, 300, 300),
(9302, 2047, 0, 1, 2667.149902, -5587.334961, 167.348251, 2.660805, 0, 0, 0, 0, 300, 300),
(9303, 2040, 0, 1, 1789.075073, -2723.370117, 86.867210, -0.280069, 0, 0, 0, 0, 300, 300), -- mithril deposit
(9304, 2040, 0, 1, 2224.250000, -2754.290039, 86.809799, 1.824128, 0, 0, 0, 0, 300, 300),
(9305, 2040, 0, 1, 2069.750000, -2986.189941, 90.904030, 1.596590, 0, 0, 0, 0, 300, 300),
(9306, 2040, 0, 1, 1629.425049, -2993.919922, 85.198616, 0.463111, 0, 0, 0, 0, 300, 300),
(9307, 2040, 0, 1, 2213.949951, -3044.165039, 103.780952, -2.276726, 0, 0, 0, 0, 300, 300),
(9308, 2040, 0, 1, 2208.800049, -3048.030029, 98.902016, 1.041320, 0, 0, 0, 0, 300, 300),
(9309, 2040, 0, 1, 1904.949951, -3136.925049, 106.449554, 1.487905, 0, 0, 0, 0, 300, 300),
(9310, 2040, 0, 1, 1899.800049, -3136.925049, 108.545425, -1.869108, 0, 0, 0, 0, 300, 300),
(9311, 2040, 0, 1, 1850.875000, -3364.959961, 120.503716, -1.031438, 0, 0, 0, 0, 300, 300),
(9312, 2040, 0, 1, 1848.300049, -3368.825195, 121.563461, 0.455142, 0, 0, 0, 0, 300, 300),
(9313, 2040, 0, 1, 1655.175049, -3573.669922, 128.374710, 0.126760, 0, 0, 0, 0, 300, 300),
(9314, 2040, 0, 1, 1897.224976, -3647.104980, 129.235031, 2.017063, 0, 0, 0, 0, 300, 300),
(9315, 2040, 0, 1, 1853.449951, -3790.109863, 144.203171, -0.112356, 0, 0, 0, 0, 300, 300),
(9316, 2040, 0, 1, 1850.875000, -3790.109863, 144.413956, -1.735748, 0, 0, 0, 0, 300, 300),
(9317, 2040, 0, 1, 1853.449951, -3793.975098, 143.047485, 1.353638, 0, 0, 0, 0, 300, 300),
(9318, 2040, 0, 1, 1850.875000, -3793.975098, 143.045135, -1.822726, 0, 0, 0, 0, 300, 300),
(9319, 2040, 0, 1, 1529.000000, -3886.734863, 158.353348, -2.879612, 0, 0, 0, 0, 300, 300),
(9320, 324, 0, 1, 2798.475098, -3067.354980, 111.889641, -1.825554, 0, 0, 0, 0, 300, 300), -- small thorium vein
(9321, 324, 0, 1, 3174.425049, -3086.679932, 153.532990, -0.461920, 0, 0, 0, 0, 300, 300),
(9322, 324, 0, 1, 2183.050049, -3156.250000, 104.755409, 0.465095, 0, 0, 0, 0, 300, 300),
(9323, 324, 0, 1, 3025.074951, -3283.794922, 147.742905, -0.638395, 0, 0, 0, 0, 300, 300),
(9324, 324, 0, 1, 2144.425049, -3364.959961, 135.511520, -0.078855, 0, 0, 0, 0, 300, 300),
(9325, 324, 0, 1, 2144.425049, -3368.825195, 133.588684, 0.799169, 0, 0, 0, 0, 300, 300),
(9326, 324, 0, 1, 2685.175049, -3442.260010, 109.994400, 2.944161, 0, 0, 0, 0, 300, 300),
(9327, 324, 0, 1, 2685.175049, -3446.125000, 111.580002, -0.196320, 0, 0, 0, 0, 300, 300),
(9328, 324, 0, 1, 2958.125000, -3465.450195, 159.480652, 1.744002, 0, 0, 0, 0, 300, 300),
(9329, 324, 0, 1, 2963.274902, -3469.314941, 159.312210, 2.026113, 0, 0, 0, 0, 300, 300),
(9330, 324, 0, 1, 3205.324951, -3589.129883, 148.700623, 1.795460, 0, 0, 0, 0, 300, 300),
(9331, 324, 0, 1, 2103.225098, -3647.104980, 154.752060, -1.797972, 0, 0, 0, 0, 300, 300),
(9332, 324, 0, 1, 2783.024902, -3701.214844, 107.634445, 2.265045, 0, 0, 0, 0, 300, 300),
(9333, 324, 0, 1, 2777.875000, -3701.214844, 107.069138, -2.329598, 0, 0, 0, 0, 300, 300),
(9334, 324, 0, 1, 3228.500000, -3879.004883, 148.537491, -2.400977, 0, 0, 0, 0, 300, 300),
(9335, 324, 0, 1, 2669.725098, -3925.385010, 125.331917, -0.086632, 0, 0, 0, 0, 300, 300),
(9336, 324, 0, 1, 1953.875122, -3994.955078, 135.624100, 0.193933, 0, 0, 0, 0, 300, 300),
(9337, 324, 0, 1, 1621.699951, -3994.955078, 144.734787, 1.337330, 0, 0, 0, 0, 300, 300),
(9338, 324, 0, 1, 1619.125000, -3994.955078, 143.413376, 2.091932, 0, 0, 0, 0, 300, 300),
(9339, 324, 0, 1, 1709.250000, -4172.745117, 118.760803, 1.266509, 0, 0, 0, 0, 300, 300),
(9340, 324, 0, 1, 2273.174805, -4188.205078, 117.444443, 3.041337, 0, 0, 0, 0, 300, 300),
(9341, 324, 0, 1, 2667.149902, -4211.395020, 101.500366, 1.727988, 0, 0, 0, 0, 300, 300),
(9342, 324, 0, 1, 1801.950073, -4342.804688, 99.438660, -0.915969, 0, 0, 0, 0, 300, 300),
(9343, 324, 0, 1, 1799.375122, -4342.804688, 100.997803, 2.419304, 0, 0, 0, 0, 300, 300),
(9344, 324, 0, 1, 2522.950195, -4420.104980, 92.136963, -2.284430, 0, 0, 0, 0, 300, 300),
(9345, 324, 0, 1, 2520.375000, -4420.104980, 92.228012, 0.777828, 0, 0, 0, 0, 300, 300),
(9346, 324, 0, 1, 2226.824951, -4447.160156, 122.962502, -2.649552, 0, 0, 0, 0, 300, 300),
(9347, 324, 0, 1, 2224.250000, -4451.024902, 122.139473, -2.666905, 0, 0, 0, 0, 300, 300),
(9348, 324, 0, 1, 1680.925049, -4470.349609, 86.886467, -1.984331, 0, 0, 0, 0, 300, 300),
(9349, 324, 0, 1, 1613.975098, -4748.629883, 97.929428, -0.961102, 0, 0, 0, 0, 300, 300),
(9350, 324, 0, 1, 2224.250000, -4791.145020, 115.952759, 0.892470, 0, 0, 0, 0, 300, 300),
(9351, 324, 0, 1, 1956.450073, -4852.985352, 103.415581, 2.002598, 0, 0, 0, 0, 300, 300),
(9352, 324, 0, 1, 1953.875122, -4856.850098, 104.449860, 2.758056, 0, 0, 0, 0, 300, 300),
(9355, 324, 0, 1, 1732.425049, -5108.075195, 83.994232, -0.338853, 0, 0, 0, 0, 300, 300),
(9356, 324, 0, 1, 1997.650024, -5111.939941, 99.260117, 0.254242, 0, 0, 0, 0, 300, 300),
(9357, 175404, 0, 1, 2353.000000, -3592.995117, 180.723007, 2.777159, 0, 0, 0, 0, 300, 300), -- rich thorium vein
(9358, 175404, 0, 1, 2486.899902, -3616.185059, 187.845718, 2.918094, 0, 0, 0, 0, 300, 300),
(9359, 175404, 0, 1, 2582.175049, -3743.729980, 184.588730, 2.388613, 0, 0, 0, 0, 300, 300),
(9360, 175404, 0, 1, 2368.449951, -3797.840088, 187.982361, -2.746806, 0, 0, 0, 0, 300, 300),
(9361, 175404, 0, 1, 2481.750000, -3863.544922, 182.621216, -0.332678, 0, 0, 0, 0, 300, 300),
(9362, 175404, 0, 1, 2100.649902, -4269.370117, 21.876389, -0.878906, 0, 0, 0, 0, 300, 300),
(9363, 175404, 0, 1, 3092.024902, -4311.884766, 108.628021, 0.737142, 0, 0, 0, 0, 300, 300),
(9364, 175404, 0, 1, 3086.875000, -4311.884766, 106.652946, 0.622753, 0, 0, 0, 0, 300, 300),
(9365, 175404, 0, 1, 2144.425049, -4311.884766, 22.396885, -2.319623, 0, 0, 0, 0, 300, 300),
(9366, 175404, 0, 1, 1959.025024, -4323.479980, 28.796898, 1.519954, 0, 0, 0, 0, 300, 300),
(9367, 175404, 0, 1, 2015.675049, -4389.185059, 32.286266, -1.291378, 0, 0, 0, 0, 300, 300),
(9368, 175404, 0, 1, 2126.399902, -4400.780273, 28.352652, 1.682689, 0, 0, 0, 0, 300, 300),
(9369, 175404, 0, 1, 2067.175049, -4416.240234, 23.081484, -0.029312, 0, 0, 0, 0, 300, 300),
(9370, 175404, 0, 1, 3140.949951, -4574.705078, 123.241791, -0.278648, 0, 0, 0, 0, 300, 300),
(9371, 175404, 0, 1, 3138.375000, -4578.569824, 123.733414, -0.549087, 0, 0, 0, 0, 300, 300),
(9372, 175404, 0, 1, 3027.649902, -4578.569824, 118.739059, -0.956992, 0, 0, 0, 0, 300, 300),
(9373, 175404, 0, 1, 2971.000000, -4686.790039, 107.713364, 2.705207, 0, 0, 0, 0, 300, 300),
(9374, 175404, 0, 1, 3213.050049, -4717.709961, 151.096344, -0.951532, 0, 0, 0, 0, 300, 300),
(9375, 175404, 0, 1, 3213.050049, -4721.575195, 148.738770, 2.146034, 0, 0, 0, 0, 300, 300),
(9376, 175404, 0, 1, 2806.199951, -4764.089844, 89.039574, 1.938639, 0, 0, 0, 0, 300, 300),
(9377, 175404, 0, 1, 2801.050049, -4764.089844, 89.847420, 1.368363, 0, 0, 0, 0, 300, 300),
(9378, 175404, 0, 1, 3115.199951, -4833.660156, 106.857399, 0.499556, 0, 0, 0, 0, 300, 300),
(9379, 175404, 0, 1, 3112.625000, -4833.660156, 104.575157, 0.033860, 0, 0, 0, 0, 300, 300),
(9380, 175404, 0, 1, 3115.199951, -4837.524902, 106.027252, -0.790037, 0, 0, 0, 0, 300, 300),
(9381, 175404, 0, 1, 3112.625000, -4837.524902, 103.833832, -0.342704, 0, 0, 0, 0, 300, 300),
(9382, 175404, 0, 1, 2744.399902, -4849.120117, 91.130760, -2.769400, 0, 0, 0, 0, 300, 300),
(9383, 175404, 0, 1, 3475.699951, -4891.634766, 178.231003, -1.975927, 0, 0, 0, 0, 300, 300),
(9384, 175404, 0, 1, 3473.125000, -4891.634766, 177.161911, -2.242342, 0, 0, 0, 0, 300, 300),
(9385, 175404, 0, 1, 3280.000000, -4903.229980, 185.099167, -1.638308, 0, 0, 0, 0, 300, 300),
(9386, 175404, 0, 1, 2625.949951, -4945.745117, 94.593391, 0.461295, 0, 0, 0, 0, 300, 300),
(9387, 175404, 0, 1, 2623.375000, -4949.609863, 93.818581, -0.362060, 0, 0, 0, 0, 300, 300),
(9388, 175404, 0, 1, 2162.449951, -4988.259766, 56.035194, 1.394244, 0, 0, 0, 0, 300, 300),
(9389, 175404, 0, 1, 2159.875000, -4988.259766, 56.207268, -1.645339, 0, 0, 0, 0, 300, 300),
(9390, 175404, 0, 1, 2162.449951, -4992.125000, 55.768890, -0.187165, 0, 0, 0, 0, 300, 300),
(9391, 175404, 0, 1, 3328.925049, -5026.910156, 186.042297, 1.768383, 0, 0, 0, 0, 300, 300),
(9392, 175404, 0, 1, 3055.975098, -5026.910156, 99.899246, 2.395134, 0, 0, 0, 0, 300, 300),
(9393, 175404, 0, 1, 3055.975098, -5030.775391, 99.905823, -0.748177, 0, 0, 0, 0, 300, 300),
(9394, 175404, 0, 1, 2234.549805, -5038.504883, 55.830090, 0.734980, 0, 0, 0, 0, 300, 300),
(9395, 175404, 0, 1, 2067.175049, -5050.100098, 54.225117, -2.972229, 0, 0, 0, 0, 300, 300),
(9396, 175404, 0, 1, 2507.500000, -5084.884766, 93.008064, -3.014220, 0, 0, 0, 0, 300, 300),
(9397, 175404, 0, 1, 2301.500000, -5138.995117, 55.351669, -3.050331, 0, 0, 0, 0, 300, 300),
(9398, 175404, 0, 1, 2891.175049, -5142.860352, 115.873085, 1.213860, 0, 0, 0, 0, 300, 300),
(9399, 175404, 0, 1, 2888.600098, -5146.724609, 114.182938, 2.088935, 0, 0, 0, 0, 300, 300),
(9400, 175404, 0, 1, 2139.274902, -5154.455078, 61.032978, -2.766207, 0, 0, 0, 0, 300, 300),
(9401, 175404, 0, 1, 2211.375000, -5169.915039, 54.753967, -3.100564, 0, 0, 0, 0, 300, 300),
(9402, 175404, 0, 1, 2213.949951, -5173.780273, 54.888668, -0.393122, 0, 0, 0, 0, 300, 300),
(9403, 175404, 0, 1, 1778.775024, -5235.620117, 100.983932, -1.284853, 0, 0, 0, 0, 300, 300),
(9404, 175404, 0, 1, 2633.674805, -5316.785156, 167.703903, 2.872061, 0, 0, 0, 0, 300, 300),
(9405, 175404, 0, 1, 2731.524902, -5328.379883, 161.298538, -2.343564, 0, 0, 0, 0, 300, 300),
(9406, 175404, 0, 1, 1534.149902, -5413.410156, 89.464134, -1.655580, 0, 0, 0, 0, 300, 300),
(9407, 175404, 0, 1, 2862.850098, -5421.140137, 173.013611, -0.382368, 0, 0, 0, 0, 300, 300),
(9408, 175404, 0, 1, 2579.600098, -5452.059570, 167.041367, 0.997318, 0, 0, 0, 0, 300, 300),
(9409, 175404, 0, 1, 2579.600098, -5455.924805, 166.772736, 1.381978, 0, 0, 0, 0, 300, 300),
(9410, 175404, 0, 1, 1588.225098, -5455.924805, 102.973877, 0.444265, 0, 0, 0, 0, 300, 300),
(9413, 175404, 0, 1, 1881.775024, -5459.790039, 121.430733, 0.000897, 0, 0, 0, 0, 300, 300),
(9414, 175404, 0, 1, 1876.625000, -5459.790039, 117.903343, -0.024335, 0, 0, 0, 0, 300, 300),
(9415, 175404, 0, 1, 1595.949951, -5459.790039, 103.167480, -1.198551, 0, 0, 0, 0, 300, 300),
(9416, 175404, 0, 1, 1740.150146, -5560.280273, 118.370308, -0.693651, 0, 0, 0, 0, 300, 300),
(9419, 175404, 0, 1, 2667.149902, -5587.334961, 167.348251, 2.658555, 0, 0, 0, 0, 300, 300),
-- Elwynn Forest:
(9420, 1731, 0, 1, -9674.250000, 798.359985, 33.078125, -2.831959, 0, 0, 0, 0, 300, 300), -- copper vein
(9421, 1731, 0, 1, -9586.431641, 794.839966, 44.693562, 0.974737, 0, 0, 0, 0, 300, 300),
(9422, 1731, 0, 1, -9734.335938, 794.839966, 31.726908, 0.368021, 0, 0, 0, 0, 300, 300),
(9423, 1731, 0, 1, -9526.345703, 777.239990, 44.646214, 2.670142, 0, 0, 0, 0, 300, 300),
(9424, 1731, 0, 1, -9889.172852, 675.160034, 34.860737, 1.323027, 0, 0, 0, 0, 300, 300),
(9425, 1731, 0, 1, -9893.794922, 675.160034, 32.138664, -2.250466, 0, 0, 0, 0, 300, 300),
(9426, 1731, 0, 1, -9542.523438, 632.919983, 52.056782, 0.662361, 0, 0, 0, 0, 300, 300),
(9427, 1731, 0, 1, -9480.125977, 629.400024, 75.745041, 1.511863, 0, 0, 0, 0, 300, 300),
(9428, 1731, 0, 1, -9542.523438, 629.400024, 55.330261, 0.113766, 0, 0, 0, 0, 300, 300),
(9429, 1731, 0, 1, -9309.112305, 622.359985, 128.818405, -2.890972, 0, 0, 0, 0, 300, 300),
(9430, 1731, 0, 1, -9554.078125, 551.959961, 49.030704, -1.906264, 0, 0, 0, 0, 300, 300),
(9431, 1731, 0, 1, -9320.666992, 537.880066, 74.170631, 0.300779, 0, 0, 0, 0, 300, 300),
(9432, 1731, 0, 1, -9470.881836, 537.880066, 54.061512, 0.593073, 0, 0, 0, 0, 300, 300),
(9433, 1731, 0, 1, -9976.991211, 502.679932, 27.318373, 2.174406, 0, 0, 0, 0, 300, 300),
(9434, 1731, 0, 1, -9602.609375, 495.640015, 41.534294, -0.781257, 0, 0, 0, 0, 300, 300),
(9435, 1731, 0, 1, -9329.911133, 471.000000, 66.035759, 1.734497, 0, 0, 0, 0, 300, 300),
(9436, 1731, 0, 1, -9188.940430, 463.960083, 102.102440, -2.911579, 0, 0, 0, 0, 300, 300),
(9437, 1731, 0, 1, -9249.026367, 421.719971, 85.923210, -0.260356, 0, 0, 0, 0, 300, 300),
(9438, 1731, 0, 1, -9249.026367, 418.199951, 85.789024, 3.050519, 0, 0, 0, 0, 300, 300),
(9439, 1731, 0, 1, -9244.404297, 414.679932, 86.192116, 0.958792, 0, 0, 0, 0, 300, 300),
(9440, 1731, 0, 1, -9574.876953, 404.119995, 33.962868, 2.392763, 0, 0, 0, 0, 300, 300),
(9441, 1731, 0, 1, -9396.929688, 397.079956, 47.008358, -0.172943, 0, 0, 0, 0, 300, 300),
(9442, 1731, 0, 1, -9616.474609, 319.640015, 45.131329, -0.983144, 0, 0, 0, 0, 300, 300),
(9443, 1731, 0, 1, -9614.164062, 316.119995, 45.764366, 0.871814, 0, 0, 0, 0, 300, 300),
(9444, 1731, 0, 1, -9854.507812, 217.559937, 14.036755, 2.578962, 0, 0, 0, 0, 300, 300),
(9445, 1731, 0, 1, -9117.298828, 214.040039, 109.514214, -0.567783, 0, 0, 0, 0, 300, 300),
(9446, 1731, 0, 1, -9584.121094, 185.880005, 54.045486, -2.966871, 0, 0, 0, 0, 300, 300),
(9447, 1731, 0, 1, -9815.220703, 182.359985, 22.667515, 2.616341, 0, 0, 0, 0, 300, 300),
(9448, 1731, 0, 1, -9833.708984, 182.359985, 22.433260, -2.382763, 0, 0, 0, 0, 300, 300),
(9449, 1731, 0, 1, -9944.636719, 178.840088, 33.909935, 3.035142, 0, 0, 0, 0, 300, 300),
(9452, 1731, 0, 1, -9944.636719, 171.800049, 33.514217, 1.488050, 0, 0, 0, 0, 300, 300),
(9453, 1731, 0, 1, -9114.988281, 168.280029, 96.816116, -1.531346, 0, 0, 0, 0, 300, 300),
(9454, 1731, 0, 1, -9748.202148, 157.719971, 51.397671, -2.917772, 0, 0, 0, 0, 300, 300),
(9455, 1731, 0, 1, -9824.464844, 157.719971, 27.751429, 1.547502, 0, 0, 0, 0, 300, 300),
(9456, 1731, 0, 1, -9817.532227, 154.200073, 55.971703, -0.249492, 0, 0, 0, 0, 300, 300),
(9457, 1731, 0, 1, -9859.129883, 129.559937, 32.010441, -1.832256, 0, 0, 0, 0, 300, 300),
(9458, 1731, 0, 1, -9778.245117, 119.000000, 8.605824, -1.610972, 0, 0, 0, 0, 300, 300),
(9459, 1731, 0, 1, -9815.220703, 119.000000, 3.648806, -0.598877, 0, 0, 0, 0, 300, 300),
(9460, 1731, 0, 1, -9757.446289, 115.479980, 15.205755, -2.319093, 0, 0, 0, 0, 300, 300),
(9461, 1731, 0, 1, -9743.580078, 111.959961, 25.385820, -2.593082, 0, 0, 0, 0, 300, 300),
(9462, 1731, 0, 1, -9787.489258, 97.880005, 5.569083, 0.024870, 0, 0, 0, 0, 300, 300),
(9463, 1731, 0, 1, -9801.355469, 97.880005, 24.735069, -0.151541, 0, 0, 0, 0, 300, 300),
(9464, 1731, 0, 1, -9836.019531, 94.359985, 38.812008, 2.440132, 0, 0, 0, 0, 300, 300),
(9465, 1731, 0, 1, -9725.091797, 90.840088, 47.429596, 2.785204, 0, 0, 0, 0, 300, 300),
(9466, 1731, 0, 1, -9151.963867, 83.800049, 76.158592, 0.376767, 0, 0, 0, 0, 300, 300),
(9467, 1731, 0, 1, -9154.275391, 83.800049, 76.250587, -2.675346, 0, 0, 0, 0, 300, 300),
(9468, 1731, 0, 1, -9854.507812, 80.279907, 33.727558, 2.011898, 0, 0, 0, 0, 300, 300),
(9469, 1731, 0, 1, -9625.718750, 73.239990, 62.405190, -2.264599, 0, 0, 0, 0, 300, 300),
(9470, 1731, 0, 1, -9720.469727, 62.679932, 43.077312, -2.746935, 0, 0, 0, 0, 300, 300),
(9471, 1731, 0, 1, -9738.958008, 59.160034, 39.085625, 0.074841, 0, 0, 0, 0, 300, 300),
(9472, 1731, 0, 1, -9799.043945, 59.160034, 38.276379, -0.207909, 0, 0, 0, 0, 300, 300),
(9473, 1731, 0, 1, -9801.355469, 55.640015, 37.437607, -0.625880, 0, 0, 0, 0, 300, 300),
(9474, 1731, 0, 1, -9757.446289, 52.119995, 39.095901, -2.969501, 0, 0, 0, 0, 300, 300),
(9475, 1731, 0, 1, -9098.810547, 45.079956, 87.089523, 0.758198, 0, 0, 0, 0, 300, 300),
(9476, 1731, 0, 1, -9075.701172, -4.199951, 90.053627, 0.365484, 0, 0, 0, 0, 300, 300),
(9479, 1731, 0, 1, -9651.139648, -11.239990, 45.555984, 2.316169, 0, 0, 0, 0, 300, 300),
(9480, 1731, 0, 1, -9614.164062, -78.119995, 58.870007, -0.186785, 0, 0, 0, 0, 300, 300),
(9481, 1731, 0, 1, -9616.474609, -78.119995, 57.754242, -0.521575, 0, 0, 0, 0, 300, 300),
(9482, 1731, 0, 1, -9644.207031, -148.520020, 49.089645, 2.477164, 0, 0, 0, 0, 300, 300),
(9483, 1731, 0, 1, -9900.728516, -236.519897, 46.099258, -1.850490, 0, 0, 0, 0, 300, 300),
(9484, 1731, 0, 1, -9651.139648, -247.080078, 62.139408, -2.298198, 0, 0, 0, 0, 300, 300),
(9485, 1731, 0, 1, -9956.191406, -247.080078, 25.547165, 1.526901, 0, 0, 0, 0, 300, 300),
(9486, 1731, 0, 1, -9953.880859, -250.599976, 26.554499, -2.805957, 0, 0, 0, 0, 300, 300),
(9487, 1731, 0, 1, -9498.614258, -278.760010, 49.919697, 0.407670, 0, 0, 0, 0, 300, 300),
(9488, 1731, 0, 1, -9503.236328, -278.760010, 50.873497, 2.759528, 0, 0, 0, 0, 300, 300),
(9489, 1731, 0, 1, -9805.976562, -278.760010, 41.703735, -0.269853, 0, 0, 0, 0, 300, 300),
(9490, 1731, 0, 1, -9875.306641, -282.280029, 35.426453, 0.142064, 0, 0, 0, 0, 300, 300),
(9491, 1731, 0, 1, -9498.614258, -285.799927, 47.884373, 2.625450, 0, 0, 0, 0, 300, 300),
(9492, 1731, 0, 1, -9500.924805, -285.799927, 49.092514, -2.991423, 0, 0, 0, 0, 300, 300),
(9493, 1731, 0, 1, -9872.996094, -285.799927, 35.699181, 1.944051, 0, 0, 0, 0, 300, 300),
(9494, 1731, 0, 1, -9290.624023, -303.399902, 77.256744, 2.458036, 0, 0, 0, 0, 300, 300),
(9495, 1731, 0, 1, -9292.934570, -303.399902, 76.975273, 2.307829, 0, 0, 0, 0, 300, 300),
(9496, 1731, 0, 1, -9704.292969, -303.399902, 55.464497, 1.303848, 0, 0, 0, 0, 300, 300),
(9497, 1731, 0, 1, -9708.915039, -303.399902, 56.734184, -1.343072, 0, 0, 0, 0, 300, 300),
(9498, 1731, 0, 1, -9403.863281, -306.920044, 61.233772, -1.328593, 0, 0, 0, 0, 300, 300),
(9499, 1731, 0, 1, -9408.485352, -310.440063, 61.415173, -2.501867, 0, 0, 0, 0, 300, 300),
(9500, 1731, 0, 1, -9919.215820, -317.479980, 31.765940, -0.672046, 0, 0, 0, 0, 300, 300),
(9501, 1731, 0, 1, -9916.905273, -320.999878, 32.001453, -1.794692, 0, 0, 0, 0, 300, 300),
(9502, 1731, 0, 1, -9840.642578, -373.800049, 52.037518, -0.023172, 0, 0, 0, 0, 300, 300),
(9503, 1731, 0, 1, -9817.532227, -437.160156, 36.092323, -1.653774, 0, 0, 0, 0, 300, 300),
(9504, 1731, 0, 1, -9771.312500, -454.760132, 38.733101, 3.033014, 0, 0, 0, 0, 300, 300),
(9505, 1731, 0, 1, -9255.958984, -489.960083, 66.160904, -0.761512, 0, 0, 0, 0, 300, 300),
(9506, 1731, 0, 1, -9757.446289, -493.479980, 51.099518, -0.112494, 0, 0, 0, 0, 300, 300),
(9507, 1731, 0, 1, -9757.446289, -497.000000, 50.346668, 0.467570, 0, 0, 0, 0, 300, 300),
(9508, 1731, 0, 1, -9762.068359, -563.879883, 37.903408, -2.725046, 0, 0, 0, 0, 300, 300),
(9509, 1731, 0, 1, -9759.756836, -567.400146, 38.445374, 1.695823, 0, 0, 0, 0, 300, 300),
(9510, 1731, 0, 1, -9732.025391, -574.439941, 43.598103, 0.770421, 0, 0, 0, 0, 300, 300),
(9511, 1731, 0, 1, -9727.403320, -577.959961, 44.793476, 0.539718, 0, 0, 0, 0, 300, 300),
(9512, 1731, 0, 1, -9071.079102, -585.000000, 62.350567, -0.352418, 0, 0, 0, 0, 300, 300),
(9513, 1731, 0, 1, -9089.567383, -592.040039, 58.442387, 2.074877, 0, 0, 0, 0, 300, 300),
(9514, 1731, 0, 1, -9447.771484, -592.040039, 65.588753, -0.863319, 0, 0, 0, 0, 300, 300),
(9515, 1731, 0, 1, -9413.107422, -595.560059, 68.205353, 2.256768, 0, 0, 0, 0, 300, 300),
(9516, 1731, 0, 1, -9108.054688, -599.079834, 57.257492, -0.532349, 0, 0, 0, 0, 300, 300),
(9517, 1731, 0, 1, -9413.107422, -602.600098, 68.418373, 2.135796, 0, 0, 0, 0, 300, 300),
(9518, 1731, 0, 1, -9163.518555, -609.639893, 82.532722, 2.242335, 0, 0, 0, 0, 300, 300),
(9519, 1731, 0, 1, -9079.467773, -595.148132, 59.162365, 0.125882, 0, 0, 0, 0, 300, 300),
(9520, 1731, 0, 1, -9121.341797, -637.686096, 90.202171, -0.666754, 0, 0, 0, 0, 300, 300),
(9521, 1731, 0, 1, -9113.335938, -652.570129, 94.134941, 2.265120, 0, 0, 0, 0, 300, 300),
(9524, 1731, 0, 1, -9038.393555, -562.651123, 56.171711, -3.055760, 0, 0, 0, 0, 300, 300),
(9525, 1731, 0, 1, -9140.409180, -630.760010, 82.343826, 1.797712, 0, 0, 0, 0, 300, 300),
(9526, 1731, 0, 1, -9193.562500, -634.280029, 63.739090, 2.217049, 0, 0, 0, 0, 300, 300),
(9527, 1731, 0, 1, -9186.628906, -651.880127, 65.702850, -1.142171, 0, 0, 0, 0, 300, 300),
(9528, 1731, 0, 1, -9057.830078, -624.403564, 54.208843, -1.520399, 0, 0, 0, 0, 300, 300),
(9529, 1731, 0, 1, -9073.064453, -579.931213, 62.763599, 2.184142, 0, 0, 0, 0, 300, 300),
(9530, 1731, 0, 1, -9151.963867, -662.439941, 85.399155, 0.476938, 0, 0, 0, 0, 300, 300),
(9531, 1731, 0, 1, -9154.275391, -662.439941, 81.393776, -1.845207, 0, 0, 0, 0, 300, 300),
(9532, 1731, 0, 1, -9406.173828, -665.960205, 66.607742, 1.694535, 0, 0, 0, 0, 300, 300),
(9535, 1731, 0, 1, -9410.795898, -665.960205, 65.994568, -2.468569, 0, 0, 0, 0, 300, 300),
(9536, 1731, 0, 1, -8844.600586, -753.959961, 70.253731, 0.578078, 0, 0, 0, 0, 300, 300),
(9537, 1731, 0, 1, -9031.791992, -764.520020, 85.837631, -0.271771, 0, 0, 0, 0, 300, 300),
(9538, 1731, 0, 1, -9244.404297, -775.079834, 89.849785, -2.067111, 0, 0, 0, 0, 300, 300),
(9539, 1731, 0, 1, -9251.336914, -775.079834, 84.735214, -0.805152, 0, 0, 0, 0, 300, 300),
(9540, 1731, 0, 1, -9246.714844, -778.599854, 87.091667, 0.396510, 0, 0, 0, 0, 300, 300),
(9541, 1731, 0, 1, -9604.919922, -782.120117, 41.595959, -0.355436, 0, 0, 0, 0, 300, 300),
(9542, 1731, 0, 1, -9567.944336, -831.400146, 43.562080, 0.382971, 0, 0, 0, 0, 300, 300),
(9543, 1731, 0, 1, -9572.566406, -831.400146, 44.285614, -0.848258, 0, 0, 0, 0, 300, 300),
(9544, 1731, 0, 1, -9202.805664, -863.080078, 69.378075, -1.374574, 0, 0, 0, 0, 300, 300),
(9545, 1731, 0, 1, -9533.279297, -905.319824, 48.122494, 2.079406, 0, 0, 0, 0, 300, 300),
(9546, 1731, 0, 1, -8803.002930, -926.440186, 74.002258, -0.220088, 0, 0, 0, 0, 300, 300),
(9547, 1731, 0, 1, -9043.346680, -940.520020, 67.762108, -2.434287, 0, 0, 0, 0, 300, 300),
(9548, 1731, 0, 1, -9218.982422, -961.640137, 68.207169, 0.896645, 0, 0, 0, 0, 300, 300),
(9549, 1731, 0, 1, -9223.605469, -961.640137, 67.352722, -2.821053, 0, 0, 0, 0, 300, 300),
(9550, 1731, 0, 1, -9445.460938, -1021.479980, 58.493832, -1.198755, 0, 0, 0, 0, 300, 300),
(9551, 1731, 0, 1, -9151.963867, -1025.000000, 70.320160, -0.489168, 0, 0, 0, 0, 300, 300),
(9552, 1731, 0, 1, -9156.585938, -1028.520020, 70.419754, 2.392435, 0, 0, 0, 0, 300, 300),
(9553, 1731, 0, 1, -9440.838867, -1028.520020, 59.121918, 1.641892, 0, 0, 0, 0, 300, 300),
(9554, 1731, 0, 1, -8955.529297, -1049.639893, 59.470947, 2.117959, 0, 0, 0, 0, 300, 300),
(9555, 1731, 0, 1, -9297.556641, -1056.680176, 57.286491, 0.113384, 0, 0, 0, 0, 300, 300),
(9556, 1731, 0, 1, -9729.713867, -1074.280029, 35.881161, -1.945004, 0, 0, 0, 0, 300, 300),
(9557, 1731, 0, 1, -9732.025391, -1074.280029, 35.666332, -2.986649, 0, 0, 0, 0, 300, 300),
(9558, 1731, 0, 1, -9050.280273, -1084.839844, 72.128357, -2.566657, 0, 0, 0, 0, 300, 300),
(9559, 1731, 0, 1, -9216.671875, -1091.880127, 71.752892, -3.034872, 0, 0, 0, 0, 300, 300),
(9560, 1731, 0, 1, -9401.551758, -1091.880127, 56.562073, -3.127786, 0, 0, 0, 0, 300, 300),
(9561, 1731, 0, 1, -9216.671875, -1095.399902, 70.900055, -1.232131, 0, 0, 0, 0, 300, 300),
(9562, 1731, 0, 1, -9399.241211, -1095.399902, 61.988472, 0.470545, 0, 0, 0, 0, 300, 300),
(9563, 1731, 0, 1, -8791.448242, -1102.439941, 76.425743, 0.369450, 0, 0, 0, 0, 300, 300),
(9564, 1731, 0, 1, -9923.837891, -1127.080078, 24.090788, -1.234940, 0, 0, 0, 0, 300, 300),
(9565, 1731, 0, 1, -9921.527344, -1130.600098, 24.007774, 2.258992, 0, 0, 0, 0, 300, 300),
(9566, 1731, 0, 1, -9322.978516, -1148.199951, 69.291634, -1.163854, 0, 0, 0, 0, 300, 300),
(9567, 1731, 0, 1, -9799.043945, -1155.239990, 34.118069, 0.949981, 0, 0, 0, 0, 300, 300),
(9568, 1731, 0, 1, -9801.355469, -1155.239990, 34.034752, -2.512448, 0, 0, 0, 0, 300, 300),
(9569, 1731, 0, 1, -9133.475586, -1162.280029, 68.704071, -0.676618, 0, 0, 0, 0, 300, 300),
(9570, 1731, 0, 1, -9138.097656, -1165.800049, 67.698616, 0.431260, 0, 0, 0, 0, 300, 300),
(9571, 1731, 0, 1, -9896.106445, -1193.959961, 26.853914, 2.998195, 0, 0, 0, 0, 300, 300),
(9572, 1731, 0, 1, -9084.945312, -1239.719971, 72.682480, -2.051453, 0, 0, 0, 0, 300, 300),
(9573, 1731, 0, 1, -9082.633789, -1243.239990, 72.825851, -2.806603, 0, 0, 0, 0, 300, 300),
(9574, 1731, 0, 1, -9683.494141, -1243.239990, 50.745007, 2.582297, 0, 0, 0, 0, 300, 300),
(9575, 1731, 0, 1, -9685.804688, -1243.239990, 52.122704, -1.005874, 0, 0, 0, 0, 300, 300),
(9576, 1731, 0, 1, -8803.002930, -1257.320068, 112.569969, 1.429883, 0, 0, 0, 0, 300, 300),
(9577, 1731, 0, 1, -9787.489258, -1299.559814, 41.531021, -2.927833, 0, 0, 0, 0, 300, 300),
(9578, 1731, 0, 1, -8923.174805, -1320.680176, 108.705460, 1.527345, 0, 0, 0, 0, 300, 300),
(9579, 1731, 0, 1, -9212.049805, -1377.000000, 93.587479, 2.627531, 0, 0, 0, 0, 300, 300),
(9580, 1731, 0, 1, -9803.666016, -1415.719971, 57.332916, 0.415071, 0, 0, 0, 0, 300, 300),
(9581, 1731, 0, 1, -9824.464844, -1475.560059, 38.818737, 3.086430, 0, 0, 0, 0, 300, 300),
(9582, 1731, 0, 1, -9822.154297, -1479.079834, 36.441875, 0.693571, 0, 0, 0, 0, 300, 300),
(9583, 1731, 0, 1, -9771.312500, -1489.639893, 46.889469, -2.719759, 0, 0, 0, 0, 300, 300),
(9584, 1731, 0, 1, -9334.533203, -1531.880127, 96.926270, 2.483447, 0, 0, 0, 0, 300, 300),
(9585, 1731, 0, 1, -9376.130859, -1616.360107, 112.317650, -0.928982, 0, 0, 0, 0, 300, 300),
(9586, 1731, 0, 1, -9503.236328, -1619.879883, 110.155792, 1.730739, 0, 0, 0, 0, 300, 300),
(9587, 1731, 0, 1, -9505.546875, -1623.399902, 112.490036, -2.963376, 0, 0, 0, 0, 300, 300),
-- Hillsbrad Foothills:
(9588, 1731, 0, 1, -741.680054, 575.859009, 100.470566, -0.697307, 0, 0, 0, 0, 300, 300), -- copper vein
(9589, 1731, 0, 1, -797.059937, 515.115967, 100.367462, 0.066587, 0, 0, 0, 0, 300, 300),
(9590, 1731, 0, 1, -660.739990, 486.343018, 85.181740, 1.786788, 0, 0, 0, 0, 300, 300),
(9591, 1731, 0, 1, -709.730103, 486.343018, 84.419106, 0.186686, 0, 0, 0, 0, 300, 300),
(9592, 1731, 0, 1, -526.549988, 479.949036, 86.443504, -0.944184, 0, 0, 0, 0, 300, 300),
(9593, 1731, 0, 1, -524.419983, 476.752014, 87.435478, 1.160103, 0, 0, 0, 0, 300, 300),
(9594, 1731, 0, 1, -803.449951, 384.039001, 64.207878, -2.282658, 0, 0, 0, 0, 300, 300),
(9595, 1731, 0, 1, -473.299988, 368.054016, 105.382553, -0.111040, 0, 0, 0, 0, 300, 300),
(9596, 1731, 0, 1, -890.780029, 307.310974, 37.597195, 2.152007, 0, 0, 0, 0, 300, 300),
(9597, 1731, 0, 1, -434.959961, 300.917053, 98.437447, 3.045764, 0, 0, 0, 0, 300, 300),
(9598, 1731, 0, 1, -388.100037, 259.355957, 93.649231, -2.949126, 0, 0, 0, 0, 300, 300),
(9599, 1731, 0, 1, -1078.219971, 243.371033, 18.091318, 1.674398, 0, 0, 0, 0, 300, 300),
(9600, 1731, 0, 1, -1080.349976, 243.371033, 17.835758, -3.069151, 0, 0, 0, 0, 300, 300),
(9601, 1731, 0, 1, -277.339966, 227.386047, 101.853760, 1.276855, 0, 0, 0, 0, 300, 300),
(9602, 1731, 0, 1, -1146.380005, 112.293945, 8.232981, -0.069119, 0, 0, 0, 0, 300, 300),
(9603, 1731, 0, 1, -805.579956, 22.777954, 35.404186, 2.660428, 0, 0, 0, 0, 300, 300),
(9604, 1731, 0, 1, -1044.139893, -15.585938, 15.273319, -0.507102, 0, 0, 0, 0, 300, 300),
(9605, 1731, 0, 1, -741.680054, -98.708008, 57.453362, -1.248106, 0, 0, 0, 0, 300, 300),
(9606, 1731, 0, 1, -743.810059, -101.905029, 57.655918, 0.685792, 0, 0, 0, 0, 300, 300),
(9607, 1731, 0, 1, -381.710022, -185.026978, 61.734772, 2.506543, 0, 0, 0, 0, 300, 300),
(9608, 1731, 0, 1, -481.820007, -242.572998, 59.917587, 2.850701, 0, 0, 0, 0, 300, 300),
(9609, 1731, 0, 1, -743.810059, -242.572998, 40.624767, -2.878789, 0, 0, 0, 0, 300, 300),
(9610, 1731, 0, 1, -483.950012, -245.770020, 59.185997, -1.658066, 0, 0, 0, 0, 300, 300),
(9611, 1731, 0, 1, -1003.669922, -338.483032, 14.182947, -3.139301, 0, 0, 0, 0, 300, 300),
(9612, 1731, 0, 1, -356.149963, -453.574951, 56.834492, 3.092373, 0, 0, 0, 0, 300, 300),
(9613, 1731, 0, 1, -354.020020, -456.772095, 57.092999, -0.174925, 0, 0, 0, 0, 300, 300),
(9614, 1731, 0, 1, -498.859985, -830.820923, 55.548115, -0.443056, 0, 0, 0, 0, 300, 300),
(9615, 1731, 0, 1, -1101.650024, -830.820923, 18.269503, 0.181034, 0, 0, 0, 0, 300, 300),
(9616, 1731, 0, 1, -1097.390015, -834.017944, 19.521067, -0.042405, 0, 0, 0, 0, 300, 300),
(9617, 1731, 0, 1, -311.419983, -840.412109, 61.024651, -2.247127, 0, 0, 0, 0, 300, 300),
(9618, 1731, 0, 1, -317.809998, -843.609009, 61.891628, 3.033864, 0, 0, 0, 0, 300, 300),
(9619, 1731, 0, 1, -618.139954, -853.200073, 38.853268, -1.959596, 0, 0, 0, 0, 300, 300),
(9620, 1731, 0, 1, -1457.359985, -1086.580811, 8.327472, -3.127443, 0, 0, 0, 0, 300, 300),
(9621, 1731, 0, 1, -641.569946, -1358.326172, 67.890541, 0.420495, 0, 0, 0, 0, 300, 300),
(9622, 1731, 0, 1, -443.479980, -1527.766846, 72.659599, -0.349524, 0, 0, 0, 0, 300, 300),
(9623, 1732, 0, 1, -1001.540039, 29.171997, 42.316269, 1.901743, 0, 0, 0, 0, 300, 300), -- tin vein
(9624, 1732, 0, 1, -999.410034, 25.975098, 41.254417, -2.008632, 0, 0, 0, 0, 300, 300),
(9625, 1732, 0, 1, -177.229980, 22.777954, 80.781876, 1.066754, 0, 0, 0, 0, 300, 300),
(9626, 1732, 0, 1, -202.789978, -95.510986, 87.456215, -1.414969, 0, 0, 0, 0, 300, 300),
(9627, 1732, 0, 1, -969.589966, -178.632935, 46.139076, 0.352095, 0, 0, 0, 0, 300, 300),
(9628, 1732, 0, 1, -975.980103, -178.632935, 44.080833, 2.285340, 0, 0, 0, 0, 300, 300),
(9629, 1732, 0, 1, -268.820007, -216.996948, 84.788414, 1.461727, 0, 0, 0, 0, 300, 300),
(9630, 1732, 0, 1, -952.549927, -242.572998, 59.599510, -0.955132, 0, 0, 0, 0, 300, 300),
(9631, 1732, 0, 1, -948.290039, -245.770020, 62.013382, -2.765167, 0, 0, 0, 0, 300, 300),
(9632, 1732, 0, 1, -339.109985, -322.497925, 65.412552, -0.069055, 0, 0, 0, 0, 300, 300),
(9633, 1732, 0, 1, -339.109985, -325.695068, 66.936584, -2.113539, 0, 0, 0, 0, 300, 300),
(9634, 1732, 0, 1, -319.940002, -367.256104, 67.413651, 2.908091, 0, 0, 0, 0, 300, 300),
(9635, 1732, 0, 1, -924.859985, -376.847046, 28.394096, 0.674087, 0, 0, 0, 0, 300, 300),
(9636, 1732, 0, 1, -226.219971, -559.076050, 64.743179, 0.539917, 0, 0, 0, 0, 300, 300),
(9637, 1732, 0, 1, -228.349976, -562.273071, 64.451851, 2.088670, 0, 0, 0, 0, 300, 300),
(9638, 1732, 0, 1, 118.839996, -639.000977, 95.857124, -2.432545, 0, 0, 0, 0, 300, 300),
(9639, 1732, 0, 1, 112.449982, -642.197876, 96.543564, 1.811446, 0, 0, 0, 0, 300, 300),
(9640, 1732, 0, 1, 50.679993, -642.197876, 94.762039, -1.475254, 0, 0, 0, 0, 300, 300),
(9641, 1732, 0, 1, 48.549988, -642.197876, 94.870872, -0.391599, 0, 0, 0, 0, 300, 300),
(9642, 1732, 0, 1, 50.679993, -645.395142, 91.703285, -1.554152, 0, 0, 0, 0, 300, 300),
(9643, 1732, 0, 1, 46.420013, -645.395142, 92.575920, -1.635762, 0, 0, 0, 0, 300, 300),
(9644, 1732, 0, 1, -196.400024, -658.182861, 63.883648, 2.264099, 0, 0, 0, 0, 300, 300),
(9645, 1732, 0, 1, -23.869995, -680.562012, 76.056427, 1.147544, 0, 0, 0, 0, 300, 300),
(9646, 1732, 0, 1, -106.940002, -690.153076, 73.568970, -3.036576, 0, 0, 0, 0, 300, 300),
(9647, 1732, 0, 1, 221.080002, -754.093018, 109.319260, 0.002608, 0, 0, 0, 0, 300, 300),
(9648, 1732, 0, 1, 214.690002, -754.093018, 106.314255, -0.001675, 0, 0, 0, 0, 300, 300),
(9651, 1732, 0, 1, -903.559937, -760.486938, 22.264156, 2.073205, 0, 0, 0, 0, 300, 300),
(9652, 1732, 0, 1, -909.950073, -763.684082, 22.825012, 1.335028, 0, 0, 0, 0, 300, 300),
(9653, 1732, 0, 1, 144.400009, -786.062988, 93.851662, -2.216294, 0, 0, 0, 0, 300, 300),
(9654, 1732, 0, 1, -814.099976, -795.654053, 24.840549, -0.058191, 0, 0, 0, 0, 300, 300),
(9655, 1732, 0, 1, 114.579987, -834.017944, 82.287529, 1.085173, 0, 0, 0, 0, 300, 300),
(9656, 1732, 0, 1, 112.449982, -834.017944, 80.203690, -0.659401, 0, 0, 0, 0, 300, 300),
(9657, 1732, 0, 1, 112.449982, -837.215088, 80.674034, 2.243289, 0, 0, 0, 0, 300, 300),
(9658, 1732, 0, 1, -1154.900024, -891.563965, 31.175484, 2.775249, 0, 0, 0, 0, 300, 300),
(9659, 1732, 0, 1, -1078.219971, -913.943115, 49.973419, -0.647282, 0, 0, 0, 0, 300, 300),
(9660, 1732, 0, 1, -1080.349976, -913.943115, 51.225090, 2.898918, 0, 0, 0, 0, 300, 300),
(9661, 1732, 0, 1, 142.269989, -926.731079, 78.213249, -2.573079, 0, 0, 0, 0, 300, 300),
(9662, 1732, 0, 1, 244.510010, -942.716064, 96.982841, 0.869072, 0, 0, 0, 0, 300, 300),
(9663, 1732, 0, 1, 199.780014, -949.109985, 85.013489, 2.039098, 0, 0, 0, 0, 300, 300),
(9664, 1732, 0, 1, 193.389999, -949.109985, 82.972519, -2.912271, 0, 0, 0, 0, 300, 300),
(9811, 1732, 0, 1, -703.339966, -977.882935, 46.031532, -2.771351, 0, 0, 0, 0, 300, 300),
(9812, 1732, 0, 1, -775.760010, -981.079956, 35.939419, -0.775548, 0, 0, 0, 0, 300, 300),
(9813, 1732, 0, 1, -151.669983, -993.867920, 61.524715, -1.053218, 0, 0, 0, 0, 300, 300),
(9814, 1732, 0, 1, -151.669983, -997.064941, 59.140011, 2.361980, 0, 0, 0, 0, 300, 300),
(9815, 1732, 0, 1, 71.980011, -1000.262207, 58.018677, 0.082482, 0, 0, 0, 0, 300, 300),
(9816, 1732, 0, 1, 157.179993, -1003.458984, 77.387108, -2.175360, 0, 0, 0, 0, 300, 300),
(9817, 1732, 0, 1, 155.050003, -1003.458984, 77.281807, 3.139296, 0, 0, 0, 0, 300, 300),
(9818, 1732, 0, 1, 69.850006, -1003.458984, 59.284332, 0.300235, 0, 0, 0, 0, 300, 300),
(9819, 1732, 0, 1, -620.270020, -1013.049805, 60.857227, 0.244400, 0, 0, 0, 0, 300, 300),
(9820, 1732, 0, 1, -279.470032, -1019.444092, 64.851875, 0.623922, 0, 0, 0, 0, 300, 300),
(9821, 1732, 0, 1, 191.260010, -1064.202148, 72.476044, 3.013145, 0, 0, 0, 0, 300, 300),
(9822, 1732, 0, 1, 86.890015, -1067.398926, 57.146709, -0.663911, 0, 0, 0, 0, 300, 300),
(9823, 1732, 0, 1, -1091.000000, -1067.398926, 48.583298, 2.602978, 0, 0, 0, 0, 300, 300),
(9824, 1732, 0, 1, -247.519958, -1070.595947, 47.553349, -2.847423, 0, 0, 0, 0, 300, 300),
(9825, 1732, 0, 1, 306.279999, -1080.187012, 90.885139, 1.023561, 0, 0, 0, 0, 300, 300),
(9826, 1732, 0, 1, 304.149994, -1080.187012, 89.996803, -3.130828, 0, 0, 0, 0, 300, 300),
(9827, 1732, 0, 1, -918.470093, -1099.368896, 51.001148, 1.936034, 0, 0, 0, 0, 300, 300),
(9828, 1732, 0, 1, 221.080002, -1108.959961, 71.040504, -2.591329, 0, 0, 0, 0, 300, 300),
(9829, 1732, 0, 1, 218.949997, -1112.156982, 69.281639, -2.742090, 0, 0, 0, 0, 300, 300),
(9830, 1732, 0, 1, -995.149902, -1115.354004, 50.952209, -2.592133, 0, 0, 0, 0, 300, 300),
(9831, 1732, 0, 1, -403.010010, -1121.748047, 53.935684, -0.222616, 0, 0, 0, 0, 300, 300),
(9832, 1732, 0, 1, -400.879944, -1124.945068, 54.346184, 1.061964, 0, 0, 0, 0, 300, 300),
(9833, 1732, 0, 1, -511.640015, -1166.506104, 61.286129, -3.060911, 0, 0, 0, 0, 300, 300),
(9834, 1732, 0, 1, -221.959961, -1169.703125, 57.510849, -2.326563, 0, 0, 0, 0, 300, 300),
(9835, 1732, 0, 1, -413.659973, -1169.703125, 60.521202, -2.531759, 0, 0, 0, 0, 300, 300),
(9836, 1732, 0, 1, -466.910034, -1185.687988, 59.903511, -1.193979, 0, 0, 0, 0, 300, 300),
(9837, 1732, 0, 1, -466.910034, -1188.885010, 62.039455, 2.780874, 0, 0, 0, 0, 300, 300),
(9838, 1732, 0, 1, -298.640015, -1195.279053, 65.490494, 2.995389, 0, 0, 0, 0, 300, 300),
(9839, 1732, 0, 1, -818.360107, -1211.264160, 56.231880, 0.101659, 0, 0, 0, 0, 300, 300),
(9840, 1732, 0, 1, 54.940002, -1230.446045, 68.033226, 2.696745, 0, 0, 0, 0, 300, 300),
(9841, 1732, 0, 1, -305.030029, -1240.037109, 72.260353, 0.024899, 0, 0, 0, 0, 300, 300),
(9842, 1732, 0, 1, 12.339996, -1246.430908, 67.313507, -0.402932, 0, 0, 0, 0, 300, 300),
(9843, 1732, 0, 1, -1116.560059, -1265.612793, 62.717693, -1.290740, 0, 0, 0, 0, 300, 300),
(9844, 1732, 0, 1, -87.770020, -1358.326172, 121.177422, 1.255339, 0, 0, 0, 0, 300, 300),
(9845, 1732, 0, 1, -918.470093, -1454.235840, 56.994709, -1.655161, 0, 0, 0, 0, 300, 300),
(9846, 1732, 0, 1, -198.529968, -1457.432861, 112.638512, -0.257278, 0, 0, 0, 0, 300, 300),
(9847, 1733, 0, 1, -1001.540039, 29.171997, 42.316269, -2.127050, 0, 0, 0, 0, 300, 300), -- silver vein
(9848, 1733, 0, 1, -997.280029, 25.975098, 40.919525, -2.459745, 0, 0, 0, 0, 300, 300),
(9849, 1733, 0, 1, -175.100037, 22.777954, 81.133942, 2.845807, 0, 0, 0, 0, 300, 300),
(9850, 1733, 0, 1, -202.789978, -95.510986, 87.456215, -1.232915, 0, 0, 0, 0, 300, 300),
(9851, 1733, 0, 1, -153.799988, -137.071899, 112.455414, -2.283817, 0, 0, 0, 0, 300, 300),
(9852, 1733, 0, 1, -975.980103, -178.632935, 44.080833, 0.178568, 0, 0, 0, 0, 300, 300),
(9853, 1733, 0, 1, -268.820007, -220.194092, 84.746727, 1.101259, 0, 0, 0, 0, 300, 300),
(9854, 1733, 0, 1, -948.290039, -245.770020, 62.013382, -2.136505, 0, 0, 0, 0, 300, 300),
(9855, 1733, 0, 1, -258.344513, -270.381378, 53.889294, 2.041006, 0, 0, 0, 0, 300, 300),
(9856, 1733, 0, 1, -319.957855, -311.404449, 44.352764, -1.047491, 0, 0, 0, 0, 300, 300),
(9857, 1733, 0, 1, -339.109985, -322.497925, 65.412552, -2.865018, 0, 0, 0, 0, 300, 300),
(9858, 1733, 0, 1, -339.109985, -325.695068, 66.936584, -1.693114, 0, 0, 0, 0, 300, 300),
(9859, 1733, 0, 1, -246.280121, -341.571014, 66.136002, -1.617425, 0, 0, 0, 0, 300, 300),
(9860, 1733, 0, 1, -270.950012, -341.679932, 160.075058, -2.299119, 0, 0, 0, 0, 300, 300),
(9861, 1733, 0, 1, -187.119293, -360.868744, 74.749046, -1.169731, 0, 0, 0, 0, 300, 300),
(9862, 1733, 0, 1, -203.460632, -362.416290, 72.880188, -2.544135, 0, 0, 0, 0, 300, 300),
(9863, 1733, 0, 1, -319.940002, -367.256104, 67.413651, 1.241628, 0, 0, 0, 0, 300, 300),
(9864, 1733, 0, 1, -249.650024, -376.847046, 127.829536, -2.752175, 0, 0, 0, 0, 300, 300),
(9865, 1733, 0, 1, -922.729980, -376.847046, 27.857939, -2.228284, 0, 0, 0, 0, 300, 300),
(9866, 1733, 0, 1, -151.669983, -405.619995, 88.450615, -2.161532, 0, 0, 0, 0, 300, 300),
(9867, 1733, 0, 1, -277.339966, -415.210938, 68.420624, -2.993935, 0, 0, 0, 0, 300, 300),
(9868, 1733, 0, 1, -164.449951, -495.135986, 79.113594, -2.227911, 0, 0, 0, 0, 300, 300),
(9869, 1733, 0, 1, -226.219971, -559.076050, 64.743179, 2.814398, 0, 0, 0, 0, 300, 300),
(9870, 1733, 0, 1, -228.349976, -562.273071, 64.451851, -0.381949, 0, 0, 0, 0, 300, 300),
(9871, 1733, 0, 1, 118.839996, -639.000977, 95.857124, 1.968260, 0, 0, 0, 0, 300, 300),
(9872, 1733, 0, 1, 46.420013, -645.395142, 92.575920, -1.269500, 0, 0, 0, 0, 300, 300),
(9873, 1733, 0, 1, -196.400024, -658.182861, 63.883648, -0.499336, 0, 0, 0, 0, 300, 300),
(9874, 1733, 0, 1, -21.739990, -680.562012, 75.418945, 2.951106, 0, 0, 0, 0, 300, 300),
(9875, 1733, 0, 1, -106.940002, -690.153076, 73.568970, -2.337756, 0, 0, 0, 0, 300, 300),
(9876, 1733, 0, 1, 216.819992, -757.289917, 109.954872, -1.782290, 0, 0, 0, 0, 300, 300),
(9877, 1733, 0, 1, 146.529999, -786.062988, 95.050247, 3.072119, 0, 0, 0, 0, 300, 300),
(9878, 1733, 0, 1, -814.099976, -795.654053, 24.840549, 1.203338, 0, 0, 0, 0, 300, 300),
(9879, 1733, 0, 1, 112.449982, -834.017944, 80.203690, 1.191744, 0, 0, 0, 0, 300, 300),
(9880, 1733, 0, 1, 112.449982, -837.215088, 80.674034, 0.352908, 0, 0, 0, 0, 300, 300),
(9881, 1733, 0, 1, 142.269989, -926.731079, 78.213249, -0.542068, 0, 0, 0, 0, 300, 300),
(9882, 1733, 0, 1, 248.769989, -942.716064, 96.954262, -1.575549, 0, 0, 0, 0, 300, 300),
(9883, 1733, 0, 1, 193.389999, -949.109985, 82.972519, 1.774602, 0, 0, 0, 0, 300, 300),
(9884, 1733, 0, 1, -703.339966, -977.882935, 46.031532, 2.852885, 0, 0, 0, 0, 300, 300),
(9885, 1733, 0, 1, -151.669983, -993.867920, 61.524715, -0.200193, 0, 0, 0, 0, 300, 300),
(9886, 1733, 0, 1, -151.669983, -997.064941, 59.140011, -2.788407, 0, 0, 0, 0, 300, 300),
(9887, 1733, 0, 1, 152.920013, -1000.262207, 76.003304, 2.017380, 0, 0, 0, 0, 300, 300),
(9888, 1733, 0, 1, 71.980011, -1000.262207, 58.018677, -1.249843, 0, 0, 0, 0, 300, 300),
(9889, 1733, 0, 1, 157.179993, -1003.458984, 77.387108, -0.995144, 0, 0, 0, 0, 300, 300),
(9890, 1733, 0, 1, 69.850006, -1003.458984, 59.284332, -2.222812, 0, 0, 0, 0, 300, 300),
(9891, 1733, 0, 1, -620.270020, -1013.049805, 60.857227, -2.154126, 0, 0, 0, 0, 300, 300),
(9892, 1733, 0, 1, -279.470032, -1019.444092, 64.851875, -0.097189, 0, 0, 0, 0, 300, 300),
(9893, 1733, 0, 1, 323.320007, -1057.807861, 96.382095, 2.280742, 0, 0, 0, 0, 300, 300),
(9894, 1733, 0, 1, 189.130005, -1064.202148, 72.957115, -2.368794, 0, 0, 0, 0, 300, 300),
(9895, 1733, 0, 1, 86.890015, -1067.398926, 57.146709, 1.624444, 0, 0, 0, 0, 300, 300),
(9896, 1733, 0, 1, -247.519958, -1070.595947, 47.553349, 1.537553, 0, 0, 0, 0, 300, 300),
(9897, 1733, 0, 1, 306.279999, -1080.187012, 90.885139, 2.274628, 0, 0, 0, 0, 300, 300),
(9898, 1733, 0, 1, 221.080002, -1108.959961, 71.040504, 2.279766, 0, 0, 0, 0, 300, 300),
(9899, 1733, 0, 1, -403.010010, -1121.748047, 53.935684, -0.387486, 0, 0, 0, 0, 300, 300),
(9900, 1733, 0, 1, -224.090027, -1169.703125, 57.926659, -2.349678, 0, 0, 0, 0, 300, 300),
(9901, 1733, 0, 1, -415.789978, -1172.899902, 58.319981, -2.547783, 0, 0, 0, 0, 300, 300),
(9902, 1733, 0, 1, -1384.939941, -1204.869873, 48.951267, 0.796830, 0, 0, 0, 0, 300, 300),
(9903, 1733, 0, 1, -818.360107, -1211.264160, 56.231880, -2.891769, 0, 0, 0, 0, 300, 300),
(9904, 1733, 0, 1, 54.940002, -1230.446045, 68.033226, 0.023487, 0, 0, 0, 0, 300, 300),
(9905, 1733, 0, 1, -302.900024, -1236.840088, 73.344894, -2.544656, 0, 0, 0, 0, 300, 300),
(9906, 1733, 0, 1, 14.470001, -1249.627930, 66.933517, -0.591429, 0, 0, 0, 0, 300, 300),
(9920, 1733, 0, 1, -1116.560059, -1259.218994, 60.718803, -2.505979, 0, 0, 0, 0, 300, 300),
(9931, 1733, 0, 1, -87.770020, -1358.326172, 121.177422, 1.802076, 0, 0, 0, 0, 300, 300),
(9935, 1733, 0, 1, -198.529968, -1457.432861, 112.638512, 0.144241, 0, 0, 0, 0, 300, 300),
(9942, 1733, 0, 1, -258.169983, -1492.600098, 98.529999, 2.265028, 0, 0, 0, 0, 300, 300),
(9945, 1734, 0, 1, -153.799988, -137.071899, 112.455414, -1.318427, 0, 0, 0, 0, 300, 300), -- gold vein
(9955, 1734, 0, 1, -166.580017, -197.815063, 109.125870, 0.560077, 0, 0, 0, 0, 300, 300),
(9956, 1734, 0, 1, -262.438599, -267.462219, 54.648243, -1.158099, 0, 0, 0, 0, 300, 300),
(9975, 1734, 0, 1, -316.545532, -397.494873, 49.362919, -0.816017, 0, 0, 0, 0, 300, 300),
(9992, 1734, 0, 1, -154.069839, -344.446777, 52.905888, 2.387634, 0, 0, 0, 0, 300, 300),
(9993, 1734, 0, 1, -180.667755, -331.632843, 75.634911, -1.498838, 0, 0, 0, 0, 300, 300),
(9997, 1734, 0, 1, -246.280121, -341.571014, 66.136002, -0.012203, 0, 0, 0, 0, 300, 300),
(10000, 1734, 0, 1, -268.820007, -341.679932, 162.138229, -2.886827, 0, 0, 0, 0, 300, 300),
(10001, 1734, 0, 1, -270.950012, -341.679932, 160.075058, -2.065675, 0, 0, 0, 0, 300, 300),
(10007, 1734, 0, 1, -177.546524, -351.005890, 78.748024, 0.752391, 0, 0, 0, 0, 300, 300),
(10021, 1734, 0, 1, -203.460632, -362.416290, 72.880188, 2.012256, 0, 0, 0, 0, 300, 300),
(10037, 1734, 0, 1, -251.779968, -376.847046, 127.256020, 0.165115, 0, 0, 0, 0, 300, 300),
(10040, 1734, 0, 1, -181.532349, -379.131195, 51.447498, -2.647638, 0, 0, 0, 0, 300, 300),
(10059, 1734, 0, 1, -149.539978, -402.422974, 90.638786, -0.420157, 0, 0, 0, 0, 300, 300),
(10060, 1734, 0, 1, -275.210022, -415.210938, 68.777863, -1.418772, 0, 0, 0, 0, 300, 300),
(10061, 1734, 0, 1, -162.320007, -495.135986, 80.358025, 2.898834, 0, 0, 0, 0, 300, 300),
(10062, 1734, 0, 1, -164.449951, -495.135986, 79.113594, 2.769544, 0, 0, 0, 0, 300, 300),
(10063, 1734, 0, 1, -1233.710083, -984.276855, 16.869167, 1.164594, 0, 0, 0, 0, 300, 300),
(10066, 1734, 0, 1, 323.320007, -1057.807861, 96.382095, -0.361691, 0, 0, 0, 0, 300, 300),
(10067, 1734, 0, 1, -1312.520020, -1153.718018, 39.860783, 0.807871, 0, 0, 0, 0, 300, 300),
(10071, 1734, 0, 1, -1150.640015, -1348.734863, 55.699665, 2.848393, 0, 0, 0, 0, 300, 300),
(10072, 1734, 0, 1, -260.299988, -1767.541992, 127.502907, -2.305357, 0, 0, 0, 0, 300, 300),
(10073, 1734, 0, 1, -437.090027, -1825.087891, 81.697060, 0.521867, 0, 0, 0, 0, 300, 300),
(10077, 1735, 0, 1, -153.799988, -137.071899, 112.455414, -2.735931, 0, 0, 0, 0, 300, 300), -- iron deposit
(10081, 1735, 0, 1, -164.449951, -194.617920, 106.892464, -0.776129, 0, 0, 0, 0, 300, 300),
(10082, 1735, 0, 1, -162.320007, -197.815063, 110.665443, 0.037057, 0, 0, 0, 0, 300, 300),
(10085, 1735, 0, 1, -164.449951, -197.815063, 109.302048, -2.363155, 0, 0, 0, 0, 300, 300),
(10092, 1735, 0, 1, -265.739258, -270.648315, 52.423573, -1.865584, 0, 0, 0, 0, 300, 300),
(10117, 1735, 0, 1, -319.957855, -311.404449, 44.352764, 1.347917, 0, 0, 0, 0, 300, 300),
(10123, 1735, 0, 1, -316.545532, -297.494873, 49.362919, 1.409387, 0, 0, 0, 0, 300, 300),
(10130, 1735, 0, 1, -158.155716, -345.267365, 52.694542, 1.663978, 0, 0, 0, 0, 300, 300),
(10131, 1735, 0, 1, -179.937729, -340.890839, 74.872879, -1.562408, 0, 0, 0, 0, 300, 300),
(10134, 1735, 0, 1, -242.161407, -342.248505, 62.420544, 1.713103, 0, 0, 0, 0, 300, 300),
(10141, 1735, 0, 1, -207.049988, -338.483032, 157.411316, -2.973999, 0, 0, 0, 0, 300, 300),
(10155, 1735, 0, 1, -268.820007, -341.679932, 162.138229, 0.554605, 0, 0, 0, 0, 300, 300),
(10162, 1735, 0, 1, -270.950012, -341.679932, 160.075058, 2.742699, 0, 0, 0, 0, 300, 300),
(10165, 1735, 0, 1, -177.546524, -351.005890, 78.748024, 1.417221, 0, 0, 0, 0, 300, 300),
(10169, 1735, 0, 1, -187.119293, -360.868744, 74.749046, -0.445301, 0, 0, 0, 0, 300, 300),
(10170, 1735, 0, 1, -202.789978, -357.664917, 73.985863, -2.152534, 0, 0, 0, 0, 300, 300),
(10178, 1735, 0, 1, -249.650024, -376.847046, 127.829536, 2.616351, 0, 0, 0, 0, 300, 300),
(10179, 1735, 0, 1, -181.532349, -379.131195, 51.447498, 1.849697, 0, 0, 0, 0, 300, 300),
(10182, 1735, 0, 1, -151.669983, -405.619995, 88.450615, -3.050560, 0, 0, 0, 0, 300, 300),
(10183, 1735, 0, 1, -275.210022, -415.210938, 68.777863, -0.361695, 0, 0, 0, 0, 300, 300),
(10194, 1735, 0, 1, -162.320007, -495.135986, 80.358025, 1.813713, 0, 0, 0, 0, 300, 300),
(10211, 1735, 0, 1, -164.449951, -495.135986, 79.113594, -2.130564, 0, 0, 0, 0, 300, 300),
(10214, 1735, 0, 1, -1231.579956, -987.474121, 18.266970, 3.024792, 0, 0, 0, 0, 300, 300),
(10220, 1735, 0, 1, 323.320007, -1057.807861, 96.382095, 1.820366, 0, 0, 0, 0, 300, 300),
(10226, 1735, 0, 1, 323.320007, -1061.005127, 99.212654, 0.810410, 0, 0, 0, 0, 300, 300),
(10227, 1735, 0, 1, -1370.029907, -1073.793213, 21.092125, -1.697535, 0, 0, 0, 0, 300, 300),
(10230, 1735, 0, 1, -1312.520020, -1153.718018, 39.860783, -0.191369, 0, 0, 0, 0, 300, 300),
(10231, 1735, 0, 1, -1312.520020, -1156.915039, 39.972904, -2.167612, 0, 0, 0, 0, 300, 300),
(10232, 1735, 0, 1, -1316.780029, -1156.915039, 42.278053, 1.046169, 0, 0, 0, 0, 300, 300),
(10233, 1735, 0, 1, -1012.189941, -1182.490967, 65.348259, -1.804923, 0, 0, 0, 0, 300, 300),
(10234, 1735, 0, 1, -1007.930054, -1188.885010, 65.118233, 2.156955, 0, 0, 0, 0, 300, 300),
(10235, 1735, 0, 1, -1387.069946, -1204.869873, 51.261318, -0.591071, 0, 0, 0, 0, 300, 300),
(10236, 1735, 0, 1, -1206.020020, -1246.430908, 49.843693, -0.803832, 0, 0, 0, 0, 300, 300),
(10237, 1735, 0, 1, -1208.150024, -1246.430908, 50.275345, 0.657846, 0, 0, 0, 0, 300, 300),
(10238, 1735, 0, 1, -1178.329956, -1259.218994, 49.021130, 0.863549, 0, 0, 0, 0, 300, 300),
(10239, 1735, 0, 1, -1105.910034, -1300.780029, 58.962540, 1.255539, 0, 0, 0, 0, 300, 300),
(10240, 1735, 0, 1, -1167.680054, -1303.977051, 84.849327, -2.236276, 0, 0, 0, 0, 300, 300),
(10241, 1735, 0, 1, -1150.640015, -1345.538086, 56.164837, 1.925354, 0, 0, 0, 0, 300, 300),
(10242, 1735, 0, 1, -1150.640015, -1348.734863, 55.699665, -0.252704, 0, 0, 0, 0, 300, 300),
(10243, 1735, 0, 1, -258.169983, -1492.600098, 98.529999, 2.439197, 0, 0, 0, 0, 300, 300),
(10244, 1735, 0, 1, -285.859985, -1591.706787, 95.194305, 0.182918, 0, 0, 0, 0, 300, 300),
(10245, 1735, 0, 1, -494.599976, -1655.646973, 80.250412, -0.093059, 0, 0, 0, 0, 300, 300),
(10246, 1735, 0, 1, -354.020020, -1703.602051, 99.347214, 1.970251, 0, 0, 0, 0, 300, 300),
(10247, 1735, 0, 1, -356.149963, -1703.602051, 97.264648, -0.625434, 0, 0, 0, 0, 300, 300),
(10248, 1735, 0, 1, -558.500000, -1735.572021, 73.091721, -2.369828, 0, 0, 0, 0, 300, 300),
(10249, 1735, 0, 1, -260.299988, -1767.541992, 127.502907, 0.325657, 0, 0, 0, 0, 300, 300),
(10250, 1735, 0, 1, -403.010010, -1770.739014, 102.714241, -1.722138, 0, 0, 0, 0, 300, 300),
(10251, 1735, 0, 1, -437.090027, -1825.087891, 81.697060, 2.764804, 0, 0, 0, 0, 300, 300),
(10252, 1735, 0, 1, -439.219971, -1828.284912, 79.732849, -0.478890, 0, 0, 0, 0, 300, 300),
(10253, 2047, 0, 1, -283.698059, -294.110260, 43.286270, -0.095358, 0, 0, 0, 0, 300, 300), -- truesilver deposit
(10254, 2047, 0, 1, -180.971527, -317.144897, 56.120983, 3.024635, 0, 0, 0, 0, 300, 300),
(10255, 2047, 0, 1, -273.080017, -386.437988, 66.044891, 0.537895, 0, 0, 0, 0, 300, 300),
(10256, 2040, 0, 1, -283.698059, -294.110260, 43.286270, -3.076117, 0, 0, 0, 0, 300, 300), -- mithril deposit
(10257, 2040, 0, 1, -291.644714, -291.144012, 45.810757, -0.210178, 0, 0, 0, 0, 300, 300),
(10258, 2040, 0, 1, -233.834305, -296.539215, 53.220867, -2.248235, 0, 0, 0, 0, 300, 300),
(10259, 2040, 0, 1, -249.560806, -307.827759, 53.755619, 1.255784, 0, 0, 0, 0, 300, 300),
(10260, 2040, 0, 1, -217.706009, -317.191559, 72.882408, -0.133547, 0, 0, 0, 0, 300, 300),
(10261, 2040, 0, 1, -180.971527, -317.144897, 56.120983, 0.853037, 0, 0, 0, 0, 300, 300),
(10262, 2040, 0, 1, -120.564148, -358.509888, 55.132423, -3.030639, 0, 0, 0, 0, 300, 300),
(10263, 2040, 0, 1, -273.080017, -386.437988, 66.044891, -1.110913, 0, 0, 0, 0, 300, 300),
(10264, 103711, 0, 1, -835.400024, 201.809937, 7.380799, 2.251247, 0, 0, 0, 0, 300, 300), -- tin vein (barrens south)
(10265, 103711, 0, 1, -797.059937, 176.234009, 61.133640, -2.223475, 0, 0, 0, 0, 300, 300),
(10266, 103711, 0, 1, -814.891968, 142.813934, 5.933118, 0.708472, 0, 0, 0, 0, 300, 300),
(10267, 103711, 0, 1, -768.600952, 158.897095, 21.718231, 3.117526, 0, 0, 0, 0, 300, 300),
(10268, 103711, 0, 1, -818.359985, 153.854996, 2.457830, 0.074361, 0, 0, 0, 0, 300, 300),
(10269, 103711, 0, 1, -791.841980, 152.908218, 3.685027, 0.887291, 0, 0, 0, 0, 300, 300),
(10270, 103711, 0, 1, -772.426880, 119.890022, 17.590376, 0.584181, 0, 0, 0, 0, 300, 300),
(10271, 103711, 0, 1, -801.320068, 102.703003, 7.471012, 2.740598, 0, 0, 0, 0, 300, 300),
(10272, 103711, 0, 1, -803.449951, 102.703003, 7.164451, 2.570174, 0, 0, 0, 0, 300, 300),
(10273, 103711, 0, 1, -837.529907, 83.520935, 2.743572, -2.645194, 0, 0, 0, 0, 300, 300),
(10274, 103711, 0, 1, -752.330078, 64.339050, 11.805000, -2.709254, 0, 0, 0, 0, 300, 300),
(10275, 103711, 0, 1, -809.840088, 61.141968, 7.307672, 3.133464, 0, 0, 0, 0, 300, 300),
(10276, 103711, 0, 1, -701.210083, 48.354065, 14.257949, 0.035466, 0, 0, 0, 0, 300, 300),
(10277, 103711, 0, 1, -728.581482, 33.552578, 12.973619, -3.054095, 0, 0, 0, 0, 300, 300),
(10278, 103711, 0, 1, -785.739502, 36.761189, 14.796543, 1.318890, 0, 0, 0, 0, 300, 300),
(10279, 105569, 0, 1, -835.400024, 201.809937, 7.380799, -1.273326, 0, 0, 0, 0, 300, 300), -- silver vein (barrens south)
(10280, 105569, 0, 1, -831.855225, 191.220306, 6.159287, -0.051309, 0, 0, 0, 0, 300, 300),
(10281, 105569, 0, 1, -814.891968, 142.813934, 5.933118, -2.514318, 0, 0, 0, 0, 300, 300),
(10282, 105569, 0, 1, -768.600952, 158.897095, 21.718231, 2.804175, 0, 0, 0, 0, 300, 300),
(10283, 105569, 0, 1, -818.359985, 153.854996, 2.457830, -2.626896, 0, 0, 0, 0, 300, 300),
(10284, 105569, 0, 1, -791.841980, 152.908218, 3.685027, -2.363465, 0, 0, 0, 0, 300, 300),
(10285, 105569, 0, 1, -743.817810, 134.193420, 21.375141, -2.635155, 0, 0, 0, 0, 300, 300),
(10286, 105569, 0, 1, -734.292969, 124.744240, 21.293951, 1.033210, 0, 0, 0, 0, 300, 300),
(10287, 105569, 0, 1, -768.959229, 116.907814, 15.987068, 0.643628, 0, 0, 0, 0, 300, 300),
(10288, 105569, 0, 1, -801.320068, 102.703003, 7.471012, 3.037745, 0, 0, 0, 0, 300, 300),
(10289, 105569, 0, 1, -803.449951, 102.703003, 7.164451, -0.179051, 0, 0, 0, 0, 300, 300),
(10290, 105569, 0, 1, -731.906494, 93.110001, 14.298557, 0.789182, 0, 0, 0, 0, 300, 300),
(10291, 105569, 0, 1, -837.529907, 83.520935, 2.743572, 2.719725, 0, 0, 0, 0, 300, 300),
(10292, 105569, 0, 1, -750.200073, 64.339050, 11.507450, 2.092501, 0, 0, 0, 0, 300, 300),
(10293, 105569, 0, 1, -809.840088, 61.141968, 7.307672, -1.428002, 0, 0, 0, 0, 300, 300),
(10294, 105569, 0, 1, -701.210083, 48.354065, 14.257949, -3.081984, 0, 0, 0, 0, 300, 300),
(10295, 105569, 0, 1, -728.581482, 33.552578, 12.973619, -2.744771, 0, 0, 0, 0, 300, 300),
(10296, 105569, 0, 1, -785.739502, 36.761189, 14.796543, -0.086805, 0, 0, 0, 0, 300, 300),
-- Loch Modan:
(10297, 1731, 0, 1, -4937.740234, -2634.159912, 330.841553, 1.751962, 0, 0, 0, 0, 300, 300), -- copper vein
(10298, 1731, 0, 1, -4939.575195, -2634.159912, 331.904419, 1.635753, 0, 0, 0, 0, 300, 300),
(10299, 1731, 0, 1, -5165.280273, -2650.689941, 353.071381, -0.452986, 0, 0, 0, 0, 300, 300),
(10300, 1731, 0, 1, -5266.205078, -2692.014893, 351.539429, 1.734091, 0, 0, 0, 0, 300, 300),
(10301, 1731, 0, 1, -5269.875000, -2692.014893, 350.978485, -1.690211, 0, 0, 0, 0, 300, 300),
(10302, 1731, 0, 1, -5042.334961, -2694.770020, -200000.000000, 1.748387, 0, 0, 0, 0, 300, 300),
(10303, 1731, 0, 1, -5304.740234, -2700.280029, 351.144775, 2.145380, 0, 0, 0, 0, 300, 300),
(10304, 1731, 0, 1, -5310.245117, -2700.280029, 355.315582, 0.330674, 0, 0, 0, 0, 300, 300),
(10305, 1731, 0, 1, -5425.850098, -2711.300049, 369.743652, -3.034827, 0, 0, 0, 0, 300, 300),
(10306, 1731, 0, 1, -5535.950195, -2714.054932, 368.183777, 2.551332, 0, 0, 0, 0, 300, 300),
(10307, 1731, 0, 1, -5354.285156, -2719.564941, 363.788727, -2.526415, 0, 0, 0, 0, 300, 300),
(10308, 1731, 0, 1, -5361.625000, -2719.564941, 362.715729, -2.762678, 0, 0, 0, 0, 300, 300),
(10309, 1731, 0, 1, -5071.694824, -2722.320068, 345.095764, 0.554757, 0, 0, 0, 0, 300, 300),
(10310, 1731, 0, 1, -5515.765137, -2733.340088, 363.990723, -1.474704, 0, 0, 0, 0, 300, 300),
(10311, 1731, 0, 1, -5961.669922, -2780.175049, 390.979889, 2.966121, 0, 0, 0, 0, 300, 300),
(10312, 1731, 0, 1, -4666.160156, -2843.540039, 325.565277, 1.041431, 0, 0, 0, 0, 300, 300),
(10313, 1731, 0, 1, -4662.490234, -2846.294922, 326.399231, -0.099151, 0, 0, 0, 0, 300, 300),
(10314, 1731, 0, 1, -5910.290039, -2849.050049, 378.042572, -1.531510, 0, 0, 0, 0, 300, 300),
(10315, 1731, 0, 1, -5912.125000, -2849.050049, 377.898895, 1.924801, 0, 0, 0, 0, 300, 300),
(10316, 1731, 0, 1, -6000.205078, -2857.314941, 393.509705, -0.513281, 0, 0, 0, 0, 300, 300),
(10317, 1731, 0, 1, -5759.819824, -2860.070068, 372.305267, 2.254880, 0, 0, 0, 0, 300, 300),
(10318, 1731, 0, 1, -5759.819824, -2862.824951, 371.543732, 2.930878, 0, 0, 0, 0, 300, 300),
(10319, 1731, 0, 1, -6000.205078, -2862.824951, 397.775513, 2.179389, 0, 0, 0, 0, 300, 300),
(10320, 1731, 0, 1, -4855.165039, -2879.354980, 335.434143, -1.959396, 0, 0, 0, 0, 300, 300),
(10321, 1731, 0, 1, -4972.604980, -2912.415039, 335.874054, -0.329407, 0, 0, 0, 0, 300, 300),
(10322, 1731, 0, 1, -6113.975098, -2923.435059, 418.780182, 0.315160, 0, 0, 0, 0, 300, 300),
(10323, 1731, 0, 1, -5620.359863, -2926.189941, 409.883453, 2.597818, 0, 0, 0, 0, 300, 300),
(10324, 1731, 0, 1, -6110.305176, -2926.189941, 418.859528, 0.447968, 0, 0, 0, 0, 300, 300),
(10325, 1731, 0, 1, -5546.959961, -2931.699951, 372.523224, -2.763677, 0, 0, 0, 0, 300, 300),
(10326, 1731, 0, 1, -5961.669922, -2931.699951, 380.287720, -3.006634, 0, 0, 0, 0, 300, 300),
(10327, 1731, 0, 1, -5543.290039, -2934.455078, 368.477875, 0.139500, 0, 0, 0, 0, 300, 300),
(10328, 1731, 0, 1, -5967.267090, -2933.940430, 384.390991, -2.779006, 0, 0, 0, 0, 300, 300),
(10329, 1731, 0, 1, -6134.160156, -2945.475098, 398.330505, -3.079439, 0, 0, 0, 0, 300, 300),
(10330, 1731, 0, 1, -5792.850098, -2950.984863, 377.404846, 2.265531, 0, 0, 0, 0, 300, 300),
(10331, 1731, 0, 1, -6053.419922, -2956.495117, 401.445496, 1.310654, 0, 0, 0, 0, 300, 300),
(10332, 1731, 0, 1, -6082.779785, -2956.495117, 425.395264, 0.047004, 0, 0, 0, 0, 300, 300),
(10333, 1731, 0, 1, -4989.120117, -2962.004883, 339.093384, -0.681479, 0, 0, 0, 0, 300, 300),
(10334, 1731, 0, 1, -6119.479980, -2962.004883, 398.068878, -0.797332, 0, 0, 0, 0, 300, 300),
(10335, 1731, 0, 1, -4924.895020, -2967.514893, 317.398956, -1.061018, 0, 0, 0, 0, 300, 300),
(10336, 1731, 0, 1, -6024.060059, -2967.514893, 403.965271, 0.672802, 0, 0, 0, 0, 300, 300),
(10337, 1731, 0, 1, -4908.379883, -2970.270020, 316.623108, -2.206690, 0, 0, 0, 0, 300, 300),
(10338, 1731, 0, 1, -4948.750000, -2970.270020, 359.024078, 2.608997, 0, 0, 0, 0, 300, 300),
(10339, 1731, 0, 1, -5897.445312, -2970.270020, 370.936615, 0.595406, 0, 0, 0, 0, 300, 300),
(10340, 1731, 0, 1, -6020.390137, -2970.270020, 402.222992, 0.624038, 0, 0, 0, 0, 300, 300),
(10341, 1731, 0, 1, -4901.040039, -2973.024902, 317.210602, -0.855733, 0, 0, 0, 0, 300, 300),
(10342, 1731, 0, 1, -4904.709961, -2973.024902, 316.912170, 2.493114, 0, 0, 0, 0, 300, 300),
(10343, 1731, 0, 1, -4926.729980, -2973.024902, 317.342834, 2.219970, 0, 0, 0, 0, 300, 300),
(10344, 1731, 0, 1, -4948.750000, -2973.024902, 358.192474, -0.012341, 0, 0, 0, 0, 300, 300),
(10345, 1731, 0, 1, -5899.280273, -2973.024902, 371.649414, -1.000210, 0, 0, 0, 0, 300, 300),
(10346, 1731, 0, 1, -4866.174805, -2975.780029, 318.475616, -0.695099, 0, 0, 0, 0, 300, 300),
(10347, 1731, 0, 1, -6135.995117, -2975.780029, 400.019806, 2.328567, 0, 0, 0, 0, 300, 300),
(10348, 1731, 0, 1, -6098.724609, -2988.167725, 401.614594, -1.648519, 0, 0, 0, 0, 300, 300),
(10349, 1731, 0, 1, -4961.595215, -2984.044922, 346.600464, -0.810176, 0, 0, 0, 0, 300, 300),
(10350, 1731, 0, 1, -6044.245117, -2984.044922, 402.353577, 1.285710, 0, 0, 0, 0, 300, 300),
(10351, 1731, 0, 1, -6117.645020, -2986.800049, 401.956085, -2.734917, 0, 0, 0, 0, 300, 300),
(10352, 1731, 0, 1, -5524.939941, -2989.554932, 371.929718, 1.519087, 0, 0, 0, 0, 300, 300),
(10353, 1731, 0, 1, -5526.774902, -2989.554932, 372.023621, -0.219685, 0, 0, 0, 0, 300, 300),
(10354, 1731, 0, 1, -4679.004883, -2997.820068, 320.378540, 1.841148, 0, 0, 0, 0, 300, 300),
(10355, 1731, 0, 1, -4679.004883, -3000.574951, 319.632996, -1.077435, 0, 0, 0, 0, 300, 300),
(10356, 1731, 0, 1, -4864.339844, -3000.574951, 317.483215, -1.579058, 0, 0, 0, 0, 300, 300),
(10357, 1731, 0, 1, -4866.174805, -3000.574951, 317.461273, 2.844288, 0, 0, 0, 0, 300, 300),
(10358, 1731, 0, 1, -4790.939941, -3008.840088, 308.691467, 2.277733, 0, 0, 0, 0, 300, 300),
(10359, 1731, 0, 1, -4794.609863, -3008.840088, 308.924866, 1.870721, 0, 0, 0, 0, 300, 300),
(10360, 1731, 0, 1, -6025.895020, -3011.594971, 404.504303, -2.331115, 0, 0, 0, 0, 300, 300),
(10361, 1731, 0, 1, -6121.314941, -3022.614990, 396.443390, 0.468842, 0, 0, 0, 0, 300, 300),
(10362, 1731, 0, 1, -6158.015137, -3025.370117, 392.822266, 1.938238, 0, 0, 0, 0, 300, 300),
(10363, 1731, 0, 1, -6161.685059, -3028.125000, 391.435516, -2.832036, 0, 0, 0, 0, 300, 300),
(10364, 1731, 0, 1, -4901.040039, -3041.899902, 319.856903, -0.580148, 0, 0, 0, 0, 300, 300),
(10365, 1731, 0, 1, -4902.875000, -3041.899902, 320.097473, 0.165140, 0, 0, 0, 0, 300, 300),
(10366, 1731, 0, 1, -6106.634766, -3044.655029, 402.474670, 0.231170, 0, 0, 0, 0, 300, 300),
(10367, 1731, 0, 1, -6093.790039, -3047.410156, 400.831177, -1.997079, 0, 0, 0, 0, 300, 300),
(10368, 1731, 0, 1, -5879.095215, -3091.489990, 331.486115, 1.933148, 0, 0, 0, 0, 300, 300),
(10369, 1731, 0, 1, -5110.229980, -3119.040039, 313.616272, 0.491034, 0, 0, 0, 0, 300, 300),
(10370, 1731, 0, 1, -4656.984863, -3121.794922, 301.743195, -2.040689, 0, 0, 0, 0, 300, 300),
(10371, 1731, 0, 1, -5690.089844, -3127.305176, 316.531433, 2.597059, 0, 0, 0, 0, 300, 300),
(10372, 1731, 0, 1, -5691.924805, -3127.305176, 315.229980, 0.990332, 0, 0, 0, 0, 300, 300),
(10373, 1731, 0, 1, -4840.484863, -3135.570068, 318.496399, -1.310300, 0, 0, 0, 0, 300, 300),
(10374, 1731, 0, 1, -4838.649902, -3138.324951, 318.897186, -0.245179, 0, 0, 0, 0, 300, 300),
(10375, 1731, 0, 1, -5368.964844, -3138.324951, 302.691284, 1.463194, 0, 0, 0, 0, 300, 300),
(10376, 1731, 0, 1, -4732.220215, -3141.080078, 304.558777, 0.564321, 0, 0, 0, 0, 300, 300),
(10377, 1731, 0, 1, -4974.439941, -3143.834961, 321.442627, 0.814535, 0, 0, 0, 0, 300, 300),
(10378, 1731, 0, 1, -4976.274902, -3143.834961, 320.537659, 0.107538, 0, 0, 0, 0, 300, 300),
(10379, 1731, 0, 1, -5624.029785, -3152.100098, 323.465790, -2.587825, 0, 0, 0, 0, 300, 300),
(10380, 1731, 0, 1, -5708.439941, -3176.895020, 320.550018, 0.335395, 0, 0, 0, 0, 300, 300),
(10381, 1731, 0, 1, -5710.274902, -3179.649902, 320.303009, -2.453035, 0, 0, 0, 0, 300, 300),
(10382, 1731, 0, 1, -5464.384766, -3187.915039, 336.095856, -2.466276, 0, 0, 0, 0, 300, 300),
(10383, 1731, 0, 1, -5781.839844, -3215.464844, 308.862183, -2.735028, 0, 0, 0, 0, 300, 300),
(10384, 1731, 0, 1, -5783.674805, -3215.464844, 308.076416, 2.316632, 0, 0, 0, 0, 300, 300),
(10385, 1731, 0, 1, -5361.625000, -3234.750000, 286.672089, 1.627840, 0, 0, 0, 0, 300, 300),
(10386, 1731, 0, 1, -5642.379883, -3254.034912, 312.063293, 0.334961, 0, 0, 0, 0, 300, 300),
(10387, 1731, 0, 1, -5594.669922, -3256.790039, 289.722626, -1.042221, 0, 0, 0, 0, 300, 300),
(10388, 1731, 0, 1, -5178.125000, -3289.850098, 275.950134, -0.087650, 0, 0, 0, 0, 300, 300),
(10389, 1731, 0, 1, -5286.390137, -3306.379883, 253.292511, -1.420646, 0, 0, 0, 0, 300, 300),
(10390, 1731, 0, 1, -5499.250000, -3314.645020, 286.497864, 0.137020, 0, 0, 0, 0, 300, 300),
(10391, 1731, 0, 1, -5090.044922, -3325.665039, 280.671448, 1.173439, 0, 0, 0, 0, 300, 300),
(10392, 1731, 0, 1, -5141.424805, -3361.479980, 284.463715, -1.166848, 0, 0, 0, 0, 300, 300),
(10393, 1731, 0, 1, -5302.904785, -3375.254883, 285.153778, 3.088911, 0, 0, 0, 0, 300, 300),
(10394, 1731, 0, 1, -4912.049805, -3380.765137, 302.621216, -2.863270, 0, 0, 0, 0, 300, 300),
(10395, 1731, 0, 1, -5405.665039, -3422.089844, 284.045868, 0.009907, 0, 0, 0, 0, 300, 300),
(10396, 1731, 0, 1, -4737.725098, -3427.600098, 287.632935, -2.074640, 0, 0, 0, 0, 300, 300),
(10397, 1731, 0, 1, -4735.890137, -3430.354980, 287.652802, 1.686376, 0, 0, 0, 0, 300, 300),
(10398, 1731, 0, 1, -5813.035156, -3477.189941, 312.394684, -0.223107, 0, 0, 0, 0, 300, 300),
(10399, 1731, 0, 1, -5741.469727, -3532.290039, 304.140961, -1.017055, 0, 0, 0, 0, 300, 300),
(10400, 1731, 0, 1, -5583.660156, -3543.310059, 289.576660, -0.831869, 0, 0, 0, 0, 300, 300),
(10401, 1731, 0, 1, -5363.459961, -3551.574951, 281.167603, -1.636269, 0, 0, 0, 0, 300, 300),
(10402, 1731, 0, 1, -5304.740234, -3562.594971, 287.506042, 2.801846, 0, 0, 0, 0, 300, 300),
(10403, 1731, 0, 1, -5306.575195, -3565.350098, 287.091278, -2.620097, 0, 0, 0, 0, 300, 300),
(10404, 1731, 0, 1, -4750.569824, -3584.635010, 304.929840, -0.957638, 0, 0, 0, 0, 300, 300),
(10405, 1731, 0, 1, -5789.180176, -3584.635010, 336.425964, -0.446375, 0, 0, 0, 0, 300, 300),
(10406, 1731, 0, 1, -5816.705078, -3606.674805, 358.373383, -2.341463, 0, 0, 0, 0, 300, 300),
(10407, 1731, 0, 1, -5926.804688, -3609.430176, 353.638000, -2.301099, 0, 0, 0, 0, 300, 300),
(10408, 1731, 0, 1, -5715.780273, -3625.959961, 313.901764, 1.187543, 0, 0, 0, 0, 300, 300),
(10409, 1731, 0, 1, -5719.450195, -3714.120117, 311.375153, -0.021155, 0, 0, 0, 0, 300, 300),
(10410, 1731, 0, 1, -5719.450195, -3716.875000, 312.026703, 3.051792, 0, 0, 0, 0, 300, 300),
(10411, 1731, 0, 1, -5858.910156, -3755.444824, 334.484833, -1.584349, 0, 0, 0, 0, 300, 300),
(10412, 1731, 0, 1, -4924.895020, -3763.709961, 321.122192, 0.108377, 0, 0, 0, 0, 300, 300),
(10413, 1731, 0, 1, -5016.645020, -3802.280029, 328.056458, -2.797681, 0, 0, 0, 0, 300, 300),
(10414, 1731, 0, 1, -5902.950195, -3849.114990, 348.943359, -2.542100, 0, 0, 0, 0, 300, 300),
(10415, 1731, 0, 1, -5473.560059, -3862.889893, 329.882660, -1.062624, 0, 0, 0, 0, 300, 300),
(10416, 1731, 0, 1, -4983.615234, -3868.399902, 319.044495, -2.936258, 0, 0, 0, 0, 300, 300),
(10417, 1731, 0, 1, -5130.415039, -3923.500000, 324.310944, -2.641045, 0, 0, 0, 0, 300, 300),
(10418, 1731, 0, 1, -5745.140137, -3934.520020, 330.177063, 2.764460, 0, 0, 0, 0, 300, 300),
(10419, 1731, 0, 1, -5746.975098, -3934.520020, 331.827576, 1.689847, 0, 0, 0, 0, 300, 300),
(10420, 1731, 0, 1, -5745.140137, -3937.274902, 328.920044, -1.944106, 0, 0, 0, 0, 300, 300),
(10421, 1731, 0, 1, -5746.975098, -3937.274902, 330.157532, -1.164672, 0, 0, 0, 0, 300, 300),
(10422, 1731, 0, 1, -4825.805176, -3956.560059, 337.003632, -1.126451, 0, 0, 0, 0, 300, 300),
(10423, 1731, 0, 1, -5119.404785, -3975.844971, 319.217102, -2.425248, 0, 0, 0, 0, 300, 300),
(10424, 1731, 0, 1, -5541.455078, -4014.415039, 382.416962, 1.543859, 0, 0, 0, 0, 300, 300),
(10425, 1731, 0, 1, -5378.140137, -4022.680176, 346.724609, -0.424129, 0, 0, 0, 0, 300, 300),
(10426, 1731, 0, 1, -4893.700195, -4036.455078, 326.112518, -0.644910, 0, 0, 0, 0, 300, 300),
(10427, 1731, 0, 1, -5869.919922, -4069.515137, 398.264740, -2.213058, 0, 0, 0, 0, 300, 300),
(10428, 1731, 0, 1, -5605.679688, -4105.330078, 389.717407, 1.417196, 0, 0, 0, 0, 300, 300),
(10429, 1731, 0, 1, -5189.134766, -4138.389648, 344.421204, 0.059748, 0, 0, 0, 0, 300, 300),
(10430, 1731, 0, 1, -5475.395020, -4138.389648, 389.927216, -2.876068, 0, 0, 0, 0, 300, 300),
(10431, 1731, 0, 1, -5917.629883, -4143.899902, 400.202087, -0.100905, 0, 0, 0, 0, 300, 300),
(10432, 1731, 0, 1, -5093.714844, -4146.655273, 336.783997, 1.098172, 0, 0, 0, 0, 300, 300),
(10433, 1731, 0, 1, -5524.939941, -4160.429688, 380.953979, 0.661450, 0, 0, 0, 0, 300, 300),
(10434, 1731, 0, 1, -5526.774902, -4160.429688, 380.396729, -1.190496, 0, 0, 0, 0, 300, 300),
(10435, 1731, 0, 1, -5673.575195, -4163.185059, 404.063141, 2.513283, 0, 0, 0, 0, 300, 300),
(10436, 1731, 0, 1, -5543.290039, -4311.955078, 396.589966, 1.465174, 0, 0, 0, 0, 300, 300),
(10440, 1732, 0, 1, -5066.189941, -2617.629883, 373.033356, -0.643952, 0, 0, 0, 0, 300, 300), -- tin vein
(10441, 1732, 0, 1, -5071.694824, -2617.629883, 375.015411, 0.126698, 0, 0, 0, 0, 300, 300),
(10442, 1732, 0, 1, -5361.625000, -2692.014893, 383.961823, -0.466347, 0, 0, 0, 0, 300, 300),
(10443, 1732, 0, 1, -5359.790039, -2694.770020, 387.526978, -1.291751, 0, 0, 0, 0, 300, 300),
(10444, 1732, 0, 1, -5359.790039, -2697.524902, 388.737640, -3.113538, 0, 0, 0, 0, 300, 300),
(10445, 1732, 0, 1, -6060.759766, -2741.604980, 415.868347, 0.602990, 0, 0, 0, 0, 300, 300),
(10446, 1732, 0, 1, -5572.649902, -2749.870117, 370.015320, 2.846919, 0, 0, 0, 0, 300, 300),
(10449, 1732, 0, 1, -5576.320312, -2752.625000, 368.939301, 1.043243, 0, 0, 0, 0, 300, 300),
(10450, 1732, 0, 1, -5818.540039, -2804.969971, 379.765869, 0.898262, 0, 0, 0, 0, 300, 300),
(10451, 1732, 0, 1, -5820.375000, -2804.969971, 379.268433, -1.793406, 0, 0, 0, 0, 300, 300),
(10452, 1732, 0, 1, -6093.790039, -2813.234863, 413.726807, -2.810564, 0, 0, 0, 0, 300, 300),
(10453, 1732, 0, 1, -6095.625000, -2813.234863, 417.940552, -1.500018, 0, 0, 0, 0, 300, 300),
(10454, 1732, 0, 1, -6088.285156, -2912.415039, 419.204376, 0.577133, 0, 0, 0, 0, 300, 300),
(10455, 1732, 0, 1, -6172.694824, -2942.719971, 406.728241, 0.973105, 0, 0, 0, 0, 300, 300),
(10456, 1732, 0, 1, -6170.859863, -2945.475098, 407.169769, -2.048794, 0, 0, 0, 0, 300, 300),
(10462, 1732, 0, 1, -6218.569824, -2948.229980, 404.091461, 0.709395, 0, 0, 0, 0, 300, 300),
(10463, 1732, 0, 1, -4765.250000, -2962.004883, 320.415802, 0.115590, 0, 0, 0, 0, 300, 300),
(10466, 1732, 0, 1, -6055.254883, -2978.534912, 403.984711, -0.865073, 0, 0, 0, 0, 300, 300),
(10467, 1732, 0, 1, -6194.714844, -2978.534912, 392.834625, 1.533589, 0, 0, 0, 0, 300, 300),
(10468, 1732, 0, 1, -6220.405273, -2997.820068, 385.687073, -2.180577, 0, 0, 0, 0, 300, 300),
(10469, 1732, 0, 1, -6220.405273, -3000.574951, 385.735291, -0.171379, 0, 0, 0, 0, 300, 300),
(10476, 1732, 0, 1, -6224.075195, -3000.574951, 386.527527, 1.558226, 0, 0, 0, 0, 300, 300),
(10477, 1732, 0, 1, -6198.384766, -3025.370117, 387.627747, 1.343404, 0, 0, 0, 0, 300, 300),
(10478, 1732, 0, 1, -6196.549805, -3028.125000, 388.587402, 2.403104, 0, 0, 0, 0, 300, 300),
(10479, 1732, 0, 1, -5763.490234, -3573.614990, 338.342712, 1.274542, 0, 0, 0, 0, 300, 300),
(10480, 1732, 0, 1, -5767.160156, -3576.370117, 337.864563, 2.381424, 0, 0, 0, 0, 300, 300),
(10481, 1732, 0, 1, -4743.229980, -3636.979980, 308.509094, -1.400156, 0, 0, 0, 0, 300, 300),
(10482, 1732, 0, 1, -4778.095215, -3700.345215, 313.575958, 2.299069, 0, 0, 0, 0, 300, 300),
(10483, 1732, 0, 1, -5800.189941, -3741.669922, 323.942780, 0.376613, 0, 0, 0, 0, 300, 300),
(10484, 1732, 0, 1, -5802.024902, -3741.669922, 324.802673, -1.625215, 0, 0, 0, 0, 300, 300),
(10485, 1732, 0, 1, -4844.154785, -3794.015137, 303.466217, 1.209009, 0, 0, 0, 0, 300, 300),
(10486, 1732, 0, 1, -5057.015137, -3835.339844, 314.188690, 0.194926, 0, 0, 0, 0, 300, 300),
(10487, 1732, 0, 1, -4831.310059, -3879.419922, 302.242279, 3.091689, 0, 0, 0, 0, 300, 300),
(10488, 1732, 0, 1, -4831.310059, -3882.175049, 301.878235, -0.763814, 0, 0, 0, 0, 300, 300),
(10489, 1732, 0, 1, -4875.350098, -3882.175049, 303.521240, -0.413764, 0, 0, 0, 0, 300, 300),
(10490, 1732, 0, 1, -5080.870117, -3887.685059, 326.701385, 0.270423, 0, 0, 0, 0, 300, 300),
(10491, 1732, 0, 1, -5346.944824, -3895.949951, 334.279236, -0.597352, 0, 0, 0, 0, 300, 300),
(10492, 1732, 0, 1, -5640.544922, -3901.459961, 323.888611, 1.271086, 0, 0, 0, 0, 300, 300),
(10493, 1732, 0, 1, -4871.680176, -3912.479980, 303.790497, -0.644709, 0, 0, 0, 0, 300, 300),
(10494, 1732, 0, 1, -4864.339844, -3915.235107, 303.097015, 0.700831, 0, 0, 0, 0, 300, 300),
(10495, 1732, 0, 1, -5651.555176, -3920.745117, 326.598541, -1.685706, 0, 0, 0, 0, 300, 300),
(10496, 1732, 0, 1, -5899.280273, -3929.010010, 358.787964, 1.816434, 0, 0, 0, 0, 300, 300),
(10497, 1732, 0, 1, -5693.759766, -3948.294922, 326.660583, -2.174693, 0, 0, 0, 0, 300, 300),
(10498, 1732, 0, 1, -5409.334961, -3967.580078, 340.879089, -0.509550, 0, 0, 0, 0, 300, 300),
(10499, 1732, 0, 1, -5662.564941, -3970.334961, 322.796265, 1.695612, 0, 0, 0, 0, 300, 300),
(10500, 1732, 0, 1, -5302.904785, -3973.089844, 339.518066, 2.000361, 0, 0, 0, 0, 300, 300),
(10501, 1732, 0, 1, -5306.575195, -3975.844971, 340.419403, 1.955746, 0, 0, 0, 0, 300, 300),
(10502, 1732, 0, 1, -5005.634766, -3984.109863, 301.244232, 2.209800, 0, 0, 0, 0, 300, 300),
(10503, 1732, 0, 1, -5466.220215, -3989.620117, 348.893982, 3.036861, 0, 0, 0, 0, 300, 300),
(10504, 1732, 0, 1, -5686.419922, -3989.620117, 332.609772, 2.258958, 0, 0, 0, 0, 300, 300),
(10505, 1732, 0, 1, -5471.725098, -3992.375000, 350.686188, 2.097580, 0, 0, 0, 0, 300, 300),
(10506, 1732, 0, 1, -5684.584961, -3992.375000, 329.537598, -3.075651, 0, 0, 0, 0, 300, 300),
(10507, 1732, 0, 1, -5468.055176, -3995.129883, 347.780060, 1.903805, 0, 0, 0, 0, 300, 300),
(10508, 1732, 0, 1, -5752.479980, -4003.395020, 331.762085, -1.376795, 0, 0, 0, 0, 300, 300),
(10509, 1732, 0, 1, -5840.560059, -4006.149902, 373.520477, -2.598071, 0, 0, 0, 0, 300, 300),
(10510, 1732, 0, 1, -4961.595215, -4033.700195, 301.748169, -1.152322, 0, 0, 0, 0, 300, 300),
(10511, 1732, 0, 1, -4860.669922, -4047.475098, 317.143494, -2.967225, 0, 0, 0, 0, 300, 300),
(10512, 1732, 0, 1, -4952.419922, -4064.004883, 300.745819, 0.471562, 0, 0, 0, 0, 300, 300),
(10513, 1732, 0, 1, -5671.740234, -4064.004883, 370.678009, -1.934008, 0, 0, 0, 0, 300, 300),
(10514, 1732, 0, 1, -4943.245117, -4075.024902, 300.490845, 0.039286, 0, 0, 0, 0, 300, 300),
(10515, 1732, 0, 1, -4828.163574, -4092.855225, 306.372314, 1.304886, 0, 0, 0, 0, 300, 300),
(10516, 1732, 0, 1, -4828.085449, -4088.707764, 306.339935, -0.384698, 0, 0, 0, 0, 300, 300),
(10517, 1732, 0, 1, -5688.254883, -4099.820312, 397.861420, 2.874211, 0, 0, 0, 0, 300, 300),
(10518, 1732, 0, 1, -4789.104980, -4108.084961, 312.353149, 3.102222, 0, 0, 0, 0, 300, 300),
(10519, 1732, 0, 1, -4745.064941, -4110.839844, 312.174072, -2.255906, 0, 0, 0, 0, 300, 300),
(10520, 1732, 0, 1, -4792.774902, -4110.839844, 307.094452, -2.552311, 0, 0, 0, 0, 300, 300),
(10521, 1732, 0, 1, -5730.459961, -4130.125000, 392.514954, 2.716189, 0, 0, 0, 0, 300, 300),
(10522, 1732, 0, 1, -5785.509766, -4132.879883, 391.445007, 0.473960, 0, 0, 0, 0, 300, 300),
(10523, 1732, 0, 1, -4803.785156, -4135.634766, 304.900513, -0.082452, 0, 0, 0, 0, 300, 300),
(10524, 1732, 0, 1, -4990.955078, -4143.899902, 312.170349, -2.807901, 0, 0, 0, 0, 300, 300),
(10525, 1732, 0, 1, -4994.625000, -4149.410156, 313.740662, 1.872793, 0, 0, 0, 0, 300, 300),
(10526, 1732, 0, 1, -5855.240234, -4160.429688, 391.495117, 0.851748, 0, 0, 0, 0, 300, 300),
(10527, 1732, 0, 1, -5857.075195, -4160.429688, 390.632874, -1.795413, 0, 0, 0, 0, 300, 300),
(10528, 1732, 0, 1, -5348.779785, -4165.939941, 334.516632, 1.217341, 0, 0, 0, 0, 300, 300),
(10529, 1732, 0, 1, -4787.270020, -4174.205078, 305.652069, 0.627379, 0, 0, 0, 0, 300, 300),
(10530, 1732, 0, 1, -5220.330078, -4199.000000, 356.560028, -2.033709, 0, 0, 0, 0, 300, 300),
(10531, 1732, 0, 1, -5844.229980, -4201.754883, 418.830109, -1.842656, 0, 0, 0, 0, 300, 300),
(10532, 1733, 0, 1, -5068.024902, -2617.629883, 373.807617, -0.138086, 0, 0, 0, 0, 300, 300), -- silver vein
(10533, 1733, 0, 1, -6060.759766, -2741.604980, 415.868347, -3.096843, 0, 0, 0, 0, 300, 300),
(10534, 1733, 0, 1, -5578.155273, -2755.379883, 367.311554, 3.076479, 0, 0, 0, 0, 300, 300),
(10535, 1733, 0, 1, -6095.625000, -2813.234863, 417.940552, 1.943722, 0, 0, 0, 0, 300, 300),
(10536, 1733, 0, 1, -6086.450195, -2912.415039, 420.412628, 2.015897, 0, 0, 0, 0, 300, 300),
(10537, 1733, 0, 1, -4765.250000, -2962.004883, 320.415802, -3.106364, 0, 0, 0, 0, 300, 300),
(10538, 1733, 0, 1, -5768.995117, -3573.614990, 337.103790, 1.416689, 0, 0, 0, 0, 300, 300),
(10539, 1733, 0, 1, -5800.189941, -3741.669922, 323.942780, -1.552950, 0, 0, 0, 0, 300, 300),
(10540, 1733, 0, 1, -5802.024902, -3741.669922, 324.802673, 0.526280, 0, 0, 0, 0, 300, 300),
(10541, 1733, 0, 1, -4844.154785, -3794.015137, 303.466217, 0.213597, 0, 0, 0, 0, 300, 300),
(10542, 1733, 0, 1, -5640.544922, -3901.459961, 323.888611, -0.050530, 0, 0, 0, 0, 300, 300),
(10543, 1733, 0, 1, -5693.759766, -3948.294922, 326.660583, -1.717100, 0, 0, 0, 0, 300, 300),
(10544, 1733, 0, 1, -5664.399902, -3964.824951, 320.800659, 2.183031, 0, 0, 0, 0, 300, 300),
(10545, 1733, 0, 1, -5409.334961, -3970.334961, 340.621338, -1.151892, 0, 0, 0, 0, 300, 300),
(10546, 1733, 0, 1, -5003.799805, -3981.354980, 302.973267, -1.932124, 0, 0, 0, 0, 300, 300),
(10547, 1733, 0, 1, -5468.055176, -3992.375000, 348.239838, -1.110917, 0, 0, 0, 0, 300, 300),
(10548, 1733, 0, 1, -5688.254883, -4099.820312, 397.861420, -1.761072, 0, 0, 0, 0, 300, 300),
(10549, 1733, 0, 1, -5730.459961, -4132.879883, 389.163177, 1.263786, 0, 0, 0, 0, 300, 300),
(10550, 1733, 0, 1, -5785.509766, -4132.879883, 391.445007, 0.583471, 0, 0, 0, 0, 300, 300),
(10551, 1733, 0, 1, -5348.779785, -4165.939941, 334.516632, -2.135581, 0, 0, 0, 0, 300, 300),
(10552, 1733, 0, 1, -5842.395020, -4201.754883, 418.316559, 1.576365, 0, 0, 0, 0, 300, 300),
-- Redridge Mountains:
(10553, 1731, 0, 1, -9691.223633, -1754.196045, 63.001244, 0.653512, 0, 0, 0, 0, 300, 300), -- copper vein
(10554, 1731, 0, 1, -9696.992188, -1754.196045, 62.843143, 1.526818, 0, 0, 0, 0, 300, 300),
(10555, 1731, 0, 1, -9694.108398, -1756.364990, 61.081890, 2.605732, 0, 0, 0, 0, 300, 300),
(10556, 1731, 0, 1, -9695.549805, -1758.534058, 59.747726, -2.031945, 0, 0, 0, 0, 300, 300),
(10557, 1731, 0, 1, -9565.769531, -1836.618042, 71.872505, 2.924307, 0, 0, 0, 0, 300, 300),
(10558, 1731, 0, 1, -9564.328125, -1838.786987, 72.251495, 1.434337, 0, 0, 0, 0, 300, 300),
(10559, 1731, 0, 1, -9415.801758, -1914.702026, 97.585205, 1.919083, 0, 0, 0, 0, 300, 300),
(10560, 1731, 0, 1, -9371.099609, -1919.040039, 66.712006, 1.130383, 0, 0, 0, 0, 300, 300),
(10561, 1731, 0, 1, -9482.133789, -1977.603027, 95.256645, -2.830432, 0, 0, 0, 0, 300, 300),
(10562, 1731, 0, 1, -9650.847656, -2020.983032, 58.273151, 2.774206, 0, 0, 0, 0, 300, 300),
(10563, 1731, 0, 1, -9652.290039, -2020.983032, 57.680508, 0.904665, 0, 0, 0, 0, 300, 300),
(10564, 1731, 0, 1, -9050.975586, -2064.363037, 136.910599, 1.582241, 0, 0, 0, 0, 300, 300),
(10565, 1731, 0, 1, -9521.068359, -2101.236084, 93.196655, 2.040744, 0, 0, 0, 0, 300, 300),
(10566, 1731, 0, 1, -9522.509766, -2101.236084, 92.423393, -0.658169, 0, 0, 0, 0, 300, 300),
(10567, 1731, 0, 1, -9735.925781, -2101.236084, 60.105152, -0.985252, 0, 0, 0, 0, 300, 300),
(10568, 1731, 0, 1, -9521.068359, -2105.573975, 93.950211, -0.829367, 0, 0, 0, 0, 300, 300),
(10569, 1731, 0, 1, -9522.509766, -2105.573975, 93.357529, -2.756299, 0, 0, 0, 0, 300, 300),
(10570, 1731, 0, 1, -9735.925781, -2105.573975, 60.095749, -1.795505, 0, 0, 0, 0, 300, 300),
(10571, 1731, 0, 1, -9738.810547, -2105.573975, 60.623993, 1.184014, 0, 0, 0, 0, 300, 300),
(10572, 1731, 0, 1, -8776.996094, -2122.926025, 153.223831, -1.671751, 0, 0, 0, 0, 300, 300),
(10573, 1731, 0, 1, -8806.227539, -2137.610352, 149.314560, -0.451453, 0, 0, 0, 0, 300, 300),
(10574, 1731, 0, 1, -8702.011719, -2157.629883, 156.121643, -2.557623, 0, 0, 0, 0, 300, 300),
(10575, 1731, 0, 1, -9620.566406, -2157.629883, 66.781631, 2.419347, 0, 0, 0, 0, 300, 300),
(10576, 1731, 0, 1, -9623.450195, -2157.629883, 64.892021, 1.121825, 0, 0, 0, 0, 300, 300),
(10577, 1731, 0, 1, -8758.250000, -2161.968018, 160.637238, -2.308520, 0, 0, 0, 0, 300, 300),
(10578, 1731, 0, 1, -8693.360352, -2170.644043, 156.573166, -2.777980, 0, 0, 0, 0, 300, 300),
(10579, 1731, 0, 1, -8823.139648, -2170.644043, 139.455917, -1.914854, 0, 0, 0, 0, 300, 300),
(10580, 1731, 0, 1, -8840.444336, -2198.841064, 141.261826, 2.561132, 0, 0, 0, 0, 300, 300),
(10581, 1731, 0, 1, -8699.127930, -2205.347900, 153.787872, 2.204910, 0, 0, 0, 0, 300, 300),
(10582, 1731, 0, 1, -9800.816406, -2246.559082, 71.239937, -0.530606, 0, 0, 0, 0, 300, 300),
(10583, 1731, 0, 1, -8687.591797, -2248.728027, 155.257721, -1.773195, 0, 0, 0, 0, 300, 300),
(10584, 1731, 0, 1, -8665.961914, -2250.896973, 155.070221, 2.749774, 0, 0, 0, 0, 300, 300),
(10585, 1731, 0, 1, -8781.322266, -2261.741943, 148.413269, 1.838897, 0, 0, 0, 0, 300, 300),
(10586, 1731, 0, 1, -8671.730469, -2281.262939, 155.820038, -3.114741, 0, 0, 0, 0, 300, 300),
(10587, 1731, 0, 1, -8980.318359, -2296.446045, 136.101868, -2.530892, 0, 0, 0, 0, 300, 300),
(10588, 1731, 0, 1, -8980.318359, -2298.614990, 135.924393, 1.936688, 0, 0, 0, 0, 300, 300),
(10589, 1731, 0, 1, -9766.208008, -2315.967041, 71.070206, -2.849715, 0, 0, 0, 0, 300, 300),
(10590, 1731, 0, 1, -9767.650391, -2318.135986, 70.417809, -1.737522, 0, 0, 0, 0, 300, 300),
(10591, 1731, 0, 1, -9766.208008, -2320.304932, 71.159447, 3.102582, 0, 0, 0, 0, 300, 300),
(10592, 1731, 0, 1, -9767.650391, -2320.304932, 70.616470, 0.479887, 0, 0, 0, 0, 300, 300),
(10593, 1731, 0, 1, -9591.725586, -2400.558105, 64.490807, 0.563367, 0, 0, 0, 0, 300, 300),
(10594, 1731, 0, 1, -9594.610352, -2402.727051, 64.585129, 2.945555, 0, 0, 0, 0, 300, 300),
(10595, 1731, 0, 1, -9591.725586, -2407.064941, 63.741295, -1.134267, 0, 0, 0, 0, 300, 300),
(10596, 1731, 0, 1, -9733.041992, -2441.769043, 71.405563, -0.128776, 0, 0, 0, 0, 300, 300),
(10597, 1731, 0, 1, -9001.948242, -2478.642090, 146.836853, -0.396177, 0, 0, 0, 0, 300, 300),
(10598, 1731, 0, 1, -9003.389648, -2478.642090, 146.465347, -3.029336, 0, 0, 0, 0, 300, 300),
(10599, 1731, 0, 1, -9408.591797, -2485.148926, 27.453442, -0.754685, 0, 0, 0, 0, 300, 300),
(10600, 1731, 0, 1, -8837.559570, -2528.529053, 142.948776, -2.914368, 0, 0, 0, 0, 300, 300),
(10601, 1731, 0, 1, -8844.769531, -2528.529053, 137.598373, 0.796688, 0, 0, 0, 0, 300, 300),
(10602, 1731, 0, 1, -8709.221680, -2595.768066, 136.890762, 0.965007, 0, 0, 0, 0, 300, 300),
(10603, 1731, 0, 1, -8707.780273, -2602.274902, 138.852173, 1.619702, 0, 0, 0, 0, 300, 300),
(10604, 1731, 0, 1, -9720.064453, -2654.331055, 65.225479, 2.597822, 0, 0, 0, 0, 300, 300),
(10605, 1731, 0, 1, -9053.860352, -2678.189941, 133.298431, 1.705033, 0, 0, 0, 0, 300, 300),
(10606, 1731, 0, 1, -9376.868164, -2728.077148, 58.539139, -0.860849, 0, 0, 0, 0, 300, 300),
(10607, 1731, 0, 1, -9588.841797, -2730.246094, 57.130222, 0.256242, 0, 0, 0, 0, 300, 300),
(10608, 1731, 0, 1, -9591.725586, -2732.415039, 58.258553, 2.312260, 0, 0, 0, 0, 300, 300),
(10609, 1731, 0, 1, -9118.750000, -2784.471191, 102.209122, -1.158378, 0, 0, 0, 0, 300, 300),
(10610, 1731, 0, 1, -9115.866211, -2786.640137, 105.118340, -2.697793, 0, 0, 0, 0, 300, 300),
(10611, 1731, 0, 1, -9634.986328, -2810.499023, 61.086147, -0.309477, 0, 0, 0, 0, 300, 300),
(10612, 1731, 0, 1, -9637.870117, -2810.499023, 61.110413, 3.136796, 0, 0, 0, 0, 300, 300),
(10613, 1731, 0, 1, -9443.200195, -2879.906982, 78.794220, 1.692049, 0, 0, 0, 0, 300, 300),
(10614, 1731, 0, 1, -9186.524414, -2914.611084, 111.494453, 2.070602, 0, 0, 0, 0, 300, 300),
(10615, 1731, 0, 1, -9733.041992, -2925.456055, 65.017372, 0.292294, 0, 0, 0, 0, 300, 300),
(10616, 1731, 0, 1, -9734.484375, -2927.625000, 64.706169, 0.089629, 0, 0, 0, 0, 300, 300),
(10617, 1731, 0, 1, -9342.259766, -2929.793945, 110.309319, -1.027086, 0, 0, 0, 0, 300, 300),
(10618, 1731, 0, 1, -9639.312500, -3029.567871, 59.567856, -0.800366, 0, 0, 0, 0, 300, 300),
(10619, 1731, 0, 1, -9636.427734, -3031.736816, 59.208866, 1.075087, 0, 0, 0, 0, 300, 300),
(10620, 1731, 0, 1, -9138.937500, -3077.286133, 122.398026, -1.634071, 0, 0, 0, 0, 300, 300),
(10621, 1731, 0, 1, -9138.937500, -3079.455078, 123.660500, -1.178631, 0, 0, 0, 0, 300, 300),
(10622, 1731, 0, 1, -9254.297852, -3098.976074, 101.129974, 2.187325, 0, 0, 0, 0, 300, 300),
(10623, 1731, 0, 1, -9831.097656, -3127.172852, 79.910065, -0.862701, 0, 0, 0, 0, 300, 300),
(10624, 1731, 0, 1, -9395.614258, -3131.510986, 85.651245, 2.718742, 0, 0, 0, 0, 300, 300),
(10625, 1731, 0, 1, -9140.379883, -3185.736084, 106.718346, 3.100172, 0, 0, 0, 0, 300, 300),
(10626, 1731, 0, 1, -9675.362305, -3185.736084, 63.768387, 2.836493, 0, 0, 0, 0, 300, 300),
(10627, 1731, 0, 1, -9140.379883, -3187.905029, 106.837524, 0.181912, 0, 0, 0, 0, 300, 300),
(10628, 1731, 0, 1, -9675.362305, -3187.905029, 62.404938, 1.295608, 0, 0, 0, 0, 300, 300),
(10629, 1731, 0, 1, -9339.375977, -3196.581055, 102.877258, 0.842483, 0, 0, 0, 0, 300, 300),
(10630, 1731, 0, 1, -9816.677734, -3218.270996, 62.606594, 0.818758, 0, 0, 0, 0, 300, 300),
(10631, 1731, 0, 1, -9568.654297, -3237.791992, 51.569553, -1.510890, 0, 0, 0, 0, 300, 300),
(10632, 1731, 0, 1, -9562.885742, -3242.129883, 49.259499, -0.205094, 0, 0, 0, 0, 300, 300),
(10633, 1731, 0, 1, -9088.467773, -3268.157959, 102.393089, -0.337148, 0, 0, 0, 0, 300, 300),
(10634, 1731, 0, 1, -9089.910156, -3270.327148, 101.716805, 2.316665, 0, 0, 0, 0, 300, 300),
(10635, 1731, 0, 1, -9231.225586, -3285.510010, 102.460464, 1.763863, 0, 0, 0, 0, 300, 300),
(10636, 1731, 0, 1, -9234.110352, -3285.510010, 103.313538, -2.509714, 0, 0, 0, 0, 300, 300),
(10637, 1731, 0, 1, -9095.677734, -3352.749023, 101.118462, -2.538860, 0, 0, 0, 0, 300, 300),
(10638, 1731, 0, 1, -9437.431641, -3396.128906, 88.857574, -1.861118, 0, 0, 0, 0, 300, 300),
(10639, 1731, 0, 1, -9287.463867, -3417.818848, 104.341682, -0.522898, 0, 0, 0, 0, 300, 300),
(10640, 1732, 0, 1, -9056.744141, -1975.434082, 156.843842, -0.839630, 0, 0, 0, 0, 300, 300), -- tin vein
(10657, 1732, 0, 1, -9138.937500, -2029.658936, 126.528763, 1.618268, 0, 0, 0, 0, 300, 300),
(10660, 1732, 0, 1, -8929.847656, -2079.545898, 141.979095, 1.792187, 0, 0, 0, 0, 300, 300),
(10683, 1732, 0, 1, -8931.290039, -2079.545898, 140.623108, 2.455599, 0, 0, 0, 0, 300, 300),
(10714, 1732, 0, 1, -8929.847656, -2081.715088, 141.567673, -3.087430, 0, 0, 0, 0, 300, 300),
(10715, 1732, 0, 1, -8935.616211, -2081.715088, 137.065186, -0.370373, 0, 0, 0, 0, 300, 300),
(10778, 1732, 0, 1, -8755.366211, -2144.615967, 155.348480, 0.121411, 0, 0, 0, 0, 300, 300),
(10825, 1732, 0, 1, -8806.190430, -2143.724121, 156.329117, -0.653042, 0, 0, 0, 0, 300, 300),
(10843, 1732, 0, 1, -8804.393555, -2146.784912, 152.505142, -0.001703, 0, 0, 0, 0, 300, 300),
(10848, 1732, 0, 1, -8753.923828, -2148.954102, 156.217606, -0.405250, 0, 0, 0, 0, 300, 300),
(10853, 1732, 0, 1, -8720.757812, -2151.123047, 159.504990, 2.643542, 0, 0, 0, 0, 300, 300),
(10861, 1732, 0, 1, -9004.832031, -2159.799072, 134.632217, -1.620526, 0, 0, 0, 0, 300, 300),
(10862, 1732, 0, 1, -8732.293945, -2172.812988, 159.363022, -1.504337, 0, 0, 0, 0, 300, 300),
(10863, 1732, 0, 1, -8703.454102, -2174.981934, 152.089844, 2.863922, 0, 0, 0, 0, 300, 300),
(10947, 1732, 0, 1, -8813.045898, -2177.150879, 140.074188, -0.165754, 0, 0, 0, 0, 300, 300),
(10950, 1732, 0, 1, -8873.610352, -2179.320068, 134.110199, 0.188682, 0, 0, 0, 0, 300, 300),
(10951, 1732, 0, 1, -8869.284180, -2181.489014, 136.971558, 0.546739, 0, 0, 0, 0, 300, 300),
(10964, 1732, 0, 1, -8751.040039, -2183.657959, 153.188110, 0.131858, 0, 0, 0, 0, 300, 300),
(10965, 1732, 0, 1, -8762.576172, -2187.996094, 140.731491, -0.989082, 0, 0, 0, 0, 300, 300),
(10966, 1732, 0, 1, -8827.465820, -2187.996094, 138.531433, 1.004643, 0, 0, 0, 0, 300, 300),
(10967, 1732, 0, 1, -8939.942383, -2187.996094, 139.688110, 1.797615, 0, 0, 0, 0, 300, 300),
(10968, 1732, 0, 1, -8707.780273, -2190.165039, 154.852753, 0.326785, 0, 0, 0, 0, 300, 300),
(10969, 1732, 0, 1, -8761.133789, -2190.165039, 155.745499, 0.123235, 0, 0, 0, 0, 300, 300),
(11011, 1732, 0, 1, -8828.908203, -2190.165039, 138.776123, -0.256778, 0, 0, 0, 0, 300, 300),
(11012, 1732, 0, 1, -8939.942383, -2190.165039, 138.358765, -1.111925, 0, 0, 0, 0, 300, 300),
(11030, 1732, 0, 1, -8830.349609, -2192.333984, 139.150040, 1.785987, 0, 0, 0, 0, 300, 300),
(11031, 1732, 0, 1, -9115.866211, -2192.333984, 123.991615, -2.437719, 0, 0, 0, 0, 300, 300),
(11032, 1732, 0, 1, -8755.366211, -2198.841064, 153.600952, -0.515201, 0, 0, 0, 0, 300, 300),
(11033, 1732, 0, 1, -9118.750000, -2198.841064, 124.756248, -2.918707, 0, 0, 0, 0, 300, 300),
(11034, 1732, 0, 1, -8729.410156, -2205.347900, 150.658752, 2.386743, 0, 0, 0, 0, 300, 300),
(11035, 1732, 0, 1, -8709.221680, -2229.207031, 156.212256, 1.483831, 0, 0, 0, 0, 300, 300),
(11134, 1732, 0, 1, -8689.034180, -2237.883057, 153.637680, 0.308887, 0, 0, 0, 0, 300, 300),
(11135, 1732, 0, 1, -8725.083984, -2242.220947, 154.919586, -2.597487, 0, 0, 0, 0, 300, 300),
(11146, 1732, 0, 1, -8756.807617, -2242.220947, 152.948318, 1.965580, 0, 0, 0, 0, 300, 300),
(11147, 1732, 0, 1, -8761.133789, -2246.559082, 151.830368, -1.349637, 0, 0, 0, 0, 300, 300),
(11148, 1732, 0, 1, -8779.879883, -2253.065918, 147.294189, 1.499270, 0, 0, 0, 0, 300, 300),
(11149, 1732, 0, 1, -8778.438477, -2255.234863, 148.522827, 1.257320, 0, 0, 0, 0, 300, 300),
(11150, 1732, 0, 1, -8654.425781, -2259.572998, 154.449768, 2.401492, 0, 0, 0, 0, 300, 300),
(11151, 1732, 0, 1, -8683.265625, -2270.417969, 155.066345, 2.479585, 0, 0, 0, 0, 300, 300),
(11152, 1732, 0, 1, -8882.261719, -2285.601074, 136.724869, -2.910067, 0, 0, 0, 0, 300, 300),
(11153, 1732, 0, 1, -8706.337891, -2311.628906, 159.655365, 1.144114, 0, 0, 0, 0, 300, 300),
(11154, 1732, 0, 1, -8935.616211, -2350.670898, 140.984909, 0.934471, 0, 0, 0, 0, 300, 300),
(11155, 1732, 0, 1, -8676.055664, -2352.840088, 159.928970, -1.067960, 0, 0, 0, 0, 300, 300),
(11166, 1732, 0, 1, -9012.041992, -2372.360840, 139.907486, 2.814635, 0, 0, 0, 0, 300, 300),
(11167, 1732, 0, 1, -8768.343750, -2381.037109, 159.944305, -1.540841, 0, 0, 0, 0, 300, 300),
(11168, 1732, 0, 1, -9082.700195, -2426.585938, 128.222763, 0.210258, 0, 0, 0, 0, 300, 300),
(11169, 1732, 0, 1, -9084.141602, -2428.754883, 127.267914, 0.084524, 0, 0, 0, 0, 300, 300),
(11170, 1732, 0, 1, -9177.872070, -2441.769043, 114.613815, 2.545484, 0, 0, 0, 0, 300, 300),
(11171, 1732, 0, 1, -8775.553711, -2454.782959, 153.996872, -0.446288, 0, 0, 0, 0, 300, 300),
(11172, 1732, 0, 1, -8726.526367, -2519.853027, 143.098236, 0.693971, 0, 0, 0, 0, 300, 300),
(11173, 1732, 0, 1, -9696.992188, -2717.231934, 69.621696, 1.500486, 0, 0, 0, 0, 300, 300),
(11177, 1732, 0, 1, -9254.297852, -2730.246094, 88.804306, -0.712792, 0, 0, 0, 0, 300, 300),
(11178, 1732, 0, 1, -9252.856445, -2734.583984, 88.804306, 2.095169, 0, 0, 0, 0, 300, 300),
(11179, 1732, 0, 1, -9607.587891, -2856.047852, 66.362549, -0.850166, 0, 0, 0, 0, 300, 300),
(11180, 1732, 0, 1, -9609.030273, -2858.217041, 64.891891, -1.340467, 0, 0, 0, 0, 300, 300),
(11183, 1732, 0, 1, -9254.297852, -2869.062012, 94.120247, 1.462093, 0, 0, 0, 0, 300, 300),
(11184, 1732, 0, 1, -9531.162109, -2923.287109, 107.224281, 1.202148, 0, 0, 0, 0, 300, 300),
(11185, 1732, 0, 1, -9633.543945, -2966.666992, 58.773010, -0.733700, 0, 0, 0, 0, 300, 300),
(11186, 1732, 0, 1, -9717.179688, -2979.681152, 74.908363, -0.682201, 0, 0, 0, 0, 300, 300),
(11187, 1732, 0, 1, -9425.896484, -2986.187988, 136.877808, 2.034098, 0, 0, 0, 0, 300, 300),
(11188, 1732, 0, 1, -9355.238281, -2990.525879, 136.196442, -2.490242, 0, 0, 0, 0, 300, 300),
(11189, 1732, 0, 1, -9355.238281, -2992.694824, 136.603027, -0.298504, 0, 0, 0, 0, 300, 300),
(11190, 1732, 0, 1, -9486.459961, -3012.215820, 135.442703, 2.167165, 0, 0, 0, 0, 300, 300),
(11191, 1732, 0, 1, -9485.017578, -3014.385010, 136.103882, -0.413720, 0, 0, 0, 0, 300, 300),
(11192, 1732, 0, 1, -9267.276367, -3033.906006, 115.381447, 3.104379, 0, 0, 0, 0, 300, 300),
(11193, 1732, 0, 1, -9267.276367, -3036.075195, 117.338066, 1.614599, 0, 0, 0, 0, 300, 300),
(11194, 1732, 0, 1, -9604.704102, -3096.807129, 58.038918, 2.668801, 0, 0, 0, 0, 300, 300),
(11241, 1732, 0, 1, -9603.261719, -3101.145020, 57.724354, -1.190068, 0, 0, 0, 0, 300, 300),
(11415, 1732, 0, 1, -9682.572266, -3114.159180, 55.256783, -2.979711, 0, 0, 0, 0, 300, 300),
(11416, 1732, 0, 1, -9678.246094, -3116.328125, 55.083580, 1.027500, 0, 0, 0, 0, 300, 300),
(11417, 1732, 0, 1, -9316.303711, -3140.187012, 100.367493, -0.368351, 0, 0, 0, 0, 300, 300),
(11440, 1732, 0, 1, -9783.511719, -3155.370117, 71.772026, 2.139403, 0, 0, 0, 0, 300, 300),
(11441, 1732, 0, 1, -9079.816406, -3181.397949, 113.545502, 1.914867, 0, 0, 0, 0, 300, 300),
(11442, 1732, 0, 1, -9797.931641, -3222.608887, 59.976517, -2.368083, 0, 0, 0, 0, 300, 300),
(11479, 1732, 0, 1, -9676.803711, -3224.778076, 49.006210, -1.803822, 0, 0, 0, 0, 300, 300),
(11480, 1732, 0, 1, -9793.605469, -3224.778076, 58.869915, 1.133374, 0, 0, 0, 0, 300, 300),
(11481, 1732, 0, 1, -9490.786133, -3237.791992, 63.720634, 1.346604, 0, 0, 0, 0, 300, 300),
(11482, 1732, 0, 1, -9082.700195, -3257.312988, 113.739410, 0.703798, 0, 0, 0, 0, 300, 300),
(11483, 1732, 0, 1, -9238.435547, -3261.650879, 104.597122, 3.006623, 0, 0, 0, 0, 300, 300),
(11486, 1732, 0, 1, -9549.908203, -3298.523926, 49.040821, -0.677138, 0, 0, 0, 0, 300, 300),
(11491, 1732, 0, 1, -9552.791992, -3300.692871, 51.956440, 2.397661, 0, 0, 0, 0, 300, 300),
(11492, 1732, 0, 1, -9320.629883, -3326.721191, 95.794716, 1.969017, 0, 0, 0, 0, 300, 300),
(11495, 1732, 0, 1, -9198.059570, -3363.593994, 101.508919, 1.348541, 0, 0, 0, 0, 300, 300),
(11502, 1732, 0, 1, -9180.755859, -3378.776855, 120.809204, -2.731650, 0, 0, 0, 0, 300, 300),
(11503, 1732, 0, 1, -9472.040039, -3443.846924, 122.921516, 1.454803, 0, 0, 0, 0, 300, 300),
(11504, 1732, 0, 1, -9314.862305, -3472.043945, 119.702660, 1.926641, 0, 0, 0, 0, 300, 300),
(11505, 1733, 0, 1, -8938.500000, -1968.927002, 140.04180, -2.813616, 0, 0, 0, 0, 300, 300), -- silver vein
(11506, 1733, 0, 1, -9056.744141, -1975.434082, 156.843842, -0.258384, 0, 0, 0, 0, 300, 300),
(11507, 1733, 0, 1, -8867.841797, -1979.771973, 124.129829, -0.400426, 0, 0, 0, 0, 300, 300),
(11508, 1733, 0, 1, -8792.858398, -1981.940918, 125.746017, 1.223560, 0, 0, 0, 0, 300, 300),
(11509, 1733, 0, 1, -8963.013672, -1994.954956, 136.799362, -2.047677, 0, 0, 0, 0, 300, 300),
(11510, 1733, 0, 1, -8875.051758, -2010.137939, 123.751381, 1.963808, 0, 0, 0, 0, 300, 300),
(11511, 1733, 0, 1, -8764.017578, -2014.475952, 130.394562, 1.871313, 0, 0, 0, 0, 300, 300),
(11512, 1733, 0, 1, -8901.007812, -2014.475952, 125.920319, 1.751503, 0, 0, 0, 0, 300, 300),
(11513, 1733, 0, 1, -8902.450195, -2014.475952, 126.249313, -2.480039, 0, 0, 0, 0, 300, 300),
(11514, 1733, 0, 1, -8978.875977, -2020.983032, 135.614044, -0.200909, 0, 0, 0, 0, 300, 300),
(11515, 1733, 0, 1, -9004.832031, -2159.799072, 134.632217, -0.619411, 0, 0, 0, 0, 300, 300),
(11516, 1733, 0, 1, -8869.284180, -2181.489014, 136.971558, 1.918105, 0, 0, 0, 0, 300, 300),
(11517, 1733, 0, 1, -8938.500000, -2187.996094, 138.461929, 3.001944, 0, 0, 0, 0, 300, 300),
(11550, 1733, 0, 1, -8939.942383, -2190.165039, 138.358765, 0.650458, 0, 0, 0, 0, 300, 300),
(11564, 1733, 0, 1, -8707.780273, -2192.333984, 155.297989, 1.668506, 0, 0, 0, 0, 300, 300),
(11656, 1733, 0, 1, -9117.307617, -2194.502930, 123.755424, -1.881120, 0, 0, 0, 0, 300, 300),
(11657, 1733, 0, 1, -8654.425781, -2259.572998, 154.449768, 1.705157, 0, 0, 0, 0, 300, 300),
(11662, 1733, 0, 1, -8882.261719, -2285.601074, 136.724869, -2.144190, 0, 0, 0, 0, 300, 300),
(11663, 1733, 0, 1, -8706.337891, -2311.628906, 159.655365, 1.712360, 0, 0, 0, 0, 300, 300),
(11664, 1733, 0, 1, -8935.616211, -2350.670898, 140.984909, -2.109414, 0, 0, 0, 0, 300, 300),
(11665, 1733, 0, 1, -8676.055664, -2352.840088, 159.928970, 1.260555, 0, 0, 0, 0, 300, 300),
(11666, 1733, 0, 1, -9012.041992, -2372.360840, 139.907486, -3.107613, 0, 0, 0, 0, 300, 300),
(11680, 1733, 0, 1, -8768.343750, -2378.868164, 160.142654, -0.375565, 0, 0, 0, 0, 300, 300),
(11687, 1733, 0, 1, -9177.872070, -2446.106934, 117.146072, -1.221500, 0, 0, 0, 0, 300, 300),
(11688, 1733, 0, 1, -8775.553711, -2454.782959, 153.996872, -2.993350, 0, 0, 0, 0, 300, 300),
(11689, 1733, 0, 1, -8726.526367, -2519.853027, 143.098236, -2.388998, 0, 0, 0, 0, 300, 300),
(11690, 1733, 0, 1, -9252.856445, -2734.583984, 88.804306, 2.350877, 0, 0, 0, 0, 300, 300),
(11697, 1733, 0, 1, -9633.543945, -2966.666992, 58.773010, 1.970077, 0, 0, 0, 0, 300, 300),
(11698, 1733, 0, 1, -9717.179688, -2979.681152, 74.908363, -3.108048, 0, 0, 0, 0, 300, 300),
(11701, 1733, 0, 1, -9268.717773, -3033.906006, 116.001808, -0.154737, 0, 0, 0, 0, 300, 300),
(11702, 1733, 0, 1, -9783.511719, -3157.539062, 71.963936, 2.465296, 0, 0, 0, 0, 300, 300),
(11703, 1733, 0, 1, -9490.786133, -3235.623047, 62.118984, 1.734126, 0, 0, 0, 0, 300, 300),
(11706, 1733, 0, 1, -9081.257812, -3259.481934, 113.644440, -0.561032, 0, 0, 0, 0, 300, 300),
(11707, 1733, 0, 1, -9238.435547, -3261.650879, 104.597122, -1.777578, 0, 0, 0, 0, 300, 300),
(11708, 1733, 0, 1, -9180.755859, -3378.776855, 120.809204, 0.017995, 0, 0, 0, 0, 300, 300),
(11709, 1733, 0, 1, -9314.862305, -3469.875000, 119.618340, 1.053064, 0, 0, 0, 0, 300, 300),
(11710, 2055, 0, 1, -8879.377930, -1903.856934, 132.940002, 2.078636, 0, 0, 0, 0, 300, 300), -- copper vein (redridge)
(11713, 2055, 0, 1, -8807.278320, -1927.716064, 124.717651, 1.801600, 0, 0, 0, 0, 300, 300),
(11714, 2055, 0, 1, -8805.835938, -1929.885010, 125.037285, 0.407973, 0, 0, 0, 0, 300, 300),
(11715, 2055, 0, 1, -8901.007812, -1960.250977, 137.139236, -1.075883, 0, 0, 0, 0, 300, 300),
(11716, 2055, 0, 1, -8902.450195, -1960.250977, 136.868561, -0.009162, 0, 0, 0, 0, 300, 300),
(11717, 2055, 0, 1, -8778.438477, -1975.434082, 128.496307, -1.413994, 0, 0, 0, 0, 300, 300),
(11718, 2055, 0, 1, -8827.465820, -1977.603027, 123.895142, -2.895046, 0, 0, 0, 0, 300, 300),
(11719, 2055, 0, 1, -8893.797852, -1990.616943, 136.086151, -1.518544, 0, 0, 0, 0, 300, 300),
(11728, 2055, 0, 1, -8937.057617, -1992.786011, 139.441925, -0.571173, 0, 0, 0, 0, 300, 300),
(11738, 2055, 0, 1, -8938.500000, -1994.954956, 140.034790, -2.379019, 0, 0, 0, 0, 300, 300),
(11741, 2055, 0, 1, -8985.722656, -2006.208740, 141.261612, 1.193870, 0, 0, 0, 0, 300, 300),
(11742, 2055, 0, 1, -8990.791992, -2012.021606, 144.997467, 0.271341, 0, 0, 0, 0, 300, 300),
(11743, 2055, 0, 1, -8924.080078, -2040.504028, 130.976608, 0.722567, 0, 0, 0, 0, 300, 300),
(11744, 2055, 0, 1, -8781.322266, -2044.842041, 127.736488, -2.629491, 0, 0, 0, 0, 300, 300),
(11745, 2055, 0, 1, -8851.980469, -2049.179932, 125.159927, -1.490480, 0, 0, 0, 0, 300, 300),
(11746, 2054, 0, 1, -8849.095703, -1899.519043, 127.712105, -0.161213, 0, 0, 0, 0, 300, 300), -- tin vein (redridge)
(11747, 2054, 0, 1, -8876.494141, -1942.899048, 131.743240, -2.536939, 0, 0, 0, 0, 300, 300),
(11748, 2054, 0, 1, -8826.024414, -1947.237061, 133.075531, -1.859176, 0, 0, 0, 0, 300, 300),
(11749, 2054, 0, 1, -8824.582031, -1951.574951, 132.912048, 2.605680, 0, 0, 0, 0, 300, 300),
(11750, 2054, 0, 1, -8938.500000, -1968.927002, 140.041840, 3.054885, 0, 0, 0, 0, 300, 300),
(11751, 2054, 0, 1, -8867.841797, -1979.771973, 124.129829, -1.637969, 0, 0, 0, 0, 300, 300),
(11752, 2054, 0, 1, -8795.742188, -1981.940918, 125.201553, 0.002048, 0, 0, 0, 0, 300, 300),
(11753, 2054, 0, 1, -8961.572266, -1990.616943, 137.653488, 1.610108, 0, 0, 0, 0, 300, 300),
(11754, 2054, 0, 1, -8963.013672, -1994.954956, 136.799362, 3.051690, 0, 0, 0, 0, 300, 300),
(11762, 2054, 0, 1, -8872.167969, -2010.137939, 124.000633, -0.196084, 0, 0, 0, 0, 300, 300),
(11804, 2054, 0, 1, -8764.017578, -2012.307007, 130.318863, 2.093729, 0, 0, 0, 0, 300, 300),
(11812, 2054, 0, 1, -8875.051758, -2012.307007, 124.088516, 1.719656, 0, 0, 0, 0, 300, 300),
(11871, 2054, 0, 1, -8901.007812, -2014.475952, 125.924301, 2.672525, 0, 0, 0, 0, 300, 300),
(11872, 2054, 0, 1, -8902.450195, -2014.475952, 126.249130, 1.061328, 0, 0, 0, 0, 300, 300),
(11873, 2054, 0, 1, -8901.007812, -2016.645020, 126.430725, 1.520963, 0, 0, 0, 0, 300, 300),
(11874, 2054, 0, 1, -8902.450195, -2016.645020, 126.366829, -2.207265, 0, 0, 0, 0, 300, 300),
(11875, 2054, 0, 1, -8978.875977, -2020.983032, 135.614044, -0.056750, 0, 0, 0, 0, 300, 300),
(11876, 2054, 0, 1, -8785.648438, -2029.658936, 129.684265, 1.831854, 0, 0, 0, 0, 300, 300),
(11877, 2054, 0, 1, -8788.532227, -2031.828003, 129.534851, 2.573397, 0, 0, 0, 0, 300, 300),
(11878, 2054, 0, 1, -8817.372070, -2064.363037, 130.699524, -0.719834, 0, 0, 0, 0, 300, 300),
-- Searing Gorge:
(11879, 1733, 0, 1, -7239.850098, -1572.119995, 268.378296, -2.172677, 0, 0, 0, 0, 300, 300), -- silver vein
(11880, 1733, 0, 1, -6834.225098, -1763.642090, 259.271729, -1.340265, 0, 0, 0, 0, 300, 300),
(11881, 1734, 0, 1, -7205.924805, -783.761963, 327.756805, 1.494929, 0, 0, 0, 0, 300, 300), -- gold vein
(11882, 1734, 0, 1, -7229.524902, -883.976990, 296.606018, 0.756458, 0, 0, 0, 0, 300, 300),
(11883, 1734, 0, 1, -6668.638184, -881.651672, 261.013672, -1.033029, 0, 0, 0, 0, 300, 300),
(11884, 1734, 0, 1, -6835.700195, -988.645996, 245.823975, 0.253103, 0, 0, 0, 0, 300, 300),
(11885, 1734, 0, 1, -6840.125000, -988.645996, 241.603439, -2.510676, 0, 0, 0, 0, 300, 300),
(11886, 1734, 0, 1, -7083.500000, -999.781006, 242.741806, -1.319865, 0, 0, 0, 0, 300, 300),
(11887, 1734, 0, 1, -6683.774902, -1019.824036, 252.919922, -2.865658, 0, 0, 0, 0, 300, 300),
(11888, 1734, 0, 1, -6685.250000, -1026.505005, 250.022827, 2.029920, 0, 0, 0, 0, 300, 300),
(11889, 1734, 0, 1, -7259.024902, -1144.536011, 282.668549, 0.625416, 0, 0, 0, 0, 300, 300),
(11890, 1734, 0, 1, -7154.299805, -1162.352051, 266.129486, 0.514003, 0, 0, 0, 0, 300, 300),
(11891, 1734, 0, 1, -6790.699219, -1181.818848, 191.289688, -0.780673, 0, 0, 0, 0, 300, 300),
(11892, 1734, 0, 1, -6459.805176, -1197.504150, 181.155396, -1.770887, 0, 0, 0, 0, 300, 300),
(11893, 1734, 0, 1, -6937.475098, -1202.437988, 147.322525, -1.448903, 0, 0, 0, 0, 300, 300),
(11894, 1734, 0, 1, -6940.424805, -1206.891968, 147.151871, -2.784306, 0, 0, 0, 0, 300, 300),
(11895, 1734, 0, 1, -6686.725098, -1226.935059, 240.528580, -1.289964, 0, 0, 0, 0, 300, 300),
(11896, 1734, 0, 1, -6661.649902, -1271.475098, 251.778290, 3.004265, 0, 0, 0, 0, 300, 300),
(11897, 1734, 0, 1, -6663.125000, -1271.475098, 249.966980, 1.436889, 0, 0, 0, 0, 300, 300),
(11898, 1734, 0, 1, -6524.430664, -1285.550659, 192.601883, 2.989372, 0, 0, 0, 0, 300, 300),
(11899, 1734, 0, 1, -7080.549805, -1295.971924, 265.626892, 1.987555, 0, 0, 0, 0, 300, 300),
(11900, 1734, 0, 1, -6815.049805, -1358.328003, 169.483276, 2.243683, 0, 0, 0, 0, 300, 300),
(11901, 1734, 0, 1, -6754.682129, -1364.052002, 196.680923, 1.669544, 0, 0, 0, 0, 300, 300),
(11902, 1734, 0, 1, -6468.218750, -1382.897461, 147.220215, -2.090843, 0, 0, 0, 0, 300, 300),
(11903, 1734, 0, 1, -6718.387695, -1407.589233, 215.433029, -0.457553, 0, 0, 0, 0, 300, 300),
(11904, 1734, 0, 1, -6724.132324, -1409.431519, 216.904907, -0.777345, 0, 0, 0, 0, 300, 300),
(11905, 1734, 0, 1, -6871.100098, -1409.548950, 171.835312, 1.494721, 0, 0, 0, 0, 300, 300),
(11906, 1734, 0, 1, -7232.475098, -1429.592041, 266.860107, 1.002248, 0, 0, 0, 0, 300, 300),
(11907, 1734, 0, 1, -6602.649902, -1434.046021, 266.444519, -0.519705, 0, 0, 0, 0, 300, 300),
(11908, 1734, 0, 1, -6626.164551, -1452.556274, 174.726044, 2.380610, 0, 0, 0, 0, 300, 300),
(11909, 1734, 0, 1, -6645.424805, -1447.407959, 256.047180, 0.104547, 0, 0, 0, 0, 300, 300),
(11910, 1734, 0, 1, -6643.950195, -1451.861938, 255.785812, -0.936413, 0, 0, 0, 0, 300, 300),
(11922, 1734, 0, 1, -6840.125000, -1487.494019, 207.821198, 0.742780, 0, 0, 0, 0, 300, 300),
(11923, 1734, 0, 1, -6868.149902, -1552.077026, 242.369873, 0.967588, 0, 0, 0, 0, 300, 300),
(11952, 1734, 0, 1, -6558.399902, -1572.119995, 307.277679, 0.841769, 0, 0, 0, 0, 300, 300),
(11968, 1734, 0, 1, -7239.850098, -1572.119995, 268.378296, -1.427528, 0, 0, 0, 0, 300, 300),
(11969, 1734, 0, 1, -6719.174805, -1594.390015, 192.355499, 1.481516, 0, 0, 0, 0, 300, 300),
(11984, 1734, 0, 1, -7313.600098, -1594.390015, 316.506683, -2.383303, 0, 0, 0, 0, 300, 300),
(11987, 1734, 0, 1, -7118.899902, -1603.297974, 257.817352, 0.457582, 0, 0, 0, 0, 300, 300),
(11993, 1734, 0, 1, -7118.899902, -1607.751953, 257.416290, -1.903056, 0, 0, 0, 0, 300, 300),
(11994, 1734, 0, 1, -7120.375000, -1607.751953, 257.086304, 2.297625, 0, 0, 0, 0, 300, 300),
(11995, 1734, 0, 1, -6492.024902, -1679.015991, 301.037964, 1.219477, 0, 0, 0, 0, 300, 300),
(11996, 1734, 0, 1, -6738.350098, -1685.697021, 218.717529, -2.365836, 0, 0, 0, 0, 300, 300),
(11997, 1734, 0, 1, -6993.524902, -1750.279907, 234.098450, -3.132957, 0, 0, 0, 0, 300, 300),
(11998, 1734, 0, 1, -7043.674805, -1750.279907, 258.127930, 2.931450, 0, 0, 0, 0, 300, 300),
(11999, 1734, 0, 1, -7323.924805, -1756.961060, 266.383881, -2.672819, 0, 0, 0, 0, 300, 300),
(12000, 1734, 0, 1, -6837.174805, -1765.869019, 257.138611, 0.498686, 0, 0, 0, 0, 300, 300),
(12001, 1734, 0, 1, -6669.024902, -1797.046997, 255.455368, -0.914039, 0, 0, 0, 0, 300, 300),
(12002, 1734, 0, 1, -6587.899902, -1834.905884, 244.594803, -0.788534, 0, 0, 0, 0, 300, 300),
(12003, 1734, 0, 1, -6589.375000, -1834.905884, 244.442886, -1.568193, 0, 0, 0, 0, 300, 300),
(12004, 1734, 0, 1, -7217.725098, -1841.587036, 292.104095, -0.757853, 0, 0, 0, 0, 300, 300),
(12005, 1734, 0, 1, -7188.225098, -1955.163940, 317.991241, 0.640774, 0, 0, 0, 0, 300, 300),
(12044, 1735, 0, 1, -7239.850098, -1572.119995, 268.378296, 0.719739, 0, 0, 0, 0, 300, 300), -- iron deposit
(12045, 1735, 0, 1, -6834.225098, -1763.642090, 259.271729, 2.619480, 0, 0, 0, 0, 300, 300),
(12051, 1735, 0, 1, -6840.125000, -1765.869019, 255.924301, 0.307816, 0, 0, 0, 0, 300, 300),
(12052, 1735, 0, 1, -6664.600098, -1799.274048, 257.161499, 0.455811, 0, 0, 0, 0, 300, 300),
(12053, 1735, 0, 1, -7222.149902, -1841.587036, 292.788116, -1.272621, 0, 0, 0, 0, 300, 300),
(12060, 1735, 0, 1, -7223.625000, -1841.587036, 292.747406, -2.955730, 0, 0, 0, 0, 300, 300),
(12061, 2047, 0, 1, -7205.924805, -783.761963, 327.756805, -1.779147, 0, 0, 0, 0, 300, 300), -- truesilver deposit
(12062, 2047, 0, 1, -7282.625000, -803.805054, 297.663361, 2.254401, 0, 0, 0, 0, 300, 300),
(12063, 2047, 0, 1, -6675.533691, -884.161987, 265.063568, -2.802494, 0, 0, 0, 0, 300, 300),
(12075, 2047, 0, 1, -7087.924805, -915.154968, 283.474915, -1.317339, 0, 0, 0, 0, 300, 300),
(12076, 2047, 0, 1, -6840.125000, -990.872986, 241.514359, 1.518203, 0, 0, 0, 0, 300, 300),
(12077, 2047, 0, 1, -6837.174805, -993.100037, 242.592407, 1.776204, 0, 0, 0, 0, 300, 300),
(12093, 2047, 0, 1, -7082.024902, -999.781006, 242.608948, 1.866980, 0, 0, 0, 0, 300, 300),
(12094, 2047, 0, 1, -6683.774902, -1019.824036, 252.919922, -2.595852, 0, 0, 0, 0, 300, 300),
(12095, 2047, 0, 1, -6503.841309, -1044.797363, 341.761169, -0.315728, 0, 0, 0, 0, 300, 300),
(12096, 2047, 0, 1, -7259.024902, -1144.536011, 282.668549, 2.614923, 0, 0, 0, 0, 300, 300),
(12097, 2047, 0, 1, -7154.299805, -1162.352051, 266.129486, 2.095633, 0, 0, 0, 0, 300, 300),
(12098, 2047, 0, 1, -6797.099609, -1181.291382, 191.549347, 0.204694, 0, 0, 0, 0, 300, 300),
(12099, 2047, 0, 1, -7043.674805, -1184.622070, 257.658417, 0.349058, 0, 0, 0, 0, 300, 300),
(12100, 2047, 0, 1, -6473.858398, -1194.957886, 183.248703, 0.564035, 0, 0, 0, 0, 300, 300),
(12101, 2047, 0, 1, -6724.481445, -1254.602417, 183.540146, 0.376443, 0, 0, 0, 0, 300, 300),
(12102, 2047, 0, 1, -6661.649902, -1271.475098, 251.778290, -0.846814, 0, 0, 0, 0, 300, 300),
(12103, 2047, 0, 1, -7080.549805, -1298.198975, 265.312805, -1.186250, 0, 0, 0, 0, 300, 300),
(12104, 2047, 0, 1, -6869.625000, -1409.548950, 172.368790, -1.204060, 0, 0, 0, 0, 300, 300),
(12105, 2047, 0, 1, -6628.129883, -1453.265503, 173.886642, -1.352293, 0, 0, 0, 0, 300, 300),
(12106, 2047, 0, 1, -6840.125000, -1487.494019, 207.821198, -2.065913, 0, 0, 0, 0, 300, 300),
(12107, 2047, 0, 1, -6866.674805, -1554.303955, 242.484634, -0.842411, 0, 0, 0, 0, 300, 300),
(12108, 2047, 0, 1, -6558.399902, -1572.119995, 307.277679, 2.177915, 0, 0, 0, 0, 300, 300),
(12128, 2047, 0, 1, -6719.174805, -1594.390015, 192.355499, -2.736741, 0, 0, 0, 0, 300, 300),
(12132, 2047, 0, 1, -7313.600098, -1594.390015, 316.506683, 0.734958, 0, 0, 0, 0, 300, 300),
(12133, 2047, 0, 1, -7117.424805, -1607.751953, 257.705231, 2.570167, 0, 0, 0, 0, 300, 300),
(12144, 2047, 0, 1, -6490.549805, -1679.015991, 302.303284, -0.923744, 0, 0, 0, 0, 300, 300),
(12145, 2047, 0, 1, -6993.524902, -1750.279907, 234.098450, 0.171335, 0, 0, 0, 0, 300, 300),
(12150, 2047, 0, 1, -7043.674805, -1750.279907, 258.127930, 1.877839, 0, 0, 0, 0, 300, 300),
(12153, 2047, 0, 1, -6584.950195, -1834.905884, 245.146439, -2.002217, 0, 0, 0, 0, 300, 300),
(12154, 2047, 0, 1, -7188.225098, -1955.163940, 317.991241, 2.563936, 0, 0, 0, 0, 300, 300),
(12155, 2040, 0, 1, -6730.317383, -700.368469, 238.177246, 3.041854, 0, 0, 0, 0, 300, 300), -- mithril deposit
(12156, 2040, 0, 1, -6617.652832, -729.650818, 249.514954, 1.652087, 0, 0, 0, 0, 300, 300),
(12159, 2040, 0, 1, -6672.334961, -729.726562, 239.696823, -2.875519, 0, 0, 0, 0, 300, 300),
(12162, 2040, 0, 1, -6617.399902, -725.859985, 246.422440, 2.145324, 0, 0, 0, 0, 300, 300),
(12163, 2040, 0, 1, -6664.707031, -730.420593, 242.583389, -1.090138, 0, 0, 0, 0, 300, 300),
(12164, 2040, 0, 1, -7208.875000, -781.535034, 329.052582, 0.527730, 0, 0, 0, 0, 300, 300),
(12167, 2040, 0, 1, -7207.399902, -783.761963, 328.932556, -1.929630, 0, 0, 0, 0, 300, 300),
(12168, 2040, 0, 1, -6646.899902, -808.258972, 245.211639, 2.410659, 0, 0, 0, 0, 300, 300),
(12173, 2040, 0, 1, -6648.375000, -810.485962, 245.622818, -1.183918, 0, 0, 0, 0, 300, 300),
(12174, 2040, 0, 1, -7229.524902, -881.750000, 297.325073, -0.818598, 0, 0, 0, 0, 300, 300),
(12183, 2040, 0, 1, -6668.638184, -881.651682, 261.013672, -0.680683, 0, 0, 0, 0, 300, 300),
(12189, 2040, 0, 1, -6838.649902, -990.872986, 242.275162, 2.945606, 0, 0, 0, 0, 300, 300),
(12192, 2040, 0, 1, -6840.125000, -990.872986, 241.514359, -0.355337, 0, 0, 0, 0, 300, 300),
(12196, 2040, 0, 1, -7083.500000, -999.781006, 242.741806, 0.638895, 0, 0, 0, 0, 300, 300),
(12208, 2040, 0, 1, -7082.024902, -1004.235046, 242.041870, -2.837800, 0, 0, 0, 0, 300, 300),
(12211, 2040, 0, 1, -6682.299805, -1022.050964, 253.258591, -2.662961, 0, 0, 0, 0, 300, 300),
(12214, 2040, 0, 1, -6685.250000, -1026.505005, 250.022827, -0.389921, 0, 0, 0, 0, 300, 300),
(12221, 2040, 0, 1, -7259.024902, -1142.309082, 282.260010, 0.771101, 0, 0, 0, 0, 300, 300),
(12222, 2040, 0, 1, -7154.299805, -1162.352051, 266.129486, -2.667070, 0, 0, 0, 0, 300, 300),
(12246, 2040, 0, 1, -6804.275391, -1164.307861, 192.179718, 0.454935, 0, 0, 0, 0, 300, 300),
(12247, 2040, 0, 1, -6866.433105, -1191.096436, 182.895370, -3.057397, 0, 0, 0, 0, 300, 300),
(12251, 2040, 0, 1, -6869.932617, -1198.891479, 181.721207, -0.492591, 0, 0, 0, 0, 300, 300),
(12260, 2040, 0, 1, -6473.171387, -1199.370972, 182.576950, 2.272934, 0, 0, 0, 0, 300, 300),
(12274, 2040, 0, 1, -6937.475098, -1202.437988, 147.322525, 1.146104, 0, 0, 0, 0, 300, 300),
(12281, 2040, 0, 1, -6940.424805, -1204.665039, 146.549011, 2.129920, 0, 0, 0, 0, 300, 300),
(12282, 2040, 0, 1, -6685.250000, -1229.161987, 240.938446, -2.539020, 0, 0, 0, 0, 300, 300),
(12297, 2040, 0, 1, -6663.125000, -1269.248047, 248.779572, -2.072451, 0, 0, 0, 0, 300, 300),
(12314, 2040, 0, 1, -6661.649902, -1271.475098, 251.778290, -1.347906, 0, 0, 0, 0, 300, 300),
(12321, 2040, 0, 1, -6663.125000, -1271.475098, 249.966980, 2.734447, 0, 0, 0, 0, 300, 300),
(12337, 2040, 0, 1, -6535.160645, -1270.511230, 180.941315, -0.871808, 0, 0, 0, 0, 300, 300),
(12338, 2040, 0, 1, -7080.549805, -1298.198975, 265.312805, -0.604285, 0, 0, 0, 0, 300, 300),
(12339, 2040, 0, 1, -6816.524902, -1358.328003, 169.374359, -3.038491, 0, 0, 0, 0, 300, 300),
(12351, 2040, 0, 1, -6818.000000, -1360.555054, 169.417618, -0.562720, 0, 0, 0, 0, 300, 300),
(12374, 2040, 0, 1, -6758.319824, -1366.844238, 196.064133, -0.517137, 0, 0, 0, 0, 300, 300),
(12375, 2040, 0, 1, -6477.505859, -1377.817871, 140.914597, -0.301673, 0, 0, 0, 0, 300, 300),
(12376, 2040, 0, 1, -6731.327148, -1410.893921, 216.624603, -2.605032, 0, 0, 0, 0, 300, 300),
(12377, 2040, 0, 1, -6729.571289, -1412.092041, 217.624481, 0.742800, 0, 0, 0, 0, 300, 300),
(12378, 2040, 0, 1, -6868.149902, -1409.548950, 172.540482, -1.848653, 0, 0, 0, 0, 300, 300),
(12379, 2040, 0, 1, -6869.625000, -1409.548950, 172.368790, 1.870760, 0, 0, 0, 0, 300, 300),
(12380, 2040, 0, 1, -7229.524902, -1425.137939, 267.545929, 2.226481, 0, 0, 0, 0, 300, 300),
(12381, 2040, 0, 1, -7231.000000, -1427.364990, 267.484436, -1.695063, 0, 0, 0, 0, 300, 300),
(12382, 2040, 0, 1, -6602.649902, -1434.046021, 266.444519, -1.157733, 0, 0, 0, 0, 300, 300),
(12383, 2040, 0, 1, -6629.762695, -1456.473999, 171.841873, 2.212255, 0, 0, 0, 0, 300, 300),
(12384, 2040, 0, 1, -6642.475098, -1447.407959, 256.485474, -2.470775, 0, 0, 0, 0, 300, 300),
(12385, 2040, 0, 1, -6645.424805, -1449.635010, 255.461853, -2.051040, 0, 0, 0, 0, 300, 300),
(12386, 2040, 0, 1, -6841.600098, -1485.267090, 206.939713, 2.006360, 0, 0, 0, 0, 300, 300),
(12387, 2040, 0, 1, -6838.649902, -1487.494019, 208.579041, -1.236182, 0, 0, 0, 0, 300, 300),
(12392, 2040, 0, 1, -6869.625000, -1549.849976, 242.269669, -0.205416, 0, 0, 0, 0, 300, 300),
(12393, 2040, 0, 1, -6866.674805, -1554.303955, 242.484634, 0.869983, 0, 0, 0, 0, 300, 300),
(12394, 2040, 0, 1, -6558.399902, -1572.119995, 307.277679, -2.760419, 0, 0, 0, 0, 300, 300),
(12395, 2040, 0, 1, -6561.350098, -1574.346924, 302.335266, -0.803937, 0, 0, 0, 0, 300, 300),
(12468, 2040, 0, 1, -6722.125000, -1592.162964, 192.226700, -0.329633, 0, 0, 0, 0, 300, 300),
(12480, 2040, 0, 1, -6719.174805, -1594.390015, 192.355499, -0.490742, 0, 0, 0, 0, 300, 300),
(12483, 2040, 0, 1, -7313.600098, -1594.390015, 316.506683, -0.592199, 0, 0, 0, 0, 300, 300),
(12484, 2040, 0, 1, -7118.899902, -1603.297974, 257.817352, -2.184615, 0, 0, 0, 0, 300, 300),
(12485, 2040, 0, 1, -7120.375000, -1603.297974, 257.071625, 3.085081, 0, 0, 0, 0, 300, 300),
(12486, 2040, 0, 1, -7117.424805, -1607.751953, 257.705231, -0.681469, 0, 0, 0, 0, 300, 300),
(12487, 2040, 0, 1, -7120.375000, -1607.751953, 257.086304, -1.670916, 0, 0, 0, 0, 300, 300),
(12488, 2040, 0, 1, -6490.549805, -1679.015991, 302.303284, 2.434830, 0, 0, 0, 0, 300, 300),
(12489, 2040, 0, 1, -6738.350098, -1685.697021, 218.717529, -3.003546, 0, 0, 0, 0, 300, 300),
(12490, 2040, 0, 1, -6993.524902, -1750.279907, 234.098450, 2.051778, 0, 0, 0, 0, 300, 300),
(12491, 2040, 0, 1, -7043.674805, -1750.279907, 258.127930, -0.354819, 0, 0, 0, 0, 300, 300),
(12492, 2040, 0, 1, -7046.625000, -1750.279907, 255.587097, 2.320792, 0, 0, 0, 0, 300, 300),
(12493, 2040, 0, 1, -7322.450195, -1754.734009, 267.790558, -1.387768, 0, 0, 0, 0, 300, 300),
(12494, 2040, 0, 1, -7326.875000, -1754.734009, 267.788788, 1.259298, 0, 0, 0, 0, 300, 300),
(12495, 2040, 0, 1, -6587.899902, -1834.905884, 244.594803, -1.747886, 0, 0, 0, 0, 300, 300),
(12496, 2040, 0, 1, -6589.375000, -1834.905884, 244.442886, 0.400532, 0, 0, 0, 0, 300, 300),
(12497, 2040, 0, 1, -7188.225098, -1955.163940, 317.991241, -2.741227, 0, 0, 0, 0, 300, 300),
(12498, 324, 0, 1, -6742.754883, -631.197693, 244.675507, -0.522051, 0, 0, 0, 0, 300, 300), -- small thorium vein
(12502, 324, 0, 1, -6609.615723, -681.676025, 240.889725, -0.821819, 0, 0, 0, 0, 300, 300),
(12529, 324, 0, 1, -6587.330566, -666.382507, 237.778503, -2.195941, 0, 0, 0, 0, 300, 300),
(12535, 324, 0, 1, -6692.356934, -715.237427, 235.723206, -2.015117, 0, 0, 0, 0, 300, 300),
(12536, 324, 0, 1, -7281.149902, -801.578003, 297.027527, 2.478311, 0, 0, 0, 0, 300, 300),
(12537, 324, 0, 1, -7285.575195, -801.578003, 298.771271, 0.503920, 0, 0, 0, 0, 300, 300),
(12538, 324, 0, 1, -7281.149902, -803.805054, 297.167511, 3.031723, 0, 0, 0, 0, 300, 300),
(12539, 324, 0, 1, -7282.625000, -803.805054, 297.663361, 3.083280, 0, 0, 0, 0, 300, 300),
(12540, 324, 0, 1, -6468.424805, -823.848022, 331.964508, -0.639447, 0, 0, 0, 0, 300, 300),
(12541, 324, 0, 1, -6568.725098, -823.848022, 298.399231, -1.706466, 0, 0, 0, 0, 300, 300),
(12542, 324, 0, 1, -6564.299805, -826.074951, 298.354828, 0.207706, 0, 0, 0, 0, 300, 300),
(12543, 324, 0, 1, -6469.899902, -828.302002, 329.396515, 0.453480, 0, 0, 0, 0, 300, 300),
(12544, 324, 0, 1, -6471.375000, -828.302002, 327.869080, 0.723445, 0, 0, 0, 0, 300, 300),
(12545, 324, 0, 1, -6757.524902, -846.117981, 249.104141, 2.032903, 0, 0, 0, 0, 300, 300),
(12550, 324, 0, 1, -6897.649902, -852.799011, 258.415863, -0.979505, 0, 0, 0, 0, 300, 300),
(12551, 324, 0, 1, -6899.125000, -852.799011, 258.101440, 2.263421, 0, 0, 0, 0, 300, 300),
(12597, 324, 0, 1, -6648.375000, -863.934021, 244.144333, 2.914068, 0, 0, 0, 0, 300, 300),
(12602, 324, 0, 1, -7087.924805, -912.927979, 285.421753, -2.112873, 0, 0, 0, 0, 300, 300),
(12608, 324, 0, 1, -7090.875000, -912.927979, 285.876038, 0.564301, 0, 0, 0, 0, 300, 300),
(12617, 324, 0, 1, -7089.399902, -915.154968, 283.462067, 1.702945, 0, 0, 0, 0, 300, 300),
(12618, 324, 0, 1, -7090.875000, -915.154968, 283.945160, 0.412223, 0, 0, 0, 0, 300, 300),
(12633, 324, 0, 1, -6503.841309, -1044.797363, 341.761169, 1.937188, 0, 0, 0, 0, 300, 300),
(12678, 324, 0, 1, -6729.913574, -1085.995972, 185.594299, -1.320787, 0, 0, 0, 0, 300, 300),
(12679, 324, 0, 1, -7043.674805, -1182.395020, 255.663467, -1.903697, 0, 0, 0, 0, 300, 300),
(12680, 324, 0, 1, -6718.001953, -1252.240234, 183.450226, -1.649512, 0, 0, 0, 0, 300, 300),
(12711, 324, 0, 1, -6566.803711, -1257.689697, 139.058609, -2.430386, 0, 0, 0, 0, 300, 300),
(12712, 324, 0, 1, -6422.629395, -1301.564819, 180.939758, 0.498292, 0, 0, 0, 0, 300, 300),
(12716, 165658, 0, 1, -6616.373047, -695.229614, 244.958908, -0.583361, 0, 0, 0, 0, 300, 300), -- dark iron deposit
(12723, 165658, 0, 1, -6588.291016, -683.962463, 243.472336, 1.124654, 0, 0, 0, 0, 300, 300),
(12724, 165658, 0, 1, -6651.926270, -720.752380, 244.809296, -3.120738, 0, 0, 0, 0, 300, 300),
(12725, 165658, 0, 1, -6617.399902, -725.859985, 246.422440, 3.032347, 0, 0, 0, 0, 300, 300),
(12726, 165658, 0, 1, -7208.875000, -781.535034, 329.052582, 2.046840, 0, 0, 0, 0, 300, 300),
(12727, 165658, 0, 1, -7207.399902, -783.761963, 328.932556, -0.244545, 0, 0, 0, 0, 300, 300),
(12728, 165658, 0, 1, -7284.100098, -801.578003, 298.162567, 0.040673, 0, 0, 0, 0, 300, 300),
(12729, 165658, 0, 1, -6658.051270, -811.677124, 253.164780, 3.096456, 0, 0, 0, 0, 300, 300),
(12730, 165658, 0, 1, -7281.149902, -803.805054, 297.167511, -1.467200, 0, 0, 0, 0, 300, 300),
(12731, 165658, 0, 1, -7282.625000, -803.805054, 297.663361, 2.463266, 0, 0, 0, 0, 300, 300),
(12732, 165658, 0, 1, -6469.899902, -823.848022, 329.609283, -1.479864, 0, 0, 0, 0, 300, 300),
(12733, 165658, 0, 1, -6570.200195, -823.848022, 298.546844, 1.302502, 0, 0, 0, 0, 300, 300),
(12734, 165658, 0, 1, -6466.950195, -826.074951, 333.995270, 3.010790, 0, 0, 0, 0, 300, 300),
(12735, 165658, 0, 1, -6564.299805, -826.074951, 298.354828, -3.050660, 0, 0, 0, 0, 300, 300),
(12736, 165658, 0, 1, -6471.375000, -828.302002, 327.869080, 1.102801, 0, 0, 0, 0, 300, 300),
(12737, 165658, 0, 1, -6753.100098, -841.664001, 252.443298, -1.879046, 0, 0, 0, 0, 300, 300),
(12738, 165658, 0, 1, -6897.649902, -852.799011, 258.415863, -1.667485, 0, 0, 0, 0, 300, 300),
(12739, 165658, 0, 1, -6649.850098, -863.934021, 244.152313, -1.201866, 0, 0, 0, 0, 300, 300),
(12740, 165658, 0, 1, -7231.000000, -881.750000, 296.932129, 2.469774, 0, 0, 0, 0, 300, 300),
(12741, 165658, 0, 1, -6675.533691, -884.161987, 265.063568, 1.502051, 0, 0, 0, 0, 300, 300),
(12742, 165658, 0, 1, -7087.924805, -912.927979, 285.421753, -1.574791, 0, 0, 0, 0, 300, 300),
(12743, 165658, 0, 1, -7089.399902, -915.154968, 283.462067, -0.493683, 0, 0, 0, 0, 300, 300),
(12744, 165658, 0, 1, -6838.649902, -990.872986, 242.275162, -1.655893, 0, 0, 0, 0, 300, 300),
(12745, 165658, 0, 1, -6840.125000, -990.872986, 241.514359, -2.011282, 0, 0, 0, 0, 300, 300),
(12746, 165658, 0, 1, -7083.500000, -999.781006, 242.741806, -2.121326, 0, 0, 0, 0, 300, 300),
(12747, 165658, 0, 1, -6682.299805, -1022.050964, 253.258591, 3.106352, 0, 0, 0, 0, 300, 300),
(12748, 165658, 0, 1, -6503.841309, -1044.797363, 341.761169, -0.174655, 0, 0, 0, 0, 300, 300),
(12749, 165658, 0, 1, -6727.069824, -1085.869995, 185.576004, -1.887717, 0, 0, 0, 0, 300, 300),
(12750, 165658, 0, 1, -7259.024902, -1142.309082, 282.260010, 2.615262, 0, 0, 0, 0, 300, 300),
(12751, 165658, 0, 1, -7154.299805, -1162.352051, 266.129486, -0.074974, 0, 0, 0, 0, 300, 300),
(12752, 165658, 0, 1, -6813.062988, -1163.216309, 192.534836, 2.912303, 0, 0, 0, 0, 300, 300),
(12753, 165658, 0, 1, -7043.674805, -1182.395020, 255.663467, 2.683994, 0, 0, 0, 0, 300, 300),
(12754, 165658, 0, 1, -6869.815918, -1195.498779, 182.584885, 1.187266, 0, 0, 0, 0, 300, 300),
(12755, 165658, 0, 1, -6869.790527, -1202.169800, 180.812027, 1.811880, 0, 0, 0, 0, 300, 300),
(12756, 165658, 0, 1, -6467.409668, -1194.582031, 182.493088, -0.477729, 0, 0, 0, 0, 300, 300),
(12759, 165658, 0, 1, -6937.475098, -1202.437988, 147.322525, -1.833547, 0, 0, 0, 0, 300, 300),
(12764, 165658, 0, 1, -6940.424805, -1206.891968, 147.151871, 1.185719, 0, 0, 0, 0, 300, 300),
(12774, 165658, 0, 1, -6685.250000, -1229.161987, 240.938446, 1.373676, 0, 0, 0, 0, 300, 300),
(12775, 165658, 0, 1, -6727.454590, -1256.931030, 185.077744, 2.286821, 0, 0, 0, 0, 300, 300),
(12776, 165658, 0, 1, -6565.230469, -1263.715820, 136.198532, 2.326739, 0, 0, 0, 0, 300, 300),
(12779, 165658, 0, 1, -6661.649902, -1271.475098, 251.778290, -2.180881, 0, 0, 0, 0, 300, 300),
(12780, 165658, 0, 1, -6663.125000, -1271.475098, 249.966980, -0.076479, 0, 0, 0, 0, 300, 300),
(12781, 165658, 0, 1, -6523.683594, -1279.783325, 180.935074, 0.696357, 0, 0, 0, 0, 300, 300),
(12782, 165658, 0, 1, -7080.549805, -1298.198975, 265.312805, -2.398730, 0, 0, 0, 0, 300, 300),
(12783, 165658, 0, 1, -6430.104004, -1307.916504, 180.939240, -2.487677, 0, 0, 0, 0, 300, 300),
(12795, 165658, 0, 1, -6816.524902, -1358.328003, 169.374359, 1.504159, 0, 0, 0, 0, 300, 300),
(12798, 165658, 0, 1, -6816.524902, -1360.555054, 169.534500, 0.766140, 0, 0, 0, 0, 300, 300),
(12801, 165658, 0, 1, -6762.231445, -1366.975342, 196.423157, -0.737764, 0, 0, 0, 0, 300, 300),
(12804, 165658, 0, 1, -6473.725098, -1380.741455, 143.634659, -1.280141, 0, 0, 0, 0, 300, 300),
(12805, 165658, 0, 1, -6725.969238, -1405.903442, 214.731400, 0.799236, 0, 0, 0, 0, 300, 300),
(12806, 165658, 0, 1, -6727.606445, -1411.561523, 217.619400, 2.272658, 0, 0, 0, 0, 300, 300),
(12807, 165658, 0, 1, -6869.625000, -1409.548950, 172.368790, 1.205626, 0, 0, 0, 0, 300, 300),
(12808, 165658, 0, 1, -7229.524902, -1425.137939, 267.545929, -0.294106, 0, 0, 0, 0, 300, 300),
(12812, 165658, 0, 1, -7231.000000, -1427.364990, 267.484436, -2.723196, 0, 0, 0, 0, 300, 300),
(12813, 165658, 0, 1, -6602.649902, -1434.046021, 266.444519, -2.870085, 0, 0, 0, 0, 300, 300),
(12814, 165658, 0, 1, -6627.750488, -1455.183350, 172.991043, 0.380669, 0, 0, 0, 0, 300, 300),
(12818, 165658, 0, 1, -6643.950195, -1447.407959, 256.076721, -1.890523, 0, 0, 0, 0, 300, 300),
(12821, 165658, 0, 1, -6645.424805, -1449.635010, 255.461853, -2.625501, 0, 0, 0, 0, 300, 300),
(12822, 165658, 0, 1, -6841.600098, -1485.267090, 206.939713, -0.262254, 0, 0, 0, 0, 300, 300),
(12823, 165658, 0, 1, -6838.649902, -1487.494019, 208.579041, 0.781996, 0, 0, 0, 0, 300, 300),
(12826, 165658, 0, 1, -6866.674805, -1554.303955, 242.484634, -2.044980, 0, 0, 0, 0, 300, 300),
(12829, 165658, 0, 1, -6558.399902, -1572.119995, 307.277679, 1.356282, 0, 0, 0, 0, 300, 300),
(12833, 165658, 0, 1, -6559.875000, -1572.119995, 304.866486, 1.404962, 0, 0, 0, 0, 300, 300),
(12834, 165658, 0, 1, -6719.174805, -1594.390015, 192.355499, 0.478178, 0, 0, 0, 0, 300, 300),
(12835, 165658, 0, 1, -7313.600098, -1594.390015, 316.506683, -1.894352, 0, 0, 0, 0, 300, 300),
(12836, 165658, 0, 1, -7118.899902, -1603.297974, 257.817352, 1.891431, 0, 0, 0, 0, 300, 300),
(12839, 165658, 0, 1, -7120.375000, -1603.297974, 257.071625, -2.066005, 0, 0, 0, 0, 300, 300),
(12840, 165658, 0, 1, -7117.424805, -1607.751953, 257.705231, 0.220625, 0, 0, 0, 0, 300, 300),
(12850, 165658, 0, 1, -7120.375000, -1607.751953, 257.086304, -2.397141, 0, 0, 0, 0, 300, 300),
(12853, 165658, 0, 1, -6490.549805, -1676.788940, 301.159821, 1.413657, 0, 0, 0, 0, 300, 300),
(12854, 165658, 0, 1, -6738.350098, -1685.697021, 218.717529, -0.049148, 0, 0, 0, 0, 300, 300),
(12855, 165658, 0, 1, -6993.524902, -1750.279907, 234.098450, 1.775617, 0, 0, 0, 0, 300, 300),
(12883, 165658, 0, 1, -7043.674805, -1750.279907, 258.127930, 2.519257, 0, 0, 0, 0, 300, 300),
(12891, 165658, 0, 1, -7322.450195, -1754.734009, 267.790558, 2.706692, 0, 0, 0, 0, 300, 300),
(12892, 165658, 0, 1, -6584.950195, -1834.905884, 245.146439, 1.804701, 0, 0, 0, 0, 300, 300),
(12904, 165658, 0, 1, -6589.375000, -1834.905884, 244.442886, -0.868259, 0, 0, 0, 0, 300, 300),
(12905, 165658, 0, 1, -7186.750000, -1952.937012, 319.726746, -0.903252, 0, 0, 0, 0, 300, 300),
-- Silverpine Forest:
(12906, 1731, 0, 1, 1090.444214, 2061.957520, -0.663594, -0.483531, 0, 0, 0, 0, 300, 300), -- copper vein
(12914, 1731, 0, 1, 1072.729980, 2058.792969, -21.166594, 1.574868, 0, 0, 0, 0, 300, 300),
(12915, 1731, 0, 1, 1220.323975, 2054.596191, 5.049776, 2.507677, 0, 0, 0, 0, 300, 300),
(12916, 1731, 0, 1, 1217.429932, 2050.398926, 5.165693, -2.275699, 0, 0, 0, 0, 300, 300),
(12919, 1731, 0, 1, 1428.577026, 2007.169922, 12.926879, -2.418649, 0, 0, 0, 0, 300, 300),
(12920, 1731, 0, 1, 1301.355957, 1991.640991, 38.799862, 0.068373, 0, 0, 0, 0, 300, 300),
(12921, 1731, 0, 1, 1133.504028, 1983.246948, 6.514039, -0.605841, 0, 0, 0, 0, 300, 300),
(12931, 1731, 0, 1, 1130.609985, 1983.246948, 4.930660, -0.246004, 0, 0, 0, 0, 300, 300),
(12932, 1731, 0, 1, 1432.351807, 1960.336548, 14.020527, 0.472300, 0, 0, 0, 0, 300, 300),
(12933, 1731, 0, 1, 1377.687988, 1980.996216, 16.800110, 1.011283, 0, 0, 0, 0, 300, 300),
(12934, 1731, 0, 1, 1342.752808, 1971.133789, 13.939365, -1.568417, 0, 0, 0, 0, 300, 300),
(12935, 1731, 0, 1, 1311.512207, 1970.809570, 16.894751, 1.746198, 0, 0, 0, 0, 300, 300),
(12936, 1731, 0, 1, 1069.835938, 1966.459106, -7.230256, 0.353018, 0, 0, 0, 0, 300, 300),
(12937, 1731, 0, 1, 1260.839966, 1962.261963, 14.170541, 2.813953, 0, 0, 0, 0, 300, 300),
(12938, 1731, 0, 1, 1330.296021, 1958.065063, 14.215283, -0.327943, 0, 0, 0, 0, 300, 300),
(12939, 1731, 0, 1, 1260.839966, 1958.065063, 13.753791, -2.983695, 0, 0, 0, 0, 300, 300),
(12940, 1731, 0, 1, 1369.976440, 1950.704590, 14.183046, 0.022998, 0, 0, 0, 0, 300, 300),
(12941, 1731, 0, 1, 1443.161987, 1949.671021, 12.678412, 1.582123, 0, 0, 0, 0, 300, 300),
(12942, 1731, 0, 1, 1420.010010, 1941.276978, 9.515627, 1.764497, 0, 0, 0, 0, 300, 300),
(12943, 1731, 0, 1, 1116.140015, 1899.307007, 29.735569, -2.062446, 0, 0, 0, 0, 300, 300),
(12944, 1731, 0, 1, 1168.231934, 1840.549072, 24.604393, -1.836423, 0, 0, 0, 0, 300, 300),
(12947, 1731, 0, 1, 1003.273987, 1781.790894, 13.533681, 1.224636, 0, 0, 0, 0, 300, 300),
(12948, 1731, 0, 1, 1104.563965, 1748.214966, 56.460701, 0.712842, 0, 0, 0, 0, 300, 300),
(12949, 1731, 0, 1, 1101.670044, 1748.214966, 56.053955, -1.967161, 0, 0, 0, 0, 300, 300),
(12950, 1731, 0, 1, -575.151001, 1708.447510, 21.245653, 3.086568, 0, 0, 0, 0, 300, 300),
(12953, 1731, 0, 1, 879.107849, 1695.773560, 24.142263, -2.761660, 0, 0, 0, 0, 300, 300),
(12954, 1731, 0, 1, 757.316895, 1680.375488, 44.967022, -0.842858, 0, 0, 0, 0, 300, 300),
(12955, 1731, 0, 1, -408.998047, 1668.472046, 20.308565, -2.627703, 0, 0, 0, 0, 300, 300),
(12956, 1731, 0, 1, 1017.743958, 1634.895996, 24.555441, -2.250181, 0, 0, 0, 0, 300, 300),
(12957, 1731, 0, 1, 1014.850037, 1634.895996, 24.745148, -3.139604, 0, 0, 0, 0, 300, 300),
(12958, 1731, 0, 1, 901.984009, 1588.729004, 43.158363, -0.341930, 0, 0, 0, 0, 300, 300),
(12959, 1731, 0, 1, 899.090027, 1588.729004, 43.192848, 3.003578, 0, 0, 0, 0, 300, 300),
(12960, 1731, 0, 1, -547.909912, 1588.729004, 10.178430, -2.195426, 0, 0, 0, 0, 300, 300),
(12961, 1731, 0, 1, -545.016113, 1584.531982, 9.886177, -1.076186, 0, 0, 0, 0, 300, 300),
(12962, 1731, 0, 1, 1205.854004, 1576.137939, 29.616997, 2.414824, 0, 0, 0, 0, 300, 300),
(12963, 1731, 0, 1, 262.409912, 1555.152954, 136.549591, -0.112239, 0, 0, 0, 0, 300, 300),
(12964, 1731, 0, 1, 741.303711, 1599.734009, 75.103180, 1.433545, 0, 0, 0, 0, 300, 300),
(12965, 1731, 0, 1, 703.868591, 1553.729492, 67.681183, 0.978467, 0, 0, 0, 0, 300, 300),
(12966, 1731, 0, 1, 789.117981, 1504.789062, 34.425896, 1.527645, 0, 0, 0, 0, 300, 300),
(12967, 1731, 0, 1, -542.122070, 1462.819092, 15.987751, -2.538328, 0, 0, 0, 0, 300, 300),
(12968, 1731, 0, 1, -547.909912, 1462.819092, 19.322552, 0.610562, 0, 0, 0, 0, 300, 300),
(12969, 1731, 0, 1, 1179.807983, 1450.227905, 34.522568, 1.100139, 0, 0, 0, 0, 300, 300),
(12970, 1731, 0, 1, 580.750000, 1429.242920, 97.309097, 1.689725, 0, 0, 0, 0, 300, 300),
(12971, 1731, 0, 1, -313.496094, 1429.242920, 31.251652, 1.370591, 0, 0, 0, 0, 300, 300),
(12972, 1731, 0, 1, -316.390015, 1429.242920, 30.998114, 2.423788, 0, 0, 0, 0, 300, 300),
(12973, 1731, 0, 1, 271.092041, 1408.257935, 112.928360, -0.348109, 0, 0, 0, 0, 300, 300),
(12974, 1731, 0, 1, -757.165039, 1464.337524, 18.559948, 1.879351, 0, 0, 0, 0, 300, 300),
(12975, 1731, 0, 1, -39.705807, 1392.442505, 67.742523, -0.331187, 0, 0, 0, 0, 300, 300),
(12976, 1731, 0, 1, 1278.203979, 1374.682129, 50.066372, -0.430741, 0, 0, 0, 0, 300, 300),
(12977, 1731, 0, 1, 470.778076, 1353.697021, 89.343430, 1.992339, 0, 0, 0, 0, 300, 300),
(12978, 1731, 0, 1, 337.654053, 1341.106201, 92.426117, -1.806884, 0, 0, 0, 0, 300, 300),
(12979, 1731, 0, 1, 878.831970, 1311.727051, 46.630802, 1.477171, 0, 0, 0, 0, 300, 300),
(12980, 1731, 0, 1, -200.630005, 1282.348145, 43.105446, 2.145313, 0, 0, 0, 0, 300, 300),
(12981, 1731, 0, 1, 731.237976, 1269.757080, 65.040344, -1.961600, 0, 0, 0, 0, 300, 300),
(12982, 1731, 0, 1, 1176.914062, 1261.362793, 41.862518, -2.240918, 0, 0, 0, 0, 300, 300),
(12983, 1731, 0, 1, -597.107910, 1248.771973, 76.002365, -1.411922, 0, 0, 0, 0, 300, 300),
(13011, 1731, 0, 1, 1341.871948, 1244.575195, 45.270008, 1.868587, 0, 0, 0, 0, 300, 300),
(13012, 1731, 0, 1, 601.008057, 1223.590088, 80.793304, -0.846424, 0, 0, 0, 0, 300, 300),
(13020, 1731, 0, 1, -791.476990, 1213.021606, 94.086540, -2.410874, 0, 0, 0, 0, 300, 300),
(13025, 1731, 0, 1, 988.804016, 1185.817139, 48.292789, -0.608303, 0, 0, 0, 0, 300, 300),
(13026, 1731, 0, 1, 985.909973, 1181.619873, 48.408352, -2.929625, 0, 0, 0, 0, 300, 300),
(13027, 1731, 0, 1, 771.754028, 1164.831787, 50.945820, 0.844565, 0, 0, 0, 0, 300, 300),
(13028, 1731, 0, 1, 693.616028, 1127.059082, 60.760181, -2.512916, 0, 0, 0, 0, 300, 300),
(13029, 1731, 0, 1, 1437.374023, 1122.861816, 74.840065, 2.814587, 0, 0, 0, 0, 300, 300),
(13030, 1731, 0, 1, -654.988037, 1097.679932, 110.491112, 0.280592, 0, 0, 0, 0, 300, 300),
(13031, 1731, 0, 1, 77.193970, 1093.483154, 81.773972, -2.874708, 0, 0, 0, 0, 300, 300),
(13032, 1731, 0, 1, 265.303955, 1080.891846, 94.789047, 3.026409, 0, 0, 0, 0, 300, 300),
(13043, 1731, 0, 1, 262.409912, 1080.891846, 93.906761, -1.056476, 0, 0, 0, 0, 300, 300),
(13044, 1731, 0, 1, 878.831970, 1068.301025, 46.102684, -1.401779, 0, 0, 0, 0, 300, 300),
(13045, 1731, 0, 1, 317.023529, 1067.601196, 104.532707, 0.270511, 0, 0, 0, 0, 300, 300),
(13048, 1731, 0, 1, 334.372040, 1045.968750, 119.166183, -2.038025, 0, 0, 0, 0, 300, 300),
(13060, 1731, 0, 1, 470.778076, 1051.513184, 110.580605, -2.226953, 0, 0, 0, 0, 300, 300),
(13086, 1731, 0, 1, 412.372253, 984.434692, 110.395554, -1.302124, 0, 0, 0, 0, 300, 300),
(13087, 1731, 0, 1, 710.979980, 1030.528076, 45.957378, -2.889679, 0, 0, 0, 0, 300, 300),
(13088, 1731, 0, 1, 384.716309, 1040.975952, 107.815460, -3.112214, 0, 0, 0, 0, 300, 300),
(13089, 1731, 0, 1, -315.514191, 989.324280, 125.382172, -1.086742, 0, 0, 0, 0, 300, 300),
(13090, 1731, 0, 1, -288.617920, 952.520325, 134.524852, -2.975250, 0, 0, 0, 0, 300, 300),
(13091, 1731, 0, 1, -413.769501, 926.015076, 119.102951, 3.017687, 0, 0, 0, 0, 300, 300),
(13092, 1731, 0, 1, -429.255859, 900.421143, 108.375084, 0.942873, 0, 0, 0, 0, 300, 300),
(13093, 1731, 0, 1, -724.443848, 791.298828, 234.840515, -0.326921, 0, 0, 0, 0, 300, 300),
(13094, 1731, 0, 1, 1029.320068, 740.935059, 58.306267, -0.750611, 0, 0, 0, 0, 300, 300),
(13095, 1731, 0, 1, 800.694031, 623.419189, 40.371521, -1.666490, 0, 0, 0, 0, 300, 300),
(13096, 1731, 0, 1, 612.583984, 484.918213, 36.909557, 2.152626, 0, 0, 0, 0, 300, 300),
(13097, 1731, 0, 1, 609.689941, 480.720947, 36.721558, 0.956249, 0, 0, 0, 0, 300, 300),
(13098, 1731, 0, 1, 1147.973999, 392.583984, 33.642773, 0.898315, 0, 0, 0, 0, 300, 300),
(13099, 1731, 0, 1, 818.057983, 367.401855, 13.085541, 1.316123, 0, 0, 0, 0, 300, 300),
(13100, 1731, 0, 1, 1075.624023, 228.900879, 35.539864, -2.160749, 0, 0, 0, 0, 300, 300),
(13101, 1732, 0, 1, 1286.885986, 1903.504028, 27.576262, 2.967740, 0, 0, 0, 0, 300, 300), -- tin vein
(13102, 1732, 0, 1, 757.008606, 1796.158691, 28.943663, -2.318822, 0, 0, 0, 0, 300, 300),
(13103, 1732, 0, 1, -336.647949, 1765.003052, -12.003910, 3.013689, 0, 0, 0, 0, 300, 300),
(13104, 1732, 0, 1, 1205.854004, 1727.229980, 22.078552, 2.307911, 0, 0, 0, 0, 300, 300),
(13105, 1732, 0, 1, 210.947617, 1686.028442, 163.498962, -1.800715, 0, 0, 0, 0, 300, 300),
(13106, 1732, 0, 1, 79.160164, 1511.690674, 140.213791, 1.009117, 0, 0, 0, 0, 300, 300),
(13107, 1732, 0, 1, 135.445633, 1441.668457, 117.937477, 1.041431, 0, 0, 0, 0, 300, 300),
(13115, 1732, 0, 1, 180.679932, 1506.448364, 123.937683, -3.025502, 0, 0, 0, 0, 300, 300),
(13116, 1732, 0, 1, 1000.380005, 1437.636963, 42.526901, 1.463019, 0, 0, 0, 0, 300, 300),
(13117, 1732, 0, 1, 693.616028, 1429.242920, 65.402771, -0.620405, 0, 0, 0, 0, 300, 300),
(13118, 1732, 0, 1, 959.864014, 1366.288086, 44.990891, -1.931044, 0, 0, 0, 0, 300, 300),
(13119, 1732, 0, 1, -53.035889, 1143.846924, 66.304848, -1.709355, 0, 0, 0, 0, 300, 300),
(13120, 1732, 0, 1, 334.760010, 1127.059082, 105.009171, -2.690071, 0, 0, 0, 0, 300, 300),
(13121, 1732, 0, 1, 210.317993, 1097.679932, 84.203011, 0.056747, 0, 0, 0, 0, 300, 300),
(13132, 1732, 0, 1, -518.969971, 1076.695068, 89.173935, -2.961853, 0, 0, 0, 0, 300, 300),
(13133, 1732, 0, 1, -306.718170, 1030.088623, 107.756770, -0.086042, 0, 0, 0, 0, 300, 300),
(13138, 1732, 0, 1, -299.695618, 1015.708069, 114.625587, -1.575878, 0, 0, 0, 0, 300, 300),
(13139, 1732, 0, 1, 418.665558, 1009.101135, 109.393730, 1.704809, 0, 0, 0, 0, 300, 300),
(13140, 1732, 0, 1, -87.764038, 1022.134033, 65.009560, 0.877779, 0, 0, 0, 0, 300, 300),
(13143, 1732, 0, 1, -623.154053, 1017.937012, 150.227051, 2.181503, 0, 0, 0, 0, 300, 300),
(13144, 1732, 0, 1, -285.560059, 1040.449951, 117.620110, -1.730954, 0, 0, 0, 0, 300, 300),
(13148, 1732, 0, 1, 392.238556, 1003.310059, 109.040176, 1.465560, 0, 0, 0, 0, 300, 300),
(13189, 1732, 0, 1, -306.820129, 1060.906860, 117.539886, 0.628000, 0, 0, 0, 0, 300, 300),
(13190, 1732, 0, 1, 420.884918, 1034.348877, 108.126198, 1.654730, 0, 0, 0, 0, 300, 300),
(13191, 1732, 0, 1, -344.355164, 997.140076, 126.679932, -2.331408, 0, 0, 0, 0, 300, 300),
(13192, 1732, 0, 1, -521.864014, 959.178955, 93.051804, 2.362097, 0, 0, 0, 0, 300, 300),
(13195, 1732, 0, 1, -288.132812, 941.744629, 131.420410, -3.025153, 0, 0, 0, 0, 300, 300),
(13196, 1732, 0, 1, -345.381042, 954.498657, 132.378448, -1.932989, 0, 0, 0, 0, 300, 300),
(13199, 1732, 0, 1, -423.003693, 935.220032, 123.735458, 1.213476, 0, 0, 0, 0, 300, 300),
(13200, 1732, 0, 1, 540.678101, 938.580994, 134.397171, 0.414654, 0, 0, 0, 0, 300, 300),
(13201, 1732, 0, 1, -99.340088, 933.997070, 67.995964, 0.731282, 0, 0, 0, 0, 300, 300),
(13202, 1732, 0, 1, -380.324066, 914.760803, 138.354675, 0.960768, 0, 0, 0, 0, 300, 300),
(13205, 1732, 0, 1, -437.937988, 913.012207, 104.579781, 1.546300, 0, 0, 0, 0, 300, 300),
(13206, 1732, 0, 1, -426.362061, 908.814941, 108.406967, -0.545298, 0, 0, 0, 0, 300, 300),
(13207, 1732, 0, 1, -437.937988, 908.814941, 102.721214, 2.299561, 0, 0, 0, 0, 300, 300),
(13208, 1732, 0, 1, -672.352051, 896.224121, 173.153473, 1.266243, 0, 0, 0, 0, 300, 300),
(13211, 1732, 0, 1, -293.237915, 892.026855, 102.932678, 1.098773, 0, 0, 0, 0, 300, 300),
(13212, 1732, 0, 1, 592.326050, 875.239014, 69.640564, 1.692098, 0, 0, 0, 0, 300, 300),
(13213, 1732, 0, 1, -382.951904, 854.254150, 94.517418, 0.839737, 0, 0, 0, 0, 300, 300),
(13214, 1732, 0, 1, 1451.843994, 841.663086, 64.736794, 1.186077, 0, 0, 0, 0, 300, 300),
(13215, 1732, 0, 1, 1448.949951, 841.663086, 62.184811, 2.728573, 0, 0, 0, 0, 300, 300),
(13216, 1732, 0, 1, -640.518066, 812.283936, 120.604797, -2.816713, 0, 0, 0, 0, 300, 300),
(13217, 1732, 0, 1, -41.459961, 808.086914, 63.455643, 2.494608, 0, 0, 0, 0, 300, 300),
(13218, 1732, 0, 1, 447.625977, 770.313965, 70.108597, 1.823710, 0, 0, 0, 0, 300, 300),
(13219, 1732, 0, 1, -406.104004, 770.313965, 98.480385, -3.050233, 0, 0, 0, 0, 300, 300),
(13220, 1732, 0, 1, -449.513916, 770.313965, 93.653931, 1.242635, 0, 0, 0, 0, 300, 300),
(13221, 1732, 0, 1, 54.042114, 757.723145, 63.676777, 1.994196, 0, 0, 0, 0, 300, 300),
(13222, 1732, 0, 1, -108.021973, 682.177002, 117.662712, -0.532271, 0, 0, 0, 0, 300, 300),
(13223, 1732, 0, 1, -568.167969, 669.585938, 89.459702, 0.618878, 0, 0, 0, 0, 300, 300),
(13224, 1732, 0, 1, 326.078003, 606.631104, 41.950397, 1.591588, 0, 0, 0, 0, 300, 300),
(13225, 1732, 0, 1, 143.755981, 602.434082, 111.676376, -2.891180, 0, 0, 0, 0, 300, 300),
(13226, 1732, 0, 1, 85.875977, 539.479004, 59.215664, -0.266086, 0, 0, 0, 0, 300, 300),
(13227, 1733, 0, 1, 1286.885986, 1903.504028, 27.576262, 1.333273, 0, 0, 0, 0, 300, 300), -- silver vein
(13236, 1733, 0, 1, 757.008606, 1796.158691, 28.943663, -2.116078, 0, 0, 0, 0, 300, 300),
(13237, 1733, 0, 1, -50.141968, 1143.846924, 66.395416, 1.542687, 0, 0, 0, 0, 300, 300),
(13242, 1733, 0, 1, -521.864014, 959.178955, 93.051804, -3.100318, 0, 0, 0, 0, 300, 300),
(13243, 1733, 0, 1, -306.718170, 1030.088623, 107.756770, -1.222975, 0, 0, 0, 0, 300, 300),
(13244, 1733, 0, 1, -672.352051, 896.224121, 173.153473, -0.794986, 0, 0, 0, 0, 300, 300),
(13287, 1733, 0, 1, -640.518066, 812.283936, 120.604797, 3.068807, 0, 0, 0, 0, 300, 300),
(13288, 1733, 0, 1, -449.513916, 770.313965, 93.653931, 0.542742, 0, 0, 0, 0, 300, 300),
(13297, 1733, 0, 1, -568.167969, 669.585938, 89.459702, -0.057230, 0, 0, 0, 0, 300, 300),
-- Stranglethorn Vale:
(13315, 1732, 0, 1, -11448.250000, 104.875000, 40.070648, -0.805046, 0, 0, 0, 0, 300, 300), -- tin vein
(13318, 1732, 0, 1, -11444.000000, 98.500000, 36.143585, -1.311311, 0, 0, 0, 0, 300, 300),
(13319, 1732, 0, 1, -11444.000000, 22.000000, 30.924646, -3.066996, 0, 0, 0, 0, 300, 300),
(13320, 1732, 0, 1, -11469.500000, -99.125000, 35.108559, -2.394750, 0, 0, 0, 0, 300, 300),
(13321, 1732, 0, 1, -11720.250000, -143.750000, 20.069805, -0.891343, 0, 0, 0, 0, 300, 300),
(13322, 1732, 0, 1, -11758.500000, -182.000000, 27.536535, 0.313627, 0, 0, 0, 0, 300, 300),
(13323, 1732, 0, 1, -11503.500000, -194.750000, 51.697563, -2.344179, 0, 0, 0, 0, 300, 300),
(13324, 1732, 0, 1, -11762.750000, -258.500000, 25.903404, -0.561398, 0, 0, 0, 0, 300, 300),
(13334, 1732, 0, 1, -11452.500000, -322.250000, 58.326069, 2.531694, 0, 0, 0, 0, 300, 300),
(13335, 1732, 0, 1, -11529.000000, -488.000000, 46.763577, 1.051728, 0, 0, 0, 0, 300, 300),
(13336, 1732, 0, 1, -11656.500000, -551.750000, 31.434149, 0.624955, 0, 0, 0, 0, 300, 300),
(13337, 1732, 0, 1, -11660.750000, -551.750000, 30.054562, 3.120752, 0, 0, 0, 0, 300, 300),
(13341, 1732, 0, 1, -11656.500000, -558.125000, 35.922527, 0.131213, 0, 0, 0, 0, 300, 300),
(13342, 1732, 0, 1, -11716.000000, -647.375000, 48.914677, -1.804681, 0, 0, 0, 0, 300, 300),
(13343, 1732, 0, 1, -11733.000000, -685.625000, 33.538059, -0.623190, 0, 0, 0, 0, 300, 300),
(13344, 1733, 0, 1, -13526.500000, 640.375000, 13.125143, -2.809509, 0, 0, 0, 0, 300, 300), -- silver vein
(13401, 1733, 0, 1, -11826.500000, 570.250122, 46.759644, -2.469499, 0, 0, 0, 0, 300, 300),
(13402, 1733, 0, 1, -11937.000000, 538.374878, 29.184889, 1.008966, 0, 0, 0, 0, 300, 300),
(13422, 1733, 0, 1, -11605.500000, 493.749878, 64.466675, 0.364727, 0, 0, 0, 0, 300, 300),
(13423, 1733, 0, 1, -11750.000000, 468.250122, 48.836540, 2.972181, 0, 0, 0, 0, 300, 300),
(13430, 1733, 0, 1, -11932.750000, 455.500000, 46.120193, -1.882098, 0, 0, 0, 0, 300, 300),
(13431, 1733, 0, 1, -11924.250000, 302.499878, 19.764257, -1.591303, 0, 0, 0, 0, 300, 300),
(13432, 1733, 0, 1, -11490.750000, 270.625000, 19.511091, 0.544478, 0, 0, 0, 0, 300, 300),
(13433, 1733, 0, 1, -11575.750000, 219.625000, 21.999624, -3.110893, 0, 0, 0, 0, 300, 300),
(13449, 1733, 0, 1, -11758.500000, 219.625000, 18.644213, -2.089173, 0, 0, 0, 0, 300, 300),
(13481, 1733, 0, 1, -13947.250000, 219.625000, 18.553272, -0.540133, 0, 0, 0, 0, 300, 300),
(13482, 1733, 0, 1, -11920.000000, 175.000000, 40.807755, -1.699058, 0, 0, 0, 0, 300, 300),
(13483, 1733, 0, 1, -11699.000000, 168.624878, 18.366243, 0.235532, 0, 0, 0, 0, 300, 300),
(13484, 1733, 0, 1, -11703.250000, 168.624878, 23.014000, -2.010278, 0, 0, 0, 0, 300, 300),
(13485, 1733, 0, 1, -13960.000000, 168.624878, 24.142731, 1.113728, 0, 0, 0, 0, 300, 300),
(13486, 1733, 0, 1, -14074.750000, 124.000000, 23.141085, -2.611534, 0, 0, 0, 0, 300, 300),
(13487, 1733, 0, 1, -12982.500000, 104.875000, 45.788879, -0.544784, 0, 0, 0, 0, 300, 300),
(13488, 1733, 0, 1, -11444.000000, 98.500000, 36.143585, 2.200601, 0, 0, 0, 0, 300, 300),
(13489, 1733, 0, 1, -11775.500000, 34.750000, 17.020067, -0.397209, 0, 0, 0, 0, 300, 300),
(13490, 1733, 0, 1, -14002.500000, 28.375000, 33.375607, -1.914196, 0, 0, 0, 0, 300, 300),
(13499, 1733, 0, 1, -11444.000000, 22.000000, 30.924646, 1.172649, 0, 0, 0, 0, 300, 300),
(13500, 1733, 0, 1, -13794.250000, -3.500000, 37.408554, 1.858474, 0, 0, 0, 0, 300, 300),
(13501, 1733, 0, 1, -13896.250000, -3.500000, 35.281948, 1.912838, 0, 0, 0, 0, 300, 300),
(13502, 1733, 0, 1, -11469.500000, -92.750000, 32.990471, -0.644123, 0, 0, 0, 0, 300, 300),
(13503, 1733, 0, 1, -13458.500000, -111.875000, 46.694046, 2.196662, 0, 0, 0, 0, 300, 300),
(13504, 1733, 0, 1, -13887.750000, -137.375000, 11.031701, 0.647951, 0, 0, 0, 0, 300, 300),
(13505, 1733, 0, 1, -11720.250000, -143.750000, 20.069805, 2.340110, 0, 0, 0, 0, 300, 300),
(13506, 1733, 0, 1, -13569.000000, -143.750000, 48.535927, 0.808071, 0, 0, 0, 0, 300, 300),
(13507, 1733, 0, 1, -11758.500000, -182.000000, 27.536535, 0.936928, 0, 0, 0, 0, 300, 300),
(13508, 1733, 0, 1, -12680.750000, -182.000000, 38.065334, 0.582172, 0, 0, 0, 0, 300, 300),
(13509, 1733, 0, 1, -12676.500000, -188.375000, 39.008942, -0.443692, 0, 0, 0, 0, 300, 300),
(13510, 1733, 0, 1, -11503.500000, -194.750000, 51.697563, -1.193336, 0, 0, 0, 0, 300, 300),
(13604, 1733, 0, 1, -13581.750000, -207.500000, 29.636696, 0.522023, 0, 0, 0, 0, 300, 300),
(13607, 1733, 0, 1, -13615.750000, -220.250000, 22.727272, 0.550293, 0, 0, 0, 0, 300, 300),
(13608, 1733, 0, 1, -11762.750000, -258.500000, 25.903404, -0.168327, 0, 0, 0, 0, 300, 300),
(13609, 1733, 0, 1, -11452.500000, -322.250000, 58.326069, -2.936800, 0, 0, 0, 0, 300, 300),
(13610, 1733, 0, 1, -13110.000000, -328.625000, 27.445717, -1.633795, 0, 0, 0, 0, 300, 300),
(13626, 1733, 0, 1, -12974.000000, -417.875000, 43.379147, 0.512590, 0, 0, 0, 0, 300, 300),
(13634, 1733, 0, 1, -13033.500000, -424.250000, 54.441891, 0.813573, 0, 0, 0, 0, 300, 300),
(13637, 1733, 0, 1, -11779.750000, -430.625000, 27.568966, 0.336846, 0, 0, 0, 0, 300, 300),
(13638, 1733, 0, 1, -12931.500000, -437.000000, 31.074675, -1.325832, 0, 0, 0, 0, 300, 300),
(13644, 1733, 0, 1, -12999.500000, -437.000000, 50.775036, -2.771013, 0, 0, 0, 0, 300, 300),
(13645, 1733, 0, 1, -12744.500000, -456.125000, 30.190023, 0.813016, 0, 0, 0, 0, 300, 300),
(13646, 1733, 0, 1, -11529.000000, -488.000000, 46.763577, -2.578731, 0, 0, 0, 0, 300, 300),
(13647, 1733, 0, 1, -11597.000000, -513.500000, 28.451782, 3.010073, 0, 0, 0, 0, 300, 300),
(13648, 1733, 0, 1, -11656.500000, -551.750000, 31.434149, 2.552099, 0, 0, 0, 0, 300, 300),
(13649, 1733, 0, 1, -11660.750000, -551.750000, 30.054562, 0.969864, 0, 0, 0, 0, 300, 300),
(13650, 1733, 0, 1, -11754.250000, -551.750000, 24.972458, -0.943367, 0, 0, 0, 0, 300, 300),
(13651, 1733, 0, 1, -12277.000000, -628.250000, 32.157516, 1.079706, 0, 0, 0, 0, 300, 300),
(13652, 1733, 0, 1, -11716.000000, -647.375000, 48.914677, -0.242896, 0, 0, 0, 0, 300, 300),
(13653, 1733, 0, 1, -11733.000000, -685.625000, 33.538059, 0.748010, 0, 0, 0, 0, 300, 300),
(13654, 1733, 0, 1, -11448.118164, -720.468506, 32.274445, 1.264536, 0, 0, 0, 0, 300, 300),
(13659, 1733, 0, 1, -11903.000000, -730.250000, 23.965405, -2.365254, 0, 0, 0, 0, 300, 300),
(13660, 1733, 0, 1, -12132.500000, -781.250000, 25.895357, -0.578546, 0, 0, 0, 0, 300, 300),
(13661, 1733, 0, 1, -12383.250000, -838.625000, 48.853874, 1.760585, 0, 0, 0, 0, 300, 300),
(13662, 1733, 0, 1, -11406.757812, -946.162964, 18.522530, -2.869884, 0, 0, 0, 0, 300, 300),
(13663, 1733, 0, 1, -12689.250000, -953.375000, 79.744324, -0.908202, 0, 0, 0, 0, 300, 300),
(13664, 1733, 0, 1, -12464.000000, -966.125000, 49.315067, -2.817596, 0, 0, 0, 0, 300, 300),
(13665, 1733, 0, 1, -12723.250000, -1036.250000, 100.542725, -0.855213, 0, 0, 0, 0, 300, 300),
(13666, 1734, 0, 1, -13407.500000, 608.500000, 19.253212, 2.749937, 0, 0, 0, 0, 300, 300), -- gold vein
(13667, 1734, 0, 1, -13798.500000, 602.125000, 46.827927, -1.464557, 0, 0, 0, 0, 300, 300),
(13668, 1734, 0, 1, -13734.750000, 582.999878, 28.783386, -2.140778, 0, 0, 0, 0, 300, 300),
(13669, 1734, 0, 1, -11826.500000, 570.250122, 46.759644, 2.307589, 0, 0, 0, 0, 300, 300),
(13750, 1734, 0, 1, -11937.000000, 538.374878, 29.184889, 1.275789, 0, 0, 0, 0, 300, 300),
(13751, 1734, 0, 1, -13832.500000, 525.625122, 60.171837, -1.331831, 0, 0, 0, 0, 300, 300),
(13752, 1734, 0, 1, -11605.500000, 493.749878, 64.466675, -0.392549, 0, 0, 0, 0, 300, 300),
(13753, 1734, 0, 1, -11507.750000, 474.625000, 60.287403, -0.310673, 0, 0, 0, 0, 300, 300),
(13754, 1734, 0, 1, -14644.250000, 474.625000, 20.161446, 0.186841, 0, 0, 0, 0, 300, 300),
(13755, 1734, 0, 1, -11750.000000, 468.250122, 48.836540, -1.254192, 0, 0, 0, 0, 300, 300),
(13756, 1734, 0, 1, -13849.500000, 455.500000, 94.068367, -2.719278, 0, 0, 0, 0, 300, 300),
(13778, 1734, 0, 1, -11932.750000, 449.124878, 46.571827, 3.087736, 0, 0, 0, 0, 300, 300),
(13789, 1734, 0, 1, -13777.250000, 449.124878, 90.656860, 0.634708, 0, 0, 0, 0, 300, 300),
(13790, 1734, 0, 1, -13896.250000, 449.124878, 105.393936, -1.180483, 0, 0, 0, 0, 300, 300),
(13791, 1734, 0, 1, -11469.500000, 379.000122, 75.109779, -1.264601, 0, 0, 0, 0, 300, 300),
(13792, 1734, 0, 1, -12910.250000, 379.000122, 54.250599, -2.510498, 0, 0, 0, 0, 300, 300),
(13793, 1734, 0, 1, -11822.250000, 347.124878, 41.246548, -2.988775, 0, 0, 0, 0, 300, 300),
(13794, 1734, 0, 1, -13726.250000, 340.750000, 48.631363, 1.524099, 0, 0, 0, 0, 300, 300),
(13795, 1734, 0, 1, -14589.000000, 340.750000, 5.739572, -3.121251, 0, 0, 0, 0, 300, 300),
(13796, 1734, 0, 1, -11682.000000, 315.250000, 44.024921, 2.574387, 0, 0, 0, 0, 300, 300),
(13797, 1734, 0, 1, -14096.000000, 315.250000, 24.298885, -1.078419, 0, 0, 0, 0, 300, 300),
(13798, 1734, 0, 1, -13394.750000, 308.875000, 49.309193, -0.857235, 0, 0, 0, 0, 300, 300),
(13799, 1734, 0, 1, -11924.250000, 302.499878, 19.764257, -1.773801, 0, 0, 0, 0, 300, 300),
(13800, 1734, 0, 1, -11495.000000, 270.625000, 20.478321, -2.283394, 0, 0, 0, 0, 300, 300),
(13801, 1734, 0, 1, -12855.000000, 264.250000, 17.768225, -1.503043, 0, 0, 0, 0, 300, 300),
(13802, 1734, 0, 1, -11575.750000, 219.625000, 21.999624, 2.747823, 0, 0, 0, 0, 300, 300),
(13803, 1734, 0, 1, -11758.500000, 219.625000, 18.644213, 1.602831, 0, 0, 0, 0, 300, 300),
(13804, 1734, 0, 1, -13947.250000, 219.625000, 18.553272, 3.092907, 0, 0, 0, 0, 300, 300),
(13805, 1734, 0, 1, -12791.250000, 213.249878, 18.120890, -1.471361, 0, 0, 0, 0, 300, 300),
(13806, 1734, 0, 1, -11920.000000, 175.000000, 40.807755, -3.095167, 0, 0, 0, 0, 300, 300),
(13823, 1734, 0, 1, -11699.000000, 168.624878, 18.366243, -2.147436, 0, 0, 0, 0, 300, 300),
(13824, 1734, 0, 1, -13960.000000, 168.624878, 24.142731, 2.732064, 0, 0, 0, 0, 300, 300),
(13825, 1734, 0, 1, -13118.500000, 162.250000, 44.938828, -2.747589, 0, 0, 0, 0, 300, 300),
(13826, 1734, 0, 1, -14359.500000, 149.500000, 11.496271, -1.004089, 0, 0, 0, 0, 300, 300),
(13827, 1734, 0, 1, -14359.500000, 143.125000, 9.330081, 0.726129, 0, 0, 0, 0, 300, 300),
(13828, 1734, 0, 1, -14070.500000, 124.000000, 23.117430, 2.285031, 0, 0, 0, 0, 300, 300),
(13829, 1734, 0, 1, -12982.500000, 104.875000, 45.788879, -0.290152, 0, 0, 0, 0, 300, 300),
(13830, 1734, 0, 1, -12948.500000, 73.000000, 45.912632, 2.794505, 0, 0, 0, 0, 300, 300),
(13836, 1734, 0, 1, -13807.000000, 73.000000, 37.192848, -0.898699, 0, 0, 0, 0, 300, 300),
(13837, 1734, 0, 1, -11771.250000, 28.375000, 21.855335, -0.474368, 0, 0, 0, 0, 300, 300),
(13838, 1734, 0, 1, -13998.250000, 28.375000, 31.592384, -0.029566, 0, 0, 0, 0, 300, 300),
(13839, 1734, 0, 1, -12931.500000, 2.875000, 32.193771, -1.493613, 0, 0, 0, 0, 300, 300),
(13840, 1734, 0, 1, -14257.500000, 2.875000, 4.965067, -1.328862, 0, 0, 0, 0, 300, 300),
(13841, 1734, 0, 1, -13794.250000, -3.500000, 37.408554, 0.840148, 0, 0, 0, 0, 300, 300),
(13895, 1734, 0, 1, -13896.250000, -3.500000, 35.281948, 2.970312, 0, 0, 0, 0, 300, 300),
(13896, 1734, 0, 1, -12638.250000, -41.750000, 27.813896, -1.993919, 0, 0, 0, 0, 300, 300),
(13897, 1734, 0, 1, -12642.500000, -48.125000, 23.202837, 2.661481, 0, 0, 0, 0, 300, 300),
(13915, 1734, 0, 1, -13904.750000, -48.125000, 34.654549, 0.946746, 0, 0, 0, 0, 300, 300),
(13935, 1734, 0, 1, -13675.250000, -60.875000, 40.876770, 0.637153, 0, 0, 0, 0, 300, 300),
(13938, 1734, 0, 1, -13660.197266, -110.226707, 56.308517, 0.391083, 0, 0, 0, 0, 300, 300),
(13939, 1734, 0, 1, -14091.750000, -105.500000, 4.499006, 0.408770, 0, 0, 0, 0, 300, 300),
(13940, 1734, 0, 1, -13458.500000, -111.875000, 46.694046, -2.551514, 0, 0, 0, 0, 300, 300),
(13941, 1734, 0, 1, -13883.500000, -137.375000, 12.645200, 2.049835, 0, 0, 0, 0, 300, 300),
(13942, 1734, 0, 1, -13569.000000, -143.750000, 48.535927, -1.394843, 0, 0, 0, 0, 300, 300),
(13948, 1734, 0, 1, -13275.750000, -156.500000, 20.562325, -1.964008, 0, 0, 0, 0, 300, 300),
(13949, 1734, 0, 1, -12680.750000, -182.000000, 38.065334, -3.084680, 0, 0, 0, 0, 300, 300),
(13950, 1734, 0, 1, -12676.500000, -188.375000, 39.008942, -0.813054, 0, 0, 0, 0, 300, 300),
(13951, 1734, 0, 1, -13581.750000, -207.500000, 29.636696, -3.127488, 0, 0, 0, 0, 300, 300),
(13952, 1734, 0, 1, -13258.750000, -213.875000, 35.722111, -0.346477, 0, 0, 0, 0, 300, 300),
(13964, 1734, 0, 1, -13615.750000, -213.875000, 27.556564, -0.172083, 0, 0, 0, 0, 300, 300),
(13993, 1734, 0, 1, -13292.750000, -226.625000, 19.679203, 3.105084, 0, 0, 0, 0, 300, 300),
(13994, 1734, 0, 1, -13768.750000, -239.375000, 7.225415, 2.903977, 0, 0, 0, 0, 300, 300),
(13995, 1734, 0, 1, -12702.000000, -290.375000, 27.529146, -1.034329, 0, 0, 0, 0, 300, 300),
(13996, 1734, 0, 1, -13110.000000, -322.250000, 19.282488, -2.221713, 0, 0, 0, 0, 300, 300),
(13997, 1734, 0, 1, -13033.500000, -360.500000, 37.223534, 1.549425, 0, 0, 0, 0, 300, 300),
(13998, 1734, 0, 1, -13377.750000, -373.250000, 22.898554, 1.357966, 0, 0, 0, 0, 300, 300),
(13999, 1734, 0, 1, -13603.000000, -379.625000, 11.801980, 0.585923, 0, 0, 0, 0, 300, 300),
(14000, 1734, 0, 1, -12974.000000, -417.875000, 43.379147, -0.610332, 0, 0, 0, 0, 300, 300),
(14001, 1734, 0, 1, -13033.500000, -424.250000, 54.441891, -1.489657, 0, 0, 0, 0, 300, 300),
(14002, 1734, 0, 1, -11779.750000, -430.625000, 27.568966, -1.811769, 0, 0, 0, 0, 300, 300),
(14003, 1734, 0, 1, -13033.500000, -430.625000, 51.732578, -1.582622, 0, 0, 0, 0, 300, 300),
(14004, 1734, 0, 1, -12931.500000, -437.000000, 31.074675, -1.218433, 0, 0, 0, 0, 300, 300),
(14007, 1734, 0, 1, -12995.250000, -437.000000, 52.026352, 1.564990, 0, 0, 0, 0, 300, 300),
(14019, 1734, 0, 1, -12740.250000, -456.125000, 32.203465, -0.443717, 0, 0, 0, 0, 300, 300),
(14020, 1734, 0, 1, -13233.750977, -481.761261, 5.723106, 2.752458, 0, 0, 0, 0, 300, 300),
(14021, 1734, 0, 1, -11597.000000, -513.500000, 28.451782, -2.405697, 0, 0, 0, 0, 300, 300),
(14022, 1734, 0, 1, -12978.250000, -545.375000, 73.417358, -1.449414, 0, 0, 0, 0, 300, 300),
(14023, 1734, 0, 1, -13233.250000, -545.375000, 4.642487, -2.412749, 0, 0, 0, 0, 300, 300),
(14079, 1734, 0, 1, -11754.250000, -551.750000, 24.972458, 2.892652, 0, 0, 0, 0, 300, 300),
(14080, 1734, 0, 1, -13156.750000, -558.125000, 4.642487, 3.030116, 0, 0, 0, 0, 300, 300),
(14081, 1734, 0, 1, -13271.500000, -577.250000, 15.584813, 1.159992, 0, 0, 0, 0, 300, 300),
(14082, 1734, 0, 1, -12838.000000, -615.500000, 65.753319, 2.702448, 0, 0, 0, 0, 300, 300),
(14083, 1734, 0, 1, -13216.250000, -615.500000, 4.894987, 2.194017, 0, 0, 0, 0, 300, 300),
(14084, 1734, 0, 1, -12277.000000, -628.250000, 32.157516, 0.862210, 0, 0, 0, 0, 300, 300),
(14085, 1734, 0, 1, -12812.500000, -653.750000, 70.643425, -1.307294, 0, 0, 0, 0, 300, 300),
(14086, 1734, 0, 1, -13105.750000, -672.875000, 78.460579, 1.757542, 0, 0, 0, 0, 300, 300),
(14087, 1734, 0, 1, -11448.118164, -720.468506, 32.274445, -2.072703, 0, 0, 0, 0, 300, 300),
(14088, 1734, 0, 1, -11898.750000, -730.250000, 25.106262, 1.784325, 0, 0, 0, 0, 300, 300),
(14089, 1734, 0, 1, -11490.750000, -743.000000, 66.211510, -0.669941, 0, 0, 0, 0, 300, 300),
(14090, 1734, 0, 1, -11537.500000, -743.000000, 38.425339, -2.028274, 0, 0, 0, 0, 300, 300),
(14091, 1734, 0, 1, -13088.750000, -755.750000, 83.060905, -2.427968, 0, 0, 0, 0, 300, 300),
(14092, 1734, 0, 1, -12132.500000, -781.250000, 25.895357, -2.352427, 0, 0, 0, 0, 300, 300),
(14093, 1734, 0, 1, -12034.750000, -794.000000, 23.454138, -2.941064, 0, 0, 0, 0, 300, 300),
(14094, 1734, 0, 1, -12795.500000, -819.500000, 75.273705, -0.525357, 0, 0, 0, 0, 300, 300),
(14095, 1734, 0, 1, -12383.250000, -838.625000, 48.853874, 0.374274, 0, 0, 0, 0, 300, 300),
(14096, 1734, 0, 1, -11618.250000, -857.750000, 51.202511, -1.225841, 0, 0, 0, 0, 300, 300),
(14097, 1734, 0, 1, -11711.750000, -883.250000, 36.461411, 3.078630, 0, 0, 0, 0, 300, 300),
(14098, 1734, 0, 1, -12940.000000, -889.625000, 76.283524, -1.635647, 0, 0, 0, 0, 300, 300),
(14099, 1734, 0, 1, -11439.125000, -898.372070, 19.644062, 2.176470, 0, 0, 0, 0, 300, 300),
(14100, 1734, 0, 1, -11554.500000, -921.500000, 73.362610, -1.947923, 0, 0, 0, 0, 300, 300),
(14101, 1734, 0, 1, -11406.757812, -946.162964, 18.522530, -1.328461, 0, 0, 0, 0, 300, 300),
(14102, 1734, 0, 1, -11745.750000, -947.000000, 58.401695, -0.481790, 0, 0, 0, 0, 300, 300),
(14103, 1734, 0, 1, -12689.250000, -953.375000, 79.744324, 2.092880, 0, 0, 0, 0, 300, 300),
(14104, 1734, 0, 1, -12051.750000, -959.750000, 50.968723, -1.399945, 0, 0, 0, 0, 300, 300),
(14105, 1734, 0, 1, -11336.900391, -966.252014, 29.990801, 3.069497, 0, 0, 0, 0, 300, 300),
(14106, 1734, 0, 1, -12464.000000, -966.125000, 49.315067, -3.000001, 0, 0, 0, 0, 300, 300),
(14107, 1734, 0, 1, -12366.250000, -978.875000, 13.304009, 1.924988, 0, 0, 0, 0, 300, 300),
(14108, 1734, 0, 1, -12328.000000, -991.625244, 21.269447, 2.800571, 0, 0, 0, 0, 300, 300),
(14109, 1734, 0, 1, -12723.250000, -1036.250000, 100.542725, -1.109997, 0, 0, 0, 0, 300, 300),
(14112, 1734, 0, 1, -12502.250000, -1042.624756, 81.508308, -0.300365, 0, 0, 0, 0, 300, 300),
(14113, 1734, 0, 1, -12298.250000, -1049.000244, 11.218011, -1.521474, 0, 0, 0, 0, 300, 300),
(14114, 1734, 0, 1, -12306.750000, -1112.750000, 7.191305, 0.090790, 0, 0, 0, 0, 300, 300),
(14115, 1735, 0, 1, -13526.500000, 640.375000, 13.125143, -0.318160, 0, 0, 0, 0, 300, 300), -- iron deposit
(14116, 1735, 0, 1, -13399.000000, 608.500000, 20.572979, 2.586389, 0, 0, 0, 0, 300, 300),
(14117, 1735, 0, 1, -13403.250000, 608.500000, 19.618591, -0.912735, 0, 0, 0, 0, 300, 300),
(14120, 1735, 0, 1, -11826.500000, 570.250122, 46.759644, -0.415143, 0, 0, 0, 0, 300, 300),
(14123, 1735, 0, 1, -11937.000000, 538.374878, 29.184889, 0.851874, 0, 0, 0, 0, 300, 300),
(14124, 1735, 0, 1, -11605.500000, 493.749878, 64.466675, 1.650748, 0, 0, 0, 0, 300, 300),
(14125, 1735, 0, 1, -11512.000000, 480.999878, 59.713634, 1.092434, 0, 0, 0, 0, 300, 300),
(14126, 1735, 0, 1, -11750.000000, 468.250122, 48.836540, -0.364359, 0, 0, 0, 0, 300, 300),
(14127, 1735, 0, 1, -11750.000000, 461.875000, 47.595695, 2.039224, 0, 0, 0, 0, 300, 300),
(14128, 1735, 0, 1, -11932.750000, 455.500000, 46.120193, -1.526007, 0, 0, 0, 0, 300, 300),
(14129, 1735, 0, 1, -12906.000000, 385.375000, 53.744709, -0.515548, 0, 0, 0, 0, 300, 300),
(14130, 1735, 0, 1, -11469.500000, 379.000122, 75.109779, -1.091474, 0, 0, 0, 0, 300, 300),
(14139, 1735, 0, 1, -11826.500000, 347.124878, 40.105232, 1.072259, 0, 0, 0, 0, 300, 300),
(14140, 1735, 0, 1, -13726.250000, 340.750000, 48.631363, -2.456424, 0, 0, 0, 0, 300, 300),
(14141, 1735, 0, 1, -11682.000000, 315.250000, 44.024921, 1.220358, 0, 0, 0, 0, 300, 300),
(14142, 1735, 0, 1, -14096.000000, 315.250000, 24.298885, 0.924590, 0, 0, 0, 0, 300, 300),
(14143, 1735, 0, 1, -13394.750000, 308.875000, 49.309193, 2.214416, 0, 0, 0, 0, 300, 300),
(14144, 1735, 0, 1, -11924.250000, 302.499878, 19.764257, 2.675839, 0, 0, 0, 0, 300, 300),
(14145, 1735, 0, 1, -11495.000000, 277.000122, 23.782028, 2.592736, 0, 0, 0, 0, 300, 300),
(14146, 1735, 0, 1, -11495.000000, 270.625000, 20.478321, 0.041018, 0, 0, 0, 0, 300, 300),
(14147, 1735, 0, 1, -11575.750000, 219.625000, 21.999624, 1.296310, 0, 0, 0, 0, 300, 300),
(14148, 1735, 0, 1, -11758.500000, 219.625000, 18.644213, 1.434144, 0, 0, 0, 0, 300, 300),
(14149, 1735, 0, 1, -13947.250000, 219.625000, 18.553272, -0.810411, 0, 0, 0, 0, 300, 300),
(14150, 1735, 0, 1, -11920.000000, 175.000000, 40.807755, -0.389768, 0, 0, 0, 0, 300, 300),
(14151, 1735, 0, 1, -11699.000000, 168.624878, 18.366243, -1.995511, 0, 0, 0, 0, 300, 300),
(14152, 1735, 0, 1, -11703.250000, 168.624878, 23.014000, -0.975055, 0, 0, 0, 0, 300, 300),
(14153, 1735, 0, 1, -13960.000000, 168.624878, 24.142731, 0.331801, 0, 0, 0, 0, 300, 300),
(14154, 1735, 0, 1, -14070.500000, 124.000000, 23.117430, -1.342755, 0, 0, 0, 0, 300, 300),
(14155, 1735, 0, 1, -12982.500000, 104.875000, 45.788879, 1.174100, 0, 0, 0, 0, 300, 300),
(14156, 1735, 0, 1, -13807.000000, 73.000000, 37.192848, 0.477744, 0, 0, 0, 0, 300, 300),
(14157, 1735, 0, 1, -11771.250000, 28.375000, 21.855335, -0.535534, 0, 0, 0, 0, 300, 300),
(14186, 1735, 0, 1, -13998.250000, 28.375000, 31.592384, 2.781134, 0, 0, 0, 0, 300, 300),
(14207, 1735, 0, 1, -13790.000000, -3.500000, 37.760803, 1.485098, 0, 0, 0, 0, 300, 300),
(14208, 1735, 0, 1, -13896.250000, -3.500000, 35.281948, 2.137904, 0, 0, 0, 0, 300, 300),
(14209, 1735, 0, 1, -13569.000000, -22.625000, 44.784225, 3.124841, 0, 0, 0, 0, 300, 300),
(14210, 1735, 0, 1, -13573.250000, -22.625000, 44.604038, 2.957439, 0, 0, 0, 0, 300, 300),
(14211, 1735, 0, 1, -12642.500000, -41.750000, 26.342907, 2.558347, 0, 0, 0, 0, 300, 300),
(14212, 1735, 0, 1, -12642.500000, -48.125000, 23.202837, 0.249413, 0, 0, 0, 0, 300, 300),
(14213, 1735, 0, 1, -13904.750000, -48.125000, 34.654549, -2.582386, 0, 0, 0, 0, 300, 300),
(14214, 1735, 0, 1, -13675.250000, -60.875000, 40.876770, 2.318782, 0, 0, 0, 0, 300, 300),
(14215, 1735, 0, 1, -13660.197266, -110.226707, 56.308517, -2.809272, 0, 0, 0, 0, 300, 300),
(14216, 1735, 0, 1, -13458.500000, -111.875000, 46.694046, -2.247523, 0, 0, 0, 0, 300, 300),
(14217, 1735, 0, 1, -13802.750000, -124.625000, 25.627516, -1.706855, 0, 0, 0, 0, 300, 300),
(14218, 1735, 0, 1, -13883.500000, -137.375000, 12.645200, -2.477379, 0, 0, 0, 0, 300, 300),
(14219, 1735, 0, 1, -13569.000000, -143.750000, 48.535927, -1.701241, 0, 0, 0, 0, 300, 300),
(14220, 1735, 0, 1, -13573.250000, -143.750000, 51.424023, 2.558903, 0, 0, 0, 0, 300, 300),
(14221, 1735, 0, 1, -12680.750000, -182.000000, 38.065334, -2.944632, 0, 0, 0, 0, 300, 300),
(14222, 1735, 0, 1, -12676.500000, -188.375000, 39.008942, 2.738996, 0, 0, 0, 0, 300, 300),
(14223, 1735, 0, 1, -13581.750000, -207.500000, 29.636696, 0.547055, 0, 0, 0, 0, 300, 300),
(14224, 1735, 0, 1, -13615.750000, -213.875000, 27.556564, -0.249297, 0, 0, 0, 0, 300, 300),
(14225, 1735, 0, 1, -12702.000000, -290.375000, 27.529146, -0.251793, 0, 0, 0, 0, 300, 300),
(14226, 1735, 0, 1, -13110.000000, -328.625000, 27.445717, -1.116135, 0, 0, 0, 0, 300, 300),
(14227, 1735, 0, 1, -13033.500000, -360.500000, 37.223534, -2.977408, 0, 0, 0, 0, 300, 300),
(14228, 1735, 0, 1, -13603.000000, -379.625000, 11.801980, -0.332860, 0, 0, 0, 0, 300, 300),
(14229, 1735, 0, 1, -12974.000000, -417.875000, 43.379147, 2.755211, 0, 0, 0, 0, 300, 300),
(14240, 1735, 0, 1, -12978.250000, -417.875000, 42.978176, 1.496494, 0, 0, 0, 0, 300, 300),
(14241, 1735, 0, 1, -13033.500000, -424.250000, 54.441891, -0.812058, 0, 0, 0, 0, 300, 300),
(14242, 1735, 0, 1, -11779.750000, -430.625000, 27.568966, 2.232645, 0, 0, 0, 0, 300, 300),
(14243, 1735, 0, 1, -13033.500000, -430.625000, 51.732578, -2.456799, 0, 0, 0, 0, 300, 300),
(14244, 1735, 0, 1, -12931.500000, -437.000000, 31.074675, -1.111227, 0, 0, 0, 0, 300, 300),
(14245, 1735, 0, 1, -12995.250000, -437.000000, 52.026352, 2.220479, 0, 0, 0, 0, 300, 300),
(14246, 1735, 0, 1, -12744.500000, -456.125000, 30.190023, 0.279343, 0, 0, 0, 0, 300, 300),
(14247, 1735, 0, 1, -13131.250000, -481.625000, 9.205697, 2.652467, 0, 0, 0, 0, 300, 300),
(14278, 1735, 0, 1, -13169.500000, -481.625000, 7.713741, -1.925282, 0, 0, 0, 0, 300, 300),
(14279, 1735, 0, 1, -13233.750977, -481.761261, 2.406157, 0.058322, 0, 0, 0, 0, 300, 300),
(14280, 1735, 0, 1, -11597.000000, -513.500000, 28.451782, -0.313617, 0, 0, 0, 0, 300, 300),
(14281, 1735, 0, 1, -13231.169922, -511.447205, 14.339915, 2.549590, 0, 0, 0, 0, 300, 300),
(14282, 1735, 0, 1, -13122.750000, -526.250000, 11.930934, 1.217547, 0, 0, 0, 0, 300, 300),
(14283, 1735, 0, 1, -13269.263672, -528.193665, 19.449301, 2.527870, 0, 0, 0, 0, 300, 300),
(14284, 1735, 0, 1, -11754.250000, -551.750000, 24.972458, -2.849703, 0, 0, 0, 0, 300, 300),
(14285, 1735, 0, 1, -13131.250000, -570.875000, 8.315821, 2.881880, 0, 0, 0, 0, 300, 300),
(14286, 1735, 0, 1, -13195.000000, -577.250000, 12.757147, 0.006229, 0, 0, 0, 0, 300, 300),
(14287, 1735, 0, 1, -13271.500000, -577.250000, 15.584813, -1.722567, 0, 0, 0, 0, 300, 300),
(14288, 1735, 0, 1, -12277.000000, -628.250000, 32.157516, 2.413358, 0, 0, 0, 0, 300, 300),
(14289, 1735, 0, 1, -12808.250000, -653.750000, 70.058800, -0.359122, 0, 0, 0, 0, 300, 300),
(14290, 1735, 0, 1, -11448.118164, -720.468506, 32.274445, -3.005378, 0, 0, 0, 0, 300, 300),
(14291, 1735, 0, 1, -11898.750000, -730.250000, 25.106262, -0.421162, 0, 0, 0, 0, 300, 300),
(14300, 1735, 0, 1, -11490.750000, -743.000000, 66.211510, -2.932625, 0, 0, 0, 0, 300, 300),
(14355, 1735, 0, 1, -11537.500000, -743.000000, 38.425339, 2.866014, 0, 0, 0, 0, 300, 300),
(14356, 1735, 0, 1, -11490.750000, -749.375000, 65.510139, -2.388016, 0, 0, 0, 0, 300, 300),
(14357, 1735, 0, 1, -11414.200195, -768.500000, 14.964844, 1.912188, 0, 0, 0, 0, 300, 300),
(14358, 1735, 0, 1, -12132.500000, -781.250000, 25.895357, 2.037784, 0, 0, 0, 0, 300, 300),
(14359, 1735, 0, 1, -12034.750000, -794.000000, 23.454138, 2.015425, 0, 0, 0, 0, 300, 300),
(14360, 1735, 0, 1, -11466.047852, -803.075562, 18.664383, -1.294345, 0, 0, 0, 0, 300, 300),
(14361, 1735, 0, 1, -12795.500000, -819.500000, 75.273705, 2.704324, 0, 0, 0, 0, 300, 300),
(14362, 1735, 0, 1, -11401.500000, -825.875000, 11.919574, 2.941736, 0, 0, 0, 0, 300, 300),
(14363, 1735, 0, 1, -11405.750000, -825.875000, 10.153793, -2.550972, 0, 0, 0, 0, 300, 300),
(14364, 1735, 0, 1, -12383.250000, -838.625000, 48.853874, 2.066289, 0, 0, 0, 0, 300, 300),
(14365, 1735, 0, 1, -11618.250000, -857.750000, 51.202511, 0.800794, 0, 0, 0, 0, 300, 300),
(14366, 1735, 0, 1, -11521.233398, -851.336975, 26.550629, 0.846054, 0, 0, 0, 0, 300, 300),
(14367, 1735, 0, 1, -11469.500000, -870.500000, 84.325890, 2.045836, 0, 0, 0, 0, 300, 300),
(14368, 1735, 0, 1, -11466.500000, -875.531067, 36.900669, 2.928862, 0, 0, 0, 0, 300, 300),
(14369, 1735, 0, 1, -11711.750000, -883.250000, 36.461411, -3.045944, 0, 0, 0, 0, 300, 300),
(14370, 1735, 0, 1, -11439.125000, -898.372070, 19.644062, 1.432796, 0, 0, 0, 0, 300, 300),
(14371, 1735, 0, 1, -11512.000000, -908.750000, 26.686022, -2.899453, 0, 0, 0, 0, 300, 300),
(14372, 1735, 0, 1, -11554.500000, -921.500000, 73.362610, -1.494987, 0, 0, 0, 0, 300, 300),
(14373, 1735, 0, 1, -11406.757812, -946.162964, 18.522530, -0.482961, 0, 0, 0, 0, 300, 300),
(14374, 1735, 0, 1, -11745.750000, -947.000000, 58.401695, -2.612168, 0, 0, 0, 0, 300, 300),
(14375, 1735, 0, 1, -11478.000000, -953.375000, 30.768538, 2.298943, 0, 0, 0, 0, 300, 300),
(14376, 1735, 0, 1, -12689.250000, -953.375000, 79.744324, 0.907149, 0, 0, 0, 0, 300, 300),
(14377, 1735, 0, 1, -12051.750000, -959.750000, 50.968723, 2.092385, 0, 0, 0, 0, 300, 300),
(14378, 1735, 0, 1, -12464.000000, -966.125000, 49.315067, 2.747441, 0, 0, 0, 0, 300, 300),
(14379, 1735, 0, 1, -12612.750000, -966.125000, 99.055962, 0.134788, 0, 0, 0, 0, 300, 300),
(14380, 1735, 0, 1, -12383.250000, -972.500000, 19.454679, 0.289167, 0, 0, 0, 0, 300, 300),
(14381, 1735, 0, 1, -12340.415039, -985.980652, 14.214005, 1.775804, 0, 0, 0, 0, 300, 300),
(14382, 1735, 0, 1, -12328.000000, -991.625244, 21.269447, -2.497745, 0, 0, 0, 0, 300, 300),
(14383, 1735, 0, 1, -11805.250000, -1010.750000, 79.155548, 1.550924, 0, 0, 0, 0, 300, 300),
(14384, 1735, 0, 1, -12353.500000, -1023.500000, 7.306457, -2.283487, 0, 0, 0, 0, 300, 300),
(14385, 1735, 0, 1, -12315.250000, -1029.875000, 9.455740, -2.738833, 0, 0, 0, 0, 300, 300),
(14386, 1735, 0, 1, -12234.500000, -1036.250000, 60.624794, -0.292908, 0, 0, 0, 0, 300, 300),
(14387, 1735, 0, 1, -12723.250000, -1036.250000, 100.542725, -3.097980, 0, 0, 0, 0, 300, 300),
(14388, 1735, 0, 1, -12502.250000, -1042.624756, 81.508308, 2.647175, 0, 0, 0, 0, 300, 300),
(14389, 1735, 0, 1, -12331.557617, -1064.586548, 7.546972, -2.071124, 0, 0, 0, 0, 300, 300),
(14390, 1735, 0, 1, -12294.000000, -1100.000000, 9.531458, 0.548043, 0, 0, 0, 0, 300, 300),
(14391, 1735, 0, 1, -12361.960938, -1156.444946, 3.435677, -0.613155, 0, 0, 0, 0, 300, 300),
(14392, 2047, 0, 1, -13798.500000, 602.125000, 46.827927, 1.468797, 0, 0, 0, 0, 300, 300), -- truesilver deposit
(14393, 2047, 0, 1, -13734.750000, 582.999878, 28.783386, -1.580376, 0, 0, 0, 0, 300, 300),
(14394, 2047, 0, 1, -13832.500000, 525.625122, 60.171837, 2.861987, 0, 0, 0, 0, 300, 300),
(14395, 2047, 0, 1, -14644.250000, 474.625000, 20.161446, 2.923172, 0, 0, 0, 0, 300, 300),
(14396, 2047, 0, 1, -13849.500000, 455.500000, 94.068367, 2.561646, 0, 0, 0, 0, 300, 300),
(14397, 2047, 0, 1, -13896.250000, 455.500000, 108.051376, -0.625619, 0, 0, 0, 0, 300, 300),
(14398, 2047, 0, 1, -13777.250000, 449.124878, 90.656860, 1.138394, 0, 0, 0, 0, 300, 300),
(14399, 2047, 0, 1, -14589.000000, 340.750000, 5.739572, -0.179169, 0, 0, 0, 0, 300, 300),
(14400, 2047, 0, 1, -12855.000000, 264.250000, 17.768225, -1.992650, 0, 0, 0, 0, 300, 300),
(14401, 2047, 0, 1, -13118.500000, 162.250000, 44.938828, -0.778625, 0, 0, 0, 0, 300, 300),
(14402, 2047, 0, 1, -14359.500000, 149.500000, 11.496271, 2.841813, 0, 0, 0, 0, 300, 300),
(14403, 2047, 0, 1, -12948.500000, 73.000000, 45.912632, -2.158796, 0, 0, 0, 0, 300, 300),
(14404, 2047, 0, 1, -14257.500000, 2.875000, 4.965067, 0.032939, 0, 0, 0, 0, 300, 300),
(14405, 2047, 0, 1, -14091.750000, -105.500000, 4.499006, 0.650742, 0, 0, 0, 0, 300, 300),
(14406, 2047, 0, 1, -13275.750000, -156.500000, 20.562325, 0.344628, 0, 0, 0, 0, 300, 300),
(14407, 2047, 0, 1, -13292.750000, -226.625000, 19.679203, -2.260238, 0, 0, 0, 0, 300, 300),
(14408, 2047, 0, 1, -13768.750000, -239.375000, 7.225415, -1.625076, 0, 0, 0, 0, 300, 300),
(14409, 2047, 0, 1, -13271.500000, -309.500000, 25.880173, 0.791665, 0, 0, 0, 0, 300, 300),
(14410, 2047, 0, 1, -14797.250000, -347.750000, 15.253516, 1.266264, 0, 0, 0, 0, 300, 300),
(14411, 2047, 0, 1, -12978.250000, -545.375000, 73.417358, 1.829692, 0, 0, 0, 0, 300, 300),
(14412, 2047, 0, 1, -12842.250000, -615.500000, 64.103508, -1.332640, 0, 0, 0, 0, 300, 300),
(14413, 2047, 0, 1, -13008.000000, -762.125000, 62.450947, 1.643639, 0, 0, 0, 0, 300, 300),
(14414, 2040, 0, 1, -13798.500000, 602.125000, 46.827927, -2.674288, 0, 0, 0, 0, 300, 300), -- mithril deposit
(14415, 2040, 0, 1, -13734.750000, 582.999878, 28.783386, 1.029608, 0, 0, 0, 0, 300, 300),
(14416, 2040, 0, 1, -13832.500000, 532.000000, 56.722374, -0.684713, 0, 0, 0, 0, 300, 300),
(14417, 2040, 0, 1, -13832.500000, 525.625122, 60.171837, 2.777695, 0, 0, 0, 0, 300, 300),
(14418, 2040, 0, 1, -14644.250000, 474.625000, 20.161446, 1.576013, 0, 0, 0, 0, 300, 300),
(14419, 2040, 0, 1, -13853.750000, 455.500000, 96.869720, -0.723678, 0, 0, 0, 0, 300, 300),
(14420, 2040, 0, 1, -13896.250000, 455.500000, 108.051376, 1.210636, 0, 0, 0, 0, 300, 300),
(14421, 2040, 0, 1, -13777.250000, 449.124878, 90.656860, 0.215965, 0, 0, 0, 0, 300, 300),
(14422, 2040, 0, 1, -14589.000000, 340.750000, 5.739572, -1.912813, 0, 0, 0, 0, 300, 300),
(14423, 2040, 0, 1, -14593.250000, 340.750000, 3.999601, -2.699251, 0, 0, 0, 0, 300, 300),
(14424, 2040, 0, 1, -14589.000000, 334.375122, 4.427723, 0.126803, 0, 0, 0, 0, 300, 300),
(14425, 2040, 0, 1, -12931.500000, 308.875000, 22.549992, -0.526418, 0, 0, 0, 0, 300, 300),
(14426, 2040, 0, 1, -12935.750000, 308.875000, 23.255756, -3.054738, 0, 0, 0, 0, 300, 300),
(14427, 2040, 0, 1, -12855.000000, 264.250000, 17.768225, -0.128034, 0, 0, 0, 0, 300, 300),
(14428, 2040, 0, 1, -12791.250000, 213.249878, 18.120890, -2.710316, 0, 0, 0, 0, 300, 300),
(14429, 2040, 0, 1, -13118.500000, 162.250000, 44.938828, 3.089520, 0, 0, 0, 0, 300, 300),
(14430, 2040, 0, 1, -14359.500000, 149.500000, 11.496271, 0.550086, 0, 0, 0, 0, 300, 300),
(14431, 2040, 0, 1, -14359.500000, 143.125000, 9.330081, 2.451222, 0, 0, 0, 0, 300, 300),
(14432, 2040, 0, 1, -12948.500000, 73.000000, 45.912632, 0.405365, 0, 0, 0, 0, 300, 300),
(14433, 2040, 0, 1, -12931.500000, 2.875000, 32.193771, -1.622192, 0, 0, 0, 0, 300, 300),
(14434, 2040, 0, 1, -14257.500000, 2.875000, 4.965067, 0.177547, 0, 0, 0, 0, 300, 300),
(14435, 2040, 0, 1, -14091.750000, -105.500000, 4.499006, 1.352541, 0, 0, 0, 0, 300, 300),
(14436, 2040, 0, 1, -14091.750000, -111.875000, 4.984491, -0.362007, 0, 0, 0, 0, 300, 300),
(14437, 2040, 0, 1, -13271.500000, -156.500000, 18.341106, 0.619875, 0, 0, 0, 0, 300, 300),
(14438, 2040, 0, 1, -13275.750000, -156.500000, 20.562325, -0.553412, 0, 0, 0, 0, 300, 300),
(14439, 2040, 0, 1, -13258.750000, -213.875000, 35.722111, -1.838370, 0, 0, 0, 0, 300, 300),
(14440, 2040, 0, 1, -13292.750000, -226.625000, 19.679203, -1.938724, 0, 0, 0, 0, 300, 300),
(14441, 2040, 0, 1, -13768.750000, -239.375000, 7.225415, -0.673014, 0, 0, 0, 0, 300, 300),
(14442, 2040, 0, 1, -14576.250000, -245.750000, 13.107321, 1.541086, 0, 0, 0, 0, 300, 300),
(14466, 2040, 0, 1, -14691.000000, -252.125000, 18.063702, 0.948163, 0, 0, 0, 0, 300, 300),
(14484, 2040, 0, 1, -13390.500000, -258.500000, 15.225968, -2.605274, 0, 0, 0, 0, 300, 300),
(14521, 2040, 0, 1, -14644.250000, -303.125000, 28.119926, 0.211556, 0, 0, 0, 0, 300, 300),
(14522, 2040, 0, 1, -13271.500000, -309.500000, 25.880173, 2.714075, 0, 0, 0, 0, 300, 300),
(14523, 2040, 0, 1, -14797.250000, -347.750000, 15.253516, 1.816252, 0, 0, 0, 0, 300, 300),
(14524, 2040, 0, 1, -13377.750000, -373.250000, 22.898554, -2.516973, 0, 0, 0, 0, 300, 300),
(14525, 2040, 0, 1, -13203.500000, -456.125000, 9.090748, 2.162729, 0, 0, 0, 0, 300, 300),
(14526, 2040, 0, 1, -13110.000000, -507.125000, 7.854109, -2.642217, 0, 0, 0, 0, 300, 300),
(14527, 2040, 0, 1, -13251.957031, -525.957642, 16.655474, 0.526970, 0, 0, 0, 0, 300, 300),
(14528, 2040, 0, 1, -12974.000000, -545.375000, 71.835281, -0.389919, 0, 0, 0, 0, 300, 300),
(14541, 2040, 0, 1, -12978.250000, -545.375000, 73.417358, -1.675938, 0, 0, 0, 0, 300, 300),
(14565, 2040, 0, 1, -13229.000000, -545.375000, 4.642487, 2.175182, 0, 0, 0, 0, 300, 300),
(14603, 2040, 0, 1, -13156.750000, -558.125000, 4.642487, 1.053737, 0, 0, 0, 0, 300, 300),
(14606, 2040, 0, 1, -12842.250000, -615.500000, 64.103508, -1.739685, 0, 0, 0, 0, 300, 300),
(14611, 2040, 0, 1, -13216.250000, -615.500000, 4.894987, 1.683187, 0, 0, 0, 0, 300, 300),
(14612, 2040, 0, 1, -13101.500000, -672.875000, 79.764786, 1.224740, 0, 0, 0, 0, 300, 300),
(14615, 2040, 0, 1, -13105.750000, -672.875000, 78.460579, 2.219474, 0, 0, 0, 0, 300, 300),
(14621, 2040, 0, 1, -13088.750000, -755.750000, 83.060905, 2.024989, 0, 0, 0, 0, 300, 300),
(14622, 2040, 0, 1, -13003.750000, -762.125000, 64.398781, 2.162744, 0, 0, 0, 0, 300, 300),
(14623, 2040, 0, 1, -11448.200195, -845.000000, 17.327257, -0.047411, 0, 0, 0, 0, 300, 300),
(14624, 2040, 0, 1, -11392.888672, -878.557068, 22.738136, 2.703816, 0, 0, 0, 0, 300, 300),
(14625, 2040, 0, 1, -12940.000000, -889.625000, 76.283524, 1.360112, 0, 0, 0, 0, 300, 300),
(14626, 2040, 0, 1, -11414.476562, -925.948669, 21.970179, 0.024233, 0, 0, 0, 0, 300, 300),
(14627, 2040, 0, 1, -11447.816406, -932.753479, 21.571806, -1.287720, 0, 0, 0, 0, 300, 300),
(14631, 2040, 0, 1, -11443.147461, -934.894531, 20.411518, 0.370626, 0, 0, 0, 0, 300, 300),
(14650, 2040, 0, 1, -11322.112305, -982.889893, 32.000000, -1.242992, 0, 0, 0, 0, 300, 300),
(14655, 2040, 0, 1, -12387.500000, -1068.125000, 3.408697, -3.126446, 0, 0, 0, 0, 300, 300),
(14664, 2040, 0, 1, -12306.750000, -1112.750000, 7.191305, 2.999698, 0, 0, 0, 0, 300, 300),
(14665, 2040, 0, 1, -12366.250000, -1125.500000, 2.442333, 2.089120, 0, 0, 0, 0, 300, 300),
(14669, 2040, 0, 1, -12374.750000, -1144.625000, 3.835253, 2.336285, 0, 0, 0, 0, 300, 300),
-- Swamp of Sorrows:
(14673, 1733, 0, 1, -10676.539062, -2522.699951, 27.731836, 0.008485, 0, 0, 0, 0, 300, 300), -- silver vein
(14674, 1733, 0, 1, -10502.233398, -2630.330078, 23.469341, 0.439372, 0, 0, 0, 0, 300, 300),
(14675, 1733, 0, 1, -10618.437500, -2861.620117, 45.305573, 0.089417, 0, 0, 0, 0, 300, 300),
(14685, 1733, 0, 1, -10621.495117, -3548.620117, 35.827404, 2.661481, 0, 0, 0, 0, 300, 300),
(14686, 1733, 0, 1, -9912.039062, -3621.899902, 36.322800, 1.756421, 0, 0, 0, 0, 300, 300),
(14693, 1733, 0, 1, -10823.323242, -3745.560059, 24.397055, -0.674798, 0, 0, 0, 0, 300, 300),
(14694, 1733, 0, 1, -10869.193359, -3800.520020, 31.601780, -2.005502, 0, 0, 0, 0, 300, 300),
(14695, 1734, 0, 1, -10092.460938, -2350.949951, 27.608515, 2.069308, 0, 0, 0, 0, 300, 300), -- gold vein
(14696, 1734, 0, 1, -10404.376953, -2360.110107, 86.029388, 2.429111, 0, 0, 0, 0, 300, 300),
(14722, 1734, 0, 1, -10630.668945, -2465.449951, 36.365898, -1.877676, 0, 0, 0, 0, 300, 300),
(14723, 1734, 0, 1, -10512.935547, -2467.739990, 41.039268, 1.053415, 0, 0, 0, 0, 300, 300),
(14724, 1734, 0, 1, -10676.539062, -2522.699951, 27.731836, 1.470129, 0, 0, 0, 0, 300, 300),
(14732, 1734, 0, 1, -10066.467773, -2527.280029, 34.845016, 1.727743, 0, 0, 0, 0, 300, 300),
(14735, 1734, 0, 1, -10178.084961, -2644.070068, 37.876038, -1.794664, 0, 0, 0, 0, 300, 300),
(14736, 1734, 0, 1, -10629.139648, -2765.439941, 49.067318, -0.065312, 0, 0, 0, 0, 300, 300),
(14739, 1734, 0, 1, -10282.056641, -2884.520020, 27.466793, -0.559813, 0, 0, 0, 0, 300, 300),
(14740, 1734, 0, 1, -10586.328125, -2918.870117, 37.441372, 0.031153, 0, 0, 0, 0, 300, 300),
(14812, 1734, 0, 1, -10621.495117, -3548.620117, 35.827404, 0.060415, 0, 0, 0, 0, 300, 300),
(14818, 1734, 0, 1, -9912.039062, -3621.899902, 36.322800, 0.720673, 0, 0, 0, 0, 300, 300),
(14819, 1734, 0, 1, -10854.783203, -3629.971191, 15.598301, 0.770167, 0, 0, 0, 0, 300, 300),
(14842, 1734, 0, 1, -10847.294922, -3632.846436, 17.227654, -0.998041, 0, 0, 0, 0, 300, 300),
(14843, 1734, 0, 1, -10944.114258, -3642.510010, 23.864714, -2.481226, 0, 0, 0, 0, 300, 300),
(14844, 1734, 0, 1, -10992.478516, -3673.680176, 25.472189, 1.113507, 0, 0, 0, 0, 300, 300),
(14848, 1734, 0, 1, -10832.497070, -3692.889893, 23.146137, 0.874426, 0, 0, 0, 0, 300, 300),
(14849, 1734, 0, 1, -10740.756836, -3704.340088, 30.007666, -1.205433, 0, 0, 0, 0, 300, 300),
(14850, 1734, 0, 1, -10986.925781, -3965.399902, 35.213364, 2.309808, 0, 0, 0, 0, 300, 300),
(14851, 1735, 0, 1, -10093.990234, -2348.659912, 25.909454, 0.254511, 0, 0, 0, 0, 300, 300), -- iron deposit
(14852, 1735, 0, 1, -10092.460938, -2350.949951, 27.607515, 1.735644, 0, 0, 0, 0, 300, 300),
(14853, 1735, 0, 1, -10404.376953, -2362.399902, 85.258453, 2.015678, 0, 0, 0, 0, 300, 300),
(14854, 1735, 0, 1, -10150.562500, -2387.590088, 40.623528, -0.980315, 0, 0, 0, 0, 300, 300),
(14855, 1735, 0, 1, -10630.668945, -2463.159912, 37.371105, 2.402494, 0, 0, 0, 0, 300, 300),
(14856, 1735, 0, 1, -10512.935547, -2465.449951, 41.337391, -2.609731, 0, 0, 0, 0, 300, 300),
(14857, 1735, 0, 1, -10626.082031, -2465.449951, 35.403698, -1.159327, 0, 0, 0, 0, 300, 300),
(14858, 1735, 0, 1, -10515.994141, -2470.030029, 38.749031, 2.720924, 0, 0, 0, 0, 300, 300),
(14859, 1735, 0, 1, -10676.539062, -2522.699951, 27.731836, 1.556707, 0, 0, 0, 0, 300, 300),
(14871, 1735, 0, 1, -10064.939453, -2527.280029, 35.450405, 2.655780, 0, 0, 0, 0, 300, 300),
(14894, 1735, 0, 1, -10144.447266, -2563.919922, 29.569483, -1.926910, 0, 0, 0, 0, 300, 300),
(14900, 1735, 0, 1, -10147.504883, -2566.209961, 29.317530, -0.033464, 0, 0, 0, 0, 300, 300),
(14901, 1735, 0, 1, -10268.295898, -2584.530029, 36.643967, 0.960389, 0, 0, 0, 0, 300, 300),
(14902, 1735, 0, 1, -10269.825195, -2586.820068, 36.355690, -0.392016, 0, 0, 0, 0, 300, 300),
(14903, 1735, 0, 1, -10502.233398, -2630.330078, 23.469341, -0.003371, 0, 0, 0, 0, 300, 300),
(14906, 1735, 0, 1, -10616.908203, -2630.330078, 53.166878, 2.834008, 0, 0, 0, 0, 300, 300),
(14910, 1735, 0, 1, -10176.555664, -2644.070068, 38.068348, 1.050804, 0, 0, 0, 0, 300, 300),
(14911, 1735, 0, 1, -10178.084961, -2644.070068, 37.876038, 0.227702, 0, 0, 0, 0, 300, 300),
(14912, 1735, 0, 1, -10497.646484, -2715.060059, 32.627663, -0.523507, 0, 0, 0, 0, 300, 300),
(14913, 1735, 0, 1, -10499.174805, -2715.060059, 32.722603, -0.841000, 0, 0, 0, 0, 300, 300),
(14921, 1735, 0, 1, -10497.646484, -2717.350098, 31.701164, -1.379156, 0, 0, 0, 0, 300, 300),
(14922, 1735, 0, 1, -10500.704102, -2717.350098, 31.238075, -0.884070, 0, 0, 0, 0, 300, 300),
(14923, 1735, 0, 1, -10161.265625, -2760.859863, 27.819836, -0.588896, 0, 0, 0, 0, 300, 300),
(14924, 1735, 0, 1, -10158.208008, -2765.439941, 28.398968, 0.753978, 0, 0, 0, 0, 300, 300),
(14925, 1735, 0, 1, -10627.611328, -2765.439941, 48.403763, -0.202139, 0, 0, 0, 0, 300, 300),
(14933, 1735, 0, 1, -10618.437500, -2861.620117, 45.305573, -1.341744, 0, 0, 0, 0, 300, 300),
(14934, 1735, 0, 1, -10282.056641, -2884.520020, 27.466793, -1.947432, 0, 0, 0, 0, 300, 300),
(14935, 1735, 0, 1, -10285.115234, -2886.810059, 25.751505, -0.802562, 0, 0, 0, 0, 300, 300),
(14936, 1735, 0, 1, -10581.741211, -2914.290039, 35.390877, 0.127626, 0, 0, 0, 0, 300, 300),
(14937, 1735, 0, 1, -10052.707031, -3113.520020, 33.039185, 1.119840, 0, 0, 0, 0, 300, 300),
(14938, 1735, 0, 1, -10055.764648, -3113.520020, 31.557213, -1.033285, 0, 0, 0, 0, 300, 300),
(14939, 1735, 0, 1, -10035.887695, -3413.510010, 29.729588, 1.887331, 0, 0, 0, 0, 300, 300),
(14940, 1735, 0, 1, -10619.965820, -3548.620117, 36.303764, 0.078063, 0, 0, 0, 0, 300, 300),
(14941, 1735, 0, 1, -10621.495117, -3548.620117, 35.827404, 1.983256, 0, 0, 0, 0, 300, 300),
(14942, 1735, 0, 1, -9910.509766, -3621.899902, 35.740685, 2.272988, 0, 0, 0, 0, 300, 300),
(14957, 1735, 0, 1, -10854.783203, -3629.971191, 15.598301, 0.747923, 0, 0, 0, 0, 300, 300),
(14958, 1735, 0, 1, -10847.294922, -3632.846436, 17.227654, 1.256499, 0, 0, 0, 0, 300, 300),
(14967, 1735, 0, 1, -10959.404297, -3676.859863, 8.657833, -0.913908, 0, 0, 0, 0, 300, 300),
(14970, 1735, 0, 1, -10959.404297, -3679.149902, 8.471962, 0.375650, 0, 0, 0, 0, 300, 300),
(14971, 1735, 0, 1, -10737.699219, -3699.760010, 31.461653, -2.630503, 0, 0, 0, 0, 300, 300),
(14981, 1735, 0, 1, -10740.756836, -3704.340088, 30.007666, -0.174292, 0, 0, 0, 0, 300, 300),
(14982, 1735, 0, 1, -10824.851562, -3745.560059, 24.023821, 2.760479, 0, 0, 0, 0, 300, 300),
(14985, 1735, 0, 1, -10942.307617, -3747.706787, 26.266581, -2.294051, 0, 0, 0, 0, 300, 300),
(14986, 1735, 0, 1, -10823.323242, -3747.850098, 24.747030, -0.044402, 0, 0, 0, 0, 300, 300),
(14987, 1735, 0, 1, -10939.527344, -3747.850098, 23.877529, 1.537713, 0, 0, 0, 0, 300, 300),
(14988, 1735, 0, 1, -10869.193359, -3800.520020, 31.601780, 1.636380, 0, 0, 0, 0, 300, 300),
(14989, 1735, 0, 1, -10973.165039, -3869.219971, 46.253796, -2.061512, 0, 0, 0, 0, 300, 300),
(14990, 1735, 0, 1, -10971.635742, -3871.510010, 44.692089, -0.069956, 0, 0, 0, 0, 300, 300),
(14991, 1735, 0, 1, -9727.030273, -3878.379883, 26.802959, 1.294481, 0, 0, 0, 0, 300, 300),
(14992, 1735, 0, 1, -10983.868164, -3965.399902, 33.049274, -2.556100, 0, 0, 0, 0, 300, 300),
(14993, 1735, 0, 1, -10988.455078, -3965.399902, 35.854534, 0.203247, 0, 0, 0, 0, 300, 300),
(14994, 2047, 0, 1, -10055.764648, -2946.350098, 41.090000, 3.078412, 0, 0, 0, 0, 300, 300), -- truesilver deposit
(14995, 2047, 0, 1, -10912.004883, -3651.669922, 9.845208, 0.081292, 0, 0, 0, 0, 300, 300),
(14996, 2040, 0, 1, -10165.852539, -2710.479980, 37.629490, 2.093035, 0, 0, 0, 0, 300, 300), -- mithril deposit
(14997, 2040, 0, 1, -10054.236328, -2946.350098, 42.254585, -1.208241, 0, 0, 0, 0, 300, 300),
(14998, 2040, 0, 1, -10055.764648, -2946.350098, 41.090000, 1.725086, 0, 0, 0, 0, 300, 300),
(15005, 2040, 0, 1, -10069.526367, -3042.530029, 33.115486, -1.950030, 0, 0, 0, 0, 300, 300),
(15006, 2040, 0, 1, -10035.887695, -3209.699951, 34.768742, 0.227385, 0, 0, 0, 0, 300, 300),
(15007, 2040, 0, 1, -10025.184570, -3337.939941, 39.106976, 1.594830, 0, 0, 0, 0, 300, 300),
(15008, 2040, 0, 1, -10888.656250, -3619.609863, 17.962715, 2.878622, 0, 0, 0, 0, 300, 300),
(15009, 2040, 0, 1, -10944.114258, -3642.510010, 23.864714, -2.095945, 0, 0, 0, 0, 300, 300),
(15010, 2040, 0, 1, -10910.475586, -3651.669922, 9.902735, 1.212212, 0, 0, 0, 0, 300, 300),
(15011, 2040, 0, 1, -10912.004883, -3651.669922, 9.845208, -0.519441, 0, 0, 0, 0, 300, 300),
(15017, 2040, 0, 1, -10992.478516, -3673.680176, 25.472189, 0.523960, 0, 0, 0, 0, 300, 300),
(15018, 2040, 0, 1, -10832.497070, -3692.889893, 23.145306, 2.890895, 0, 0, 0, 0, 300, 300),
(15019, 2040, 0, 1, -10951.758789, -3695.180176, 26.751312, 2.463650, 0, 0, 0, 0, 300, 300),
(15020, 2040, 0, 1, -11010.469727, -3704.177002, 20.676147, 2.232900, 0, 0, 0, 0, 300, 300),
(15021, 2040, 0, 1, -10874.674805, -3718.036133, 26.652517, -0.476498, 0, 0, 0, 0, 300, 300),
(15022, 2040, 0, 1, -10375.326172, -3729.530029, -12.414495, -2.963296, 0, 0, 0, 0, 300, 300),
(15031, 2040, 0, 1, -9772.900391, -3734.109863, 27.662926, 2.025203, 0, 0, 0, 0, 300, 300),
(15032, 2040, 0, 1, -10557.277344, -3809.679932, -13.033459, 1.913399, 0, 0, 0, 0, 300, 300),
-- The Hinterlands:
(15044, 1733, 0, 1, -40.067993, -2394.281006, 153.428238, 0.538900, 0, 0, 0, 0, 300, 300), -- silver vein
(15045, 1733, 0, 1, 165.051880, -2509.391113, 136.061188, -0.471981, 0, 0, 0, 0, 300, 300),
(15048, 1733, 0, 1, -286.212036, -2520.902100, 127.092308, -2.489141, 0, 0, 0, 0, 300, 300),
(15062, 1733, 0, 1, -42.631958, -2655.196777, 135.222961, 0.058925, 0, 0, 0, 0, 300, 300),
(15063, 1733, 0, 1, 382.992065, -2942.972168, 139.040787, -2.253736, 0, 0, 0, 0, 300, 300),
(15069, 1733, 0, 1, -316.979980, -3238.420898, 134.278641, 2.769374, 0, 0, 0, 0, 300, 300),
(15070, 1733, 0, 1, -68.271973, -3591.424805, 131.672180, -2.188329, 0, 0, 0, 0, 300, 300),
(15071, 1733, 0, 1, -52.888062, -3986.635986, 132.618576, -3.120414, 0, 0, 0, 0, 300, 300),
(15072, 1734, 0, 1, -40.067993, -2394.281006, 153.428238, 0.116115, 0, 0, 0, 0, 300, 300), -- gold vein
(15075, 1734, 0, 1, -70.835938, -2471.020996, 137.843201, 1.389556, 0, 0, 0, 0, 300, 300),
(15076, 1734, 0, 1, 167.616089, -2509.391113, 136.729446, -1.169136, 0, 0, 0, 0, 300, 300),
(15077, 1734, 0, 1, -286.212036, -2517.064941, 127.585243, 1.809835, 0, 0, 0, 0, 300, 300),
(15083, 1734, 0, 1, -155.448120, -2559.271973, 126.182610, 2.723220, 0, 0, 0, 0, 300, 300),
(15086, 1734, 0, 1, -223.031616, -2552.868408, 120.664780, 2.702214, 0, 0, 0, 0, 300, 300),
(15092, 1734, 0, 1, -306.723999, -2624.500977, 119.211990, 3.104443, 0, 0, 0, 0, 300, 300),
(15093, 1734, 0, 1, -42.631958, -2655.196777, 135.222961, 2.202523, 0, 0, 0, 0, 300, 300),
(15096, 1734, 0, 1, -283.647949, -2728.100098, 121.725342, -1.890722, 0, 0, 0, 0, 300, 300),
(15097, 1734, 0, 1, 54.799927, -2731.937012, 142.292175, -1.259856, 0, 0, 0, 0, 300, 300),
(15102, 1734, 0, 1, -350.312012, -2739.610840, 96.337730, 1.190922, 0, 0, 0, 0, 300, 300),
(15103, 1734, 0, 1, -447.744019, -2758.795898, 104.335106, -2.686850, 0, 0, 0, 0, 300, 300),
(15104, 1734, 0, 1, -96.476074, -2770.307129, 129.864059, 2.171563, 0, 0, 0, 0, 300, 300),
(15108, 1734, 0, 1, -55.452026, -2777.980957, 133.371414, -2.907256, 0, 0, 0, 0, 300, 300),
(15111, 1734, 0, 1, -60.580078, -2777.980957, 133.776520, 1.986009, 0, 0, 0, 0, 300, 300),
(15115, 1734, 0, 1, 375.299927, -2781.817871, 123.356041, -3.061060, 0, 0, 0, 0, 300, 300),
(15116, 1734, 0, 1, -486.203979, -2858.558105, 105.771736, 2.566866, 0, 0, 0, 0, 300, 300),
(15132, 1734, 0, 1, 411.195923, -2862.395020, 141.757446, 2.609253, 0, 0, 0, 0, 300, 300),
(15133, 1734, 0, 1, -222.111938, -2862.395020, 121.766258, -2.535430, 0, 0, 0, 0, 300, 300),
(15136, 1734, 0, 1, -483.640015, -2862.395020, 105.557198, 2.824910, 0, 0, 0, 0, 300, 300),
(15137, 1734, 0, 1, -178.523926, -2881.580078, 116.100037, -0.860747, 0, 0, 0, 0, 300, 300),
(15140, 1734, 0, 1, -458.000000, -2939.135010, 94.884865, -2.343474, 0, 0, 0, 0, 300, 300),
(15151, 1734, 0, 1, 382.992065, -2942.972168, 139.040787, -2.736010, 0, 0, 0, 0, 300, 300),
(15158, 1734, 0, 1, -245.187988, -2985.179199, 125.603653, 2.115441, 0, 0, 0, 0, 300, 300),
(15159, 1734, 0, 1, -286.212036, -3012.038086, 123.763206, -2.449518, 0, 0, 0, 0, 300, 300),
(15160, 1734, 0, 1, 185.563965, -3073.429932, 138.259048, -1.614715, 0, 0, 0, 0, 300, 300),
(15161, 1734, 0, 1, 344.531982, -3107.962891, 135.365082, 1.963362, 0, 0, 0, 0, 300, 300),
(15162, 1734, 0, 1, -227.240112, -3134.821777, 136.215424, 0.406186, 0, 0, 0, 0, 300, 300),
(15163, 1734, 0, 1, -52.888062, -3157.843994, 95.397034, -1.901014, 0, 0, 0, 0, 300, 300),
(15164, 1734, 0, 1, 398.375977, -3207.725098, 172.266632, -1.918527, 0, 0, 0, 0, 300, 300),
(15165, 1734, 0, 1, -316.979980, -3238.420898, 134.278641, 3.038920, 0, 0, 0, 0, 300, 300),
(15166, 1734, 0, 1, 349.660034, -3265.280029, 126.315918, 0.889641, 0, 0, 0, 0, 300, 300),
(15167, 1734, 0, 1, 454.783997, -3303.649902, 129.450912, -0.599924, 0, 0, 0, 0, 300, 300),
(15168, 1734, 0, 1, 452.219971, -3303.649902, 129.209930, 0.899798, 0, 0, 0, 0, 300, 300),
(15169, 1734, 0, 1, -304.160034, -3342.020020, 138.310745, 2.482479, 0, 0, 0, 0, 300, 300),
(15170, 1734, 0, 1, 495.808044, -3357.367920, 137.897476, -0.659282, 0, 0, 0, 0, 300, 300),
(15171, 1734, 0, 1, 616.989990, -3380.963379, 116.682564, 2.042414, 0, 0, 0, 0, 300, 300),
(15172, 1734, 0, 1, -345.183960, -3395.738037, 159.046692, -1.072530, 0, 0, 0, 0, 300, 300),
(15173, 1734, 0, 1, 385.556030, -3441.781982, 119.157906, 0.982413, 0, 0, 0, 0, 300, 300),
(15174, 1734, 0, 1, -206.728027, -3487.825928, 149.154617, -1.498066, 0, 0, 0, 0, 300, 300),
(15178, 1734, 0, 1, 231.715942, -3495.500000, 161.198334, -2.096725, 0, 0, 0, 0, 300, 300),
(15179, 1734, 0, 1, -86.220093, -3530.032959, 121.551361, 1.435913, 0, 0, 0, 0, 300, 300),
(15180, 1734, 0, 1, -309.287964, -3530.032959, 161.846436, 0.504170, 0, 0, 0, 0, 300, 300),
(15181, 1734, 0, 1, -81.091919, -3533.870117, 118.409164, -2.759653, 0, 0, 0, 0, 300, 300),
(15182, 1734, 0, 1, -206.728027, -3564.565918, 152.631073, 1.220406, 0, 0, 0, 0, 300, 300),
(15183, 1734, 0, 1, -65.708008, -3587.587891, 129.313736, 2.918933, 0, 0, 0, 0, 300, 300),
(15184, 1734, 0, 1, -65.708008, -3591.424805, 132.437927, 0.857987, 0, 0, 0, 0, 300, 300),
(15185, 1734, 0, 1, 72.748047, -3656.654053, 130.820465, -2.339582, 0, 0, 0, 0, 300, 300),
(15186, 1734, 0, 1, 316.328003, -3706.534912, 133.992096, -1.173988, 0, 0, 0, 0, 300, 300),
(15187, 1734, 0, 1, 72.748047, -3725.719971, 154.194366, -1.076746, 0, 0, 0, 0, 300, 300),
(15188, 1734, 0, 1, 377.715515, -3751.271484, 129.182053, 1.818056, 0, 0, 0, 0, 300, 300),
(15189, 1734, 0, 1, 343.248657, -3769.262939, 131.003677, 0.773107, 0, 0, 0, 0, 300, 300),
(15190, 1734, 0, 1, 331.792114, -3741.395508, 106.955125, -0.805480, 0, 0, 0, 0, 300, 300),
(15191, 1734, 0, 1, -419.540039, -3767.927002, 247.488312, -2.410350, 0, 0, 0, 0, 300, 300),
(15192, 1734, 0, 1, 382.412964, -3778.327881, 102.725227, -2.945208, 0, 0, 0, 0, 300, 300),
(15193, 1734, 0, 1, 324.020020, -3775.601074, 160.134720, 2.344655, 0, 0, 0, 0, 300, 300),
(15194, 1734, 0, 1, 420.615936, -3793.235107, 103.304497, -2.507987, 0, 0, 0, 0, 300, 300),
(15195, 1734, 0, 1, 959.891968, -3798.623047, 122.824409, 3.129789, 0, 0, 0, 0, 300, 300),
(15196, 1734, 0, 1, 198.384033, -3806.296875, 127.298317, -1.643723, 0, 0, 0, 0, 300, 300),
(15197, 1734, 0, 1, 395.812012, -3821.645020, 169.331879, -2.411911, 0, 0, 0, 0, 300, 300),
(15198, 1734, 0, 1, 349.660034, -3860.015137, 141.186218, 2.723311, 0, 0, 0, 0, 300, 300),
(15199, 1734, 0, 1, 413.760010, -3883.037109, 125.635422, -0.691733, 0, 0, 0, 0, 300, 300),
(15200, 1734, 0, 1, 585.548035, -3906.059082, 132.697876, -2.461475, 0, 0, 0, 0, 300, 300),
(15201, 1734, 0, 1, -19.556030, -3906.059082, 165.082733, -1.212030, 0, 0, 0, 0, 300, 300),
(15202, 1734, 0, 1, -50.324097, -3986.635986, 132.272217, 1.773084, 0, 0, 0, 0, 300, 300),
(15203, 1734, 0, 1, 344.531982, -4009.657959, 121.659706, -2.862533, 0, 0, 0, 0, 300, 300),
(15204, 1734, 0, 1, 1034.248047, -4021.169189, 128.032425, -2.263809, 0, 0, 0, 0, 300, 300),
(15226, 1734, 0, 1, 524.011963, -4040.354004, 131.935028, 0.447497, 0, 0, 0, 0, 300, 300),
(15227, 1734, 0, 1, 895.791992, -4048.028076, 113.371353, -1.960496, 0, 0, 0, 0, 300, 300),
(15228, 1734, 0, 1, 1072.708008, -4063.375977, 136.501297, -2.650216, 0, 0, 0, 0, 300, 300),
(15229, 1734, 0, 1, 124.027954, -4074.887207, 137.202133, -2.889612, 0, 0, 0, 0, 300, 300),
(15230, 1734, 0, 1, -670.812012, -4078.724121, 243.992355, 1.104049, 0, 0, 0, 0, 300, 300),
(15231, 1734, 0, 1, -314.416016, -4101.746094, 150.450653, -1.636316, 0, 0, 0, 0, 300, 300),
(15232, 1734, 0, 1, -127.244019, -4151.626953, 120.482796, -2.771854, 0, 0, 0, 0, 300, 300),
(15233, 1734, 0, 1, 1093.219971, -4159.300781, 162.054657, -1.117026, 0, 0, 0, 0, 300, 300),
(15234, 1734, 0, 1, 488.115967, -4182.323242, 135.120895, 0.991774, 0, 0, 0, 0, 300, 300),
(15235, 1734, 0, 1, 39.416016, -4186.160156, 116.577629, -0.598943, 0, 0, 0, 0, 300, 300),
(15236, 1734, 0, 1, 957.328003, -4197.670898, 137.012863, 1.520294, 0, 0, 0, 0, 300, 300),
(15237, 1734, 0, 1, 580.419983, -4213.018555, 137.529587, -1.434987, 0, 0, 0, 0, 300, 300),
(15238, 1734, 0, 1, -388.771973, -4220.693359, 174.958572, 0.823893, 0, 0, 0, 0, 300, 300),
(15239, 1734, 0, 1, -186.215942, -4236.041016, 137.063583, -1.952323, 0, 0, 0, 0, 300, 300),
(15240, 1734, 0, 1, 1152.192017, -4247.551758, 235.914734, 2.534450, 0, 0, 0, 0, 300, 300),
(15241, 1734, 0, 1, 124.027954, -4351.150879, 120.783012, 1.012159, 0, 0, 0, 0, 300, 300),
(15242, 1734, 0, 1, -240.060059, -4362.662109, 106.688263, 0.125710, 0, 0, 0, 0, 300, 300),
(15243, 1734, 0, 1, -441.748993, -4444.381836, 44.421490, 1.963137, 0, 0, 0, 0, 300, 300),
(15244, 1734, 0, 1, 3.520020, -4462.423828, 161.527176, -0.232364, 0, 0, 0, 0, 300, 300),
(15245, 1734, 0, 1, -63.144043, -4543.000977, 14.630848, 0.075794, 0, 0, 0, 0, 300, 300),
(15246, 1734, 0, 1, 231.715942, -4596.718750, 110.335182, -1.929562, 0, 0, 0, 0, 300, 300),
(15247, 1734, 0, 1, -434.923950, -4627.415039, -10.204357, 1.861476, 0, 0, 0, 0, 300, 300),
(15248, 1734, 0, 1, -160.576050, -4635.088867, 3.544720, 2.655311, 0, 0, 0, 0, 300, 300),
(15249, 1734, 0, 1, -163.140015, -4635.088867, 2.308244, -1.487170, 0, 0, 0, 0, 300, 300),
(15250, 1734, 0, 1, 375.299927, -4673.458984, 17.841043, 1.558360, 0, 0, 0, 0, 300, 300),
(15251, 1734, 0, 1, 172.744019, -4757.873047, -6.499732, 1.211878, 0, 0, 0, 0, 300, 300),
(15252, 1734, 0, 1, 170.180054, -4761.709961, -6.716023, 1.876266, 0, 0, 0, 0, 300, 300),
(15253, 1735, 0, 1, -40.067993, -2394.281006, 153.428238, -1.381573, 0, 0, 0, 0, 300, 300), -- iron deposit
(15254, 1735, 0, 1, 165.051880, -2509.391113, 136.061188, -1.516972, 0, 0, 0, 0, 300, 300),
(15255, 1735, 0, 1, -281.083984, -2520.902100, 129.447327, 0.359043, 0, 0, 0, 0, 300, 300),
(15256, 1735, 0, 1, -42.631958, -2655.196777, 135.222961, 2.848460, 0, 0, 0, 0, 300, 300),
(15257, 1735, 0, 1, 380.427979, -2946.809082, 138.712021, 1.854186, 0, 0, 0, 0, 300, 300),
(15258, 1735, 0, 1, 185.563965, -3073.429932, 138.259048, -0.748654, 0, 0, 0, 0, 300, 300),
(15259, 1735, 0, 1, -314.416016, -3238.420898, 132.805908, 1.301952, 0, 0, 0, 0, 300, 300),
(15260, 1735, 0, 1, -316.979980, -3238.420898, 134.278641, -0.805702, 0, 0, 0, 0, 300, 300),
(15261, 1735, 0, 1, 349.660034, -3261.442871, 123.711739, 0.671478, 0, 0, 0, 0, 300, 300),
(15262, 1735, 0, 1, 352.223999, -3265.280029, 126.309532, -2.828531, 0, 0, 0, 0, 300, 300),
(15263, 1735, 0, 1, -63.144043, -3587.587891, 129.221771, 1.805580, 0, 0, 0, 0, 300, 300),
(15264, 1735, 0, 1, -65.708008, -3591.424805, 132.437927, -2.138464, 0, 0, 0, 0, 300, 300),
(15265, 1735, 0, 1, -50.324097, -3986.635986, 132.272217, -1.726354, 0, 0, 0, 0, 300, 300),
(15266, 2047, 0, 1, -70.835938, -2471.020996, 137.843201, 2.866965, 0, 0, 0, 0, 300, 300), -- truesilver deposit
(15267, 2047, 0, 1, -152.883911, -2559.271973, 126.356232, -0.280631, 0, 0, 0, 0, 300, 300),
(15268, 2047, 0, 1, -223.031616, -2552.868408, 120.664780, 0.393220, 0, 0, 0, 0, 300, 300),
(15269, 2047, 0, 1, -306.723999, -2624.500977, 119.211990, -2.598455, 0, 0, 0, 0, 300, 300),
(15270, 2047, 0, 1, -283.647949, -2728.100098, 121.725342, -0.460057, 0, 0, 0, 0, 300, 300),
(15271, 2047, 0, 1, 54.799927, -2731.937012, 142.292175, -2.504201, 0, 0, 0, 0, 300, 300),
(15272, 2047, 0, 1, -447.744019, -2758.795898, 104.335106, -1.448437, 0, 0, 0, 0, 300, 300),
(15273, 2047, 0, 1, -96.476074, -2774.144043, 128.669876, -1.415290, 0, 0, 0, 0, 300, 300),
(15274, 2047, 0, 1, -55.452026, -2777.980957, 133.371414, -2.073571, 0, 0, 0, 0, 300, 300),
(15275, 2047, 0, 1, -60.580078, -2777.980957, 133.776520, 2.925122, 0, 0, 0, 0, 300, 300),
(15276, 2047, 0, 1, -222.111938, -2862.395020, 121.766258, 0.306844, 0, 0, 0, 0, 300, 300),
(15277, 2047, 0, 1, 411.195923, -2866.231934, 143.625381, -2.633920, 0, 0, 0, 0, 300, 300),
(15278, 2047, 0, 1, -483.640015, -2866.231934, 115.605247, 0.913158, 0, 0, 0, 0, 300, 300),
(15279, 2047, 0, 1, -178.523926, -2881.580078, 116.100037, 2.543972, 0, 0, 0, 0, 300, 300),
(15280, 2047, 0, 1, -458.000000, -2939.135010, 94.884865, 2.484360, 0, 0, 0, 0, 300, 300),
(15281, 2047, 0, 1, -245.187988, -2985.179199, 125.603653, 2.348127, 0, 0, 0, 0, 300, 300),
(15282, 2047, 0, 1, -286.212036, -3012.038086, 123.763206, 1.634940, 0, 0, 0, 0, 300, 300),
(15283, 2047, 0, 1, 341.968018, -3107.962891, 136.540634, 0.877454, 0, 0, 0, 0, 300, 300),
(15284, 2047, 0, 1, -227.240112, -3134.821777, 136.215424, 1.876418, 0, 0, 0, 0, 300, 300),
(15285, 2047, 0, 1, -55.452026, -3157.843994, 96.094833, -1.993976, 0, 0, 0, 0, 300, 300),
(15286, 2047, 0, 1, 398.375977, -3207.725098, 172.266632, -0.930112, 0, 0, 0, 0, 300, 300),
(15287, 2047, 0, 1, 454.783997, -3303.649902, 129.450912, 1.460624, 0, 0, 0, 0, 300, 300),
(15288, 2047, 0, 1, 452.219971, -3303.649902, 129.209930, 0.929805, 0, 0, 0, 0, 300, 300),
(15289, 2047, 0, 1, 495.808044, -3357.367920, 137.897476, 1.729851, 0, 0, 0, 0, 300, 300),
(15290, 2047, 0, 1, 608.783447, -3370.824951, 122.583290, 2.531418, 0, 0, 0, 0, 300, 300),
(15291, 2047, 0, 1, -345.183960, -3395.738037, 159.046692, -0.676213, 0, 0, 0, 0, 300, 300),
(15292, 2047, 0, 1, 385.556030, -3445.618896, 119.747757, -2.354963, 0, 0, 0, 0, 300, 300),
(15293, 2047, 0, 1, -206.728027, -3487.825928, 149.154617, -1.519459, 0, 0, 0, 0, 300, 300),
(15294, 2047, 0, 1, -86.220093, -3530.032959, 121.551361, -1.409347, 0, 0, 0, 0, 300, 300),
(15295, 2047, 0, 1, -309.287964, -3530.032959, 161.846436, -2.627993, 0, 0, 0, 0, 300, 300),
(15296, 2047, 0, 1, -206.728027, -3564.565918, 152.631073, 1.642732, 0, 0, 0, 0, 300, 300),
(15297, 2047, 0, 1, -224.675903, -3602.936035, 232.368759, -2.538724, 0, 0, 0, 0, 300, 300),
(15298, 2047, 0, 1, 72.748047, -3656.654053, 130.820465, -1.556483, 0, 0, 0, 0, 300, 300),
(15299, 2047, 0, 1, -258.276001, -3673.159912, 241.412003, 1.846806, 0, 0, 0, 0, 300, 300),
(15300, 2047, 0, 1, -668.800537, -3665.430664, 232.493637, -2.046482, 0, 0, 0, 0, 300, 300),
(15301, 2047, 0, 1, -696.380798, -3668.928955, 234.005264, -0.424495, 0, 0, 0, 0, 300, 300),
(15302, 2047, 0, 1, -272.363617, -3694.696533, 238.967300, 1.659892, 0, 0, 0, 0, 300, 300),
(15303, 2047, 0, 1, -263.433136, -3697.633057, 239.764984, 2.363357, 0, 0, 0, 0, 300, 300),
(15304, 2047, 0, 1, 316.328003, -3706.534912, 133.992096, -1.732341, 0, 0, 0, 0, 300, 300),
(15305, 2047, 0, 1, 72.748047, -3725.719971, 154.194366, -0.951909, 0, 0, 0, 0, 300, 300),
(15306, 2047, 0, 1, -602.485107, -3748.452393, 234.539642, 1.569970, 0, 0, 0, 0, 300, 300),
(15307, 2047, 0, 1, -604.625549, -3744.376953, 231.506790, -1.998496, 0, 0, 0, 0, 300, 300),
(15308, 2047, 0, 1, -288.776001, -3748.741943, -200000.000000, -1.506568, 0, 0, 0, 0, 300, 300),
(15309, 2047, 0, 1, 377.715515, -3751.271484, 129.182053, -0.197635, 0, 0, 0, 0, 300, 300),
(15310, 2047, 0, 1, 343.248657, -3769.262939, 131.003677, 2.521068, 0, 0, 0, 0, 300, 300),
(15311, 2047, 0, 1, -291.339966, -3752.578857, 237.998749, -2.328955, 0, 0, 0, 0, 300, 300),
(15312, 2047, 0, 1, 331.792114, -3741.395508, 106.955125, 2.726769, 0, 0, 0, 0, 300, 300),
(15313, 2047, 0, 1, -419.540039, -3767.927002, 247.488312, -1.032492, 0, 0, 0, 0, 300, 300),
(15314, 2047, 0, 1, 321.455933, -3775.601074, 159.521896, -2.001091, 0, 0, 0, 0, 300, 300),
(15315, 2047, 0, 1, -716.534668, -3788.386719, 228.206940, -0.877780, 0, 0, 0, 0, 300, 300),
(15316, 2047, 0, 1, 420.615936, -3793.235107, 103.304497, -1.542242, 0, 0, 0, 0, 300, 300),
(15317, 2047, 0, 1, 198.384033, -3806.296875, 127.298317, 1.308196, 0, 0, 0, 0, 300, 300),
(15318, 2047, 0, 1, 195.819946, -3806.296875, 127.958969, -1.541064, 0, 0, 0, 0, 300, 300),
(15319, 2047, 0, 1, -674.713867, -3810.170410, 223.492004, -0.211433, 0, 0, 0, 0, 300, 300),
(15320, 2047, 0, 1, 395.812012, -3821.645020, 169.331879, 1.534190, 0, 0, 0, 0, 300, 300),
(15321, 2047, 0, 1, 347.096069, -3860.015137, 142.416580, -1.500433, 0, 0, 0, 0, 300, 300),
(15322, 2047, 0, 1, 411.195923, -3883.037109, 125.869003, 1.676064, 0, 0, 0, 0, 300, 300),
(15323, 2047, 0, 1, 585.548035, -3906.059082, 132.697876, 0.816786, 0, 0, 0, 0, 300, 300),
(15324, 2047, 0, 1, -19.556030, -3906.059082, 165.082733, -0.432685, 0, 0, 0, 0, 300, 300),
(15325, 2047, 0, 1, 344.531982, -4005.821045, 121.739937, 1.539774, 0, 0, 0, 0, 300, 300),
(15326, 2047, 0, 1, 895.791992, -4048.028076, 113.371353, 0.261155, 0, 0, 0, 0, 300, 300),
(15327, 2047, 0, 1, -155.448120, -4071.049805, 126.004433, -1.714497, 0, 0, 0, 0, 300, 300),
(15328, 2047, 0, 1, 124.027954, -4074.887207, 137.202133, -1.873291, 0, 0, 0, 0, 300, 300),
(15329, 2047, 0, 1, 406.067993, -4086.397949, 116.112335, -0.437385, 0, 0, 0, 0, 300, 300),
(15330, 2047, 0, 1, 406.067993, -4090.234863, 116.446693, 1.556048, 0, 0, 0, 0, 300, 300),
(15331, 2047, 0, 1, 121.463989, -4136.279297, 158.507996, 0.158217, 0, 0, 0, 0, 300, 300),
(15332, 2047, 0, 1, 118.900024, -4136.279297, 160.319473, 0.262553, 0, 0, 0, 0, 300, 300),
(15333, 2047, 0, 1, -129.807983, -4151.626953, 120.636703, -0.969715, 0, 0, 0, 0, 300, 300),
(15334, 2047, 0, 1, 488.115967, -4182.323242, 135.120895, -2.095324, 0, 0, 0, 0, 300, 300),
(15335, 2047, 0, 1, 39.416016, -4186.160156, 116.577629, -2.510035, 0, 0, 0, 0, 300, 300),
(15336, 2047, 0, 1, 957.328003, -4197.670898, 137.012863, 1.395146, 0, 0, 0, 0, 300, 300),
(15337, 2047, 0, 1, -186.215942, -4236.041016, 137.063583, -0.195181, 0, 0, 0, 0, 300, 300),
(15338, 2047, 0, 1, 124.027954, -4347.313965, 120.290085, -0.586968, 0, 0, 0, 0, 300, 300),
(15339, 2047, 0, 1, -119.551880, -4362.662109, 149.926712, -2.115807, 0, 0, 0, 0, 300, 300),
(15340, 2047, 0, 1, -240.060059, -4362.662109, 106.688263, 1.743263, 0, 0, 0, 0, 300, 300),
(15341, 2047, 0, 1, -441.748993, -4444.381836, 44.421490, -1.704056, 0, 0, 0, 0, 300, 300),
(15342, 2047, 0, 1, 3.520020, -4462.423828, 161.527176, 0.508248, 0, 0, 0, 0, 300, 300),
(15343, 2047, 0, 1, -63.144043, -4543.000977, 14.630848, -1.897983, 0, 0, 0, 0, 300, 300),
(15344, 2047, 0, 1, 106.080078, -4558.349121, 132.776672, -2.153926, 0, 0, 0, 0, 300, 300),
(15345, 2047, 0, 1, 231.715942, -4596.718750, 110.335182, 1.969205, 0, 0, 0, 0, 300, 300),
(15346, 2047, 0, 1, -163.140015, -4635.088867, 2.308244, -0.819013, 0, 0, 0, 0, 300, 300),
(15347, 2047, 0, 1, 375.299927, -4673.458984, 17.841043, -1.555071, 0, 0, 0, 0, 300, 300),
(15348, 2047, 0, 1, 172.744019, -4757.873047, -6.499732, 0.069813, 0, 0, 0, 0, 300, 300),
(15349, 2040, 0, 1, -70.835938, -2471.020996, 137.843201, -0.891372, 0, 0, 0, 0, 300, 300), -- mithril deposit
(15350, 2040, 0, 1, -152.883911, -2555.435059, 126.070633, 2.176615, 0, 0, 0, 0, 300, 300),
(15351, 2040, 0, 1, -223.031616, -2552.868408, 120.664780, -3.090691, 0, 0, 0, 0, 300, 300),
(15352, 2040, 0, 1, -304.160034, -2624.500977, 117.717789, -2.489739, 0, 0, 0, 0, 300, 300),
(15353, 2040, 0, 1, -283.647949, -2728.100098, 121.725342, -1.421036, 0, 0, 0, 0, 300, 300),
(15354, 2040, 0, 1, 54.799927, -2735.773926, 144.367844, -1.651498, 0, 0, 0, 0, 300, 300),
(15355, 2040, 0, 1, -350.312012, -2739.610840, 96.337730, -0.039835, 0, 0, 0, 0, 300, 300),
(15356, 2040, 0, 1, -352.875977, -2747.285156, 98.471069, 2.339013, 0, 0, 0, 0, 300, 300),
(15357, 2040, 0, 1, -447.744019, -2758.795898, 104.335106, -2.450657, 0, 0, 0, 0, 300, 300),
(15358, 2040, 0, 1, -96.476074, -2774.144043, 128.669876, 1.898669, 0, 0, 0, 0, 300, 300),
(15359, 2040, 0, 1, 377.864014, -2777.980957, 126.947975, 2.221970, 0, 0, 0, 0, 300, 300),
(15360, 2040, 0, 1, -55.452026, -2777.980957, 133.371414, -1.851722, 0, 0, 0, 0, 300, 300),
(15361, 2040, 0, 1, -60.580078, -2777.980957, 133.776520, 2.857248, 0, 0, 0, 0, 300, 300),
(15362, 2040, 0, 1, 375.299927, -2781.817871, 123.356041, -2.762988, 0, 0, 0, 0, 300, 300),
(15363, 2040, 0, 1, 408.631958, -2858.558105, 140.111237, 2.544660, 0, 0, 0, 0, 300, 300),
(15364, 2040, 0, 1, -224.675903, -2858.558105, 119.924736, 1.961452, 0, 0, 0, 0, 300, 300),
(15365, 2040, 0, 1, -486.203979, -2858.558105, 105.771736, -2.436381, 0, 0, 0, 0, 300, 300),
(15366, 2040, 0, 1, 411.195923, -2862.395020, 141.757446, -2.592534, 0, 0, 0, 0, 300, 300),
(15367, 2040, 0, 1, -222.111938, -2862.395020, 121.766258, 0.127273, 0, 0, 0, 0, 300, 300),
(15368, 2040, 0, 1, -486.203979, -2862.395020, 105.674484, 2.710442, 0, 0, 0, 0, 300, 300),
(15369, 2040, 0, 1, -178.523926, -2881.580078, 116.100037, 2.577679, 0, 0, 0, 0, 300, 300),
(15370, 2040, 0, 1, -450.307983, -2942.972168, 96.725601, -2.039433, 0, 0, 0, 0, 300, 300),
(15371, 2040, 0, 1, -245.187988, -2985.179199, 125.603653, 2.674610, 0, 0, 0, 0, 300, 300),
(15372, 2040, 0, 1, -286.212036, -3012.038086, 123.763206, 2.591210, 0, 0, 0, 0, 300, 300),
(15373, 2040, 0, 1, -286.212036, -3015.875000, 126.662201, -1.817165, 0, 0, 0, 0, 300, 300),
(15374, 2040, 0, 1, 344.531982, -3107.962891, 135.365082, -0.484609, 0, 0, 0, 0, 300, 300),
(15375, 2040, 0, 1, -227.240112, -3134.821777, 136.215424, -1.066082, 0, 0, 0, 0, 300, 300),
(15376, 2040, 0, 1, -55.452026, -3157.843994, 96.094833, 2.412789, 0, 0, 0, 0, 300, 300),
(15377, 2040, 0, 1, 400.940063, -3203.887939, 171.474747, -0.460363, 0, 0, 0, 0, 300, 300),
(15378, 2040, 0, 1, 398.375977, -3207.725098, 172.266632, 0.782699, 0, 0, 0, 0, 300, 300),
(15379, 2040, 0, 1, 454.783997, -3303.649902, 129.450912, -3.088982, 0, 0, 0, 0, 300, 300),
(15380, 2040, 0, 1, 452.219971, -3303.649902, 129.209930, -1.521759, 0, 0, 0, 0, 300, 300),
(15381, 2040, 0, 1, -304.160034, -3342.020020, 138.310745, 2.405799, 0, 0, 0, 0, 300, 300),
(15382, 2040, 0, 1, 495.808044, -3357.367920, 137.897476, -0.442479, 0, 0, 0, 0, 300, 300),
(15383, 2040, 0, 1, 616.989990, -3380.963379, 116.682564, -2.864924, 0, 0, 0, 0, 300, 300),
(15384, 2040, 0, 1, 608.783447, -3370.824951, 122.583290, 0.736380, 0, 0, 0, 0, 300, 300),
(15385, 2040, 0, 1, -345.183960, -3395.738037, 159.046692, -1.455648, 0, 0, 0, 0, 300, 300),
(15386, 2040, 0, 1, -347.748047, -3399.574951, 163.461731, -1.568539, 0, 0, 0, 0, 300, 300),
(15387, 2040, 0, 1, 382.992065, -3445.618896, 116.250893, -0.902975, 0, 0, 0, 0, 300, 300),
(15401, 2040, 0, 1, -206.728027, -3487.825928, 149.154617, -2.568066, 0, 0, 0, 0, 300, 300),
(15415, 2040, 0, 1, -214.419922, -3487.825928, 151.269119, 2.507832, 0, 0, 0, 0, 300, 300),
(15416, 2040, 0, 1, 231.715942, -3499.336914, 155.288910, 1.106221, 0, 0, 0, 0, 300, 300),
(15417, 2040, 0, 1, -86.220093, -3530.032959, 121.551361, -0.031134, 0, 0, 0, 0, 300, 300),
(15418, 2040, 0, 1, -309.287964, -3530.032959, 161.846436, 1.762343, 0, 0, 0, 0, 300, 300),
(15419, 2040, 0, 1, -81.091919, -3533.870117, 118.409164, -0.408654, 0, 0, 0, 0, 300, 300),
(15420, 2040, 0, 1, -206.728027, -3564.565918, 152.631073, 1.956907, 0, 0, 0, 0, 300, 300),
(15453, 2040, 0, 1, 72.748047, -3656.654053, 130.820465, -1.171336, 0, 0, 0, 0, 300, 300),
(15454, 2040, 0, 1, 67.619995, -3660.490967, 128.688751, -1.436066, 0, 0, 0, 0, 300, 300),
(15459, 2040, 0, 1, 316.328003, -3706.534912, 133.992096, 1.438636, 0, 0, 0, 0, 300, 300),
(15468, 2040, 0, 1, 72.748047, -3725.719971, 154.194366, 2.667187, 0, 0, 0, 0, 300, 300),
(15469, 2040, 0, 1, 552.216003, -3752.578857, 128.482468, 2.019158, 0, 0, 0, 0, 300, 300),
(15470, 2040, 0, 1, 377.715515, -3751.271484, 129.182053, 0.475261, 0, 0, 0, 0, 300, 300),
(15471, 2040, 0, 1, 343.248657, -3769.262939, 131.003677, 0.618341, 0, 0, 0, 0, 300, 300),
(15472, 2040, 0, 1, 331.792114, -3741.395508, 106.955125, 2.228090, 0, 0, 0, 0, 300, 300),
(15473, 2040, 0, 1, -416.976074, -3767.927002, 244.182739, 2.602422, 0, 0, 0, 0, 300, 300),
(15479, 2040, 0, 1, -419.540039, -3767.927002, 247.488312, -2.528519, 0, 0, 0, 0, 300, 300),
(15484, 2040, 0, 1, 382.412964, -3778.327881, 102.725227, -0.660528, 0, 0, 0, 0, 300, 300),
(15485, 2040, 0, 1, 321.455933, -3775.601074, 159.521896, 1.260028, 0, 0, 0, 0, 300, 300),
(15486, 2040, 0, 1, 420.615936, -3793.235107, 103.304497, 2.211927, 0, 0, 0, 0, 300, 300),
(15487, 2040, 0, 1, 959.891968, -3798.623047, 122.824409, -1.099733, 0, 0, 0, 0, 300, 300),
(15488, 2040, 0, 1, 198.384033, -3806.296875, 127.298317, 0.306257, 0, 0, 0, 0, 300, 300),
(15489, 2040, 0, 1, 195.819946, -3806.296875, 127.958969, -0.487917, 0, 0, 0, 0, 300, 300),
(15490, 2040, 0, 1, 395.812012, -3821.645020, 169.331879, 1.130709, 0, 0, 0, 0, 300, 300),
(15491, 2040, 0, 1, 757.335999, -3825.482178, 124.550583, 0.616813, 0, 0, 0, 0, 300, 300),
(15492, 2040, 0, 1, 872.716003, -3836.992920, 125.570122, 1.951841, 0, 0, 0, 0, 300, 300),
(15493, 2040, 0, 1, 347.096069, -3860.015137, 142.416580, -0.236936, 0, 0, 0, 0, 300, 300),
(15494, 2040, 0, 1, 413.760010, -3883.037109, 125.635422, 2.686458, 0, 0, 0, 0, 300, 300),
(15495, 2040, 0, 1, 585.548035, -3906.059082, 132.697876, 1.180776, 0, 0, 0, 0, 300, 300),
(15496, 2040, 0, 1, -16.992065, -3906.059082, 161.951950, 3.002066, 0, 0, 0, 0, 300, 300),
(15497, 2040, 0, 1, -665.683838, -3913.733154, 255.712051, -0.621619, 0, 0, 0, 0, 300, 300),
(15503, 2040, 0, 1, -391.335938, -3967.451172, 201.650238, -0.522187, 0, 0, 0, 0, 300, 300),
(15504, 2040, 0, 1, -393.900024, -3967.451172, 204.646301, -1.744410, 0, 0, 0, 0, 300, 300),
(15505, 2040, 0, 1, -181.088013, -3975.125000, 201.579620, -0.568208, 0, 0, 0, 0, 300, 300),
(15506, 2040, 0, 1, 344.531982, -4009.657959, 121.659706, -2.356327, 0, 0, 0, 0, 300, 300),
(15510, 2040, 0, 1, 349.660034, -4013.494873, 118.257065, 1.362802, 0, 0, 0, 0, 300, 300),
(15511, 2040, 0, 1, 1034.248047, -4021.169189, 128.032425, 1.662899, 0, 0, 0, 0, 300, 300),
(15512, 2040, 0, 1, -201.599976, -4036.516846, 170.925888, 0.593905, 0, 0, 0, 0, 300, 300),
(15513, 2040, 0, 1, 529.139954, -4040.354004, 131.879776, -1.783220, 0, 0, 0, 0, 300, 300),
(15514, 2040, 0, 1, 895.791992, -4048.028076, 113.371353, -2.204331, 0, 0, 0, 0, 300, 300),
(15515, 2040, 0, 1, 1067.579956, -4059.539062, 136.212402, 1.130274, 0, 0, 0, 0, 300, 300),
(15516, 2040, 0, 1, 1072.708008, -4063.375977, 136.501297, -2.998156, 0, 0, 0, 0, 300, 300),
(15517, 2040, 0, 1, 124.027954, -4074.887207, 137.202133, -0.086054, 0, 0, 0, 0, 300, 300),
(15518, 2040, 0, 1, -670.812012, -4078.724121, 243.992355, 1.830278, 0, 0, 0, 0, 300, 300),
(15519, 2040, 0, 1, -311.852051, -4101.746094, 148.682785, 2.455572, 0, 0, 0, 0, 300, 300),
(15520, 2040, 0, 1, -316.979980, -4101.746094, 152.470474, -1.594593, 0, 0, 0, 0, 300, 300),
(15521, 2040, 0, 1, -127.244019, -4151.626953, 120.482796, -2.240927, 0, 0, 0, 0, 300, 300),
(15522, 2040, 0, 1, 1093.219971, -4159.300781, 162.054657, 2.268243, 0, 0, 0, 0, 300, 300),
(15523, 2040, 0, 1, 488.115967, -4182.323242, 135.120895, 0.952917, 0, 0, 0, 0, 300, 300),
(15524, 2040, 0, 1, 44.543945, -4182.323242, 121.158653, -2.780652, 0, 0, 0, 0, 300, 300),
(15525, 2040, 0, 1, 39.416016, -4186.160156, 116.577629, 2.260433, 0, 0, 0, 0, 300, 300),
(15526, 2040, 0, 1, 957.328003, -4197.670898, 137.012863, -3.114189, 0, 0, 0, 0, 300, 300),
(15527, 2040, 0, 1, -509.279907, -4197.670898, 215.860794, 0.853917, 0, 0, 0, 0, 300, 300),
(15528, 2040, 0, 1, -455.436035, -4201.507812, 195.590210, -0.921864, 0, 0, 0, 0, 300, 300),
(15529, 2040, 0, 1, -452.872070, -4205.344727, 196.077118, 1.032680, 0, 0, 0, 0, 300, 300),
(15530, 2040, 0, 1, 580.419983, -4213.018555, 137.529587, -1.131674, 0, 0, 0, 0, 300, 300),
(15531, 2040, 0, 1, -388.771973, -4220.693359, 174.958572, 0.877031, 0, 0, 0, 0, 300, 300),
(15532, 2040, 0, 1, -186.215942, -4236.041016, 137.063583, 0.729155, 0, 0, 0, 0, 300, 300),
(15533, 2040, 0, 1, -188.779907, -4239.877930, 137.081161, 0.429294, 0, 0, 0, 0, 300, 300),
(15534, 2040, 0, 1, 1152.192017, -4247.551758, 235.914734, -2.485593, 0, 0, 0, 0, 300, 300),
(15535, 2040, 0, 1, 770.156006, -4259.062988, 136.767960, -2.049025, 0, 0, 0, 0, 300, 300),
(15536, 2040, 0, 1, 124.027954, -4347.313965, 120.290085, 0.360699, 0, 0, 0, 0, 300, 300),
(15537, 2040, 0, 1, -240.060059, -4362.662109, 106.688263, -1.906875, 0, 0, 0, 0, 300, 300),
(15538, 2040, 0, 1, -775.936035, -4412.542969, 28.494453, -2.571420, 0, 0, 0, 0, 300, 300),
(15539, 2040, 0, 1, -232.368042, -4431.728027, 22.288961, -0.941224, 0, 0, 0, 0, 300, 300),
(15540, 2040, 0, 1, -441.748993, -4444.381836, 44.421490, -1.395156, 0, 0, 0, 0, 300, 300),
(15541, 2040, 0, 1, 3.520020, -4462.423828, 161.527176, 3.014165, 0, 0, 0, 0, 300, 300),
(15542, 2040, 0, 1, -63.144043, -4543.000977, 14.630848, 0.693652, 0, 0, 0, 0, 300, 300),
(15543, 2040, 0, 1, 231.715942, -4596.718750, 110.335182, -3.127003, 0, 0, 0, 0, 300, 300),
(15544, 2040, 0, 1, -434.923950, -4627.415039, -10.204357, -2.146255, 0, 0, 0, 0, 300, 300),
(15545, 2040, 0, 1, -160.576050, -4635.088867, 3.544720, -1.696755, 0, 0, 0, 0, 300, 300),
(15546, 2040, 0, 1, -163.140015, -4635.088867, 2.308244, 0.699793, 0, 0, 0, 0, 300, 300),
(15547, 2040, 0, 1, 389.212250, -4683.332031, 11.929689, 2.277829, 0, 0, 0, 0, 300, 300),
(15548, 2040, 0, 1, 375.299927, -4673.458984, 17.841043, 2.746951, 0, 0, 0, 0, 300, 300),
(15549, 2040, 0, 1, -622.095947, -4750.199219, -25.644777, 0.574081, 0, 0, 0, 0, 300, 300),
(15550, 2040, 0, 1, -624.659912, -4750.199219, -25.397125, 2.403562, 0, 0, 0, 0, 300, 300),
(15551, 2040, 0, 1, 172.744019, -4757.873047, -6.499732, 1.092976, 0, 0, 0, 0, 300, 300),
(15552, 2040, 0, 1, 170.180054, -4757.873047, -6.262520, 0.197212, 0, 0, 0, 0, 300, 300),
(15553, 324, 0, 1, -224.675903, -3602.936035, 232.368759, 1.840011, 0, 0, 0, 0, 300, 300), -- small thorium vein
(15554, 324, 0, 1, -258.276001, -3673.159912, 241.412003, -0.238972, 0, 0, 0, 0, 300, 300),
(15555, 324, 0, 1, -668.800537, -3665.430664, 232.493637, 1.220891, 0, 0, 0, 0, 300, 300),
(15556, 324, 0, 1, -702.389282, -3694.277100, 234.263535, 0.988581, 0, 0, 0, 0, 300, 300),
(15557, 324, 0, 1, -696.380798, -3668.928955, 234.005264, -1.099694, 0, 0, 0, 0, 300, 300),
(15558, 324, 0, 1, -272.363617, -3694.696533, 238.967300, 0.766040, 0, 0, 0, 0, 300, 300),
(15559, 324, 0, 1, -263.433136, -3697.633057, 239.764984, -2.342087, 0, 0, 0, 0, 300, 300),
(15560, 324, 0, 1, -602.485107, -3748.452393, 234.539642, 1.934883, 0, 0, 0, 0, 300, 300),
(15561, 324, 0, 1, -288.776001, -3748.741943, -200000.000000, 2.696869, 0, 0, 0, 0, 300, 300),
(15562, 324, 0, 1, -291.339966, -3752.578857, 237.998749, 1.232937, 0, 0, 0, 0, 300, 300),
(15563, 324, 0, 1, -716.534668, -3788.386719, 228.206940, -1.811724, 0, 0, 0, 0, 300, 300),
(15564, 324, 0, 1, -674.713867, -3810.170410, 223.492004, -2.535839, 0, 0, 0, 0, 300, 300),
(15565, 324, 0, 1, -155.448120, -4071.049805, 126.004433, 0.320121, 0, 0, 0, 0, 300, 300),
(15566, 324, 0, 1, 406.067993, -4086.397949, 116.112335, 0.421239, 0, 0, 0, 0, 300, 300),
(15567, 324, 0, 1, 406.067993, -4090.234863, 116.446693, 0.994089, 0, 0, 0, 0, 300, 300),
(15568, 324, 0, 1, 121.463989, -4136.279297, 158.507996, -2.435361, 0, 0, 0, 0, 300, 300),
(15569, 324, 0, 1, 118.900024, -4136.279297, 160.319473, 3.048489, 0, 0, 0, 0, 300, 300),
(15570, 324, 0, 1, -119.551880, -4358.825195, 145.043793, -0.997887, 0, 0, 0, 0, 300, 300),
(15571, 324, 0, 1, 106.080078, -4558.349121, 132.776672, 2.983424, 0, 0, 0, 0, 300, 300),
-- Tirisfal Glades:
(15572, 1731, 0, 1, 2420.830078, 1759.770020, 36.900700, -1.044535, 0, 0, 0, 0, 300, 300), -- copper vein
(15573, 1731, 0, 1, 2559.335938, 1692.045044, 7.602638, 1.939540, 0, 0, 0, 0, 300, 300),
(15574, 1731, 0, 1, 2556.324951, 1687.529907, 7.286191, -1.407930, 0, 0, 0, 0, 300, 300),
(15575, 1731, 0, 1, 2465.995117, 1646.894897, 17.416077, -1.405038, 0, 0, 0, 0, 300, 300),
(15576, 1731, 0, 1, 2246.191895, 1520.474976, 52.486046, 1.345878, 0, 0, 0, 0, 300, 300),
(15577, 1731, 0, 1, 2490.083008, 1484.354980, 8.020823, -0.796622, 0, 0, 0, 0, 300, 300),
(15578, 1731, 0, 1, 2414.808105, 1470.810059, 39.054707, 1.425943, 0, 0, 0, 0, 300, 300),
(15579, 1731, 0, 1, 2622.566895, 1452.750000, -5.247268, 0.462903, 0, 0, 0, 0, 300, 300),
(15580, 1731, 0, 1, 2733.974121, 1412.114990, 3.578538, -1.549916, 0, 0, 0, 0, 300, 300),
(15581, 1731, 0, 1, 2643.644043, 1353.419922, 6.137963, 2.560476, 0, 0, 0, 0, 300, 300),
(15582, 1731, 0, 1, 2706.875000, 1339.875000, 38.763313, -3.084406, 0, 0, 0, 0, 300, 300),
(15583, 1731, 0, 1, 2246.191895, 1330.844971, 36.800224, -0.467000, 0, 0, 0, 0, 300, 300),
(15584, 1731, 0, 1, 2228.125977, 1285.695068, 49.454403, -1.705950, 0, 0, 0, 0, 300, 300),
(15585, 1731, 0, 1, 2715.907959, 1263.119995, 44.155888, 1.868483, 0, 0, 0, 0, 300, 300),
(15586, 1731, 0, 1, 2116.719238, 1213.454956, 48.323643, -2.288276, 0, 0, 0, 0, 300, 300),
(15587, 1731, 0, 1, 2652.677002, 1195.395020, 75.204178, 0.756236, 0, 0, 0, 0, 300, 300),
(15588, 1731, 0, 1, 1746.365967, 1163.790039, 74.233986, -0.999102, 0, 0, 0, 0, 300, 300),
(15589, 1731, 0, 1, 2965.821045, 1132.184937, 84.022072, 0.947866, 0, 0, 0, 0, 300, 300),
(15590, 1731, 0, 1, 1842.718018, 1132.184937, 32.608490, -0.145826, 0, 0, 0, 0, 300, 300),
(15591, 1731, 0, 1, 1731.311035, 1118.640015, 82.070488, 3.064160, 0, 0, 0, 0, 300, 300),
(15592, 1731, 0, 1, 1731.311035, 1114.125000, 81.737167, -0.516323, 0, 0, 0, 0, 300, 300),
(15593, 1731, 0, 1, 2887.535156, 1105.095093, 114.454315, 1.052207, 0, 0, 0, 0, 300, 300),
(15594, 1731, 0, 1, 2758.062012, 1078.005005, 109.705482, -0.230200, 0, 0, 0, 0, 300, 300),
(15595, 1731, 0, 1, 1905.949097, 1078.005005, 29.377630, 0.017466, 0, 0, 0, 0, 300, 300),
(15596, 1731, 0, 1, 2670.743164, 1073.490112, 115.667137, -0.413058, 0, 0, 0, 0, 300, 300),
(15597, 1731, 0, 1, 2670.743164, 1068.974976, 115.875412, 1.337885, 0, 0, 0, 0, 300, 300),
(15598, 1731, 0, 1, 1731.311035, 992.220093, 56.875240, -1.007164, 0, 0, 0, 0, 300, 300),
(15599, 1731, 0, 1, 1887.882935, 983.189941, 29.626249, -0.257763, 0, 0, 0, 0, 300, 300),
(15600, 1731, 0, 1, 1887.882935, 978.675049, 28.997604, 2.633821, 0, 0, 0, 0, 300, 300),
(15601, 1731, 0, 1, 3001.952881, 897.405029, 102.764648, -2.419363, 0, 0, 0, 0, 300, 300),
(15602, 1731, 0, 1, 1731.311035, 897.405029, 59.412552, -1.773490, 0, 0, 0, 0, 300, 300),
(15603, 1731, 0, 1, 1791.530884, 883.859863, 33.105427, -0.380567, 0, 0, 0, 0, 300, 300),
(15604, 1731, 0, 1, 2408.786133, 847.739990, 61.396435, -0.350036, 0, 0, 0, 0, 300, 300),
(15605, 1731, 0, 1, 2450.939941, 838.709961, 84.208572, 2.150889, 0, 0, 0, 0, 300, 300),
(15606, 1731, 0, 1, 2520.192871, 834.195068, 103.813484, -0.396130, 0, 0, 0, 0, 300, 300),
(15607, 1731, 0, 1, 1725.289062, 811.619873, 71.730469, 1.099840, 0, 0, 0, 0, 300, 300),
(15608, 1731, 0, 1, 2658.698975, 807.104980, 112.037048, 0.168365, 0, 0, 0, 0, 300, 300),
(15609, 1731, 0, 1, 2372.654053, 807.104980, 48.065815, -1.243458, 0, 0, 0, 0, 300, 300),
(15610, 1731, 0, 1, 3020.019043, 793.560059, 85.969521, -0.557546, 0, 0, 0, 0, 300, 300),
(15611, 1731, 0, 1, 1845.729004, 775.500000, 32.026646, 1.883159, 0, 0, 0, 0, 300, 300),
(15612, 1731, 0, 1, 1704.211914, 770.985107, 68.932800, -0.697262, 0, 0, 0, 0, 300, 300),
(15613, 1731, 0, 1, 2782.149902, 761.954834, 122.814606, 2.057000, 0, 0, 0, 0, 300, 300),
(15614, 1731, 0, 1, 2472.017090, 757.439941, 53.919762, 2.286376, 0, 0, 0, 0, 300, 300),
(15615, 1731, 0, 1, 2472.017090, 752.925049, 55.616817, 0.042608, 0, 0, 0, 0, 300, 300),
(15616, 1731, 0, 1, 2806.238037, 743.894775, 139.166473, -1.820811, 0, 0, 0, 0, 300, 300),
(15617, 1731, 0, 1, 2505.137939, 743.894775, 120.645126, 1.468261, 0, 0, 0, 0, 300, 300),
(15618, 1731, 0, 1, 3017.007812, 712.290039, 100.223831, -1.631868, 0, 0, 0, 0, 300, 300),
(15619, 1731, 0, 1, 3017.007812, 707.775146, 100.030090, 0.104197, 0, 0, 0, 0, 300, 300),
(15620, 1731, 0, 1, 2444.917969, 676.169922, 34.464569, 0.625476, 0, 0, 0, 0, 300, 300),
(15621, 1731, 0, 1, 2625.578125, 667.140137, 28.238863, -1.286652, 0, 0, 0, 0, 300, 300),
(15622, 1731, 0, 1, 2270.280029, 649.080078, 25.069527, 1.715221, 0, 0, 0, 0, 300, 300),
(15623, 1731, 0, 1, 2571.379883, 644.565186, 34.520657, 0.292324, 0, 0, 0, 0, 300, 300),
(15624, 1731, 0, 1, 3041.095947, 621.989990, 97.869049, -0.875491, 0, 0, 0, 0, 300, 300),
(15625, 1731, 0, 1, 3038.084961, 621.989990, 96.371490, -0.860624, 0, 0, 0, 0, 300, 300),
(15626, 1731, 0, 1, 2869.468994, 621.989990, 119.767128, 0.472124, 0, 0, 0, 0, 300, 300),
(15627, 1731, 0, 1, 2869.468994, 617.474854, 117.358147, 1.827000, 0, 0, 0, 0, 300, 300),
(15628, 1731, 0, 1, 2219.093018, 617.474854, 25.669533, 1.093105, 0, 0, 0, 0, 300, 300),
(15629, 1731, 0, 1, 2484.061035, 585.870117, 33.247738, 0.571792, 0, 0, 0, 0, 300, 300),
(15630, 1731, 0, 1, 2694.831055, 581.354980, 15.925875, 0.541211, 0, 0, 0, 0, 300, 300),
(15631, 1731, 0, 1, 2399.752930, 576.839844, 36.225983, -0.787332, 0, 0, 0, 0, 300, 300),
(15634, 1731, 0, 1, 2396.742188, 572.324951, 38.095119, -1.425170, 0, 0, 0, 0, 300, 300),
(15635, 1731, 0, 1, 2613.534180, 567.810059, 20.204062, 2.110780, 0, 0, 0, 0, 300, 300),
(15636, 1731, 0, 1, 2210.060059, 554.264893, 33.550663, -2.862523, 0, 0, 0, 0, 300, 300),
(15637, 1731, 0, 1, 2896.567871, 545.235107, 96.058090, -2.167830, 0, 0, 0, 0, 300, 300),
(15638, 1731, 0, 1, 2526.214844, 545.235107, 19.799911, -1.575303, 0, 0, 0, 0, 300, 300),
(15639, 1731, 0, 1, 2529.226074, 540.719971, 16.069805, -0.567374, 0, 0, 0, 0, 300, 300),
(15640, 1731, 0, 1, 2691.820068, 509.114990, 20.374344, -1.250614, 0, 0, 0, 0, 300, 300),
(15641, 1731, 0, 1, 2782.149902, 504.600098, 28.785980, 0.044094, 0, 0, 0, 0, 300, 300),
(15642, 1731, 0, 1, 2478.039062, 486.540039, 45.036777, 0.825001, 0, 0, 0, 0, 300, 300),
(15643, 1731, 0, 1, 2472.017090, 482.024902, 45.054043, -1.654527, 0, 0, 0, 0, 300, 300),
(15644, 1731, 0, 1, 2842.369873, 468.479980, 20.613653, -1.368986, 0, 0, 0, 0, 300, 300),
(15645, 1731, 0, 1, 3059.162109, 463.965088, 12.530700, -2.466413, 0, 0, 0, 0, 300, 300),
(15646, 1731, 0, 1, 2923.666992, 445.905029, 36.533531, -0.431144, 0, 0, 0, 0, 300, 300),
(15647, 1731, 0, 1, 2517.182129, 432.360107, 28.263002, -0.309347, 0, 0, 0, 0, 300, 300),
(15648, 1731, 0, 1, 2953.776855, 414.300049, 39.079231, -1.841282, 0, 0, 0, 0, 300, 300),
(15649, 1731, 0, 1, 2914.634033, 319.484863, 25.939922, 0.236050, 0, 0, 0, 0, 300, 300),
(15650, 1731, 0, 1, 2438.895996, 269.820068, 28.332602, 1.350050, 0, 0, 0, 0, 300, 300),
(15651, 1731, 0, 1, 3020.019043, 161.460205, -3.387117, -2.126403, 0, 0, 0, 0, 300, 300),
(15652, 1731, 0, 1, 2475.028076, 57.614990, 12.461175, -2.049174, 0, 0, 0, 0, 300, 300),
(15653, 1731, 0, 1, 2508.148926, -59.774902, 24.642658, -2.967345, 0, 0, 0, 0, 300, 300),
(15654, 1731, 0, 1, 2198.015869, -64.290039, 33.828640, -0.091463, 0, 0, 0, 0, 300, 300),
(15655, 1731, 0, 1, 2598.479004, -95.895020, 26.978050, 2.793125, 0, 0, 0, 0, 300, 300),
(15656, 1731, 0, 1, 2550.303223, -113.955078, 26.714245, -2.418262, 0, 0, 0, 0, 300, 300),
(15657, 1731, 0, 1, 1815.619019, -141.044922, 50.703053, 1.412865, 0, 0, 0, 0, 300, 300),
(15658, 1731, 0, 1, 1659.047119, -276.494873, 57.646309, -1.594872, 0, 0, 0, 0, 300, 300),
(15659, 1731, 0, 1, 1779.486816, -285.525146, 42.848457, 0.266269, 0, 0, 0, 0, 300, 300),
(15660, 1731, 0, 1, 2586.435059, -303.585205, 67.950806, -0.325353, 0, 0, 0, 0, 300, 300),
(15661, 1731, 0, 1, 2137.795898, -312.614990, 56.844849, 1.849752, 0, 0, 0, 0, 300, 300),
(15662, 1731, 0, 1, 2134.785156, -312.614990, 56.408276, 1.913308, 0, 0, 0, 0, 300, 300),
(15663, 1731, 0, 1, 2098.652832, -317.129883, 50.331570, -0.304109, 0, 0, 0, 0, 300, 300),
(15664, 1731, 0, 1, 2884.523926, -321.644775, 59.849598, -2.743705, 0, 0, 0, 0, 300, 300),
(15665, 1731, 0, 1, 2222.104004, -326.160156, 68.009491, 2.744212, 0, 0, 0, 0, 300, 300),
(15666, 1731, 0, 1, 2228.125977, -330.675049, 73.335625, 1.484735, 0, 0, 0, 0, 300, 300),
(15667, 1731, 0, 1, 2222.104004, -330.675049, 70.820984, -3.071487, 0, 0, 0, 0, 300, 300),
(15668, 1731, 0, 1, 2968.832031, -344.220215, 24.847368, 2.632526, 0, 0, 0, 0, 300, 300),
(15669, 1731, 0, 1, 2508.148926, -371.310059, 83.114090, -3.023275, 0, 0, 0, 0, 300, 300),
(15670, 1731, 0, 1, 1589.793945, -371.310059, 62.443989, 1.828849, 0, 0, 0, 0, 300, 300),
(15671, 1731, 0, 1, 2508.148926, -375.824951, 84.014641, -0.174938, 0, 0, 0, 0, 300, 300),
(15674, 1731, 0, 1, 2746.018066, -380.339844, 85.187004, 3.135529, 0, 0, 0, 0, 300, 300),
(15675, 1731, 0, 1, 2896.567871, -398.399902, 86.662056, -1.402906, 0, 0, 0, 0, 300, 300),
(15676, 1731, 0, 1, 2378.676025, -420.974854, 71.691811, -1.952409, 0, 0, 0, 0, 300, 300),
(15677, 1731, 0, 1, 2083.597900, -420.974854, 42.915569, 2.854380, 0, 0, 0, 0, 300, 300),
(15678, 1731, 0, 1, 2375.665039, -425.489990, 74.069168, 0.219912, 0, 0, 0, 0, 300, 300),
(15679, 1731, 0, 1, 3044.106934, -434.520020, 6.845526, 0.583301, 0, 0, 0, 0, 300, 300),
(15680, 1731, 0, 1, 2137.795898, -452.580078, 74.578316, 0.300921, 0, 0, 0, 0, 300, 300),
(15681, 1731, 0, 1, 2134.785156, -452.580078, 74.612617, -2.981896, 0, 0, 0, 0, 300, 300),
(15682, 1731, 0, 1, 2848.392090, -457.094971, 78.881157, -0.636701, 0, 0, 0, 0, 300, 300),
(15689, 1731, 0, 1, 2983.886963, -470.640137, 81.530151, -1.249288, 0, 0, 0, 0, 300, 300),
(15690, 1731, 0, 1, 2472.017090, -470.640137, 78.733482, 2.787500, 0, 0, 0, 0, 300, 300),
(15691, 1731, 0, 1, 2863.447021, -493.215088, 100.294586, 0.468020, 0, 0, 0, 0, 300, 300),
(15692, 1731, 0, 1, 2857.425049, -497.729980, 104.063789, -2.676800, 0, 0, 0, 0, 300, 300),
(15693, 1731, 0, 1, 2195.004883, -497.729980, 85.511963, -0.606355, 0, 0, 0, 0, 300, 300),
(15694, 1731, 0, 1, 2610.522949, -502.244873, 92.529762, 2.434874, 0, 0, 0, 0, 300, 300),
(15695, 1731, 0, 1, 2968.832031, -515.790039, 108.343445, 2.416245, 0, 0, 0, 0, 300, 300),
(15696, 1731, 0, 1, 2712.896973, -538.364990, 104.590462, 0.360545, 0, 0, 0, 0, 300, 300),
(15697, 1731, 0, 1, 1619.904053, -560.939941, 54.331085, 0.348731, 0, 0, 0, 0, 300, 300),
(15698, 1731, 0, 1, 2980.875977, -565.455078, 117.411011, -3.040209, 0, 0, 0, 0, 300, 300),
(15699, 1731, 0, 1, 2523.204102, -583.514893, 84.974998, 1.835993, 0, 0, 0, 0, 300, 300),
(15704, 1731, 0, 1, 2107.686035, -588.030029, 64.903870, -2.631635, 0, 0, 0, 0, 300, 300),
(15705, 1731, 0, 1, 2104.675049, -588.030029, 64.706978, -1.504550, 0, 0, 0, 0, 300, 300),
(15706, 1731, 0, 1, 2020.367065, -624.149902, 65.547249, -0.992250, 0, 0, 0, 0, 300, 300),
(15707, 1731, 0, 1, 2372.654053, -628.665039, 67.473663, 0.854624, 0, 0, 0, 0, 300, 300),
(15708, 1731, 0, 1, 2249.203125, -633.179932, 85.140549, 1.780110, 0, 0, 0, 0, 300, 300),
(15709, 1731, 0, 1, 2637.622070, -655.754883, 108.374084, -2.327753, 0, 0, 0, 0, 300, 300),
(15710, 1731, 0, 1, 2116.719238, -660.270020, 81.696571, 2.555436, 0, 0, 0, 0, 300, 300),
(15711, 1731, 0, 1, 2589.446045, -669.300049, 81.198761, 1.257401, 0, 0, 0, 0, 300, 300),
(15712, 1731, 0, 1, 2586.435059, -669.300049, 80.018974, 2.466508, 0, 0, 0, 0, 300, 300),
(15713, 1731, 0, 1, 1890.893921, -678.330078, 49.759361, -0.226096, 0, 0, 0, 0, 300, 300),
(15714, 1731, 0, 1, 1634.958984, -682.844971, 47.046585, -3.096415, 0, 0, 0, 0, 300, 300),
(15715, 1731, 0, 1, 1571.728027, -682.844971, 54.689682, -1.847184, 0, 0, 0, 0, 300, 300),
(15716, 1731, 0, 1, 2890.545898, -709.935059, 140.269379, -1.709396, 0, 0, 0, 0, 300, 300),
(15717, 1731, 0, 1, 1779.486816, -741.540039, 59.593410, -0.403924, 0, 0, 0, 0, 300, 300),
(15718, 1731, 0, 1, 2673.753906, -768.630127, 89.734558, -2.313605, 0, 0, 0, 0, 300, 300),
(15743, 1731, 0, 1, 1905.949097, -800.234863, 68.725517, -1.660905, 0, 0, 0, 0, 300, 300),
(15744, 1731, 0, 1, 2155.861816, -809.265137, 87.400078, 1.784822, 0, 0, 0, 0, 300, 300),
(15747, 1731, 0, 1, 2782.149902, -827.325195, 156.113052, -2.215879, 0, 0, 0, 0, 300, 300),
(15753, 1731, 0, 1, 2104.675049, -827.325195, 113.448135, -1.272639, 0, 0, 0, 0, 300, 300),
(15763, 1731, 0, 1, 2697.842041, -845.385010, 85.421890, 1.665626, 0, 0, 0, 0, 300, 300),
(15764, 1731, 0, 1, 2161.884033, -886.019775, 90.464905, -2.550977, 0, 0, 0, 0, 300, 300),
(15765, 1731, 0, 1, 2718.918945, -926.654785, 80.567627, -0.294234, 0, 0, 0, 0, 300, 300),
(15766, 1731, 0, 1, 2285.334961, -1080.165039, 83.234238, 0.697556, 0, 0, 0, 0, 300, 300),
-- Western Plaguelands:
(15771, 1734, 0, 1, 1483.694946, -864.612061, 78.424446, 0.263524, 0, 0, 0, 0, 300, 300), -- gold vein
(15772, 1734, 0, 1, 1320.390015, -898.963989, 73.377609, 2.081121, 0, 0, 0, 0, 300, 300),
(15773, 1734, 0, 1, 1228.709961, -997.725952, 98.234718, 1.706371, 0, 0, 0, 0, 300, 300),
(15774, 1734, 0, 1, 1437.855103, -1002.020020, 80.308029, 0.021018, 0, 0, 0, 0, 300, 300),
(15775, 1734, 0, 1, 1684.244995, -1006.313965, 77.755417, -1.501341, 0, 0, 0, 0, 300, 300),
(15776, 1734, 0, 1, 1830.359985, -1032.078003, 84.327423, 2.817856, 0, 0, 0, 0, 300, 300),
(15777, 1734, 0, 1, 1884.794922, -1053.547974, 79.368515, -1.838875, 0, 0, 0, 0, 300, 300),
(15778, 1734, 0, 1, 1085.459961, -1079.312012, 98.563416, 2.501302, 0, 0, 0, 0, 300, 300),
(15779, 1734, 0, 1, 1406.339966, -1100.781982, 71.340919, 1.261122, 0, 0, 0, 0, 300, 300),
(15787, 1734, 0, 1, 1403.474976, -1100.781982, 71.947388, -1.669982, 0, 0, 0, 0, 300, 300),
(16037, 1734, 0, 1, 1432.125000, -1221.014038, 67.243515, 0.214415, 0, 0, 0, 0, 300, 300),
(16129, 1734, 0, 1, 993.780029, -1238.189941, 71.219444, -1.184034, 0, 0, 0, 0, 300, 300),
(16141, 1734, 0, 1, 1265.955078, -1298.305908, 73.644836, 1.140611, 0, 0, 0, 0, 300, 300),
(16171, 1734, 0, 1, 1967.880005, -1311.187988, 75.780823, -1.069194, 0, 0, 0, 0, 300, 300),
(16183, 1734, 0, 1, 1495.155029, -1349.834106, 63.633728, 0.762026, 0, 0, 0, 0, 300, 300),
(16249, 1734, 0, 1, 2019.449951, -1405.656006, 95.456367, 2.829912, 0, 0, 0, 0, 300, 300),
(16261, 1734, 0, 1, 2019.449951, -1409.950073, 94.877945, -0.810304, 0, 0, 0, 0, 300, 300),
(16262, 1734, 0, 1, 1099.784912, -1478.654053, 82.099129, -1.256598, 0, 0, 0, 0, 300, 300),
(16263, 1734, 0, 1, 1575.375000, -1500.124023, 68.603020, -1.692972, 0, 0, 0, 0, 300, 300),
(16416, 1734, 0, 1, 1079.729980, -1646.119873, 68.628029, -1.376357, 0, 0, 0, 0, 300, 300),
(16417, 1734, 0, 1, 1182.869873, -1689.060059, 74.799156, 0.292630, 0, 0, 0, 0, 300, 300),
(16418, 1734, 0, 1, 1538.130005, -1697.647949, 77.498711, -0.106189, 0, 0, 0, 0, 300, 300),
(16419, 1734, 0, 1, 1386.285034, -1723.411865, 70.946503, 1.936843, 0, 0, 0, 0, 300, 300),
(16420, 1734, 0, 1, 1349.040039, -1779.233887, 74.997498, 0.244740, 0, 0, 0, 0, 300, 300),
(16421, 1734, 0, 1, 1237.305176, -1779.233887, 67.895866, 0.264317, 0, 0, 0, 0, 300, 300),
(16422, 1734, 0, 1, 1165.679932, -1865.114014, 72.465034, -2.078617, 0, 0, 0, 0, 300, 300),
(16423, 1734, 0, 1, 1328.984985, -1877.995850, 76.734009, 0.513523, 0, 0, 0, 0, 300, 300),
(16426, 1734, 0, 1, 1062.540039, -1955.287842, 68.473999, 2.808443, 0, 0, 0, 0, 300, 300),
(16438, 1734, 0, 1, 1059.675049, -1955.287842, 70.763512, -1.374938, 0, 0, 0, 0, 300, 300),
(16448, 1734, 0, 1, 1423.530029, -1972.463867, 69.249084, -1.494345, 0, 0, 0, 0, 300, 300),
(16449, 2047, 0, 1, 1483.694946, -864.612061, 78.424446, 1.214789, 0, 0, 0, 0, 300, 300), -- truesilver deposit
(16450, 2047, 0, 1, 1320.390015, -898.963989, 73.377609, 3.066653, 0, 0, 0, 0, 300, 300),
(16454, 2047, 0, 1, 1228.709961, -997.725952, 98.234718, 2.505086, 0, 0, 0, 0, 300, 300),
(16457, 2047, 0, 1, 1440.719971, -1002.020020, 79.265549, 2.099167, 0, 0, 0, 0, 300, 300),
(16463, 2047, 0, 1, 1681.380005, -1006.313965, 78.700432, 2.451785, 0, 0, 0, 0, 300, 300),
(16477, 2047, 0, 1, 1887.660034, -1053.547974, 79.403114, -0.962681, 0, 0, 0, 0, 300, 300),
(16478, 2047, 0, 1, 1085.459961, -1079.312012, 98.563416, 0.836872, 0, 0, 0, 0, 300, 300),
(16479, 2047, 0, 1, 1406.339966, -1100.781982, 71.340919, 1.241175, 0, 0, 0, 0, 300, 300),
(16482, 2047, 0, 1, 1403.474976, -1100.781982, 71.947388, -0.757849, 0, 0, 0, 0, 300, 300),
(16504, 2047, 0, 1, 1432.125000, -1221.014038, 67.243515, -0.426562, 0, 0, 0, 0, 300, 300),
(16527, 2047, 0, 1, 993.780029, -1238.189941, 71.219444, 0.860239, 0, 0, 0, 0, 300, 300),
(16547, 2047, 0, 1, 1265.955078, -1298.305908, 73.644836, -0.490980, 0, 0, 0, 0, 300, 300),
(16548, 2047, 0, 1, 1970.744995, -1311.187988, 76.207214, -0.136981, 0, 0, 0, 0, 300, 300),
(16549, 2047, 0, 1, 2956.304932, -1341.246094, 151.268478, 0.241355, 0, 0, 0, 0, 300, 300),
(16550, 2047, 0, 1, 1495.155029, -1349.834106, 63.633728, 1.795875, 0, 0, 0, 0, 300, 300),
(16551, 2047, 0, 1, 2781.540039, -1388.479980, 151.777145, -1.121215, 0, 0, 0, 0, 300, 300),
(16552, 2047, 0, 1, 2019.449951, -1409.950073, 94.877945, 0.956868, 0, 0, 0, 0, 300, 300),
(16553, 2047, 0, 1, 2409.090088, -1452.890015, 109.944786, -2.805249, 0, 0, 0, 0, 300, 300),
(16554, 2047, 0, 1, 1102.649902, -1478.654053, 82.044952, -2.105102, 0, 0, 0, 0, 300, 300),
(16555, 2047, 0, 1, 2145.510010, -1500.124023, 73.152451, -0.459226, 0, 0, 0, 0, 300, 300),
(16556, 2047, 0, 1, 1572.510010, -1500.124023, 68.969032, 1.184990, 0, 0, 0, 0, 300, 300),
(16562, 2047, 0, 1, 3047.984863, -1521.593994, 163.297760, -2.444252, 0, 0, 0, 0, 300, 300),
(16563, 2047, 0, 1, 3073.710693, -1533.768677, 150.542160, -0.960523, 0, 0, 0, 0, 300, 300),
(16564, 2047, 0, 1, 3053.715088, -1547.357910, 149.687134, -3.056504, 0, 0, 0, 0, 300, 300),
(16565, 2047, 0, 1, 2268.705078, -1616.062012, 99.278679, 2.185687, 0, 0, 0, 0, 300, 300),
(16574, 2047, 0, 1, 1082.594971, -1641.825928, 67.985931, 2.537699, 0, 0, 0, 0, 300, 300),
(16577, 2047, 0, 1, 2979.225098, -1659.001953, 151.585632, 1.861331, 0, 0, 0, 0, 300, 300),
(16578, 2047, 0, 1, 2775.810059, -1671.884033, 133.696915, 1.973886, 0, 0, 0, 0, 300, 300),
(16579, 2047, 0, 1, 1182.869873, -1689.060059, 74.799156, 1.880240, 0, 0, 0, 0, 300, 300),
(16580, 2047, 0, 1, 2208.540039, -1714.823975, 83.056107, -1.663972, 0, 0, 0, 0, 300, 300),
(16581, 2047, 0, 1, 1386.285034, -1723.411865, 70.946503, 0.521458, 0, 0, 0, 0, 300, 300),
(16582, 2047, 0, 1, 2658.344971, -1740.587891, 116.305504, 0.760983, 0, 0, 0, 0, 300, 300),
(16583, 2047, 0, 1, 1240.170166, -1779.233887, 68.330475, 0.317544, 0, 0, 0, 0, 300, 300),
(16584, 2047, 0, 1, 1707.165039, -1813.585938, 79.053238, 2.770562, 0, 0, 0, 0, 300, 300),
(16585, 2047, 0, 1, 2738.564941, -1856.525879, 73.460152, -0.961134, 0, 0, 0, 0, 300, 300),
(16588, 2047, 0, 1, 1165.679932, -1865.114014, 72.465034, 1.936054, 0, 0, 0, 0, 300, 300),
(16591, 2047, 0, 1, 2188.484863, -1869.407959, 70.506653, -1.169936, 0, 0, 0, 0, 300, 300),
(16592, 2047, 0, 1, 2575.260010, -1873.701904, 111.727722, 1.998335, 0, 0, 0, 0, 300, 300),
(16595, 2047, 0, 1, 1861.875122, -1912.347900, 96.648659, -1.694906, 0, 0, 0, 0, 300, 300),
(16596, 2047, 0, 1, 2328.870117, -1933.817871, 113.872772, 1.980379, 0, 0, 0, 0, 300, 300),
(16597, 2047, 0, 1, 1632.674927, -1955.287842, 71.955025, -2.551420, 0, 0, 0, 0, 300, 300),
(16601, 2047, 0, 1, 1062.540039, -1955.287842, 68.473999, -2.014588, 0, 0, 0, 0, 300, 300),
(16602, 2047, 0, 1, 1059.675049, -1955.287842, 70.763512, -0.210426, 0, 0, 0, 0, 300, 300),
(16603, 2047, 0, 1, 1910.579956, -2139.930176, 74.513870, 1.914150, 0, 0, 0, 0, 300, 300),
(16604, 2047, 0, 1, 1595.430054, -2212.927979, 62.217068, -2.705281, 0, 0, 0, 0, 300, 300),
(16613, 2047, 0, 1, 2285.895020, -2225.810059, 56.771595, -1.718146, 0, 0, 0, 0, 300, 300),
(16614, 2047, 0, 1, 2411.955078, -2238.691895, 52.832188, 0.198074, 0, 0, 0, 0, 300, 300),
(16615, 2047, 0, 1, 2371.844971, -2268.750000, 48.251724, -2.488097, 0, 0, 0, 0, 300, 300),
(16616, 2047, 0, 1, 2093.939941, -2298.808105, 80.469864, -1.574754, 0, 0, 0, 0, 300, 300),
(16620, 2047, 0, 1, 2346.060059, -2315.983887, 47.517071, -0.928619, 0, 0, 0, 0, 300, 300),
(16621, 2047, 0, 1, 2283.030029, -2333.159912, 63.511051, -1.273425, 0, 0, 0, 0, 300, 300),
(16622, 2047, 0, 1, 2406.225098, -2346.041992, 53.452496, -2.591140, 0, 0, 0, 0, 300, 300),
(16623, 2047, 0, 1, 2265.839844, -2380.394043, 61.190559, 0.269816, 0, 0, 0, 0, 300, 300),
(16624, 2047, 0, 1, 1629.809937, -2384.687988, 74.466988, -2.985480, 0, 0, 0, 0, 300, 300),
(16625, 2047, 0, 1, 1816.035034, -2457.686035, 71.008995, -0.265779, 0, 0, 0, 0, 300, 300),
(16626, 2040, 0, 1, 1480.830078, -868.906006, 77.305405, -1.258671, 0, 0, 0, 0, 300, 300), -- mithril deposit
(16645, 2040, 0, 1, 1320.390015, -898.963989, 73.377609, -0.383733, 0, 0, 0, 0, 300, 300),
(16646, 2040, 0, 1, 1228.709961, -997.725952, 98.234718, -1.720294, 0, 0, 0, 0, 300, 300),
(16647, 2040, 0, 1, 1440.719971, -1002.020020, 79.265549, -2.635717, 0, 0, 0, 0, 300, 300),
(16650, 2040, 0, 1, 1681.380005, -1006.313965, 78.700432, -0.175691, 0, 0, 0, 0, 300, 300),
(16651, 2040, 0, 1, 1830.359985, -1027.783936, 85.366890, 3.029869, 0, 0, 0, 0, 300, 300),
(16652, 2040, 0, 1, 1884.794922, -1053.547974, 79.368515, 0.864048, 0, 0, 0, 0, 300, 300),
(16653, 2040, 0, 1, 1085.459961, -1079.312012, 98.563416, 1.463092, 0, 0, 0, 0, 300, 300),
(16654, 2040, 0, 1, 1406.339966, -1100.781982, 71.340919, 0.189415, 0, 0, 0, 0, 300, 300),
(16655, 2040, 0, 1, 1403.474976, -1100.781982, 71.947388, 1.328711, 0, 0, 0, 0, 300, 300),
(16656, 2040, 0, 1, 1434.989868, -1221.014038, 65.461052, -0.224501, 0, 0, 0, 0, 300, 300),
(16657, 2040, 0, 1, 1432.125000, -1221.014038, 67.243515, 1.179994, 0, 0, 0, 0, 300, 300),
(16658, 2040, 0, 1, 993.780029, -1233.895996, 71.112823, -0.300045, 0, 0, 0, 0, 300, 300),
(16659, 2040, 0, 1, 993.780029, -1238.189941, 71.219444, -0.323670, 0, 0, 0, 0, 300, 300),
(16660, 2040, 0, 1, 1265.955078, -1298.305908, 73.644836, -0.109679, 0, 0, 0, 0, 300, 300),
(16661, 2040, 0, 1, 1967.880005, -1311.187988, 75.780823, -1.651309, 0, 0, 0, 0, 300, 300),
(16662, 2040, 0, 1, 1495.155029, -1349.834106, 63.633728, 0.383539, 0, 0, 0, 0, 300, 300),
(16663, 2040, 0, 1, 1489.425049, -1349.834106, 62.654556, 0.239087, 0, 0, 0, 0, 300, 300),
(16676, 2040, 0, 1, 2019.449951, -1405.656006, 95.456367, 3.071329, 0, 0, 0, 0, 300, 300),
(16677, 2040, 0, 1, 2019.449951, -1409.950073, 94.877945, 2.413127, 0, 0, 0, 0, 300, 300),
(16678, 2040, 0, 1, 1099.784912, -1478.654053, 82.099129, 2.778020, 0, 0, 0, 0, 300, 300),
(16679, 2040, 0, 1, 1578.239990, -1500.124023, 68.905762, 0.146589, 0, 0, 0, 0, 300, 300),
(16680, 2040, 0, 1, 1572.510010, -1500.124023, 68.969032, 2.728777, 0, 0, 0, 0, 300, 300),
(16681, 2040, 0, 1, 1082.594971, -1641.825928, 67.985931, -0.092577, 0, 0, 0, 0, 300, 300),
(16682, 2040, 0, 1, 1182.869873, -1689.060059, 74.799156, -0.454866, 0, 0, 0, 0, 300, 300),
(16683, 2040, 0, 1, 1538.130005, -1697.647949, 77.498711, 1.650089, 0, 0, 0, 0, 300, 300),
(16684, 2040, 0, 1, 1386.285034, -1723.411865, 70.946503, -2.552325, 0, 0, 0, 0, 300, 300),
(16685, 2040, 0, 1, 1354.769897, -1779.233887, 76.869629, 1.266465, 0, 0, 0, 0, 300, 300),
(16686, 2040, 0, 1, 1240.170166, -1779.233887, 68.330475, 0.796824, 0, 0, 0, 0, 300, 300),
(16687, 2040, 0, 1, 1165.679932, -1865.114014, 72.465034, 0.132390, 0, 0, 0, 0, 300, 300),
(16688, 2040, 0, 1, 1326.119995, -1877.995850, 77.147911, 2.023257, 0, 0, 0, 0, 300, 300),
(16689, 2040, 0, 1, 1062.540039, -1955.287842, 68.473999, -1.947876, 0, 0, 0, 0, 300, 300),
(16690, 2040, 0, 1, 1059.675049, -1955.287842, 70.763512, -1.267644, 0, 0, 0, 0, 300, 300),
(16691, 2040, 0, 1, 1420.664917, -1968.169922, 69.401695, 1.590160, 0, 0, 0, 0, 300, 300),
(16692, 324, 0, 1, 2411.955078, -1448.595947, 109.482346, 1.090245, 0, 0, 0, 0, 300, 300), -- small thorium vein
(16693, 324, 0, 1, 2409.090088, -1452.890015, 109.944786, -2.843346, 0, 0, 0, 0, 300, 300),
(16694, 324, 0, 1, 2406.225098, -1452.890015, 108.625275, 2.392452, 0, 0, 0, 0, 300, 300),
(16695, 324, 0, 1, 2151.239990, -1500.124023, 72.482162, 1.861328, 0, 0, 0, 0, 300, 300),
(16696, 324, 0, 1, 2145.510010, -1500.124023, 73.152451, 2.837661, 0, 0, 0, 0, 300, 300),
(16697, 324, 0, 1, 2007.989990, -1504.417969, 82.132202, 3.039669, 0, 0, 0, 0, 300, 300),
(16698, 324, 0, 1, 2262.975098, -1611.768066, 96.712112, 1.653151, 0, 0, 0, 0, 300, 300),
(16699, 324, 0, 1, 2268.705078, -1616.062012, 99.278679, -2.075828, 0, 0, 0, 0, 300, 300),
(16700, 324, 0, 1, 2569.530029, -1620.356079, 95.777420, -1.345827, 0, 0, 0, 0, 300, 300),
(16701, 324, 0, 1, 2569.530029, -1624.650024, 95.201065, 1.630132, 0, 0, 0, 0, 300, 300),
(16702, 324, 0, 1, 2775.810059, -1667.590088, 135.764603, -2.845721, 0, 0, 0, 0, 300, 300),
(16703, 324, 0, 1, 2781.540039, -1671.884033, 135.585281, 1.808768, 0, 0, 0, 0, 300, 300),
(16704, 324, 0, 1, 2208.540039, -1714.823975, 83.056107, -0.956363, 0, 0, 0, 0, 300, 300),
(16707, 324, 0, 1, 2205.675049, -1719.117920, 81.661133, 2.829583, 0, 0, 0, 0, 300, 300),
(16708, 324, 0, 1, 2655.479980, -1740.587891, 115.588600, -1.333721, 0, 0, 0, 0, 300, 300),
(16709, 324, 0, 1, 2409.090088, -1753.469971, 103.838257, -2.879342, 0, 0, 0, 0, 300, 300),
(16717, 324, 0, 1, 2406.225098, -1757.763916, 104.802010, 2.447575, 0, 0, 0, 0, 300, 300),
(16724, 324, 0, 1, 1707.165039, -1813.585938, 79.053238, -0.546159, 0, 0, 0, 0, 300, 300),
(16725, 324, 0, 1, 2738.564941, -1856.525879, 73.460152, 1.367474, 0, 0, 0, 0, 300, 300),
(16726, 324, 0, 1, 2188.484863, -1869.407959, 70.506653, -2.125498, 0, 0, 0, 0, 300, 300),
(16727, 324, 0, 1, 2575.260010, -1873.701904, 111.727722, -0.731099, 0, 0, 0, 0, 300, 300),
(16728, 324, 0, 1, 1864.739990, -1912.347900, 95.107262, 0.204632, 0, 0, 0, 0, 300, 300),
(16729, 324, 0, 1, 1861.875122, -1912.347900, 96.648659, -1.773831, 0, 0, 0, 0, 300, 300),
(16730, 324, 0, 1, 2328.870117, -1933.817871, 113.872772, 0.404711, 0, 0, 0, 0, 300, 300),
(16731, 324, 0, 1, 1635.540039, -1955.287842, 73.466873, -2.951616, 0, 0, 0, 0, 300, 300),
(16732, 324, 0, 1, 1632.674927, -1955.287842, 71.955025, 0.569532, 0, 0, 0, 0, 300, 300),
(16733, 324, 0, 1, 2088.209961, -1981.052002, 87.062782, -2.028594, 0, 0, 0, 0, 300, 300),
(16734, 324, 0, 1, 1910.579956, -2139.930176, 74.513870, 1.088545, 0, 0, 0, 0, 300, 300),
(16745, 324, 0, 1, 1595.430054, -2212.927979, 62.217068, 2.899211, 0, 0, 0, 0, 300, 300),
(16760, 324, 0, 1, 2394.694336, -2262.744385, 50.218346, 1.708067, 0, 0, 0, 0, 300, 300),
(16761, 324, 0, 1, 2411.955078, -2238.691895, 52.832188, 2.889624, 0, 0, 0, 0, 300, 300),
(16766, 324, 0, 1, 2283.030029, -2285.926025, 62.981884, 1.794187, 0, 0, 0, 0, 300, 300),
(16818, 324, 0, 1, 2093.939941, -2298.808105, 80.469864, -0.746336, 0, 0, 0, 0, 300, 300),
(16819, 324, 0, 1, 2091.075195, -2298.808105, 78.745636, -2.429086, 0, 0, 0, 0, 300, 300),
(16820, 324, 0, 1, 2346.060059, -2315.983887, 47.517071, 1.167878, 0, 0, 0, 0, 300, 300),
(16821, 324, 0, 1, 2323.140137, -2367.511963, 53.422256, -1.708614, 0, 0, 0, 0, 300, 300),
(16822, 324, 0, 1, 2320.274902, -2367.511963, 54.411785, -1.180446, 0, 0, 0, 0, 300, 300),
(16823, 324, 0, 1, 2265.839844, -2380.394043, 61.190559, 1.988471, 0, 0, 0, 0, 300, 300),
(16824, 324, 0, 1, 2262.975098, -2380.394043, 60.124275, -2.622577, 0, 0, 0, 0, 300, 300),
(16825, 324, 0, 1, 1629.809937, -2384.687988, 74.466988, 1.270984, 0, 0, 0, 0, 300, 300),
(16826, 324, 0, 1, 1816.035034, -2457.686035, 71.008995, -1.372358, 0, 0, 0, 0, 300, 300),
(16827, 175404, 0, 1, 2953.439941, -1341.246094, 151.323654, 1.265007, 0, 0, 0, 0, 300, 300), -- rich thorium vein
(16828, 175404, 0, 1, 2950.574951, -1341.246094, 150.528534, 0.145808, 0, 0, 0, 0, 300, 300),
(16829, 175404, 0, 1, 2781.540039, -1388.479980, 151.777145, -1.208806, 0, 0, 0, 0, 300, 300),
(16830, 175404, 0, 1, 2778.675049, -1388.479980, 154.669662, -0.358242, 0, 0, 0, 0, 300, 300),
(16831, 175404, 0, 1, 3047.984863, -1521.593994, 163.297760, 2.730795, 0, 0, 0, 0, 300, 300),
(16832, 175404, 0, 1, 3073.710693, -1533.768677, 150.542160, 1.981218, 0, 0, 0, 0, 300, 300),
(16833, 175404, 0, 1, 3116.594727, -1539.620117, 150.253540, -1.524089, 0, 0, 0, 0, 300, 300),
(16834, 175404, 0, 1, 3053.715088, -1547.357910, 149.687134, 2.894215, 0, 0, 0, 0, 300, 300),
(16835, 175404, 0, 1, 3027.296387, -1570.861938, 159.074936, 0.675670, 0, 0, 0, 0, 300, 300),
(16836, 175404, 0, 1, 2982.090088, -1659.001953, 151.648102, -2.230227, 0, 0, 0, 0, 300, 300),
(16837, 175404, 0, 1, 2979.225098, -1659.001953, 151.585632, 1.010440, 0, 0, 0, 0, 300, 300),
(16838, 175404, 0, 1, 2292.911621, -2219.358643, 53.048921, 1.583370, 0, 0, 0, 0, 300, 300),
(16839, 175404, 0, 1, 2285.895020, -2225.810059, 56.771595, -0.047421, 0, 0, 0, 0, 300, 300),
(16840, 175404, 0, 1, 2371.844971, -2273.043945, 48.402576, 0.511868, 0, 0, 0, 0, 300, 300),
(16841, 175404, 0, 1, 2283.030029, -2333.159912, 63.511051, -0.225030, 0, 0, 0, 0, 300, 300),
(16842, 175404, 0, 1, 2409.090088, -2346.041992, 53.514370, -0.359083, 0, 0, 0, 0, 300, 300),
(16843, 175404, 0, 1, 2406.225098, -2346.041992, 53.452496, 0.125179, 0, 0, 0, 0, 300, 300),
-- Westfall:
(16844, 1731, 0, 1, -10735.089844, 2185.685059, 16.265585, 2.004683, 0, 0, 0, 0, 300, 300), -- copper vein
(16845, 1731, 0, 1, -10902.849609, 2098.310059, 15.326847, -1.296854, 0, 0, 0, 0, 300, 300),
(16846, 1731, 0, 1, -11084.589844, 2073.844971, 6.921453, -0.235875, 0, 0, 0, 0, 300, 300),
(16847, 1731, 0, 1, -11089.250000, 2073.844971, 4.232933, 2.377432, 0, 0, 0, 0, 300, 300),
(16848, 1731, 0, 1, -10026.769531, 2017.925049, -15.320201, -0.838798, 0, 0, 0, 0, 300, 300),
(16849, 1731, 0, 1, -10807.320312, 2010.935059, 20.855400, -1.766557, 0, 0, 0, 0, 300, 300),
(16850, 1731, 0, 1, -10809.650391, 2010.935059, 22.499916, 1.335292, 0, 0, 0, 0, 300, 300),
(16851, 1731, 0, 1, -10560.339844, 2007.440063, -6.417853, -1.877206, 0, 0, 0, 0, 300, 300),
(16852, 1731, 0, 1, -10679.169922, 2000.449951, 18.804468, 1.374656, 0, 0, 0, 0, 300, 300),
(16853, 1731, 0, 1, -10544.030273, 1996.954956, -8.211746, -2.711656, 0, 0, 0, 0, 300, 300),
(16854, 1731, 0, 1, -10476.459961, 1989.964966, 9.711535, 0.784483, 0, 0, 0, 0, 300, 300),
(16855, 1731, 0, 1, -10590.629883, 1989.964966, -5.943944, 2.853596, 0, 0, 0, 0, 300, 300),
(16856, 1731, 0, 1, -11396.809570, 1975.984985, 3.209701, 1.552667, 0, 0, 0, 0, 300, 300),
(16857, 1731, 0, 1, -11170.799805, 1968.994995, 23.928368, -0.035220, 0, 0, 0, 0, 300, 300),
(16858, 1731, 0, 1, -10511.410156, 1962.005005, 7.639852, -1.407282, 0, 0, 0, 0, 300, 300),
(16859, 1731, 0, 1, -10201.519531, 1951.520020, 20.857603, -0.957753, 0, 0, 0, 0, 300, 300),
(16860, 1731, 0, 1, -10203.849609, 1951.520020, 21.040119, -0.009456, 0, 0, 0, 0, 300, 300),
(16871, 1731, 0, 1, -10471.799805, 1951.520020, 10.380065, 1.546273, 0, 0, 0, 0, 300, 300),
(16902, 1731, 0, 1, -10558.009766, 1951.520020, -2.342826, -0.338350, 0, 0, 0, 0, 300, 300),
(16903, 1731, 0, 1, -10206.179688, 1948.025024, 25.587330, -0.222092, 0, 0, 0, 0, 300, 300),
(16904, 1731, 0, 1, -10471.799805, 1948.025024, 10.209650, -2.434392, 0, 0, 0, 0, 300, 300),
(16909, 1731, 0, 1, -10520.730469, 1948.025024, 4.491968, 2.842993, 0, 0, 0, 0, 300, 300),
(16910, 1731, 0, 1, -10408.889648, 1944.530029, 10.746947, -1.898221, 0, 0, 0, 0, 300, 300),
(16920, 1731, 0, 1, -10292.389648, 1941.034912, 34.356018, 1.427186, 0, 0, 0, 0, 300, 300),
(16921, 1731, 0, 1, -10427.530273, 1930.550049, 8.739339, 0.736414, 0, 0, 0, 0, 300, 300),
(16927, 1731, 0, 1, -10443.839844, 1927.055054, 11.084252, -1.371368, 0, 0, 0, 0, 300, 300),
(16928, 1731, 0, 1, -10490.439453, 1916.569946, 40.245476, -1.667564, 0, 0, 0, 0, 300, 300),
(16929, 1731, 0, 1, -10492.769531, 1913.074951, 41.417938, 0.806142, 0, 0, 0, 0, 300, 300),
(16932, 1731, 0, 1, -11480.689453, 1909.579956, -10.609052, 0.386069, 0, 0, 0, 0, 300, 300),
(16955, 1731, 0, 1, -10008.129883, 1860.649902, 25.069180, -0.856978, 0, 0, 0, 0, 300, 300),
(16965, 1731, 0, 1, -11308.269531, 1853.660034, 18.142488, 1.028322, 0, 0, 0, 0, 300, 300),
(16966, 1731, 0, 1, -9761.150391, 1815.214966, 1.136845, 1.002449, 0, 0, 0, 0, 300, 300),
(16967, 1731, 0, 1, -9758.820312, 1811.719971, -2.350353, 0.889230, 0, 0, 0, 0, 300, 300),
(16968, 1731, 0, 1, -10203.849609, 1808.224976, 38.074169, -0.008196, 0, 0, 0, 0, 300, 300),
(16969, 1731, 0, 1, -10201.519531, 1804.730103, 36.551815, -1.490069, 0, 0, 0, 0, 300, 300),
(16970, 1731, 0, 1, -10401.900391, 1804.730103, 26.553087, -1.866784, 0, 0, 0, 0, 300, 300),
(16971, 1731, 0, 1, -9966.190430, 1790.750000, 19.875591, -2.102205, 0, 0, 0, 0, 300, 300),
(16972, 1731, 0, 1, -9970.849609, 1790.750000, 21.663996, -0.179939, 0, 0, 0, 0, 300, 300),
(16973, 1731, 0, 1, -9886.969727, 1745.314941, 19.902399, -1.296165, 0, 0, 0, 0, 300, 300),
(16974, 1731, 0, 1, -10085.019531, 1727.839966, 38.156548, -1.101638, 0, 0, 0, 0, 300, 300),
(16975, 1731, 0, 1, -10087.349609, 1727.839966, 38.847145, -1.072543, 0, 0, 0, 0, 300, 300),
(16976, 1731, 0, 1, -11443.410156, 1720.849976, 16.103159, 1.310711, 0, 0, 0, 0, 300, 300),
(16980, 1731, 0, 1, -11194.099609, 1692.890015, 47.451977, 0.100194, 0, 0, 0, 0, 300, 300),
(16981, 1731, 0, 1, -11385.057617, 1637.874390, 74.266853, -0.585137, 0, 0, 0, 0, 300, 300),
(16982, 1731, 0, 1, -11296.620117, 1636.969971, 60.326481, -1.145386, 0, 0, 0, 0, 300, 300),
(17086, 1731, 0, 1, -11298.950195, 1636.969971, 62.084671, -1.843697, 0, 0, 0, 0, 300, 300),
(17090, 1731, 0, 1, -11294.290039, 1633.474976, 59.723324, 0.774532, 0, 0, 0, 0, 300, 300),
(17091, 1731, 0, 1, -9914.929688, 1584.544922, 43.297520, 0.352160, 0, 0, 0, 0, 300, 300),
(17092, 1731, 0, 1, -11552.919922, 1577.554932, -12.425048, 2.731436, 0, 0, 0, 0, 300, 300),
(17093, 1731, 0, 1, -11555.250000, 1577.554932, -14.997241, -0.143149, 0, 0, 0, 0, 300, 300),
(17094, 1731, 0, 1, -9940.559570, 1472.704956, 71.931877, 2.851566, 0, 0, 0, 0, 300, 300),
(17095, 1731, 0, 1, -9856.679688, 1462.219971, 42.525379, -1.888034, 0, 0, 0, 0, 300, 300),
(17096, 1731, 0, 1, -9945.219727, 1448.239990, 40.127552, -1.573307, 0, 0, 0, 0, 300, 300),
(17097, 1731, 0, 1, -9947.549805, 1448.239990, 40.122520, -0.040910, 0, 0, 0, 0, 300, 300),
(17098, 1731, 0, 1, -11131.189453, 1441.250000, 58.772617, -1.947570, 0, 0, 0, 0, 300, 300),
(17099, 1731, 0, 1, -11135.849609, 1441.250000, 59.758102, 1.914433, 0, 0, 0, 0, 300, 300),
(17100, 1731, 0, 1, -11191.769531, 1441.250000, 90.351509, -0.093737, 0, 0, 0, 0, 300, 300),
(17101, 1731, 0, 1, -9907.940430, 1437.755005, 38.765297, 0.353315, 0, 0, 0, 0, 300, 300),
(17102, 1731, 0, 1, -10325.009766, 1434.260010, 41.440319, 0.007622, 0, 0, 0, 0, 300, 300),
(17103, 1731, 0, 1, -9885.245117, 1433.190063, 40.190987, -1.308194, 0, 0, 0, 0, 300, 300),
(17104, 1731, 0, 1, -9872.990234, 1423.774902, 44.000759, -2.749660, 0, 0, 0, 0, 300, 300),
(17105, 1731, 0, 1, -9884.639648, 1423.774902, 39.926765, -0.120611, 0, 0, 0, 0, 300, 300),
(17106, 1731, 0, 1, -9828.719727, 1399.309937, 42.348854, -2.217408, 0, 0, 0, 0, 300, 300),
(17107, 1731, 0, 1, -9831.049805, 1399.309937, 43.121849, 2.084114, 0, 0, 0, 0, 300, 300),
(17108, 1731, 0, 1, -10779.360352, 1399.309937, 21.457533, -2.370033, 0, 0, 0, 0, 300, 300),
(17109, 1731, 0, 1, -10012.790039, 1388.824951, 41.647678, -0.177906, 0, 0, 0, 0, 300, 300),
(17110, 1731, 0, 1, -9852.019531, 1385.329956, 45.636501, -1.542375, 0, 0, 0, 0, 300, 300),
(17111, 1731, 0, 1, -9854.349609, 1385.330078, 37.602348, -0.136750, 0, 0, 0, 0, 300, 300),
(17112, 1731, 0, 1, -10017.450195, 1385.330078, 41.585964, -2.175800, 0, 0, 0, 0, 300, 300),
(17113, 1731, 0, 1, -11047.310547, 1346.885010, 42.223351, -2.475994, 0, 0, 0, 0, 300, 300),
(17114, 1731, 0, 1, -10467.139648, 1343.390015, 44.555004, 2.301112, 0, 0, 0, 0, 300, 300),
(17115, 1731, 0, 1, -10238.799805, 1315.430054, 42.925800, 1.596235, 0, 0, 0, 0, 300, 300),
(17116, 1731, 0, 1, -9742.509766, 1287.470093, 43.313614, -1.601378, 0, 0, 0, 0, 300, 300),
(17117, 1731, 0, 1, -9742.509766, 1283.974976, 41.674683, 0.167033, 0, 0, 0, 0, 300, 300),
(17118, 1731, 0, 1, -10311.030273, 1276.984985, 43.770161, -2.882437, 0, 0, 0, 0, 300, 300),
(17119, 1731, 0, 1, -10793.339844, 1263.005005, 35.846157, 1.633047, 0, 0, 0, 0, 300, 300),
(17120, 1731, 0, 1, -11238.370117, 1217.569946, 90.450562, -2.562653, 0, 0, 0, 0, 300, 300),
(17121, 1731, 0, 1, -11238.370117, 1214.075073, 90.780312, 1.770424, 0, 0, 0, 0, 300, 300),
(17122, 1731, 0, 1, -11273.320312, 1140.679932, 96.316444, -2.643338, 0, 0, 0, 0, 300, 300),
(17123, 1731, 0, 1, -11275.650391, 1140.679932, 96.055733, 1.881835, 0, 0, 0, 0, 300, 300),
(17124, 1731, 0, 1, -11107.889648, 1119.709961, 52.292404, 1.459853, 0, 0, 0, 0, 300, 300),
(17125, 1731, 0, 1, -9910.269531, 1112.719849, 38.300377, 0.160845, 0, 0, 0, 0, 300, 300),
(17126, 1731, 0, 1, -9735.519531, 1077.769897, 16.084963, 2.554326, 0, 0, 0, 0, 300, 300),
(17127, 1731, 0, 1, -9737.849609, 1077.769897, 16.582285, 1.490533, 0, 0, 0, 0, 300, 300),
(17128, 1731, 0, 1, -9735.519531, 1074.275024, 19.162355, -1.212771, 0, 0, 0, 0, 300, 300),
(17129, 1731, 0, 1, -9737.849609, 1074.275024, 19.217421, 0.821273, 0, 0, 0, 0, 300, 300),
(17130, 1731, 0, 1, -11257.009766, 1056.800049, 109.718781, -0.072024, 0, 0, 0, 0, 300, 300),
(17131, 1731, 0, 1, -11147.500000, 1018.355103, 37.686825, -0.448751, 0, 0, 0, 0, 300, 300),
(17132, 1731, 0, 1, -9758.820312, 1007.869995, 34.009598, -0.574441, 0, 0, 0, 0, 300, 300),
(17133, 1731, 0, 1, -10464.809570, 1007.869995, 50.592621, 1.790170, 0, 0, 0, 0, 300, 300),
(17136, 1731, 0, 1, -9758.820312, 1004.375000, 32.484982, 1.769562, 0, 0, 0, 0, 300, 300),
(17137, 1731, 0, 1, -10464.809570, 1004.375000, 49.038357, 0.037782, 0, 0, 0, 0, 300, 300),
(17138, 1731, 0, 1, -9605.040039, 972.920044, 38.751034, -0.502591, 0, 0, 0, 0, 300, 300),
(17143, 1731, 0, 1, -9605.040039, 969.425049, 39.952377, 0.513609, 0, 0, 0, 0, 300, 300),
(17146, 1731, 0, 1, -11014.690430, 962.435059, 37.806812, -2.843882, 0, 0, 0, 0, 300, 300),
(17147, 1731, 0, 1, -11019.349609, 958.939941, 38.324318, 2.741085, 0, 0, 0, 0, 300, 300),
(17148, 1731, 0, 1, -9686.589844, 913.504883, 36.272823, -0.254354, 0, 0, 0, 0, 300, 300),
(17149, 1731, 0, 1, -9914.929688, 885.544922, 36.229752, 0.433325, 0, 0, 0, 0, 300, 300),
(17150, 1731, 0, 1, -10010.459961, 882.050049, 40.406792, 1.627921, 0, 0, 0, 0, 300, 300),
(17151, 1731, 0, 1, -10674.509766, 868.069824, 39.638264, 0.299763, 0, 0, 0, 0, 300, 300),
(17152, 1731, 0, 1, -10676.839844, 864.574951, 41.752655, 2.264915, 0, 0, 0, 0, 300, 300),
(17153, 1731, 0, 1, -11003.040039, 836.614990, 36.189350, -0.396976, 0, 0, 0, 0, 300, 300),
(17156, 1731, 0, 1, -11233.709961, 833.119873, 49.070923, 0.646399, 0, 0, 0, 0, 300, 300),
(17157, 1731, 0, 1, -11236.040039, 829.625000, 48.710869, 1.990924, 0, 0, 0, 0, 300, 300),
(17158, 1731, 0, 1, -10131.620117, 798.169922, 18.166840, 1.141806, 0, 0, 0, 0, 300, 300),
(17159, 1731, 0, 1, -10131.620117, 794.675049, 19.459082, -0.121479, 0, 0, 0, 0, 300, 300),
(17160, 1731, 0, 1, -10133.950195, 794.675049, 18.958344, -2.709770, 0, 0, 0, 0, 300, 300),
(17161, 1731, 0, 1, -10341.320312, 777.199951, 30.880339, -0.944611, 0, 0, 0, 0, 300, 300),
(17162, 1731, 0, 1, -10343.650391, 773.705078, 31.298437, 0.448499, 0, 0, 0, 0, 300, 300),
(17163, 1731, 0, 1, -10667.519531, 693.320068, 45.411938, -1.405164, 0, 0, 0, 0, 300, 300),
(17164, 1731, 0, 1, -10672.179688, 693.320068, 44.616131, 1.411205, 0, 0, 0, 0, 300, 300),
(17165, 1731, 0, 1, -10672.179688, 689.824951, 43.397621, -2.998297, 0, 0, 0, 0, 300, 300),
(17166, 1731, 0, 1, -11191.769531, 682.834961, 33.757114, 0.671491, 0, 0, 0, 0, 300, 300),
(17167, 1732, 0, 1, -10168.900391, 2035.400024, 7.130794, -1.504813, 0, 0, 0, 0, 300, 300), -- tin vein
(17168, 1732, 0, 1, -10530.049805, 2000.449951, -8.699221, 1.148459, 0, 0, 0, 0, 300, 300),
(17169, 1732, 0, 1, -10464.809570, 1993.459961, 7.974854, -2.367402, 0, 0, 0, 0, 300, 300),
(17172, 1732, 0, 1, -10355.299805, 1986.469971, 14.630766, 1.752248, 0, 0, 0, 0, 300, 300),
(17173, 1732, 0, 1, -10355.299805, 1982.975098, 17.131666, -0.196585, 0, 0, 0, 0, 300, 300),
(17174, 1732, 0, 1, -10481.120117, 1979.479980, 9.532064, -1.955848, 0, 0, 0, 0, 300, 300),
(17175, 1732, 0, 1, -10993.719727, 1979.479980, 34.793800, -2.512907, 0, 0, 0, 0, 300, 300),
(17176, 1732, 0, 1, -10996.049805, 1979.479980, 34.891582, 1.155242, 0, 0, 0, 0, 300, 300),
(17177, 1732, 0, 1, -10483.450195, 1975.984985, 10.065237, 0.974441, 0, 0, 0, 0, 300, 300),
(17178, 1732, 0, 1, -10578.980469, 1972.489990, -0.062150, -0.945327, 0, 0, 0, 0, 300, 300),
(17179, 1732, 0, 1, -10483.450195, 1937.540039, 6.996555, 0.385694, 0, 0, 0, 0, 300, 300),
(17180, 1732, 0, 1, -10527.719727, 1937.540039, 5.985423, -1.313925, 0, 0, 0, 0, 300, 300),
(17181, 1732, 0, 1, -10530.049805, 1937.540039, 6.031852, 1.548865, 0, 0, 0, 0, 300, 300),
(17182, 1732, 0, 1, -10448.500000, 1909.579956, 9.446438, -2.263653, 0, 0, 0, 0, 300, 300),
(17183, 1732, 0, 1, -10376.269531, 1899.094971, 13.789243, -0.745327, 0, 0, 0, 0, 300, 300),
(17184, 1732, 0, 1, -10122.299805, 1895.599976, 22.011839, 0.629783, 0, 0, 0, 0, 300, 300),
(17185, 1732, 0, 1, -10798.000000, 1888.609985, 58.136414, 0.914402, 0, 0, 0, 0, 300, 300),
(17186, 1732, 0, 1, -10460.150391, 1860.649902, 42.106976, 1.436190, 0, 0, 0, 0, 300, 300),
(17187, 1732, 0, 1, -10457.820312, 1857.155029, 40.745335, -0.631745, 0, 0, 0, 0, 300, 300),
(17188, 1732, 0, 1, -11350.209961, 1696.385010, 42.853302, -1.822549, 0, 0, 0, 0, 300, 300),
(17189, 1732, 0, 1, -10376.269531, 1671.920044, 38.686169, -1.564368, 0, 0, 0, 0, 300, 300),
(17190, 1732, 0, 1, -10376.269531, 1668.425049, 36.841839, 0.657312, 0, 0, 0, 0, 300, 300),
(17191, 1732, 0, 1, -11319.919922, 1661.435059, 65.038826, 0.532876, 0, 0, 0, 0, 300, 300),
(17192, 1732, 0, 1, -11322.250000, 1661.435059, 65.913101, 2.610988, 0, 0, 0, 0, 300, 300),
(17193, 1732, 0, 1, -11131.189453, 1629.979980, 45.881241, -2.530892, 0, 0, 0, 0, 300, 300),
(17194, 1732, 0, 1, -11238.370117, 1567.069946, 70.977989, 2.115980, 0, 0, 0, 0, 300, 300),
(17195, 1732, 0, 1, -11238.370117, 1563.575073, 73.841316, -2.617080, 0, 0, 0, 0, 300, 300),
(17227, 1732, 0, 1, -11296.620117, 1476.199951, 89.467461, 1.210488, 0, 0, 0, 0, 300, 300),
(17232, 1732, 0, 1, -11298.950195, 1476.199951, 89.587769, 2.441513, 0, 0, 0, 0, 300, 300),
(17233, 1732, 0, 1, -9875.320312, 1455.229980, 43.876438, 1.347411, 0, 0, 0, 0, 300, 300),
(17234, 1732, 0, 1, -9877.650391, 1455.229980, 44.583061, 3.125644, 0, 0, 0, 0, 300, 300),
(17235, 1732, 0, 1, -9927.150391, 1456.439941, 41.314400, -2.070241, 0, 0, 0, 0, 300, 300),
(17236, 1732, 0, 1, -9921.235352, 1458.726807, 39.811321, -0.185859, 0, 0, 0, 0, 300, 300),
(17237, 1732, 0, 1, -9961.808594, 1449.597046, 43.324951, 0.000020, 0, 0, 0, 0, 300, 300),
(17238, 1732, 0, 1, -9821.730469, 1427.270020, 36.664623, 2.637972, 0, 0, 0, 0, 300, 300),
(17239, 1732, 0, 1, -9877.650391, 1413.290039, 43.470169, -0.146445, 0, 0, 0, 0, 300, 300),
(17242, 1732, 0, 1, -9857.835938, 1395.398682, 39.100040, -0.635336, 0, 0, 0, 0, 300, 300),
(17246, 1732, 0, 1, -11170.799805, 1287.470093, 92.512245, -0.031907, 0, 0, 0, 0, 300, 300),
(17247, 1732, 0, 1, -11089.250000, 1161.650146, 52.305962, -0.285262, 0, 0, 0, 0, 300, 300),
(17251, 1732, 0, 1, -11156.820312, 983.405151, 51.375595, -1.966924, 0, 0, 0, 0, 300, 300),
(17255, 1732, 0, 1, -11159.150391, 979.909912, 52.068409, -0.910156, 0, 0, 0, 0, 300, 300),
(17256, 1732, 0, 1, -11245.360352, 787.684814, 46.704029, -0.144561, 0, 0, 0, 0, 300, 300),
(17257, 1732, 0, 1, -11170.799805, 658.369873, 38.831539, 1.416871, 0, 0, 0, 0, 300, 300),
(17287, 1732, 0, 1, -11166.139648, 654.875000, 39.001011, -0.205223, 0, 0, 0, 0, 300, 300),
(17313, 1733, 0, 1, -10355.299805, 1986.469971, 14.630766, -0.737759, 0, 0, 0, 0, 300, 300), -- silver vein
(17314, 1733, 0, 1, -10355.299805, 1982.975098, 17.131666, -0.262237, 0, 0, 0, 0, 300, 300),
(17315, 1733, 0, 1, -10996.049805, 1979.479980, 34.891582, -2.182513, 0, 0, 0, 0, 300, 300),
(17353, 1733, 0, 1, -10481.120117, 1975.984985, 9.751814, -1.831355, 0, 0, 0, 0, 300, 300),
(17356, 1733, 0, 1, -10530.049805, 1937.540039, 6.031852, 1.165319, 0, 0, 0, 0, 300, 300),
(17357, 1733, 0, 1, -10119.969727, 1899.094971, 19.591282, 2.331189, 0, 0, 0, 0, 300, 300),
(17450, 1733, 0, 1, -10376.269531, 1899.094971, 13.789243, 3.057939, 0, 0, 0, 0, 300, 300),
(17451, 1733, 0, 1, -10457.820312, 1857.155029, 40.745335, 1.635963, 0, 0, 0, 0, 300, 300),
(17452, 1733, 0, 1, -11350.209961, 1696.385010, 42.853302, -2.488781, 0, 0, 0, 0, 300, 300),
(17453, 1733, 0, 1, -10376.269531, 1671.920044, 38.686169, 2.689521, 0, 0, 0, 0, 300, 300),
(17454, 1733, 0, 1, -11319.919922, 1657.939941, 65.615349, -2.392809, 0, 0, 0, 0, 300, 300),
(17455, 1733, 0, 1, -11131.189453, 1629.979980, 45.881241, 2.545657, 0, 0, 0, 0, 300, 300),
(17456, 1733, 0, 1, -11238.370117, 1563.575073, 73.841316, 2.810841, 0, 0, 0, 0, 300, 300),
(17457, 1733, 0, 1, -9874.980469, 1415.451416, 45.326488, -1.992860, 0, 0, 0, 0, 300, 300),
(17458, 1733, 0, 1, -11245.360352, 787.684814, 46.704029, -0.610473, 0, 0, 0, 0, 300, 300),
-- Wetlands:
(17459, 1731, 0, 1, -3119.456055, -1244.116943, 2.302470, -2.108543, 0, 0, 0, 0, 300, 300), -- copper vein
(17460, 1731, 0, 1, -3221.279785, -1330.867920, 1.564910, -3.072498, 0, 0, 0, 0, 300, 300),
(17467, 1731, 0, 1, -3023.135986, -1351.522949, 1.244886, -2.381549, 0, 0, 0, 0, 300, 300),
(17468, 1731, 0, 1, -3796.447998, -1380.439941, 37.783417, -2.625052, 0, 0, 0, 0, 300, 300),
(17469, 1731, 0, 1, -3639.583984, -1434.142944, 11.839808, 1.114517, 0, 0, 0, 0, 300, 300),
(17470, 1731, 0, 1, -3130.463867, -1450.666992, 0.096412, 1.709766, 0, 0, 0, 0, 300, 300),
(17478, 1731, 0, 1, -3526.751953, -1458.928955, 23.917881, 2.805114, 0, 0, 0, 0, 300, 300),
(17479, 1731, 0, 1, -3036.895996, -1520.893921, 1.818030, -2.816621, 0, 0, 0, 0, 300, 300),
(17480, 1731, 0, 1, -3034.144043, -1525.025024, 0.986221, -1.019458, 0, 0, 0, 0, 300, 300),
(17481, 1731, 0, 1, -3171.744141, -1529.156006, 2.652642, -3.017493, 0, 0, 0, 0, 300, 300),
(17482, 1731, 0, 1, -2921.312012, -1603.514038, 2.540772, 2.627066, 0, 0, 0, 0, 300, 300),
(17483, 1731, 0, 1, -2921.312012, -1607.644897, 1.284382, -1.234955, 0, 0, 0, 0, 300, 300),
(17484, 1731, 0, 1, -3433.184082, -1640.692993, 21.491241, 0.618569, 0, 0, 0, 0, 300, 300),
(17485, 1731, 0, 1, -2758.944092, -1669.609985, -0.133068, 0.150152, 0, 0, 0, 0, 300, 300),
(17486, 1731, 0, 1, -3102.944092, -1677.872070, 3.066468, 3.015565, 0, 0, 0, 0, 300, 300),
(17487, 1731, 0, 1, -3334.111816, -1698.526978, 15.330073, 2.341233, 0, 0, 0, 0, 300, 300),
(17488, 1731, 0, 1, -2899.295898, -1710.919922, 2.286726, -0.072375, 0, 0, 0, 0, 300, 300),
(17489, 1731, 0, 1, -2951.583984, -1801.802002, 4.843766, 2.600899, 0, 0, 0, 0, 300, 300),
(17490, 1731, 0, 1, -3064.416016, -1929.863037, 5.036640, 2.955210, 0, 0, 0, 0, 300, 300),
(17491, 1731, 0, 1, -4156.959961, -2367.749023, 213.206772, 2.457523, 0, 0, 0, 0, 300, 300),
(17499, 1731, 0, 1, -4143.200195, -2471.023926, 184.855408, 0.063329, 0, 0, 0, 0, 300, 300),
(17592, 1731, 0, 1, -4217.503906, -2471.023926, 282.317749, 2.529699, 0, 0, 0, 0, 300, 300),
(17593, 1731, 0, 1, -4217.503906, -2475.155029, 282.425995, 2.647849, 0, 0, 0, 0, 300, 300),
(17594, 1731, 0, 1, -4335.839844, -2512.333984, 255.308456, 2.252176, 0, 0, 0, 0, 300, 300),
(17595, 1731, 0, 1, -3832.224121, -2863.468994, 3.634021, -2.001073, 0, 0, 0, 0, 300, 300),
(17596, 1731, 0, 1, -3713.888184, -2879.992920, 5.235094, -0.431996, 0, 0, 0, 0, 300, 300),
(17633, 1731, 0, 1, -4074.399902, -2908.910156, 4.970391, -1.153405, 0, 0, 0, 0, 300, 300),
(17665, 1731, 0, 1, -4027.616211, -2941.957764, 6.087538, -2.927577, 0, 0, 0, 0, 300, 300),
(17799, 1731, 0, 1, -4267.040039, -3012.185059, 7.538126, -1.052888, 0, 0, 0, 0, 300, 300),
(17800, 1731, 0, 1, -4148.704102, -3036.970947, 4.811310, 1.180089, 0, 0, 0, 0, 300, 300),
(17801, 1732, 0, 1, -3455.199951, -1731.574951, 43.371834, -0.356912, 0, 0, 0, 0, 300, 300), -- tin vein
(17802, 1732, 0, 1, -3364.384033, -1735.706055, 68.005470, -2.890982, 0, 0, 0, 0, 300, 300),
(17803, 1732, 0, 1, -3446.943848, -1735.706055, 44.143063, 2.677341, 0, 0, 0, 0, 300, 300),
(17804, 1732, 0, 1, -3557.023926, -1764.623047, 77.736794, -2.813861, 0, 0, 0, 0, 300, 300),
(17805, 1732, 0, 1, -2566.303955, -1797.671021, 22.759157, 1.916181, 0, 0, 0, 0, 300, 300),
(17806, 1732, 0, 1, -3397.407959, -1876.160034, 38.400745, 2.343374, 0, 0, 0, 0, 300, 300),
(17807, 1732, 0, 1, -3400.160156, -1876.160034, 40.347923, -2.477317, 0, 0, 0, 0, 300, 300),
(17808, 1732, 0, 1, -3490.976074, -1900.946045, 24.060068, -1.092573, 0, 0, 0, 0, 300, 300),
(17809, 1732, 0, 1, -2819.488037, -1909.208008, 17.090284, 0.462035, 0, 0, 0, 0, 300, 300),
(17810, 1732, 0, 1, -3339.615967, -1946.386963, 56.336403, 0.022264, 0, 0, 0, 0, 300, 300),
(17811, 1732, 0, 1, -2632.352051, -1954.649048, 62.020672, -1.244150, 0, 0, 0, 0, 300, 300),
(17812, 1732, 0, 1, -2657.120117, -2012.483032, 18.730240, -2.705560, 0, 0, 0, 0, 300, 300),
(17813, 1732, 0, 1, -2767.199951, -2190.115967, 62.847084, 0.329016, 0, 0, 0, 0, 300, 300),
(17814, 1732, 0, 1, -3460.704102, -2264.474121, 61.166306, 1.629177, 0, 0, 0, 0, 300, 300),
(17815, 1732, 0, 1, -3917.536133, -2272.735840, 167.137680, -1.174204, 0, 0, 0, 0, 300, 300),
(17816, 1732, 0, 1, -3801.952148, -2276.866943, 33.150650, 0.603752, 0, 0, 0, 0, 300, 300),
(17817, 1732, 0, 1, -3939.552002, -2285.128906, 174.242142, -1.181063, 0, 0, 0, 0, 300, 300),
(17818, 1732, 0, 1, -3838.825439, -2329.671143, 46.524483, -1.263695, 0, 0, 0, 0, 300, 300),
(17819, 1732, 0, 1, -3870.751953, -2334.700928, 135.508728, 2.506322, 0, 0, 0, 0, 300, 300),
(17820, 1732, 0, 1, -3334.111816, -2342.962891, 57.583466, 2.027276, 0, 0, 0, 0, 300, 300),
(17821, 1732, 0, 1, -3796.447998, -2351.225098, 33.561680, -1.226813, 0, 0, 0, 0, 300, 300),
(17822, 1732, 0, 1, -3339.615967, -2388.403809, 31.202278, 0.576329, 0, 0, 0, 0, 300, 300),
(17823, 1732, 0, 1, -3336.864014, -2392.535156, 30.770475, -1.792600, 0, 0, 0, 0, 300, 300),
(17824, 1732, 0, 1, -3807.456055, -2392.535156, 27.671795, 2.909312, 0, 0, 0, 0, 300, 300),
(17825, 1732, 0, 1, -3383.647949, -2396.666016, 58.020767, 1.317052, 0, 0, 0, 0, 300, 300),
(17826, 1732, 0, 1, -3881.760010, -2396.666016, 26.333681, -0.507593, 0, 0, 0, 0, 300, 300),
(17827, 1732, 0, 1, -3766.176025, -2417.321045, 33.654583, -2.321771, 0, 0, 0, 0, 300, 300),
(17828, 1732, 0, 1, -3829.472168, -2417.321045, 32.219208, 0.933504, 0, 0, 0, 0, 300, 300),
(17829, 1732, 0, 1, -3741.407959, -2442.106934, 36.611927, -0.598511, 0, 0, 0, 0, 300, 300),
(17830, 1732, 0, 1, -3876.256104, -2446.238037, 33.737968, 2.116047, 0, 0, 0, 0, 300, 300),
(17856, 1732, 0, 1, -3755.167969, -2475.155029, 33.243980, -3.080043, 0, 0, 0, 0, 300, 300),
(17861, 1732, 0, 1, -3832.224121, -2475.155029, 34.373184, 2.244519, 0, 0, 0, 0, 300, 300),
(17862, 1732, 0, 1, -3870.751953, -2483.417236, 39.181511, 2.799674, 0, 0, 0, 0, 300, 300),
(17863, 1732, 0, 1, -3779.936035, -2495.810059, 32.906322, 0.960121, 0, 0, 0, 0, 300, 300),
(17864, 1732, 0, 1, -3884.511963, -2516.464844, 40.146263, 0.303014, 0, 0, 0, 0, 300, 300),
(17865, 1732, 0, 1, -3427.680176, -2524.727051, 37.831219, 1.564843, 0, 0, 0, 0, 300, 300),
(17866, 1732, 0, 1, -3532.256104, -2528.857910, 63.409004, 1.671656, 0, 0, 0, 0, 300, 300),
(17867, 1732, 0, 1, -3876.256104, -2586.692139, 43.592720, 0.856218, 0, 0, 0, 0, 300, 300),
(17868, 1732, 0, 1, -3683.616211, -2590.822998, 64.898643, -0.959319, 0, 0, 0, 0, 300, 300),
(17869, 1732, 0, 1, -3989.088135, -2594.953857, 57.963531, -0.796584, 0, 0, 0, 0, 300, 300),
(17870, 1732, 0, 1, -3991.840088, -2599.085205, 59.952351, -3.095856, 0, 0, 0, 0, 300, 300),
(17871, 1732, 0, 1, -3733.151855, -2619.739990, 50.911785, 1.509088, 0, 0, 0, 0, 300, 300),
(17872, 1732, 0, 1, -3856.991943, -2623.871094, 64.495064, -2.108965, 0, 0, 0, 0, 300, 300),
(17873, 1732, 0, 1, -4242.271973, -2623.871094, 62.112507, 0.792962, 0, 0, 0, 0, 300, 300),
(17874, 1732, 0, 1, -3768.927979, -2628.001953, 74.732391, 2.046212, 0, 0, 0, 0, 300, 300),
(17875, 1732, 0, 1, -4294.559570, -2677.573975, 65.149658, 0.500909, 0, 0, 0, 0, 300, 300),
(17876, 1732, 0, 1, -3763.424072, -2698.229004, 42.397022, -2.668692, 0, 0, 0, 0, 300, 300),
(17877, 1732, 0, 1, -4231.264160, -2760.194092, 45.985970, 1.663873, 0, 0, 0, 0, 300, 300),
(17878, 1732, 0, 1, -4228.511719, -2764.324951, 46.043240, 0.902247, 0, 0, 0, 0, 300, 300),
(17879, 1732, 0, 1, -4189.983887, -2867.600098, 40.665577, -0.708579, 0, 0, 0, 0, 300, 300),
(17880, 1732, 0, 1, -4349.600098, -2929.564941, 27.394934, -0.922971, 0, 0, 0, 0, 300, 300),
(17881, 1732, 0, 1, -4286.303711, -2987.398926, 11.057853, 2.687967, 0, 0, 0, 0, 300, 300),
(17882, 1732, 0, 1, -4311.072266, -3024.578125, 9.998032, -2.925612, 0, 0, 0, 0, 300, 300),
(17883, 1732, 0, 1, -4245.024414, -3057.626221, 8.694989, -1.001286, 0, 0, 0, 0, 300, 300),
(17884, 1732, 0, 1, -4214.751953, -3078.281006, 6.857356, 2.625319, 0, 0, 0, 0, 300, 300),
(17885, 1732, 0, 1, -3105.696045, -3082.412109, 37.347439, 1.154275, 0, 0, 0, 0, 300, 300),
(17886, 1732, 0, 1, -3080.927979, -3115.460205, 82.613892, -1.257411, 0, 0, 0, 0, 300, 300),
(17887, 1732, 0, 1, -3232.288086, -3115.460205, 40.952747, 2.647304, 0, 0, 0, 0, 300, 300),
(17888, 1732, 0, 1, -3235.040039, -3115.460205, 40.068130, -2.750592, 0, 0, 0, 0, 300, 300),
(17900, 1732, 0, 1, -3975.327881, -3136.114990, 16.931780, 0.954970, 0, 0, 0, 0, 300, 300),
(17901, 1732, 0, 1, -3856.991943, -3140.246094, 20.125072, 0.334322, 0, 0, 0, 0, 300, 300),
(17902, 1732, 0, 1, -3978.080078, -3140.246094, 19.589348, 2.074556, 0, 0, 0, 0, 300, 300),
(17903, 1732, 0, 1, -4203.744141, -3144.376953, 5.887153, 1.601624, 0, 0, 0, 0, 300, 300),
(17904, 1732, 0, 1, -3697.375977, -3181.555908, 22.738281, -0.729978, 0, 0, 0, 0, 300, 300),
(17905, 1732, 0, 1, -4060.640137, -3189.817871, 18.259491, -3.104589, 0, 0, 0, 0, 300, 300),
(17906, 1732, 0, 1, -3182.751953, -3193.948975, 59.539970, -0.458188, 0, 0, 0, 0, 300, 300),
(17907, 1732, 0, 1, -4206.496094, -3198.080078, 39.358074, -2.811867, 0, 0, 0, 0, 300, 300),
(17908, 1732, 0, 1, -3064.416016, -3214.604004, 59.864323, 0.879542, 0, 0, 0, 0, 300, 300),
(17909, 1732, 0, 1, -3336.864014, -3226.996826, 31.725929, -0.327292, 0, 0, 0, 0, 300, 300),
(17910, 1732, 0, 1, -3001.120117, -3251.782959, 54.995937, -3.032500, 0, 0, 0, 0, 300, 300),
(17911, 1732, 0, 1, -3020.384033, -3251.782959, 60.758621, -1.994698, 0, 0, 0, 0, 300, 300),
(17912, 1732, 0, 1, -3056.160156, -3251.782959, 68.143448, 2.980301, 0, 0, 0, 0, 300, 300),
(17913, 1732, 0, 1, -3119.459961, -3260.040039, 68.235303, 0.121473, 0, 0, 0, 0, 300, 300),
(17914, 1732, 0, 1, -3119.470215, -3261.814209, 67.902710, -0.337227, 0, 0, 0, 0, 300, 300),
(17915, 1732, 0, 1, -3568.031982, -3276.569092, 36.468971, -2.154193, 0, 0, 0, 0, 300, 300),
(17916, 1732, 0, 1, -3033.053467, -3293.885254, 69.895683, -2.932557, 0, 0, 0, 0, 300, 300),
(17917, 1732, 0, 1, -3397.407959, -3326.141113, 31.951599, 2.714367, 0, 0, 0, 0, 300, 300),
(17918, 1732, 0, 1, -3400.160156, -3330.271973, 34.235939, -3.022228, 0, 0, 0, 0, 300, 300),
(17919, 1733, 0, 1, -3449.695801, -1731.574951, 45.880604, 1.790357, 0, 0, 0, 0, 300, 300), -- silver vein
(17920, 1733, 0, 1, -3367.135986, -1735.706055, 68.644714, -1.431693, 0, 0, 0, 0, 300, 300),
(17921, 1733, 0, 1, -3557.023926, -1764.623047, 77.736794, 3.070170, 0, 0, 0, 0, 300, 300),
(17922, 1733, 0, 1, -3397.407959, -1876.160034, 38.400745, -1.078712, 0, 0, 0, 0, 300, 300),
(17923, 1733, 0, 1, -3400.160156, -1876.160034, 40.347923, 0.421533, 0, 0, 0, 0, 300, 300),
(18009, 1733, 0, 1, -3488.224121, -1900.946045, 25.046888, 2.691327, 0, 0, 0, 0, 300, 300),
(18010, 1733, 0, 1, -3339.615967, -1946.386963, 56.336403, 2.598209, 0, 0, 0, 0, 300, 300),
(18011, 1733, 0, 1, -2657.120117, -2008.351929, 17.349024, 1.254504, 0, 0, 0, 0, 300, 300),
(18018, 1733, 0, 1, -3936.799805, -2285.128906, 172.174988, 1.256228, 0, 0, 0, 0, 300, 300),
(18019, 1733, 0, 1, -3838.825439, -2329.671143, 46.524483, -1.875712, 0, 0, 0, 0, 300, 300),
(18020, 1733, 0, 1, -3870.751953, -2334.700928, 135.508728, 1.850330, 0, 0, 0, 0, 300, 300),
(18021, 1733, 0, 1, -3334.111816, -2342.962891, 57.583466, 1.031481, 0, 0, 0, 0, 300, 300),
(18022, 1733, 0, 1, -3339.615967, -2388.403809, 31.202278, 0.516919, 0, 0, 0, 0, 300, 300),
(18023, 1733, 0, 1, -3807.456055, -2392.535156, 27.671795, -0.476420, 0, 0, 0, 0, 300, 300),
(18024, 1733, 0, 1, -3766.176025, -2417.321045, 33.654583, -0.784730, 0, 0, 0, 0, 300, 300),
(18025, 1733, 0, 1, -3829.472168, -2417.321045, 32.219208, 0.197618, 0, 0, 0, 0, 300, 300),
(18026, 1733, 0, 1, -3741.407959, -2442.106934, 36.611927, -0.595740, 0, 0, 0, 0, 300, 300),
(18027, 1733, 0, 1, -3755.167969, -2475.155029, 33.243980, 1.719878, 0, 0, 0, 0, 300, 300),
(18028, 1733, 0, 1, -3779.936035, -2495.810059, 32.906322, 0.471380, 0, 0, 0, 0, 300, 300),
(18029, 1733, 0, 1, -3826.720215, -2499.940918, 37.495274, -2.712764, 0, 0, 0, 0, 300, 300),
(18030, 1733, 0, 1, -3884.511963, -2516.464844, 40.146263, -0.684040, 0, 0, 0, 0, 300, 300),
(18031, 1733, 0, 1, -3535.008057, -2528.857910, 63.362545, -0.251036, 0, 0, 0, 0, 300, 300),
(18032, 1733, 0, 1, -3873.503906, -2582.561035, 52.435413, -0.546630, 0, 0, 0, 0, 300, 300),
(18033, 1733, 0, 1, -3683.616211, -2590.822998, 64.898643, -0.970235, 0, 0, 0, 0, 300, 300),
(18034, 1733, 0, 1, -3989.088135, -2594.953857, 57.963531, 1.140612, 0, 0, 0, 0, 300, 300),
(18035, 1733, 0, 1, -3735.904053, -2619.739990, 51.899960, -0.956173, 0, 0, 0, 0, 300, 300),
(18036, 1733, 0, 1, -3856.991943, -2623.871094, 64.495064, 0.488108, 0, 0, 0, 0, 300, 300),
(18037, 1733, 0, 1, -3766.176025, -2628.001953, 74.202568, -0.137032, 0, 0, 0, 0, 300, 300),
(18038, 1733, 0, 1, -3080.927979, -3111.328857, 84.461166, -0.682492, 0, 0, 0, 0, 300, 300),
(18039, 1733, 0, 1, -3185.503906, -3193.948975, 59.655819, 2.494407, 0, 0, 0, 0, 300, 300),
(18040, 1734, 0, 1, -3400.160156, -1967.041992, 121.698349, 1.338834, 0, 0, 0, 0, 300, 300), -- gold vein
(18041, 1734, 0, 1, -3419.424072, -2115.758057, 92.442322, 2.314336, 0, 0, 0, 0, 300, 300),
(18042, 1735, 0, 1, -3397.407959, -1967.041992, 122.044052, 1.642797, 0, 0, 0, 0, 300, 300), -- iron deposit
(18043, 1735, 0, 1, -3400.160156, -1967.041992, 121.698349, 0.012428, 0, 0, 0, 0, 300, 300),
(18044, 1735, 0, 1, -3419.424072, -2115.758057, 92.442322, 0.035986, 0, 0, 0, 0, 300, 300),
(18045, 1735, 0, 1, -3529.503906, -2396.666016, 65.678131, -1.301089, 0, 0, 0, 0, 300, 300),
(18046, 1735, 0, 1, -3587.295898, -2425.583008, 87.252258, -1.840168, 0, 0, 0, 0, 300, 300),
(18047, 1735, 0, 1, -3584.543945, -2433.844971, 92.087105, -1.535960, 0, 0, 0, 0, 300, 300),
(18048, 1735, 0, 1, -3581.791992, -2582.561035, 77.581566, -1.742737, 0, 0, 0, 0, 300, 300),
(18049, 1735, 0, 1, -2731.424072, -2888.255127, 46.869244, -2.122358, 0, 0, 0, 0, 300, 300),
(18050, 1735, 0, 1, -2811.231934, -2929.564941, 50.868740, -2.917398, 0, 0, 0, 0, 300, 300),
(18051, 1735, 0, 1, -2844.255859, -2991.530029, 59.330112, -1.792327, 0, 0, 0, 0, 300, 300),
(18052, 1735, 0, 1, -2885.536133, -3045.232910, 61.756191, 0.656282, 0, 0, 0, 0, 300, 300),
(18053, 1735, 0, 1, -2995.615967, -3074.149902, 77.263290, -2.514216, 0, 0, 0, 0, 300, 300),
(18054, 1735, 0, 1, -3034.144043, -3189.817871, 56.464046, 1.719793, 0, 0, 0, 0, 300, 300),
(18055, 1735, 0, 1, -3003.872070, -3222.865967, 54.126049, 1.516512, 0, 0, 0, 0, 300, 300),
(18056, 1735, 0, 1, -2932.320068, -3239.389893, 54.206261, -1.160270, 0, 0, 0, 0, 300, 300),
(18057, 1735, 0, 1, -3086.431885, -3260.044922, 66.239677, 0.023674, 0, 0, 0, 0, 300, 300),
(18058, 1735, 0, 1, -2937.823975, -3268.307129, 61.391659, 0.016763, 0, 0, 0, 0, 300, 300),
(18059, 1735, 0, 1, -2968.095947, -3326.141113, 56.412209, -0.742742, 0, 0, 0, 0, 300, 300);

-- Alterac Mountains:
-- Local Pooling
-- Pool Pooling
INSERT INTO `pool_pool` (`pool_id`, `mother_pool`, `chance`, `description`) VALUES (4199, 2156, 0, "Mineral nodes - Alterac Mountains - multinodes subzone 9");
INSERT INTO `pool_pool` (`pool_id`, `mother_pool`, `chance`, `description`) VALUES (4194, 2156, 0, "Mineral nodes - Alterac Mountains - multinodes subzone 9");
INSERT INTO `pool_pool` (`pool_id`, `mother_pool`, `chance`, `description`) VALUES (4197, 2156, 0, "Mineral nodes - Alterac Mountains - multinodes subzone 9");
INSERT INTO `pool_pool` (`pool_id`, `mother_pool`, `chance`, `description`) VALUES (4196, 2156, 0, "Mineral nodes - Alterac Mountains - multinodes subzone 9");

-- Arathi Highlands:
-- Local Pooling
INSERT INTO `pool_template` (`entry`, `max_limit`, `description`) VALUES (1359, 1, "Arathi Highlands Drywhisker Gorge Cave Local Minerals 1");
INSERT INTO `pool_gameobject` (`guid`, `pool_entry`, `chance`, `description`) VALUES (4914, 1359, 3, "");
INSERT INTO `pool_gameobject` (`guid`, `pool_entry`, `chance`, `description`) VALUES (5229, 1359, 0, "");
INSERT INTO `pool_gameobject` (`guid`, `pool_entry`, `chance`, `description`) VALUES (4736, 1359, 5, "");
INSERT INTO `pool_gameobject` (`guid`, `pool_entry`, `chance`, `description`) VALUES (4913, 1359, 3, "");
INSERT INTO `pool_gameobject` (`guid`, `pool_entry`, `chance`, `description`) VALUES (5148, 1359, 0, "");
INSERT INTO `pool_gameobject` (`guid`, `pool_entry`, `chance`, `description`) VALUES (4735, 1359, 5, "");
INSERT INTO `pool_gameobject` (`guid`, `pool_entry`, `chance`, `description`) VALUES (4911, 1359, 3, "");
INSERT INTO `pool_gameobject` (`guid`, `pool_entry`, `chance`, `description`) VALUES (5147, 1359, 0, "");
INSERT INTO `pool_gameobject` (`guid`, `pool_entry`, `chance`, `description`) VALUES (4734, 1359, 5, "");
INSERT INTO `pool_gameobject` (`guid`, `pool_entry`, `chance`, `description`) VALUES (4910, 1359, 3, "");
INSERT INTO `pool_gameobject` (`guid`, `pool_entry`, `chance`, `description`) VALUES (5146, 1359, 0, "");
INSERT INTO `pool_template` (`entry`, `max_limit`, `description`) VALUES (1600, 1, "Arathi Highlands Drywhisker Gorge Cave Local Minerals 2");
INSERT INTO `pool_gameobject` (`guid`, `pool_entry`, `chance`, `description`) VALUES (4912, 1600, 3, "");
INSERT INTO `pool_gameobject` (`guid`, `pool_entry`, `chance`, `description`) VALUES (5170, 1600, 0, "");
INSERT INTO `pool_gameobject` (`guid`, `pool_entry`, `chance`, `description`) VALUES (5228, 1600, 0, "");
INSERT INTO `pool_gameobject` (`guid`, `pool_entry`, `chance`, `description`) VALUES (4733, 1600, 12, "");
INSERT INTO `pool_gameobject` (`guid`, `pool_entry`, `chance`, `description`) VALUES (4909, 1600, 3, "");
INSERT INTO `pool_gameobject` (`guid`, `pool_entry`, `chance`, `description`) VALUES (5145, 1600, 0, "");
INSERT INTO `pool_gameobject` (`guid`, `pool_entry`, `chance`, `description`) VALUES (5227, 1600, 0, "");
INSERT INTO `pool_gameobject` (`guid`, `pool_entry`, `chance`, `description`) VALUES (4908, 1600, 3, "");
INSERT INTO `pool_gameobject` (`guid`, `pool_entry`, `chance`, `description`) VALUES (5226, 1600, 0, "");
INSERT INTO `pool_template` (`entry`, `max_limit`, `description`) VALUES (1908, 1, "Arathi Highlands Drywhisker Gorge Cave Local Minerals 3");
INSERT INTO `pool_gameobject` (`guid`, `pool_entry`, `chance`, `description`) VALUES (4906, 1908, 3, "");
INSERT INTO `pool_gameobject` (`guid`, `pool_entry`, `chance`, `description`) VALUES (5168, 1908, 5, "");
INSERT INTO `pool_gameobject` (`guid`, `pool_entry`, `chance`, `description`) VALUES (5224, 1908, 0, "");
INSERT INTO `pool_gameobject` (`guid`, `pool_entry`, `chance`, `description`) VALUES (4728, 1908, 6, "");
INSERT INTO `pool_gameobject` (`guid`, `pool_entry`, `chance`, `description`) VALUES (4902, 1908, 3, "");
INSERT INTO `pool_gameobject` (`guid`, `pool_entry`, `chance`, `description`) VALUES (5132, 1908, 0, "");
INSERT INTO `pool_gameobject` (`guid`, `pool_entry`, `chance`, `description`) VALUES (4727, 1908, 6, "");
INSERT INTO `pool_gameobject` (`guid`, `pool_entry`, `chance`, `description`) VALUES (4900, 1908, 3, "");
INSERT INTO `pool_gameobject` (`guid`, `pool_entry`, `chance`, `description`) VALUES (5131, 1908, 0, "");
INSERT INTO `pool_template` (`entry`, `max_limit`, `description`) VALUES (2171, 1, "Arathi Highlands Drywhisker Gorge Cave Local Minerals 4");
INSERT INTO `pool_gameobject` (`guid`, `pool_entry`, `chance`, `description`) VALUES (4907, 2171, 4, "");
INSERT INTO `pool_gameobject` (`guid`, `pool_entry`, `chance`, `description`) VALUES (5225, 2171, 0, "");
INSERT INTO `pool_gameobject` (`guid`, `pool_entry`, `chance`, `description`) VALUES (5169, 2171, 2, "");
INSERT INTO `pool_gameobject` (`guid`, `pool_entry`, `chance`, `description`) VALUES (5167, 2171, 2, "");
INSERT INTO `pool_gameobject` (`guid`, `pool_entry`, `chance`, `description`) VALUES (5223, 2171, 0, "");
INSERT INTO `pool_gameobject` (`guid`, `pool_entry`, `chance`, `description`) VALUES (4729, 2171, 10, "");
INSERT INTO `pool_gameobject` (`guid`, `pool_entry`, `chance`, `description`) VALUES (4904, 2171, 4, "");
INSERT INTO `pool_gameobject` (`guid`, `pool_entry`, `chance`, `description`) VALUES (5139, 2171, 0, "");
INSERT INTO `pool_gameobject` (`guid`, `pool_entry`, `chance`, `description`) VALUES (5135, 2171, 0, "");
INSERT INTO `pool_template` (`entry`, `max_limit`, `description`) VALUES (2305, 1, "Arathi Highlands Drywhisker Gorge Cave Local Minerals 5");
INSERT INTO `pool_gameobject` (`guid`, `pool_entry`, `chance`, `description`) VALUES (4901, 2305, 2, "");
INSERT INTO `pool_gameobject` (`guid`, `pool_entry`, `chance`, `description`) VALUES (5165, 2305, 2, "");
INSERT INTO `pool_gameobject` (`guid`, `pool_entry`, `chance`, `description`) VALUES (5221, 2305, 0, "");
INSERT INTO `pool_gameobject` (`guid`, `pool_entry`, `chance`, `description`) VALUES (4732, 2305, 10, "");
INSERT INTO `pool_gameobject` (`guid`, `pool_entry`, `chance`, `description`) VALUES (4905, 2305, 2, "");
INSERT INTO `pool_gameobject` (`guid`, `pool_entry`, `chance`, `description`) VALUES (5140, 2305, 0, "");
INSERT INTO `pool_gameobject` (`guid`, `pool_entry`, `chance`, `description`) VALUES (5138, 2305, 0, "");
INSERT INTO `pool_gameobject` (`guid`, `pool_entry`, `chance`, `description`) VALUES (4903, 2305, 2, "");
INSERT INTO `pool_gameobject` (`guid`, `pool_entry`, `chance`, `description`) VALUES (5166, 2305, 2, "");
INSERT INTO `pool_gameobject` (`guid`, `pool_entry`, `chance`, `description`) VALUES (5222, 2305, 0, "");
INSERT INTO `pool_template` (`entry`, `max_limit`, `description`) VALUES (2343, 1, "Arathi Highlands Drywhisker Gorge Cave Local Minerals 6");
INSERT INTO `pool_gameobject` (`guid`, `pool_entry`, `chance`, `description`) VALUES (5130, 2343, 0, "");
INSERT INTO `pool_gameobject` (`guid`, `pool_entry`, `chance`, `description`) VALUES (5129, 2343, 0, "");
INSERT INTO `pool_gameobject` (`guid`, `pool_entry`, `chance`, `description`) VALUES (4899, 2343, 2, "");
INSERT INTO `pool_gameobject` (`guid`, `pool_entry`, `chance`, `description`) VALUES (5220, 2343, 0, "");
INSERT INTO `pool_gameobject` (`guid`, `pool_entry`, `chance`, `description`) VALUES (5219, 2343, 0, "");
INSERT INTO `pool_gameobject` (`guid`, `pool_entry`, `chance`, `description`) VALUES (5218, 2343, 0, "");
INSERT INTO `pool_gameobject` (`guid`, `pool_entry`, `chance`, `description`) VALUES (4898, 2343, 2, "");
INSERT INTO `pool_gameobject` (`guid`, `pool_entry`, `chance`, `description`) VALUES (5128, 2343, 0, "");
INSERT INTO `pool_gameobject` (`guid`, `pool_entry`, `chance`, `description`) VALUES (4897, 2343, 2, "");
INSERT INTO `pool_gameobject` (`guid`, `pool_entry`, `chance`, `description`) VALUES (4726, 2343, 10, "");
INSERT INTO `pool_template` (`entry`, `max_limit`, `description`) VALUES (1360, 1, "Arathi Highlands Local Minerals 1");
INSERT INTO `pool_gameobject` (`guid`, `pool_entry`, `chance`, `description`) VALUES (4725, 1360, 10, "");
INSERT INTO `pool_gameobject` (`guid`, `pool_entry`, `chance`, `description`) VALUES (4896, 1360, 5, "");
INSERT INTO `pool_gameobject` (`guid`, `pool_entry`, `chance`, `description`) VALUES (5127, 1360, 0, "");
INSERT INTO `pool_template` (`entry`, `max_limit`, `description`) VALUES (1601, 1, "Arathi Highlands Local Minerals 2");
INSERT INTO `pool_gameobject` (`guid`, `pool_entry`, `chance`, `description`) VALUES (4724, 1601, 7, "");
INSERT INTO `pool_gameobject` (`guid`, `pool_entry`, `chance`, `description`) VALUES (4895, 1601, 3, "");
INSERT INTO `pool_gameobject` (`guid`, `pool_entry`, `chance`, `description`) VALUES (5124, 1601, 0, "");
INSERT INTO `pool_template` (`entry`, `max_limit`, `description`) VALUES (1909, 1, "Arathi Highlands Local Minerals 3");
INSERT INTO `pool_gameobject` (`guid`, `pool_entry`, `chance`, `description`) VALUES (4723, 1909, 4, "");
INSERT INTO `pool_gameobject` (`guid`, `pool_entry`, `chance`, `description`) VALUES (4894, 1909, 2, "");
INSERT INTO `pool_gameobject` (`guid`, `pool_entry`, `chance`, `description`) VALUES (5123, 1909, 0, "");
INSERT INTO `pool_gameobject` (`guid`, `pool_entry`, `chance`, `description`) VALUES (4722, 1909, 4, "");
INSERT INTO `pool_gameobject` (`guid`, `pool_entry`, `chance`, `description`) VALUES (4893, 1909, 2, "");
INSERT INTO `pool_gameobject` (`guid`, `pool_entry`, `chance`, `description`) VALUES (5122, 1909, 0, "");
INSERT INTO `pool_template` (`entry`, `max_limit`, `description`) VALUES (2172, 1, "Arathi Highlands Local Minerals 4");
INSERT INTO `pool_gameobject` (`guid`, `pool_entry`, `chance`, `description`) VALUES (5121, 2172, 0, "");
INSERT INTO `pool_gameobject` (`guid`, `pool_entry`, `chance`, `description`) VALUES (4721, 2172, 4, "");
INSERT INTO `pool_gameobject` (`guid`, `pool_entry`, `chance`, `description`) VALUES (4892, 2172, 2, "");
INSERT INTO `pool_gameobject` (`guid`, `pool_entry`, `chance`, `description`) VALUES (4720, 2172, 4, "");
INSERT INTO `pool_gameobject` (`guid`, `pool_entry`, `chance`, `description`) VALUES (5120, 2172, 0, "");
INSERT INTO `pool_gameobject` (`guid`, `pool_entry`, `chance`, `description`) VALUES (4891, 2172, 2, "");
INSERT INTO `pool_template` (`entry`, `max_limit`, `description`) VALUES (2306, 1, "Arathi Highlands Local Minerals 5");
INSERT INTO `pool_gameobject` (`guid`, `pool_entry`, `chance`, `description`) VALUES (5114, 2306, 0, "");
INSERT INTO `pool_gameobject` (`guid`, `pool_entry`, `chance`, `description`) VALUES (4717, 2306, 10, "");
INSERT INTO `pool_gameobject` (`guid`, `pool_entry`, `chance`, `description`) VALUES (4890, 2306, 5, "");
INSERT INTO `pool_template` (`entry`, `max_limit`, `description`) VALUES (2344, 1, "Arathi Highlands Local Minerals 6");
INSERT INTO `pool_gameobject` (`guid`, `pool_entry`, `chance`, `description`) VALUES (4716, 2344, 7, "");
INSERT INTO `pool_gameobject` (`guid`, `pool_entry`, `chance`, `description`) VALUES (4889, 2344, 3, "");
INSERT INTO `pool_gameobject` (`guid`, `pool_entry`, `chance`, `description`) VALUES (5113, 2344, 0, "");
INSERT INTO `pool_gameobject` (`guid`, `pool_entry`, `chance`, `description`) VALUES (5112, 2344, 0, "");
INSERT INTO `pool_template` (`entry`, `max_limit`, `description`) VALUES (2465, 1, "Arathi Highlands Local Minerals 7");
INSERT INTO `pool_gameobject` (`guid`, `pool_entry`, `chance`, `description`) VALUES (4715, 2465, 7, "");
INSERT INTO `pool_gameobject` (`guid`, `pool_entry`, `chance`, `description`) VALUES (4888, 2465, 3, "");
INSERT INTO `pool_gameobject` (`guid`, `pool_entry`, `chance`, `description`) VALUES (5111, 2465, 0, "");
INSERT INTO `pool_template` (`entry`, `max_limit`, `description`) VALUES (3167, 1, "Arathi Highlands Local Minerals 8");
INSERT INTO `pool_gameobject` (`guid`, `pool_entry`, `chance`, `description`) VALUES (4714, 3167, 10, "");
INSERT INTO `pool_gameobject` (`guid`, `pool_entry`, `chance`, `description`) VALUES (4887, 3167, 5, "");
INSERT INTO `pool_gameobject` (`guid`, `pool_entry`, `chance`, `description`) VALUES (5110, 3167, 0, "");
INSERT INTO `pool_template` (`entry`, `max_limit`, `description`) VALUES (3309, 1, "Arathi Highlands Local Minerals 9");
INSERT INTO `pool_gameobject` (`guid`, `pool_entry`, `chance`, `description`) VALUES (4713, 3309, 10, "");
INSERT INTO `pool_gameobject` (`guid`, `pool_entry`, `chance`, `description`) VALUES (4886, 3309, 5, "");
INSERT INTO `pool_gameobject` (`guid`, `pool_entry`, `chance`, `description`) VALUES (5109, 3309, 0, "");
INSERT INTO `pool_template` (`entry`, `max_limit`, `description`) VALUES (3457, 1, "Arathi Highlands Local Minerals 10");
INSERT INTO `pool_gameobject` (`guid`, `pool_entry`, `chance`, `description`) VALUES (4712, 3457, 8, "");
INSERT INTO `pool_gameobject` (`guid`, `pool_entry`, `chance`, `description`) VALUES (4885, 3457, 6, "");
INSERT INTO `pool_gameobject` (`guid`, `pool_entry`, `chance`, `description`) VALUES (5104, 3457, 0, "");
INSERT INTO `pool_gameobject` (`guid`, `pool_entry`, `chance`, `description`) VALUES (1319, 3457, 0, "");
INSERT INTO `pool_gameobject` (`guid`, `pool_entry`, `chance`, `description`) VALUES (4703, 3457, 4, "");
INSERT INTO `pool_template` (`entry`, `max_limit`, `description`) VALUES (3510, 1, "Arathi Highlands Local Minerals 11");
INSERT INTO `pool_gameobject` (`guid`, `pool_entry`, `chance`, `description`) VALUES (1321, 3510, 0, "");
INSERT INTO `pool_gameobject` (`guid`, `pool_entry`, `chance`, `description`) VALUES (1320, 3510, 0, "");
INSERT INTO `pool_gameobject` (`guid`, `pool_entry`, `chance`, `description`) VALUES (4707, 3510, 7, "");
INSERT INTO `pool_template` (`entry`, `max_limit`, `description`) VALUES (3539, 1, "Arathi Highlands Local Minerals 12");
INSERT INTO `pool_gameobject` (`guid`, `pool_entry`, `chance`, `description`) VALUES (4706, 3539, 7, "");
INSERT INTO `pool_gameobject` (`guid`, `pool_entry`, `chance`, `description`) VALUES (4884, 3539, 3, "");
INSERT INTO `pool_gameobject` (`guid`, `pool_entry`, `chance`, `description`) VALUES (5103, 3539, 0, "");
INSERT INTO `pool_template` (`entry`, `max_limit`, `description`) VALUES (3576, 1, "Arathi Highlands Local Minerals 13");
INSERT INTO `pool_gameobject` (`guid`, `pool_entry`, `chance`, `description`) VALUES (4701, 3576, 3, "");
INSERT INTO `pool_gameobject` (`guid`, `pool_entry`, `chance`, `description`) VALUES (5101, 3576, 0, "");
INSERT INTO `pool_gameobject` (`guid`, `pool_entry`, `chance`, `description`) VALUES (4700, 3576, 3, "");
INSERT INTO `pool_gameobject` (`guid`, `pool_entry`, `chance`, `description`) VALUES (4882, 3576, 2, "");
INSERT INTO `pool_gameobject` (`guid`, `pool_entry`, `chance`, `description`) VALUES (5100, 3576, 0, "");
INSERT INTO `pool_gameobject` (`guid`, `pool_entry`, `chance`, `description`) VALUES (4879, 3576, 2, "");
INSERT INTO `pool_template` (`entry`, `max_limit`, `description`) VALUES (3620, 1, "Arathi Highlands Local Minerals 14");
INSERT INTO `pool_gameobject` (`guid`, `pool_entry`, `chance`, `description`) VALUES (4698, 3620, 3, "");
INSERT INTO `pool_gameobject` (`guid`, `pool_entry`, `chance`, `description`) VALUES (4880, 3620, 2, "");
INSERT INTO `pool_gameobject` (`guid`, `pool_entry`, `chance`, `description`) VALUES (5098, 3620, 0, "");
INSERT INTO `pool_gameobject` (`guid`, `pool_entry`, `chance`, `description`) VALUES (4697, 3620, 3, "");
INSERT INTO `pool_gameobject` (`guid`, `pool_entry`, `chance`, `description`) VALUES (4878, 3620, 2, "");
INSERT INTO `pool_gameobject` (`guid`, `pool_entry`, `chance`, `description`) VALUES (5097, 3620, 0, "");
INSERT INTO `pool_template` (`entry`, `max_limit`, `description`) VALUES (3653, 1, "Arathi Highlands Local Minerals 15");
INSERT INTO `pool_gameobject` (`guid`, `pool_entry`, `chance`, `description`) VALUES (4699, 3653, 7, "");
INSERT INTO `pool_gameobject` (`guid`, `pool_entry`, `chance`, `description`) VALUES (4881, 3653, 3, "");
INSERT INTO `pool_gameobject` (`guid`, `pool_entry`, `chance`, `description`) VALUES (5099, 3653, 0, "");
INSERT INTO `pool_template` (`entry`, `max_limit`, `description`) VALUES (3668, 1, "Arathi Highlands Local Minerals 16");
INSERT INTO `pool_gameobject` (`guid`, `pool_entry`, `chance`, `description`) VALUES (4689, 3668, 8, "");
INSERT INTO `pool_gameobject` (`guid`, `pool_entry`, `chance`, `description`) VALUES (4869, 3668, 4, "");
INSERT INTO `pool_gameobject` (`guid`, `pool_entry`, `chance`, `description`) VALUES (5080, 3668, 0, "");
INSERT INTO `pool_template` (`entry`, `max_limit`, `description`) VALUES (3682, 1, "Arathi Highlands Local Minerals 17");
INSERT INTO `pool_gameobject` (`guid`, `pool_entry`, `chance`, `description`) VALUES (4675, 3682, 9, "");
INSERT INTO `pool_gameobject` (`guid`, `pool_entry`, `chance`, `description`) VALUES (4856, 3682, 4, "");
INSERT INTO `pool_gameobject` (`guid`, `pool_entry`, `chance`, `description`) VALUES (5068, 3682, 0, "");
INSERT INTO `pool_template` (`entry`, `max_limit`, `description`) VALUES (3696, 1, "Arathi Highlands Local Minerals 18");
INSERT INTO `pool_gameobject` (`guid`, `pool_entry`, `chance`, `description`) VALUES (5094, 3696, 0, "");
INSERT INTO `pool_gameobject` (`guid`, `pool_entry`, `chance`, `description`) VALUES (4696, 3696, 6, "");
INSERT INTO `pool_gameobject` (`guid`, `pool_entry`, `chance`, `description`) VALUES (4877, 3696, 3, "");
INSERT INTO `pool_gameobject` (`guid`, `pool_entry`, `chance`, `description`) VALUES (5093, 3696, 0, "");
INSERT INTO `pool_template` (`entry`, `max_limit`, `description`) VALUES (3707, 1, "Arathi Highlands Local Minerals 19");
INSERT INTO `pool_gameobject` (`guid`, `pool_entry`, `chance`, `description`) VALUES (4702, 3707, 8, "");
INSERT INTO `pool_gameobject` (`guid`, `pool_entry`, `chance`, `description`) VALUES (4883, 3707, 4, "");
INSERT INTO `pool_gameobject` (`guid`, `pool_entry`, `chance`, `description`) VALUES (5102, 3707, 0, "");
INSERT INTO `pool_template` (`entry`, `max_limit`, `description`) VALUES (3712, 1, "Arathi Highlands Local Minerals 20");
INSERT INTO `pool_gameobject` (`guid`, `pool_entry`, `chance`, `description`) VALUES (4694, 3712, 9, "");
INSERT INTO `pool_gameobject` (`guid`, `pool_entry`, `chance`, `description`) VALUES (4875, 3712, 4, "");
INSERT INTO `pool_gameobject` (`guid`, `pool_entry`, `chance`, `description`) VALUES (5089, 3712, 0, "");
INSERT INTO `pool_template` (`entry`, `max_limit`, `description`) VALUES (3724, 1, "Arathi Highlands Local Minerals 21");
INSERT INTO `pool_gameobject` (`guid`, `pool_entry`, `chance`, `description`) VALUES (4874, 3724, 3, "");
INSERT INTO `pool_gameobject` (`guid`, `pool_entry`, `chance`, `description`) VALUES (4693, 3724, 6, "");
INSERT INTO `pool_gameobject` (`guid`, `pool_entry`, `chance`, `description`) VALUES (5088, 3724, 0, "");
INSERT INTO `pool_gameobject` (`guid`, `pool_entry`, `chance`, `description`) VALUES (5087, 3724, 0, "");
INSERT INTO `pool_template` (`entry`, `max_limit`, `description`) VALUES (3784, 1, "Arathi Highlands Local Minerals 22");
INSERT INTO `pool_gameobject` (`guid`, `pool_entry`, `chance`, `description`) VALUES (4687, 3784, 12, "");
INSERT INTO `pool_gameobject` (`guid`, `pool_entry`, `chance`, `description`) VALUES (4863, 3784, 8, "");
INSERT INTO `pool_gameobject` (`guid`, `pool_entry`, `chance`, `description`) VALUES (5074, 3784, 0, "");
INSERT INTO `pool_gameobject` (`guid`, `pool_entry`, `chance`, `description`) VALUES (5073, 3784, 0, "");
INSERT INTO `pool_template` (`entry`, `max_limit`, `description`) VALUES (3793, 1, "Arathi Highlands Local Minerals 23");
INSERT INTO `pool_gameobject` (`guid`, `pool_entry`, `chance`, `description`) VALUES (4862, 3793, 12, "");
INSERT INTO `pool_gameobject` (`guid`, `pool_entry`, `chance`, `description`) VALUES (5212, 3793, 0, "");
INSERT INTO `pool_gameobject` (`guid`, `pool_entry`, `chance`, `description`) VALUES (5211, 3793, 0, "");
INSERT INTO `pool_template` (`entry`, `max_limit`, `description`) VALUES (3850, 1, "Arathi Highlands Local Minerals 24");
INSERT INTO `pool_gameobject` (`guid`, `pool_entry`, `chance`, `description`) VALUES (4670, 3850, 8, "");
INSERT INTO `pool_gameobject` (`guid`, `pool_entry`, `chance`, `description`) VALUES (4854, 3850, 4, "");
INSERT INTO `pool_gameobject` (`guid`, `pool_entry`, `chance`, `description`) VALUES (5067, 3850, 0, "");
INSERT INTO `pool_template` (`entry`, `max_limit`, `description`) VALUES (3857, 1, "Arathi Highlands Local Minerals 25");
INSERT INTO `pool_gameobject` (`guid`, `pool_entry`, `chance`, `description`) VALUES (1317, 3857, 0, "");
INSERT INTO `pool_gameobject` (`guid`, `pool_entry`, `chance`, `description`) VALUES (4664, 3857, 4, "");
INSERT INTO `pool_gameobject` (`guid`, `pool_entry`, `chance`, `description`) VALUES (1318, 3857, 0, "");
INSERT INTO `pool_gameobject` (`guid`, `pool_entry`, `chance`, `description`) VALUES (4665, 3857, 7, "");
INSERT INTO `pool_template` (`entry`, `max_limit`, `description`) VALUES (3886, 1, "Arathi Highlands Local Minerals 26");
INSERT INTO `pool_gameobject` (`guid`, `pool_entry`, `chance`, `description`) VALUES (4852, 3886, 4, "");
INSERT INTO `pool_gameobject` (`guid`, `pool_entry`, `chance`, `description`) VALUES (5064, 3886, 0, "");
INSERT INTO `pool_gameobject` (`guid`, `pool_entry`, `chance`, `description`) VALUES (4668, 3886, 9, "");
INSERT INTO `pool_template` (`entry`, `max_limit`, `description`) VALUES (3996, 1, "Arathi Highlands Local Minerals 27");
INSERT INTO `pool_gameobject` (`guid`, `pool_entry`, `chance`, `description`) VALUES (4671, 3996, 8, "");
INSERT INTO `pool_gameobject` (`guid`, `pool_entry`, `chance`, `description`) VALUES (4855, 3996, 4, "");
INSERT INTO `pool_gameobject` (`guid`, `pool_entry`, `chance`, `description`) VALUES (5066, 3996, 0, "");
INSERT INTO `pool_template` (`entry`, `max_limit`, `description`) VALUES (4001, 1, "Arathi Highlands Local Minerals 28");
INSERT INTO `pool_gameobject` (`guid`, `pool_entry`, `chance`, `description`) VALUES (4686, 4001, 8, "");
INSERT INTO `pool_gameobject` (`guid`, `pool_entry`, `chance`, `description`) VALUES (5072, 4001, 0, "");
INSERT INTO `pool_gameobject` (`guid`, `pool_entry`, `chance`, `description`) VALUES (4860, 4001, 4, "");
INSERT INTO `pool_template` (`entry`, `max_limit`, `description`) VALUES (4008, 1, "Arathi Highlands Witherbark Village Cave Local Minerals 1");
INSERT INTO `pool_gameobject` (`guid`, `pool_entry`, `chance`, `description`) VALUES (4868, 4008, 3, "");
INSERT INTO `pool_gameobject` (`guid`, `pool_entry`, `chance`, `description`) VALUES (5079, 4008, 0, "");
INSERT INTO `pool_gameobject` (`guid`, `pool_entry`, `chance`, `description`) VALUES (5076, 4008, 0, "");
INSERT INTO `pool_gameobject` (`guid`, `pool_entry`, `chance`, `description`) VALUES (4864, 4008, 5, "");
INSERT INTO `pool_gameobject` (`guid`, `pool_entry`, `chance`, `description`) VALUES (5075, 4008, 0, "");
INSERT INTO `pool_template` (`entry`, `max_limit`, `description`) VALUES (4019, 1, "Arathi Highlands Witherbark Village Cave Local Minerals 2");
INSERT INTO `pool_gameobject` (`guid`, `pool_entry`, `chance`, `description`) VALUES (4688, 4019, 7, "");
INSERT INTO `pool_gameobject` (`guid`, `pool_entry`, `chance`, `description`) VALUES (4865, 4019, 3, "");
INSERT INTO `pool_gameobject` (`guid`, `pool_entry`, `chance`, `description`) VALUES (5077, 4019, 0, "");
INSERT INTO `pool_gameobject` (`guid`, `pool_entry`, `chance`, `description`) VALUES (5216, 4019, 0, "");
INSERT INTO `pool_gameobject` (`guid`, `pool_entry`, `chance`, `description`) VALUES (5215, 4019, 0, "");
INSERT INTO `pool_gameobject` (`guid`, `pool_entry`, `chance`, `description`) VALUES (5214, 4019, 0, "");
INSERT INTO `pool_template` (`entry`, `max_limit`, `description`) VALUES (4029, 1, "Arathi Highlands Witherbark Village Cave Local Minerals 3");
INSERT INTO `pool_gameobject` (`guid`, `pool_entry`, `chance`, `description`) VALUES (4695, 4029, 7, "");
INSERT INTO `pool_gameobject` (`guid`, `pool_entry`, `chance`, `description`) VALUES (4876, 4029, 5, "");
INSERT INTO `pool_gameobject` (`guid`, `pool_entry`, `chance`, `description`) VALUES (5092, 4029, 0, "");
INSERT INTO `pool_gameobject` (`guid`, `pool_entry`, `chance`, `description`) VALUES (4690, 4029, 7, "");
INSERT INTO `pool_gameobject` (`guid`, `pool_entry`, `chance`, `description`) VALUES (4871, 4029, 5, "");
INSERT INTO `pool_gameobject` (`guid`, `pool_entry`, `chance`, `description`) VALUES (5084, 4029, 0, "");
INSERT INTO `pool_gameobject` (`guid`, `pool_entry`, `chance`, `description`) VALUES (5081, 4029, 0, "");
INSERT INTO `pool_template` (`entry`, `max_limit`, `description`) VALUES (4036, 1, "Arathi Highlands Witherbark Village Cave Local Minerals 4");
INSERT INTO `pool_gameobject` (`guid`, `pool_entry`, `chance`, `description`) VALUES (4873, 4036, 10, "");
INSERT INTO `pool_gameobject` (`guid`, `pool_entry`, `chance`, `description`) VALUES (5086, 4036, 0, "");
INSERT INTO `pool_gameobject` (`guid`, `pool_entry`, `chance`, `description`) VALUES (4872, 4036, 10, "");
INSERT INTO `pool_gameobject` (`guid`, `pool_entry`, `chance`, `description`) VALUES (5085, 4036, 0, "");
INSERT INTO `pool_gameobject` (`guid`, `pool_entry`, `chance`, `description`) VALUES (4870, 4036, 10, "");
INSERT INTO `pool_gameobject` (`guid`, `pool_entry`, `chance`, `description`) VALUES (5217, 4036, 20, "");
INSERT INTO `pool_template` (`entry`, `max_limit`, `description`) VALUES (4046, 1, "Arathi Highlands Witherbark Village Cave Local Minerals 5");
INSERT INTO `pool_gameobject` (`guid`, `pool_entry`, `chance`, `description`) VALUES (4867, 4046, 10, "");
INSERT INTO `pool_gameobject` (`guid`, `pool_entry`, `chance`, `description`) VALUES (5078, 4046, 0, "");
INSERT INTO `pool_gameobject` (`guid`, `pool_entry`, `chance`, `description`) VALUES (4866, 4046, 10, "");
INSERT INTO `pool_gameobject` (`guid`, `pool_entry`, `chance`, `description`) VALUES (5213, 4046, 30, "");
INSERT INTO `pool_template` (`entry`, `max_limit`, `description`) VALUES (4060, 1, "Arathi Highlands Witherbark Village Cave Local Minerals 6");
INSERT INTO `pool_gameobject` (`guid`, `pool_entry`, `chance`, `description`) VALUES (4861, 4060, 10, "");
INSERT INTO `pool_gameobject` (`guid`, `pool_entry`, `chance`, `description`) VALUES (5071, 4060, 0, "");
INSERT INTO `pool_gameobject` (`guid`, `pool_entry`, `chance`, `description`) VALUES (5070, 4060, 0, "");
INSERT INTO `pool_gameobject` (`guid`, `pool_entry`, `chance`, `description`) VALUES (5069, 4060, 0, "");
INSERT INTO `pool_gameobject` (`guid`, `pool_entry`, `chance`, `description`) VALUES (4682, 4060, 25, "");
INSERT INTO `pool_gameobject` (`guid`, `pool_entry`, `chance`, `description`) VALUES (4857, 4060, 10, "");
INSERT INTO `pool_template` (`entry`, `max_limit`, `description`) VALUES (4073, 1, "Arathi Highlands Local Minerals 29");
INSERT INTO `pool_gameobject` (`guid`, `pool_entry`, `chance`, `description`) VALUES (4669, 4073, 6, "");
INSERT INTO `pool_gameobject` (`guid`, `pool_entry`, `chance`, `description`) VALUES (4853, 4073, 3, "");
INSERT INTO `pool_gameobject` (`guid`, `pool_entry`, `chance`, `description`) VALUES (5065, 4073, 0, "");
INSERT INTO `pool_template` (`entry`, `max_limit`, `description`) VALUES (4080, 1, "Arathi Highlands Local Minerals 30");
INSERT INTO `pool_gameobject` (`guid`, `pool_entry`, `chance`, `description`) VALUES (4663, 4080, 6, "");
INSERT INTO `pool_gameobject` (`guid`, `pool_entry`, `chance`, `description`) VALUES (4851, 4080, 2, "");
INSERT INTO `pool_gameobject` (`guid`, `pool_entry`, `chance`, `description`) VALUES (5063, 4080, 0, "");
INSERT INTO `pool_template` (`entry`, `max_limit`, `description`) VALUES (4084, 1, "Arathi Highlands Local Minerals 31");
INSERT INTO `pool_gameobject` (`guid`, `pool_entry`, `chance`, `description`) VALUES (4662, 4084, 4, "");
INSERT INTO `pool_gameobject` (`guid`, `pool_entry`, `chance`, `description`) VALUES (4850, 4084, 4, "");
INSERT INTO `pool_gameobject` (`guid`, `pool_entry`, `chance`, `description`) VALUES (5062, 4084, 0, "");
INSERT INTO `pool_gameobject` (`guid`, `pool_entry`, `chance`, `description`) VALUES (4653, 4084, 4, "");
INSERT INTO `pool_gameobject` (`guid`, `pool_entry`, `chance`, `description`) VALUES (5061, 4084, 0, "");
INSERT INTO `pool_template` (`entry`, `max_limit`, `description`) VALUES (4093, 1, "Arathi Highlands Local Minerals 32");
INSERT INTO `pool_gameobject` (`guid`, `pool_entry`, `chance`, `description`) VALUES (4650, 4093, 4, "");
INSERT INTO `pool_gameobject` (`guid`, `pool_entry`, `chance`, `description`) VALUES (4849, 4093, 2, "");
INSERT INTO `pool_gameobject` (`guid`, `pool_entry`, `chance`, `description`) VALUES (5060, 4093, 0, "");
INSERT INTO `pool_gameobject` (`guid`, `pool_entry`, `chance`, `description`) VALUES (4649, 4093, 4, "");
INSERT INTO `pool_gameobject` (`guid`, `pool_entry`, `chance`, `description`) VALUES (4844, 4093, 2, "");
INSERT INTO `pool_gameobject` (`guid`, `pool_entry`, `chance`, `description`) VALUES (5056, 4093, 0, "");
INSERT INTO `pool_template` (`entry`, `max_limit`, `description`) VALUES (4101, 1, "Arathi Highlands Local Minerals 33");
INSERT INTO `pool_gameobject` (`guid`, `pool_entry`, `chance`, `description`) VALUES (1316, 4101, 0, "");
INSERT INTO `pool_gameobject` (`guid`, `pool_entry`, `chance`, `description`) VALUES (4623, 4101, 8, "");
INSERT INTO `pool_gameobject` (`guid`, `pool_entry`, `chance`, `description`) VALUES (1315, 4101, 0, "");
INSERT INTO `pool_template` (`entry`, `max_limit`, `description`) VALUES (4112, 1, "Arathi Highlands Local Minerals 34");
INSERT INTO `pool_gameobject` (`guid`, `pool_entry`, `chance`, `description`) VALUES (4843, 4112, 2, "");
INSERT INTO `pool_gameobject` (`guid`, `pool_entry`, `chance`, `description`) VALUES (5053, 4112, 0, "");
INSERT INTO `pool_gameobject` (`guid`, `pool_entry`, `chance`, `description`) VALUES (4599, 4112, 6, "");
INSERT INTO `pool_gameobject` (`guid`, `pool_entry`, `chance`, `description`) VALUES (5048, 4112, 0, "");
INSERT INTO `pool_template` (`entry`, `max_limit`, `description`) VALUES (4119, 1, "Arathi Highlands Local Minerals 35");
INSERT INTO `pool_gameobject` (`guid`, `pool_entry`, `chance`, `description`) VALUES (4598, 4119, 5, "");
INSERT INTO `pool_gameobject` (`guid`, `pool_entry`, `chance`, `description`) VALUES (4836, 4119, 3, "");
INSERT INTO `pool_gameobject` (`guid`, `pool_entry`, `chance`, `description`) VALUES (5047, 4119, 0, "");
INSERT INTO `pool_template` (`entry`, `max_limit`, `description`) VALUES (4129, 1, "Arathi Highlands Boulderfist Hall Cave Local Minerals");
INSERT INTO `pool_gameobject` (`guid`, `pool_entry`, `chance`, `description`) VALUES (4597, 4129, 8, "");
INSERT INTO `pool_gameobject` (`guid`, `pool_entry`, `chance`, `description`) VALUES (5046, 4129, 0, "");
INSERT INTO `pool_gameobject` (`guid`, `pool_entry`, `chance`, `description`) VALUES (4833, 4129, 5, "");
INSERT INTO `pool_gameobject` (`guid`, `pool_entry`, `chance`, `description`) VALUES (4596, 4129, 4, "");
INSERT INTO `pool_gameobject` (`guid`, `pool_entry`, `chance`, `description`) VALUES (4832, 4129, 2, "");
INSERT INTO `pool_gameobject` (`guid`, `pool_entry`, `chance`, `description`) VALUES (5045, 4129, 0, "");
INSERT INTO `pool_template` (`entry`, `max_limit`, `description`) VALUES (4141, 1, "Arathi Highlands Local Minerals 36");
INSERT INTO `pool_gameobject` (`guid`, `pool_entry`, `chance`, `description`) VALUES (4831, 4141, 3, "");
INSERT INTO `pool_gameobject` (`guid`, `pool_entry`, `chance`, `description`) VALUES (4584, 4141, 7, "");
INSERT INTO `pool_gameobject` (`guid`, `pool_entry`, `chance`, `description`) VALUES (5044, 4141, 0, "");
INSERT INTO `pool_gameobject` (`guid`, `pool_entry`, `chance`, `description`) VALUES (5043, 4141, 0, "");
INSERT INTO `pool_template` (`entry`, `max_limit`, `description`) VALUES (4149, 1, "Arathi Highlands Boulderfist Hall Cave 2 Local Minerals 1");
INSERT INTO `pool_gameobject` (`guid`, `pool_entry`, `chance`, `description`) VALUES (4563, 4149, 5, "");
INSERT INTO `pool_gameobject` (`guid`, `pool_entry`, `chance`, `description`) VALUES (4827, 4149, 4, "");
INSERT INTO `pool_gameobject` (`guid`, `pool_entry`, `chance`, `description`) VALUES (5042, 4149, 0, "");
INSERT INTO `pool_gameobject` (`guid`, `pool_entry`, `chance`, `description`) VALUES (1893, 4149, 3, "");
INSERT INTO `pool_gameobject` (`guid`, `pool_entry`, `chance`, `description`) VALUES (4816, 4149, 2, "");
INSERT INTO `pool_gameobject` (`guid`, `pool_entry`, `chance`, `description`) VALUES (5033, 4149, 0, "");
INSERT INTO `pool_gameobject` (`guid`, `pool_entry`, `chance`, `description`) VALUES (1892, 4149, 3, "");
INSERT INTO `pool_gameobject` (`guid`, `pool_entry`, `chance`, `description`) VALUES (4815, 4149, 2, "");
INSERT INTO `pool_gameobject` (`guid`, `pool_entry`, `chance`, `description`) VALUES (5032, 4149, 0, "");
INSERT INTO `pool_template` (`entry`, `max_limit`, `description`) VALUES (4156, 1, "Arathi Highlands Boulderfist Hall Cave 2 Local Minerals 3");
INSERT INTO `pool_gameobject` (`guid`, `pool_entry`, `chance`, `description`) VALUES (4830, 4156, 8, "");
INSERT INTO `pool_gameobject` (`guid`, `pool_entry`, `chance`, `description`) VALUES (2026, 4156, 10, "");
INSERT INTO `pool_gameobject` (`guid`, `pool_entry`, `chance`, `description`) VALUES (5040, 4156, 0, "");
INSERT INTO `pool_gameobject` (`guid`, `pool_entry`, `chance`, `description`) VALUES (4825, 4156, 7, "");
INSERT INTO `pool_gameobject` (`guid`, `pool_entry`, `chance`, `description`) VALUES (5038, 4156, 0, "");
INSERT INTO `pool_template` (`entry`, `max_limit`, `description`) VALUES (4166, 1, "Arathi Highlands Boulderfist Hall Cave 2 Local Minerals 2");
INSERT INTO `pool_gameobject` (`guid`, `pool_entry`, `chance`, `description`) VALUES (4819, 4166, 5, "");
INSERT INTO `pool_gameobject` (`guid`, `pool_entry`, `chance`, `description`) VALUES (5036, 4166, 0, "");
INSERT INTO `pool_gameobject` (`guid`, `pool_entry`, `chance`, `description`) VALUES (1889, 4166, 10, "");
INSERT INTO `pool_gameobject` (`guid`, `pool_entry`, `chance`, `description`) VALUES (5029, 4166, 0, "");
INSERT INTO `pool_gameobject` (`guid`, `pool_entry`, `chance`, `description`) VALUES (4814, 4166, 5, "");
INSERT INTO `pool_gameobject` (`guid`, `pool_entry`, `chance`, `description`) VALUES (1888, 4166, 10, "");
INSERT INTO `pool_gameobject` (`guid`, `pool_entry`, `chance`, `description`) VALUES (4812, 4166, 5, "");
INSERT INTO `pool_gameobject` (`guid`, `pool_entry`, `chance`, `description`) VALUES (5028, 4166, 0, "");
INSERT INTO `pool_template` (`entry`, `max_limit`, `description`) VALUES (4170, 1, "Arathi Highlands Local Minerals 37");
INSERT INTO `pool_gameobject` (`guid`, `pool_entry`, `chance`, `description`) VALUES (5041, 4170, 0, "");
INSERT INTO `pool_gameobject` (`guid`, `pool_entry`, `chance`, `description`) VALUES (4562, 4170, 7, "");
INSERT INTO `pool_gameobject` (`guid`, `pool_entry`, `chance`, `description`) VALUES (4826, 4170, 4, "");
INSERT INTO `pool_template` (`entry`, `max_limit`, `description`) VALUES (4172, 1, "Arathi Highlands Local Minerals 38");
INSERT INTO `pool_gameobject` (`guid`, `pool_entry`, `chance`, `description`) VALUES (1895, 4172, 4, "");
INSERT INTO `pool_gameobject` (`guid`, `pool_entry`, `chance`, `description`) VALUES (5039, 4172, 0, "");
INSERT INTO `pool_gameobject` (`guid`, `pool_entry`, `chance`, `description`) VALUES (4822, 4172, 3, "");
INSERT INTO `pool_gameobject` (`guid`, `pool_entry`, `chance`, `description`) VALUES (1894, 4172, 4, "");
INSERT INTO `pool_gameobject` (`guid`, `pool_entry`, `chance`, `description`) VALUES (5037, 4172, 0, "");
INSERT INTO `pool_template` (`entry`, `max_limit`, `description`) VALUES (4176, 1, "Arathi Highlands Local Minerals 39");
INSERT INTO `pool_gameobject` (`guid`, `pool_entry`, `chance`, `description`) VALUES (1891, 4176, 8, "");
INSERT INTO `pool_gameobject` (`guid`, `pool_entry`, `chance`, `description`) VALUES (5030, 4176, 0, "");
INSERT INTO `pool_template` (`entry`, `max_limit`, `description`) VALUES (4184, 1, "Arathi Highlands Local Minerals 40");
INSERT INTO `pool_gameobject` (`guid`, `pool_entry`, `chance`, `description`) VALUES (5031, 4184, 0, "");
INSERT INTO `pool_gameobject` (`guid`, `pool_entry`, `chance`, `description`) VALUES (1890, 4184, 8, "");
INSERT INTO `pool_gameobject` (`guid`, `pool_entry`, `chance`, `description`) VALUES (4813, 4184, 4, "");
INSERT INTO `pool_template` (`entry`, `max_limit`, `description`) VALUES (4188, 1, "Arathi Highlands Local Minerals 41");
INSERT INTO `pool_gameobject` (`guid`, `pool_entry`, `chance`, `description`) VALUES (1314, 4188, 0, "");
INSERT INTO `pool_gameobject` (`guid`, `pool_entry`, `chance`, `description`) VALUES (1887, 4188, 8, "");
INSERT INTO `pool_template` (`entry`, `max_limit`, `description`) VALUES (4190, 1, "Arathi Highlands Local Minerals 42");
INSERT INTO `pool_gameobject` (`guid`, `pool_entry`, `chance`, `description`) VALUES (1886, 4190, 10, "");
INSERT INTO `pool_gameobject` (`guid`, `pool_entry`, `chance`, `description`) VALUES (5027, 4190, 0, "");
INSERT INTO `pool_gameobject` (`guid`, `pool_entry`, `chance`, `description`) VALUES (4811, 4190, 6, "");
INSERT INTO `pool_template` (`entry`, `max_limit`, `description`) VALUES (4192, 1, "Arathi Highlands Local Minerals 43");
INSERT INTO `pool_gameobject` (`guid`, `pool_entry`, `chance`, `description`) VALUES (1885, 4192, 8, "");
INSERT INTO `pool_gameobject` (`guid`, `pool_entry`, `chance`, `description`) VALUES (4810, 4192, 4, "");
INSERT INTO `pool_gameobject` (`guid`, `pool_entry`, `chance`, `description`) VALUES (5026, 4192, 0, "");
INSERT INTO `pool_template` (`entry`, `max_limit`, `description`) VALUES (2182, 1, "Arathi Highlands Local Minerals 44");
INSERT INTO `pool_gameobject` (`guid`, `pool_entry`, `chance`, `description`) VALUES (1884, 2182, 10, "");
INSERT INTO `pool_gameobject` (`guid`, `pool_entry`, `chance`, `description`) VALUES (1313, 2182, 0, "");
INSERT INTO `pool_gameobject` (`guid`, `pool_entry`, `chance`, `description`) VALUES (1312, 2182, 0, "");
INSERT INTO `pool_template` (`entry`, `max_limit`, `description`) VALUES (2316, 1, "Arathi Highlands Local Minerals 45");
INSERT INTO `pool_gameobject` (`guid`, `pool_entry`, `chance`, `description`) VALUES (4807, 2316, 4, "");
INSERT INTO `pool_gameobject` (`guid`, `pool_entry`, `chance`, `description`) VALUES (1883, 2316, 8, "");
INSERT INTO `pool_gameobject` (`guid`, `pool_entry`, `chance`, `description`) VALUES (5025, 2316, 0, "");
INSERT INTO `pool_template` (`entry`, `max_limit`, `description`) VALUES (2354, 1, "Arathi Highlands Local Minerals 46");
INSERT INTO `pool_gameobject` (`guid`, `pool_entry`, `chance`, `description`) VALUES (4806, 2354, 6, "");
INSERT INTO `pool_gameobject` (`guid`, `pool_entry`, `chance`, `description`) VALUES (5164, 2354, 3, "");
INSERT INTO `pool_gameobject` (`guid`, `pool_entry`, `chance`, `description`) VALUES (5210, 2354, 0, "");
INSERT INTO `pool_gameobject` (`guid`, `pool_entry`, `chance`, `description`) VALUES (5209, 2354, 0, "");
INSERT INTO `pool_template` (`entry`, `max_limit`, `description`) VALUES (2353, 1, "Arathi Highlands Local Minerals 47");
INSERT INTO `pool_gameobject` (`guid`, `pool_entry`, `chance`, `description`) VALUES (4805, 2353, 4, "");
INSERT INTO `pool_gameobject` (`guid`, `pool_entry`, `chance`, `description`) VALUES (5024, 2353, 0, "");
INSERT INTO `pool_gameobject` (`guid`, `pool_entry`, `chance`, `description`) VALUES (1882, 2353, 8, "");
INSERT INTO `pool_template` (`entry`, `max_limit`, `description`) VALUES (2355, 1, "Arathi Highlands Local Minerals 48");
INSERT INTO `pool_gameobject` (`guid`, `pool_entry`, `chance`, `description`) VALUES (5208, 2355, 0, "");
INSERT INTO `pool_gameobject` (`guid`, `pool_entry`, `chance`, `description`) VALUES (4804, 2355, 5, "");
INSERT INTO `pool_gameobject` (`guid`, `pool_entry`, `chance`, `description`) VALUES (5163, 2355, 3, "");
INSERT INTO `pool_gameobject` (`guid`, `pool_entry`, `chance`, `description`) VALUES (5202, 2355, 0, "");
INSERT INTO `pool_template` (`entry`, `max_limit`, `description`) VALUES (2472, 1, "Arathi Highlands Local Minerals 49");
INSERT INTO `pool_gameobject` (`guid`, `pool_entry`, `chance`, `description`) VALUES (1311, 2472, 0, "");
INSERT INTO `pool_gameobject` (`guid`, `pool_entry`, `chance`, `description`) VALUES (1881, 2472, 6, "");
INSERT INTO `pool_template` (`entry`, `max_limit`, `description`) VALUES (4266, 1, "Arathi Highlands Local Minerals 50");
INSERT INTO `pool_gameobject` (`guid`, `pool_entry`, `chance`, `description`) VALUES (1310, 4266, 0, "");
INSERT INTO `pool_gameobject` (`guid`, `pool_entry`, `chance`, `description`) VALUES (1880, 4266, 4, "");
INSERT INTO `pool_gameobject` (`guid`, `pool_entry`, `chance`, `description`) VALUES (1309, 4266, 0, "");
INSERT INTO `pool_gameobject` (`guid`, `pool_entry`, `chance`, `description`) VALUES (1879, 4266, 4, "");
INSERT INTO `pool_template` (`entry`, `max_limit`, `description`) VALUES (2474, 1, "Arathi Highlands Local Minerals 51");
INSERT INTO `pool_gameobject` (`guid`, `pool_entry`, `chance`, `description`) VALUES (1878, 2474, 8, "");
INSERT INTO `pool_gameobject` (`guid`, `pool_entry`, `chance`, `description`) VALUES (4803, 2474, 4, "");
INSERT INTO `pool_gameobject` (`guid`, `pool_entry`, `chance`, `description`) VALUES (5023, 2474, 0, "");
INSERT INTO `pool_template` (`entry`, `max_limit`, `description`) VALUES (2476, 1, "Arathi Highlands Local Minerals 52");
INSERT INTO `pool_gameobject` (`guid`, `pool_entry`, `chance`, `description`) VALUES (1308, 2476, 0, "");
INSERT INTO `pool_gameobject` (`guid`, `pool_entry`, `chance`, `description`) VALUES (1877, 2476, 3, "");
INSERT INTO `pool_gameobject` (`guid`, `pool_entry`, `chance`, `description`) VALUES (1307, 2476, 0, "");
INSERT INTO `pool_gameobject` (`guid`, `pool_entry`, `chance`, `description`) VALUES (1876, 2476, 3, "");
INSERT INTO `pool_gameobject` (`guid`, `pool_entry`, `chance`, `description`) VALUES (1306, 2476, 0, "");
INSERT INTO `pool_template` (`entry`, `max_limit`, `description`) VALUES (3172, 1, "Arathi Highlands Local Minerals 53");
INSERT INTO `pool_gameobject` (`guid`, `pool_entry`, `chance`, `description`) VALUES (4802, 3172, 3, "");
INSERT INTO `pool_gameobject` (`guid`, `pool_entry`, `chance`, `description`) VALUES (5201, 3172, 0, "");
INSERT INTO `pool_gameobject` (`guid`, `pool_entry`, `chance`, `description`) VALUES (4801, 3172, 3, "");
INSERT INTO `pool_gameobject` (`guid`, `pool_entry`, `chance`, `description`) VALUES (5160, 3172, 3, "");
INSERT INTO `pool_gameobject` (`guid`, `pool_entry`, `chance`, `description`) VALUES (5200, 3172, 0, "");
INSERT INTO `pool_template` (`entry`, `max_limit`, `description`) VALUES (3312, 1, "Arathi Highlands Local Minerals 54");
INSERT INTO `pool_gameobject` (`guid`, `pool_entry`, `chance`, `description`) VALUES (4800, 3312, 2, "");
INSERT INTO `pool_gameobject` (`guid`, `pool_entry`, `chance`, `description`) VALUES (5022, 3312, 0, "");
INSERT INTO `pool_gameobject` (`guid`, `pool_entry`, `chance`, `description`) VALUES (4799, 3312, 2, "");
INSERT INTO `pool_gameobject` (`guid`, `pool_entry`, `chance`, `description`) VALUES (1875, 3312, 7, "");
INSERT INTO `pool_gameobject` (`guid`, `pool_entry`, `chance`, `description`) VALUES (5021, 3312, 0, "");
INSERT INTO `pool_template` (`entry`, `max_limit`, `description`) VALUES (4332, 1, "Arathi Highlands Local Minerals 55");
INSERT INTO `pool_gameobject` (`guid`, `pool_entry`, `chance`, `description`) VALUES (4798, 4332, 2, "");
INSERT INTO `pool_gameobject` (`guid`, `pool_entry`, `chance`, `description`) VALUES (1874, 4332, 7, "");
INSERT INTO `pool_gameobject` (`guid`, `pool_entry`, `chance`, `description`) VALUES (4797, 4332, 2, "");
INSERT INTO `pool_gameobject` (`guid`, `pool_entry`, `chance`, `description`) VALUES (5020, 4332, 0, "");
INSERT INTO `pool_gameobject` (`guid`, `pool_entry`, `chance`, `description`) VALUES (5005, 4332, 0, "");
INSERT INTO `pool_template` (`entry`, `max_limit`, `description`) VALUES (3314, 1, "Arathi Highlands Local Minerals 56");
INSERT INTO `pool_gameobject` (`guid`, `pool_entry`, `chance`, `description`) VALUES (1873, 3314, 4, "");
INSERT INTO `pool_gameobject` (`guid`, `pool_entry`, `chance`, `description`) VALUES (1305, 3314, 0, "");
INSERT INTO `pool_gameobject` (`guid`, `pool_entry`, `chance`, `description`) VALUES (1304, 3314, 0, "");
INSERT INTO `pool_gameobject` (`guid`, `pool_entry`, `chance`, `description`) VALUES (1785, 3314, 4, "");
INSERT INTO `pool_template` (`entry`, `max_limit`, `description`) VALUES (3316, 1, "Arathi Highlands Local Minerals 57");
INSERT INTO `pool_gameobject` (`guid`, `pool_entry`, `chance`, `description`) VALUES (4993, 3316, 0, "");
INSERT INTO `pool_gameobject` (`guid`, `pool_entry`, `chance`, `description`) VALUES (4992, 3316, 0, "");
INSERT INTO `pool_gameobject` (`guid`, `pool_entry`, `chance`, `description`) VALUES (1774, 3316, 8, "");
INSERT INTO `pool_gameobject` (`guid`, `pool_entry`, `chance`, `description`) VALUES (4794, 3316, 4, "");
INSERT INTO `pool_template` (`entry`, `max_limit`, `description`) VALUES (3318, 1, "Arathi Highlands Local Minerals 58");
INSERT INTO `pool_gameobject` (`guid`, `pool_entry`, `chance`, `description`) VALUES (4989, 3318, 0, "");
INSERT INTO `pool_gameobject` (`guid`, `pool_entry`, `chance`, `description`) VALUES (4791, 3318, 5, "");
INSERT INTO `pool_gameobject` (`guid`, `pool_entry`, `chance`, `description`) VALUES (1770, 3318, 8, "");
INSERT INTO `pool_template` (`entry`, `max_limit`, `description`) VALUES (4361, 1, "Arathi Highlands Local Minerals 59");
INSERT INTO `pool_gameobject` (`guid`, `pool_entry`, `chance`, `description`) VALUES (1303, 4361, 0, "");
INSERT INTO `pool_gameobject` (`guid`, `pool_entry`, `chance`, `description`) VALUES (1771, 4361, 5, "");
INSERT INTO `pool_gameobject` (`guid`, `pool_entry`, `chance`, `description`) VALUES (1302, 4361, 0, "");
INSERT INTO `pool_template` (`entry`, `max_limit`, `description`) VALUES (4365, 1, "Arathi Highlands Local Minerals 60");
INSERT INTO `pool_gameobject` (`guid`, `pool_entry`, `chance`, `description`) VALUES (1301, 4365, 0, "");
INSERT INTO `pool_gameobject` (`guid`, `pool_entry`, `chance`, `description`) VALUES (1769, 4365, 6, "");
INSERT INTO `pool_template` (`entry`, `max_limit`, `description`) VALUES (4367, 1, "Arathi Highlands Local Minerals 61");
INSERT INTO `pool_gameobject` (`guid`, `pool_entry`, `chance`, `description`) VALUES (1300, 4367, 0, "");
INSERT INTO `pool_gameobject` (`guid`, `pool_entry`, `chance`, `description`) VALUES (1736, 4367, 7, "");
INSERT INTO `pool_template` (`entry`, `max_limit`, `description`) VALUES (4370, 1, "Arathi Highlands Local Minerals 62");
INSERT INTO `pool_gameobject` (`guid`, `pool_entry`, `chance`, `description`) VALUES (1299, 4370, 0, "");
INSERT INTO `pool_gameobject` (`guid`, `pool_entry`, `chance`, `description`) VALUES (1298, 4370, 0, "");
INSERT INTO `pool_gameobject` (`guid`, `pool_entry`, `chance`, `description`) VALUES (1735, 4370, 8, "");
INSERT INTO `pool_template` (`entry`, `max_limit`, `description`) VALUES (4376, 1, "Arathi Highlands Local Minerals 63");
INSERT INTO `pool_gameobject` (`guid`, `pool_entry`, `chance`, `description`) VALUES (1682, 4376, 8, "");
INSERT INTO `pool_gameobject` (`guid`, `pool_entry`, `chance`, `description`) VALUES (4788, 4376, 4, "");
INSERT INTO `pool_gameobject` (`guid`, `pool_entry`, `chance`, `description`) VALUES (4988, 4376, 0, "");
INSERT INTO `pool_template` (`entry`, `max_limit`, `description`) VALUES (4381, 1, "Arathi Highlands Local Minerals 64");
INSERT INTO `pool_gameobject` (`guid`, `pool_entry`, `chance`, `description`) VALUES (1673, 4381, 10, "");
INSERT INTO `pool_gameobject` (`guid`, `pool_entry`, `chance`, `description`) VALUES (4787, 4381, 5, "");
INSERT INTO `pool_gameobject` (`guid`, `pool_entry`, `chance`, `description`) VALUES (4981, 4381, 0, "");
INSERT INTO `pool_template` (`entry`, `max_limit`, `description`) VALUES (4390, 1, "Arathi Highlands Local Minerals 65");
INSERT INTO `pool_gameobject` (`guid`, `pool_entry`, `chance`, `description`) VALUES (4786, 4390, 4, "");
INSERT INTO `pool_gameobject` (`guid`, `pool_entry`, `chance`, `description`) VALUES (1656, 4390, 4, "");
INSERT INTO `pool_gameobject` (`guid`, `pool_entry`, `chance`, `description`) VALUES (4980, 4390, 0, "");
INSERT INTO `pool_gameobject` (`guid`, `pool_entry`, `chance`, `description`) VALUES (1647, 4390, 4, "");
INSERT INTO `pool_gameobject` (`guid`, `pool_entry`, `chance`, `description`) VALUES (4979, 4390, 0, "");
INSERT INTO `pool_template` (`entry`, `max_limit`, `description`) VALUES (4396, 1, "Arathi Highlands Local Minerals 66");
INSERT INTO `pool_gameobject` (`guid`, `pool_entry`, `chance`, `description`) VALUES (1297, 4396, 0, "");
INSERT INTO `pool_gameobject` (`guid`, `pool_entry`, `chance`, `description`) VALUES (1646, 4396, 10, "");
INSERT INTO `pool_template` (`entry`, `max_limit`, `description`) VALUES (4406, 1, "Arathi Highlands Local Minerals 67");
INSERT INTO `pool_gameobject` (`guid`, `pool_entry`, `chance`, `description`) VALUES (4785, 4406, 3, "");
INSERT INTO `pool_gameobject` (`guid`, `pool_entry`, `chance`, `description`) VALUES (5157, 4406, 2, "");
INSERT INTO `pool_gameobject` (`guid`, `pool_entry`, `chance`, `description`) VALUES (5197, 4406, 0, "");
INSERT INTO `pool_gameobject` (`guid`, `pool_entry`, `chance`, `description`) VALUES (4784, 4406, 3, "");
INSERT INTO `pool_gameobject` (`guid`, `pool_entry`, `chance`, `description`) VALUES (5156, 4406, 2, "");
INSERT INTO `pool_gameobject` (`guid`, `pool_entry`, `chance`, `description`) VALUES (5192, 4406, 0, "");
INSERT INTO `pool_gameobject` (`guid`, `pool_entry`, `chance`, `description`) VALUES (4783, 4406, 3, "");
INSERT INTO `pool_gameobject` (`guid`, `pool_entry`, `chance`, `description`) VALUES (5191, 4406, 0, "");
INSERT INTO `pool_template` (`entry`, `max_limit`, `description`) VALUES (4410, 1, "Arathi Highlands Local Minerals 68");
INSERT INTO `pool_gameobject` (`guid`, `pool_entry`, `chance`, `description`) VALUES (1637, 4410, 5, "");
INSERT INTO `pool_gameobject` (`guid`, `pool_entry`, `chance`, `description`) VALUES (1296, 4410, 0, "");
INSERT INTO `pool_gameobject` (`guid`, `pool_entry`, `chance`, `description`) VALUES (1295, 4410, 0, "");
INSERT INTO `pool_template` (`entry`, `max_limit`, `description`) VALUES (4416, 1, "Arathi Highlands Local Minerals 69");
INSERT INTO `pool_gameobject` (`guid`, `pool_entry`, `chance`, `description`) VALUES (4782, 4416, 3, "");
INSERT INTO `pool_gameobject` (`guid`, `pool_entry`, `chance`, `description`) VALUES (1636, 4416, 7, "");
INSERT INTO `pool_gameobject` (`guid`, `pool_entry`, `chance`, `description`) VALUES (4978, 4416, 0, "");
INSERT INTO `pool_template` (`entry`, `max_limit`, `description`) VALUES (4423, 1, "Arathi Highlands Local Minerals 70");
INSERT INTO `pool_gameobject` (`guid`, `pool_entry`, `chance`, `description`) VALUES (1620, 4423, 9, "");
INSERT INTO `pool_gameobject` (`guid`, `pool_entry`, `chance`, `description`) VALUES (1294, 4423, 0, "");
INSERT INTO `pool_template` (`entry`, `max_limit`, `description`) VALUES (4432, 1, "Arathi Highlands Local Minerals 71");
INSERT INTO `pool_gameobject` (`guid`, `pool_entry`, `chance`, `description`) VALUES (4781, 4432, 3, "");
INSERT INTO `pool_gameobject` (`guid`, `pool_entry`, `chance`, `description`) VALUES (1619, 4432, 6, "");
INSERT INTO `pool_gameobject` (`guid`, `pool_entry`, `chance`, `description`) VALUES (4977, 4432, 0, "");
INSERT INTO `pool_template` (`entry`, `max_limit`, `description`) VALUES (4436, 1, "Arathi Highlands Local Minerals 72");
INSERT INTO `pool_gameobject` (`guid`, `pool_entry`, `chance`, `description`) VALUES (4976, 4436, 0, "");
INSERT INTO `pool_gameobject` (`guid`, `pool_entry`, `chance`, `description`) VALUES (1618, 4436, 4, "");
INSERT INTO `pool_gameobject` (`guid`, `pool_entry`, `chance`, `description`) VALUES (4780, 4436, 2, "");
INSERT INTO `pool_gameobject` (`guid`, `pool_entry`, `chance`, `description`) VALUES (4975, 4436, 0, "");
INSERT INTO `pool_gameobject` (`guid`, `pool_entry`, `chance`, `description`) VALUES (4974, 4436, 0, "");
INSERT INTO `pool_gameobject` (`guid`, `pool_entry`, `chance`, `description`) VALUES (4971, 4436, 0, "");
INSERT INTO `pool_gameobject` (`guid`, `pool_entry`, `chance`, `description`) VALUES (1578, 4436, 4, "");
INSERT INTO `pool_gameobject` (`guid`, `pool_entry`, `chance`, `description`) VALUES (4779, 4436, 2, "");
INSERT INTO `pool_template` (`entry`, `max_limit`, `description`) VALUES (4445, 1, "Arathi Highlands Local Minerals 73");
INSERT INTO `pool_gameobject` (`guid`, `pool_entry`, `chance`, `description`) VALUES (1605, 4445, 5, "");
INSERT INTO `pool_gameobject` (`guid`, `pool_entry`, `chance`, `description`) VALUES (1293, 4445, 0, "");
INSERT INTO `pool_gameobject` (`guid`, `pool_entry`, `chance`, `description`) VALUES (1292, 4445, 0, "");
INSERT INTO `pool_template` (`entry`, `max_limit`, `description`) VALUES (4458, 1, "Arathi Highlands Local Minerals 74");
INSERT INTO `pool_gameobject` (`guid`, `pool_entry`, `chance`, `description`) VALUES (1508, 4458, 8, "");
INSERT INTO `pool_gameobject` (`guid`, `pool_entry`, `chance`, `description`) VALUES (4970, 4458, 0, "");
INSERT INTO `pool_gameobject` (`guid`, `pool_entry`, `chance`, `description`) VALUES (4778, 4458, 5, "");
INSERT INTO `pool_template` (`entry`, `max_limit`, `description`) VALUES (4461, 1, "Arathi Highlands Local Minerals 75");
INSERT INTO `pool_gameobject` (`guid`, `pool_entry`, `chance`, `description`) VALUES (1462, 4461, 5, "");
INSERT INTO `pool_gameobject` (`guid`, `pool_entry`, `chance`, `description`) VALUES (1290, 4461, 0, "");
INSERT INTO `pool_gameobject` (`guid`, `pool_entry`, `chance`, `description`) VALUES (1291, 4461, 0, "");
INSERT INTO `pool_template` (`entry`, `max_limit`, `description`) VALUES (4479, 1, "Arathi Highlands Local Minerals 76");
INSERT INTO `pool_gameobject` (`guid`, `pool_entry`, `chance`, `description`) VALUES (4768, 4479, 7, "");
INSERT INTO `pool_gameobject` (`guid`, `pool_entry`, `chance`, `description`) VALUES (5155, 4479, 4, "");
INSERT INTO `pool_gameobject` (`guid`, `pool_entry`, `chance`, `description`) VALUES (5190, 4479, 0, "");
INSERT INTO `pool_template` (`entry`, `max_limit`, `description`) VALUES (4485, 1, "Arathi Highlands Local Minerals 77");
INSERT INTO `pool_gameobject` (`guid`, `pool_entry`, `chance`, `description`) VALUES (1341, 4485, 8, "");
INSERT INTO `pool_gameobject` (`guid`, `pool_entry`, `chance`, `description`) VALUES (1289, 4485, 0, "");
INSERT INTO `pool_template` (`entry`, `max_limit`, `description`) VALUES (4490, 1, "Arathi Highlands Boulderfist Outpost Cave Local Minerals 1");
INSERT INTO `pool_gameobject` (`guid`, `pool_entry`, `chance`, `description`) VALUES (1493, 4490, 4, "");
INSERT INTO `pool_gameobject` (`guid`, `pool_entry`, `chance`, `description`) VALUES (4775, 4490, 2, "");
INSERT INTO `pool_gameobject` (`guid`, `pool_entry`, `chance`, `description`) VALUES (4969, 4490, 0, "");
INSERT INTO `pool_gameobject` (`guid`, `pool_entry`, `chance`, `description`) VALUES (1442, 4490, 6, "");
INSERT INTO `pool_gameobject` (`guid`, `pool_entry`, `chance`, `description`) VALUES (4773, 4490, 4, "");
INSERT INTO `pool_gameobject` (`guid`, `pool_entry`, `chance`, `description`) VALUES (4966, 4490, 0, "");
INSERT INTO `pool_template` (`entry`, `max_limit`, `description`) VALUES (4497, 1, "Arathi Highlands Boulderfist Outpost Cave Local Minerals 2");
INSERT INTO `pool_gameobject` (`guid`, `pool_entry`, `chance`, `description`) VALUES (4967, 4497, 0, "");
INSERT INTO `pool_gameobject` (`guid`, `pool_entry`, `chance`, `description`) VALUES (1431, 4497, 12, "");
INSERT INTO `pool_gameobject` (`guid`, `pool_entry`, `chance`, `description`) VALUES (4772, 4497, 5, "");
INSERT INTO `pool_gameobject` (`guid`, `pool_entry`, `chance`, `description`) VALUES (4963, 4497, 0, "");
INSERT INTO `pool_gameobject` (`guid`, `pool_entry`, `chance`, `description`) VALUES (4770, 4497, 5, "");
INSERT INTO `pool_gameobject` (`guid`, `pool_entry`, `chance`, `description`) VALUES (4962, 4497, 0, "");
INSERT INTO `pool_template` (`entry`, `max_limit`, `description`) VALUES (4499, 1, "Arathi Highlands Boulderfist Outpost Cave Local Minerals 3");
INSERT INTO `pool_gameobject` (`guid`, `pool_entry`, `chance`, `description`) VALUES (4771, 4499, 4, "");
INSERT INTO `pool_gameobject` (`guid`, `pool_entry`, `chance`, `description`) VALUES (4956, 4499, 0, "");
INSERT INTO `pool_gameobject` (`guid`, `pool_entry`, `chance`, `description`) VALUES (1343, 4499, 7, "");
INSERT INTO `pool_gameobject` (`guid`, `pool_entry`, `chance`, `description`) VALUES (4767, 4499, 5, "");
INSERT INTO `pool_gameobject` (`guid`, `pool_entry`, `chance`, `description`) VALUES (4954, 4499, 0, "");
INSERT INTO `pool_gameobject` (`guid`, `pool_entry`, `chance`, `description`) VALUES (1342, 4499, 6, "");
INSERT INTO `pool_gameobject` (`guid`, `pool_entry`, `chance`, `description`) VALUES (4766, 4499, 5, "");
INSERT INTO `pool_gameobject` (`guid`, `pool_entry`, `chance`, `description`) VALUES (4953, 4499, 0, "");
INSERT INTO `pool_template` (`entry`, `max_limit`, `description`) VALUES (4502, 1, "Arathi Highlands Local Minerals 78");
INSERT INTO `pool_gameobject` (`guid`, `pool_entry`, `chance`, `description`) VALUES (1288, 4502, 0, "");
INSERT INTO `pool_gameobject` (`guid`, `pool_entry`, `chance`, `description`) VALUES (1340, 4502, 3, "");
INSERT INTO `pool_gameobject` (`guid`, `pool_entry`, `chance`, `description`) VALUES (4948, 4502, 0, "");
INSERT INTO `pool_gameobject` (`guid`, `pool_entry`, `chance`, `description`) VALUES (4763, 4502, 3, "");
INSERT INTO `pool_gameobject` (`guid`, `pool_entry`, `chance`, `description`) VALUES (1337, 4502, 3, "");
INSERT INTO `pool_template` (`entry`, `max_limit`, `description`) VALUES (4505, 1, "Arathi Highlands Local Minerals 79");
INSERT INTO `pool_gameobject` (`guid`, `pool_entry`, `chance`, `description`) VALUES (1466, 4505, 6, "");
INSERT INTO `pool_gameobject` (`guid`, `pool_entry`, `chance`, `description`) VALUES (4774, 4505, 3, "");
INSERT INTO `pool_gameobject` (`guid`, `pool_entry`, `chance`, `description`) VALUES (4968, 4505, 0, "");
INSERT INTO `pool_template` (`entry`, `max_limit`, `description`) VALUES (4508, 1, "Arathi Highlands Local Minerals 80");
INSERT INTO `pool_gameobject` (`guid`, `pool_entry`, `chance`, `description`) VALUES (1344, 4508, 6, "");
INSERT INTO `pool_gameobject` (`guid`, `pool_entry`, `chance`, `description`) VALUES (4769, 4508, 3, "");
INSERT INTO `pool_gameobject` (`guid`, `pool_entry`, `chance`, `description`) VALUES (4955, 4508, 0, "");
INSERT INTO `pool_template` (`entry`, `max_limit`, `description`) VALUES (4510, 1, "Arathi Highlands Local Minerals 81");
INSERT INTO `pool_gameobject` (`guid`, `pool_entry`, `chance`, `description`) VALUES (1339, 4510, 5, "");
INSERT INTO `pool_gameobject` (`guid`, `pool_entry`, `chance`, `description`) VALUES (4765, 4510, 2, "");
INSERT INTO `pool_gameobject` (`guid`, `pool_entry`, `chance`, `description`) VALUES (4950, 4510, 0, "");
INSERT INTO `pool_template` (`entry`, `max_limit`, `description`) VALUES (4513, 1, "Arathi Highlands Local Minerals 82");
INSERT INTO `pool_gameobject` (`guid`, `pool_entry`, `chance`, `description`) VALUES (4949, 4513, 0, "");
INSERT INTO `pool_gameobject` (`guid`, `pool_entry`, `chance`, `description`) VALUES (1338, 4513, 5, "");
INSERT INTO `pool_gameobject` (`guid`, `pool_entry`, `chance`, `description`) VALUES (4764, 4513, 3, "");
INSERT INTO `pool_template` (`entry`, `max_limit`, `description`) VALUES (4516, 1, "Arathi Highlands Local Minerals 83");
INSERT INTO `pool_gameobject` (`guid`, `pool_entry`, `chance`, `description`) VALUES (1287, 4516, 0, "");
INSERT INTO `pool_gameobject` (`guid`, `pool_entry`, `chance`, `description`) VALUES (1336, 4516, 3, "");
INSERT INTO `pool_gameobject` (`guid`, `pool_entry`, `chance`, `description`) VALUES (1286, 4516, 0, "");
INSERT INTO `pool_gameobject` (`guid`, `pool_entry`, `chance`, `description`) VALUES (1335, 4516, 2, "");
INSERT INTO `pool_gameobject` (`guid`, `pool_entry`, `chance`, `description`) VALUES (1285, 4516, 0, "");
INSERT INTO `pool_gameobject` (`guid`, `pool_entry`, `chance`, `description`) VALUES (1334, 4516, 2, "");
INSERT INTO `pool_gameobject` (`guid`, `pool_entry`, `chance`, `description`) VALUES (1284, 4516, 0, "");
INSERT INTO `pool_template` (`entry`, `max_limit`, `description`) VALUES (4518, 1, "Arathi Highlands Local Minerals 84");
INSERT INTO `pool_gameobject` (`guid`, `pool_entry`, `chance`, `description`) VALUES (1333, 4518, 4, "");
INSERT INTO `pool_gameobject` (`guid`, `pool_entry`, `chance`, `description`) VALUES (4762, 4518, 2, "");
INSERT INTO `pool_gameobject` (`guid`, `pool_entry`, `chance`, `description`) VALUES (4946, 4518, 0, "");
INSERT INTO `pool_gameobject` (`guid`, `pool_entry`, `chance`, `description`) VALUES (4945, 4518, 0, "");
INSERT INTO `pool_template` (`entry`, `max_limit`, `description`) VALUES (4520, 1, "Arathi Highlands Local Minerals 85");
INSERT INTO `pool_gameobject` (`guid`, `pool_entry`, `chance`, `description`) VALUES (4944, 4520, 0, "");
INSERT INTO `pool_gameobject` (`guid`, `pool_entry`, `chance`, `description`) VALUES (4760, 4520, 2, "");
INSERT INTO `pool_gameobject` (`guid`, `pool_entry`, `chance`, `description`) VALUES (4943, 4520, 0, "");
INSERT INTO `pool_gameobject` (`guid`, `pool_entry`, `chance`, `description`) VALUES (1332, 4520, 5, "");
INSERT INTO `pool_template` (`entry`, `max_limit`, `description`) VALUES (4530, 1, "Arathi Highlands Local Minerals 86");
INSERT INTO `pool_gameobject` (`guid`, `pool_entry`, `chance`, `description`) VALUES (4756, 4530, 2, "");
INSERT INTO `pool_gameobject` (`guid`, `pool_entry`, `chance`, `description`) VALUES (4941, 4530, 0, "");
INSERT INTO `pool_gameobject` (`guid`, `pool_entry`, `chance`, `description`) VALUES (1330, 4530, 4, "");
INSERT INTO `pool_gameobject` (`guid`, `pool_entry`, `chance`, `description`) VALUES (4938, 4530, 0, "");
INSERT INTO `pool_template` (`entry`, `max_limit`, `description`) VALUES (4532, 1, "Arathi Highlands Local Minerals 87");
INSERT INTO `pool_gameobject` (`guid`, `pool_entry`, `chance`, `description`) VALUES (1329, 4532, 3, "");
INSERT INTO `pool_gameobject` (`guid`, `pool_entry`, `chance`, `description`) VALUES (1283, 4532, 0, "");
INSERT INTO `pool_gameobject` (`guid`, `pool_entry`, `chance`, `description`) VALUES (1328, 4532, 3, "");
INSERT INTO `pool_gameobject` (`guid`, `pool_entry`, `chance`, `description`) VALUES (1282, 4532, 0, "");
INSERT INTO `pool_template` (`entry`, `max_limit`, `description`) VALUES (4537, 1, "Arathi Highlands Local Minerals 88");
INSERT INTO `pool_gameobject` (`guid`, `pool_entry`, `chance`, `description`) VALUES (5153, 4537, 4, "");
INSERT INTO `pool_gameobject` (`guid`, `pool_entry`, `chance`, `description`) VALUES (5188, 4537, 0, "");
INSERT INTO `pool_gameobject` (`guid`, `pool_entry`, `chance`, `description`) VALUES (4758, 4537, 10, "");
INSERT INTO `pool_gameobject` (`guid`, `pool_entry`, `chance`, `description`) VALUES (5151, 4537, 4, "");
INSERT INTO `pool_gameobject` (`guid`, `pool_entry`, `chance`, `description`) VALUES (5184, 4537, 0, "");
INSERT INTO `pool_template` (`entry`, `max_limit`, `description`) VALUES (4539, 1, "Arathi Highlands Local Minerals 89");
INSERT INTO `pool_gameobject` (`guid`, `pool_entry`, `chance`, `description`) VALUES (1281, 4539, 0, "");
INSERT INTO `pool_gameobject` (`guid`, `pool_entry`, `chance`, `description`) VALUES (1280, 4539, 0, "");
INSERT INTO `pool_template` (`entry`, `max_limit`, `description`) VALUES (4542, 1, "Arathi Highlands Local Minerals 90");
INSERT INTO `pool_gameobject` (`guid`, `pool_entry`, `chance`, `description`) VALUES (5183, 4542, 0, "");
INSERT INTO `pool_gameobject` (`guid`, `pool_entry`, `chance`, `description`) VALUES (5182, 4542, 0, "");
INSERT INTO `pool_gameobject` (`guid`, `pool_entry`, `chance`, `description`) VALUES (4753, 4542, 6, "");
INSERT INTO `pool_gameobject` (`guid`, `pool_entry`, `chance`, `description`) VALUES (5150, 4542, 5, "");
INSERT INTO `pool_gameobject` (`guid`, `pool_entry`, `chance`, `description`) VALUES (5181, 4542, 0, "");
INSERT INTO `pool_gameobject` (`guid`, `pool_entry`, `chance`, `description`) VALUES (5177, 4542, 0, "");
INSERT INTO `pool_gameobject` (`guid`, `pool_entry`, `chance`, `description`) VALUES (4750, 4542, 6, "");
INSERT INTO `pool_gameobject` (`guid`, `pool_entry`, `chance`, `description`) VALUES (5149, 4542, 5, "");
INSERT INTO `pool_gameobject` (`guid`, `pool_entry`, `chance`, `description`) VALUES (5176, 4542, 0, "");
INSERT INTO `pool_template` (`entry`, `max_limit`, `description`) VALUES (4547, 1, "Arathi Highlands Local Minerals 91");
INSERT INTO `pool_gameobject` (`guid`, `pool_entry`, `chance`, `description`) VALUES (1278, 4547, 0, "");
INSERT INTO `pool_gameobject` (`guid`, `pool_entry`, `chance`, `description`) VALUES (1277, 4547, 0, "");
INSERT INTO `pool_gameobject` (`guid`, `pool_entry`, `chance`, `description`) VALUES (1279, 4547, 50, "");
INSERT INTO `pool_template` (`entry`, `max_limit`, `description`) VALUES (4557, 1, "Arathi Highlands Local Minerals 92");
INSERT INTO `pool_gameobject` (`guid`, `pool_entry`, `chance`, `description`) VALUES (1324, 4557, 4, "");
INSERT INTO `pool_gameobject` (`guid`, `pool_entry`, `chance`, `description`) VALUES (4742, 4557, 2, "");
INSERT INTO `pool_gameobject` (`guid`, `pool_entry`, `chance`, `description`) VALUES (4920, 4557, 0, "");
INSERT INTO `pool_gameobject` (`guid`, `pool_entry`, `chance`, `description`) VALUES (1323, 4557, 4, "");
INSERT INTO `pool_gameobject` (`guid`, `pool_entry`, `chance`, `description`) VALUES (4741, 4557, 2, "");
INSERT INTO `pool_gameobject` (`guid`, `pool_entry`, `chance`, `description`) VALUES (4919, 4557, 0, "");
INSERT INTO `pool_template` (`entry`, `max_limit`, `description`) VALUES (4574, 1, "Arathi Highlands Local Minerals 93");
INSERT INTO `pool_gameobject` (`guid`, `pool_entry`, `chance`, `description`) VALUES (1245, 4574, 0, "");
INSERT INTO `pool_gameobject` (`guid`, `pool_entry`, `chance`, `description`) VALUES (1322, 4574, 10, "");
INSERT INTO `pool_gameobject` (`guid`, `pool_entry`, `chance`, `description`) VALUES (1275, 4574, 0, "");
INSERT INTO `pool_gameobject` (`guid`, `pool_entry`, `chance`, `description`) VALUES (1276, 4574, 0, "");
INSERT INTO `pool_template` (`entry`, `max_limit`, `description`) VALUES (4583, 1, "Arathi Highlands Local Minerals 94");
INSERT INTO `pool_gameobject` (`guid`, `pool_entry`, `chance`, `description`) VALUES (4737, 4583, 10, "");
INSERT INTO `pool_gameobject` (`guid`, `pool_entry`, `chance`, `description`) VALUES (5171, 4583, 0, "");
INSERT INTO `pool_gameobject` (`guid`, `pool_entry`, `chance`, `description`) VALUES (5173, 4583, 0, "");
INSERT INTO `pool_template` (`entry`, `max_limit`, `description`) VALUES (4590, 1, "Arathi Highlands Local Minerals 95");
INSERT INTO `pool_gameobject` (`guid`, `pool_entry`, `chance`, `description`) VALUES (5172, 4590, 0, "");
INSERT INTO `pool_gameobject` (`guid`, `pool_entry`, `chance`, `description`) VALUES (5174, 4590, 0, "");
INSERT INTO `pool_gameobject` (`guid`, `pool_entry`, `chance`, `description`) VALUES (4740, 4590, 10, "");
INSERT INTO `pool_gameobject` (`guid`, `pool_entry`, `chance`, `description`) VALUES (5175, 4590, 0, "");
INSERT INTO `pool_template` (`entry`, `max_limit`, `description`) VALUES (4601, 1, "Arathi Highlands Local Minerals 96");
INSERT INTO `pool_gameobject` (`guid`, `pool_entry`, `chance`, `description`) VALUES (4947, 4601, 0, "");
INSERT INTO `pool_gameobject` (`guid`, `pool_entry`, `chance`, `description`) VALUES (4761, 4601, 12, "");
INSERT INTO `pool_gameobject` (`guid`, `pool_entry`, `chance`, `description`) VALUES (5154, 4601, 8, "");
INSERT INTO `pool_gameobject` (`guid`, `pool_entry`, `chance`, `description`) VALUES (5189, 4601, 0, "");
INSERT INTO `pool_template` (`entry`, `max_limit`, `description`) VALUES (4607, 1, "Arathi Highlands Local Minerals 97");
INSERT INTO `pool_gameobject` (`guid`, `pool_entry`, `chance`, `description`) VALUES (5152, 4607, 7, "");
INSERT INTO `pool_gameobject` (`guid`, `pool_entry`, `chance`, `description`) VALUES (5187, 4607, 0, "");
INSERT INTO `pool_gameobject` (`guid`, `pool_entry`, `chance`, `description`) VALUES (5185, 4607, 0, "");
INSERT INTO `pool_gameobject` (`guid`, `pool_entry`, `chance`, `description`) VALUES (1331, 4607, 15, "");
INSERT INTO `pool_gameobject` (`guid`, `pool_entry`, `chance`, `description`) VALUES (4757, 4607, 8, "");
INSERT INTO `pool_gameobject` (`guid`, `pool_entry`, `chance`, `description`) VALUES (4942, 4607, 0, "");
INSERT INTO `pool_template` (`entry`, `max_limit`, `description`) VALUES (4612, 1, "Arathi Highlands Local Minerals 98");
INSERT INTO `pool_gameobject` (`guid`, `pool_entry`, `chance`, `description`) VALUES (5186, 4612, 0, "");
INSERT INTO `pool_gameobject` (`guid`, `pool_entry`, `chance`, `description`) VALUES (4759, 4612, 7, "");
INSERT INTO `pool_gameobject` (`guid`, `pool_entry`, `chance`, `description`) VALUES (4937, 4612, 0, "");
INSERT INTO `pool_gameobject` (`guid`, `pool_entry`, `chance`, `description`) VALUES (4934, 4612, 0, "");
INSERT INTO `pool_gameobject` (`guid`, `pool_entry`, `chance`, `description`) VALUES (4755, 4612, 8, "");
INSERT INTO `pool_template` (`entry`, `max_limit`, `description`) VALUES (4614, 1, "Arathi Highlands Local Minerals 99");
INSERT INTO `pool_gameobject` (`guid`, `pool_entry`, `chance`, `description`) VALUES (4754, 4614, 8, "");
INSERT INTO `pool_gameobject` (`guid`, `pool_entry`, `chance`, `description`) VALUES (4933, 4614, 0, "");
INSERT INTO `pool_gameobject` (`guid`, `pool_entry`, `chance`, `description`) VALUES (4751, 4614, 7, "");
INSERT INTO `pool_gameobject` (`guid`, `pool_entry`, `chance`, `description`) VALUES (5178, 4614, 0, "");
INSERT INTO `pool_template` (`entry`, `max_limit`, `description`) VALUES (4618, 1, "Arathi Highlands Local Minerals 100");
INSERT INTO `pool_gameobject` (`guid`, `pool_entry`, `chance`, `description`) VALUES (5180, 4618, 0, "");
INSERT INTO `pool_gameobject` (`guid`, `pool_entry`, `chance`, `description`) VALUES (4752, 4618, 6, "");
INSERT INTO `pool_gameobject` (`guid`, `pool_entry`, `chance`, `description`) VALUES (5179, 4618, 0, "");
INSERT INTO `pool_gameobject` (`guid`, `pool_entry`, `chance`, `description`) VALUES (1327, 4618, 15, "");
INSERT INTO `pool_gameobject` (`guid`, `pool_entry`, `chance`, `description`) VALUES (4749, 4618, 6, "");
INSERT INTO `pool_gameobject` (`guid`, `pool_entry`, `chance`, `description`) VALUES (4932, 4618, 0, "");
INSERT INTO `pool_gameobject` (`guid`, `pool_entry`, `chance`, `description`) VALUES (4931, 4618, 0, "");
INSERT INTO `pool_template` (`entry`, `max_limit`, `description`) VALUES (4625, 1, "Arathi Highlands Local Minerals 101");
INSERT INTO `pool_gameobject` (`guid`, `pool_entry`, `chance`, `description`) VALUES (4930, 4625, 50, "");
INSERT INTO `pool_gameobject` (`guid`, `pool_entry`, `chance`, `description`) VALUES (1326, 4625, 15, "");
INSERT INTO `pool_gameobject` (`guid`, `pool_entry`, `chance`, `description`) VALUES (4748, 4625, 4, "");
INSERT INTO `pool_gameobject` (`guid`, `pool_entry`, `chance`, `description`) VALUES (4747, 4625, 8, "");
INSERT INTO `pool_gameobject` (`guid`, `pool_entry`, `chance`, `description`) VALUES (4927, 4625, 0, "");
INSERT INTO `pool_template` (`entry`, `max_limit`, `description`) VALUES (4628, 1, "Arathi Highlands Local Minerals 102");
INSERT INTO `pool_gameobject` (`guid`, `pool_entry`, `chance`, `description`) VALUES (1325, 4628, 15, "");
INSERT INTO `pool_gameobject` (`guid`, `pool_entry`, `chance`, `description`) VALUES (4746, 4628, 10, "");
INSERT INTO `pool_gameobject` (`guid`, `pool_entry`, `chance`, `description`) VALUES (4926, 4628, 20, "");
INSERT INTO `pool_gameobject` (`guid`, `pool_entry`, `chance`, `description`) VALUES (4916, 4628, 0, "");
INSERT INTO `pool_gameobject` (`guid`, `pool_entry`, `chance`, `description`) VALUES (4915, 4628, 0, "");

-- Pool Pooling
INSERT INTO `pool_template` (`entry`, `max_limit`, `description`) VALUES (1361, 4, "Arathi Highlands Drywhisker Gorge Cave Mineral Nodes");
INSERT INTO `pool_pool` (`pool_id`, `mother_pool`, `chance`, `description`) VALUES (1359, 1361, 0, "");
INSERT INTO `pool_pool` (`pool_id`, `mother_pool`, `chance`, `description`) VALUES (1600, 1361, 0, "");
INSERT INTO `pool_pool` (`pool_id`, `mother_pool`, `chance`, `description`) VALUES (2171, 1361, 20, "");
INSERT INTO `pool_pool` (`pool_id`, `mother_pool`, `chance`, `description`) VALUES (1908, 1361, 0, "");
INSERT INTO `pool_pool` (`pool_id`, `mother_pool`, `chance`, `description`) VALUES (2305, 1361, 25, "");
INSERT INTO `pool_pool` (`pool_id`, `mother_pool`, `chance`, `description`) VALUES (2343, 1361, 25, "");
INSERT INTO `pool_template` (`entry`, `max_limit`, `description`) VALUES (1602, 1, "Arathi Highlands East Hammerfall Mineral Nodes");
INSERT INTO `pool_pool` (`pool_id`, `mother_pool`, `chance`, `description`) VALUES (1360, 1602, 0, "");
INSERT INTO `pool_pool` (`pool_id`, `mother_pool`, `chance`, `description`) VALUES (1601, 1602, 0, "");
INSERT INTO `pool_pool` (`pool_id`, `mother_pool`, `chance`, `description`) VALUES (1909, 1602, 0, "");
INSERT INTO `pool_template` (`entry`, `max_limit`, `description`) VALUES (1910, 2, "Arathi Highlands North Hammerfall Mineral Nodes");
INSERT INTO `pool_pool` (`pool_id`, `mother_pool`, `chance`, `description`) VALUES (2306, 1910, 0, "");
INSERT INTO `pool_pool` (`pool_id`, `mother_pool`, `chance`, `description`) VALUES (2344, 1910, 0, "");
INSERT INTO `pool_pool` (`pool_id`, `mother_pool`, `chance`, `description`) VALUES (3653, 1910, 0, "");
INSERT INTO `pool_pool` (`pool_id`, `mother_pool`, `chance`, `description`) VALUES (3668, 1910, 0, "");
INSERT INTO `pool_pool` (`pool_id`, `mother_pool`, `chance`, `description`) VALUES (3682, 1910, 0, "");
INSERT INTO `pool_template` (`entry`, `max_limit`, `description`) VALUES (2173, 1, "Arathi Highlands South Hammerfall Mineral Nodes");
INSERT INTO `pool_pool` (`pool_id`, `mother_pool`, `chance`, `description`) VALUES (2172, 2173, 0, "");
INSERT INTO `pool_pool` (`pool_id`, `mother_pool`, `chance`, `description`) VALUES (2465, 2173, 0, "");
INSERT INTO `pool_template` (`entry`, `max_limit`, `description`) VALUES (2307, 1, "Arathi Highlands South Hammerfall Mineral Nodes");
INSERT INTO `pool_pool` (`pool_id`, `mother_pool`, `chance`, `description`) VALUES (3539, 2307, 0, "");
INSERT INTO `pool_pool` (`pool_id`, `mother_pool`, `chance`, `description`) VALUES (3576, 2307, 0, "");
INSERT INTO `pool_pool` (`pool_id`, `mother_pool`, `chance`, `description`) VALUES (3620, 2307, 0, "");
INSERT INTO `pool_pool` (`pool_id`, `mother_pool`, `chance`, `description`) VALUES (3696, 2307, 40, "");
INSERT INTO `pool_template` (`entry`, `max_limit`, `description`) VALUES (2345, 1, "Arathi Highlands East Witherbark Village Mineral Nodes");
INSERT INTO `pool_pool` (`pool_id`, `mother_pool`, `chance`, `description`) VALUES (3167, 2345, 0, "");
INSERT INTO `pool_pool` (`pool_id`, `mother_pool`, `chance`, `description`) VALUES (3309, 2345, 0, "");
INSERT INTO `pool_pool` (`pool_id`, `mother_pool`, `chance`, `description`) VALUES (3510, 2345, 0, "");
INSERT INTO `pool_template` (`entry`, `max_limit`, `description`) VALUES (2466, 2, "Arathi Highlands Near Witherbark Village Mineral Nodes");
INSERT INTO `pool_pool` (`pool_id`, `mother_pool`, `chance`, `description`) VALUES (3457, 2466, 0, "");
INSERT INTO `pool_pool` (`pool_id`, `mother_pool`, `chance`, `description`) VALUES (3707, 2466, 0, "");
INSERT INTO `pool_pool` (`pool_id`, `mother_pool`, `chance`, `description`) VALUES (3712, 2466, 0, "");
INSERT INTO `pool_pool` (`pool_id`, `mother_pool`, `chance`, `description`) VALUES (3724, 2466, 0, "");
INSERT INTO `pool_pool` (`pool_id`, `mother_pool`, `chance`, `description`) VALUES (3784, 2466, 0, "");
INSERT INTO `pool_pool` (`pool_id`, `mother_pool`, `chance`, `description`) VALUES (3793, 2466, 0, "");
INSERT INTO `pool_pool` (`pool_id`, `mother_pool`, `chance`, `description`) VALUES (3850, 2466, 0, "");
INSERT INTO `pool_template` (`entry`, `max_limit`, `description`) VALUES (3168, 3, "Arathi Highlands Witherbark Village Cave Mineral Nodes");
INSERT INTO `pool_pool` (`pool_id`, `mother_pool`, `chance`, `description`) VALUES (4029, 3168, 0, "");
INSERT INTO `pool_pool` (`pool_id`, `mother_pool`, `chance`, `description`) VALUES (4036, 3168, 0, "");
INSERT INTO `pool_pool` (`pool_id`, `mother_pool`, `chance`, `description`) VALUES (4019, 3168, 30, "");
INSERT INTO `pool_pool` (`pool_id`, `mother_pool`, `chance`, `description`) VALUES (4008, 3168, 20, "");
INSERT INTO `pool_pool` (`pool_id`, `mother_pool`, `chance`, `description`) VALUES (4046, 3168, 0, "");
INSERT INTO `pool_pool` (`pool_id`, `mother_pool`, `chance`, `description`) VALUES (4060, 3168, 0, "");
INSERT INTO `pool_template` (`entry`, `max_limit`, `description`) VALUES (3310, 2, "Arathi Highlands West Witherbark Village Mineral Nodes");
INSERT INTO `pool_pool` (`pool_id`, `mother_pool`, `chance`, `description`) VALUES (4001, 3310, 0, "");
INSERT INTO `pool_pool` (`pool_id`, `mother_pool`, `chance`, `description`) VALUES (3996, 3310, 0, "");
INSERT INTO `pool_pool` (`pool_id`, `mother_pool`, `chance`, `description`) VALUES (3886, 3310, 0, "");
INSERT INTO `pool_pool` (`pool_id`, `mother_pool`, `chance`, `description`) VALUES (3857, 3310, 25, "");
INSERT INTO `pool_pool` (`pool_id`, `mother_pool`, `chance`, `description`) VALUES (4093, 3310, 0, "");
INSERT INTO `pool_template` (`entry`, `max_limit`, `description`) VALUES (3458, 1, "Arathi Highlands Circle of East Binding Mineral Nodes");
INSERT INTO `pool_pool` (`pool_id`, `mother_pool`, `chance`, `description`) VALUES (4073, 3458, 0, "");
INSERT INTO `pool_pool` (`pool_id`, `mother_pool`, `chance`, `description`) VALUES (4084, 3458, 0, "");
INSERT INTO `pool_pool` (`pool_id`, `mother_pool`, `chance`, `description`) VALUES (4101, 3458, 0, "");
INSERT INTO `pool_template` (`entry`, `max_limit`, `description`) VALUES (3511, 1, "Arathi Highlands South West Hammerfall Road Mineral Nodes");
INSERT INTO `pool_pool` (`pool_id`, `mother_pool`, `chance`, `description`) VALUES (4080, 3511, 0, "");
INSERT INTO `pool_pool` (`pool_id`, `mother_pool`, `chance`, `description`) VALUES (4112, 3511, 0, "");
INSERT INTO `pool_pool` (`pool_id`, `mother_pool`, `chance`, `description`) VALUES (4172, 3511, 0, "");
INSERT INTO `pool_template` (`entry`, `max_limit`, `description`) VALUES (3540, 1, "Arathi Highlands Boulderfist Hall Cave 1 Mineral Nodes");
INSERT INTO `pool_pool` (`pool_id`, `mother_pool`, `chance`, `description`) VALUES (4119, 3540, 0, "");
INSERT INTO `pool_pool` (`pool_id`, `mother_pool`, `chance`, `description`) VALUES (4129, 3540, 60, "");
INSERT INTO `pool_pool` (`pool_id`, `mother_pool`, `chance`, `description`) VALUES (4141, 3540, 0, "");
INSERT INTO `pool_template` (`entry`, `max_limit`, `description`) VALUES (3577, 3, "Arathi Highlands Boulderfist Hall Cave 2 Mineral Nodes");
INSERT INTO `pool_pool` (`pool_id`, `mother_pool`, `chance`, `description`) VALUES (4156, 3577, 0, "");
INSERT INTO `pool_pool` (`pool_id`, `mother_pool`, `chance`, `description`) VALUES (4149, 3577, 0, "");
INSERT INTO `pool_pool` (`pool_id`, `mother_pool`, `chance`, `description`) VALUES (4166, 3577, 0, "");
INSERT INTO `pool_pool` (`pool_id`, `mother_pool`, `chance`, `description`) VALUES (4192, 3577, 15, "");
INSERT INTO `pool_template` (`entry`, `max_limit`, `description`) VALUES (3654, 2, "Arathi Highlands Near Boulderfist Hall Mineral Nodes");
INSERT INTO `pool_pool` (`pool_id`, `mother_pool`, `chance`, `description`) VALUES (4176, 3654, 0, "");
INSERT INTO `pool_pool` (`pool_id`, `mother_pool`, `chance`, `description`) VALUES (4184, 3654, 0, "");
INSERT INTO `pool_pool` (`pool_id`, `mother_pool`, `chance`, `description`) VALUES (2316, 3654, 0, "");
INSERT INTO `pool_pool` (`pool_id`, `mother_pool`, `chance`, `description`) VALUES (2354, 3654, 0, "");
INSERT INTO `pool_pool` (`pool_id`, `mother_pool`, `chance`, `description`) VALUES (2355, 3654, 0, "");
INSERT INTO `pool_template` (`entry`, `max_limit`, `description`) VALUES (3669, 2, "Arathi Highlands Near Middle Road Mineral Nodes");
INSERT INTO `pool_pool` (`pool_id`, `mother_pool`, `chance`, `description`) VALUES (4170, 3669, 0, "");
INSERT INTO `pool_pool` (`pool_id`, `mother_pool`, `chance`, `description`) VALUES (2472, 3669, 0, "");
INSERT INTO `pool_pool` (`pool_id`, `mother_pool`, `chance`, `description`) VALUES (3172, 3669, 0, "");
INSERT INTO `pool_pool` (`pool_id`, `mother_pool`, `chance`, `description`) VALUES (2476, 3669, 0, "");
INSERT INTO `pool_template` (`entry`, `max_limit`, `description`) VALUES (3683, 1, "Arathi Highlands Near Dabyries Farmstead Mineral Nodes");
INSERT INTO `pool_pool` (`pool_id`, `mother_pool`, `chance`, `description`) VALUES (4188, 3683, 0, "");
INSERT INTO `pool_pool` (`pool_id`, `mother_pool`, `chance`, `description`) VALUES (2353, 3683, 0, "");
INSERT INTO `pool_pool` (`pool_id`, `mother_pool`, `chance`, `description`) VALUES (4266, 3683, 0, "");
INSERT INTO `pool_template` (`entry`, `max_limit`, `description`) VALUES (3708, 1, "Arathi Highlands Above Refuge Pointe Mineral Nodes");
INSERT INTO `pool_pool` (`pool_id`, `mother_pool`, `chance`, `description`) VALUES (4190, 3708, 0, "");
INSERT INTO `pool_pool` (`pool_id`, `mother_pool`, `chance`, `description`) VALUES (2182, 3708, 0, "");
INSERT INTO `pool_pool` (`pool_id`, `mother_pool`, `chance`, `description`) VALUES (2474, 3708, 0, "");
INSERT INTO `pool_template` (`entry`, `max_limit`, `description`) VALUES (3713, 1, "Arathi Highlands Northfold Manor Hills Mineral Nodes 1");
INSERT INTO `pool_pool` (`pool_id`, `mother_pool`, `chance`, `description`) VALUES (3312, 3713, 0, "");
INSERT INTO `pool_pool` (`pool_id`, `mother_pool`, `chance`, `description`) VALUES (4332, 3713, 0, "");
INSERT INTO `pool_pool` (`pool_id`, `mother_pool`, `chance`, `description`) VALUES (3318, 3713, 0, "");
INSERT INTO `pool_template` (`entry`, `max_limit`, `description`) VALUES (3725, 1, "Arathi Highlands Northfold Manor Hills Mineral Nodes 2");
INSERT INTO `pool_pool` (`pool_id`, `mother_pool`, `chance`, `description`) VALUES (4381, 3725, 0, "");
INSERT INTO `pool_pool` (`pool_id`, `mother_pool`, `chance`, `description`) VALUES (4416, 3725, 0, "");
INSERT INTO `pool_pool` (`pool_id`, `mother_pool`, `chance`, `description`) VALUES (4436, 3725, 0, "");
INSERT INTO `pool_pool` (`pool_id`, `mother_pool`, `chance`, `description`) VALUES (4445, 3725, 0, "");
INSERT INTO `pool_template` (`entry`, `max_limit`, `description`) VALUES (3785, 1, "Arathi Highlands Northfold Manor Hills Mineral Nodes 3");
INSERT INTO `pool_pool` (`pool_id`, `mother_pool`, `chance`, `description`) VALUES (4508, 3785, 0, "");
INSERT INTO `pool_pool` (`pool_id`, `mother_pool`, `chance`, `description`) VALUES (4510, 3785, 0, "");
INSERT INTO `pool_pool` (`pool_id`, `mother_pool`, `chance`, `description`) VALUES (4518, 3785, 0, "");
INSERT INTO `pool_template` (`entry`, `max_limit`, `description`) VALUES (3794, 2, "Arathi Highlands West Refuge Pointe Mineral Nodes");
INSERT INTO `pool_pool` (`pool_id`, `mother_pool`, `chance`, `description`) VALUES (3314, 3794, 0, "");
INSERT INTO `pool_pool` (`pool_id`, `mother_pool`, `chance`, `description`) VALUES (4376, 3794, 0, "");
INSERT INTO `pool_pool` (`pool_id`, `mother_pool`, `chance`, `description`) VALUES (4390, 3794, 0, "");
INSERT INTO `pool_pool` (`pool_id`, `mother_pool`, `chance`, `description`) VALUES (4365, 3794, 0, "");
INSERT INTO `pool_template` (`entry`, `max_limit`, `description`) VALUES (3851, 1, "Arathi Highlands Thandol Span Mineral Nodes");
INSERT INTO `pool_pool` (`pool_id`, `mother_pool`, `chance`, `description`) VALUES (3316, 3851, 0, "");
INSERT INTO `pool_pool` (`pool_id`, `mother_pool`, `chance`, `description`) VALUES (4367, 3851, 0, "");
INSERT INTO `pool_pool` (`pool_id`, `mother_pool`, `chance`, `description`) VALUES (4396, 3851, 0, "");
INSERT INTO `pool_template` (`entry`, `max_limit`, `description`) VALUES (3858, 1, "Arathi Highlands Circle of Inner Binding Road Mineral Nodes");
INSERT INTO `pool_pool` (`pool_id`, `mother_pool`, `chance`, `description`) VALUES (4361, 3858, 0, "");
INSERT INTO `pool_pool` (`pool_id`, `mother_pool`, `chance`, `description`) VALUES (4370, 3858, 0, "");
INSERT INTO `pool_pool` (`pool_id`, `mother_pool`, `chance`, `description`) VALUES (4410, 3858, 0, "");
INSERT INTO `pool_template` (`entry`, `max_limit`, `description`) VALUES (3887, 2, "Arathi Highlands Circle of Inner Binding Mineral Nodes");
INSERT INTO `pool_pool` (`pool_id`, `mother_pool`, `chance`, `description`) VALUES (4406, 3887, 0, "");
INSERT INTO `pool_pool` (`pool_id`, `mother_pool`, `chance`, `description`) VALUES (4423, 3887, 0, "");
INSERT INTO `pool_pool` (`pool_id`, `mother_pool`, `chance`, `description`) VALUES (4432, 3887, 0, "");
INSERT INTO `pool_pool` (`pool_id`, `mother_pool`, `chance`, `description`) VALUES (4458, 3887, 0, "");
INSERT INTO `pool_pool` (`pool_id`, `mother_pool`, `chance`, `description`) VALUES (4461, 3887, 0, "");
INSERT INTO `pool_pool` (`pool_id`, `mother_pool`, `chance`, `description`) VALUES (4479, 3887, 0, "");
INSERT INTO `pool_pool` (`pool_id`, `mother_pool`, `chance`, `description`) VALUES (4485, 3887, 0, "");
INSERT INTO `pool_template` (`entry`, `max_limit`, `description`) VALUES (3997, 2, "Arathi Highlands Boulderfist Outpost Cave Mineral Nodes");
INSERT INTO `pool_pool` (`pool_id`, `mother_pool`, `chance`, `description`) VALUES (4490, 3997, 0, "");
INSERT INTO `pool_pool` (`pool_id`, `mother_pool`, `chance`, `description`) VALUES (4497, 3997, 0, "");
INSERT INTO `pool_pool` (`pool_id`, `mother_pool`, `chance`, `description`) VALUES (4499, 3997, 0, "");
INSERT INTO `pool_template` (`entry`, `max_limit`, `description`) VALUES (4002, 2, "Arathi Highlands Im so Bored of Pools Mineral Nodes");
INSERT INTO `pool_pool` (`pool_id`, `mother_pool`, `chance`, `description`) VALUES (4505, 4002, 0, "");
INSERT INTO `pool_pool` (`pool_id`, `mother_pool`, `chance`, `description`) VALUES (4502, 4002, 0, "");
INSERT INTO `pool_pool` (`pool_id`, `mother_pool`, `chance`, `description`) VALUES (4539, 4002, 0, "");
INSERT INTO `pool_pool` (`pool_id`, `mother_pool`, `chance`, `description`) VALUES (4574, 4002, 35, "");
INSERT INTO `pool_template` (`entry`, `max_limit`, `description`) VALUES (4009, 1, "Arathi Highlands Circle of West Binding Mineral Nodes");
INSERT INTO `pool_pool` (`pool_id`, `mother_pool`, `chance`, `description`) VALUES (4513, 4009, 0, "");
INSERT INTO `pool_pool` (`pool_id`, `mother_pool`, `chance`, `description`) VALUES (4516, 4009, 0, "");
INSERT INTO `pool_pool` (`pool_id`, `mother_pool`, `chance`, `description`) VALUES (4520, 4009, 0, "");
INSERT INTO `pool_template` (`entry`, `max_limit`, `description`) VALUES (4020, 2, "Arathi Highlands Entrance Road Mineral Nodes");
INSERT INTO `pool_pool` (`pool_id`, `mother_pool`, `chance`, `description`) VALUES (4530, 4020, 0, "");
INSERT INTO `pool_pool` (`pool_id`, `mother_pool`, `chance`, `description`) VALUES (4532, 4020, 0, "");
INSERT INTO `pool_pool` (`pool_id`, `mother_pool`, `chance`, `description`) VALUES (4547, 4020, 35, "");
INSERT INTO `pool_pool` (`pool_id`, `mother_pool`, `chance`, `description`) VALUES (4557, 4020, 0, "");
INSERT INTO `pool_template` (`entry`, `max_limit`, `description`) VALUES (4037, 2, "Arathi Highlands Near Stromgarde Keep Mineral Nodes");
INSERT INTO `pool_pool` (`pool_id`, `mother_pool`, `chance`, `description`) VALUES (4542, 4037, 0, "");
INSERT INTO `pool_pool` (`pool_id`, `mother_pool`, `chance`, `description`) VALUES (4537, 4037, 0, "");
INSERT INTO `pool_pool` (`pool_id`, `mother_pool`, `chance`, `description`) VALUES (4590, 4037, 0, "");
INSERT INTO `pool_pool` (`pool_id`, `mother_pool`, `chance`, `description`) VALUES (4583, 4037, 0, "");
INSERT INTO `pool_template` (`entry`, `max_limit`, `description`) VALUES (4047, 2, "Arathi Highlands Faldirs Cove Mineral Nodes 1");
INSERT INTO `pool_pool` (`pool_id`, `mother_pool`, `chance`, `description`) VALUES (4601, 4047, 0, "");
INSERT INTO `pool_pool` (`pool_id`, `mother_pool`, `chance`, `description`) VALUES (4607, 4047, 0, "");
INSERT INTO `pool_pool` (`pool_id`, `mother_pool`, `chance`, `description`) VALUES (4612, 4047, 0, "");
INSERT INTO `pool_template` (`entry`, `max_limit`, `description`) VALUES (4061, 2, "Arathi Highlands Faldirs Cove Mineral Nodes 2");
INSERT INTO `pool_pool` (`pool_id`, `mother_pool`, `chance`, `description`) VALUES (4614, 4061, 0, "");
INSERT INTO `pool_pool` (`pool_id`, `mother_pool`, `chance`, `description`) VALUES (4618, 4061, 0, "");
INSERT INTO `pool_pool` (`pool_id`, `mother_pool`, `chance`, `description`) VALUES (4625, 4061, 0, "");
INSERT INTO `pool_pool` (`pool_id`, `mother_pool`, `chance`, `description`) VALUES (4628, 4061, 0, "");

-- Badlands
-- Local Pooling
INSERT INTO `pool_template` (`entry`, `max_limit`, `description`) VALUES (1318, 1, "Badlands Local Minerals 1");
INSERT INTO `pool_gameobject` (`guid`, `pool_entry`, `chance`, `description`) VALUES (5466, 1318, 8, "");
INSERT INTO `pool_gameobject` (`guid`, `pool_entry`, `chance`, `description`) VALUES (5630, 1318, 4, "");
INSERT INTO `pool_gameobject` (`guid`, `pool_entry`, `chance`, `description`) VALUES (5716, 1318, 0, "");
INSERT INTO `pool_template` (`entry`, `max_limit`, `description`) VALUES (1561, 1, "Badlands Local Minerals 2");
INSERT INTO `pool_gameobject` (`guid`, `pool_entry`, `chance`, `description`) VALUES (5717, 1561, 0, "");
INSERT INTO `pool_gameobject` (`guid`, `pool_entry`, `chance`, `description`) VALUES (5465, 1561, 6, "");
INSERT INTO `pool_template` (`entry`, `max_limit`, `description`) VALUES (1667, 1, "Badlands Local Minerals 3");
INSERT INTO `pool_gameobject` (`guid`, `pool_entry`, `chance`, `description`) VALUES (5464, 1667, 6, "");
INSERT INTO `pool_gameobject` (`guid`, `pool_entry`, `chance`, `description`) VALUES (5629, 1667, 3, "");
INSERT INTO `pool_gameobject` (`guid`, `pool_entry`, `chance`, `description`) VALUES (5715, 1667, 0, "");
INSERT INTO `pool_template` (`entry`, `max_limit`, `description`) VALUES (1743, 1, "Badlands Local Minerals 4");
INSERT INTO `pool_gameobject` (`guid`, `pool_entry`, `chance`, `description`) VALUES (5463, 1743, 6, "");
INSERT INTO `pool_gameobject` (`guid`, `pool_entry`, `chance`, `description`) VALUES (5714, 1743, 0, "");
INSERT INTO `pool_gameobject` (`guid`, `pool_entry`, `chance`, `description`) VALUES (5628, 1743, 3, "");
INSERT INTO `pool_template` (`entry`, `max_limit`, `description`) VALUES (1789, 1, "Badlands Local Minerals 5");
INSERT INTO `pool_gameobject` (`guid`, `pool_entry`, `chance`, `description`) VALUES (5462, 1789, 6, "");
INSERT INTO `pool_gameobject` (`guid`, `pool_entry`, `chance`, `description`) VALUES (5627, 1789, 3, "");
INSERT INTO `pool_gameobject` (`guid`, `pool_entry`, `chance`, `description`) VALUES (5713, 1789, 0, "");
INSERT INTO `pool_template` (`entry`, `max_limit`, `description`) VALUES (1872, 1, "Badlands Local Minerals 6");
INSERT INTO `pool_gameobject` (`guid`, `pool_entry`, `chance`, `description`) VALUES (5626, 1872, 3, "");
INSERT INTO `pool_gameobject` (`guid`, `pool_entry`, `chance`, `description`) VALUES (5712, 1872, 0, "");
INSERT INTO `pool_gameobject` (`guid`, `pool_entry`, `chance`, `description`) VALUES (5461, 1872, 6, "");
INSERT INTO `pool_template` (`entry`, `max_limit`, `description`) VALUES (1976, 1, "Badlands Local Minerals 7");
INSERT INTO `pool_gameobject` (`guid`, `pool_entry`, `chance`, `description`) VALUES (5458, 1976, 4, "");
INSERT INTO `pool_gameobject` (`guid`, `pool_entry`, `chance`, `description`) VALUES (5625, 1976, 2, "");
INSERT INTO `pool_gameobject` (`guid`, `pool_entry`, `chance`, `description`) VALUES (5711, 1976, 0, "");
INSERT INTO `pool_gameobject` (`guid`, `pool_entry`, `chance`, `description`) VALUES (5624, 1976, 2, "");
INSERT INTO `pool_gameobject` (`guid`, `pool_entry`, `chance`, `description`) VALUES (5457, 1976, 4, "");
INSERT INTO `pool_gameobject` (`guid`, `pool_entry`, `chance`, `description`) VALUES (5710, 1976, 0, "");
INSERT INTO `pool_template` (`entry`, `max_limit`, `description`) VALUES (2020, 1, "Badlands Local Minerals 8");
INSERT INTO `pool_gameobject` (`guid`, `pool_entry`, `chance`, `description`) VALUES (5456, 2020, 6, "");
INSERT INTO `pool_gameobject` (`guid`, `pool_entry`, `chance`, `description`) VALUES (5623, 2020, 3, "");
INSERT INTO `pool_gameobject` (`guid`, `pool_entry`, `chance`, `description`) VALUES (5709, 2020, 0, "");
INSERT INTO `pool_template` (`entry`, `max_limit`, `description`) VALUES (2142, 1, "Badlands Local Minerals 9");
INSERT INTO `pool_gameobject` (`guid`, `pool_entry`, `chance`, `description`) VALUES (5708, 2142, 0, "");
INSERT INTO `pool_gameobject` (`guid`, `pool_entry`, `chance`, `description`) VALUES (5455, 2142, 10, "");
INSERT INTO `pool_gameobject` (`guid`, `pool_entry`, `chance`, `description`) VALUES (5707, 2142, 0, "");
INSERT INTO `pool_template` (`entry`, `max_limit`, `description`) VALUES (2146, 1, "Badlands Local Minerals 10");
INSERT INTO `pool_gameobject` (`guid`, `pool_entry`, `chance`, `description`) VALUES (5622, 2146, 3, "");
INSERT INTO `pool_gameobject` (`guid`, `pool_entry`, `chance`, `description`) VALUES (5706, 2146, 0, "");
INSERT INTO `pool_gameobject` (`guid`, `pool_entry`, `chance`, `description`) VALUES (5452, 2146, 6, "");
INSERT INTO `pool_template` (`entry`, `max_limit`, `description`) VALUES (2148, 1, "Badlands Local Minerals 11");
INSERT INTO `pool_gameobject` (`guid`, `pool_entry`, `chance`, `description`) VALUES (5451, 2148, 5, "");
INSERT INTO `pool_gameobject` (`guid`, `pool_entry`, `chance`, `description`) VALUES (5705, 2148, 0, "");
INSERT INTO `pool_gameobject` (`guid`, `pool_entry`, `chance`, `description`) VALUES (5621, 2148, 5, "");
INSERT INTO `pool_gameobject` (`guid`, `pool_entry`, `chance`, `description`) VALUES (5450, 2148, 5, "");
INSERT INTO `pool_gameobject` (`guid`, `pool_entry`, `chance`, `description`) VALUES (5704, 2148, 0, "");
INSERT INTO `pool_template` (`entry`, `max_limit`, `description`) VALUES (2393, 1, "Badlands Local Minerals 12");
INSERT INTO `pool_gameobject` (`guid`, `pool_entry`, `chance`, `description`) VALUES (5449, 2393, 6, "");
INSERT INTO `pool_gameobject` (`guid`, `pool_entry`, `chance`, `description`) VALUES (5620, 2393, 3, "");
INSERT INTO `pool_gameobject` (`guid`, `pool_entry`, `chance`, `description`) VALUES (5703, 2393, 0, "");
INSERT INTO `pool_template` (`entry`, `max_limit`, `description`) VALUES (2434, 1, "Badlands Local Minerals 13");
INSERT INTO `pool_gameobject` (`guid`, `pool_entry`, `chance`, `description`) VALUES (5619, 2434, 3, "");
INSERT INTO `pool_gameobject` (`guid`, `pool_entry`, `chance`, `description`) VALUES (5448, 2434, 6, "");
INSERT INTO `pool_gameobject` (`guid`, `pool_entry`, `chance`, `description`) VALUES (5702, 2434, 0, "");
INSERT INTO `pool_template` (`entry`, `max_limit`, `description`) VALUES (3207, 1, "Badlands Local Minerals 14");
INSERT INTO `pool_gameobject` (`guid`, `pool_entry`, `chance`, `description`) VALUES (5701, 3207, 0, "");
INSERT INTO `pool_gameobject` (`guid`, `pool_entry`, `chance`, `description`) VALUES (5447, 3207, 4, "");
INSERT INTO `pool_gameobject` (`guid`, `pool_entry`, `chance`, `description`) VALUES (5618, 3207, 3, "");
INSERT INTO `pool_gameobject` (`guid`, `pool_entry`, `chance`, `description`) VALUES (5700, 3207, 0, "");
INSERT INTO `pool_template` (`entry`, `max_limit`, `description`) VALUES (3240, 1, "Badlands Local Minerals 15");
INSERT INTO `pool_gameobject` (`guid`, `pool_entry`, `chance`, `description`) VALUES (5446, 3240, 6, "");
INSERT INTO `pool_gameobject` (`guid`, `pool_entry`, `chance`, `description`) VALUES (5617, 3240, 0, "");
INSERT INTO `pool_gameobject` (`guid`, `pool_entry`, `chance`, `description`) VALUES (5699, 3240, 3, "");
INSERT INTO `pool_template` (`entry`, `max_limit`, `description`) VALUES (3272, 1, "Badlands Local Minerals 16");
INSERT INTO `pool_gameobject` (`guid`, `pool_entry`, `chance`, `description`) VALUES (5445, 3272, 4, "");
INSERT INTO `pool_gameobject` (`guid`, `pool_entry`, `chance`, `description`) VALUES (5616, 3272, 2, "");
INSERT INTO `pool_gameobject` (`guid`, `pool_entry`, `chance`, `description`) VALUES (5698, 3272, 0, "");
INSERT INTO `pool_template` (`entry`, `max_limit`, `description`) VALUES (3283, 1, "Badlands Local Minerals 17");
INSERT INTO `pool_gameobject` (`guid`, `pool_entry`, `chance`, `description`) VALUES (5291, 3283, 12, "");
INSERT INTO `pool_gameobject` (`guid`, `pool_entry`, `chance`, `description`) VALUES (5444, 3283, 3, "");
INSERT INTO `pool_gameobject` (`guid`, `pool_entry`, `chance`, `description`) VALUES (5577, 3283, 0, "");
INSERT INTO `pool_template` (`entry`, `max_limit`, `description`) VALUES (3870, 1, "Badlands Local Minerals 18");
INSERT INTO `pool_gameobject` (`guid`, `pool_entry`, `chance`, `description`) VALUES (5290, 3870, 10, "");
INSERT INTO `pool_gameobject` (`guid`, `pool_entry`, `chance`, `description`) VALUES (5576, 3870, 0, "");
INSERT INTO `pool_gameobject` (`guid`, `pool_entry`, `chance`, `description`) VALUES (5443, 3870, 3, "");
INSERT INTO `pool_template` (`entry`, `max_limit`, `description`) VALUES (4090, 1, "Badlands Local Minerals 19");
INSERT INTO `pool_gameobject` (`guid`, `pool_entry`, `chance`, `description`) VALUES (5442, 4090, 4, "");
INSERT INTO `pool_gameobject` (`guid`, `pool_entry`, `chance`, `description`) VALUES (5615, 4090, 2, "");
INSERT INTO `pool_gameobject` (`guid`, `pool_entry`, `chance`, `description`) VALUES (5697, 4090, 0, "");
INSERT INTO `pool_template` (`entry`, `max_limit`, `description`) VALUES (4139, 1, "Badlands Local Minerals 20");
INSERT INTO `pool_gameobject` (`guid`, `pool_entry`, `chance`, `description`) VALUES (5441, 4139, 2, "");
INSERT INTO `pool_gameobject` (`guid`, `pool_entry`, `chance`, `description`) VALUES (5575, 4139, 0, "");
INSERT INTO `pool_gameobject` (`guid`, `pool_entry`, `chance`, `description`) VALUES (5289, 4139, 8, "");
INSERT INTO `pool_gameobject` (`guid`, `pool_entry`, `chance`, `description`) VALUES (5440, 4139, 2, "");
INSERT INTO `pool_gameobject` (`guid`, `pool_entry`, `chance`, `description`) VALUES (5574, 4139, 0, "");
INSERT INTO `pool_template` (`entry`, `max_limit`, `description`) VALUES (4147, 1, "Badlands Local Minerals 21");
INSERT INTO `pool_gameobject` (`guid`, `pool_entry`, `chance`, `description`) VALUES (5435, 4147, 4, "");
INSERT INTO `pool_gameobject` (`guid`, `pool_entry`, `chance`, `description`) VALUES (5614, 4147, 2, "");
INSERT INTO `pool_gameobject` (`guid`, `pool_entry`, `chance`, `description`) VALUES (5696, 4147, 0, "");
INSERT INTO `pool_template` (`entry`, `max_limit`, `description`) VALUES (4162, 1, "Badlands Local Minerals 22");
INSERT INTO `pool_gameobject` (`guid`, `pool_entry`, `chance`, `description`) VALUES (5288, 4162, 8, "");
INSERT INTO `pool_gameobject` (`guid`, `pool_entry`, `chance`, `description`) VALUES (5421, 4162, 3, "");
INSERT INTO `pool_gameobject` (`guid`, `pool_entry`, `chance`, `description`) VALUES (5573, 4162, 0, "");
INSERT INTO `pool_template` (`entry`, `max_limit`, `description`) VALUES (4168, 1, "Badlands Local Minerals 23");
INSERT INTO `pool_gameobject` (`guid`, `pool_entry`, `chance`, `description`) VALUES (5420, 4168, 4, "");
INSERT INTO `pool_gameobject` (`guid`, `pool_entry`, `chance`, `description`) VALUES (5613, 4168, 2, "");
INSERT INTO `pool_gameobject` (`guid`, `pool_entry`, `chance`, `description`) VALUES (5695, 4168, 0, "");
INSERT INTO `pool_template` (`entry`, `max_limit`, `description`) VALUES (4174, 1, "Badlands Local Minerals 24");
INSERT INTO `pool_gameobject` (`guid`, `pool_entry`, `chance`, `description`) VALUES (5287, 4174, 5, "");
INSERT INTO `pool_gameobject` (`guid`, `pool_entry`, `chance`, `description`) VALUES (5417, 4174, 2, "");
INSERT INTO `pool_gameobject` (`guid`, `pool_entry`, `chance`, `description`) VALUES (5572, 4174, 0, "");
INSERT INTO `pool_gameobject` (`guid`, `pool_entry`, `chance`, `description`) VALUES (5286, 4174, 5, "");
INSERT INTO `pool_gameobject` (`guid`, `pool_entry`, `chance`, `description`) VALUES (5416, 4174, 2, "");
INSERT INTO `pool_gameobject` (`guid`, `pool_entry`, `chance`, `description`) VALUES (5571, 4174, 0, "");
INSERT INTO `pool_template` (`entry`, `max_limit`, `description`) VALUES (4375, 1, "Badlands Local Minerals 25");
INSERT INTO `pool_gameobject` (`guid`, `pool_entry`, `chance`, `description`) VALUES (5415, 4375, 4, "");
INSERT INTO `pool_gameobject` (`guid`, `pool_entry`, `chance`, `description`) VALUES (5570, 4375, 0, "");
INSERT INTO `pool_gameobject` (`guid`, `pool_entry`, `chance`, `description`) VALUES (5285, 4375, 8, "");
INSERT INTO `pool_template` (`entry`, `max_limit`, `description`) VALUES (4380, 1, "Badlands Local Minerals 26");
INSERT INTO `pool_gameobject` (`guid`, `pool_entry`, `chance`, `description`) VALUES (5569, 4380, 0, "");
INSERT INTO `pool_gameobject` (`guid`, `pool_entry`, `chance`, `description`) VALUES (5284, 4380, 6, "");
INSERT INTO `pool_gameobject` (`guid`, `pool_entry`, `chance`, `description`) VALUES (5412, 4380, 3, "");
INSERT INTO `pool_template` (`entry`, `max_limit`, `description`) VALUES (4389, 1, "Badlands Local Minerals 27");
INSERT INTO `pool_gameobject` (`guid`, `pool_entry`, `chance`, `description`) VALUES (5411, 4389, 6, "");
INSERT INTO `pool_gameobject` (`guid`, `pool_entry`, `chance`, `description`) VALUES (5612, 4389, 4, "");
INSERT INTO `pool_gameobject` (`guid`, `pool_entry`, `chance`, `description`) VALUES (5694, 4389, 0, "");
INSERT INTO `pool_template` (`entry`, `max_limit`, `description`) VALUES (4395, 1, "Badlands Local Minerals 28");
INSERT INTO `pool_gameobject` (`guid`, `pool_entry`, `chance`, `description`) VALUES (5283, 4395, 8, "");
INSERT INTO `pool_gameobject` (`guid`, `pool_entry`, `chance`, `description`) VALUES (5410, 4395, 3, "");
INSERT INTO `pool_gameobject` (`guid`, `pool_entry`, `chance`, `description`) VALUES (5568, 4395, 0, "");
INSERT INTO `pool_template` (`entry`, `max_limit`, `description`) VALUES (4405, 1, "Badlands Local Minerals 29");
INSERT INTO `pool_gameobject` (`guid`, `pool_entry`, `chance`, `description`) VALUES (5611, 4405, 2, "");
INSERT INTO `pool_gameobject` (`guid`, `pool_entry`, `chance`, `description`) VALUES (5693, 4405, 0, "");
INSERT INTO `pool_gameobject` (`guid`, `pool_entry`, `chance`, `description`) VALUES (5409, 4405, 4, "");
INSERT INTO `pool_template` (`entry`, `max_limit`, `description`) VALUES (4409, 1, "Badlands Local Minerals 30");
INSERT INTO `pool_gameobject` (`guid`, `pool_entry`, `chance`, `description`) VALUES (5567, 4409, 0, "");
INSERT INTO `pool_gameobject` (`guid`, `pool_entry`, `chance`, `description`) VALUES (5282, 4409, 8, "");
INSERT INTO `pool_gameobject` (`guid`, `pool_entry`, `chance`, `description`) VALUES (5566, 4409, 0, "");
INSERT INTO `pool_gameobject` (`guid`, `pool_entry`, `chance`, `description`) VALUES (5408, 4409, 4, "");
INSERT INTO `pool_template` (`entry`, `max_limit`, `description`) VALUES (4415, 1, "Badlands Local Minerals 31");
INSERT INTO `pool_gameobject` (`guid`, `pool_entry`, `chance`, `description`) VALUES (5564, 4415, 0, "");
INSERT INTO `pool_gameobject` (`guid`, `pool_entry`, `chance`, `description`) VALUES (5407, 4415, 2, "");
INSERT INTO `pool_gameobject` (`guid`, `pool_entry`, `chance`, `description`) VALUES (5280, 4415, 8, "");
INSERT INTO `pool_gameobject` (`guid`, `pool_entry`, `chance`, `description`) VALUES (5402, 4415, 2, "");
INSERT INTO `pool_gameobject` (`guid`, `pool_entry`, `chance`, `description`) VALUES (5560, 4415, 0, "");
INSERT INTO `pool_template` (`entry`, `max_limit`, `description`) VALUES (4422, 1, "Badlands Local Minerals 32");
INSERT INTO `pool_gameobject` (`guid`, `pool_entry`, `chance`, `description`) VALUES (5565, 4422, 0, "");
INSERT INTO `pool_gameobject` (`guid`, `pool_entry`, `chance`, `description`) VALUES (5281, 4422, 5, "");
INSERT INTO `pool_gameobject` (`guid`, `pool_entry`, `chance`, `description`) VALUES (5561, 4422, 0, "");
INSERT INTO `pool_gameobject` (`guid`, `pool_entry`, `chance`, `description`) VALUES (5401, 4422, 3, "");
INSERT INTO `pool_template` (`entry`, `max_limit`, `description`) VALUES (4431, 1, "Badlands Local Minerals 33");
INSERT INTO `pool_gameobject` (`guid`, `pool_entry`, `chance`, `description`) VALUES (5400, 4431, 3, "");
INSERT INTO `pool_gameobject` (`guid`, `pool_entry`, `chance`, `description`) VALUES (5556, 4431, 0, "");
INSERT INTO `pool_gameobject` (`guid`, `pool_entry`, `chance`, `description`) VALUES (5279, 4431, 5, "");
INSERT INTO `pool_template` (`entry`, `max_limit`, `description`) VALUES (4435, 1, "Badlands Local Minerals 34");
INSERT INTO `pool_gameobject` (`guid`, `pool_entry`, `chance`, `description`) VALUES (5393, 4435, 2, "");
INSERT INTO `pool_gameobject` (`guid`, `pool_entry`, `chance`, `description`) VALUES (5610, 4435, 1, "");
INSERT INTO `pool_gameobject` (`guid`, `pool_entry`, `chance`, `description`) VALUES (5692, 4435, 0, "");
INSERT INTO `pool_gameobject` (`guid`, `pool_entry`, `chance`, `description`) VALUES (5392, 4435, 2, "");
INSERT INTO `pool_gameobject` (`guid`, `pool_entry`, `chance`, `description`) VALUES (5609, 4435, 1, "");
INSERT INTO `pool_gameobject` (`guid`, `pool_entry`, `chance`, `description`) VALUES (5691, 4435, 0, "");
INSERT INTO `pool_template` (`entry`, `max_limit`, `description`) VALUES (1319, 1, "Badlands Local Minerals 35");
INSERT INTO `pool_gameobject` (`guid`, `pool_entry`, `chance`, `description`) VALUES (5278, 1319, 6, "");
INSERT INTO `pool_gameobject` (`guid`, `pool_entry`, `chance`, `description`) VALUES (5555, 1319, 0, "");
INSERT INTO `pool_gameobject` (`guid`, `pool_entry`, `chance`, `description`) VALUES (5554, 1319, 0, "");
INSERT INTO `pool_gameobject` (`guid`, `pool_entry`, `chance`, `description`) VALUES (5391, 1319, 3, "");
INSERT INTO `pool_template` (`entry`, `max_limit`, `description`) VALUES (1562, 1, "Badlands Local Minerals 36");
INSERT INTO `pool_gameobject` (`guid`, `pool_entry`, `chance`, `description`) VALUES (5553, 1562, 0, "");
INSERT INTO `pool_gameobject` (`guid`, `pool_entry`, `chance`, `description`) VALUES (5552, 1562, 0, "");
INSERT INTO `pool_gameobject` (`guid`, `pool_entry`, `chance`, `description`) VALUES (5277, 1562, 6, "");
INSERT INTO `pool_gameobject` (`guid`, `pool_entry`, `chance`, `description`) VALUES (5390, 1562, 2, "");
INSERT INTO `pool_template` (`entry`, `max_limit`, `description`) VALUES (1668, 1, "Badlands Local Minerals 37");
INSERT INTO `pool_gameobject` (`guid`, `pool_entry`, `chance`, `description`) VALUES (5551, 1668, 0, "");
INSERT INTO `pool_gameobject` (`guid`, `pool_entry`, `chance`, `description`) VALUES (5389, 1668, 2, "");
INSERT INTO `pool_gameobject` (`guid`, `pool_entry`, `chance`, `description`) VALUES (5550, 1668, 0, "");
INSERT INTO `pool_gameobject` (`guid`, `pool_entry`, `chance`, `description`) VALUES (5276, 1668, 5, "");
INSERT INTO `pool_template` (`entry`, `max_limit`, `description`) VALUES (1744, 1, "Badlands Local Minerals 38");
INSERT INTO `pool_gameobject` (`guid`, `pool_entry`, `chance`, `description`) VALUES (5690, 1744, 0, "");
INSERT INTO `pool_gameobject` (`guid`, `pool_entry`, `chance`, `description`) VALUES (5388, 1744, 6, "");
INSERT INTO `pool_gameobject` (`guid`, `pool_entry`, `chance`, `description`) VALUES (5608, 1744, 2, "");
INSERT INTO `pool_gameobject` (`guid`, `pool_entry`, `chance`, `description`) VALUES (5689, 1744, 0, "");
INSERT INTO `pool_template` (`entry`, `max_limit`, `description`) VALUES (1790, 1, "Badlands Local Minerals 39");
INSERT INTO `pool_gameobject` (`guid`, `pool_entry`, `chance`, `description`) VALUES (5549, 1790, 0, "");
INSERT INTO `pool_gameobject` (`guid`, `pool_entry`, `chance`, `description`) VALUES (5380, 1790, 2, "");
INSERT INTO `pool_gameobject` (`guid`, `pool_entry`, `chance`, `description`) VALUES (5275, 1790, 4, "");
INSERT INTO `pool_gameobject` (`guid`, `pool_entry`, `chance`, `description`) VALUES (5546, 1790, 0, "");
INSERT INTO `pool_template` (`entry`, `max_limit`, `description`) VALUES (1873, 1, "Badlands Local Minerals 40");
INSERT INTO `pool_gameobject` (`guid`, `pool_entry`, `chance`, `description`) VALUES (5274, 1873, 3, "");
INSERT INTO `pool_gameobject` (`guid`, `pool_entry`, `chance`, `description`) VALUES (5379, 1873, 2, "");
INSERT INTO `pool_gameobject` (`guid`, `pool_entry`, `chance`, `description`) VALUES (5545, 1873, 0, "");
INSERT INTO `pool_gameobject` (`guid`, `pool_entry`, `chance`, `description`) VALUES (5273, 1873, 3, "");
INSERT INTO `pool_gameobject` (`guid`, `pool_entry`, `chance`, `description`) VALUES (5378, 1873, 2, "");
INSERT INTO `pool_gameobject` (`guid`, `pool_entry`, `chance`, `description`) VALUES (5544, 1873, 0, "");
INSERT INTO `pool_template` (`entry`, `max_limit`, `description`) VALUES (1977, 1, "Badlands Local Minerals 41");
INSERT INTO `pool_gameobject` (`guid`, `pool_entry`, `chance`, `description`) VALUES (5377, 1977, 4, "");
INSERT INTO `pool_gameobject` (`guid`, `pool_entry`, `chance`, `description`) VALUES (5607, 1977, 2, "");
INSERT INTO `pool_gameobject` (`guid`, `pool_entry`, `chance`, `description`) VALUES (5684, 1977, 0, "");
INSERT INTO `pool_template` (`entry`, `max_limit`, `description`) VALUES (2394, 1, "Badlands Local Minerals 42");
INSERT INTO `pool_gameobject` (`guid`, `pool_entry`, `chance`, `description`) VALUES (5376, 2394, 2, "");
INSERT INTO `pool_gameobject` (`guid`, `pool_entry`, `chance`, `description`) VALUES (5272, 2394, 3, "");
INSERT INTO `pool_gameobject` (`guid`, `pool_entry`, `chance`, `description`) VALUES (5543, 2394, 0, "");
INSERT INTO `pool_gameobject` (`guid`, `pool_entry`, `chance`, `description`) VALUES (5375, 2394, 2, "");
INSERT INTO `pool_gameobject` (`guid`, `pool_entry`, `chance`, `description`) VALUES (5271, 2394, 3, "");
INSERT INTO `pool_gameobject` (`guid`, `pool_entry`, `chance`, `description`) VALUES (5541, 2394, 0, "");
INSERT INTO `pool_template` (`entry`, `max_limit`, `description`) VALUES (2435, 1, "Badlands Local Minerals 43");
INSERT INTO `pool_gameobject` (`guid`, `pool_entry`, `chance`, `description`) VALUES (5606, 2435, 2, "");
INSERT INTO `pool_gameobject` (`guid`, `pool_entry`, `chance`, `description`) VALUES (5683, 2435, 0, "");
INSERT INTO `pool_gameobject` (`guid`, `pool_entry`, `chance`, `description`) VALUES (5374, 2435, 4, "");
INSERT INTO `pool_template` (`entry`, `max_limit`, `description`) VALUES (3208, 1, "Badlands Local Minerals 44");
INSERT INTO `pool_gameobject` (`guid`, `pool_entry`, `chance`, `description`) VALUES (5542, 3208, 0, "");
INSERT INTO `pool_gameobject` (`guid`, `pool_entry`, `chance`, `description`) VALUES (5270, 3208, 8, "");
INSERT INTO `pool_gameobject` (`guid`, `pool_entry`, `chance`, `description`) VALUES (5540, 3208, 0, "");
INSERT INTO `pool_gameobject` (`guid`, `pool_entry`, `chance`, `description`) VALUES (5373, 3208, 2, "");
INSERT INTO `pool_gameobject` (`guid`, `pool_entry`, `chance`, `description`) VALUES (5682, 3208, 0, "");
INSERT INTO `pool_gameobject` (`guid`, `pool_entry`, `chance`, `description`) VALUES (5372, 3208, 2, "");
INSERT INTO `pool_gameobject` (`guid`, `pool_entry`, `chance`, `description`) VALUES (5605, 3208, 2, "");
INSERT INTO `pool_template` (`entry`, `max_limit`, `description`) VALUES (3241, 1, "Badlands Local Minerals 45");
INSERT INTO `pool_gameobject` (`guid`, `pool_entry`, `chance`, `description`) VALUES (5371, 3241, 1, "");
INSERT INTO `pool_gameobject` (`guid`, `pool_entry`, `chance`, `description`) VALUES (5370, 3241, 1, "");
INSERT INTO `pool_gameobject` (`guid`, `pool_entry`, `chance`, `description`) VALUES (5539, 3241, 0, "");
INSERT INTO `pool_gameobject` (`guid`, `pool_entry`, `chance`, `description`) VALUES (5538, 3241, 0, "");
INSERT INTO `pool_gameobject` (`guid`, `pool_entry`, `chance`, `description`) VALUES (5369, 3241, 1, "");
INSERT INTO `pool_gameobject` (`guid`, `pool_entry`, `chance`, `description`) VALUES (5537, 3241, 0, "");
INSERT INTO `pool_gameobject` (`guid`, `pool_entry`, `chance`, `description`) VALUES (5269, 3241, 3, "");
INSERT INTO `pool_gameobject` (`guid`, `pool_entry`, `chance`, `description`) VALUES (5536, 3241, 0, "");
INSERT INTO `pool_gameobject` (`guid`, `pool_entry`, `chance`, `description`) VALUES (5368, 3241, 1, "");
INSERT INTO `pool_gameobject` (`guid`, `pool_entry`, `chance`, `description`) VALUES (5268, 3241, 3, "");
INSERT INTO `pool_template` (`entry`, `max_limit`, `description`) VALUES (3284, 1, "Badlands Local Minerals 46");
INSERT INTO `pool_gameobject` (`guid`, `pool_entry`, `chance`, `description`) VALUES (5535, 3284, 0, "");
INSERT INTO `pool_gameobject` (`guid`, `pool_entry`, `chance`, `description`) VALUES (5267, 3284, 5, "");
INSERT INTO `pool_gameobject` (`guid`, `pool_entry`, `chance`, `description`) VALUES (5367, 3284, 2, "");
INSERT INTO `pool_gameobject` (`guid`, `pool_entry`, `chance`, `description`) VALUES (5534, 3284, 0, "");
INSERT INTO `pool_template` (`entry`, `max_limit`, `description`) VALUES (2005, 1, "Badlands Local Minerals 47");
INSERT INTO `pool_gameobject` (`guid`, `pool_entry`, `chance`, `description`) VALUES (5366, 2005, 2, "");
INSERT INTO `pool_gameobject` (`guid`, `pool_entry`, `chance`, `description`) VALUES (5533, 2005, 0, "");
INSERT INTO `pool_gameobject` (`guid`, `pool_entry`, `chance`, `description`) VALUES (5266, 2005, 5, "");
INSERT INTO `pool_gameobject` (`guid`, `pool_entry`, `chance`, `description`) VALUES (5532, 2005, 0, "");
INSERT INTO `pool_template` (`entry`, `max_limit`, `description`) VALUES (4091, 1, "Badlands Local Minerals 48");
INSERT INTO `pool_gameobject` (`guid`, `pool_entry`, `chance`, `description`) VALUES (5361, 4091, 2, "");
INSERT INTO `pool_gameobject` (`guid`, `pool_entry`, `chance`, `description`) VALUES (5531, 4091, 0, "");
INSERT INTO `pool_gameobject` (`guid`, `pool_entry`, `chance`, `description`) VALUES (5265, 4091, 5, "");
INSERT INTO `pool_gameobject` (`guid`, `pool_entry`, `chance`, `description`) VALUES (5360, 4091, 2, "");
INSERT INTO `pool_gameobject` (`guid`, `pool_entry`, `chance`, `description`) VALUES (5530, 4091, 0, "");
INSERT INTO `pool_template` (`entry`, `max_limit`, `description`) VALUES (4175, 1, "Badlands Local Minerals 49");
INSERT INTO `pool_gameobject` (`guid`, `pool_entry`, `chance`, `description`) VALUES (5359, 4175, 2, "");
INSERT INTO `pool_gameobject` (`guid`, `pool_entry`, `chance`, `description`) VALUES (5529, 4175, 0, "");
INSERT INTO `pool_gameobject` (`guid`, `pool_entry`, `chance`, `description`) VALUES (5264, 4175, 5, "");
INSERT INTO `pool_template` (`entry`, `max_limit`, `description`) VALUES (4444, 1, "Badlands Local Minerals 50");
INSERT INTO `pool_gameobject` (`guid`, `pool_entry`, `chance`, `description`) VALUES (5604, 4444, 2, "");
INSERT INTO `pool_gameobject` (`guid`, `pool_entry`, `chance`, `description`) VALUES (5678, 4444, 0, "");
INSERT INTO `pool_gameobject` (`guid`, `pool_entry`, `chance`, `description`) VALUES (5358, 4444, 2, "");
INSERT INTO `pool_gameobject` (`guid`, `pool_entry`, `chance`, `description`) VALUES (5677, 4444, 0, "");
INSERT INTO `pool_gameobject` (`guid`, `pool_entry`, `chance`, `description`) VALUES (5357, 4444, 2, "");
INSERT INTO `pool_template` (`entry`, `max_limit`, `description`) VALUES (4457, 1, "Badlands Local Minerals 51");
INSERT INTO `pool_gameobject` (`guid`, `pool_entry`, `chance`, `description`) VALUES (5356, 4457, 2, "");
INSERT INTO `pool_gameobject` (`guid`, `pool_entry`, `chance`, `description`) VALUES (5263, 4457, 5, "");
INSERT INTO `pool_gameobject` (`guid`, `pool_entry`, `chance`, `description`) VALUES (5528, 4457, 0, "");
INSERT INTO `pool_template` (`entry`, `max_limit`, `description`) VALUES (4460, 1, "Badlands Local Minerals 52");
INSERT INTO `pool_gameobject` (`guid`, `pool_entry`, `chance`, `description`) VALUES (5527, 4460, 0, "");
INSERT INTO `pool_gameobject` (`guid`, `pool_entry`, `chance`, `description`) VALUES (5526, 4460, 0, "");
INSERT INTO `pool_gameobject` (`guid`, `pool_entry`, `chance`, `description`) VALUES (5262, 4460, 4, "");
INSERT INTO `pool_gameobject` (`guid`, `pool_entry`, `chance`, `description`) VALUES (5355, 4460, 4, "");
INSERT INTO `pool_template` (`entry`, `max_limit`, `description`) VALUES (4478, 1, "Badlands Local Minerals 53");
INSERT INTO `pool_gameobject` (`guid`, `pool_entry`, `chance`, `description`) VALUES (5347, 4478, 2, "");
INSERT INTO `pool_gameobject` (`guid`, `pool_entry`, `chance`, `description`) VALUES (5257, 4478, 5, "");
INSERT INTO `pool_gameobject` (`guid`, `pool_entry`, `chance`, `description`) VALUES (5523, 4478, 0, "");
INSERT INTO `pool_template` (`entry`, `max_limit`, `description`) VALUES (4484, 1, "Badlands Local Minerals 54");
INSERT INTO `pool_gameobject` (`guid`, `pool_entry`, `chance`, `description`) VALUES (5667, 4484, 0, "");
INSERT INTO `pool_gameobject` (`guid`, `pool_entry`, `chance`, `description`) VALUES (5348, 4484, 2, "");
INSERT INTO `pool_gameobject` (`guid`, `pool_entry`, `chance`, `description`) VALUES (5666, 4484, 0, "");
INSERT INTO `pool_gameobject` (`guid`, `pool_entry`, `chance`, `description`) VALUES (5349, 4484, 2, "");
INSERT INTO `pool_gameobject` (`guid`, `pool_entry`, `chance`, `description`) VALUES (5603, 4484, 2, "");
INSERT INTO `pool_template` (`entry`, `max_limit`, `description`) VALUES (4489, 1, "Badlands Local Minerals 55");
INSERT INTO `pool_gameobject` (`guid`, `pool_entry`, `chance`, `description`) VALUES (5256, 4489, 4, "");
INSERT INTO `pool_gameobject` (`guid`, `pool_entry`, `chance`, `description`) VALUES (5346, 4489, 2, "");
INSERT INTO `pool_gameobject` (`guid`, `pool_entry`, `chance`, `description`) VALUES (5522, 4489, 0, "");
INSERT INTO `pool_gameobject` (`guid`, `pool_entry`, `chance`, `description`) VALUES (5521, 4489, 0, "");
INSERT INTO `pool_template` (`entry`, `max_limit`, `description`) VALUES (4496, 1, "Badlands Local Minerals 56");
INSERT INTO `pool_gameobject` (`guid`, `pool_entry`, `chance`, `description`) VALUES (5261, 4496, 3, "");
INSERT INTO `pool_gameobject` (`guid`, `pool_entry`, `chance`, `description`) VALUES (5351, 4496, 1, "");
INSERT INTO `pool_gameobject` (`guid`, `pool_entry`, `chance`, `description`) VALUES (5525, 4496, 0, "");
INSERT INTO `pool_gameobject` (`guid`, `pool_entry`, `chance`, `description`) VALUES (5260, 4496, 3, "");
INSERT INTO `pool_gameobject` (`guid`, `pool_entry`, `chance`, `description`) VALUES (5350, 4496, 2, "");
INSERT INTO `pool_gameobject` (`guid`, `pool_entry`, `chance`, `description`) VALUES (5524, 4496, 0, "");
INSERT INTO `pool_template` (`entry`, `max_limit`, `description`) VALUES (1320, 1, "Badlands Local Minerals 57");
INSERT INTO `pool_gameobject` (`guid`, `pool_entry`, `chance`, `description`) VALUES (5345, 1320, 2, "");
INSERT INTO `pool_gameobject` (`guid`, `pool_entry`, `chance`, `description`) VALUES (5520, 1320, 0, "");
INSERT INTO `pool_gameobject` (`guid`, `pool_entry`, `chance`, `description`) VALUES (5255, 1320, 4, "");
INSERT INTO `pool_template` (`entry`, `max_limit`, `description`) VALUES (1563, 1, "Badlands Local Minerals 58");
INSERT INTO `pool_gameobject` (`guid`, `pool_entry`, `chance`, `description`) VALUES (5254, 1563, 4, "");
INSERT INTO `pool_gameobject` (`guid`, `pool_entry`, `chance`, `description`) VALUES (5344, 1563, 2, "");
INSERT INTO `pool_gameobject` (`guid`, `pool_entry`, `chance`, `description`) VALUES (5519, 1563, 0, "");
INSERT INTO `pool_template` (`entry`, `max_limit`, `description`) VALUES (1745, 1, "Badlands Local Minerals 59");
INSERT INTO `pool_gameobject` (`guid`, `pool_entry`, `chance`, `description`) VALUES (5343, 1745, 1, "");
INSERT INTO `pool_gameobject` (`guid`, `pool_entry`, `chance`, `description`) VALUES (5516, 1745, 0, "");
INSERT INTO `pool_gameobject` (`guid`, `pool_entry`, `chance`, `description`) VALUES (5515, 1745, 0, "");
INSERT INTO `pool_gameobject` (`guid`, `pool_entry`, `chance`, `description`) VALUES (5342, 1745, 1, "");
INSERT INTO `pool_gameobject` (`guid`, `pool_entry`, `chance`, `description`) VALUES (5253, 1745, 4, "");
INSERT INTO `pool_template` (`entry`, `max_limit`, `description`) VALUES (1791, 1, "Badlands Local Minerals 60");
INSERT INTO `pool_gameobject` (`guid`, `pool_entry`, `chance`, `description`) VALUES (5341, 1791, 1, "");
INSERT INTO `pool_gameobject` (`guid`, `pool_entry`, `chance`, `description`) VALUES (5602, 1791, 1, "");
INSERT INTO `pool_gameobject` (`guid`, `pool_entry`, `chance`, `description`) VALUES (5665, 1791, 0, "");
INSERT INTO `pool_gameobject` (`guid`, `pool_entry`, `chance`, `description`) VALUES (5340, 1791, 1, "");
INSERT INTO `pool_gameobject` (`guid`, `pool_entry`, `chance`, `description`) VALUES (5601, 1791, 0, "");
INSERT INTO `pool_gameobject` (`guid`, `pool_entry`, `chance`, `description`) VALUES (5664, 1791, 0, "");
INSERT INTO `pool_template` (`entry`, `max_limit`, `description`) VALUES (1874, 1, "Badlands Local Minerals 61");
INSERT INTO `pool_gameobject` (`guid`, `pool_entry`, `chance`, `description`) VALUES (5252, 1874, 4, "");
INSERT INTO `pool_gameobject` (`guid`, `pool_entry`, `chance`, `description`) VALUES (5339, 1874, 2, "");
INSERT INTO `pool_gameobject` (`guid`, `pool_entry`, `chance`, `description`) VALUES (5514, 1874, 0, "");
INSERT INTO `pool_template` (`entry`, `max_limit`, `description`) VALUES (1978, 1, "Badlands Local Minerals 62");
INSERT INTO `pool_gameobject` (`guid`, `pool_entry`, `chance`, `description`) VALUES (5251, 1978, 2, "");
INSERT INTO `pool_gameobject` (`guid`, `pool_entry`, `chance`, `description`) VALUES (5338, 1978, 1, "");
INSERT INTO `pool_gameobject` (`guid`, `pool_entry`, `chance`, `description`) VALUES (5513, 1978, 0, "");
INSERT INTO `pool_gameobject` (`guid`, `pool_entry`, `chance`, `description`) VALUES (5248, 1978, 2, "");
INSERT INTO `pool_gameobject` (`guid`, `pool_entry`, `chance`, `description`) VALUES (5510, 1978, 0, "");
INSERT INTO `pool_gameobject` (`guid`, `pool_entry`, `chance`, `description`) VALUES (5337, 1978, 1, "");
INSERT INTO `pool_template` (`entry`, `max_limit`, `description`) VALUES (2395, 1, "Badlands Local Minerals 63");
INSERT INTO `pool_gameobject` (`guid`, `pool_entry`, `chance`, `description`) VALUES (5336, 2395, 4, "");
INSERT INTO `pool_gameobject` (`guid`, `pool_entry`, `chance`, `description`) VALUES (5600, 2395, 2, "");
INSERT INTO `pool_gameobject` (`guid`, `pool_entry`, `chance`, `description`) VALUES (5663, 2395, 0, "");
INSERT INTO `pool_template` (`entry`, `max_limit`, `description`) VALUES (2436, 1, "Badlands Local Minerals 64");
INSERT INTO `pool_gameobject` (`guid`, `pool_entry`, `chance`, `description`) VALUES (5335, 2436, 2, "");
INSERT INTO `pool_gameobject` (`guid`, `pool_entry`, `chance`, `description`) VALUES (5509, 2436, 0, "");
INSERT INTO `pool_gameobject` (`guid`, `pool_entry`, `chance`, `description`) VALUES (5247, 2436, 3, "");
INSERT INTO `pool_gameobject` (`guid`, `pool_entry`, `chance`, `description`) VALUES (5334, 2436, 1, "");
INSERT INTO `pool_gameobject` (`guid`, `pool_entry`, `chance`, `description`) VALUES (5503, 2436, 0, "");
INSERT INTO `pool_template` (`entry`, `max_limit`, `description`) VALUES (3209, 1, "Badlands Local Minerals 65");
INSERT INTO `pool_gameobject` (`guid`, `pool_entry`, `chance`, `description`) VALUES (5333, 3209, 3, "");
INSERT INTO `pool_gameobject` (`guid`, `pool_entry`, `chance`, `description`) VALUES (5502, 3209, 0, "");
INSERT INTO `pool_gameobject` (`guid`, `pool_entry`, `chance`, `description`) VALUES (5501, 3209, 0, "");
INSERT INTO `pool_template` (`entry`, `max_limit`, `description`) VALUES (3242, 1, "Badlands Local Minerals 66");
INSERT INTO `pool_gameobject` (`guid`, `pool_entry`, `chance`, `description`) VALUES (5500, 3242, 0, "");
INSERT INTO `pool_gameobject` (`guid`, `pool_entry`, `chance`, `description`) VALUES (5332, 3242, 2, "");
INSERT INTO `pool_gameobject` (`guid`, `pool_entry`, `chance`, `description`) VALUES (5246, 3242, 4, "");
INSERT INTO `pool_gameobject` (`guid`, `pool_entry`, `chance`, `description`) VALUES (5495, 3242, 0, "");
INSERT INTO `pool_template` (`entry`, `max_limit`, `description`) VALUES (3285, 1, "Badlands Local Minerals 67");
INSERT INTO `pool_gameobject` (`guid`, `pool_entry`, `chance`, `description`) VALUES (5245, 3285, 4, "");
INSERT INTO `pool_gameobject` (`guid`, `pool_entry`, `chance`, `description`) VALUES (5331, 3285, 2, "");
INSERT INTO `pool_gameobject` (`guid`, `pool_entry`, `chance`, `description`) VALUES (5494, 3285, 0, "");
INSERT INTO `pool_template` (`entry`, `max_limit`, `description`) VALUES (3872, 1, "Badlands Local Minerals 68");
INSERT INTO `pool_gameobject` (`guid`, `pool_entry`, `chance`, `description`) VALUES (5489, 3872, 0, "");
INSERT INTO `pool_gameobject` (`guid`, `pool_entry`, `chance`, `description`) VALUES (5242, 3872, 6, "");
INSERT INTO `pool_gameobject` (`guid`, `pool_entry`, `chance`, `description`) VALUES (5330, 3872, 3, "");
INSERT INTO `pool_gameobject` (`guid`, `pool_entry`, `chance`, `description`) VALUES (5488, 3872, 0, "");
INSERT INTO `pool_gameobject` (`guid`, `pool_entry`, `chance`, `description`) VALUES (5487, 3872, 0, "");
INSERT INTO `pool_template` (`entry`, `max_limit`, `description`) VALUES (4498, 1, "Badlands Local Minerals 69");
INSERT INTO `pool_gameobject` (`guid`, `pool_entry`, `chance`, `description`) VALUES (5328, 4498, 4, "");
INSERT INTO `pool_gameobject` (`guid`, `pool_entry`, `chance`, `description`) VALUES (5598, 4498, 2, "");
INSERT INTO `pool_gameobject` (`guid`, `pool_entry`, `chance`, `description`) VALUES (5661, 4498, 0, "");
INSERT INTO `pool_template` (`entry`, `max_limit`, `description`) VALUES (4500, 1, "Badlands Local Minerals 70");
INSERT INTO `pool_gameobject` (`guid`, `pool_entry`, `chance`, `description`) VALUES (5486, 4500, 0, "");
INSERT INTO `pool_gameobject` (`guid`, `pool_entry`, `chance`, `description`) VALUES (5241, 4500, 8, "");
INSERT INTO `pool_gameobject` (`guid`, `pool_entry`, `chance`, `description`) VALUES (5483, 4500, 0, "");
INSERT INTO `pool_template` (`entry`, `max_limit`, `description`) VALUES (4504, 1, "Badlands Local Minerals 71");
INSERT INTO `pool_gameobject` (`guid`, `pool_entry`, `chance`, `description`) VALUES (5597, 4504, 2, "");
INSERT INTO `pool_gameobject` (`guid`, `pool_entry`, `chance`, `description`) VALUES (5659, 4504, 0, "");
INSERT INTO `pool_gameobject` (`guid`, `pool_entry`, `chance`, `description`) VALUES (5327, 4504, 4, "");
INSERT INTO `pool_template` (`entry`, `max_limit`, `description`) VALUES (4507, 1, "Badlands Local Minerals 72");
INSERT INTO `pool_gameobject` (`guid`, `pool_entry`, `chance`, `description`) VALUES (5321, 4507, 2, "");
INSERT INTO `pool_gameobject` (`guid`, `pool_entry`, `chance`, `description`) VALUES (5318, 4507, 2, "");
INSERT INTO `pool_gameobject` (`guid`, `pool_entry`, `chance`, `description`) VALUES (5480, 4507, 0, "");
INSERT INTO `pool_gameobject` (`guid`, `pool_entry`, `chance`, `description`) VALUES (5236, 4507, 6, "");
INSERT INTO `pool_template` (`entry`, `max_limit`, `description`) VALUES (4509, 1, "Badlands Local Minerals 73");
INSERT INTO `pool_gameobject` (`guid`, `pool_entry`, `chance`, `description`) VALUES (5593, 4509, 1, "");
INSERT INTO `pool_gameobject` (`guid`, `pool_entry`, `chance`, `description`) VALUES (5656, 4509, 0, "");
INSERT INTO `pool_gameobject` (`guid`, `pool_entry`, `chance`, `description`) VALUES (5316, 4509, 3, "");
INSERT INTO `pool_template` (`entry`, `max_limit`, `description`) VALUES (4512, 1, "Badlands Local Minerals 74");
INSERT INTO `pool_gameobject` (`guid`, `pool_entry`, `chance`, `description`) VALUES (5314, 4512, 5, "");
INSERT INTO `pool_gameobject` (`guid`, `pool_entry`, `chance`, `description`) VALUES (5592, 4512, 3, "");
INSERT INTO `pool_gameobject` (`guid`, `pool_entry`, `chance`, `description`) VALUES (5655, 4512, 0, "");
INSERT INTO `pool_template` (`entry`, `max_limit`, `description`) VALUES (4515, 1, "Badlands Local Minerals 75");
INSERT INTO `pool_gameobject` (`guid`, `pool_entry`, `chance`, `description`) VALUES (5596, 4515, 2, "");
INSERT INTO `pool_gameobject` (`guid`, `pool_entry`, `chance`, `description`) VALUES (5323, 4515, 5, "");
INSERT INTO `pool_gameobject` (`guid`, `pool_entry`, `chance`, `description`) VALUES (5657, 4515, 0, "");
INSERT INTO `pool_template` (`entry`, `max_limit`, `description`) VALUES (1321, 1, "Badlands Local Minerals 76");
INSERT INTO `pool_gameobject` (`guid`, `pool_entry`, `chance`, `description`) VALUES (5599, 1321, 2, "");
INSERT INTO `pool_gameobject` (`guid`, `pool_entry`, `chance`, `description`) VALUES (5662, 1321, 0, "");
INSERT INTO `pool_gameobject` (`guid`, `pool_entry`, `chance`, `description`) VALUES (5329, 1321, 5, "");
INSERT INTO `pool_gameobject` (`guid`, `pool_entry`, `chance`, `description`) VALUES (5660, 1321, 0, "");
INSERT INTO `pool_gameobject` (`guid`, `pool_entry`, `chance`, `description`) VALUES (5325, 1321, 5, "");
INSERT INTO `pool_gameobject` (`guid`, `pool_entry`, `chance`, `description`) VALUES (5594, 1321, 2, "");
INSERT INTO `pool_template` (`entry`, `max_limit`, `description`) VALUES (1564, 1, "Badlands Local Minerals 77");
INSERT INTO `pool_gameobject` (`guid`, `pool_entry`, `chance`, `description`) VALUES (5326, 1564, 10, "");
INSERT INTO `pool_gameobject` (`guid`, `pool_entry`, `chance`, `description`) VALUES (5595, 1564, 5, "");
INSERT INTO `pool_gameobject` (`guid`, `pool_entry`, `chance`, `description`) VALUES (5658, 1564, 0, "");
INSERT INTO `pool_template` (`entry`, `max_limit`, `description`) VALUES (1746, 1, "Badlands Local Minerals 78");
INSERT INTO `pool_gameobject` (`guid`, `pool_entry`, `chance`, `description`) VALUES (5324, 1746, 2, "");
INSERT INTO `pool_gameobject` (`guid`, `pool_entry`, `chance`, `description`) VALUES (5482, 1746, 0, "");
INSERT INTO `pool_gameobject` (`guid`, `pool_entry`, `chance`, `description`) VALUES (5238, 1746, 8, "");
INSERT INTO `pool_gameobject` (`guid`, `pool_entry`, `chance`, `description`) VALUES (5322, 1746, 2, "");
INSERT INTO `pool_gameobject` (`guid`, `pool_entry`, `chance`, `description`) VALUES (5481, 1746, 0, "");
INSERT INTO `pool_template` (`entry`, `max_limit`, `description`) VALUES (1792, 1, "Badlands Local Minerals 79");
INSERT INTO `pool_gameobject` (`guid`, `pool_entry`, `chance`, `description`) VALUES (5237, 1792, 8, "");
INSERT INTO `pool_gameobject` (`guid`, `pool_entry`, `chance`, `description`) VALUES (5317, 1792, 4, "");
INSERT INTO `pool_gameobject` (`guid`, `pool_entry`, `chance`, `description`) VALUES (5479, 1792, 0, "");
INSERT INTO `pool_gameobject` (`guid`, `pool_entry`, `chance`, `description`) VALUES (5478, 1792, 0, "");
INSERT INTO `pool_template` (`entry`, `max_limit`, `description`) VALUES (1875, 1, "Badlands Local Minerals 80");
INSERT INTO `pool_gameobject` (`guid`, `pool_entry`, `chance`, `description`) VALUES (5315, 1875, 5, "");
INSERT INTO `pool_gameobject` (`guid`, `pool_entry`, `chance`, `description`) VALUES (5477, 1875, 0, "");
INSERT INTO `pool_template` (`entry`, `max_limit`, `description`) VALUES (1979, 1, "Badlands Local Minerals 81");
INSERT INTO `pool_gameobject` (`guid`, `pool_entry`, `chance`, `description`) VALUES (5313, 1979, 5, "");
INSERT INTO `pool_gameobject` (`guid`, `pool_entry`, `chance`, `description`) VALUES (5654, 1979, 0, "");
INSERT INTO `pool_gameobject` (`guid`, `pool_entry`, `chance`, `description`) VALUES (5591, 1979, 3, "");
INSERT INTO `pool_gameobject` (`guid`, `pool_entry`, `chance`, `description`) VALUES (5653, 1979, 0, "");
INSERT INTO `pool_template` (`entry`, `max_limit`, `description`) VALUES (2396, 1, "Badlands Local Minerals 82");
INSERT INTO `pool_gameobject` (`guid`, `pool_entry`, `chance`, `description`) VALUES (5476, 2396, 0, "");
INSERT INTO `pool_gameobject` (`guid`, `pool_entry`, `chance`, `description`) VALUES (5312, 2396, 4, "");
INSERT INTO `pool_gameobject` (`guid`, `pool_entry`, `chance`, `description`) VALUES (5235, 2396, 8, "");
INSERT INTO `pool_gameobject` (`guid`, `pool_entry`, `chance`, `description`) VALUES (5475, 2396, 0, "");
INSERT INTO `pool_template` (`entry`, `max_limit`, `description`) VALUES (2437, 1, "Badlands Local Minerals 83");
INSERT INTO `pool_gameobject` (`guid`, `pool_entry`, `chance`, `description`) VALUES (5648, 2437, 0, "");
INSERT INTO `pool_gameobject` (`guid`, `pool_entry`, `chance`, `description`) VALUES (5308, 2437, 3, "");
INSERT INTO `pool_gameobject` (`guid`, `pool_entry`, `chance`, `description`) VALUES (5585, 2437, 3, "");
INSERT INTO `pool_gameobject` (`guid`, `pool_entry`, `chance`, `description`) VALUES (5647, 2437, 0, "");
INSERT INTO `pool_gameobject` (`guid`, `pool_entry`, `chance`, `description`) VALUES (5306, 2437, 3, "");
INSERT INTO `pool_template` (`entry`, `max_limit`, `description`) VALUES (3210, 1, "Badlands Local Minerals 84");
INSERT INTO `pool_gameobject` (`guid`, `pool_entry`, `chance`, `description`) VALUES (5642, 3210, 0, "");
INSERT INTO `pool_gameobject` (`guid`, `pool_entry`, `chance`, `description`) VALUES (5300, 3210, 4, "");
INSERT INTO `pool_gameobject` (`guid`, `pool_entry`, `chance`, `description`) VALUES (5582, 3210, 2, "");
INSERT INTO `pool_gameobject` (`guid`, `pool_entry`, `chance`, `description`) VALUES (5641, 3210, 0, "");
INSERT INTO `pool_gameobject` (`guid`, `pool_entry`, `chance`, `description`) VALUES (5640, 3210, 0, "");
INSERT INTO `pool_gameobject` (`guid`, `pool_entry`, `chance`, `description`) VALUES (5299, 3210, 4, "");
INSERT INTO `pool_gameobject` (`guid`, `pool_entry`, `chance`, `description`) VALUES (5581, 3210, 2, "");
INSERT INTO `pool_gameobject` (`guid`, `pool_entry`, `chance`, `description`) VALUES (5639, 3210, 0, "");
INSERT INTO `pool_template` (`entry`, `max_limit`, `description`) VALUES (3243, 1, "Badlands Local Minerals 85");
INSERT INTO `pool_gameobject` (`guid`, `pool_entry`, `chance`, `description`) VALUES (5294, 3243, 8, "");
INSERT INTO `pool_gameobject` (`guid`, `pool_entry`, `chance`, `description`) VALUES (5579, 3243, 3, "");
INSERT INTO `pool_gameobject` (`guid`, `pool_entry`, `chance`, `description`) VALUES (5634, 3243, 0, "");
INSERT INTO `pool_gameobject` (`guid`, `pool_entry`, `chance`, `description`) VALUES (5633, 3243, 0, "");
INSERT INTO `pool_template` (`entry`, `max_limit`, `description`) VALUES (3286, 1, "Badlands Local Minerals 86");
INSERT INTO `pool_gameobject` (`guid`, `pool_entry`, `chance`, `description`) VALUES (5578, 3286, 3, "");
INSERT INTO `pool_gameobject` (`guid`, `pool_entry`, `chance`, `description`) VALUES (5632, 3286, 0, "");
INSERT INTO `pool_gameobject` (`guid`, `pool_entry`, `chance`, `description`) VALUES (5293, 3286, 3, "");
INSERT INTO `pool_gameobject` (`guid`, `pool_entry`, `chance`, `description`) VALUES (5631, 3286, 0, "");
INSERT INTO `pool_gameobject` (`guid`, `pool_entry`, `chance`, `description`) VALUES (5292, 3286, 3, "");
INSERT INTO `pool_template` (`entry`, `max_limit`, `description`) VALUES (3873, 1, "Badlands Local Minerals 87");
INSERT INTO `pool_gameobject` (`guid`, `pool_entry`, `chance`, `description`) VALUES (5309, 3873, 10, "");
INSERT INTO `pool_gameobject` (`guid`, `pool_entry`, `chance`, `description`) VALUES (5650, 3873, 0, "");
INSERT INTO `pool_gameobject` (`guid`, `pool_entry`, `chance`, `description`) VALUES (5588, 3873, 5, "");
INSERT INTO `pool_gameobject` (`guid`, `pool_entry`, `chance`, `description`) VALUES (5649, 3873, 0, "");
INSERT INTO `pool_template` (`entry`, `max_limit`, `description`) VALUES (4501, 1, "Badlands Local Minerals 88");
INSERT INTO `pool_gameobject` (`guid`, `pool_entry`, `chance`, `description`) VALUES (5310, 4501, 10, "");
INSERT INTO `pool_gameobject` (`guid`, `pool_entry`, `chance`, `description`) VALUES (5589, 4501, 5, "");
INSERT INTO `pool_gameobject` (`guid`, `pool_entry`, `chance`, `description`) VALUES (5651, 4501, 0, "");
INSERT INTO `pool_template` (`entry`, `max_limit`, `description`) VALUES (4517, 1, "Badlands Local Minerals 89");
INSERT INTO `pool_gameobject` (`guid`, `pool_entry`, `chance`, `description`) VALUES (5311, 4517, 12, "");
INSERT INTO `pool_gameobject` (`guid`, `pool_entry`, `chance`, `description`) VALUES (5590, 4517, 8, "");
INSERT INTO `pool_gameobject` (`guid`, `pool_entry`, `chance`, `description`) VALUES (5652, 4517, 0, "");
INSERT INTO `pool_template` (`entry`, `max_limit`, `description`) VALUES (4519, 1, "Badlands Local Minerals 90");
INSERT INTO `pool_gameobject` (`guid`, `pool_entry`, `chance`, `description`) VALUES (5307, 4519, 10, "");
INSERT INTO `pool_gameobject` (`guid`, `pool_entry`, `chance`, `description`) VALUES (5474, 4519, 0, "");
INSERT INTO `pool_template` (`entry`, `max_limit`, `description`) VALUES (4526, 1, "Badlands Local Minerals 91");
INSERT INTO `pool_gameobject` (`guid`, `pool_entry`, `chance`, `description`) VALUES (5646, 4526, 0, "");
INSERT INTO `pool_gameobject` (`guid`, `pool_entry`, `chance`, `description`) VALUES (5584, 4526, 5, "");
INSERT INTO `pool_gameobject` (`guid`, `pool_entry`, `chance`, `description`) VALUES (5645, 4526, 0, "");
INSERT INTO `pool_template` (`entry`, `max_limit`, `description`) VALUES (4531, 1, "Badlands Local Minerals 92");
INSERT INTO `pool_gameobject` (`guid`, `pool_entry`, `chance`, `description`) VALUES (5233, 4531, 12, "");
INSERT INTO `pool_gameobject` (`guid`, `pool_entry`, `chance`, `description`) VALUES (5301, 4531, 4, "");
INSERT INTO `pool_gameobject` (`guid`, `pool_entry`, `chance`, `description`) VALUES (5468, 4531, 0, "");
INSERT INTO `pool_gameobject` (`guid`, `pool_entry`, `chance`, `description`) VALUES (5472, 4531, 0, "");
INSERT INTO `pool_template` (`entry`, `max_limit`, `description`) VALUES (4535, 1, "Badlands Local Minerals 93");
INSERT INTO `pool_gameobject` (`guid`, `pool_entry`, `chance`, `description`) VALUES (5304, 4535, 5, "");
INSERT INTO `pool_gameobject` (`guid`, `pool_entry`, `chance`, `description`) VALUES (5473, 4535, 0, "");
INSERT INTO `pool_template` (`entry`, `max_limit`, `description`) VALUES (4538, 1, "Badlands Local Minerals 94");
INSERT INTO `pool_gameobject` (`guid`, `pool_entry`, `chance`, `description`) VALUES (5303, 4538, 5, "");
INSERT INTO `pool_gameobject` (`guid`, `pool_entry`, `chance`, `description`) VALUES (5643, 4538, 0, "");
INSERT INTO `pool_template` (`entry`, `max_limit`, `description`) VALUES (4541, 1, "Badlands Local Minerals 95");
INSERT INTO `pool_gameobject` (`guid`, `pool_entry`, `chance`, `description`) VALUES (5234, 4541, 6, "");
INSERT INTO `pool_gameobject` (`guid`, `pool_entry`, `chance`, `description`) VALUES (5302, 4541, 6, "");
INSERT INTO `pool_gameobject` (`guid`, `pool_entry`, `chance`, `description`) VALUES (5471, 4541, 0, "");
INSERT INTO `pool_gameobject` (`guid`, `pool_entry`, `chance`, `description`) VALUES (5230, 4541, 6, "");
INSERT INTO `pool_gameobject` (`guid`, `pool_entry`, `chance`, `description`) VALUES (5467, 4541, 0, "");
INSERT INTO `pool_template` (`entry`, `max_limit`, `description`) VALUES (4546, 1, "Badlands Local Minerals 96");
INSERT INTO `pool_gameobject` (`guid`, `pool_entry`, `chance`, `description`) VALUES (5298, 4546, 6, "");
INSERT INTO `pool_gameobject` (`guid`, `pool_entry`, `chance`, `description`) VALUES (5638, 4546, 0, "");
INSERT INTO `pool_gameobject` (`guid`, `pool_entry`, `chance`, `description`) VALUES (5297, 4546, 3, "");
INSERT INTO `pool_gameobject` (`guid`, `pool_entry`, `chance`, `description`) VALUES (5580, 4546, 6, "");
INSERT INTO `pool_gameobject` (`guid`, `pool_entry`, `chance`, `description`) VALUES (5637, 4546, 0, "");
INSERT INTO `pool_template` (`entry`, `max_limit`, `description`) VALUES (4555, 1, "Badlands Local Minerals 97");
INSERT INTO `pool_gameobject` (`guid`, `pool_entry`, `chance`, `description`) VALUES (5296, 4555, 5, "");
INSERT INTO `pool_gameobject` (`guid`, `pool_entry`, `chance`, `description`) VALUES (5636, 4555, 0, "");
INSERT INTO `pool_gameobject` (`guid`, `pool_entry`, `chance`, `description`) VALUES (5295, 4555, 5, "");
INSERT INTO `pool_gameobject` (`guid`, `pool_entry`, `chance`, `description`) VALUES (5635, 4555, 0, "");
INSERT INTO `pool_template` (`entry`, `max_limit`, `description`) VALUES (4573, 1, "Badlands Local Minerals 98");
INSERT INTO `pool_gameobject` (`guid`, `pool_entry`, `chance`, `description`) VALUES (5305, 4573, 9, "");
INSERT INTO `pool_gameobject` (`guid`, `pool_entry`, `chance`, `description`) VALUES (5583, 4573, 6, "");
INSERT INTO `pool_gameobject` (`guid`, `pool_entry`, `chance`, `description`) VALUES (5644, 4573, 0, "");

-- Pool Pooling
INSERT INTO `pool_template` (`entry`, `max_limit`, `description`) VALUES (1322, 3, "Badlands Lethlor Ravine Mineral Nodes 1");
INSERT INTO `pool_pool` (`pool_id`, `mother_pool`, `chance`, `description`) VALUES (1318, 1322, 0, "");
INSERT INTO `pool_pool` (`pool_id`, `mother_pool`, `chance`, `description`) VALUES (1667, 1322, 0, "");
INSERT INTO `pool_pool` (`pool_id`, `mother_pool`, `chance`, `description`) VALUES (1976, 1322, 0, "");
INSERT INTO `pool_pool` (`pool_id`, `mother_pool`, `chance`, `description`) VALUES (2142, 1322, 0, "");
INSERT INTO `pool_pool` (`pool_id`, `mother_pool`, `chance`, `description`) VALUES (2146, 1322, 0, "");
INSERT INTO `pool_pool` (`pool_id`, `mother_pool`, `chance`, `description`) VALUES (3207, 1322, 0, "");
INSERT INTO `pool_template` (`entry`, `max_limit`, `description`) VALUES (1565, 3, "Badlands Lethlor Ravine Mineral Nodes 2");
INSERT INTO `pool_pool` (`pool_id`, `mother_pool`, `chance`, `description`) VALUES (1561, 1565, 0, "");
INSERT INTO `pool_pool` (`pool_id`, `mother_pool`, `chance`, `description`) VALUES (1743, 1565, 0, "");
INSERT INTO `pool_pool` (`pool_id`, `mother_pool`, `chance`, `description`) VALUES (1789, 1565, 0, "");
INSERT INTO `pool_pool` (`pool_id`, `mother_pool`, `chance`, `description`) VALUES (1872, 1565, 0, "");
INSERT INTO `pool_pool` (`pool_id`, `mother_pool`, `chance`, `description`) VALUES (2020, 1565, 0, "");
INSERT INTO `pool_pool` (`pool_id`, `mother_pool`, `chance`, `description`) VALUES (2148, 1565, 0, "");
INSERT INTO `pool_pool` (`pool_id`, `mother_pool`, `chance`, `description`) VALUES (2393, 1565, 0, "");
INSERT INTO `pool_template` (`entry`, `max_limit`, `description`) VALUES (1747, 2, "Badlands East Mineral Nodes");
INSERT INTO `pool_pool` (`pool_id`, `mother_pool`, `chance`, `description`) VALUES (2434, 1747, 0, "");
INSERT INTO `pool_pool` (`pool_id`, `mother_pool`, `chance`, `description`) VALUES (3240, 1747, 0, "");
INSERT INTO `pool_pool` (`pool_id`, `mother_pool`, `chance`, `description`) VALUES (3272, 1747, 0, "");
INSERT INTO `pool_pool` (`pool_id`, `mother_pool`, `chance`, `description`) VALUES (3283, 1747, 0, "");
INSERT INTO `pool_pool` (`pool_id`, `mother_pool`, `chance`, `description`) VALUES (4147, 1747, 0, "");
INSERT INTO `pool_template` (`entry`, `max_limit`, `description`) VALUES (1793, 2, "Badlands South East Mineral Nodes");
INSERT INTO `pool_pool` (`pool_id`, `mother_pool`, `chance`, `description`) VALUES (3870, 1793, 0, "");
INSERT INTO `pool_pool` (`pool_id`, `mother_pool`, `chance`, `description`) VALUES (4090, 1793, 0, "");
INSERT INTO `pool_pool` (`pool_id`, `mother_pool`, `chance`, `description`) VALUES (4139, 1793, 0, "");
INSERT INTO `pool_pool` (`pool_id`, `mother_pool`, `chance`, `description`) VALUES (4162, 1793, 0, "");
INSERT INTO `pool_pool` (`pool_id`, `mother_pool`, `chance`, `description`) VALUES (4168, 1793, 0, "");
INSERT INTO `pool_template` (`entry`, `max_limit`, `description`) VALUES (1876, 2, "Badlands Central Mineral Nodes 1");
INSERT INTO `pool_pool` (`pool_id`, `mother_pool`, `chance`, `description`) VALUES (4375, 1876, 0, "");
INSERT INTO `pool_pool` (`pool_id`, `mother_pool`, `chance`, `description`) VALUES (4422, 1876, 0, "");
INSERT INTO `pool_pool` (`pool_id`, `mother_pool`, `chance`, `description`) VALUES (4431, 1876, 0, "");
INSERT INTO `pool_pool` (`pool_id`, `mother_pool`, `chance`, `description`) VALUES (4435, 1876, 0, "");
INSERT INTO `pool_pool` (`pool_id`, `mother_pool`, `chance`, `description`) VALUES (1562, 1876, 0, "");
INSERT INTO `pool_template` (`entry`, `max_limit`, `description`) VALUES (1980, 2, "Badlands North Mineral Nodes");
INSERT INTO `pool_pool` (`pool_id`, `mother_pool`, `chance`, `description`) VALUES (4174, 1980, 0, "");
INSERT INTO `pool_pool` (`pool_id`, `mother_pool`, `chance`, `description`) VALUES (4395, 1980, 0, "");
INSERT INTO `pool_pool` (`pool_id`, `mother_pool`, `chance`, `description`) VALUES (4409, 1980, 0, "");
INSERT INTO `pool_pool` (`pool_id`, `mother_pool`, `chance`, `description`) VALUES (4415, 1980, 0, "");
INSERT INTO `pool_template` (`entry`, `max_limit`, `description`) VALUES (2397, 2, "Badlands South Mineral Nodes 1");
INSERT INTO `pool_pool` (`pool_id`, `mother_pool`, `chance`, `description`) VALUES (4380, 2397, 35, "");
INSERT INTO `pool_pool` (`pool_id`, `mother_pool`, `chance`, `description`) VALUES (4389, 2397, 0, "");
INSERT INTO `pool_pool` (`pool_id`, `mother_pool`, `chance`, `description`) VALUES (4405, 2397, 0, "");
INSERT INTO `pool_pool` (`pool_id`, `mother_pool`, `chance`, `description`) VALUES (1319, 2397, 0, "");
INSERT INTO `pool_template` (`entry`, `max_limit`, `description`) VALUES (2438, 2, "Badlands South Mineral Nodes 2");
INSERT INTO `pool_pool` (`pool_id`, `mother_pool`, `chance`, `description`) VALUES (1744, 2438, 0, "");
INSERT INTO `pool_pool` (`pool_id`, `mother_pool`, `chance`, `description`) VALUES (1790, 2438, 0, "");
INSERT INTO `pool_pool` (`pool_id`, `mother_pool`, `chance`, `description`) VALUES (1977, 2438, 0, "");
INSERT INTO `pool_pool` (`pool_id`, `mother_pool`, `chance`, `description`) VALUES (3208, 2438, 0, "");
INSERT INTO `pool_pool` (`pool_id`, `mother_pool`, `chance`, `description`) VALUES (2435, 2438, 0, "");
INSERT INTO `pool_template` (`entry`, `max_limit`, `description`) VALUES (3211, 2, "Badlands Central Mineral Nodes 2");
INSERT INTO `pool_pool` (`pool_id`, `mother_pool`, `chance`, `description`) VALUES (1668, 3211, 0, "");
INSERT INTO `pool_pool` (`pool_id`, `mother_pool`, `chance`, `description`) VALUES (1873, 3211, 0, "");
INSERT INTO `pool_pool` (`pool_id`, `mother_pool`, `chance`, `description`) VALUES (2394, 3211, 0, "");
INSERT INTO `pool_pool` (`pool_id`, `mother_pool`, `chance`, `description`) VALUES (3241, 3211, 0, "");
INSERT INTO `pool_pool` (`pool_id`, `mother_pool`, `chance`, `description`) VALUES (3284, 3211, 0, "");
INSERT INTO `pool_template` (`entry`, `max_limit`, `description`) VALUES (3244, 3, "Badlands Central Mineral Nodes 3");
INSERT INTO `pool_pool` (`pool_id`, `mother_pool`, `chance`, `description`) VALUES (4175, 3244, 0, "");
INSERT INTO `pool_pool` (`pool_id`, `mother_pool`, `chance`, `description`) VALUES (4444, 3244, 0, "");
INSERT INTO `pool_pool` (`pool_id`, `mother_pool`, `chance`, `description`) VALUES (4457, 3244, 0, "");
INSERT INTO `pool_pool` (`pool_id`, `mother_pool`, `chance`, `description`) VALUES (4460, 3244, 0, "");
INSERT INTO `pool_pool` (`pool_id`, `mother_pool`, `chance`, `description`) VALUES (4478, 3244, 0, "");
INSERT INTO `pool_pool` (`pool_id`, `mother_pool`, `chance`, `description`) VALUES (2005, 3244, 0, "");
INSERT INTO `pool_template` (`entry`, `max_limit`, `description`) VALUES (3287, 2, "Badlands Central Mineral Nodes 4");
INSERT INTO `pool_pool` (`pool_id`, `mother_pool`, `chance`, `description`) VALUES (4091, 3287, 0, "");
INSERT INTO `pool_pool` (`pool_id`, `mother_pool`, `chance`, `description`) VALUES (4496, 3287, 0, "");
INSERT INTO `pool_pool` (`pool_id`, `mother_pool`, `chance`, `description`) VALUES (4484, 3287, 0, "");
INSERT INTO `pool_pool` (`pool_id`, `mother_pool`, `chance`, `description`) VALUES (4489, 3287, 0, "");
INSERT INTO `pool_pool` (`pool_id`, `mother_pool`, `chance`, `description`) VALUES (1563, 3287, 0, "");
INSERT INTO `pool_template` (`entry`, `max_limit`, `description`) VALUES (3874, 2, "Badlands West Mineral Nodes 1");
INSERT INTO `pool_pool` (`pool_id`, `mother_pool`, `chance`, `description`) VALUES (1320, 3874, 0, "");
INSERT INTO `pool_pool` (`pool_id`, `mother_pool`, `chance`, `description`) VALUES (1791, 3874, 0, "");
INSERT INTO `pool_pool` (`pool_id`, `mother_pool`, `chance`, `description`) VALUES (1874, 3874, 0, "");
INSERT INTO `pool_pool` (`pool_id`, `mother_pool`, `chance`, `description`) VALUES (2436, 3874, 0, "");
INSERT INTO `pool_pool` (`pool_id`, `mother_pool`, `chance`, `description`) VALUES (3209, 3874, 0, "");
INSERT INTO `pool_template` (`entry`, `max_limit`, `description`) VALUES (4527, 2, "Badlands West Mineral Nodes 2");
INSERT INTO `pool_pool` (`pool_id`, `mother_pool`, `chance`, `description`) VALUES (1745, 4527, 0, "");
INSERT INTO `pool_pool` (`pool_id`, `mother_pool`, `chance`, `description`) VALUES (1978, 4527, 0, "");
INSERT INTO `pool_pool` (`pool_id`, `mother_pool`, `chance`, `description`) VALUES (3242, 4527, 0, "");
INSERT INTO `pool_pool` (`pool_id`, `mother_pool`, `chance`, `description`) VALUES (3285, 4527, 0, "");
INSERT INTO `pool_template` (`entry`, `max_limit`, `description`) VALUES (4536, 2, "Badlands South West Mineral Nodes 1");
INSERT INTO `pool_pool` (`pool_id`, `mother_pool`, `chance`, `description`) VALUES (2395, 4536, 0, "");
INSERT INTO `pool_pool` (`pool_id`, `mother_pool`, `chance`, `description`) VALUES (1321, 4536, 0, "");
INSERT INTO `pool_pool` (`pool_id`, `mother_pool`, `chance`, `description`) VALUES (4515, 4536, 0, "");
INSERT INTO `pool_pool` (`pool_id`, `mother_pool`, `chance`, `description`) VALUES (1564, 4536, 0, "");
INSERT INTO `pool_template` (`entry`, `max_limit`, `description`) VALUES (4556, 2, "Badlands North West Mineral Nodes 1");
INSERT INTO `pool_pool` (`pool_id`, `mother_pool`, `chance`, `description`) VALUES (4498, 4556, 0, "");
INSERT INTO `pool_pool` (`pool_id`, `mother_pool`, `chance`, `description`) VALUES (4500, 4556, 0, "");
INSERT INTO `pool_pool` (`pool_id`, `mother_pool`, `chance`, `description`) VALUES (4504, 4556, 0, "");
INSERT INTO `pool_pool` (`pool_id`, `mother_pool`, `chance`, `description`) VALUES (4507, 4556, 0, "");
INSERT INTO `pool_pool` (`pool_id`, `mother_pool`, `chance`, `description`) VALUES (4509, 4556, 0, "");
INSERT INTO `pool_pool` (`pool_id`, `mother_pool`, `chance`, `description`) VALUES (4512, 4556, 0, "");
INSERT INTO `pool_pool` (`pool_id`, `mother_pool`, `chance`, `description`) VALUES (3872, 4556, 0, "");
INSERT INTO `pool_template` (`entry`, `max_limit`, `description`) VALUES (4582, 1, "Badlands West Mineral Nodes 3");
INSERT INTO `pool_pool` (`pool_id`, `mother_pool`, `chance`, `description`) VALUES (1746, 4582, 0, "");
INSERT INTO `pool_pool` (`pool_id`, `mother_pool`, `chance`, `description`) VALUES (1792, 4582, 0, "");
INSERT INTO `pool_pool` (`pool_id`, `mother_pool`, `chance`, `description`) VALUES (1875, 4582, 0, "");
INSERT INTO `pool_pool` (`pool_id`, `mother_pool`, `chance`, `description`) VALUES (2396, 4582, 0, "");
INSERT INTO `pool_template` (`entry`, `max_limit`, `description`) VALUES (4589, 2, "Badlands West Mineral Nodes 4");
INSERT INTO `pool_pool` (`pool_id`, `mother_pool`, `chance`, `description`) VALUES (1979, 4589, 0, "");
INSERT INTO `pool_pool` (`pool_id`, `mother_pool`, `chance`, `description`) VALUES (2437, 4589, 0, "");
INSERT INTO `pool_pool` (`pool_id`, `mother_pool`, `chance`, `description`) VALUES (3210, 4589, 0, "");
INSERT INTO `pool_pool` (`pool_id`, `mother_pool`, `chance`, `description`) VALUES (3243, 4589, 0, "");
INSERT INTO `pool_pool` (`pool_id`, `mother_pool`, `chance`, `description`) VALUES (3286, 4589, 0, "");
INSERT INTO `pool_template` (`entry`, `max_limit`, `description`) VALUES (4600, 3, "Badlands South West Cave Mineral Nodes");
INSERT INTO `pool_pool` (`pool_id`, `mother_pool`, `chance`, `description`) VALUES (4517, 4600, 0, "");
INSERT INTO `pool_pool` (`pool_id`, `mother_pool`, `chance`, `description`) VALUES (4501, 4600, 0, "");
INSERT INTO `pool_pool` (`pool_id`, `mother_pool`, `chance`, `description`) VALUES (3873, 4600, 0, "");
INSERT INTO `pool_pool` (`pool_id`, `mother_pool`, `chance`, `description`) VALUES (4519, 4600, 0, "");
INSERT INTO `pool_pool` (`pool_id`, `mother_pool`, `chance`, `description`) VALUES (4526, 4600, 0, "");
INSERT INTO `pool_pool` (`pool_id`, `mother_pool`, `chance`, `description`) VALUES (4573, 4600, 0, "");
INSERT INTO `pool_pool` (`pool_id`, `mother_pool`, `chance`, `description`) VALUES (4535, 4600, 0, "");
INSERT INTO `pool_pool` (`pool_id`, `mother_pool`, `chance`, `description`) VALUES (4538, 4600, 0, "");
INSERT INTO `pool_pool` (`pool_id`, `mother_pool`, `chance`, `description`) VALUES (4531, 4600, 0, "");
INSERT INTO `pool_pool` (`pool_id`, `mother_pool`, `chance`, `description`) VALUES (4541, 4600, 0, "");
INSERT INTO `pool_pool` (`pool_id`, `mother_pool`, `chance`, `description`) VALUES (4546, 4600, 0, "");
INSERT INTO `pool_pool` (`pool_id`, `mother_pool`, `chance`, `description`) VALUES (4555, 4600, 0, "");

-- Blasted Lands:
-- Local Pooling
INSERT INTO `pool_template` (`entry`, `max_limit`, `description`) VALUES (1366, 1, "Blasted Lands Serpents Coil Cave Local Minerals 1");
INSERT INTO `pool_gameobject` (`guid`, `pool_entry`, `chance`, `description`) VALUES (5796, 1366, 0, "");
INSERT INTO `pool_gameobject` (`guid`, `pool_entry`, `chance`, `description`) VALUES (5735, 1366, 9, "");
INSERT INTO `pool_gameobject` (`guid`, `pool_entry`, `chance`, `description`) VALUES (5827, 1366, 6, "");
INSERT INTO `pool_gameobject` (`guid`, `pool_entry`, `chance`, `description`) VALUES (5795, 1366, 0, "");
INSERT INTO `pool_template` (`entry`, `max_limit`, `description`) VALUES (1607, 1, "Blasted Lands Serpents Coil Cave Local Minerals 2");
INSERT INTO `pool_gameobject` (`guid`, `pool_entry`, `chance`, `description`) VALUES (5826, 1607, 0, "");
INSERT INTO `pool_gameobject` (`guid`, `pool_entry`, `chance`, `description`) VALUES (5825, 1607, 0, "");
INSERT INTO `pool_gameobject` (`guid`, `pool_entry`, `chance`, `description`) VALUES (5794, 1607, 40, "");
INSERT INTO `pool_gameobject` (`guid`, `pool_entry`, `chance`, `description`) VALUES (5824, 1607, 0, "");
INSERT INTO `pool_template` (`entry`, `max_limit`, `description`) VALUES (1915, 1, "Blasted Lands Local Minerals 1");
INSERT INTO `pool_gameobject` (`guid`, `pool_entry`, `chance`, `description`) VALUES (5793, 1915, 0, "");
INSERT INTO `pool_gameobject` (`guid`, `pool_entry`, `chance`, `description`) VALUES (5765, 1915, 5, "");
INSERT INTO `pool_gameobject` (`guid`, `pool_entry`, `chance`, `description`) VALUES (5822, 1915, 15, "");
INSERT INTO `pool_template` (`entry`, `max_limit`, `description`) VALUES (2178, 1, "Blasted Lands Local Minerals 2");
INSERT INTO `pool_gameobject` (`guid`, `pool_entry`, `chance`, `description`) VALUES (5767, 2178, 10, "");
INSERT INTO `pool_gameobject` (`guid`, `pool_entry`, `chance`, `description`) VALUES (5823, 2178, 0, "");
INSERT INTO `pool_template` (`entry`, `max_limit`, `description`) VALUES (2312, 1, "Blasted Lands Local Minerals 3");
INSERT INTO `pool_gameobject` (`guid`, `pool_entry`, `chance`, `description`) VALUES (5791, 2312, 0, "");
INSERT INTO `pool_gameobject` (`guid`, `pool_entry`, `chance`, `description`) VALUES (5733, 2312, 8, "");
INSERT INTO `pool_gameobject` (`guid`, `pool_entry`, `chance`, `description`) VALUES (5764, 2312, 4, "");
INSERT INTO `pool_gameobject` (`guid`, `pool_entry`, `chance`, `description`) VALUES (5790, 2312, 0, "");
INSERT INTO `pool_template` (`entry`, `max_limit`, `description`) VALUES (2350, 1, "Blasted Lands Local Minerals 4");
INSERT INTO `pool_gameobject` (`guid`, `pool_entry`, `chance`, `description`) VALUES (5766, 2350, 4, "");
INSERT INTO `pool_gameobject` (`guid`, `pool_entry`, `chance`, `description`) VALUES (5734, 2350, 8, "");
INSERT INTO `pool_gameobject` (`guid`, `pool_entry`, `chance`, `description`) VALUES (5792, 2350, 0, "");
INSERT INTO `pool_gameobject` (`guid`, `pool_entry`, `chance`, `description`) VALUES (5788, 2350, 0, "");
INSERT INTO `pool_template` (`entry`, `max_limit`, `description`) VALUES (2471, 1, "Blasted Lands Local Minerals 5");
INSERT INTO `pool_gameobject` (`guid`, `pool_entry`, `chance`, `description`) VALUES (5789, 2471, 0, "");
INSERT INTO `pool_gameobject` (`guid`, `pool_entry`, `chance`, `description`) VALUES (5732, 2471, 10, "");
INSERT INTO `pool_template` (`entry`, `max_limit`, `description`) VALUES (3315, 1, "Blasted Lands Local Minerals 6");
INSERT INTO `pool_gameobject` (`guid`, `pool_entry`, `chance`, `description`) VALUES (5763, 3315, 10, "");
INSERT INTO `pool_gameobject` (`guid`, `pool_entry`, `chance`, `description`) VALUES (5821, 3315, 0, "");
INSERT INTO `pool_gameobject` (`guid`, `pool_entry`, `chance`, `description`) VALUES (5820, 3315, 0, "");
INSERT INTO `pool_template` (`entry`, `max_limit`, `description`) VALUES (3463, 1, "Blasted Lands Local Minerals 7");
INSERT INTO `pool_gameobject` (`guid`, `pool_entry`, `chance`, `description`) VALUES (5762, 3463, 4, "");
INSERT INTO `pool_gameobject` (`guid`, `pool_entry`, `chance`, `description`) VALUES (5730, 3463, 6, "");
INSERT INTO `pool_gameobject` (`guid`, `pool_entry`, `chance`, `description`) VALUES (5783, 3463, 0, "");
INSERT INTO `pool_template` (`entry`, `max_limit`, `description`) VALUES (3516, 1, "Blasted Lands Local Minerals 8");
INSERT INTO `pool_gameobject` (`guid`, `pool_entry`, `chance`, `description`) VALUES (5761, 3516, 2, "");
INSERT INTO `pool_gameobject` (`guid`, `pool_entry`, `chance`, `description`) VALUES (5785, 3516, 0, "");
INSERT INTO `pool_gameobject` (`guid`, `pool_entry`, `chance`, `description`) VALUES (5731, 3516, 4, "");
INSERT INTO `pool_gameobject` (`guid`, `pool_entry`, `chance`, `description`) VALUES (5760, 3516, 2, "");
INSERT INTO `pool_gameobject` (`guid`, `pool_entry`, `chance`, `description`) VALUES (5784, 3516, 0, "");
INSERT INTO `pool_gameobject` (`guid`, `pool_entry`, `chance`, `description`) VALUES (5782, 3516, 0, "");
INSERT INTO `pool_gameobject` (`guid`, `pool_entry`, `chance`, `description`) VALUES (5729, 3516, 4, "");
INSERT INTO `pool_gameobject` (`guid`, `pool_entry`, `chance`, `description`) VALUES (5759, 3516, 2, "");
INSERT INTO `pool_gameobject` (`guid`, `pool_entry`, `chance`, `description`) VALUES (5781, 3516, 0, "");
INSERT INTO `pool_template` (`entry`, `max_limit`, `description`) VALUES (3688, 1, "Blasted Lands Local Minerals 9");
INSERT INTO `pool_gameobject` (`guid`, `pool_entry`, `chance`, `description`) VALUES (5818, 3688, 0, "");
INSERT INTO `pool_gameobject` (`guid`, `pool_entry`, `chance`, `description`) VALUES (5758, 3688, 5, "");
INSERT INTO `pool_gameobject` (`guid`, `pool_entry`, `chance`, `description`) VALUES (5817, 3688, 0, "");
INSERT INTO `pool_template` (`entry`, `max_limit`, `description`) VALUES (3730, 1, "Blasted Lands Local Minerals 10");
INSERT INTO `pool_gameobject` (`guid`, `pool_entry`, `chance`, `description`) VALUES (5780, 3730, 0, "");
INSERT INTO `pool_gameobject` (`guid`, `pool_entry`, `chance`, `description`) VALUES (5728, 3730, 12, "");
INSERT INTO `pool_template` (`entry`, `max_limit`, `description`) VALUES (3798, 1, "Blasted Lands Local Minerals 11");
INSERT INTO `pool_gameobject` (`guid`, `pool_entry`, `chance`, `description`) VALUES (5727, 3798, 6, "");
INSERT INTO `pool_gameobject` (`guid`, `pool_entry`, `chance`, `description`) VALUES (5779, 3798, 0, "");
INSERT INTO `pool_gameobject` (`guid`, `pool_entry`, `chance`, `description`) VALUES (5757, 3798, 4, "");
INSERT INTO `pool_template` (`entry`, `max_limit`, `description`) VALUES (3862, 1, "Blasted Lands Local Minerals 12");
INSERT INTO `pool_gameobject` (`guid`, `pool_entry`, `chance`, `description`) VALUES (5819, 3862, 0, "");
INSERT INTO `pool_gameobject` (`guid`, `pool_entry`, `chance`, `description`) VALUES (5756, 3862, 12, "");
INSERT INTO `pool_gameobject` (`guid`, `pool_entry`, `chance`, `description`) VALUES (5816, 3862, 0, "");
INSERT INTO `pool_template` (`entry`, `max_limit`, `description`) VALUES (3891, 1, "Blasted Lands Local Minerals 13");
INSERT INTO `pool_gameobject` (`guid`, `pool_entry`, `chance`, `description`) VALUES (5815, 3891, 0, "");
INSERT INTO `pool_gameobject` (`guid`, `pool_entry`, `chance`, `description`) VALUES (5814, 3891, 0, "");
INSERT INTO `pool_gameobject` (`guid`, `pool_entry`, `chance`, `description`) VALUES (5813, 3891, 0, "");
INSERT INTO `pool_gameobject` (`guid`, `pool_entry`, `chance`, `description`) VALUES (5755, 3891, 10, "");
INSERT INTO `pool_gameobject` (`guid`, `pool_entry`, `chance`, `description`) VALUES (5812, 3891, 0, "");
INSERT INTO `pool_template` (`entry`, `max_limit`, `description`) VALUES (4023, 1, "Blasted Lands Local Minerals 14");
INSERT INTO `pool_gameobject` (`guid`, `pool_entry`, `chance`, `description`) VALUES (5754, 4023, 2, "");
INSERT INTO `pool_gameobject` (`guid`, `pool_entry`, `chance`, `description`) VALUES (5811, 4023, 20, "");
INSERT INTO `pool_gameobject` (`guid`, `pool_entry`, `chance`, `description`) VALUES (5722, 4023, 8, "");
INSERT INTO `pool_gameobject` (`guid`, `pool_entry`, `chance`, `description`) VALUES (5743, 4023, 5, "");
INSERT INTO `pool_gameobject` (`guid`, `pool_entry`, `chance`, `description`) VALUES (5773, 4023, 0, "");
INSERT INTO `pool_template` (`entry`, `max_limit`, `description`) VALUES (4040, 1, "Blasted Lands Local Minerals 15");
INSERT INTO `pool_gameobject` (`guid`, `pool_entry`, `chance`, `description`) VALUES (5726, 4040, 12, "");
INSERT INTO `pool_gameobject` (`guid`, `pool_entry`, `chance`, `description`) VALUES (5778, 4040, 0, "");
INSERT INTO `pool_gameobject` (`guid`, `pool_entry`, `chance`, `description`) VALUES (5777, 4040, 0, "");
INSERT INTO `pool_template` (`entry`, `max_limit`, `description`) VALUES (4096, 1, "Blasted Lands Dreadmaul Post Cave Local Minerals");
INSERT INTO `pool_gameobject` (`guid`, `pool_entry`, `chance`, `description`) VALUES (5725, 4096, 8, "");
INSERT INTO `pool_gameobject` (`guid`, `pool_entry`, `chance`, `description`) VALUES (5748, 4096, 10, "");
INSERT INTO `pool_gameobject` (`guid`, `pool_entry`, `chance`, `description`) VALUES (5776, 4096, 15, "");
INSERT INTO `pool_gameobject` (`guid`, `pool_entry`, `chance`, `description`) VALUES (5808, 4096, 0, "");
INSERT INTO `pool_template` (`entry`, `max_limit`, `description`) VALUES (4122, 1, "Blasted Lands Local Minerals 16");
INSERT INTO `pool_gameobject` (`guid`, `pool_entry`, `chance`, `description`) VALUES (5745, 4122, 2, "");
INSERT INTO `pool_gameobject` (`guid`, `pool_entry`, `chance`, `description`) VALUES (5775, 4122, 0, "");
INSERT INTO `pool_gameobject` (`guid`, `pool_entry`, `chance`, `description`) VALUES (5724, 4122, 3, "");
INSERT INTO `pool_gameobject` (`guid`, `pool_entry`, `chance`, `description`) VALUES (5723, 4122, 3, "");
INSERT INTO `pool_gameobject` (`guid`, `pool_entry`, `chance`, `description`) VALUES (5744, 4122, 2, "");
INSERT INTO `pool_gameobject` (`guid`, `pool_entry`, `chance`, `description`) VALUES (5774, 4122, 0, "");
INSERT INTO `pool_template` (`entry`, `max_limit`, `description`) VALUES (4132, 1, "Blasted Lands Local Minerals 17");
INSERT INTO `pool_gameobject` (`guid`, `pool_entry`, `chance`, `description`) VALUES (5810, 4132, 0, "");
INSERT INTO `pool_gameobject` (`guid`, `pool_entry`, `chance`, `description`) VALUES (5809, 4132, 0, "");
INSERT INTO `pool_gameobject` (`guid`, `pool_entry`, `chance`, `description`) VALUES (5720, 4132, 12, "");
INSERT INTO `pool_gameobject` (`guid`, `pool_entry`, `chance`, `description`) VALUES (5771, 4132, 30, "");
INSERT INTO `pool_template` (`entry`, `max_limit`, `description`) VALUES (4144, 1, "Blasted Lands Local Minerals 18");
INSERT INTO `pool_gameobject` (`guid`, `pool_entry`, `chance`, `description`) VALUES (5721, 4144, 5, "");
INSERT INTO `pool_gameobject` (`guid`, `pool_entry`, `chance`, `description`) VALUES (5742, 4144, 3, "");
INSERT INTO `pool_gameobject` (`guid`, `pool_entry`, `chance`, `description`) VALUES (5772, 4144, 0, "");
INSERT INTO `pool_template` (`entry`, `max_limit`, `description`) VALUES (4159, 1, "Blasted Lands Local Minerals 19");
INSERT INTO `pool_gameobject` (`guid`, `pool_entry`, `chance`, `description`) VALUES (5741, 4159, 4, "");
INSERT INTO `pool_gameobject` (`guid`, `pool_entry`, `chance`, `description`) VALUES (5807, 4159, 0, "");
INSERT INTO `pool_gameobject` (`guid`, `pool_entry`, `chance`, `description`) VALUES (5806, 4159, 0, "");
INSERT INTO `pool_gameobject` (`guid`, `pool_entry`, `chance`, `description`) VALUES (5719, 4159, 7, "");
INSERT INTO `pool_gameobject` (`guid`, `pool_entry`, `chance`, `description`) VALUES (5739, 4159, 3, "");
INSERT INTO `pool_gameobject` (`guid`, `pool_entry`, `chance`, `description`) VALUES (5770, 4159, 25, "");
INSERT INTO `pool_gameobject` (`guid`, `pool_entry`, `chance`, `description`) VALUES (5769, 4159, 25, "");
INSERT INTO `pool_template` (`entry`, `max_limit`, `description`) VALUES (4179, 1, "Blasted Lands Local Minerals 20");
INSERT INTO `pool_gameobject` (`guid`, `pool_entry`, `chance`, `description`) VALUES (5740, 4179, 7, "");
INSERT INTO `pool_gameobject` (`guid`, `pool_entry`, `chance`, `description`) VALUES (5805, 4179, 0, "");
INSERT INTO `pool_template` (`entry`, `max_limit`, `description`) VALUES (2475, 1, "Blasted Lands Local Minerals 21");
INSERT INTO `pool_gameobject` (`guid`, `pool_entry`, `chance`, `description`) VALUES (5738, 2475, 8, "");
INSERT INTO `pool_gameobject` (`guid`, `pool_entry`, `chance`, `description`) VALUES (5804, 2475, 0, "");
INSERT INTO `pool_template` (`entry`, `max_limit`, `description`) VALUES (3319, 1, "Blasted Lands Local Minerals 22");
INSERT INTO `pool_gameobject` (`guid`, `pool_entry`, `chance`, `description`) VALUES (5737, 3319, 6, "");
INSERT INTO `pool_gameobject` (`guid`, `pool_entry`, `chance`, `description`) VALUES (5803, 3319, 0, "");
INSERT INTO `pool_template` (`entry`, `max_limit`, `description`) VALUES (3320, 1, "Blasted Lands Local Minerals 23");
INSERT INTO `pool_gameobject` (`guid`, `pool_entry`, `chance`, `description`) VALUES (5718, 3320, 9, "");
INSERT INTO `pool_gameobject` (`guid`, `pool_entry`, `chance`, `description`) VALUES (5768, 3320, 0, "");
INSERT INTO `pool_gameobject` (`guid`, `pool_entry`, `chance`, `description`) VALUES (5736, 3320, 6, "");
INSERT INTO `pool_template` (`entry`, `max_limit`, `description`) VALUES (3460, 1, "Blasted Lands Local Minerals 24");
INSERT INTO `pool_gameobject` (`guid`, `pool_entry`, `chance`, `description`) VALUES (5802, 3460, 0, "");
INSERT INTO `pool_gameobject` (`guid`, `pool_entry`, `chance`, `description`) VALUES (5801, 3460, 0, "");
INSERT INTO `pool_gameobject` (`guid`, `pool_entry`, `chance`, `description`) VALUES (5800, 3460, 50, "");
INSERT INTO `pool_template` (`entry`, `max_limit`, `description`) VALUES (3462, 1, "Blasted Lands Local Minerals 25");
INSERT INTO `pool_gameobject` (`guid`, `pool_entry`, `chance`, `description`) VALUES (5799, 3462, 0, "");
INSERT INTO `pool_gameobject` (`guid`, `pool_entry`, `chance`, `description`) VALUES (5798, 3462, 0, "");
INSERT INTO `pool_gameobject` (`guid`, `pool_entry`, `chance`, `description`) VALUES (5797, 3462, 50, "");
INSERT INTO `pool_template` (`entry`, `max_limit`, `description`) VALUES (4269, 1, "Blasted Lands Garrison Armory Mine Local Minerals 1");
INSERT INTO `pool_gameobject` (`guid`, `pool_entry`, `chance`, `description`) VALUES (5829, 4269, 2, "");
INSERT INTO `pool_gameobject` (`guid`, `pool_entry`, `chance`, `description`) VALUES (5847, 4269, 0, "");
INSERT INTO `pool_gameobject` (`guid`, `pool_entry`, `chance`, `description`) VALUES (5868, 4269, 1, "");
INSERT INTO `pool_gameobject` (`guid`, `pool_entry`, `chance`, `description`) VALUES (5831, 4269, 2, "");
INSERT INTO `pool_gameobject` (`guid`, `pool_entry`, `chance`, `description`) VALUES (5850, 4269, 0, "");
INSERT INTO `pool_gameobject` (`guid`, `pool_entry`, `chance`, `description`) VALUES (5870, 4269, 1, "");
INSERT INTO `pool_gameobject` (`guid`, `pool_entry`, `chance`, `description`) VALUES (5849, 4269, 0, "");
INSERT INTO `pool_template` (`entry`, `max_limit`, `description`) VALUES (3464, 1, "Blasted Lands Garrison Armory Mine Local Minerals 2");
INSERT INTO `pool_gameobject` (`guid`, `pool_entry`, `chance`, `description`) VALUES (5828, 3464, 6, "");
INSERT INTO `pool_gameobject` (`guid`, `pool_entry`, `chance`, `description`) VALUES (5848, 3464, 0, "");
INSERT INTO `pool_gameobject` (`guid`, `pool_entry`, `chance`, `description`) VALUES (5830, 3464, 6, "");
INSERT INTO `pool_gameobject` (`guid`, `pool_entry`, `chance`, `description`) VALUES (5869, 3464, 8, "");
INSERT INTO `pool_template` (`entry`, `max_limit`, `description`) VALUES (3466, 1, "Blasted Lands Garrison Armory Mine Local Minerals 3");
INSERT INTO `pool_gameobject` (`guid`, `pool_entry`, `chance`, `description`) VALUES (5902, 3466, 0, "");
INSERT INTO `pool_gameobject` (`guid`, `pool_entry`, `chance`, `description`) VALUES (5903, 3466, 0, "");
INSERT INTO `pool_gameobject` (`guid`, `pool_entry`, `chance`, `description`) VALUES (5873, 3466, 10, "");
INSERT INTO `pool_template` (`entry`, `max_limit`, `description`) VALUES (3513, 1, "Blasted Lands Garrison Armory Mine Local Minerals 4");
INSERT INTO `pool_gameobject` (`guid`, `pool_entry`, `chance`, `description`) VALUES (5871, 3513, 2, "");
INSERT INTO `pool_gameobject` (`guid`, `pool_entry`, `chance`, `description`) VALUES (5851, 3513, 0, "");
INSERT INTO `pool_gameobject` (`guid`, `pool_entry`, `chance`, `description`) VALUES (5832, 3513, 2, "");
INSERT INTO `pool_gameobject` (`guid`, `pool_entry`, `chance`, `description`) VALUES (5872, 3513, 2, "");
INSERT INTO `pool_gameobject` (`guid`, `pool_entry`, `chance`, `description`) VALUES (5852, 3513, 0, "");
INSERT INTO `pool_gameobject` (`guid`, `pool_entry`, `chance`, `description`) VALUES (5833, 3513, 2, "");
INSERT INTO `pool_gameobject` (`guid`, `pool_entry`, `chance`, `description`) VALUES (5874, 3513, 3, "");
INSERT INTO `pool_gameobject` (`guid`, `pool_entry`, `chance`, `description`) VALUES (5853, 3513, 0, "");
INSERT INTO `pool_gameobject` (`guid`, `pool_entry`, `chance`, `description`) VALUES (5834, 3513, 6, "");
INSERT INTO `pool_template` (`entry`, `max_limit`, `description`) VALUES (3515, 1, "Blasted Lands Garrison Armory Mine Local Minerals 5");
INSERT INTO `pool_gameobject` (`guid`, `pool_entry`, `chance`, `description`) VALUES (5904, 3515, 0, "");
INSERT INTO `pool_gameobject` (`guid`, `pool_entry`, `chance`, `description`) VALUES (5876, 3515, 15, "");
INSERT INTO `pool_template` (`entry`, `max_limit`, `description`) VALUES (4335, 1, "Blasted Lands Garrison Armory Mine Local Minerals 6");
INSERT INTO `pool_gameobject` (`guid`, `pool_entry`, `chance`, `description`) VALUES (5875, 4335, 2, "");
INSERT INTO `pool_gameobject` (`guid`, `pool_entry`, `chance`, `description`) VALUES (5854, 4335, 0, "");
INSERT INTO `pool_gameobject` (`guid`, `pool_entry`, `chance`, `description`) VALUES (5835, 4335, 4, "");
INSERT INTO `pool_template` (`entry`, `max_limit`, `description`) VALUES (3517, 1, "Blasted Lands Garrison Armory Mine Local Minerals 7");
INSERT INTO `pool_gameobject` (`guid`, `pool_entry`, `chance`, `description`) VALUES (5905, 3517, 0, "");
INSERT INTO `pool_gameobject` (`guid`, `pool_entry`, `chance`, `description`) VALUES (5877, 3517, 15, "");
INSERT INTO `pool_gameobject` (`guid`, `pool_entry`, `chance`, `description`) VALUES (5906, 3517, 0, "");
INSERT INTO `pool_template` (`entry`, `max_limit`, `description`) VALUES (3519, 1, "Blasted Lands Garrison Armory Mine Local Minerals 8");
INSERT INTO `pool_gameobject` (`guid`, `pool_entry`, `chance`, `description`) VALUES (5836, 3519, 12, "");
INSERT INTO `pool_gameobject` (`guid`, `pool_entry`, `chance`, `description`) VALUES (5855, 3519, 0, "");
INSERT INTO `pool_gameobject` (`guid`, `pool_entry`, `chance`, `description`) VALUES (5878, 3519, 8, "");
INSERT INTO `pool_template` (`entry`, `max_limit`, `description`) VALUES (4373, 1, "Blasted Lands Garrison Armory Mine Local Minerals 9");
INSERT INTO `pool_gameobject` (`guid`, `pool_entry`, `chance`, `description`) VALUES (5907, 4373, 0, "");
INSERT INTO `pool_gameobject` (`guid`, `pool_entry`, `chance`, `description`) VALUES (5879, 4373, 10, "");
INSERT INTO `pool_template` (`entry`, `max_limit`, `description`) VALUES (4379, 1, "Blasted Lands Garrison Armory Mine Local Minerals 10");
INSERT INTO `pool_gameobject` (`guid`, `pool_entry`, `chance`, `description`) VALUES (5881, 4379, 4, "");
INSERT INTO `pool_gameobject` (`guid`, `pool_entry`, `chance`, `description`) VALUES (5856, 4379, 0, "");
INSERT INTO `pool_gameobject` (`guid`, `pool_entry`, `chance`, `description`) VALUES (5837, 4379, 5, "");
INSERT INTO `pool_gameobject` (`guid`, `pool_entry`, `chance`, `description`) VALUES (5857, 4379, 0, "");
INSERT INTO `pool_gameobject` (`guid`, `pool_entry`, `chance`, `description`) VALUES (5838, 4379, 6, "");
INSERT INTO `pool_gameobject` (`guid`, `pool_entry`, `chance`, `description`) VALUES (5882, 4379, 4, "");
INSERT INTO `pool_template` (`entry`, `max_limit`, `description`) VALUES (4384, 1, "Blasted Lands Garrison Armory Mine Local Minerals 11");
INSERT INTO `pool_gameobject` (`guid`, `pool_entry`, `chance`, `description`) VALUES (5908, 4384, 0, "");
INSERT INTO `pool_gameobject` (`guid`, `pool_entry`, `chance`, `description`) VALUES (5880, 4384, 15, "");
INSERT INTO `pool_template` (`entry`, `max_limit`, `description`) VALUES (4393, 1, "Blasted Lands Garrison Armory Mine Local Minerals 12");
INSERT INTO `pool_gameobject` (`guid`, `pool_entry`, `chance`, `description`) VALUES (5883, 4393, 10, "");
INSERT INTO `pool_gameobject` (`guid`, `pool_entry`, `chance`, `description`) VALUES (5858, 4393, 0, "");
INSERT INTO `pool_template` (`entry`, `max_limit`, `description`) VALUES (4399, 1, "Blasted Lands Garrison Armory Mine Local Minerals 13");
INSERT INTO `pool_gameobject` (`guid`, `pool_entry`, `chance`, `description`) VALUES (5839, 4399, 15, "");
INSERT INTO `pool_gameobject` (`guid`, `pool_entry`, `chance`, `description`) VALUES (5884, 4399, 15, "");
INSERT INTO `pool_gameobject` (`guid`, `pool_entry`, `chance`, `description`) VALUES (5859, 4399, 0, "");
INSERT INTO `pool_template` (`entry`, `max_limit`, `description`) VALUES (4413, 1, "Blasted Lands Garrison Armory Mine Local Minerals 14");
INSERT INTO `pool_gameobject` (`guid`, `pool_entry`, `chance`, `description`) VALUES (5909, 4413, 0, "");
INSERT INTO `pool_gameobject` (`guid`, `pool_entry`, `chance`, `description`) VALUES (5910, 4413, 0, "");
INSERT INTO `pool_gameobject` (`guid`, `pool_entry`, `chance`, `description`) VALUES (5886, 4413, 10, "");
INSERT INTO `pool_template` (`entry`, `max_limit`, `description`) VALUES (4419, 1, "Blasted Lands Garrison Armory Mine Local Minerals 15");
INSERT INTO `pool_gameobject` (`guid`, `pool_entry`, `chance`, `description`) VALUES (5885, 4419, 7, "");
INSERT INTO `pool_gameobject` (`guid`, `pool_entry`, `chance`, `description`) VALUES (5860, 4419, 0, "");
INSERT INTO `pool_gameobject` (`guid`, `pool_entry`, `chance`, `description`) VALUES (5840, 4419, 9, "");
INSERT INTO `pool_template` (`entry`, `max_limit`, `description`) VALUES (4426, 1, "Blasted Lands Garrison Armory Mine Local Minerals 16");
INSERT INTO `pool_gameobject` (`guid`, `pool_entry`, `chance`, `description`) VALUES (5841, 4426, 9, "");
INSERT INTO `pool_gameobject` (`guid`, `pool_entry`, `chance`, `description`) VALUES (5887, 4426, 7, "");
INSERT INTO `pool_gameobject` (`guid`, `pool_entry`, `chance`, `description`) VALUES (5861, 4426, 0, "");
INSERT INTO `pool_template` (`entry`, `max_limit`, `description`) VALUES (4439, 1, "Blasted Lands Garrison Armory Mine Local Minerals 17");
INSERT INTO `pool_gameobject` (`guid`, `pool_entry`, `chance`, `description`) VALUES (5911, 4439, 0, "");
INSERT INTO `pool_gameobject` (`guid`, `pool_entry`, `chance`, `description`) VALUES (5888, 4439, 10, "");
INSERT INTO `pool_template` (`entry`, `max_limit`, `description`) VALUES (4448, 1, "Blasted Lands Garrison Armory Mine Local Minerals 18");
INSERT INTO `pool_gameobject` (`guid`, `pool_entry`, `chance`, `description`) VALUES (5912, 4448, 0, "");
INSERT INTO `pool_gameobject` (`guid`, `pool_entry`, `chance`, `description`) VALUES (5889, 4448, 10, "");
INSERT INTO `pool_template` (`entry`, `max_limit`, `description`) VALUES (4464, 1, "Blasted Lands Garrison Armory Mine Local Minerals 19");
INSERT INTO `pool_gameobject` (`guid`, `pool_entry`, `chance`, `description`) VALUES (5890, 4464, 12, "");
INSERT INTO `pool_gameobject` (`guid`, `pool_entry`, `chance`, `description`) VALUES (5842, 4464, 8, "");
INSERT INTO `pool_gameobject` (`guid`, `pool_entry`, `chance`, `description`) VALUES (5862, 4464, 0, "");
INSERT INTO `pool_template` (`entry`, `max_limit`, `description`) VALUES (4482, 1, "Blasted Lands Garrison Armory Mine Local Minerals 20");
INSERT INTO `pool_gameobject` (`guid`, `pool_entry`, `chance`, `description`) VALUES (5913, 4482, 0, "");
INSERT INTO `pool_gameobject` (`guid`, `pool_entry`, `chance`, `description`) VALUES (5891, 4482, 15, "");
INSERT INTO `pool_template` (`entry`, `max_limit`, `description`) VALUES (4488, 1, "Blasted Lands Garrison Armory Mine Local Minerals 21");
INSERT INTO `pool_gameobject` (`guid`, `pool_entry`, `chance`, `description`) VALUES (5914, 4488, 0, "");
INSERT INTO `pool_gameobject` (`guid`, `pool_entry`, `chance`, `description`) VALUES (5892, 4488, 8, "");
INSERT INTO `pool_template` (`entry`, `max_limit`, `description`) VALUES (4493, 1, "Blasted Lands Garrison Armory Mine Local Minerals 22");
INSERT INTO `pool_gameobject` (`guid`, `pool_entry`, `chance`, `description`) VALUES (5893, 4493, 5, "");
INSERT INTO `pool_gameobject` (`guid`, `pool_entry`, `chance`, `description`) VALUES (5863, 4493, 0, "");
INSERT INTO `pool_gameobject` (`guid`, `pool_entry`, `chance`, `description`) VALUES (5894, 4493, 5, "");
INSERT INTO `pool_gameobject` (`guid`, `pool_entry`, `chance`, `description`) VALUES (5864, 4493, 0, "");
INSERT INTO `pool_gameobject` (`guid`, `pool_entry`, `chance`, `description`) VALUES (5843, 4493, 10, "");
INSERT INTO `pool_template` (`entry`, `max_limit`, `description`) VALUES (4523, 1, "Blasted Lands Garrison Armory Mine Local Minerals 23");
INSERT INTO `pool_gameobject` (`guid`, `pool_entry`, `chance`, `description`) VALUES (5915, 4523, 0, "");
INSERT INTO `pool_gameobject` (`guid`, `pool_entry`, `chance`, `description`) VALUES (5895, 4523, 10, "");
INSERT INTO `pool_template` (`entry`, `max_limit`, `description`) VALUES (4545, 1, "Blasted Lands Garrison Armory Mine Local Minerals 24");
INSERT INTO `pool_gameobject` (`guid`, `pool_entry`, `chance`, `description`) VALUES (5916, 4545, 0, "");
INSERT INTO `pool_gameobject` (`guid`, `pool_entry`, `chance`, `description`) VALUES (5896, 4545, 15, "");
INSERT INTO `pool_template` (`entry`, `max_limit`, `description`) VALUES (4550, 1, "Blasted Lands Garrison Armory Mine Local Minerals 25");
INSERT INTO `pool_gameobject` (`guid`, `pool_entry`, `chance`, `description`) VALUES (5897, 4550, 8, "");
INSERT INTO `pool_gameobject` (`guid`, `pool_entry`, `chance`, `description`) VALUES (5917, 4550, 0, "");
INSERT INTO `pool_gameobject` (`guid`, `pool_entry`, `chance`, `description`) VALUES (5898, 4550, 7, "");
INSERT INTO `pool_template` (`entry`, `max_limit`, `description`) VALUES (4560, 1, "Blasted Lands Garrison Armory Mine Local Minerals 26");
INSERT INTO `pool_gameobject` (`guid`, `pool_entry`, `chance`, `description`) VALUES (5899, 4560, 8, "");
INSERT INTO `pool_gameobject` (`guid`, `pool_entry`, `chance`, `description`) VALUES (5865, 4560, 0, "");
INSERT INTO `pool_gameobject` (`guid`, `pool_entry`, `chance`, `description`) VALUES (5844, 4560, 12, "");
INSERT INTO `pool_template` (`entry`, `max_limit`, `description`) VALUES (4577, 1, "Blasted Lands Garrison Armory Mine Local Minerals 27");
INSERT INTO `pool_gameobject` (`guid`, `pool_entry`, `chance`, `description`) VALUES (5845, 4577, 12, "");
INSERT INTO `pool_gameobject` (`guid`, `pool_entry`, `chance`, `description`) VALUES (5900, 4577, 8, "");
INSERT INTO `pool_gameobject` (`guid`, `pool_entry`, `chance`, `description`) VALUES (5866, 4577, 0, "");
INSERT INTO `pool_template` (`entry`, `max_limit`, `description`) VALUES (4586, 1, "Blasted Lands Garrison Armory Mine Local Minerals 28");
INSERT INTO `pool_gameobject` (`guid`, `pool_entry`, `chance`, `description`) VALUES (5846, 4586, 9, "");
INSERT INTO `pool_gameobject` (`guid`, `pool_entry`, `chance`, `description`) VALUES (5867, 4586, 0, "");
INSERT INTO `pool_gameobject` (`guid`, `pool_entry`, `chance`, `description`) VALUES (5901, 4586, 6, "");

-- Pool Pooling
INSERT INTO `pool_template` (`entry`, `max_limit`, `description`) VALUES (1367, 2, "Blasted Lands Serpents Coil Cave Mineral Nodes");
INSERT INTO `pool_pool` (`pool_id`, `mother_pool`, `chance`, `description`) VALUES (1366, 1367, 0, "");
INSERT INTO `pool_pool` (`pool_id`, `mother_pool`, `chance`, `description`) VALUES (1607, 1367, 35, "");
INSERT INTO `pool_pool` (`pool_id`, `mother_pool`, `chance`, `description`) VALUES (1915, 1367, 45, "");
INSERT INTO `pool_template` (`entry`, `max_limit`, `description`) VALUES (1608, 2, "Blasted Lands Eastern Cave Mineral Nodes");
INSERT INTO `pool_pool` (`pool_id`, `mother_pool`, `chance`, `description`) VALUES (2350, 1608, 35, "");
INSERT INTO `pool_pool` (`pool_id`, `mother_pool`, `chance`, `description`) VALUES (3315, 1608, 0, "");
INSERT INTO `pool_pool` (`pool_id`, `mother_pool`, `chance`, `description`) VALUES (2312, 1608, 0, "");
INSERT INTO `pool_pool` (`pool_id`, `mother_pool`, `chance`, `description`) VALUES (3463, 1608, 30, "");
INSERT INTO `pool_template` (`entry`, `max_limit`, `description`) VALUES (1916, 3, "Blasted Lands Near the Dark Portal Mineral Nodes");
INSERT INTO `pool_pool` (`pool_id`, `mother_pool`, `chance`, `description`) VALUES (2178, 1916, 25, "");
INSERT INTO `pool_pool` (`pool_id`, `mother_pool`, `chance`, `description`) VALUES (2471, 1916, 0, "");
INSERT INTO `pool_pool` (`pool_id`, `mother_pool`, `chance`, `description`) VALUES (3862, 1916, 0, "");
INSERT INTO `pool_pool` (`pool_id`, `mother_pool`, `chance`, `description`) VALUES (3730, 1916, 0, "");
INSERT INTO `pool_pool` (`pool_id`, `mother_pool`, `chance`, `description`) VALUES (4040, 1916, 25, "");
INSERT INTO `pool_template` (`entry`, `max_limit`, `description`) VALUES (2179, 2, "Blasted Lands Southern Road Mineral Nodes");
INSERT INTO `pool_pool` (`pool_id`, `mother_pool`, `chance`, `description`) VALUES (3516, 2179, 0, "");
INSERT INTO `pool_pool` (`pool_id`, `mother_pool`, `chance`, `description`) VALUES (3688, 2179, 0, "");
INSERT INTO `pool_pool` (`pool_id`, `mother_pool`, `chance`, `description`) VALUES (3798, 2179, 0, "");
INSERT INTO `pool_pool` (`pool_id`, `mother_pool`, `chance`, `description`) VALUES (4132, 2179, 35, "");
INSERT INTO `pool_template` (`entry`, `max_limit`, `description`) VALUES (2313, 2, "Blasted Lands Near Dreadmaul Post Cave Mineral Nodes");
INSERT INTO `pool_pool` (`pool_id`, `mother_pool`, `chance`, `description`) VALUES (3891, 2313, 10, "");
INSERT INTO `pool_pool` (`pool_id`, `mother_pool`, `chance`, `description`) VALUES (4096, 2313, 35, "");
INSERT INTO `pool_pool` (`pool_id`, `mother_pool`, `chance`, `description`) VALUES (4023, 2313, 25, "");
INSERT INTO `pool_pool` (`pool_id`, `mother_pool`, `chance`, `description`) VALUES (3320, 2313, 0, "");
INSERT INTO `pool_template` (`entry`, `max_limit`, `description`) VALUES (2351, 3, "Blasted Lands Dreadmaul Hold Mineral Nodes");
INSERT INTO `pool_pool` (`pool_id`, `mother_pool`, `chance`, `description`) VALUES (4144, 2351, 0, "");
INSERT INTO `pool_pool` (`pool_id`, `mother_pool`, `chance`, `description`) VALUES (4179, 2351, 30, "");
INSERT INTO `pool_pool` (`pool_id`, `mother_pool`, `chance`, `description`) VALUES (3319, 2351, 0, "");
INSERT INTO `pool_pool` (`pool_id`, `mother_pool`, `chance`, `description`) VALUES (3460, 2351, 40, "");
INSERT INTO `pool_template` (`entry`, `max_limit`, `description`) VALUES (5590, 2, "Blasted Lands Eastern Cave Mineral Nodes");
INSERT INTO `pool_pool` (`pool_id`, `mother_pool`, `chance`, `description`) VALUES (4122, 5590, 0, "");
INSERT INTO `pool_pool` (`pool_id`, `mother_pool`, `chance`, `description`) VALUES (4159, 5590, 35, "");
INSERT INTO `pool_pool` (`pool_id`, `mother_pool`, `chance`, `description`) VALUES (2475, 5590, 0, "");
INSERT INTO `pool_pool` (`pool_id`, `mother_pool`, `chance`, `description`) VALUES (3462, 5590, 35, "");
INSERT INTO `pool_template` (`entry`, `max_limit`, `description`) VALUES (5616, 2, "Blasted Lands Garrison Armory Mine Mineral Nodes 1");
INSERT INTO `pool_pool` (`pool_id`, `mother_pool`, `chance`, `description`) VALUES (4269, 5616, 35, "");
INSERT INTO `pool_pool` (`pool_id`, `mother_pool`, `chance`, `description`) VALUES (3464, 5616, 0, "");
INSERT INTO `pool_pool` (`pool_id`, `mother_pool`, `chance`, `description`) VALUES (3466, 5616, 0, "");
INSERT INTO `pool_pool` (`pool_id`, `mother_pool`, `chance`, `description`) VALUES (3513, 5616, 0, "");
INSERT INTO `pool_template` (`entry`, `max_limit`, `description`) VALUES (5649, 1, "Blasted Lands Garrison Armory Mine Mineral Nodes 2");
INSERT INTO `pool_pool` (`pool_id`, `mother_pool`, `chance`, `description`) VALUES (3515, 5649, 0, "");
INSERT INTO `pool_pool` (`pool_id`, `mother_pool`, `chance`, `description`) VALUES (4335, 5649, 65, "");
INSERT INTO `pool_template` (`entry`, `max_limit`, `description`) VALUES (5692, 1, "Blasted Lands Garrison Armory Mine Mineral Nodes 3");
INSERT INTO `pool_pool` (`pool_id`, `mother_pool`, `chance`, `description`) VALUES (3517, 5692, 0, "");
INSERT INTO `pool_pool` (`pool_id`, `mother_pool`, `chance`, `description`) VALUES (3519, 5692, 0, "");
INSERT INTO `pool_pool` (`pool_id`, `mother_pool`, `chance`, `description`) VALUES (4384, 5692, 40, "");
INSERT INTO `pool_template` (`entry`, `max_limit`, `description`) VALUES (3689, 1, "Blasted Lands Garrison Armory Mine Mineral Nodes 4");
INSERT INTO `pool_pool` (`pool_id`, `mother_pool`, `chance`, `description`) VALUES (4373, 3689, 0, "");
INSERT INTO `pool_pool` (`pool_id`, `mother_pool`, `chance`, `description`) VALUES (4379, 3689, 0, "");
INSERT INTO `pool_pool` (`pool_id`, `mother_pool`, `chance`, `description`) VALUES (4419, 3689, 0, "");
INSERT INTO `pool_template` (`entry`, `max_limit`, `description`) VALUES (3731, 1, "Blasted Lands Garrison Armory Mine Mineral Nodes 5");
INSERT INTO `pool_pool` (`pool_id`, `mother_pool`, `chance`, `description`) VALUES (4393, 3731, 0, "");
INSERT INTO `pool_pool` (`pool_id`, `mother_pool`, `chance`, `description`) VALUES (4399, 3731, 0, "");
INSERT INTO `pool_pool` (`pool_id`, `mother_pool`, `chance`, `description`) VALUES (4413, 3731, 0, "");
INSERT INTO `pool_template` (`entry`, `max_limit`, `description`) VALUES (3799, 1, "Blasted Lands Garrison Armory Mine Mineral Nodes 6");
INSERT INTO `pool_pool` (`pool_id`, `mother_pool`, `chance`, `description`) VALUES (4426, 3799, 0, "");
INSERT INTO `pool_pool` (`pool_id`, `mother_pool`, `chance`, `description`) VALUES (4439, 3799, 0, "");
INSERT INTO `pool_pool` (`pool_id`, `mother_pool`, `chance`, `description`) VALUES (4448, 3799, 0, "");
INSERT INTO `pool_template` (`entry`, `max_limit`, `description`) VALUES (3863, 1, "Blasted Lands Garrison Armory Mine Mineral Nodes 7");
INSERT INTO `pool_pool` (`pool_id`, `mother_pool`, `chance`, `description`) VALUES (4464, 3863, 40, "");
INSERT INTO `pool_pool` (`pool_id`, `mother_pool`, `chance`, `description`) VALUES (4488, 3863, 0, "");
INSERT INTO `pool_pool` (`pool_id`, `mother_pool`, `chance`, `description`) VALUES (4493, 3863, 0, "");
INSERT INTO `pool_template` (`entry`, `max_limit`, `description`) VALUES (3892, 1, "Blasted Lands Garrison Armory Mine Mineral Nodes 8");
INSERT INTO `pool_pool` (`pool_id`, `mother_pool`, `chance`, `description`) VALUES (4482, 3892, 0, "");
INSERT INTO `pool_pool` (`pool_id`, `mother_pool`, `chance`, `description`) VALUES (4523, 3892, 0, "");
INSERT INTO `pool_template` (`entry`, `max_limit`, `description`) VALUES (4097, 1, "Blasted Lands Garrison Armory Mine Mineral Nodes 9");
INSERT INTO `pool_pool` (`pool_id`, `mother_pool`, `chance`, `description`) VALUES (4545, 4097, 0, "");
INSERT INTO `pool_pool` (`pool_id`, `mother_pool`, `chance`, `description`) VALUES (4560, 4097, 0, "");
INSERT INTO `pool_template` (`entry`, `max_limit`, `description`) VALUES (4123, 1, "Blasted Lands Garrison Armory Mine Mineral Nodes 10");
INSERT INTO `pool_pool` (`pool_id`, `mother_pool`, `chance`, `description`) VALUES (4586, 4123, 0, "");
INSERT INTO `pool_pool` (`pool_id`, `mother_pool`, `chance`, `description`) VALUES (4577, 4123, 0, "");
INSERT INTO `pool_pool` (`pool_id`, `mother_pool`, `chance`, `description`) VALUES (4550, 4123, 0, "");

-- Burning Steppes:
-- Local Pooling
INSERT INTO `pool_template` (`entry`, `max_limit`, `description`) VALUES (1323, 1, "Burning Steppes Local Minerals 1");
INSERT INTO `pool_gameobject` (`guid`, `pool_entry`, `chance`, `description`) VALUES (6505, 1323, 5, "");
INSERT INTO `pool_gameobject` (`guid`, `pool_entry`, `chance`, `description`) VALUES (6643, 1323, 10, "");
INSERT INTO `pool_gameobject` (`guid`, `pool_entry`, `chance`, `description`) VALUES (6760, 1323, 0, "");
INSERT INTO `pool_gameobject` (`guid`, `pool_entry`, `chance`, `description`) VALUES (6504, 1323, 5, "");
INSERT INTO `pool_gameobject` (`guid`, `pool_entry`, `chance`, `description`) VALUES (6642, 1323, 10, "");
INSERT INTO `pool_gameobject` (`guid`, `pool_entry`, `chance`, `description`) VALUES (6759, 1323, 0, "");
INSERT INTO `pool_template` (`entry`, `max_limit`, `description`) VALUES (1566, 1, "Burning Steppes Local Minerals 2");
INSERT INTO `pool_gameobject` (`guid`, `pool_entry`, `chance`, `description`) VALUES (6411, 1566, 9, "");
INSERT INTO `pool_gameobject` (`guid`, `pool_entry`, `chance`, `description`) VALUES (6503, 1566, 6, "");
INSERT INTO `pool_gameobject` (`guid`, `pool_entry`, `chance`, `description`) VALUES (6550, 1566, 0, "");
INSERT INTO `pool_gameobject` (`guid`, `pool_entry`, `chance`, `description`) VALUES (6758, 1566, 0, "");
INSERT INTO `pool_template` (`entry`, `max_limit`, `description`) VALUES (1748, 1, "Burning Steppes Local Minerals 3");
INSERT INTO `pool_gameobject` (`guid`, `pool_entry`, `chance`, `description`) VALUES (6549, 1748, 0, "");
INSERT INTO `pool_gameobject` (`guid`, `pool_entry`, `chance`, `description`) VALUES (6757, 1748, 0, "");
INSERT INTO `pool_gameobject` (`guid`, `pool_entry`, `chance`, `description`) VALUES (6410, 1748, 9, "");
INSERT INTO `pool_gameobject` (`guid`, `pool_entry`, `chance`, `description`) VALUES (6500, 1748, 6, "");
INSERT INTO `pool_template` (`entry`, `max_limit`, `description`) VALUES (1794, 1, "Burning Steppes Local Minerals 4");
INSERT INTO `pool_gameobject` (`guid`, `pool_entry`, `chance`, `description`) VALUES (6499, 1794, 10, "");
INSERT INTO `pool_gameobject` (`guid`, `pool_entry`, `chance`, `description`) VALUES (6610, 1794, 0, "");
INSERT INTO `pool_gameobject` (`guid`, `pool_entry`, `chance`, `description`) VALUES (6756, 1794, 0, "");
INSERT INTO `pool_template` (`entry`, `max_limit`, `description`) VALUES (1877, 1, "Burning Steppes Local Minerals 5");
INSERT INTO `pool_gameobject` (`guid`, `pool_entry`, `chance`, `description`) VALUES (6755, 1877, 0, "");
INSERT INTO `pool_gameobject` (`guid`, `pool_entry`, `chance`, `description`) VALUES (6498, 1877, 10, "");
INSERT INTO `pool_gameobject` (`guid`, `pool_entry`, `chance`, `description`) VALUES (6607, 1877, 0, "");
INSERT INTO `pool_gameobject` (`guid`, `pool_entry`, `chance`, `description`) VALUES (6605, 1877, 0, "");
INSERT INTO `pool_gameobject` (`guid`, `pool_entry`, `chance`, `description`) VALUES (6753, 1877, 0, "");
INSERT INTO `pool_gameobject` (`guid`, `pool_entry`, `chance`, `description`) VALUES (6604, 1877, 0, "");
INSERT INTO `pool_gameobject` (`guid`, `pool_entry`, `chance`, `description`) VALUES (6752, 1877, 0, "");
INSERT INTO `pool_template` (`entry`, `max_limit`, `description`) VALUES (1981, 1, "Burning Steppes Local Minerals 6");
INSERT INTO `pool_gameobject` (`guid`, `pool_entry`, `chance`, `description`) VALUES (6606, 1981, 0, "");
INSERT INTO `pool_gameobject` (`guid`, `pool_entry`, `chance`, `description`) VALUES (6754, 1981, 0, "");
INSERT INTO `pool_gameobject` (`guid`, `pool_entry`, `chance`, `description`) VALUES (6497, 1981, 10, "");
INSERT INTO `pool_gameobject` (`guid`, `pool_entry`, `chance`, `description`) VALUES (6603, 1981, 0, "");
INSERT INTO `pool_template` (`entry`, `max_limit`, `description`) VALUES (2029, 1, "Burning Steppes Local Minerals 7");
INSERT INTO `pool_gameobject` (`guid`, `pool_entry`, `chance`, `description`) VALUES (6496, 2029, 6, "");
INSERT INTO `pool_gameobject` (`guid`, `pool_entry`, `chance`, `description`) VALUES (6548, 2029, 0, "");
INSERT INTO `pool_gameobject` (`guid`, `pool_entry`, `chance`, `description`) VALUES (6751, 2029, 0, "");
INSERT INTO `pool_gameobject` (`guid`, `pool_entry`, `chance`, `description`) VALUES (6409, 2029, 9, "");
INSERT INTO `pool_template` (`entry`, `max_limit`, `description`) VALUES (1325, 1, "Burning Steppes Local Minerals 8");
INSERT INTO `pool_gameobject` (`guid`, `pool_entry`, `chance`, `description`) VALUES (6602, 1325, 0, "");
INSERT INTO `pool_gameobject` (`guid`, `pool_entry`, `chance`, `description`) VALUES (6495, 1325, 15, "");
INSERT INTO `pool_gameobject` (`guid`, `pool_entry`, `chance`, `description`) VALUES (6601, 1325, 0, "");
INSERT INTO `pool_gameobject` (`guid`, `pool_entry`, `chance`, `description`) VALUES (6750, 1325, 0, "");
INSERT INTO `pool_template` (`entry`, `max_limit`, `description`) VALUES (2398, 1, "Burning Steppes Local Minerals 9");
INSERT INTO `pool_gameobject` (`guid`, `pool_entry`, `chance`, `description`) VALUES (6408, 2398, 7, "");
INSERT INTO `pool_gameobject` (`guid`, `pool_entry`, `chance`, `description`) VALUES (6494, 2398, 5, "");
INSERT INTO `pool_gameobject` (`guid`, `pool_entry`, `chance`, `description`) VALUES (6547, 2398, 0, "");
INSERT INTO `pool_gameobject` (`guid`, `pool_entry`, `chance`, `description`) VALUES (6749, 2398, 0, "");
INSERT INTO `pool_template` (`entry`, `max_limit`, `description`) VALUES (2439, 1, "Burning Steppes Local Minerals 10");
INSERT INTO `pool_gameobject` (`guid`, `pool_entry`, `chance`, `description`) VALUES (6407, 2439, 8, "");
INSERT INTO `pool_gameobject` (`guid`, `pool_entry`, `chance`, `description`) VALUES (6493, 2439, 4, "");
INSERT INTO `pool_gameobject` (`guid`, `pool_entry`, `chance`, `description`) VALUES (6546, 2439, 0, "");
INSERT INTO `pool_gameobject` (`guid`, `pool_entry`, `chance`, `description`) VALUES (6748, 2439, 0, "");
INSERT INTO `pool_template` (`entry`, `max_limit`, `description`) VALUES (3212, 1, "Burning Steppes Local Minerals 11");
INSERT INTO `pool_gameobject` (`guid`, `pool_entry`, `chance`, `description`) VALUES (6398, 3212, 9, "");
INSERT INTO `pool_gameobject` (`guid`, `pool_entry`, `chance`, `description`) VALUES (6483, 3212, 6, "");
INSERT INTO `pool_gameobject` (`guid`, `pool_entry`, `chance`, `description`) VALUES (6534, 3212, 0, "");
INSERT INTO `pool_gameobject` (`guid`, `pool_entry`, `chance`, `description`) VALUES (6728, 3212, 0, "");
INSERT INTO `pool_template` (`entry`, `max_limit`, `description`) VALUES (3245, 1, "Burning Steppes Local Minerals 12");
INSERT INTO `pool_gameobject` (`guid`, `pool_entry`, `chance`, `description`) VALUES (6492, 3245, 2, "");
INSERT INTO `pool_gameobject` (`guid`, `pool_entry`, `chance`, `description`) VALUES (6545, 3245, 0, "");
INSERT INTO `pool_gameobject` (`guid`, `pool_entry`, `chance`, `description`) VALUES (6747, 3245, 0, "");
INSERT INTO `pool_gameobject` (`guid`, `pool_entry`, `chance`, `description`) VALUES (6406, 3245, 3, "");
INSERT INTO `pool_gameobject` (`guid`, `pool_entry`, `chance`, `description`) VALUES (6405, 3245, 3, "");
INSERT INTO `pool_gameobject` (`guid`, `pool_entry`, `chance`, `description`) VALUES (6491, 3245, 2, "");
INSERT INTO `pool_gameobject` (`guid`, `pool_entry`, `chance`, `description`) VALUES (6544, 3245, 0, "");
INSERT INTO `pool_gameobject` (`guid`, `pool_entry`, `chance`, `description`) VALUES (6746, 3245, 0, "");
INSERT INTO `pool_template` (`entry`, `max_limit`, `description`) VALUES (3288, 1, "Burning Steppes Local Minerals 13");
INSERT INTO `pool_gameobject` (`guid`, `pool_entry`, `chance`, `description`) VALUES (6600, 3288, 0, "");
INSERT INTO `pool_gameobject` (`guid`, `pool_entry`, `chance`, `description`) VALUES (6599, 3288, 0, "");
INSERT INTO `pool_gameobject` (`guid`, `pool_entry`, `chance`, `description`) VALUES (6490, 3288, 4, "");
INSERT INTO `pool_gameobject` (`guid`, `pool_entry`, `chance`, `description`) VALUES (6745, 3288, 0, "");
INSERT INTO `pool_gameobject` (`guid`, `pool_entry`, `chance`, `description`) VALUES (6543, 3288, 0, "");
INSERT INTO `pool_gameobject` (`guid`, `pool_entry`, `chance`, `description`) VALUES (6744, 3288, 0, "");
INSERT INTO `pool_gameobject` (`guid`, `pool_entry`, `chance`, `description`) VALUES (6542, 3288, 0, "");
INSERT INTO `pool_gameobject` (`guid`, `pool_entry`, `chance`, `description`) VALUES (6404, 3288, 7, "");
INSERT INTO `pool_gameobject` (`guid`, `pool_entry`, `chance`, `description`) VALUES (6598, 3288, 0, "");
INSERT INTO `pool_gameobject` (`guid`, `pool_entry`, `chance`, `description`) VALUES (6489, 3288, 4, "");
INSERT INTO `pool_gameobject` (`guid`, `pool_entry`, `chance`, `description`) VALUES (6597, 3288, 0, "");
INSERT INTO `pool_gameobject` (`guid`, `pool_entry`, `chance`, `description`) VALUES (6743, 3288, 0, "");
INSERT INTO `pool_template` (`entry`, `max_limit`, `description`) VALUES (3875, 1, "Burning Steppes - Dreadmaul Rock Inside Mineral Nodes 1");
INSERT INTO `pool_gameobject` (`guid`, `pool_entry`, `chance`, `description`) VALUES (6739, 3875, 0, "");
INSERT INTO `pool_gameobject` (`guid`, `pool_entry`, `chance`, `description`) VALUES (6594, 3875, 0, "");
INSERT INTO `pool_gameobject` (`guid`, `pool_entry`, `chance`, `description`) VALUES (6488, 3875, 10, "");
INSERT INTO `pool_template` (`entry`, `max_limit`, `description`) VALUES (4528, 1, "Burning Steppes - Dreadmaul Rock Inside Mineral Nodes 2");
INSERT INTO `pool_gameobject` (`guid`, `pool_entry`, `chance`, `description`) VALUES (6740, 4528, 0, "");
INSERT INTO `pool_gameobject` (`guid`, `pool_entry`, `chance`, `description`) VALUES (6595, 4528, 0, "");
INSERT INTO `pool_gameobject` (`guid`, `pool_entry`, `chance`, `description`) VALUES (6741, 4528, 0, "");
INSERT INTO `pool_gameobject` (`guid`, `pool_entry`, `chance`, `description`) VALUES (6596, 4528, 0, "");
INSERT INTO `pool_template` (`entry`, `max_limit`, `description`) VALUES (4606, 1, "Burning Steppes Local Minerals 14");
INSERT INTO `pool_gameobject` (`guid`, `pool_entry`, `chance`, `description`) VALUES (6403, 4606, 15, "");
INSERT INTO `pool_gameobject` (`guid`, `pool_entry`, `chance`, `description`) VALUES (6742, 4606, 0, "");
INSERT INTO `pool_gameobject` (`guid`, `pool_entry`, `chance`, `description`) VALUES (6541, 4606, 0, "");
INSERT INTO `pool_template` (`entry`, `max_limit`, `description`) VALUES (4611, 1, "Burning Steppes Local Minerals 15");
INSERT INTO `pool_gameobject` (`guid`, `pool_entry`, `chance`, `description`) VALUES (6402, 4611, 20, "");
INSERT INTO `pool_gameobject` (`guid`, `pool_entry`, `chance`, `description`) VALUES (6540, 4611, 0, "");
INSERT INTO `pool_template` (`entry`, `max_limit`, `description`) VALUES (4613, 1, "Burning Steppes - Dreadmaul Rock Inside Mineral Nodes 3");
INSERT INTO `pool_gameobject` (`guid`, `pool_entry`, `chance`, `description`) VALUES (6487, 4613, 15, "");
INSERT INTO `pool_gameobject` (`guid`, `pool_entry`, `chance`, `description`) VALUES (6593, 4613, 0, "");
INSERT INTO `pool_gameobject` (`guid`, `pool_entry`, `chance`, `description`) VALUES (6738, 4613, 0, "");
INSERT INTO `pool_template` (`entry`, `max_limit`, `description`) VALUES (4617, 1, "Burning Steppes - Dreadmaul Rock Inside Mineral Nodes 4");
INSERT INTO `pool_gameobject` (`guid`, `pool_entry`, `chance`, `description`) VALUES (6401, 4617, 15, "");
INSERT INTO `pool_gameobject` (`guid`, `pool_entry`, `chance`, `description`) VALUES (6486, 4617, 10, "");
INSERT INTO `pool_gameobject` (`guid`, `pool_entry`, `chance`, `description`) VALUES (6539, 4617, 0, "");
INSERT INTO `pool_gameobject` (`guid`, `pool_entry`, `chance`, `description`) VALUES (6737, 4617, 0, "");
INSERT INTO `pool_template` (`entry`, `max_limit`, `description`) VALUES (4623, 1, "Burning Steppes Local Minerals 16");
INSERT INTO `pool_gameobject` (`guid`, `pool_entry`, `chance`, `description`) VALUES (6736, 4623, 0, "");
INSERT INTO `pool_gameobject` (`guid`, `pool_entry`, `chance`, `description`) VALUES (6592, 4623, 0, "");
INSERT INTO `pool_gameobject` (`guid`, `pool_entry`, `chance`, `description`) VALUES (6735, 4623, 0, "");
INSERT INTO `pool_gameobject` (`guid`, `pool_entry`, `chance`, `description`) VALUES (6591, 4623, 0, "");
INSERT INTO `pool_template` (`entry`, `max_limit`, `description`) VALUES (4627, 1, "Burning Steppes - Dreadmaul Rock Inside Mineral Nodes 5");
INSERT INTO `pool_gameobject` (`guid`, `pool_entry`, `chance`, `description`) VALUES (6590, 4627, 0, "");
INSERT INTO `pool_gameobject` (`guid`, `pool_entry`, `chance`, `description`) VALUES (6734, 4627, 0, "");
INSERT INTO `pool_template` (`entry`, `max_limit`, `description`) VALUES (4643, 1, "Burning Steppes Local Minerals 17");
INSERT INTO `pool_gameobject` (`guid`, `pool_entry`, `chance`, `description`) VALUES (6538, 4643, 0, "");
INSERT INTO `pool_gameobject` (`guid`, `pool_entry`, `chance`, `description`) VALUES (6733, 4643, 0, "");
INSERT INTO `pool_template` (`entry`, `max_limit`, `description`) VALUES (4648, 1, "Burning Steppes Local Minerals 18");
INSERT INTO `pool_gameobject` (`guid`, `pool_entry`, `chance`, `description`) VALUES (6485, 4648, 6, "");
INSERT INTO `pool_gameobject` (`guid`, `pool_entry`, `chance`, `description`) VALUES (6537, 4648, 0, "");
INSERT INTO `pool_gameobject` (`guid`, `pool_entry`, `chance`, `description`) VALUES (6732, 4648, 0, "");
INSERT INTO `pool_gameobject` (`guid`, `pool_entry`, `chance`, `description`) VALUES (6400, 4648, 9, "");
INSERT INTO `pool_gameobject` (`guid`, `pool_entry`, `chance`, `description`) VALUES (6536, 4648, 0, "");
INSERT INTO `pool_gameobject` (`guid`, `pool_entry`, `chance`, `description`) VALUES (6731, 4648, 0, "");
INSERT INTO `pool_template` (`entry`, `max_limit`, `description`) VALUES (4652, 1, "Burning Steppes - Dreadmaul Rock Inside Mineral Nodes 6");
INSERT INTO `pool_gameobject` (`guid`, `pool_entry`, `chance`, `description`) VALUES (6484, 4652, 15, "");
INSERT INTO `pool_gameobject` (`guid`, `pool_entry`, `chance`, `description`) VALUES (6589, 4652, 0, "");
INSERT INTO `pool_gameobject` (`guid`, `pool_entry`, `chance`, `description`) VALUES (6730, 4652, 0, "");
INSERT INTO `pool_template` (`entry`, `max_limit`, `description`) VALUES (4654, 1, "Burning Steppes Local Minerals 19");
INSERT INTO `pool_gameobject` (`guid`, `pool_entry`, `chance`, `description`) VALUES (6399, 4654, 10, "");
INSERT INTO `pool_gameobject` (`guid`, `pool_entry`, `chance`, `description`) VALUES (6535, 4654, 0, "");
INSERT INTO `pool_gameobject` (`guid`, `pool_entry`, `chance`, `description`) VALUES (6729, 4654, 0, "");
INSERT INTO `pool_template` (`entry`, `max_limit`, `description`) VALUES (4659, 1, "Burning Steppes Local Minerals 20");
INSERT INTO `pool_gameobject` (`guid`, `pool_entry`, `chance`, `description`) VALUES (6727, 4659, 0, "");
INSERT INTO `pool_gameobject` (`guid`, `pool_entry`, `chance`, `description`) VALUES (6588, 4659, 0, "");
INSERT INTO `pool_gameobject` (`guid`, `pool_entry`, `chance`, `description`) VALUES (6397, 4659, 6, "");
INSERT INTO `pool_gameobject` (`guid`, `pool_entry`, `chance`, `description`) VALUES (6482, 4659, 4, "");
INSERT INTO `pool_gameobject` (`guid`, `pool_entry`, `chance`, `description`) VALUES (6531, 4659, 0, "");
INSERT INTO `pool_gameobject` (`guid`, `pool_entry`, `chance`, `description`) VALUES (6726, 4659, 0, "");
INSERT INTO `pool_template` (`entry`, `max_limit`, `description`) VALUES (4663, 1, "Burning Steppes - Dreadmaul Rock Inside Mineral Nodes 7");
INSERT INTO `pool_gameobject` (`guid`, `pool_entry`, `chance`, `description`) VALUES (6481, 4663, 15, "");
INSERT INTO `pool_gameobject` (`guid`, `pool_entry`, `chance`, `description`) VALUES (6587, 4663, 0, "");
INSERT INTO `pool_gameobject` (`guid`, `pool_entry`, `chance`, `description`) VALUES (6725, 4663, 0, "");
INSERT INTO `pool_gameobject` (`guid`, `pool_entry`, `chance`, `description`) VALUES (6586, 4663, 0, "");
INSERT INTO `pool_template` (`entry`, `max_limit`, `description`) VALUES (4665, 1, "Burning Steppes Local Minerals 21");
INSERT INTO `pool_gameobject` (`guid`, `pool_entry`, `chance`, `description`) VALUES (6396, 4665, 5, "");
INSERT INTO `pool_gameobject` (`guid`, `pool_entry`, `chance`, `description`) VALUES (6530, 4665, 0, "");
INSERT INTO `pool_gameobject` (`guid`, `pool_entry`, `chance`, `description`) VALUES (6724, 4665, 10, "");
INSERT INTO `pool_gameobject` (`guid`, `pool_entry`, `chance`, `description`) VALUES (6529, 4665, 0, "");
INSERT INTO `pool_gameobject` (`guid`, `pool_entry`, `chance`, `description`) VALUES (6723, 4665, 10, "");
INSERT INTO `pool_template` (`entry`, `max_limit`, `description`) VALUES (4667, 1, "Burning Steppes Local Minerals 22");
INSERT INTO `pool_gameobject` (`guid`, `pool_entry`, `chance`, `description`) VALUES (6722, 4667, 10, "");
INSERT INTO `pool_gameobject` (`guid`, `pool_entry`, `chance`, `description`) VALUES (6528, 4667, 0, "");
INSERT INTO `pool_gameobject` (`guid`, `pool_entry`, `chance`, `description`) VALUES (6480, 4667, 2, "");
INSERT INTO `pool_gameobject` (`guid`, `pool_entry`, `chance`, `description`) VALUES (6395, 4667, 4, "");
INSERT INTO `pool_gameobject` (`guid`, `pool_entry`, `chance`, `description`) VALUES (6527, 4667, 0, "");
INSERT INTO `pool_gameobject` (`guid`, `pool_entry`, `chance`, `description`) VALUES (6721, 4667, 10, "");
INSERT INTO `pool_template` (`entry`, `max_limit`, `description`) VALUES (1324, 1, "Burning Steppes Local Minerals 23");
INSERT INTO `pool_gameobject` (`guid`, `pool_entry`, `chance`, `description`) VALUES (6394, 1324, 6, "");
INSERT INTO `pool_gameobject` (`guid`, `pool_entry`, `chance`, `description`) VALUES (6479, 1324, 3, "");
INSERT INTO `pool_gameobject` (`guid`, `pool_entry`, `chance`, `description`) VALUES (6526, 1324, 0, "");
INSERT INTO `pool_gameobject` (`guid`, `pool_entry`, `chance`, `description`) VALUES (6720, 1324, 20, "");
INSERT INTO `pool_template` (`entry`, `max_limit`, `description`) VALUES (1567, 1, "Burning Steppes Local Minerals 24");
INSERT INTO `pool_gameobject` (`guid`, `pool_entry`, `chance`, `description`) VALUES (6478, 1567, 5, "");
INSERT INTO `pool_gameobject` (`guid`, `pool_entry`, `chance`, `description`) VALUES (6585, 1567, 0, "");
INSERT INTO `pool_gameobject` (`guid`, `pool_entry`, `chance`, `description`) VALUES (6719, 1567, 20, "");
INSERT INTO `pool_template` (`entry`, `max_limit`, `description`) VALUES (1749, 1, "Burning Steppes Local Minerals 25");
INSERT INTO `pool_gameobject` (`guid`, `pool_entry`, `chance`, `description`) VALUES (6584, 1749, 0, "");
INSERT INTO `pool_gameobject` (`guid`, `pool_entry`, `chance`, `description`) VALUES (6477, 1749, 5, "");
INSERT INTO `pool_gameobject` (`guid`, `pool_entry`, `chance`, `description`) VALUES (6583, 1749, 0, "");
INSERT INTO `pool_gameobject` (`guid`, `pool_entry`, `chance`, `description`) VALUES (6718, 1749, 10, "");
INSERT INTO `pool_gameobject` (`guid`, `pool_entry`, `chance`, `description`) VALUES (6717, 1749, 10, "");
INSERT INTO `pool_template` (`entry`, `max_limit`, `description`) VALUES (1795, 1, "Burning Steppes Local Minerals 26");
INSERT INTO `pool_gameobject` (`guid`, `pool_entry`, `chance`, `description`) VALUES (6476, 1795, 3, "");
INSERT INTO `pool_gameobject` (`guid`, `pool_entry`, `chance`, `description`) VALUES (6641, 1795, 0, "");
INSERT INTO `pool_gameobject` (`guid`, `pool_entry`, `chance`, `description`) VALUES (6716, 1795, 0, "");
INSERT INTO `pool_gameobject` (`guid`, `pool_entry`, `chance`, `description`) VALUES (6640, 1795, 0, "");
INSERT INTO `pool_gameobject` (`guid`, `pool_entry`, `chance`, `description`) VALUES (6474, 1795, 3, "");
INSERT INTO `pool_gameobject` (`guid`, `pool_entry`, `chance`, `description`) VALUES (6713, 1795, 0, "");
INSERT INTO `pool_template` (`entry`, `max_limit`, `description`) VALUES (1878, 1, "Burning Steppes Local Minerals 27");
INSERT INTO `pool_gameobject` (`guid`, `pool_entry`, `chance`, `description`) VALUES (6582, 1878, 0, "");
INSERT INTO `pool_gameobject` (`guid`, `pool_entry`, `chance`, `description`) VALUES (6715, 1878, 20, "");
INSERT INTO `pool_gameobject` (`guid`, `pool_entry`, `chance`, `description`) VALUES (6581, 1878, 0, "");
INSERT INTO `pool_gameobject` (`guid`, `pool_entry`, `chance`, `description`) VALUES (6714, 1878, 20, "");
INSERT INTO `pool_gameobject` (`guid`, `pool_entry`, `chance`, `description`) VALUES (6475, 1878, 10, "");
INSERT INTO `pool_template` (`entry`, `max_limit`, `description`) VALUES (1982, 1, "Burning Steppes Local Minerals 28");
INSERT INTO `pool_gameobject` (`guid`, `pool_entry`, `chance`, `description`) VALUES (6473, 1982, 5, "");
INSERT INTO `pool_gameobject` (`guid`, `pool_entry`, `chance`, `description`) VALUES (6578, 1982, 0, "");
INSERT INTO `pool_gameobject` (`guid`, `pool_entry`, `chance`, `description`) VALUES (6712, 1982, 25, "");
INSERT INTO `pool_template` (`entry`, `max_limit`, `description`) VALUES (2399, 1, "Burning Steppes Local Minerals 29");
INSERT INTO `pool_gameobject` (`guid`, `pool_entry`, `chance`, `description`) VALUES (6525, 2399, 0, "");
INSERT INTO `pool_gameobject` (`guid`, `pool_entry`, `chance`, `description`) VALUES (6393, 2399, 3, "");
INSERT INTO `pool_gameobject` (`guid`, `pool_entry`, `chance`, `description`) VALUES (6472, 2399, 2, "");
INSERT INTO `pool_gameobject` (`guid`, `pool_entry`, `chance`, `description`) VALUES (6524, 2399, 0, "");
INSERT INTO `pool_gameobject` (`guid`, `pool_entry`, `chance`, `description`) VALUES (6711, 2399, 15, "");
INSERT INTO `pool_gameobject` (`guid`, `pool_entry`, `chance`, `description`) VALUES (6392, 2399, 3, "");
INSERT INTO `pool_gameobject` (`guid`, `pool_entry`, `chance`, `description`) VALUES (6523, 2399, 0, "");
INSERT INTO `pool_gameobject` (`guid`, `pool_entry`, `chance`, `description`) VALUES (6710, 2399, 15, "");
INSERT INTO `pool_gameobject` (`guid`, `pool_entry`, `chance`, `description`) VALUES (6471, 2399, 2, "");
INSERT INTO `pool_template` (`entry`, `max_limit`, `description`) VALUES (2440, 1, "Burning Steppes Local Minerals 30");
INSERT INTO `pool_gameobject` (`guid`, `pool_entry`, `chance`, `description`) VALUES (6391, 2440, 6, "");
INSERT INTO `pool_gameobject` (`guid`, `pool_entry`, `chance`, `description`) VALUES (6470, 2440, 4, "");
INSERT INTO `pool_gameobject` (`guid`, `pool_entry`, `chance`, `description`) VALUES (6522, 2440, 0, "");
INSERT INTO `pool_gameobject` (`guid`, `pool_entry`, `chance`, `description`) VALUES (6709, 2440, 25, "");
INSERT INTO `pool_template` (`entry`, `max_limit`, `description`) VALUES (3213, 1, "Burning Steppes Local Minerals 31");
INSERT INTO `pool_gameobject` (`guid`, `pool_entry`, `chance`, `description`) VALUES (6467, 3213, 5, "");
INSERT INTO `pool_gameobject` (`guid`, `pool_entry`, `chance`, `description`) VALUES (6639, 3213, 0, "");
INSERT INTO `pool_gameobject` (`guid`, `pool_entry`, `chance`, `description`) VALUES (6708, 3213, 0, "");
INSERT INTO `pool_template` (`entry`, `max_limit`, `description`) VALUES (3246, 1, "Burning Steppes Local Minerals 32");
INSERT INTO `pool_gameobject` (`guid`, `pool_entry`, `chance`, `description`) VALUES (6466, 3246, 15, "");
INSERT INTO `pool_gameobject` (`guid`, `pool_entry`, `chance`, `description`) VALUES (6638, 3246, 0, "");
INSERT INTO `pool_gameobject` (`guid`, `pool_entry`, `chance`, `description`) VALUES (6707, 3246, 0, "");
INSERT INTO `pool_template` (`entry`, `max_limit`, `description`) VALUES (3289, 1, "Burning Steppes Local Minerals 33");
INSERT INTO `pool_gameobject` (`guid`, `pool_entry`, `chance`, `description`) VALUES (6465, 3289, 5, "");
INSERT INTO `pool_gameobject` (`guid`, `pool_entry`, `chance`, `description`) VALUES (6637, 3289, 0, "");
INSERT INTO `pool_gameobject` (`guid`, `pool_entry`, `chance`, `description`) VALUES (6706, 3289, 0, "");
INSERT INTO `pool_template` (`entry`, `max_limit`, `description`) VALUES (3876, 1, "Burning Steppes Local Minerals 34");
INSERT INTO `pool_gameobject` (`guid`, `pool_entry`, `chance`, `description`) VALUES (6577, 3876, 0, "");
INSERT INTO `pool_gameobject` (`guid`, `pool_entry`, `chance`, `description`) VALUES (6705, 3876, 25, "");
INSERT INTO `pool_gameobject` (`guid`, `pool_entry`, `chance`, `description`) VALUES (6462, 3876, 5, "");
INSERT INTO `pool_template` (`entry`, `max_limit`, `description`) VALUES (4624, 1, "Burning Steppes Local Minerals 35");
INSERT INTO `pool_gameobject` (`guid`, `pool_entry`, `chance`, `description`) VALUES (6461, 4624, 5, "");
INSERT INTO `pool_gameobject` (`guid`, `pool_entry`, `chance`, `description`) VALUES (6576, 4624, 0, "");
INSERT INTO `pool_gameobject` (`guid`, `pool_entry`, `chance`, `description`) VALUES (6704, 4624, 25, "");
INSERT INTO `pool_template` (`entry`, `max_limit`, `description`) VALUES (4644, 1, "Burning Steppes Local Minerals 36");
INSERT INTO `pool_gameobject` (`guid`, `pool_entry`, `chance`, `description`) VALUES (6460, 4644, 3, "");
INSERT INTO `pool_gameobject` (`guid`, `pool_entry`, `chance`, `description`) VALUES (6575, 4644, 0, "");
INSERT INTO `pool_gameobject` (`guid`, `pool_entry`, `chance`, `description`) VALUES (6703, 4644, 15, "");
INSERT INTO `pool_gameobject` (`guid`, `pool_entry`, `chance`, `description`) VALUES (6459, 4644, 3, "");
INSERT INTO `pool_gameobject` (`guid`, `pool_entry`, `chance`, `description`) VALUES (6702, 4644, 15, "");
INSERT INTO `pool_gameobject` (`guid`, `pool_entry`, `chance`, `description`) VALUES (6574, 4644, 0, "");
INSERT INTO `pool_template` (`entry`, `max_limit`, `description`) VALUES (4649, 1, "Burning Steppes Local Minerals 37");
INSERT INTO `pool_gameobject` (`guid`, `pool_entry`, `chance`, `description`) VALUES (6458, 4649, 5, "");
INSERT INTO `pool_gameobject` (`guid`, `pool_entry`, `chance`, `description`) VALUES (6573, 4649, 0, "");
INSERT INTO `pool_gameobject` (`guid`, `pool_entry`, `chance`, `description`) VALUES (6701, 4649, 25, "");
INSERT INTO `pool_template` (`entry`, `max_limit`, `description`) VALUES (4660, 1, "Burning Steppes Local Minerals 38");
INSERT INTO `pool_gameobject` (`guid`, `pool_entry`, `chance`, `description`) VALUES (6390, 4660, 6, "");
INSERT INTO `pool_gameobject` (`guid`, `pool_entry`, `chance`, `description`) VALUES (6457, 4660, 4, "");
INSERT INTO `pool_gameobject` (`guid`, `pool_entry`, `chance`, `description`) VALUES (6519, 4660, 0, "");
INSERT INTO `pool_gameobject` (`guid`, `pool_entry`, `chance`, `description`) VALUES (6700, 4660, 25, "");
INSERT INTO `pool_template` (`entry`, `max_limit`, `description`) VALUES (4668, 1, "Burning Steppes Local Minerals 39");
INSERT INTO `pool_gameobject` (`guid`, `pool_entry`, `chance`, `description`) VALUES (6699, 4668, 25, "");
INSERT INTO `pool_gameobject` (`guid`, `pool_entry`, `chance`, `description`) VALUES (6456, 4668, 5, "");
INSERT INTO `pool_gameobject` (`guid`, `pool_entry`, `chance`, `description`) VALUES (6572, 4668, 0, "");
INSERT INTO `pool_template` (`entry`, `max_limit`, `description`) VALUES (4671, 1, "Burning Steppes Local Minerals 40");
INSERT INTO `pool_gameobject` (`guid`, `pool_entry`, `chance`, `description`) VALUES (6455, 4671, 5, "");
INSERT INTO `pool_gameobject` (`guid`, `pool_entry`, `chance`, `description`) VALUES (6636, 4671, 0, "");
INSERT INTO `pool_gameobject` (`guid`, `pool_entry`, `chance`, `description`) VALUES (6698, 4671, 0, "");
INSERT INTO `pool_template` (`entry`, `max_limit`, `description`) VALUES (4679, 1, "Burning Steppes Local Minerals 41");
INSERT INTO `pool_gameobject` (`guid`, `pool_entry`, `chance`, `description`) VALUES (6518, 4679, 0, "");
INSERT INTO `pool_gameobject` (`guid`, `pool_entry`, `chance`, `description`) VALUES (6697, 4679, 15, "");
INSERT INTO `pool_gameobject` (`guid`, `pool_entry`, `chance`, `description`) VALUES (6454, 4679, 4, "");
INSERT INTO `pool_gameobject` (`guid`, `pool_entry`, `chance`, `description`) VALUES (6389, 4679, 6, "");
INSERT INTO `pool_gameobject` (`guid`, `pool_entry`, `chance`, `description`) VALUES (6517, 4679, 0, "");
INSERT INTO `pool_gameobject` (`guid`, `pool_entry`, `chance`, `description`) VALUES (6696, 4679, 15, "");
INSERT INTO `pool_template` (`entry`, `max_limit`, `description`) VALUES (4688, 1, "Burning Steppes Local Minerals 42");
INSERT INTO `pool_gameobject` (`guid`, `pool_entry`, `chance`, `description`) VALUES (6571, 4688, 0, "");
INSERT INTO `pool_gameobject` (`guid`, `pool_entry`, `chance`, `description`) VALUES (6695, 4688, 15, "");
INSERT INTO `pool_gameobject` (`guid`, `pool_entry`, `chance`, `description`) VALUES (6453, 4688, 5, "");
INSERT INTO `pool_gameobject` (`guid`, `pool_entry`, `chance`, `description`) VALUES (6570, 4688, 0, "");
INSERT INTO `pool_gameobject` (`guid`, `pool_entry`, `chance`, `description`) VALUES (6694, 4688, 15, "");
INSERT INTO `pool_template` (`entry`, `max_limit`, `description`) VALUES (4693, 1, "Burning Steppes Local Minerals 43");
INSERT INTO `pool_gameobject` (`guid`, `pool_entry`, `chance`, `description`) VALUES (6635, 4693, 0, "");
INSERT INTO `pool_gameobject` (`guid`, `pool_entry`, `chance`, `description`) VALUES (6452, 4693, 10, "");
INSERT INTO `pool_gameobject` (`guid`, `pool_entry`, `chance`, `description`) VALUES (6634, 4693, 0, "");
INSERT INTO `pool_gameobject` (`guid`, `pool_entry`, `chance`, `description`) VALUES (6693, 4693, 0, "");
INSERT INTO `pool_template` (`entry`, `max_limit`, `description`) VALUES (4702, 1, "Burning Steppes Local Minerals 44");
INSERT INTO `pool_gameobject` (`guid`, `pool_entry`, `chance`, `description`) VALUES (6451, 4702, 4, "");
INSERT INTO `pool_gameobject` (`guid`, `pool_entry`, `chance`, `description`) VALUES (6516, 4702, 0, "");
INSERT INTO `pool_gameobject` (`guid`, `pool_entry`, `chance`, `description`) VALUES (6692, 4702, 30, "");
INSERT INTO `pool_gameobject` (`guid`, `pool_entry`, `chance`, `description`) VALUES (6388, 4702, 6, "");
INSERT INTO `pool_template` (`entry`, `max_limit`, `description`) VALUES (4708, 1, "Burning Steppes Local Minerals 45");
INSERT INTO `pool_gameobject` (`guid`, `pool_entry`, `chance`, `description`) VALUES (6450, 4708, 4, "");
INSERT INTO `pool_gameobject` (`guid`, `pool_entry`, `chance`, `description`) VALUES (6515, 4708, 0, "");
INSERT INTO `pool_gameobject` (`guid`, `pool_entry`, `chance`, `description`) VALUES (6387, 4708, 6, "");
INSERT INTO `pool_gameobject` (`guid`, `pool_entry`, `chance`, `description`) VALUES (6691, 4708, 65, "");
INSERT INTO `pool_template` (`entry`, `max_limit`, `description`) VALUES (4710, 1, "Burning Steppes Local Minerals 46");
INSERT INTO `pool_gameobject` (`guid`, `pool_entry`, `chance`, `description`) VALUES (6514, 4710, 0, "");
INSERT INTO `pool_gameobject` (`guid`, `pool_entry`, `chance`, `description`) VALUES (6690, 4710, 20, "");
INSERT INTO `pool_gameobject` (`guid`, `pool_entry`, `chance`, `description`) VALUES (6386, 4710, 6, "");
INSERT INTO `pool_gameobject` (`guid`, `pool_entry`, `chance`, `description`) VALUES (6449, 4710, 4, "");
INSERT INTO `pool_gameobject` (`guid`, `pool_entry`, `chance`, `description`) VALUES (6513, 4710, 0, "");
INSERT INTO `pool_gameobject` (`guid`, `pool_entry`, `chance`, `description`) VALUES (6689, 4710, 20, "");
INSERT INTO `pool_template` (`entry`, `max_limit`, `description`) VALUES (4713, 1, "Burning Steppes Local Minerals 47");
INSERT INTO `pool_gameobject` (`guid`, `pool_entry`, `chance`, `description`) VALUES (6633, 4713, 0, "");
INSERT INTO `pool_gameobject` (`guid`, `pool_entry`, `chance`, `description`) VALUES (6448, 4713, 10, "");
INSERT INTO `pool_gameobject` (`guid`, `pool_entry`, `chance`, `description`) VALUES (6632, 4713, 0, "");
INSERT INTO `pool_gameobject` (`guid`, `pool_entry`, `chance`, `description`) VALUES (6688, 4713, 0, "");
INSERT INTO `pool_template` (`entry`, `max_limit`, `description`) VALUES (4717, 1, "Burning Steppes Local Minerals 48");
INSERT INTO `pool_gameobject` (`guid`, `pool_entry`, `chance`, `description`) VALUES (6383, 4717, 6, "");
INSERT INTO `pool_gameobject` (`guid`, `pool_entry`, `chance`, `description`) VALUES (6447, 4717, 4, "");
INSERT INTO `pool_gameobject` (`guid`, `pool_entry`, `chance`, `description`) VALUES (6512, 4717, 0, "");
INSERT INTO `pool_gameobject` (`guid`, `pool_entry`, `chance`, `description`) VALUES (6687, 4717, 30, "");
INSERT INTO `pool_template` (`entry`, `max_limit`, `description`) VALUES (4724, 1, "Burning Steppes Local Minerals 49");
INSERT INTO `pool_gameobject` (`guid`, `pool_entry`, `chance`, `description`) VALUES (6446, 4724, 8, "");
INSERT INTO `pool_gameobject` (`guid`, `pool_entry`, `chance`, `description`) VALUES (6569, 4724, 0, "");
INSERT INTO `pool_gameobject` (`guid`, `pool_entry`, `chance`, `description`) VALUES (6686, 4724, 65, "");
INSERT INTO `pool_template` (`entry`, `max_limit`, `description`) VALUES (4730, 1, "Burning Steppes Local Minerals 50");
INSERT INTO `pool_gameobject` (`guid`, `pool_entry`, `chance`, `description`) VALUES (6445, 4730, 8, "");
INSERT INTO `pool_gameobject` (`guid`, `pool_entry`, `chance`, `description`) VALUES (6631, 4730, 0, "");
INSERT INTO `pool_gameobject` (`guid`, `pool_entry`, `chance`, `description`) VALUES (6685, 4730, 0, "");
INSERT INTO `pool_template` (`entry`, `max_limit`, `description`) VALUES (4732, 1, "Burning Steppes Local Minerals 51");
INSERT INTO `pool_gameobject` (`guid`, `pool_entry`, `chance`, `description`) VALUES (6444, 4732, 6, "");
INSERT INTO `pool_gameobject` (`guid`, `pool_entry`, `chance`, `description`) VALUES (6630, 4732, 25, "");
INSERT INTO `pool_gameobject` (`guid`, `pool_entry`, `chance`, `description`) VALUES (6684, 4732, 0, "");
INSERT INTO `pool_gameobject` (`guid`, `pool_entry`, `chance`, `description`) VALUES (6443, 4732, 6, "");
INSERT INTO `pool_gameobject` (`guid`, `pool_entry`, `chance`, `description`) VALUES (6629, 4732, 25, "");
INSERT INTO `pool_gameobject` (`guid`, `pool_entry`, `chance`, `description`) VALUES (6683, 4732, 0, "");
INSERT INTO `pool_template` (`entry`, `max_limit`, `description`) VALUES (4741, 1, "Burning Steppes Local Minerals 52");
INSERT INTO `pool_gameobject` (`guid`, `pool_entry`, `chance`, `description`) VALUES (6442, 4741, 10, "");
INSERT INTO `pool_gameobject` (`guid`, `pool_entry`, `chance`, `description`) VALUES (6568, 4741, 0, "");
INSERT INTO `pool_gameobject` (`guid`, `pool_entry`, `chance`, `description`) VALUES (6682, 4741, 0, "");
INSERT INTO `pool_gameobject` (`guid`, `pool_entry`, `chance`, `description`) VALUES (6567, 4741, 0, "");
INSERT INTO `pool_gameobject` (`guid`, `pool_entry`, `chance`, `description`) VALUES (6681, 4741, 0, "");
INSERT INTO `pool_template` (`entry`, `max_limit`, `description`) VALUES (4755, 1, "Burning Steppes Local Minerals 53");
INSERT INTO `pool_gameobject` (`guid`, `pool_entry`, `chance`, `description`) VALUES (6628, 4755, 15, "");
INSERT INTO `pool_gameobject` (`guid`, `pool_entry`, `chance`, `description`) VALUES (6680, 4755, 0, "");
INSERT INTO `pool_gameobject` (`guid`, `pool_entry`, `chance`, `description`) VALUES (6441, 4755, 8, "");
INSERT INTO `pool_gameobject` (`guid`, `pool_entry`, `chance`, `description`) VALUES (6627, 4755, 15, "");
INSERT INTO `pool_gameobject` (`guid`, `pool_entry`, `chance`, `description`) VALUES (6679, 4755, 0, "");
INSERT INTO `pool_template` (`entry`, `max_limit`, `description`) VALUES (4760, 1, "Burning Steppes Local Minerals 54");
INSERT INTO `pool_gameobject` (`guid`, `pool_entry`, `chance`, `description`) VALUES (6678, 4760, 0, "");
INSERT INTO `pool_gameobject` (`guid`, `pool_entry`, `chance`, `description`) VALUES (6380, 4760, 2, "");
INSERT INTO `pool_gameobject` (`guid`, `pool_entry`, `chance`, `description`) VALUES (6511, 4760, 0, "");
INSERT INTO `pool_gameobject` (`guid`, `pool_entry`, `chance`, `description`) VALUES (6510, 4760, 0, "");
INSERT INTO `pool_gameobject` (`guid`, `pool_entry`, `chance`, `description`) VALUES (6379, 4760, 2, "");
INSERT INTO `pool_gameobject` (`guid`, `pool_entry`, `chance`, `description`) VALUES (6677, 4760, 0, "");
INSERT INTO `pool_gameobject` (`guid`, `pool_entry`, `chance`, `description`) VALUES (6378, 4760, 2, "");
INSERT INTO `pool_gameobject` (`guid`, `pool_entry`, `chance`, `description`) VALUES (6676, 4760, 0, "");
INSERT INTO `pool_gameobject` (`guid`, `pool_entry`, `chance`, `description`) VALUES (6440, 4760, 5, "");
INSERT INTO `pool_gameobject` (`guid`, `pool_entry`, `chance`, `description`) VALUES (6675, 4760, 0, "");
INSERT INTO `pool_gameobject` (`guid`, `pool_entry`, `chance`, `description`) VALUES (6375, 4760, 2, "");
INSERT INTO `pool_gameobject` (`guid`, `pool_entry`, `chance`, `description`) VALUES (6509, 4760, 0, "");
INSERT INTO `pool_gameobject` (`guid`, `pool_entry`, `chance`, `description`) VALUES (6508, 4760, 0, "");
INSERT INTO `pool_template` (`entry`, `max_limit`, `description`) VALUES (4770, 1, "Burning Steppes Local Minerals 55");
INSERT INTO `pool_gameobject` (`guid`, `pool_entry`, `chance`, `description`) VALUES (6439, 4770, 5, "");
INSERT INTO `pool_gameobject` (`guid`, `pool_entry`, `chance`, `description`) VALUES (6626, 4770, 35, "");
INSERT INTO `pool_gameobject` (`guid`, `pool_entry`, `chance`, `description`) VALUES (6674, 4770, 0, "");
INSERT INTO `pool_template` (`entry`, `max_limit`, `description`) VALUES (4772, 1, "Burning Steppes Local Minerals 56");
INSERT INTO `pool_gameobject` (`guid`, `pool_entry`, `chance`, `description`) VALUES (6566, 4772, 0, "");
INSERT INTO `pool_gameobject` (`guid`, `pool_entry`, `chance`, `description`) VALUES (6438, 4772, 5, "");
INSERT INTO `pool_gameobject` (`guid`, `pool_entry`, `chance`, `description`) VALUES (6673, 4772, 15, "");
INSERT INTO `pool_gameobject` (`guid`, `pool_entry`, `chance`, `description`) VALUES (6437, 4772, 5, "");
INSERT INTO `pool_gameobject` (`guid`, `pool_entry`, `chance`, `description`) VALUES (6565, 4772, 0, "");
INSERT INTO `pool_gameobject` (`guid`, `pool_entry`, `chance`, `description`) VALUES (6672, 4772, 15, "");
INSERT INTO `pool_template` (`entry`, `max_limit`, `description`) VALUES (4795, 1, "Burning Steppes Local Minerals 57");
INSERT INTO `pool_gameobject` (`guid`, `pool_entry`, `chance`, `description`) VALUES (6436, 4795, 10, "");
INSERT INTO `pool_gameobject` (`guid`, `pool_entry`, `chance`, `description`) VALUES (6625, 4795, 25, "");
INSERT INTO `pool_gameobject` (`guid`, `pool_entry`, `chance`, `description`) VALUES (6671, 4795, 0, "");
INSERT INTO `pool_template` (`entry`, `max_limit`, `description`) VALUES (4814, 1, "Burning Steppes Local Minerals 58");
INSERT INTO `pool_gameobject` (`guid`, `pool_entry`, `chance`, `description`) VALUES (6435, 4814, 5, "");
INSERT INTO `pool_gameobject` (`guid`, `pool_entry`, `chance`, `description`) VALUES (6564, 4814, 0, "");
INSERT INTO `pool_gameobject` (`guid`, `pool_entry`, `chance`, `description`) VALUES (6670, 4814, 0, "");
INSERT INTO `pool_gameobject` (`guid`, `pool_entry`, `chance`, `description`) VALUES (6563, 4814, 0, "");
INSERT INTO `pool_template` (`entry`, `max_limit`, `description`) VALUES (4818, 1, "Burning Steppes Local Minerals 59");
INSERT INTO `pool_gameobject` (`guid`, `pool_entry`, `chance`, `description`) VALUES (6432, 4818, 15, "");
INSERT INTO `pool_gameobject` (`guid`, `pool_entry`, `chance`, `description`) VALUES (6624, 4818, 55, "");
INSERT INTO `pool_gameobject` (`guid`, `pool_entry`, `chance`, `description`) VALUES (6669, 4818, 0, "");
INSERT INTO `pool_template` (`entry`, `max_limit`, `description`) VALUES (4821, 1, "Burning Steppes Local Minerals 60");
INSERT INTO `pool_gameobject` (`guid`, `pool_entry`, `chance`, `description`) VALUES (6623, 4821, 30, "");
INSERT INTO `pool_gameobject` (`guid`, `pool_entry`, `chance`, `description`) VALUES (6431, 4821, 10, "");
INSERT INTO `pool_gameobject` (`guid`, `pool_entry`, `chance`, `description`) VALUES (6666, 4821, 0, "");
INSERT INTO `pool_template` (`entry`, `max_limit`, `description`) VALUES (4824, 1, "Burning Steppes Local Minerals 61");
INSERT INTO `pool_gameobject` (`guid`, `pool_entry`, `chance`, `description`) VALUES (6562, 4824, 0, "");
INSERT INTO `pool_gameobject` (`guid`, `pool_entry`, `chance`, `description`) VALUES (6665, 4824, 0, "");
INSERT INTO `pool_gameobject` (`guid`, `pool_entry`, `chance`, `description`) VALUES (6430, 4824, 10, "");
INSERT INTO `pool_gameobject` (`guid`, `pool_entry`, `chance`, `description`) VALUES (6561, 4824, 0, "");
INSERT INTO `pool_gameobject` (`guid`, `pool_entry`, `chance`, `description`) VALUES (6664, 4824, 0, "");
INSERT INTO `pool_template` (`entry`, `max_limit`, `description`) VALUES (4829, 1, "Burning Steppes Local Minerals 62");
INSERT INTO `pool_gameobject` (`guid`, `pool_entry`, `chance`, `description`) VALUES (6429, 4829, 4, "");
INSERT INTO `pool_gameobject` (`guid`, `pool_entry`, `chance`, `description`) VALUES (6622, 4829, 0, "");
INSERT INTO `pool_gameobject` (`guid`, `pool_entry`, `chance`, `description`) VALUES (6663, 4829, 0, "");
INSERT INTO `pool_gameobject` (`guid`, `pool_entry`, `chance`, `description`) VALUES (6428, 4829, 4, "");
INSERT INTO `pool_gameobject` (`guid`, `pool_entry`, `chance`, `description`) VALUES (6621, 4829, 0, "");
INSERT INTO `pool_gameobject` (`guid`, `pool_entry`, `chance`, `description`) VALUES (6662, 4829, 0, "");
INSERT INTO `pool_template` (`entry`, `max_limit`, `description`) VALUES (4834, 1, "Burning Steppes Local Minerals 63");
INSERT INTO `pool_gameobject` (`guid`, `pool_entry`, `chance`, `description`) VALUES (6427, 4834, 10, "");
INSERT INTO `pool_gameobject` (`guid`, `pool_entry`, `chance`, `description`) VALUES (6620, 4834, 0, "");
INSERT INTO `pool_gameobject` (`guid`, `pool_entry`, `chance`, `description`) VALUES (6661, 4834, 0, "");
INSERT INTO `pool_template` (`entry`, `max_limit`, `description`) VALUES (4837, 1, "Burning Steppes Local Minerals 64");
INSERT INTO `pool_gameobject` (`guid`, `pool_entry`, `chance`, `description`) VALUES (6426, 4837, 5, "");
INSERT INTO `pool_gameobject` (`guid`, `pool_entry`, `chance`, `description`) VALUES (6560, 4837, 0, "");
INSERT INTO `pool_gameobject` (`guid`, `pool_entry`, `chance`, `description`) VALUES (6660, 4837, 30, "");
INSERT INTO `pool_template` (`entry`, `max_limit`, `description`) VALUES (4840, 1, "Burning Steppes Local Minerals 65");
INSERT INTO `pool_gameobject` (`guid`, `pool_entry`, `chance`, `description`) VALUES (6424, 4840, 5, "");
INSERT INTO `pool_gameobject` (`guid`, `pool_entry`, `chance`, `description`) VALUES (6619, 4840, 30, "");
INSERT INTO `pool_gameobject` (`guid`, `pool_entry`, `chance`, `description`) VALUES (6657, 4840, 0, "");
INSERT INTO `pool_template` (`entry`, `max_limit`, `description`) VALUES (4843, 1, "Burning Steppes Local Minerals 66");
INSERT INTO `pool_gameobject` (`guid`, `pool_entry`, `chance`, `description`) VALUES (6557, 4843, 0, "");
INSERT INTO `pool_gameobject` (`guid`, `pool_entry`, `chance`, `description`) VALUES (6659, 4843, 0, "");
INSERT INTO `pool_gameobject` (`guid`, `pool_entry`, `chance`, `description`) VALUES (6425, 4843, 3, "");
INSERT INTO `pool_gameobject` (`guid`, `pool_entry`, `chance`, `description`) VALUES (6556, 4843, 0, "");
INSERT INTO `pool_gameobject` (`guid`, `pool_entry`, `chance`, `description`) VALUES (6658, 4843, 0, "");
INSERT INTO `pool_gameobject` (`guid`, `pool_entry`, `chance`, `description`) VALUES (6423, 4843, 7, "");
INSERT INTO `pool_gameobject` (`guid`, `pool_entry`, `chance`, `description`) VALUES (6618, 4843, 25, "");
INSERT INTO `pool_gameobject` (`guid`, `pool_entry`, `chance`, `description`) VALUES (6656, 4843, 15, "");
INSERT INTO `pool_template` (`entry`, `max_limit`, `description`) VALUES (4861, 1, "Burning Steppes Local Minerals 67");
INSERT INTO `pool_gameobject` (`guid`, `pool_entry`, `chance`, `description`) VALUES (6422, 4861, 10, "");
INSERT INTO `pool_gameobject` (`guid`, `pool_entry`, `chance`, `description`) VALUES (6555, 4861, 0, "");
INSERT INTO `pool_gameobject` (`guid`, `pool_entry`, `chance`, `description`) VALUES (6655, 4861, 25, "");
INSERT INTO `pool_template` (`entry`, `max_limit`, `description`) VALUES (4893, 1, "Burning Steppes Local Minerals 68");
INSERT INTO `pool_gameobject` (`guid`, `pool_entry`, `chance`, `description`) VALUES (6421, 4893, 4, "");
INSERT INTO `pool_gameobject` (`guid`, `pool_entry`, `chance`, `description`) VALUES (6617, 4893, 15, "");
INSERT INTO `pool_gameobject` (`guid`, `pool_entry`, `chance`, `description`) VALUES (6654, 4893, 0, "");
INSERT INTO `pool_gameobject` (`guid`, `pool_entry`, `chance`, `description`) VALUES (6420, 4893, 4, "");
INSERT INTO `pool_gameobject` (`guid`, `pool_entry`, `chance`, `description`) VALUES (6616, 4893, 15, "");
INSERT INTO `pool_gameobject` (`guid`, `pool_entry`, `chance`, `description`) VALUES (6653, 4893, 0, "");
INSERT INTO `pool_template` (`entry`, `max_limit`, `description`) VALUES (4913, 1, "Burning Steppes Local Minerals 69");
INSERT INTO `pool_gameobject` (`guid`, `pool_entry`, `chance`, `description`) VALUES (6374, 4913, 5, "");
INSERT INTO `pool_gameobject` (`guid`, `pool_entry`, `chance`, `description`) VALUES (6419, 4913, 3, "");
INSERT INTO `pool_gameobject` (`guid`, `pool_entry`, `chance`, `description`) VALUES (6507, 4913, 30, "");
INSERT INTO `pool_gameobject` (`guid`, `pool_entry`, `chance`, `description`) VALUES (6652, 4913, 0, "");
INSERT INTO `pool_gameobject` (`guid`, `pool_entry`, `chance`, `description`) VALUES (6506, 4913, 30, "");
INSERT INTO `pool_gameobject` (`guid`, `pool_entry`, `chance`, `description`) VALUES (6373, 4913, 5, "");
INSERT INTO `pool_gameobject` (`guid`, `pool_entry`, `chance`, `description`) VALUES (6418, 4913, 3, "");
INSERT INTO `pool_gameobject` (`guid`, `pool_entry`, `chance`, `description`) VALUES (6650, 4913, 0, "");
INSERT INTO `pool_template` (`entry`, `max_limit`, `description`) VALUES (4916, 1, "Burning Steppes Local Minerals 70");
INSERT INTO `pool_gameobject` (`guid`, `pool_entry`, `chance`, `description`) VALUES (6615, 4916, 0, "");
INSERT INTO `pool_gameobject` (`guid`, `pool_entry`, `chance`, `description`) VALUES (6651, 4916, 0, "");
INSERT INTO `pool_gameobject` (`guid`, `pool_entry`, `chance`, `description`) VALUES (6417, 4916, 10, "");
INSERT INTO `pool_gameobject` (`guid`, `pool_entry`, `chance`, `description`) VALUES (6614, 4916, 0, "");
INSERT INTO `pool_gameobject` (`guid`, `pool_entry`, `chance`, `description`) VALUES (6649, 4916, 0, "");
INSERT INTO `pool_template` (`entry`, `max_limit`, `description`) VALUES (4921, 1, "Burning Steppes Local Minerals 71");
INSERT INTO `pool_gameobject` (`guid`, `pool_entry`, `chance`, `description`) VALUES (6416, 4921, 8, "");
INSERT INTO `pool_gameobject` (`guid`, `pool_entry`, `chance`, `description`) VALUES (6613, 4921, 30, "");
INSERT INTO `pool_gameobject` (`guid`, `pool_entry`, `chance`, `description`) VALUES (6648, 4921, 0, "");
INSERT INTO `pool_template` (`entry`, `max_limit`, `description`) VALUES (4924, 1, "Burning Steppes Local Minerals 72");
INSERT INTO `pool_gameobject` (`guid`, `pool_entry`, `chance`, `description`) VALUES (6415, 4924, 7, "");
INSERT INTO `pool_gameobject` (`guid`, `pool_entry`, `chance`, `description`) VALUES (6554, 4924, 0, "");
INSERT INTO `pool_gameobject` (`guid`, `pool_entry`, `chance`, `description`) VALUES (6647, 4924, 25, "");
INSERT INTO `pool_template` (`entry`, `max_limit`, `description`) VALUES (4938, 1, "Burning Steppes Local Minerals 73");
INSERT INTO `pool_gameobject` (`guid`, `pool_entry`, `chance`, `description`) VALUES (6551, 4938, 0, "");
INSERT INTO `pool_gameobject` (`guid`, `pool_entry`, `chance`, `description`) VALUES (6646, 4938, 40, "");
INSERT INTO `pool_gameobject` (`guid`, `pool_entry`, `chance`, `description`) VALUES (6414, 4938, 10, "");
INSERT INTO `pool_template` (`entry`, `max_limit`, `description`) VALUES (4942, 1, "Burning Steppes Local Minerals 74");
INSERT INTO `pool_gameobject` (`guid`, `pool_entry`, `chance`, `description`) VALUES (6644, 4942, 0, "");
INSERT INTO `pool_gameobject` (`guid`, `pool_entry`, `chance`, `description`) VALUES (6611, 4942, 65, "");
INSERT INTO `pool_gameobject` (`guid`, `pool_entry`, `chance`, `description`) VALUES (6412, 4942, 5, "");
INSERT INTO `pool_template` (`entry`, `max_limit`, `description`) VALUES (4950, 1, "Burning Steppes Local Minerals 75");
INSERT INTO `pool_gameobject` (`guid`, `pool_entry`, `chance`, `description`) VALUES (6645, 4950, 0, "");
INSERT INTO `pool_gameobject` (`guid`, `pool_entry`, `chance`, `description`) VALUES (6612, 4950, 35, "");
INSERT INTO `pool_gameobject` (`guid`, `pool_entry`, `chance`, `description`) VALUES (6413, 4950, 10, "");

-- Pool Pooling
INSERT INTO `pool_template` (`entry`, `max_limit`, `description`) VALUES (1326, 3, "Burning Steppes Mineral Nodes North East");
INSERT INTO `pool_pool` (`pool_id`, `mother_pool`, `chance`, `description`) VALUES (1323, 1326, 0, "");
INSERT INTO `pool_pool` (`pool_id`, `mother_pool`, `chance`, `description`) VALUES (1748, 1326, 0, "");
INSERT INTO `pool_pool` (`pool_id`, `mother_pool`, `chance`, `description`) VALUES (1794, 1326, 0, "");
INSERT INTO `pool_pool` (`pool_id`, `mother_pool`, `chance`, `description`) VALUES (1981, 1326, 0, "");
INSERT INTO `pool_pool` (`pool_id`, `mother_pool`, `chance`, `description`) VALUES (2029, 1326, 0, "");
INSERT INTO `pool_pool` (`pool_id`, `mother_pool`, `chance`, `description`) VALUES (3212, 1326, 0, "");
INSERT INTO `pool_template` (`entry`, `max_limit`, `description`) VALUES (1568, 2, "Burning Steppes Mineral Nodes South East");
INSERT INTO `pool_pool` (`pool_id`, `mother_pool`, `chance`, `description`) VALUES (1566, 1568, 0, "");
INSERT INTO `pool_pool` (`pool_id`, `mother_pool`, `chance`, `description`) VALUES (1877, 1568, 0, "");
INSERT INTO `pool_pool` (`pool_id`, `mother_pool`, `chance`, `description`) VALUES (1325, 1568, 0, "");
INSERT INTO `pool_pool` (`pool_id`, `mother_pool`, `chance`, `description`) VALUES (2439, 1568, 0, "");
INSERT INTO `pool_template` (`entry`, `max_limit`, `description`) VALUES (1750, 1, "Burning Steppes Dreadmaul Rock Underground Pools 1");
INSERT INTO `pool_pool` (`pool_id`, `mother_pool`, `chance`, `description`) VALUES (4528, 1750, 0, "");
INSERT INTO `pool_pool` (`pool_id`, `mother_pool`, `chance`, `description`) VALUES (4613, 1750, 0, "");
INSERT INTO `pool_pool` (`pool_id`, `mother_pool`, `chance`, `description`) VALUES (4617, 1750, 0, "");
INSERT INTO `pool_template` (`entry`, `max_limit`, `description`) VALUES (1796, 2, "Burning Steppes Dreadmaul Rock Underground Pools 2");
INSERT INTO `pool_pool` (`pool_id`, `mother_pool`, `chance`, `description`) VALUES (4663, 1796, 37, "");
INSERT INTO `pool_pool` (`pool_id`, `mother_pool`, `chance`, `description`) VALUES (4652, 1796, 28, "");
INSERT INTO `pool_pool` (`pool_id`, `mother_pool`, `chance`, `description`) VALUES (4627, 1796, 20, "");
INSERT INTO `pool_pool` (`pool_id`, `mother_pool`, `chance`, `description`) VALUES (3875, 1796, 0, "");
INSERT INTO `pool_template` (`entry`, `max_limit`, `description`) VALUES (1879, 1, "Burning Steppes Dreadmaul Rock Above Ground 1");
INSERT INTO `pool_pool` (`pool_id`, `mother_pool`, `chance`, `description`) VALUES (2398, 1879, 0, "");
INSERT INTO `pool_pool` (`pool_id`, `mother_pool`, `chance`, `description`) VALUES (3288, 1879, 0, "");
INSERT INTO `pool_pool` (`pool_id`, `mother_pool`, `chance`, `description`) VALUES (4648, 1879, 0, "");
INSERT INTO `pool_template` (`entry`, `max_limit`, `description`) VALUES (1983, 1, "Burning Steppes Dreadmaul Rock Above Ground 2");
INSERT INTO `pool_pool` (`pool_id`, `mother_pool`, `chance`, `description`) VALUES (4611, 1983, 0, "");
INSERT INTO `pool_pool` (`pool_id`, `mother_pool`, `chance`, `description`) VALUES (4643, 1983, 0, "");
INSERT INTO `pool_pool` (`pool_id`, `mother_pool`, `chance`, `description`) VALUES (4654, 1983, 0, "");
INSERT INTO `pool_template` (`entry`, `max_limit`, `description`) VALUES (2100, 1, "Burning Steppes Dreadmaul Rock Above Ground 3");
INSERT INTO `pool_pool` (`pool_id`, `mother_pool`, `chance`, `description`) VALUES (3245, 2100, 0, "");
INSERT INTO `pool_pool` (`pool_id`, `mother_pool`, `chance`, `description`) VALUES (4606, 2100, 0, "");
INSERT INTO `pool_pool` (`pool_id`, `mother_pool`, `chance`, `description`) VALUES (4623, 2100, 0, "");
INSERT INTO `pool_template` (`entry`, `max_limit`, `description`) VALUES (2400, 1, "Burning Steppes Dreadmaul Rock Above Ground 4");
INSERT INTO `pool_pool` (`pool_id`, `mother_pool`, `chance`, `description`) VALUES (4659, 2400, 0, "");
INSERT INTO `pool_pool` (`pool_id`, `mother_pool`, `chance`, `description`) VALUES (4665, 2400, 0, "");
INSERT INTO `pool_pool` (`pool_id`, `mother_pool`, `chance`, `description`) VALUES (4667, 2400, 0, "");
INSERT INTO `pool_template` (`entry`, `max_limit`, `description`) VALUES (2441, 1, "Burning Steppes South Mineral Pools 1");
INSERT INTO `pool_pool` (`pool_id`, `mother_pool`, `chance`, `description`) VALUES (1324, 2441, 0, "");
INSERT INTO `pool_pool` (`pool_id`, `mother_pool`, `chance`, `description`) VALUES (1567, 2441, 0, "");
INSERT INTO `pool_pool` (`pool_id`, `mother_pool`, `chance`, `description`) VALUES (1982, 2441, 0, "");
INSERT INTO `pool_pool` (`pool_id`, `mother_pool`, `chance`, `description`) VALUES (2440, 2441, 0, "");
INSERT INTO `pool_template` (`entry`, `max_limit`, `description`) VALUES (3214, 1, "Burning Steppes North Mineral Pools 1");
INSERT INTO `pool_pool` (`pool_id`, `mother_pool`, `chance`, `description`) VALUES (1749, 3214, 0, "");
INSERT INTO `pool_pool` (`pool_id`, `mother_pool`, `chance`, `description`) VALUES (1795, 3214, 0, "");
INSERT INTO `pool_pool` (`pool_id`, `mother_pool`, `chance`, `description`) VALUES (2399, 3214, 0, "");
INSERT INTO `pool_pool` (`pool_id`, `mother_pool`, `chance`, `description`) VALUES (3213, 3214, 0, "");
INSERT INTO `pool_template` (`entry`, `max_limit`, `description`) VALUES (3247, 1, "Burning Steppes North Mineral Pools 2");
INSERT INTO `pool_pool` (`pool_id`, `mother_pool`, `chance`, `description`) VALUES (3289, 3247, 0, "");
INSERT INTO `pool_pool` (`pool_id`, `mother_pool`, `chance`, `description`) VALUES (4644, 3247, 0, "");
INSERT INTO `pool_pool` (`pool_id`, `mother_pool`, `chance`, `description`) VALUES (4671, 3247, 0, "");
INSERT INTO `pool_pool` (`pool_id`, `mother_pool`, `chance`, `description`) VALUES (4688, 3247, 0, "");
INSERT INTO `pool_template` (`entry`, `max_limit`, `description`) VALUES (3290, 1, "Burning Steppes North Mineral Pools 3");
INSERT INTO `pool_pool` (`pool_id`, `mother_pool`, `chance`, `description`) VALUES (1878, 3290, 0, "");
INSERT INTO `pool_pool` (`pool_id`, `mother_pool`, `chance`, `description`) VALUES (3246, 3290, 0, "");
INSERT INTO `pool_pool` (`pool_id`, `mother_pool`, `chance`, `description`) VALUES (4649, 3290, 0, "");
INSERT INTO `pool_template` (`entry`, `max_limit`, `description`) VALUES (3877, 2, "Burning Steppes Central Mineral Pools");
INSERT INTO `pool_pool` (`pool_id`, `mother_pool`, `chance`, `description`) VALUES (3876, 3877, 0, "");
INSERT INTO `pool_pool` (`pool_id`, `mother_pool`, `chance`, `description`) VALUES (4660, 3877, 0, "");
INSERT INTO `pool_pool` (`pool_id`, `mother_pool`, `chance`, `description`) VALUES (4668, 3877, 0, "");
INSERT INTO `pool_pool` (`pool_id`, `mother_pool`, `chance`, `description`) VALUES (4624, 3877, 0, "");
INSERT INTO `pool_pool` (`pool_id`, `mother_pool`, `chance`, `description`) VALUES (4679, 3877, 0, "");
INSERT INTO `pool_pool` (`pool_id`, `mother_pool`, `chance`, `description`) VALUES (4693, 3877, 0, "");
INSERT INTO `pool_pool` (`pool_id`, `mother_pool`, `chance`, `description`) VALUES (4710, 3877, 0, "");
INSERT INTO `pool_template` (`entry`, `max_limit`, `description`) VALUES (4645, 1, "Burning Steppes Pillar of Ash Mineral Pools 1");
INSERT INTO `pool_pool` (`pool_id`, `mother_pool`, `chance`, `description`) VALUES (4702, 4645, 0, "");
INSERT INTO `pool_pool` (`pool_id`, `mother_pool`, `chance`, `description`) VALUES (4708, 4645, 0, "");
INSERT INTO `pool_pool` (`pool_id`, `mother_pool`, `chance`, `description`) VALUES (4713, 4645, 0, "");
INSERT INTO `pool_template` (`entry`, `max_limit`, `description`) VALUES (4650, 1, "Burning Steppes Pillar of Ash Mineral Pools 2");
INSERT INTO `pool_pool` (`pool_id`, `mother_pool`, `chance`, `description`) VALUES (4730, 4650, 0, "");
INSERT INTO `pool_pool` (`pool_id`, `mother_pool`, `chance`, `description`) VALUES (4741, 4650, 0, "");
INSERT INTO `pool_pool` (`pool_id`, `mother_pool`, `chance`, `description`) VALUES (4770, 4650, 0, "");
INSERT INTO `pool_template` (`entry`, `max_limit`, `description`) VALUES (4669, 1, "Burning Steppes Pillar of Ash Mineral Pools 3");
INSERT INTO `pool_pool` (`pool_id`, `mother_pool`, `chance`, `description`) VALUES (4717, 4669, 0, "");
INSERT INTO `pool_pool` (`pool_id`, `mother_pool`, `chance`, `description`) VALUES (4760, 4669, 0, "");
INSERT INTO `pool_pool` (`pool_id`, `mother_pool`, `chance`, `description`) VALUES (4814, 4669, 0, "");
INSERT INTO `pool_template` (`entry`, `max_limit`, `description`) VALUES (4825, 2, "Burning Steppes Blackrock Stronghold Mineral Pools");
INSERT INTO `pool_pool` (`pool_id`, `mother_pool`, `chance`, `description`) VALUES (4724, 4825, 0, "");
INSERT INTO `pool_pool` (`pool_id`, `mother_pool`, `chance`, `description`) VALUES (4732, 4825, 0, "");
INSERT INTO `pool_pool` (`pool_id`, `mother_pool`, `chance`, `description`) VALUES (4755, 4825, 0, "");
INSERT INTO `pool_pool` (`pool_id`, `mother_pool`, `chance`, `description`) VALUES (4772, 4825, 0, "");
INSERT INTO `pool_pool` (`pool_id`, `mother_pool`, `chance`, `description`) VALUES (4795, 4825, 0, "");
INSERT INTO `pool_pool` (`pool_id`, `mother_pool`, `chance`, `description`) VALUES (4821, 4825, 0, "");
INSERT INTO `pool_template` (`entry`, `max_limit`, `description`) VALUES (4838, 2, "Burning Steppes Local Minerals 76");
INSERT INTO `pool_pool` (`pool_id`, `mother_pool`, `chance`, `description`) VALUES (4829, 4838, 0, "");
INSERT INTO `pool_pool` (`pool_id`, `mother_pool`, `chance`, `description`) VALUES (4834, 4838, 0, "");
INSERT INTO `pool_pool` (`pool_id`, `mother_pool`, `chance`, `description`) VALUES (4837, 4838, 0, "");
INSERT INTO `pool_pool` (`pool_id`, `mother_pool`, `chance`, `description`) VALUES (4840, 4838, 0, "");
INSERT INTO `pool_pool` (`pool_id`, `mother_pool`, `chance`, `description`) VALUES (4824, 4838, 0, "");
INSERT INTO `pool_template` (`entry`, `max_limit`, `description`) VALUES (4862, 2, "Burning Steppes South West Mineral Pools 1");
INSERT INTO `pool_pool` (`pool_id`, `mother_pool`, `chance`, `description`) VALUES (4861, 4862, 0, "");
INSERT INTO `pool_pool` (`pool_id`, `mother_pool`, `chance`, `description`) VALUES (4913, 4862, 0, "");
INSERT INTO `pool_pool` (`pool_id`, `mother_pool`, `chance`, `description`) VALUES (4921, 4862, 0, "");
INSERT INTO `pool_pool` (`pool_id`, `mother_pool`, `chance`, `description`) VALUES (4843, 4862, 0, "");
INSERT INTO `pool_template` (`entry`, `max_limit`, `description`) VALUES (4894, 1, "Burning Steppes South West Mineral Pools 2");
INSERT INTO `pool_pool` (`pool_id`, `mother_pool`, `chance`, `description`) VALUES (4893, 4894, 0, "");
INSERT INTO `pool_pool` (`pool_id`, `mother_pool`, `chance`, `description`) VALUES (4938, 4894, 0, "");
INSERT INTO `pool_pool` (`pool_id`, `mother_pool`, `chance`, `description`) VALUES (4950, 4894, 0, "");
INSERT INTO `pool_template` (`entry`, `max_limit`, `description`) VALUES (4925, 2, "Burning Steppes Near Blackrock Mountain Mineral Pools");
INSERT INTO `pool_pool` (`pool_id`, `mother_pool`, `chance`, `description`) VALUES (4818, 4925, 0, "");
INSERT INTO `pool_pool` (`pool_id`, `mother_pool`, `chance`, `description`) VALUES (4916, 4925, 0, "");
INSERT INTO `pool_pool` (`pool_id`, `mother_pool`, `chance`, `description`) VALUES (4924, 4925, 0, "");
INSERT INTO `pool_pool` (`pool_id`, `mother_pool`, `chance`, `description`) VALUES (4942, 4925, 0, "");

-- Dun Morogh:
-- Local Pooling
INSERT INTO `pool_template` (`entry`, `max_limit`, `description`) VALUES (1217, 1, "Dun Morogh Local Minerals 1");
INSERT INTO `pool_gameobject` (`guid`, `pool_entry`, `chance`, `description`) VALUES (7190, 1217, 0, "");
INSERT INTO `pool_gameobject` (`guid`, `pool_entry`, `chance`, `description`) VALUES (7188, 1217, 0, "");
INSERT INTO `pool_template` (`entry`, `max_limit`, `description`) VALUES (1333, 1, "Dun Morogh Local Minerals 2");
INSERT INTO `pool_gameobject` (`guid`, `pool_entry`, `chance`, `description`) VALUES (7178, 1333, 0, "");
INSERT INTO `pool_gameobject` (`guid`, `pool_entry`, `chance`, `description`) VALUES (7177, 1333, 0, "");
INSERT INTO `pool_template` (`entry`, `max_limit`, `description`) VALUES (1575, 1, "Dun Morogh Local Minerals 3");
INSERT INTO `pool_gameobject` (`guid`, `pool_entry`, `chance`, `description`) VALUES (7184, 1575, 0, "");
INSERT INTO `pool_gameobject` (`guid`, `pool_entry`, `chance`, `description`) VALUES (7183, 1575, 0, "");
INSERT INTO `pool_template` (`entry`, `max_limit`, `description`) VALUES (1757, 2, "Dun Morogh Local Minerals 4");
INSERT INTO `pool_gameobject` (`guid`, `pool_entry`, `chance`, `description`) VALUES (7191, 1757, 0, "");
INSERT INTO `pool_gameobject` (`guid`, `pool_entry`, `chance`, `description`) VALUES (7189, 1757, 0, "");
INSERT INTO `pool_gameobject` (`guid`, `pool_entry`, `chance`, `description`) VALUES (7187, 1757, 30, "");
INSERT INTO `pool_gameobject` (`guid`, `pool_entry`, `chance`, `description`) VALUES (7186, 1757, 30, "");
INSERT INTO `pool_gameobject` (`guid`, `pool_entry`, `chance`, `description`) VALUES (7185, 1757, 0, "");
INSERT INTO `pool_template` (`entry`, `max_limit`, `description`) VALUES (1886, 1, "Dun Morogh Local Minerals 5");
INSERT INTO `pool_gameobject` (`guid`, `pool_entry`, `chance`, `description`) VALUES (7182, 1886, 0, "");
INSERT INTO `pool_gameobject` (`guid`, `pool_entry`, `chance`, `description`) VALUES (7181, 1886, 0, "");
INSERT INTO `pool_template` (`entry`, `max_limit`, `description`) VALUES (1990, 1, "Dun Morogh Local Minerals 6");
INSERT INTO `pool_gameobject` (`guid`, `pool_entry`, `chance`, `description`) VALUES (7175, 1990, 0, "");
INSERT INTO `pool_gameobject` (`guid`, `pool_entry`, `chance`, `description`) VALUES (7174, 1990, 0, "");
INSERT INTO `pool_template` (`entry`, `max_limit`, `description`) VALUES (2013, 2, "Dun Morogh Local Minerals 7");
INSERT INTO `pool_gameobject` (`guid`, `pool_entry`, `chance`, `description`) VALUES (7176, 2013, 0, "");
INSERT INTO `pool_gameobject` (`guid`, `pool_entry`, `chance`, `description`) VALUES (7173, 2013, 0, "");
INSERT INTO `pool_gameobject` (`guid`, `pool_entry`, `chance`, `description`) VALUES (7170, 2013, 40, "");
INSERT INTO `pool_gameobject` (`guid`, `pool_entry`, `chance`, `description`) VALUES (7168, 2013, 0, "");
INSERT INTO `pool_gameobject` (`guid`, `pool_entry`, `chance`, `description`) VALUES (7158, 2013, 0, "");
INSERT INTO `pool_template` (`entry`, `max_limit`, `description`) VALUES (2016, 1, "Dun Morogh Local Minerals 8");
INSERT INTO `pool_gameobject` (`guid`, `pool_entry`, `chance`, `description`) VALUES (7172, 2016, 0, "");
INSERT INTO `pool_gameobject` (`guid`, `pool_entry`, `chance`, `description`) VALUES (7171, 2016, 0, "");
INSERT INTO `pool_gameobject` (`guid`, `pool_entry`, `chance`, `description`) VALUES (7169, 2016, 50, "");
INSERT INTO `pool_template` (`entry`, `max_limit`, `description`) VALUES (2025, 1, "Dun Morogh Local Minerals 9");
INSERT INTO `pool_gameobject` (`guid`, `pool_entry`, `chance`, `description`) VALUES (7167, 2025, 25, "");
INSERT INTO `pool_gameobject` (`guid`, `pool_entry`, `chance`, `description`) VALUES (7165, 2025, 25, "");
INSERT INTO `pool_gameobject` (`guid`, `pool_entry`, `chance`, `description`) VALUES (7162, 2025, 0, "");
INSERT INTO `pool_gameobject` (`guid`, `pool_entry`, `chance`, `description`) VALUES (7161, 2025, 0, "");
INSERT INTO `pool_template` (`entry`, `max_limit`, `description`) VALUES (2030, 1, "Dun Morogh Local Minerals 10");
INSERT INTO `pool_gameobject` (`guid`, `pool_entry`, `chance`, `description`) VALUES (7166, 2030, 0, "");
INSERT INTO `pool_gameobject` (`guid`, `pool_entry`, `chance`, `description`) VALUES (7164, 2030, 0, "");
INSERT INTO `pool_template` (`entry`, `max_limit`, `description`) VALUES (2050, 1, "Dun Morogh Gol Bolar Quarry Local Mineral Nodes 1");
INSERT INTO `pool_gameobject` (`guid`, `pool_entry`, `chance`, `description`) VALUES (7154, 2050, 0, "");
INSERT INTO `pool_gameobject` (`guid`, `pool_entry`, `chance`, `description`) VALUES (7153, 2050, 0, "");
INSERT INTO `pool_gameobject` (`guid`, `pool_entry`, `chance`, `description`) VALUES (7152, 2050, 0, "");
INSERT INTO `pool_gameobject` (`guid`, `pool_entry`, `chance`, `description`) VALUES (7149, 2050, 0, "");
INSERT INTO `pool_template` (`entry`, `max_limit`, `description`) VALUES (2068, 1, "Dun Morogh Local Minerals 11");
INSERT INTO `pool_gameobject` (`guid`, `pool_entry`, `chance`, `description`) VALUES (7151, 2068, 0, "");
INSERT INTO `pool_gameobject` (`guid`, `pool_entry`, `chance`, `description`) VALUES (7148, 2068, 0, "");
INSERT INTO `pool_gameobject` (`guid`, `pool_entry`, `chance`, `description`) VALUES (7155, 2068, 0, "");
INSERT INTO `pool_gameobject` (`guid`, `pool_entry`, `chance`, `description`) VALUES (7157, 2068, 0, "");
INSERT INTO `pool_gameobject` (`guid`, `pool_entry`, `chance`, `description`) VALUES (7150, 2068, 0, "");
INSERT INTO `pool_template` (`entry`, `max_limit`, `description`) VALUES (2073, 1, "Dun Morogh Local Minerals 12");
INSERT INTO `pool_gameobject` (`guid`, `pool_entry`, `chance`, `description`) VALUES (7146, 2073, 0, "");
INSERT INTO `pool_gameobject` (`guid`, `pool_entry`, `chance`, `description`) VALUES (7144, 2073, 0, "");
INSERT INTO `pool_gameobject` (`guid`, `pool_entry`, `chance`, `description`) VALUES (7142, 2073, 0, "");
INSERT INTO `pool_gameobject` (`guid`, `pool_entry`, `chance`, `description`) VALUES (7140, 2073, 0, "");
INSERT INTO `pool_template` (`entry`, `max_limit`, `description`) VALUES (2075, 1, "Dun Morogh Local Minerals 13");
INSERT INTO `pool_gameobject` (`guid`, `pool_entry`, `chance`, `description`) VALUES (7147, 2075, 0, "");
INSERT INTO `pool_gameobject` (`guid`, `pool_entry`, `chance`, `description`) VALUES (7145, 2075, 0, "");
INSERT INTO `pool_gameobject` (`guid`, `pool_entry`, `chance`, `description`) VALUES (7143, 2075, 0, "");
INSERT INTO `pool_template` (`entry`, `max_limit`, `description`) VALUES (2079, 1, "Dun Morogh Local Minerals 14");
INSERT INTO `pool_gameobject` (`guid`, `pool_entry`, `chance`, `description`) VALUES (7141, 2079, 0, "");
INSERT INTO `pool_gameobject` (`guid`, `pool_entry`, `chance`, `description`) VALUES (7139, 2079, 0, "");
INSERT INTO `pool_template` (`entry`, `max_limit`, `description`) VALUES (2082, 1, "Dun Morogh Local Minerals 15");
INSERT INTO `pool_gameobject` (`guid`, `pool_entry`, `chance`, `description`) VALUES (7138, 2082, 0, "");
INSERT INTO `pool_gameobject` (`guid`, `pool_entry`, `chance`, `description`) VALUES (7137, 2082, 0, "");
INSERT INTO `pool_gameobject` (`guid`, `pool_entry`, `chance`, `description`) VALUES (7135, 2082, 50, "");
INSERT INTO `pool_template` (`entry`, `max_limit`, `description`) VALUES (2120, 1, "Dun Morogh Local Minerals 16");
INSERT INTO `pool_gameobject` (`guid`, `pool_entry`, `chance`, `description`) VALUES (7136, 2120, 0, "");
INSERT INTO `pool_gameobject` (`guid`, `pool_entry`, `chance`, `description`) VALUES (7134, 2120, 0, "");
INSERT INTO `pool_gameobject` (`guid`, `pool_entry`, `chance`, `description`) VALUES (7133, 2120, 25, "");
INSERT INTO `pool_gameobject` (`guid`, `pool_entry`, `chance`, `description`) VALUES (7132, 2120, 25, "");
INSERT INTO `pool_template` (`entry`, `max_limit`, `description`) VALUES (2122, 1, "Dun Morogh Local Minerals 17");
INSERT INTO `pool_gameobject` (`guid`, `pool_entry`, `chance`, `description`) VALUES (7131, 2122, 0, "");
INSERT INTO `pool_gameobject` (`guid`, `pool_entry`, `chance`, `description`) VALUES (7129, 2122, 0, "");
INSERT INTO `pool_gameobject` (`guid`, `pool_entry`, `chance`, `description`) VALUES (7128, 2122, 25, "");
INSERT INTO `pool_gameobject` (`guid`, `pool_entry`, `chance`, `description`) VALUES (7127, 2122, 25, "");
INSERT INTO `pool_template` (`entry`, `max_limit`, `description`) VALUES (2126, 1, "Dun Morogh Local Minerals 18");
INSERT INTO `pool_gameobject` (`guid`, `pool_entry`, `chance`, `description`) VALUES (7126, 2126, 25, "");
INSERT INTO `pool_gameobject` (`guid`, `pool_entry`, `chance`, `description`) VALUES (7125, 2126, 25, "");
INSERT INTO `pool_gameobject` (`guid`, `pool_entry`, `chance`, `description`) VALUES (7124, 2126, 0, "");
INSERT INTO `pool_template` (`entry`, `max_limit`, `description`) VALUES (2131, 1, "Dun Morogh Local Minerals 19");
INSERT INTO `pool_gameobject` (`guid`, `pool_entry`, `chance`, `description`) VALUES (7130, 2131, 0, "");
INSERT INTO `pool_gameobject` (`guid`, `pool_entry`, `chance`, `description`) VALUES (7123, 2131, 0, "");
INSERT INTO `pool_gameobject` (`guid`, `pool_entry`, `chance`, `description`) VALUES (7116, 2131, 0, "");
INSERT INTO `pool_gameobject` (`guid`, `pool_entry`, `chance`, `description`) VALUES (7113, 2131, 0, "");
INSERT INTO `pool_gameobject` (`guid`, `pool_entry`, `chance`, `description`) VALUES (7112, 2131, 0, "");
INSERT INTO `pool_template` (`entry`, `max_limit`, `description`) VALUES (2133, 1, "Dun Morogh Local Minerals 20");
INSERT INTO `pool_gameobject` (`guid`, `pool_entry`, `chance`, `description`) VALUES (7122, 2133, 0, "");
INSERT INTO `pool_gameobject` (`guid`, `pool_entry`, `chance`, `description`) VALUES (7121, 2133, 0, "");
INSERT INTO `pool_gameobject` (`guid`, `pool_entry`, `chance`, `description`) VALUES (7118, 2133, 0, "");
INSERT INTO `pool_gameobject` (`guid`, `pool_entry`, `chance`, `description`) VALUES (7117, 2133, 0, "");
INSERT INTO `pool_template` (`entry`, `max_limit`, `description`) VALUES (2139, 1, "Dun Morogh Local Minerals 21");
INSERT INTO `pool_gameobject` (`guid`, `pool_entry`, `chance`, `description`) VALUES (7120, 2139, 0, "");
INSERT INTO `pool_gameobject` (`guid`, `pool_entry`, `chance`, `description`) VALUES (7119, 2139, 0, "");
INSERT INTO `pool_gameobject` (`guid`, `pool_entry`, `chance`, `description`) VALUES (7111, 2139, 50, "");
INSERT INTO `pool_template` (`entry`, `max_limit`, `description`) VALUES (2141, 1, "Dun Morogh Local Minerals 22");
INSERT INTO `pool_gameobject` (`guid`, `pool_entry`, `chance`, `description`) VALUES (7115, 2141, 0, "");
INSERT INTO `pool_gameobject` (`guid`, `pool_entry`, `chance`, `description`) VALUES (7114, 2141, 0, "");
INSERT INTO `pool_gameobject` (`guid`, `pool_entry`, `chance`, `description`) VALUES (7109, 2141, 40, "");
INSERT INTO `pool_template` (`entry`, `max_limit`, `description`) VALUES (2143, 2, "Dun Morogh Local Minerals 23");
INSERT INTO `pool_gameobject` (`guid`, `pool_entry`, `chance`, `description`) VALUES (7106, 2143, 0, "");
INSERT INTO `pool_gameobject` (`guid`, `pool_entry`, `chance`, `description`) VALUES (7108, 2143, 0, "");
INSERT INTO `pool_gameobject` (`guid`, `pool_entry`, `chance`, `description`) VALUES (7100, 2143, 0, "");
INSERT INTO `pool_gameobject` (`guid`, `pool_entry`, `chance`, `description`) VALUES (7093, 2143, 0, "");
INSERT INTO `pool_gameobject` (`guid`, `pool_entry`, `chance`, `description`) VALUES (7074, 2143, 0, "");
INSERT INTO `pool_gameobject` (`guid`, `pool_entry`, `chance`, `description`) VALUES (7065, 2143, 0, "");
INSERT INTO `pool_template` (`entry`, `max_limit`, `description`) VALUES (2147, 1, "Dun Morogh Local Minerals 24");
INSERT INTO `pool_gameobject` (`guid`, `pool_entry`, `chance`, `description`) VALUES (7107, 2147, 0, "");
INSERT INTO `pool_gameobject` (`guid`, `pool_entry`, `chance`, `description`) VALUES (7098, 2147, 0, "");
INSERT INTO `pool_gameobject` (`guid`, `pool_entry`, `chance`, `description`) VALUES (7068, 2147, 0, "");
INSERT INTO `pool_gameobject` (`guid`, `pool_entry`, `chance`, `description`) VALUES (7072, 2147, 0, "");
INSERT INTO `pool_template` (`entry`, `max_limit`, `description`) VALUES (2149, 2, "Dun Morogh Local Minerals 25");
INSERT INTO `pool_gameobject` (`guid`, `pool_entry`, `chance`, `description`) VALUES (7110, 2149, 0, "");
INSERT INTO `pool_gameobject` (`guid`, `pool_entry`, `chance`, `description`) VALUES (7105, 2149, 0, "");
INSERT INTO `pool_gameobject` (`guid`, `pool_entry`, `chance`, `description`) VALUES (7082, 2149, 0, "");
INSERT INTO `pool_gameobject` (`guid`, `pool_entry`, `chance`, `description`) VALUES (7067, 2149, 0, "");
INSERT INTO `pool_template` (`entry`, `max_limit`, `description`) VALUES (2262, 1, "Dun Morogh The Grizzled Den Cave Mineral Nodes Local 1");
INSERT INTO `pool_gameobject` (`guid`, `pool_entry`, `chance`, `description`) VALUES (7104, 2262, 0, "");
INSERT INTO `pool_gameobject` (`guid`, `pool_entry`, `chance`, `description`) VALUES (7102, 2262, 0, "");
INSERT INTO `pool_gameobject` (`guid`, `pool_entry`, `chance`, `description`) VALUES (7096, 2262, 0, "");
INSERT INTO `pool_gameobject` (`guid`, `pool_entry`, `chance`, `description`) VALUES (7092, 2262, 0, "");
INSERT INTO `pool_gameobject` (`guid`, `pool_entry`, `chance`, `description`) VALUES (7086, 2262, 0, "");
INSERT INTO `pool_template` (`entry`, `max_limit`, `description`) VALUES (2284, 2, "Dun Morogh Local Minerals 26");
INSERT INTO `pool_gameobject` (`guid`, `pool_entry`, `chance`, `description`) VALUES (7103, 2284, 0, "");
INSERT INTO `pool_gameobject` (`guid`, `pool_entry`, `chance`, `description`) VALUES (7097, 2284, 10, "");
INSERT INTO `pool_gameobject` (`guid`, `pool_entry`, `chance`, `description`) VALUES (7070, 2284, 0, "");
INSERT INTO `pool_gameobject` (`guid`, `pool_entry`, `chance`, `description`) VALUES (7073, 2284, 0, "");
INSERT INTO `pool_gameobject` (`guid`, `pool_entry`, `chance`, `description`) VALUES (7060, 2284, 0, "");
INSERT INTO `pool_template` (`entry`, `max_limit`, `description`) VALUES (2323, 1, "Dun Morogh Local Minerals 27");
INSERT INTO `pool_gameobject` (`guid`, `pool_entry`, `chance`, `description`) VALUES (7101, 2323, 0, "");
INSERT INTO `pool_gameobject` (`guid`, `pool_entry`, `chance`, `description`) VALUES (7087, 2323, 0, "");
INSERT INTO `pool_gameobject` (`guid`, `pool_entry`, `chance`, `description`) VALUES (7081, 2323, 0, "");
INSERT INTO `pool_template` (`entry`, `max_limit`, `description`) VALUES (2407, 1, "Dun Morogh Local Minerals 28");
INSERT INTO `pool_gameobject` (`guid`, `pool_entry`, `chance`, `description`) VALUES (7094, 2407, 0, "");
INSERT INTO `pool_gameobject` (`guid`, `pool_entry`, `chance`, `description`) VALUES (7090, 2407, 0, "");
INSERT INTO `pool_gameobject` (`guid`, `pool_entry`, `chance`, `description`) VALUES (7085, 2407, 25, "");
INSERT INTO `pool_gameobject` (`guid`, `pool_entry`, `chance`, `description`) VALUES (7084, 2407, 0, "");
INSERT INTO `pool_gameobject` (`guid`, `pool_entry`, `chance`, `description`) VALUES (7083, 2407, 0, "");
INSERT INTO `pool_gameobject` (`guid`, `pool_entry`, `chance`, `description`) VALUES (7075, 2407, 0, "");
INSERT INTO `pool_template` (`entry`, `max_limit`, `description`) VALUES (2448, 2, "Dun Morogh Local Minerals 29");
INSERT INTO `pool_gameobject` (`guid`, `pool_entry`, `chance`, `description`) VALUES (7091, 2448, 0, "");
INSERT INTO `pool_gameobject` (`guid`, `pool_entry`, `chance`, `description`) VALUES (7078, 2448, 0, "");
INSERT INTO `pool_gameobject` (`guid`, `pool_entry`, `chance`, `description`) VALUES (7077, 2448, 0, "");
INSERT INTO `pool_gameobject` (`guid`, `pool_entry`, `chance`, `description`) VALUES (7071, 2448, 0, "");
INSERT INTO `pool_gameobject` (`guid`, `pool_entry`, `chance`, `description`) VALUES (7069, 2448, 0, "");
INSERT INTO `pool_gameobject` (`guid`, `pool_entry`, `chance`, `description`) VALUES (7066, 2448, 0, "");
INSERT INTO `pool_template` (`entry`, `max_limit`, `description`) VALUES (3032, 1, "Dun Morogh Local Minerals 30");
INSERT INTO `pool_gameobject` (`guid`, `pool_entry`, `chance`, `description`) VALUES (7064, 3032, 0, "");
INSERT INTO `pool_gameobject` (`guid`, `pool_entry`, `chance`, `description`) VALUES (7063, 3032, 0, "");
INSERT INTO `pool_gameobject` (`guid`, `pool_entry`, `chance`, `description`) VALUES (7026, 3032, 0, "");
INSERT INTO `pool_template` (`entry`, `max_limit`, `description`) VALUES (3037, 1, "Dun Morogh Local Minerals 31");
INSERT INTO `pool_gameobject` (`guid`, `pool_entry`, `chance`, `description`) VALUES (7062, 3037, 0, "");
INSERT INTO `pool_gameobject` (`guid`, `pool_entry`, `chance`, `description`) VALUES (7061, 3037, 0, "");
INSERT INTO `pool_gameobject` (`guid`, `pool_entry`, `chance`, `description`) VALUES (6912, 3037, 0, "");
INSERT INTO `pool_template` (`entry`, `max_limit`, `description`) VALUES (3040, 1, "Dun Morogh Local Minerals 32");
INSERT INTO `pool_gameobject` (`guid`, `pool_entry`, `chance`, `description`) VALUES (7029, 3040, 0, "");
INSERT INTO `pool_gameobject` (`guid`, `pool_entry`, `chance`, `description`) VALUES (6986, 3040, 0, "");
INSERT INTO `pool_gameobject` (`guid`, `pool_entry`, `chance`, `description`) VALUES (6919, 3040, 0, "");
INSERT INTO `pool_template` (`entry`, `max_limit`, `description`) VALUES (3050, 1, "Dun Morogh Local Minerals 33");
INSERT INTO `pool_gameobject` (`guid`, `pool_entry`, `chance`, `description`) VALUES (7008, 3050, 0, "");
INSERT INTO `pool_gameobject` (`guid`, `pool_entry`, `chance`, `description`) VALUES (6985, 3050, 0, "");
INSERT INTO `pool_template` (`entry`, `max_limit`, `description`) VALUES (3053, 1, "Dun Morogh Local Minerals 34");
INSERT INTO `pool_gameobject` (`guid`, `pool_entry`, `chance`, `description`) VALUES (6911, 3053, 0, "");
INSERT INTO `pool_gameobject` (`guid`, `pool_entry`, `chance`, `description`) VALUES (6910, 3053, 0, "");
INSERT INTO `pool_gameobject` (`guid`, `pool_entry`, `chance`, `description`) VALUES (6909, 3053, 0, "");
INSERT INTO `pool_gameobject` (`guid`, `pool_entry`, `chance`, `description`) VALUES (6879, 3053, 0, "");
INSERT INTO `pool_template` (`entry`, `max_limit`, `description`) VALUES (3057, 1, "Dun Morogh Local Minerals 35");
INSERT INTO `pool_gameobject` (`guid`, `pool_entry`, `chance`, `description`) VALUES (6908, 3057, 0, "");
INSERT INTO `pool_gameobject` (`guid`, `pool_entry`, `chance`, `description`) VALUES (6895, 3057, 0, "");
INSERT INTO `pool_gameobject` (`guid`, `pool_entry`, `chance`, `description`) VALUES (6852, 3057, 0, "");
INSERT INTO `pool_template` (`entry`, `max_limit`, `description`) VALUES (3060, 1, "Dun Morogh Local Minerals 36");
INSERT INTO `pool_gameobject` (`guid`, `pool_entry`, `chance`, `description`) VALUES (6870, 3060, 0, "");
INSERT INTO `pool_gameobject` (`guid`, `pool_entry`, `chance`, `description`) VALUES (6815, 3060, 0, "");
INSERT INTO `pool_template` (`entry`, `max_limit`, `description`) VALUES (3063, 1, "Dun Morogh Local Minerals 37");
INSERT INTO `pool_gameobject` (`guid`, `pool_entry`, `chance`, `description`) VALUES (6865, 3063, 0, "");
INSERT INTO `pool_gameobject` (`guid`, `pool_entry`, `chance`, `description`) VALUES (6864, 3063, 0, "");
INSERT INTO `pool_gameobject` (`guid`, `pool_entry`, `chance`, `description`) VALUES (6851, 3063, 0, "");
INSERT INTO `pool_gameobject` (`guid`, `pool_entry`, `chance`, `description`) VALUES (6844, 3063, 0, "");
INSERT INTO `pool_gameobject` (`guid`, `pool_entry`, `chance`, `description`) VALUES (6808, 3063, 30, "");
INSERT INTO `pool_template` (`entry`, `max_limit`, `description`) VALUES (3068, 1, "Dun Morogh Frostmane Hold Cave Minerals Local 1");
INSERT INTO `pool_gameobject` (`guid`, `pool_entry`, `chance`, `description`) VALUES (6840, 3068, 0, "");
INSERT INTO `pool_gameobject` (`guid`, `pool_entry`, `chance`, `description`) VALUES (6839, 3068, 0, "");
INSERT INTO `pool_gameobject` (`guid`, `pool_entry`, `chance`, `description`) VALUES (6807, 3068, 0, "");
INSERT INTO `pool_template` (`entry`, `max_limit`, `description`) VALUES (3081, 1, "Dun Morogh Frostmane Hold Cave Minerals Local 2");
INSERT INTO `pool_gameobject` (`guid`, `pool_entry`, `chance`, `description`) VALUES (6799, 3081, 0, "");
INSERT INTO `pool_gameobject` (`guid`, `pool_entry`, `chance`, `description`) VALUES (6780, 3081, 0, "");
INSERT INTO `pool_gameobject` (`guid`, `pool_entry`, `chance`, `description`) VALUES (6779, 3081, 0, "");
INSERT INTO `pool_gameobject` (`guid`, `pool_entry`, `chance`, `description`) VALUES (6778, 3081, 0, "");
INSERT INTO `pool_gameobject` (`guid`, `pool_entry`, `chance`, `description`) VALUES (6775, 3081, 0, "");
INSERT INTO `pool_gameobject` (`guid`, `pool_entry`, `chance`, `description`) VALUES (6774, 3081, 0, "");
INSERT INTO `pool_template` (`entry`, `max_limit`, `description`) VALUES (3086, 1, "Dun Morogh Frostmane Hold Cave Minerals Local 3");
INSERT INTO `pool_gameobject` (`guid`, `pool_entry`, `chance`, `description`) VALUES (6765, 3086, 0, "");
INSERT INTO `pool_gameobject` (`guid`, `pool_entry`, `chance`, `description`) VALUES (6764, 3086, 0, "");
INSERT INTO `pool_gameobject` (`guid`, `pool_entry`, `chance`, `description`) VALUES (6762, 3086, 0, "");
INSERT INTO `pool_gameobject` (`guid`, `pool_entry`, `chance`, `description`) VALUES (6761, 3086, 0, "");
INSERT INTO `pool_template` (`entry`, `max_limit`, `description`) VALUES (3090, 1, "Dun Morogh Frostmane Hold Cave Minerals Local 4");
INSERT INTO `pool_gameobject` (`guid`, `pool_entry`, `chance`, `description`) VALUES (6781, 3090, 0, "");
INSERT INTO `pool_gameobject` (`guid`, `pool_entry`, `chance`, `description`) VALUES (6766, 3090, 0, "");
INSERT INTO `pool_gameobject` (`guid`, `pool_entry`, `chance`, `description`) VALUES (6763, 3090, 0, "");
INSERT INTO `pool_template` (`entry`, `max_limit`, `description`) VALUES (3099, 1, "Dun Morogh Gol Bolar Quarry Local Mineral Nodes 2");
INSERT INTO `pool_gameobject` (`guid`, `pool_entry`, `chance`, `description`) VALUES (7163, 3099, 0, "");
INSERT INTO `pool_gameobject` (`guid`, `pool_entry`, `chance`, `description`) VALUES (7160, 3099, 0, "");
INSERT INTO `pool_gameobject` (`guid`, `pool_entry`, `chance`, `description`) VALUES (7159, 3099, 0, "");
INSERT INTO `pool_gameobject` (`guid`, `pool_entry`, `chance`, `description`) VALUES (7156, 3099, 0, "");
INSERT INTO `pool_template` (`entry`, `max_limit`, `description`) VALUES (3101, 1, "Dun Morogh The Grizzled Den Cave Mineral Nodes Local 2");
INSERT INTO `pool_gameobject` (`guid`, `pool_entry`, `chance`, `description`) VALUES (7099, 3101, 0, "");
INSERT INTO `pool_gameobject` (`guid`, `pool_entry`, `chance`, `description`) VALUES (7095, 3101, 0, "");
INSERT INTO `pool_gameobject` (`guid`, `pool_entry`, `chance`, `description`) VALUES (7089, 3101, 0, "");
INSERT INTO `pool_gameobject` (`guid`, `pool_entry`, `chance`, `description`) VALUES (7088, 3101, 0, "");
INSERT INTO `pool_gameobject` (`guid`, `pool_entry`, `chance`, `description`) VALUES (7080, 3101, 0, "");
INSERT INTO `pool_gameobject` (`guid`, `pool_entry`, `chance`, `description`) VALUES (7079, 3101, 0, "");
INSERT INTO `pool_gameobject` (`guid`, `pool_entry`, `chance`, `description`) VALUES (7076, 3101, 0, "");

-- Pool Pooling
INSERT INTO `pool_template` (`entry`, `max_limit`, `description`) VALUES (1218, 3, "Dun Morogh East Mineral Nodes");
INSERT INTO `pool_pool` (`pool_id`, `mother_pool`, `chance`, `description`) VALUES (1333, 1218, 0, "");
INSERT INTO `pool_pool` (`pool_id`, `mother_pool`, `chance`, `description`) VALUES (1575, 1218, 0, "");
INSERT INTO `pool_pool` (`pool_id`, `mother_pool`, `chance`, `description`) VALUES (1757, 1218, 40, "");
INSERT INTO `pool_pool` (`pool_id`, `mother_pool`, `chance`, `description`) VALUES (1990, 1218, 0, "");
INSERT INTO `pool_pool` (`pool_id`, `mother_pool`, `chance`, `description`) VALUES (1217, 1218, 0, "");
INSERT INTO `pool_template` (`entry`, `max_limit`, `description`) VALUES (1334, 2, "Dun Morogh South East Mineral Nodes");
INSERT INTO `pool_pool` (`pool_id`, `mother_pool`, `chance`, `description`) VALUES (1886, 1334, 0, "");
INSERT INTO `pool_pool` (`pool_id`, `mother_pool`, `chance`, `description`) VALUES (2016, 1334, 0, "");
INSERT INTO `pool_pool` (`pool_id`, `mother_pool`, `chance`, `description`) VALUES (2013, 1334, 50, "");
INSERT INTO `pool_template` (`entry`, `max_limit`, `description`) VALUES (1576, 2, "Dun Morogh Near Gol Bolar Quarry Mineral Nodes 1");
INSERT INTO `pool_pool` (`pool_id`, `mother_pool`, `chance`, `description`) VALUES (2025, 1576, 0, "");
INSERT INTO `pool_pool` (`pool_id`, `mother_pool`, `chance`, `description`) VALUES (2075, 1576, 0, "");
INSERT INTO `pool_pool` (`pool_id`, `mother_pool`, `chance`, `description`) VALUES (2079, 1576, 0, "");
INSERT INTO `pool_pool` (`pool_id`, `mother_pool`, `chance`, `description`) VALUES (2082, 1576, 0, "");
INSERT INTO `pool_template` (`entry`, `max_limit`, `description`) VALUES (1758, 2, "Dun Morogh Near Gol Bolar Quarry Mineral Nodes 2");
INSERT INTO `pool_pool` (`pool_id`, `mother_pool`, `chance`, `description`) VALUES (2030, 1758, 0, "");
INSERT INTO `pool_pool` (`pool_id`, `mother_pool`, `chance`, `description`) VALUES (2068, 1758, 0, "");
INSERT INTO `pool_pool` (`pool_id`, `mother_pool`, `chance`, `description`) VALUES (2073, 1758, 0, "");
INSERT INTO `pool_pool` (`pool_id`, `mother_pool`, `chance`, `description`) VALUES (2120, 1758, 0, "");
INSERT INTO `pool_template` (`entry`, `max_limit`, `description`) VALUES (1887, 2, "Dun Morogh Near Gol Bolar Quarry Underground Mineral Nodes");
INSERT INTO `pool_pool` (`pool_id`, `mother_pool`, `chance`, `description`) VALUES (3099, 1887, 0, "");
INSERT INTO `pool_pool` (`pool_id`, `mother_pool`, `chance`, `description`) VALUES (2050, 1887, 0, "");
INSERT INTO `pool_template` (`entry`, `max_limit`, `description`) VALUES (1991, 3, "Dun Morogh Central Mineral Nodes");
INSERT INTO `pool_pool` (`pool_id`, `mother_pool`, `chance`, `description`) VALUES (2122, 1991, 0, "");
INSERT INTO `pool_pool` (`pool_id`, `mother_pool`, `chance`, `description`) VALUES (2126, 1991, 0, "");
INSERT INTO `pool_pool` (`pool_id`, `mother_pool`, `chance`, `description`) VALUES (2133, 1991, 0, "");
INSERT INTO `pool_pool` (`pool_id`, `mother_pool`, `chance`, `description`) VALUES (2139, 1991, 0, "");
INSERT INTO `pool_template` (`entry`, `max_limit`, `description`) VALUES (2031, 2, "Dun Morogh South West Mineral Nodes");
INSERT INTO `pool_pool` (`pool_id`, `mother_pool`, `chance`, `description`) VALUES (2141, 2031, 0, "");
INSERT INTO `pool_pool` (`pool_id`, `mother_pool`, `chance`, `description`) VALUES (2284, 2031, 0, "");
INSERT INTO `pool_pool` (`pool_id`, `mother_pool`, `chance`, `description`) VALUES (3060, 2031, 0, "");
INSERT INTO `pool_template` (`entry`, `max_limit`, `description`) VALUES (2051, 3, "Dun Morogh North West Mineral Nodes");
INSERT INTO `pool_pool` (`pool_id`, `mother_pool`, `chance`, `description`) VALUES (2149, 2051, 0, "");
INSERT INTO `pool_pool` (`pool_id`, `mother_pool`, `chance`, `description`) VALUES (3037, 2051, 0, "");
INSERT INTO `pool_pool` (`pool_id`, `mother_pool`, `chance`, `description`) VALUES (3057, 2051, 0, "");
INSERT INTO `pool_pool` (`pool_id`, `mother_pool`, `chance`, `description`) VALUES (3063, 2051, 0, "");
INSERT INTO `pool_template` (`entry`, `max_limit`, `description`) VALUES (2069, 2, "Dun Morogh The Grizzled Den Mineral Nodes");
INSERT INTO `pool_pool` (`pool_id`, `mother_pool`, `chance`, `description`) VALUES (2262, 2069, 0, "");
INSERT INTO `pool_pool` (`pool_id`, `mother_pool`, `chance`, `description`) VALUES (3101, 2069, 0, "");
INSERT INTO `pool_template` (`entry`, `max_limit`, `description`) VALUES (2076, 2, "Dun Morogh River Mineral Nodes");
INSERT INTO `pool_pool` (`pool_id`, `mother_pool`, `chance`, `description`) VALUES (2131, 2076, 0, "");
INSERT INTO `pool_pool` (`pool_id`, `mother_pool`, `chance`, `description`) VALUES (2147, 2076, 0, "");
INSERT INTO `pool_pool` (`pool_id`, `mother_pool`, `chance`, `description`) VALUES (3040, 2076, 0, "");
INSERT INTO `pool_template` (`entry`, `max_limit`, `description`) VALUES (2080, 2, "Dun Morogh Shimmer Ridge Mineral Nodes");
INSERT INTO `pool_pool` (`pool_id`, `mother_pool`, `chance`, `description`) VALUES (2323, 2080, 0, "");
INSERT INTO `pool_pool` (`pool_id`, `mother_pool`, `chance`, `description`) VALUES (2407, 2080, 0, "");
INSERT INTO `pool_pool` (`pool_id`, `mother_pool`, `chance`, `description`) VALUES (2448, 2080, 75, "");
INSERT INTO `pool_template` (`entry`, `max_limit`, `description`) VALUES (2083, 2, "Dun Morogh Chill Breeze Valley Mineral Nodes");
INSERT INTO `pool_pool` (`pool_id`, `mother_pool`, `chance`, `description`) VALUES (3032, 2083, 0, "");
INSERT INTO `pool_pool` (`pool_id`, `mother_pool`, `chance`, `description`) VALUES (3050, 2083, 0, "");
INSERT INTO `pool_pool` (`pool_id`, `mother_pool`, `chance`, `description`) VALUES (3053, 2083, 0, "");
INSERT INTO `pool_template` (`entry`, `max_limit`, `description`) VALUES (2134, 3, "Dun Morogh Frostmane Hold Underground Mineral Nodes");
INSERT INTO `pool_pool` (`pool_id`, `mother_pool`, `chance`, `description`) VALUES (3086, 2134, 0, "");
INSERT INTO `pool_pool` (`pool_id`, `mother_pool`, `chance`, `description`) VALUES (3090, 2134, 0, "");
INSERT INTO `pool_pool` (`pool_id`, `mother_pool`, `chance`, `description`) VALUES (3081, 2134, 0, "");
INSERT INTO `pool_pool` (`pool_id`, `mother_pool`, `chance`, `description`) VALUES (3068, 2134, 0, "");

-- Duskwood:
-- Local Pooling
INSERT INTO `pool_template` (`entry`, `max_limit`, `description`) VALUES (1330, 1, "Duskwood Local Minerals 1");
INSERT INTO `pool_gameobject` (`guid`, `pool_entry`, `chance`, `description`) VALUES (8460, 1330, 0, "");
INSERT INTO `pool_gameobject` (`guid`, `pool_entry`, `chance`, `description`) VALUES (8459, 1330, 0, "");
INSERT INTO `pool_gameobject` (`guid`, `pool_entry`, `chance`, `description`) VALUES (8457, 1330, 33, "");
INSERT INTO `pool_gameobject` (`guid`, `pool_entry`, `chance`, `description`) VALUES (8445, 1330, 33, "");
INSERT INTO `pool_template` (`entry`, `max_limit`, `description`) VALUES (1572, 1, "Duskwood Local Minerals 2");
INSERT INTO `pool_gameobject` (`guid`, `pool_entry`, `chance`, `description`) VALUES (8458, 1572, 33, "");
INSERT INTO `pool_gameobject` (`guid`, `pool_entry`, `chance`, `description`) VALUES (8456, 1572, 0, "");
INSERT INTO `pool_gameobject` (`guid`, `pool_entry`, `chance`, `description`) VALUES (8455, 1572, 0, "");
INSERT INTO `pool_gameobject` (`guid`, `pool_entry`, `chance`, `description`) VALUES (8444, 1572, 33, "");
INSERT INTO `pool_template` (`entry`, `max_limit`, `description`) VALUES (1754, 1, "Duskwood Local Minerals 3");
INSERT INTO `pool_gameobject` (`guid`, `pool_entry`, `chance`, `description`) VALUES (7241, 1754, 0, "");
INSERT INTO `pool_gameobject` (`guid`, `pool_entry`, `chance`, `description`) VALUES (7240, 1754, 0, "");
INSERT INTO `pool_gameobject` (`guid`, `pool_entry`, `chance`, `description`) VALUES (7310, 1754, 34, "");
INSERT INTO `pool_gameobject` (`guid`, `pool_entry`, `chance`, `description`) VALUES (8295, 1754, 6, "");
INSERT INTO `pool_template` (`entry`, `max_limit`, `description`) VALUES (1800, 1, "Duskwood Local Minerals 4");
INSERT INTO `pool_gameobject` (`guid`, `pool_entry`, `chance`, `description`) VALUES (8296, 1800, 5, "");
INSERT INTO `pool_gameobject` (`guid`, `pool_entry`, `chance`, `description`) VALUES (7316, 1800, 0, "");
INSERT INTO `pool_template` (`entry`, `max_limit`, `description`) VALUES (1883, 1, "Duskwood Local Minerals 5");
INSERT INTO `pool_gameobject` (`guid`, `pool_entry`, `chance`, `description`) VALUES (7309, 1883, 35, "");
INSERT INTO `pool_gameobject` (`guid`, `pool_entry`, `chance`, `description`) VALUES (8279, 1883, 5, "");
INSERT INTO `pool_gameobject` (`guid`, `pool_entry`, `chance`, `description`) VALUES (7239, 1883, 0, "");
INSERT INTO `pool_gameobject` (`guid`, `pool_entry`, `chance`, `description`) VALUES (7238, 1883, 0, "");
INSERT INTO `pool_template` (`entry`, `max_limit`, `description`) VALUES (1987, 1, "Duskwood Local Minerals 6");
INSERT INTO `pool_gameobject` (`guid`, `pool_entry`, `chance`, `description`) VALUES (7306, 1987, 0, "");
INSERT INTO `pool_gameobject` (`guid`, `pool_entry`, `chance`, `description`) VALUES (7237, 1987, 0, "");
INSERT INTO `pool_template` (`entry`, `max_limit`, `description`) VALUES (2404, 1, "Duskwood Local Minerals 7");
INSERT INTO `pool_gameobject` (`guid`, `pool_entry`, `chance`, `description`) VALUES (7305, 2404, 0, "");
INSERT INTO `pool_gameobject` (`guid`, `pool_entry`, `chance`, `description`) VALUES (8274, 2404, 10, "");
INSERT INTO `pool_template` (`entry`, `max_limit`, `description`) VALUES (2445, 1, "Duskwood Local Minerals 8");
INSERT INTO `pool_gameobject` (`guid`, `pool_entry`, `chance`, `description`) VALUES (7304, 2445, 0, "");
INSERT INTO `pool_gameobject` (`guid`, `pool_entry`, `chance`, `description`) VALUES (8271, 2445, 10, "");
INSERT INTO `pool_template` (`entry`, `max_limit`, `description`) VALUES (3218, 1, "Duskwood Local Minerals 9");
INSERT INTO `pool_gameobject` (`guid`, `pool_entry`, `chance`, `description`) VALUES (7236, 3218, 0, "");
INSERT INTO `pool_gameobject` (`guid`, `pool_entry`, `chance`, `description`) VALUES (7235, 3218, 0, "");
INSERT INTO `pool_gameobject` (`guid`, `pool_entry`, `chance`, `description`) VALUES (7234, 3218, 0, "");
INSERT INTO `pool_gameobject` (`guid`, `pool_entry`, `chance`, `description`) VALUES (7233, 3218, 0, "");
INSERT INTO `pool_template` (`entry`, `max_limit`, `description`) VALUES (3251, 1, "Duskwood Local Minerals 10");
INSERT INTO `pool_gameobject` (`guid`, `pool_entry`, `chance`, `description`) VALUES (7303, 3251, 33, "");
INSERT INTO `pool_gameobject` (`guid`, `pool_entry`, `chance`, `description`) VALUES (8265, 3251, 7, "");
INSERT INTO `pool_gameobject` (`guid`, `pool_entry`, `chance`, `description`) VALUES (7232, 3251, 0, "");
INSERT INTO `pool_template` (`entry`, `max_limit`, `description`) VALUES (3294, 1, "Duskwood Local Minerals 11");
INSERT INTO `pool_gameobject` (`guid`, `pool_entry`, `chance`, `description`) VALUES (7231, 3294, 33, "");
INSERT INTO `pool_gameobject` (`guid`, `pool_entry`, `chance`, `description`) VALUES (7230, 3294, 33, "");
INSERT INTO `pool_gameobject` (`guid`, `pool_entry`, `chance`, `description`) VALUES (7229, 3294, 0, "");
INSERT INTO `pool_gameobject` (`guid`, `pool_entry`, `chance`, `description`) VALUES (7228, 3294, 0, "");
INSERT INTO `pool_template` (`entry`, `max_limit`, `description`) VALUES (3881, 1, "Duskwood Local Minerals 12");
INSERT INTO `pool_gameobject` (`guid`, `pool_entry`, `chance`, `description`) VALUES (8335, 3881, 5, "");
INSERT INTO `pool_gameobject` (`guid`, `pool_entry`, `chance`, `description`) VALUES (8435, 3881, 0, "");
INSERT INTO `pool_gameobject` (`guid`, `pool_entry`, `chance`, `description`) VALUES (8250, 3881, 10, "");
INSERT INTO `pool_gameobject` (`guid`, `pool_entry`, `chance`, `description`) VALUES (8434, 3881, 0, "");
INSERT INTO `pool_template` (`entry`, `max_limit`, `description`) VALUES (4999, 1, "Duskwood Local Minerals 13");
INSERT INTO `pool_gameobject` (`guid`, `pool_entry`, `chance`, `description`) VALUES (7299, 4999, 25, "");
INSERT INTO `pool_gameobject` (`guid`, `pool_entry`, `chance`, `description`) VALUES (8255, 4999, 5, "");
INSERT INTO `pool_gameobject` (`guid`, `pool_entry`, `chance`, `description`) VALUES (7227, 4999, 0, "");
INSERT INTO `pool_template` (`entry`, `max_limit`, `description`) VALUES (5063, 1, "Duskwood Local Minerals 14");
INSERT INTO `pool_gameobject` (`guid`, `pool_entry`, `chance`, `description`) VALUES (7297, 5063, 25, "");
INSERT INTO `pool_gameobject` (`guid`, `pool_entry`, `chance`, `description`) VALUES (8251, 5063, 5, "");
INSERT INTO `pool_gameobject` (`guid`, `pool_entry`, `chance`, `description`) VALUES (7223, 5063, 0, "");
INSERT INTO `pool_template` (`entry`, `max_limit`, `description`) VALUES (5129, 1, "Duskwood Local Minerals 15");
INSERT INTO `pool_gameobject` (`guid`, `pool_entry`, `chance`, `description`) VALUES (7298, 5129, 0, "");
INSERT INTO `pool_gameobject` (`guid`, `pool_entry`, `chance`, `description`) VALUES (8254, 5129, 5, "");
INSERT INTO `pool_template` (`entry`, `max_limit`, `description`) VALUES (5148, 1, "Duskwood Local Minerals 16");
INSERT INTO `pool_gameobject` (`guid`, `pool_entry`, `chance`, `description`) VALUES (7296, 5148, 0, "");
INSERT INTO `pool_gameobject` (`guid`, `pool_entry`, `chance`, `description`) VALUES (7295, 5148, 0, "");
INSERT INTO `pool_gameobject` (`guid`, `pool_entry`, `chance`, `description`) VALUES (8244, 5148, 5, "");
INSERT INTO `pool_gameobject` (`guid`, `pool_entry`, `chance`, `description`) VALUES (7294, 5148, 0, "");
INSERT INTO `pool_template` (`entry`, `max_limit`, `description`) VALUES (5424, 1, "Duskwood Local Minerals 17");
INSERT INTO `pool_gameobject` (`guid`, `pool_entry`, `chance`, `description`) VALUES (7224, 5424, 44, "");
INSERT INTO `pool_gameobject` (`guid`, `pool_entry`, `chance`, `description`) VALUES (8334, 5424, 3, "");
INSERT INTO `pool_gameobject` (`guid`, `pool_entry`, `chance`, `description`) VALUES (8428, 5424, 0, "");
INSERT INTO `pool_gameobject` (`guid`, `pool_entry`, `chance`, `description`) VALUES (8419, 5424, 0, "");
INSERT INTO `pool_gameobject` (`guid`, `pool_entry`, `chance`, `description`) VALUES (8333, 5424, 3, "");
INSERT INTO `pool_gameobject` (`guid`, `pool_entry`, `chance`, `description`) VALUES (8418, 5424, 0, "");
INSERT INTO `pool_template` (`entry`, `max_limit`, `description`) VALUES (5426, 1, "Duskwood Local Minerals 18");
INSERT INTO `pool_gameobject` (`guid`, `pool_entry`, `chance`, `description`) VALUES (8433, 5426, 20, "");
INSERT INTO `pool_gameobject` (`guid`, `pool_entry`, `chance`, `description`) VALUES (7222, 5426, 0, "");
INSERT INTO `pool_gameobject` (`guid`, `pool_entry`, `chance`, `description`) VALUES (7221, 5426, 0, "");
INSERT INTO `pool_template` (`entry`, `max_limit`, `description`) VALUES (5430, 1, "Duskwood Local Minerals 19");
INSERT INTO `pool_gameobject` (`guid`, `pool_entry`, `chance`, `description`) VALUES (8417, 5430, 30, "");
INSERT INTO `pool_gameobject` (`guid`, `pool_entry`, `chance`, `description`) VALUES (7293, 5430, 0, "");
INSERT INTO `pool_gameobject` (`guid`, `pool_entry`, `chance`, `description`) VALUES (7292, 5430, 0, "");
INSERT INTO `pool_gameobject` (`guid`, `pool_entry`, `chance`, `description`) VALUES (8234, 5430, 15, "");
INSERT INTO `pool_gameobject` (`guid`, `pool_entry`, `chance`, `description`) VALUES (7291, 5430, 25, "");
INSERT INTO `pool_template` (`entry`, `max_limit`, `description`) VALUES (5433, 1, "Duskwood Local Minerals 20");
INSERT INTO `pool_gameobject` (`guid`, `pool_entry`, `chance`, `description`) VALUES (8416, 5433, 30, "");
INSERT INTO `pool_gameobject` (`guid`, `pool_entry`, `chance`, `description`) VALUES (7290, 5433, 0, "");
INSERT INTO `pool_gameobject` (`guid`, `pool_entry`, `chance`, `description`) VALUES (7289, 5433, 0, "");
INSERT INTO `pool_gameobject` (`guid`, `pool_entry`, `chance`, `description`) VALUES (8233, 5433, 10, "");
INSERT INTO `pool_template` (`entry`, `max_limit`, `description`) VALUES (5436, 1, "Duskwood Local Minerals 21");
INSERT INTO `pool_gameobject` (`guid`, `pool_entry`, `chance`, `description`) VALUES (8411, 5436, 30, "");
INSERT INTO `pool_gameobject` (`guid`, `pool_entry`, `chance`, `description`) VALUES (7288, 5436, 0, "");
INSERT INTO `pool_gameobject` (`guid`, `pool_entry`, `chance`, `description`) VALUES (7286, 5436, 15, "");
INSERT INTO `pool_gameobject` (`guid`, `pool_entry`, `chance`, `description`) VALUES (7285, 5436, 15, "");
INSERT INTO `pool_gameobject` (`guid`, `pool_entry`, `chance`, `description`) VALUES (7219, 5436, 0, "");
INSERT INTO `pool_gameobject` (`guid`, `pool_entry`, `chance`, `description`) VALUES (7218, 5436, 0, "");
INSERT INTO `pool_template` (`entry`, `max_limit`, `description`) VALUES (5441, 1, "Duskwood Local Minerals 22");
INSERT INTO `pool_gameobject` (`guid`, `pool_entry`, `chance`, `description`) VALUES (7287, 5441, 0, "");
INSERT INTO `pool_gameobject` (`guid`, `pool_entry`, `chance`, `description`) VALUES (8227, 5441, 10, "");
INSERT INTO `pool_template` (`entry`, `max_limit`, `description`) VALUES (5452, 1, "Duskwood Local Minerals 23");
INSERT INTO `pool_gameobject` (`guid`, `pool_entry`, `chance`, `description`) VALUES (7284, 5452, 0, "");
INSERT INTO `pool_gameobject` (`guid`, `pool_entry`, `chance`, `description`) VALUES (8224, 5452, 5, "");
INSERT INTO `pool_gameobject` (`guid`, `pool_entry`, `chance`, `description`) VALUES (7283, 5452, 0, "");
INSERT INTO `pool_template` (`entry`, `max_limit`, `description`) VALUES (5457, 1, "Duskwood Local Minerals 24");
INSERT INTO `pool_gameobject` (`guid`, `pool_entry`, `chance`, `description`) VALUES (7216, 5457, 0, "");
INSERT INTO `pool_gameobject` (`guid`, `pool_entry`, `chance`, `description`) VALUES (7282, 5457, 65, "");
INSERT INTO `pool_template` (`entry`, `max_limit`, `description`) VALUES (5461, 1, "Duskwood Local Minerals 25");
INSERT INTO `pool_gameobject` (`guid`, `pool_entry`, `chance`, `description`) VALUES (7220, 5461, 65, "");
INSERT INTO `pool_gameobject` (`guid`, `pool_entry`, `chance`, `description`) VALUES (8404, 5461, 0, "");
INSERT INTO `pool_gameobject` (`guid`, `pool_entry`, `chance`, `description`) VALUES (8390, 5461, 0, "");
INSERT INTO `pool_template` (`entry`, `max_limit`, `description`) VALUES (5477, 1, "Duskwood Local Minerals 26");
INSERT INTO `pool_gameobject` (`guid`, `pool_entry`, `chance`, `description`) VALUES (8403, 5477, 0, "");
INSERT INTO `pool_gameobject` (`guid`, `pool_entry`, `chance`, `description`) VALUES (8391, 5477, 0, "");
INSERT INTO `pool_gameobject` (`guid`, `pool_entry`, `chance`, `description`) VALUES (7217, 5477, 65, "");
INSERT INTO `pool_gameobject` (`guid`, `pool_entry`, `chance`, `description`) VALUES (8389, 5477, 15, "");
INSERT INTO `pool_template` (`entry`, `max_limit`, `description`) VALUES (5482, 1, "Duskwood Local Minerals 27");
INSERT INTO `pool_gameobject` (`guid`, `pool_entry`, `chance`, `description`) VALUES (8382, 5482, 15, "");
INSERT INTO `pool_gameobject` (`guid`, `pool_entry`, `chance`, `description`) VALUES (8328, 5482, 10, "");
INSERT INTO `pool_gameobject` (`guid`, `pool_entry`, `chance`, `description`) VALUES (8381, 5482, 15, "");
INSERT INTO `pool_gameobject` (`guid`, `pool_entry`, `chance`, `description`) VALUES (7215, 5482, 0, "");
INSERT INTO `pool_gameobject` (`guid`, `pool_entry`, `chance`, `description`) VALUES (7214, 5482, 0, "");
INSERT INTO `pool_template` (`entry`, `max_limit`, `description`) VALUES (5495, 1, "Duskwood Local Minerals 28");
INSERT INTO `pool_gameobject` (`guid`, `pool_entry`, `chance`, `description`) VALUES (7281, 5495, 40, "");
INSERT INTO `pool_gameobject` (`guid`, `pool_entry`, `chance`, `description`) VALUES (8220, 5495, 9, "");
INSERT INTO `pool_gameobject` (`guid`, `pool_entry`, `chance`, `description`) VALUES (7274, 5495, 0, "");
INSERT INTO `pool_gameobject` (`guid`, `pool_entry`, `chance`, `description`) VALUES (7634, 5495, 6, "");
INSERT INTO `pool_gameobject` (`guid`, `pool_entry`, `chance`, `description`) VALUES (7273, 5495, 0, "");
INSERT INTO `pool_template` (`entry`, `max_limit`, `description`) VALUES (5501, 1, "Duskwood Local Minerals 29");
INSERT INTO `pool_gameobject` (`guid`, `pool_entry`, `chance`, `description`) VALUES (7280, 5501, 0, "");
INSERT INTO `pool_gameobject` (`guid`, `pool_entry`, `chance`, `description`) VALUES (8219, 5501, 10, "");
INSERT INTO `pool_gameobject` (`guid`, `pool_entry`, `chance`, `description`) VALUES (7279, 5501, 0, "");
INSERT INTO `pool_template` (`entry`, `max_limit`, `description`) VALUES (5506, 1, "Duskwood Local Minerals 30");
INSERT INTO `pool_gameobject` (`guid`, `pool_entry`, `chance`, `description`) VALUES (7212, 5506, 0, "");
INSERT INTO `pool_gameobject` (`guid`, `pool_entry`, `chance`, `description`) VALUES (7211, 5506, 0, "");
INSERT INTO `pool_gameobject` (`guid`, `pool_entry`, `chance`, `description`) VALUES (7210, 5506, 0, "");
INSERT INTO `pool_template` (`entry`, `max_limit`, `description`) VALUES (5511, 1, "Duskwood Local Minerals 31");
INSERT INTO `pool_gameobject` (`guid`, `pool_entry`, `chance`, `description`) VALUES (7207, 5511, 0, "");
INSERT INTO `pool_gameobject` (`guid`, `pool_entry`, `chance`, `description`) VALUES (7272, 5511, 60, "");
INSERT INTO `pool_gameobject` (`guid`, `pool_entry`, `chance`, `description`) VALUES (7569, 5511, 10, "");
INSERT INTO `pool_template` (`entry`, `max_limit`, `description`) VALUES (5513, 1, "Duskwood Local Minerals 32");
INSERT INTO `pool_gameobject` (`guid`, `pool_entry`, `chance`, `description`) VALUES (7277, 5513, 0, "");
INSERT INTO `pool_gameobject` (`guid`, `pool_entry`, `chance`, `description`) VALUES (7278, 5513, 0, "");
INSERT INTO `pool_template` (`entry`, `max_limit`, `description`) VALUES (5519, 1, "Duskwood Local Minerals 33");
INSERT INTO `pool_gameobject` (`guid`, `pool_entry`, `chance`, `description`) VALUES (7213, 5519, 40, "");
INSERT INTO `pool_gameobject` (`guid`, `pool_entry`, `chance`, `description`) VALUES (7276, 5519, 0, "");
INSERT INTO `pool_gameobject` (`guid`, `pool_entry`, `chance`, `description`) VALUES (7275, 5519, 0, "");
INSERT INTO `pool_gameobject` (`guid`, `pool_entry`, `chance`, `description`) VALUES (8218, 5519, 10, "");
INSERT INTO `pool_template` (`entry`, `max_limit`, `description`) VALUES (5527, 1, "Duskwood Local Minerals 34");
INSERT INTO `pool_gameobject` (`guid`, `pool_entry`, `chance`, `description`) VALUES (7209, 5527, 0, "");
INSERT INTO `pool_gameobject` (`guid`, `pool_entry`, `chance`, `description`) VALUES (7208, 5527, 0, "");
INSERT INTO `pool_gameobject` (`guid`, `pool_entry`, `chance`, `description`) VALUES (7206, 5527, 50, "");
INSERT INTO `pool_template` (`entry`, `max_limit`, `description`) VALUES (5530, 1, "Duskwood Local Minerals 35");
INSERT INTO `pool_gameobject` (`guid`, `pool_entry`, `chance`, `description`) VALUES (7201, 5530, 0, "");
INSERT INTO `pool_gameobject` (`guid`, `pool_entry`, `chance`, `description`) VALUES (7263, 5530, 50, "");
INSERT INTO `pool_gameobject` (`guid`, `pool_entry`, `chance`, `description`) VALUES (7329, 5530, 10, "");
INSERT INTO `pool_template` (`entry`, `max_limit`, `description`) VALUES (5539, 1, "Duskwood Local Minerals 36");
INSERT INTO `pool_gameobject` (`guid`, `pool_entry`, `chance`, `description`) VALUES (7261, 5539, 0, "");
INSERT INTO `pool_gameobject` (`guid`, `pool_entry`, `chance`, `description`) VALUES (7327, 5539, 15, "");
INSERT INTO `pool_template` (`entry`, `max_limit`, `description`) VALUES (5541, 1, "Duskwood Local Minerals 37");
INSERT INTO `pool_gameobject` (`guid`, `pool_entry`, `chance`, `description`) VALUES (7258, 5541, 50, "");
INSERT INTO `pool_gameobject` (`guid`, `pool_entry`, `chance`, `description`) VALUES (7326, 5541, 10, "");
INSERT INTO `pool_gameobject` (`guid`, `pool_entry`, `chance`, `description`) VALUES (7200, 5541, 0, "");
INSERT INTO `pool_gameobject` (`guid`, `pool_entry`, `chance`, `description`) VALUES (7199, 5541, 0, "");
INSERT INTO `pool_template` (`entry`, `max_limit`, `description`) VALUES (5544, 1, "Duskwood Local Minerals 38");
INSERT INTO `pool_gameobject` (`guid`, `pool_entry`, `chance`, `description`) VALUES (7198, 5544, 0, "");
INSERT INTO `pool_gameobject` (`guid`, `pool_entry`, `chance`, `description`) VALUES (7197, 5544, 0, "");
INSERT INTO `pool_gameobject` (`guid`, `pool_entry`, `chance`, `description`) VALUES (7195, 5544, 50, "");
INSERT INTO `pool_template` (`entry`, `max_limit`, `description`) VALUES (5550, 1, "Duskwood Local Minerals 39");
INSERT INTO `pool_gameobject` (`guid`, `pool_entry`, `chance`, `description`) VALUES (7320, 5550, 15, "");
INSERT INTO `pool_gameobject` (`guid`, `pool_entry`, `chance`, `description`) VALUES (8303, 5550, 5, "");
INSERT INTO `pool_gameobject` (`guid`, `pool_entry`, `chance`, `description`) VALUES (8363, 5550, 0, "");
INSERT INTO `pool_gameobject` (`guid`, `pool_entry`, `chance`, `description`) VALUES (8298, 5550, 5, "");
INSERT INTO `pool_gameobject` (`guid`, `pool_entry`, `chance`, `description`) VALUES (8362, 5550, 0, "");
INSERT INTO `pool_template` (`entry`, `max_limit`, `description`) VALUES (5552, 1, "Duskwood Local Minerals 40");
INSERT INTO `pool_gameobject` (`guid`, `pool_entry`, `chance`, `description`) VALUES (7271, 5552, 0, "");
INSERT INTO `pool_gameobject` (`guid`, `pool_entry`, `chance`, `description`) VALUES (7270, 5552, 0, "");
INSERT INTO `pool_gameobject` (`guid`, `pool_entry`, `chance`, `description`) VALUES (7269, 5552, 0, "");
INSERT INTO `pool_gameobject` (`guid`, `pool_entry`, `chance`, `description`) VALUES (7205, 5552, 40, "");
INSERT INTO `pool_template` (`entry`, `max_limit`, `description`) VALUES (5555, 1, "Duskwood Local Minerals 41");
INSERT INTO `pool_gameobject` (`guid`, `pool_entry`, `chance`, `description`) VALUES (7203, 5555, 0, "");
INSERT INTO `pool_gameobject` (`guid`, `pool_entry`, `chance`, `description`) VALUES (7202, 5555, 0, "");
INSERT INTO `pool_gameobject` (`guid`, `pool_entry`, `chance`, `description`) VALUES (7259, 5555, 50, "");
INSERT INTO `pool_template` (`entry`, `max_limit`, `description`) VALUES (5557, 1, "Duskwood Local Minerals 42");
INSERT INTO `pool_gameobject` (`guid`, `pool_entry`, `chance`, `description`) VALUES (8317, 5557, 5, "");
INSERT INTO `pool_gameobject` (`guid`, `pool_entry`, `chance`, `description`) VALUES (8371, 5557, 0, "");
INSERT INTO `pool_gameobject` (`guid`, `pool_entry`, `chance`, `description`) VALUES (7254, 5557, 0, "");
INSERT INTO `pool_gameobject` (`guid`, `pool_entry`, `chance`, `description`) VALUES (7323, 5557, 10, "");
INSERT INTO `pool_gameobject` (`guid`, `pool_entry`, `chance`, `description`) VALUES (7253, 5557, 0, "");
INSERT INTO `pool_gameobject` (`guid`, `pool_entry`, `chance`, `description`) VALUES (7250, 5557, 0, "");
INSERT INTO `pool_template` (`entry`, `max_limit`, `description`) VALUES (5559, 1, "Duskwood Local Minerals 43");
INSERT INTO `pool_gameobject` (`guid`, `pool_entry`, `chance`, `description`) VALUES (7321, 5559, 4, "");
INSERT INTO `pool_gameobject` (`guid`, `pool_entry`, `chance`, `description`) VALUES (7249, 5559, 0, "");
INSERT INTO `pool_gameobject` (`guid`, `pool_entry`, `chance`, `description`) VALUES (7322, 5559, 4, "");
INSERT INTO `pool_gameobject` (`guid`, `pool_entry`, `chance`, `description`) VALUES (7251, 5559, 0, "");
INSERT INTO `pool_gameobject` (`guid`, `pool_entry`, `chance`, `description`) VALUES (7252, 5559, 0, "");
INSERT INTO `pool_template` (`entry`, `max_limit`, `description`) VALUES (5566, 1, "Duskwood Local Minerals 44");
INSERT INTO `pool_gameobject` (`guid`, `pool_entry`, `chance`, `description`) VALUES (7247, 5566, 0, "");
INSERT INTO `pool_gameobject` (`guid`, `pool_entry`, `chance`, `description`) VALUES (7196, 5566, 40, "");
INSERT INTO `pool_gameobject` (`guid`, `pool_entry`, `chance`, `description`) VALUES (7248, 5566, 0, "");
INSERT INTO `pool_template` (`entry`, `max_limit`, `description`) VALUES (5575, 1, "Duskwood Local Minerals 45");
INSERT INTO `pool_gameobject` (`guid`, `pool_entry`, `chance`, `description`) VALUES (7194, 5575, 0, "");
INSERT INTO `pool_gameobject` (`guid`, `pool_entry`, `chance`, `description`) VALUES (7243, 5575, 0, "");
INSERT INTO `pool_gameobject` (`guid`, `pool_entry`, `chance`, `description`) VALUES (7242, 5575, 0, "");
INSERT INTO `pool_gameobject` (`guid`, `pool_entry`, `chance`, `description`) VALUES (7245, 5575, 0, "");
INSERT INTO `pool_gameobject` (`guid`, `pool_entry`, `chance`, `description`) VALUES (7244, 5575, 0, "");
INSERT INTO `pool_gameobject` (`guid`, `pool_entry`, `chance`, `description`) VALUES (7246, 5575, 0, "");
INSERT INTO `pool_template` (`entry`, `max_limit`, `description`) VALUES (1331, 1, "Duskwood Local Minerals 46");
INSERT INTO `pool_gameobject` (`guid`, `pool_entry`, `chance`, `description`) VALUES (8478, 1331, 0, "");
INSERT INTO `pool_gameobject` (`guid`, `pool_entry`, `chance`, `description`) VALUES (8477, 1331, 0, "");
INSERT INTO `pool_gameobject` (`guid`, `pool_entry`, `chance`, `description`) VALUES (7317, 1331, 0, "");
INSERT INTO `pool_gameobject` (`guid`, `pool_entry`, `chance`, `description`) VALUES (8297, 1331, 8, "");
INSERT INTO `pool_gameobject` (`guid`, `pool_entry`, `chance`, `description`) VALUES (7311, 1331, 0, "");
INSERT INTO `pool_gameobject` (`guid`, `pool_entry`, `chance`, `description`) VALUES (8461, 1331, 0, "");
INSERT INTO `pool_template` (`entry`, `max_limit`, `description`) VALUES (1573, 1, "Duskwood Local Minerals 47");
INSERT INTO `pool_gameobject` (`guid`, `pool_entry`, `chance`, `description`) VALUES (7319, 1573, 0, "");
INSERT INTO `pool_gameobject` (`guid`, `pool_entry`, `chance`, `description`) VALUES (7318, 1573, 0, "");
INSERT INTO `pool_gameobject` (`guid`, `pool_entry`, `chance`, `description`) VALUES (74055, 1573, 0, "");
INSERT INTO `pool_template` (`entry`, `max_limit`, `description`) VALUES (1755, 1, "Duskwood Rolands Doom Mine Mineral Nodes 1");
INSERT INTO `pool_gameobject` (`guid`, `pool_entry`, `chance`, `description`) VALUES (8361, 1755, 20, "");
INSERT INTO `pool_gameobject` (`guid`, `pool_entry`, `chance`, `description`) VALUES (8439, 1755, 0, "");
INSERT INTO `pool_gameobject` (`guid`, `pool_entry`, `chance`, `description`) VALUES (8443, 1755, 0, "");
INSERT INTO `pool_gameobject` (`guid`, `pool_entry`, `chance`, `description`) VALUES (8438, 1755, 0, "");
INSERT INTO `pool_template` (`entry`, `max_limit`, `description`) VALUES (1884, 1, "Duskwood Rolands Doom Mine Mineral Nodes 2");
INSERT INTO `pool_gameobject` (`guid`, `pool_entry`, `chance`, `description`) VALUES (7301, 1884, 0, "");
INSERT INTO `pool_gameobject` (`guid`, `pool_entry`, `chance`, `description`) VALUES (8437, 1884, 0, "");
INSERT INTO `pool_template` (`entry`, `max_limit`, `description`) VALUES (1988, 1, "Duskwood Rolands Doom Mine Mineral Nodes 3");
INSERT INTO `pool_gameobject` (`guid`, `pool_entry`, `chance`, `description`) VALUES (8347, 1988, 10, "");
INSERT INTO `pool_gameobject` (`guid`, `pool_entry`, `chance`, `description`) VALUES (8264, 1988, 15, "");
INSERT INTO `pool_gameobject` (`guid`, `pool_entry`, `chance`, `description`) VALUES (7302, 1988, 0, "");
INSERT INTO `pool_template` (`entry`, `max_limit`, `description`) VALUES (2405, 1, "Duskwood Local Minerals 48");
INSERT INTO `pool_gameobject` (`guid`, `pool_entry`, `chance`, `description`) VALUES (7300, 2405, 0, "");
INSERT INTO `pool_gameobject` (`guid`, `pool_entry`, `chance`, `description`) VALUES (8256, 2405, 10, "");
INSERT INTO `pool_gameobject` (`guid`, `pool_entry`, `chance`, `description`) VALUES (8346, 2405, 5, "");
INSERT INTO `pool_gameobject` (`guid`, `pool_entry`, `chance`, `description`) VALUES (8436, 2405, 0, "");
INSERT INTO `pool_template` (`entry`, `max_limit`, `description`) VALUES (2446, 1, "Duskwood VulGol Ogre Mound Cave Mineral Nodes 1");
INSERT INTO `pool_gameobject` (`guid`, `pool_entry`, `chance`, `description`) VALUES (7267, 2446, 15, "");
INSERT INTO `pool_gameobject` (`guid`, `pool_entry`, `chance`, `description`) VALUES (7268, 2446, 15, "");
INSERT INTO `pool_gameobject` (`guid`, `pool_entry`, `chance`, `description`) VALUES (8377, 2446, 0, "");
INSERT INTO `pool_gameobject` (`guid`, `pool_entry`, `chance`, `description`) VALUES (8379, 2446, 0, "");
INSERT INTO `pool_template` (`entry`, `max_limit`, `description`) VALUES (3219, 1, "Duskwood VulGol Ogre Mound Cave Mineral Nodes 2");
INSERT INTO `pool_gameobject` (`guid`, `pool_entry`, `chance`, `description`) VALUES (7257, 3219, 0, "");
INSERT INTO `pool_gameobject` (`guid`, `pool_entry`, `chance`, `description`) VALUES (7325, 3219, 15, "");
INSERT INTO `pool_gameobject` (`guid`, `pool_entry`, `chance`, `description`) VALUES (7256, 3219, 0, "");
INSERT INTO `pool_template` (`entry`, `max_limit`, `description`) VALUES (3252, 1, "Duskwood VulGol Ogre Mound Cave Mineral Nodes 3");
INSERT INTO `pool_gameobject` (`guid`, `pool_entry`, `chance`, `description`) VALUES (8374, 3252, 35, "");
INSERT INTO `pool_gameobject` (`guid`, `pool_entry`, `chance`, `description`) VALUES (7260, 3252, 0, "");
INSERT INTO `pool_gameobject` (`guid`, `pool_entry`, `chance`, `description`) VALUES (8376, 3252, 20, "");
INSERT INTO `pool_gameobject` (`guid`, `pool_entry`, `chance`, `description`) VALUES (8378, 3252, 20, "");
INSERT INTO `pool_gameobject` (`guid`, `pool_entry`, `chance`, `description`) VALUES (7264, 3252, 0, "");
INSERT INTO `pool_template` (`entry`, `max_limit`, `description`) VALUES (3295, 1, "Duskwood VulGol Ogre Mound Cave Mineral Nodes 4");
INSERT INTO `pool_gameobject` (`guid`, `pool_entry`, `chance`, `description`) VALUES (7487, 3295, 15, "");
INSERT INTO `pool_gameobject` (`guid`, `pool_entry`, `chance`, `description`) VALUES (7266, 3295, 0, "");
INSERT INTO `pool_gameobject` (`guid`, `pool_entry`, `chance`, `description`) VALUES (8380, 3295, 0, "");
INSERT INTO `pool_template` (`entry`, `max_limit`, `description`) VALUES (3882, 1, "Duskwood Local Minerals 49");
INSERT INTO `pool_gameobject` (`guid`, `pool_entry`, `chance`, `description`) VALUES (7204, 3882, 0, "");
INSERT INTO `pool_gameobject` (`guid`, `pool_entry`, `chance`, `description`) VALUES (7265, 3882, 0, "");
INSERT INTO `pool_gameobject` (`guid`, `pool_entry`, `chance`, `description`) VALUES (8375, 3882, 0, "");
INSERT INTO `pool_gameobject` (`guid`, `pool_entry`, `chance`, `description`) VALUES (7262, 3882, 0, "");
INSERT INTO `pool_gameobject` (`guid`, `pool_entry`, `chance`, `description`) VALUES (7328, 3882, 5, "");
INSERT INTO `pool_gameobject` (`guid`, `pool_entry`, `chance`, `description`) VALUES (7255, 3882, 0, "");
INSERT INTO `pool_gameobject` (`guid`, `pool_entry`, `chance`, `description`) VALUES (7324, 3882, 7, "");

-- Pool Pooling
INSERT INTO `pool_template` (`entry`, `max_limit`, `description`) VALUES (1332, 4, "Duskwood East Mineral Nodes");
INSERT INTO `pool_pool` (`pool_id`, `mother_pool`, `chance`, `description`) VALUES (1331, 1332, 0, "");
INSERT INTO `pool_pool` (`pool_id`, `mother_pool`, `chance`, `description`) VALUES (1573, 1332, 0, "");
INSERT INTO `pool_pool` (`pool_id`, `mother_pool`, `chance`, `description`) VALUES (1800, 1332, 0, "");
INSERT INTO `pool_pool` (`pool_id`, `mother_pool`, `chance`, `description`) VALUES (1754, 1332, 0, "");
INSERT INTO `pool_pool` (`pool_id`, `mother_pool`, `chance`, `description`) VALUES (1883, 1332, 0, "");
INSERT INTO `pool_pool` (`pool_id`, `mother_pool`, `chance`, `description`) VALUES (1330, 1332, 20, "");
INSERT INTO `pool_pool` (`pool_id`, `mother_pool`, `chance`, `description`) VALUES (1572, 1332, 20, "");
INSERT INTO `pool_template` (`entry`, `max_limit`, `description`) VALUES (1574, 3, "Duskwood Tranquil Gardens Cemetary Mineral Nodes");
INSERT INTO `pool_pool` (`pool_id`, `mother_pool`, `chance`, `description`) VALUES (1987, 1574, 0, "");
INSERT INTO `pool_pool` (`pool_id`, `mother_pool`, `chance`, `description`) VALUES (2404, 1574, 0, "");
INSERT INTO `pool_pool` (`pool_id`, `mother_pool`, `chance`, `description`) VALUES (2445, 1574, 0, "");
INSERT INTO `pool_pool` (`pool_id`, `mother_pool`, `chance`, `description`) VALUES (3218, 1574, 0, "");
INSERT INTO `pool_pool` (`pool_id`, `mother_pool`, `chance`, `description`) VALUES (3251, 1574, 0, "");
INSERT INTO `pool_template` (`entry`, `max_limit`, `description`) VALUES (1756, 2, "Duskwood Rolands Doom Mine Mineral Nodes");
INSERT INTO `pool_pool` (`pool_id`, `mother_pool`, `chance`, `description`) VALUES (1755, 1756, 0, "");
INSERT INTO `pool_pool` (`pool_id`, `mother_pool`, `chance`, `description`) VALUES (1988, 1756, 0, "");
INSERT INTO `pool_pool` (`pool_id`, `mother_pool`, `chance`, `description`) VALUES (1884, 1756, 0, "");
INSERT INTO `pool_template` (`entry`, `max_limit`, `description`) VALUES (1885, 3, "Duskwood West of Darkshire Mineral Nodes");
INSERT INTO `pool_pool` (`pool_id`, `mother_pool`, `chance`, `description`) VALUES (4999, 1885, 0, "");
INSERT INTO `pool_pool` (`pool_id`, `mother_pool`, `chance`, `description`) VALUES (5129, 1885, 10, "");
INSERT INTO `pool_pool` (`pool_id`, `mother_pool`, `chance`, `description`) VALUES (5063, 1885, 0, "");
INSERT INTO `pool_pool` (`pool_id`, `mother_pool`, `chance`, `description`) VALUES (5148, 1885, 0, "");
INSERT INTO `pool_pool` (`pool_id`, `mother_pool`, `chance`, `description`) VALUES (5424, 1885, 0, "");
INSERT INTO `pool_pool` (`pool_id`, `mother_pool`, `chance`, `description`) VALUES (5441, 1885, 10, "");
INSERT INTO `pool_template` (`entry`, `max_limit`, `description`) VALUES (1989, 2, "Duskwood Twilight Grove East Mineral Nodes");
INSERT INTO `pool_pool` (`pool_id`, `mother_pool`, `chance`, `description`) VALUES (5461, 1989, 0, "");
INSERT INTO `pool_pool` (`pool_id`, `mother_pool`, `chance`, `description`) VALUES (5477, 1989, 0, "");
INSERT INTO `pool_pool` (`pool_id`, `mother_pool`, `chance`, `description`) VALUES (5482, 1989, 0, "");
INSERT INTO `pool_pool` (`pool_id`, `mother_pool`, `chance`, `description`) VALUES (5495, 1989, 0, "");
INSERT INTO `pool_template` (`entry`, `max_limit`, `description`) VALUES (2406, 3, "Duskwood Twilight Grove West Mineral Nodes");
INSERT INTO `pool_pool` (`pool_id`, `mother_pool`, `chance`, `description`) VALUES (5506, 2406, 0, "");
INSERT INTO `pool_pool` (`pool_id`, `mother_pool`, `chance`, `description`) VALUES (5511, 2406, 0, "");
INSERT INTO `pool_pool` (`pool_id`, `mother_pool`, `chance`, `description`) VALUES (5530, 2406, 0, "");
INSERT INTO `pool_pool` (`pool_id`, `mother_pool`, `chance`, `description`) VALUES (5539, 2406, 0, "");
INSERT INTO `pool_pool` (`pool_id`, `mother_pool`, `chance`, `description`) VALUES (5541, 2406, 0, "");
INSERT INTO `pool_pool` (`pool_id`, `mother_pool`, `chance`, `description`) VALUES (5501, 2406, 0, "");
INSERT INTO `pool_template` (`entry`, `max_limit`, `description`) VALUES (2447, 2, "Duskwood Outside Rolands Doom Mineral Nodes");
INSERT INTO `pool_pool` (`pool_id`, `mother_pool`, `chance`, `description`) VALUES (2405, 2447, 0, "");
INSERT INTO `pool_pool` (`pool_id`, `mother_pool`, `chance`, `description`) VALUES (3294, 2447, 0, "");
INSERT INTO `pool_pool` (`pool_id`, `mother_pool`, `chance`, `description`) VALUES (3881, 2447, 0, "");
INSERT INTO `pool_template` (`entry`, `max_limit`, `description`) VALUES (3220, 3, "Duskwood South Mineral Nodes");
INSERT INTO `pool_pool` (`pool_id`, `mother_pool`, `chance`, `description`) VALUES (5426, 3220, 0, "");
INSERT INTO `pool_pool` (`pool_id`, `mother_pool`, `chance`, `description`) VALUES (5430, 3220, 0, "");
INSERT INTO `pool_pool` (`pool_id`, `mother_pool`, `chance`, `description`) VALUES (5433, 3220, 0, "");
INSERT INTO `pool_pool` (`pool_id`, `mother_pool`, `chance`, `description`) VALUES (5436, 3220, 0, "");
INSERT INTO `pool_pool` (`pool_id`, `mother_pool`, `chance`, `description`) VALUES (5457, 3220, 0, "");
INSERT INTO `pool_pool` (`pool_id`, `mother_pool`, `chance`, `description`) VALUES (5519, 3220, 0, "");
INSERT INTO `pool_template` (`entry`, `max_limit`, `description`) VALUES (3253, 2, "Duskwood South Road Mineral Nodes");
INSERT INTO `pool_pool` (`pool_id`, `mother_pool`, `chance`, `description`) VALUES (5452, 3253, 0, "");
INSERT INTO `pool_pool` (`pool_id`, `mother_pool`, `chance`, `description`) VALUES (5513, 3253, 0, "");
INSERT INTO `pool_pool` (`pool_id`, `mother_pool`, `chance`, `description`) VALUES (5527, 3253, 0, "");
INSERT INTO `pool_pool` (`pool_id`, `mother_pool`, `chance`, `description`) VALUES (5555, 3253, 0, "");
INSERT INTO `pool_template` (`entry`, `max_limit`, `description`) VALUES (3296, 3, "Duskwood VulGol Ogre Mound Cave Nodes");
INSERT INTO `pool_pool` (`pool_id`, `mother_pool`, `chance`, `description`) VALUES (3295, 3296, 0, "");
INSERT INTO `pool_pool` (`pool_id`, `mother_pool`, `chance`, `description`) VALUES (3252, 3296, 0, "");
INSERT INTO `pool_pool` (`pool_id`, `mother_pool`, `chance`, `description`) VALUES (2446, 3296, 0, "");
INSERT INTO `pool_pool` (`pool_id`, `mother_pool`, `chance`, `description`) VALUES (3219, 3296, 10, "");
INSERT INTO `pool_pool` (`pool_id`, `mother_pool`, `chance`, `description`) VALUES (3882, 3296, 30, "");
INSERT INTO `pool_template` (`entry`, `max_limit`, `description`) VALUES (3883, 2, "Duskwood South West Mineral Nodes");
INSERT INTO `pool_pool` (`pool_id`, `mother_pool`, `chance`, `description`) VALUES (5552, 3883, 0, "");
INSERT INTO `pool_pool` (`pool_id`, `mother_pool`, `chance`, `description`) VALUES (5557, 3883, 0, "");
INSERT INTO `pool_pool` (`pool_id`, `mother_pool`, `chance`, `description`) VALUES (5559, 3883, 0, "");
INSERT INTO `pool_pool` (`pool_id`, `mother_pool`, `chance`, `description`) VALUES (5566, 3883, 0, "");
INSERT INTO `pool_pool` (`pool_id`, `mother_pool`, `chance`, `description`) VALUES (5575, 3883, 0, "");
INSERT INTO `pool_template` (`entry`, `max_limit`, `description`) VALUES (5130, 1, "Duskwood Raven Hill Mineral Nodes");
INSERT INTO `pool_pool` (`pool_id`, `mother_pool`, `chance`, `description`) VALUES (5544, 5130, 0, "");
INSERT INTO `pool_pool` (`pool_id`, `mother_pool`, `chance`, `description`) VALUES (5550, 5130, 0, "");

-- Eastern Plaguelands:
-- Local Pooling
INSERT INTO `pool_template` (`entry`, `max_limit`, `description`) VALUES (1335, 1, "Eastern Plaguelands Local Minerals 1");
INSERT INTO `pool_gameobject` (`guid`, `pool_entry`, `chance`, `description`) VALUES (9415, 1335, 0, "");
INSERT INTO `pool_gameobject` (`guid`, `pool_entry`, `chance`, `description`) VALUES (9298, 1335, 15, "");
INSERT INTO `pool_gameobject` (`guid`, `pool_entry`, `chance`, `description`) VALUES (9410, 1335, 0, "");
INSERT INTO `pool_template` (`entry`, `max_limit`, `description`) VALUES (1577, 1, "Eastern Plaguelands Local Minerals 2");
INSERT INTO `pool_gameobject` (`guid`, `pool_entry`, `chance`, `description`) VALUES (9301, 1577, 15, "");
INSERT INTO `pool_gameobject` (`guid`, `pool_entry`, `chance`, `description`) VALUES (9416, 1577, 0, "");
INSERT INTO `pool_template` (`entry`, `max_limit`, `description`) VALUES (1759, 1, "Eastern Plaguelands Local Minerals 3");
INSERT INTO `pool_gameobject` (`guid`, `pool_entry`, `chance`, `description`) VALUES (9300, 1759, 7, "");
INSERT INTO `pool_gameobject` (`guid`, `pool_entry`, `chance`, `description`) VALUES (9414, 1759, 0, "");
INSERT INTO `pool_gameobject` (`guid`, `pool_entry`, `chance`, `description`) VALUES (9299, 1759, 8, "");
INSERT INTO `pool_gameobject` (`guid`, `pool_entry`, `chance`, `description`) VALUES (9413, 1759, 0, "");
INSERT INTO `pool_template` (`entry`, `max_limit`, `description`) VALUES (1888, 1, "Eastern Plaguelands Local Minerals 4");
INSERT INTO `pool_gameobject` (`guid`, `pool_entry`, `chance`, `description`) VALUES (9297, 1888, 7, "");
INSERT INTO `pool_gameobject` (`guid`, `pool_entry`, `chance`, `description`) VALUES (9409, 1888, 0, "");
INSERT INTO `pool_gameobject` (`guid`, `pool_entry`, `chance`, `description`) VALUES (9296, 1888, 8, "");
INSERT INTO `pool_gameobject` (`guid`, `pool_entry`, `chance`, `description`) VALUES (9408, 1888, 0, "");
INSERT INTO `pool_template` (`entry`, `max_limit`, `description`) VALUES (1992, 1, "Eastern Plaguelands Local Minerals 5");
INSERT INTO `pool_gameobject` (`guid`, `pool_entry`, `chance`, `description`) VALUES (9295, 1992, 15, "");
INSERT INTO `pool_gameobject` (`guid`, `pool_entry`, `chance`, `description`) VALUES (9407, 1992, 0, "");
INSERT INTO `pool_template` (`entry`, `max_limit`, `description`) VALUES (2032, 1, "Eastern Plaguelands Local Minerals 6");
INSERT INTO `pool_gameobject` (`guid`, `pool_entry`, `chance`, `description`) VALUES (9294, 2032, 15, "");
INSERT INTO `pool_gameobject` (`guid`, `pool_entry`, `chance`, `description`) VALUES (9406, 2032, 0, "");
INSERT INTO `pool_template` (`entry`, `max_limit`, `description`) VALUES (2052, 1, "Eastern Plaguelands Local Minerals 7");
INSERT INTO `pool_gameobject` (`guid`, `pool_entry`, `chance`, `description`) VALUES (9293, 2052, 15, "");
INSERT INTO `pool_gameobject` (`guid`, `pool_entry`, `chance`, `description`) VALUES (9405, 2052, 0, "");
INSERT INTO `pool_template` (`entry`, `max_limit`, `description`) VALUES (2070, 1, "Eastern Plaguelands Local Minerals 8");
INSERT INTO `pool_gameobject` (`guid`, `pool_entry`, `chance`, `description`) VALUES (9292, 2070, 10, "");
INSERT INTO `pool_gameobject` (`guid`, `pool_entry`, `chance`, `description`) VALUES (9404, 2070, 0, "");
INSERT INTO `pool_gameobject` (`guid`, `pool_entry`, `chance`, `description`) VALUES (9419, 2070, 0, "");
INSERT INTO `pool_template` (`entry`, `max_limit`, `description`) VALUES (2084, 1, "Eastern Plaguelands Local Minerals 9");
INSERT INTO `pool_gameobject` (`guid`, `pool_entry`, `chance`, `description`) VALUES (9289, 2084, 10, "");
INSERT INTO `pool_gameobject` (`guid`, `pool_entry`, `chance`, `description`) VALUES (9403, 2084, 0, "");
INSERT INTO `pool_template` (`entry`, `max_limit`, `description`) VALUES (2144, 1, "Eastern Plaguelands Local Minerals 10");
INSERT INTO `pool_gameobject` (`guid`, `pool_entry`, `chance`, `description`) VALUES (9282, 2144, 0, "");
INSERT INTO `pool_gameobject` (`guid`, `pool_entry`, `chance`, `description`) VALUES (9355, 2144, 75, "");
INSERT INTO `pool_template` (`entry`, `max_limit`, `description`) VALUES (2150, 1, "Eastern Plaguelands Local Minerals 11");
INSERT INTO `pool_gameobject` (`guid`, `pool_entry`, `chance`, `description`) VALUES (9288, 2150, 5, "");
INSERT INTO `pool_gameobject` (`guid`, `pool_entry`, `chance`, `description`) VALUES (9402, 2150, 0, "");
INSERT INTO `pool_gameobject` (`guid`, `pool_entry`, `chance`, `description`) VALUES (9287, 2150, 5, "");
INSERT INTO `pool_gameobject` (`guid`, `pool_entry`, `chance`, `description`) VALUES (9401, 2150, 0, "");
INSERT INTO `pool_template` (`entry`, `max_limit`, `description`) VALUES (2263, 1, "Eastern Plaguelands Local Minerals 12");
INSERT INTO `pool_gameobject` (`guid`, `pool_entry`, `chance`, `description`) VALUES (9400, 2263, 0, "");
INSERT INTO `pool_gameobject` (`guid`, `pool_entry`, `chance`, `description`) VALUES (9286, 2263, 5, "");
INSERT INTO `pool_template` (`entry`, `max_limit`, `description`) VALUES (2285, 1, "Eastern Plaguelands Local Minerals 13");
INSERT INTO `pool_gameobject` (`guid`, `pool_entry`, `chance`, `description`) VALUES (9284, 2285, 5, "");
INSERT INTO `pool_gameobject` (`guid`, `pool_entry`, `chance`, `description`) VALUES (9397, 2285, 0, "");
INSERT INTO `pool_template` (`entry`, `max_limit`, `description`) VALUES (2324, 1, "Eastern Plaguelands Local Minerals 14");
INSERT INTO `pool_gameobject` (`guid`, `pool_entry`, `chance`, `description`) VALUES (9399, 2324, 0, "");
INSERT INTO `pool_gameobject` (`guid`, `pool_entry`, `chance`, `description`) VALUES (9285, 2324, 10, "");
INSERT INTO `pool_gameobject` (`guid`, `pool_entry`, `chance`, `description`) VALUES (9398, 2324, 0, "");
INSERT INTO `pool_template` (`entry`, `max_limit`, `description`) VALUES (2408, 1, "Eastern Plaguelands Local Minerals 15");
INSERT INTO `pool_gameobject` (`guid`, `pool_entry`, `chance`, `description`) VALUES (9283, 2408, 0, "");
INSERT INTO `pool_gameobject` (`guid`, `pool_entry`, `chance`, `description`) VALUES (9356, 2408, 75, "");
INSERT INTO `pool_template` (`entry`, `max_limit`, `description`) VALUES (2449, 1, "Eastern Plaguelands Local Minerals 16");
INSERT INTO `pool_gameobject` (`guid`, `pool_entry`, `chance`, `description`) VALUES (9396, 2449, 0, "");
INSERT INTO `pool_gameobject` (`guid`, `pool_entry`, `chance`, `description`) VALUES (9281, 2449, 10, "");
INSERT INTO `pool_template` (`entry`, `max_limit`, `description`) VALUES (3033, 1, "Eastern Plaguelands Local Minerals 17");
INSERT INTO `pool_gameobject` (`guid`, `pool_entry`, `chance`, `description`) VALUES (9280, 3033, 5, "");
INSERT INTO `pool_gameobject` (`guid`, `pool_entry`, `chance`, `description`) VALUES (9395, 3033, 0, "");
INSERT INTO `pool_template` (`entry`, `max_limit`, `description`) VALUES (3041, 1, "Eastern Plaguelands Local Minerals 18");
INSERT INTO `pool_gameobject` (`guid`, `pool_entry`, `chance`, `description`) VALUES (9279, 3041, 5, "");
INSERT INTO `pool_gameobject` (`guid`, `pool_entry`, `chance`, `description`) VALUES (9394, 3041, 0, "");
INSERT INTO `pool_template` (`entry`, `max_limit`, `description`) VALUES (3054, 1, "Eastern Plaguelands Local Minerals 19");
INSERT INTO `pool_gameobject` (`guid`, `pool_entry`, `chance`, `description`) VALUES (9393, 3054, 0, "");
INSERT INTO `pool_gameobject` (`guid`, `pool_entry`, `chance`, `description`) VALUES (9278, 3054, 10, "");
INSERT INTO `pool_gameobject` (`guid`, `pool_entry`, `chance`, `description`) VALUES (9392, 3054, 0, "");
INSERT INTO `pool_template` (`entry`, `max_limit`, `description`) VALUES (3064, 1, "Eastern Plaguelands Local Minerals 20");
INSERT INTO `pool_gameobject` (`guid`, `pool_entry`, `chance`, `description`) VALUES (9277, 3064, 15, "");
INSERT INTO `pool_gameobject` (`guid`, `pool_entry`, `chance`, `description`) VALUES (9391, 3064, 0, "");
INSERT INTO `pool_template` (`entry`, `max_limit`, `description`) VALUES (3069, 1, "Eastern Plaguelands Local Minerals 21");
INSERT INTO `pool_gameobject` (`guid`, `pool_entry`, `chance`, `description`) VALUES (9390, 3069, 0, "");
INSERT INTO `pool_gameobject` (`guid`, `pool_entry`, `chance`, `description`) VALUES (9389, 3069, 0, "");
INSERT INTO `pool_gameobject` (`guid`, `pool_entry`, `chance`, `description`) VALUES (9276, 3069, 10, "");
INSERT INTO `pool_gameobject` (`guid`, `pool_entry`, `chance`, `description`) VALUES (9388, 3069, 0, "");
INSERT INTO `pool_template` (`entry`, `max_limit`, `description`) VALUES (3082, 1, "Eastern Plaguelands Local Minerals 22");
INSERT INTO `pool_gameobject` (`guid`, `pool_entry`, `chance`, `description`) VALUES (9387, 3082, 0, "");
INSERT INTO `pool_gameobject` (`guid`, `pool_entry`, `chance`, `description`) VALUES (9275, 3082, 10, "");
INSERT INTO `pool_gameobject` (`guid`, `pool_entry`, `chance`, `description`) VALUES (9386, 3082, 0, "");
INSERT INTO `pool_template` (`entry`, `max_limit`, `description`) VALUES (3087, 1, "Eastern Plaguelands Local Minerals 23");
INSERT INTO `pool_gameobject` (`guid`, `pool_entry`, `chance`, `description`) VALUES (9274, 3087, 15, "");
INSERT INTO `pool_gameobject` (`guid`, `pool_entry`, `chance`, `description`) VALUES (9385, 3087, 0, "");
INSERT INTO `pool_template` (`entry`, `max_limit`, `description`) VALUES (3091, 1, "Eastern Plaguelands Local Minerals 24");
INSERT INTO `pool_gameobject` (`guid`, `pool_entry`, `chance`, `description`) VALUES (9273, 3091, 10, "");
INSERT INTO `pool_gameobject` (`guid`, `pool_entry`, `chance`, `description`) VALUES (9384, 3091, 0, "");
INSERT INTO `pool_gameobject` (`guid`, `pool_entry`, `chance`, `description`) VALUES (9272, 3091, 10, "");
INSERT INTO `pool_gameobject` (`guid`, `pool_entry`, `chance`, `description`) VALUES (9383, 3091, 0, "");
INSERT INTO `pool_template` (`entry`, `max_limit`, `description`) VALUES (3102, 1, "Eastern Plaguelands Local Minerals 25");
INSERT INTO `pool_gameobject` (`guid`, `pool_entry`, `chance`, `description`) VALUES (9271, 3102, 0, "");
INSERT INTO `pool_gameobject` (`guid`, `pool_entry`, `chance`, `description`) VALUES (9352, 3102, 40, "");
INSERT INTO `pool_gameobject` (`guid`, `pool_entry`, `chance`, `description`) VALUES (9270, 3102, 0, "");
INSERT INTO `pool_gameobject` (`guid`, `pool_entry`, `chance`, `description`) VALUES (9351, 3102, 40, "");
INSERT INTO `pool_template` (`entry`, `max_limit`, `description`) VALUES (3106, 1, "Eastern Plaguelands Local Minerals 26");
INSERT INTO `pool_gameobject` (`guid`, `pool_entry`, `chance`, `description`) VALUES (9269, 3106, 5, "");
INSERT INTO `pool_gameobject` (`guid`, `pool_entry`, `chance`, `description`) VALUES (9382, 3106, 0, "");
INSERT INTO `pool_template` (`entry`, `max_limit`, `description`) VALUES (3111, 1, "Eastern Plaguelands Local Minerals 27");
INSERT INTO `pool_gameobject` (`guid`, `pool_entry`, `chance`, `description`) VALUES (9381, 3111, 0, "");
INSERT INTO `pool_gameobject` (`guid`, `pool_entry`, `chance`, `description`) VALUES (9268, 3111, 4, "");
INSERT INTO `pool_gameobject` (`guid`, `pool_entry`, `chance`, `description`) VALUES (9380, 3111, 0, "");
INSERT INTO `pool_gameobject` (`guid`, `pool_entry`, `chance`, `description`) VALUES (9267, 3111, 4, "");
INSERT INTO `pool_gameobject` (`guid`, `pool_entry`, `chance`, `description`) VALUES (9379, 3111, 0, "");
INSERT INTO `pool_gameobject` (`guid`, `pool_entry`, `chance`, `description`) VALUES (9378, 3111, 0, "");
INSERT INTO `pool_gameobject` (`guid`, `pool_entry`, `chance`, `description`) VALUES (9266, 3111, 4, "");
INSERT INTO `pool_template` (`entry`, `max_limit`, `description`) VALUES (3113, 1, "Eastern Plaguelands Local Minerals 28");
INSERT INTO `pool_gameobject` (`guid`, `pool_entry`, `chance`, `description`) VALUES (9265, 3113, 0, "");
INSERT INTO `pool_gameobject` (`guid`, `pool_entry`, `chance`, `description`) VALUES (9350, 3113, 95, "");
INSERT INTO `pool_template` (`entry`, `max_limit`, `description`) VALUES (3121, 1, "Eastern Plaguelands Local Minerals 29");
INSERT INTO `pool_gameobject` (`guid`, `pool_entry`, `chance`, `description`) VALUES (9264, 3121, 5, "");
INSERT INTO `pool_gameobject` (`guid`, `pool_entry`, `chance`, `description`) VALUES (9377, 3121, 0, "");
INSERT INTO `pool_gameobject` (`guid`, `pool_entry`, `chance`, `description`) VALUES (9376, 3121, 0, "");
INSERT INTO `pool_template` (`entry`, `max_limit`, `description`) VALUES (3129, 1, "Eastern Plaguelands Local Minerals 30");
INSERT INTO `pool_gameobject` (`guid`, `pool_entry`, `chance`, `description`) VALUES (9263, 3129, 0, "");
INSERT INTO `pool_gameobject` (`guid`, `pool_entry`, `chance`, `description`) VALUES (9349, 3129, 75, "");
INSERT INTO `pool_template` (`entry`, `max_limit`, `description`) VALUES (3135, 1, "Eastern Plaguelands Local Minerals 31");
INSERT INTO `pool_gameobject` (`guid`, `pool_entry`, `chance`, `description`) VALUES (9375, 3135, 0, "");
INSERT INTO `pool_gameobject` (`guid`, `pool_entry`, `chance`, `description`) VALUES (9262, 3135, 10, "");
INSERT INTO `pool_gameobject` (`guid`, `pool_entry`, `chance`, `description`) VALUES (9374, 3135, 0, "");
INSERT INTO `pool_template` (`entry`, `max_limit`, `description`) VALUES (3139, 1, "Eastern Plaguelands Local Minerals 32");
INSERT INTO `pool_gameobject` (`guid`, `pool_entry`, `chance`, `description`) VALUES (9261, 3139, 10, "");
INSERT INTO `pool_gameobject` (`guid`, `pool_entry`, `chance`, `description`) VALUES (9373, 3139, 0, "");
INSERT INTO `pool_template` (`entry`, `max_limit`, `description`) VALUES (3141, 1, "Eastern Plaguelands Local Minerals 33");
INSERT INTO `pool_gameobject` (`guid`, `pool_entry`, `chance`, `description`) VALUES (9260, 3141, 10, "");
INSERT INTO `pool_gameobject` (`guid`, `pool_entry`, `chance`, `description`) VALUES (9372, 3141, 0, "");
INSERT INTO `pool_template` (`entry`, `max_limit`, `description`) VALUES (3147, 1, "Eastern Plaguelands Local Minerals 34");
INSERT INTO `pool_gameobject` (`guid`, `pool_entry`, `chance`, `description`) VALUES (9259, 3147, 5, "");
INSERT INTO `pool_gameobject` (`guid`, `pool_entry`, `chance`, `description`) VALUES (9371, 3147, 0, "");
INSERT INTO `pool_gameobject` (`guid`, `pool_entry`, `chance`, `description`) VALUES (9258, 3147, 5, "");
INSERT INTO `pool_gameobject` (`guid`, `pool_entry`, `chance`, `description`) VALUES (9370, 3147, 0, "");
INSERT INTO `pool_template` (`entry`, `max_limit`, `description`) VALUES (3149, 1, "Eastern Plaguelands Local Minerals 35");
INSERT INTO `pool_gameobject` (`guid`, `pool_entry`, `chance`, `description`) VALUES (9257, 3149, 0, "");
INSERT INTO `pool_gameobject` (`guid`, `pool_entry`, `chance`, `description`) VALUES (9348, 3149, 75, "");
INSERT INTO `pool_template` (`entry`, `max_limit`, `description`) VALUES (3153, 1, "Eastern Plaguelands Local Minerals 36");
INSERT INTO `pool_gameobject` (`guid`, `pool_entry`, `chance`, `description`) VALUES (9347, 3153, 0, "");
INSERT INTO `pool_gameobject` (`guid`, `pool_entry`, `chance`, `description`) VALUES (9256, 3153, 5, "");
INSERT INTO `pool_gameobject` (`guid`, `pool_entry`, `chance`, `description`) VALUES (9346, 3153, 0, "");
INSERT INTO `pool_template` (`entry`, `max_limit`, `description`) VALUES (3155, 1, "Eastern Plaguelands Local Minerals 37");
INSERT INTO `pool_gameobject` (`guid`, `pool_entry`, `chance`, `description`) VALUES (9255, 3155, 5, "");
INSERT INTO `pool_gameobject` (`guid`, `pool_entry`, `chance`, `description`) VALUES (9345, 3155, 0, "");
INSERT INTO `pool_gameobject` (`guid`, `pool_entry`, `chance`, `description`) VALUES (9344, 3155, 0, "");
INSERT INTO `pool_template` (`entry`, `max_limit`, `description`) VALUES (3174, 1, "Eastern Plaguelands Local Minerals 38");
INSERT INTO `pool_gameobject` (`guid`, `pool_entry`, `chance`, `description`) VALUES (9254, 3174, 5, "");
INSERT INTO `pool_gameobject` (`guid`, `pool_entry`, `chance`, `description`) VALUES (9369, 3174, 0, "");
INSERT INTO `pool_template` (`entry`, `max_limit`, `description`) VALUES (3176, 1, "Eastern Plaguelands Local Minerals 39");
INSERT INTO `pool_gameobject` (`guid`, `pool_entry`, `chance`, `description`) VALUES (9253, 3176, 5, "");
INSERT INTO `pool_gameobject` (`guid`, `pool_entry`, `chance`, `description`) VALUES (9368, 3176, 0, "");
INSERT INTO `pool_template` (`entry`, `max_limit`, `description`) VALUES (3179, 1, "Eastern Plaguelands Local Minerals 40");
INSERT INTO `pool_gameobject` (`guid`, `pool_entry`, `chance`, `description`) VALUES (9252, 3179, 5, "");
INSERT INTO `pool_gameobject` (`guid`, `pool_entry`, `chance`, `description`) VALUES (9367, 3179, 0, "");
INSERT INTO `pool_template` (`entry`, `max_limit`, `description`) VALUES (3184, 1, "Eastern Plaguelands Local Minerals 41");
INSERT INTO `pool_gameobject` (`guid`, `pool_entry`, `chance`, `description`) VALUES (9251, 3184, 0, "");
INSERT INTO `pool_gameobject` (`guid`, `pool_entry`, `chance`, `description`) VALUES (9343, 3184, 40, "");
INSERT INTO `pool_gameobject` (`guid`, `pool_entry`, `chance`, `description`) VALUES (9342, 3184, 40, "");
INSERT INTO `pool_template` (`entry`, `max_limit`, `description`) VALUES (3187, 1, "Eastern Plaguelands Local Minerals 42");
INSERT INTO `pool_gameobject` (`guid`, `pool_entry`, `chance`, `description`) VALUES (9366, 3187, 0, "");
INSERT INTO `pool_gameobject` (`guid`, `pool_entry`, `chance`, `description`) VALUES (9250, 3187, 5, "");
INSERT INTO `pool_template` (`entry`, `max_limit`, `description`) VALUES (3192, 1, "Eastern Plaguelands Local Minerals 43");
INSERT INTO `pool_gameobject` (`guid`, `pool_entry`, `chance`, `description`) VALUES (9249, 3192, 5, "");
INSERT INTO `pool_gameobject` (`guid`, `pool_entry`, `chance`, `description`) VALUES (9365, 3192, 0, "");
INSERT INTO `pool_template` (`entry`, `max_limit`, `description`) VALUES (3196, 1, "Eastern Plaguelands Local Minerals 44");
INSERT INTO `pool_gameobject` (`guid`, `pool_entry`, `chance`, `description`) VALUES (9364, 3196, 0, "");
INSERT INTO `pool_gameobject` (`guid`, `pool_entry`, `chance`, `description`) VALUES (9248, 3196, 10, "");
INSERT INTO `pool_gameobject` (`guid`, `pool_entry`, `chance`, `description`) VALUES (9363, 3196, 0, "");
INSERT INTO `pool_template` (`entry`, `max_limit`, `description`) VALUES (3221, 1, "Eastern Plaguelands Local Minerals 45");
INSERT INTO `pool_gameobject` (`guid`, `pool_entry`, `chance`, `description`) VALUES (9247, 3221, 5, "");
INSERT INTO `pool_gameobject` (`guid`, `pool_entry`, `chance`, `description`) VALUES (9362, 3221, 0, "");
INSERT INTO `pool_template` (`entry`, `max_limit`, `description`) VALUES (3254, 1, "Eastern Plaguelands Local Minerals 46");
INSERT INTO `pool_gameobject` (`guid`, `pool_entry`, `chance`, `description`) VALUES (9341, 3254, 95, "");
INSERT INTO `pool_gameobject` (`guid`, `pool_entry`, `chance`, `description`) VALUES (9246, 3254, 0, "");
INSERT INTO `pool_template` (`entry`, `max_limit`, `description`) VALUES (3263, 1, "Eastern Plaguelands Local Minerals 47");
INSERT INTO `pool_gameobject` (`guid`, `pool_entry`, `chance`, `description`) VALUES (9245, 3263, 0, "");
INSERT INTO `pool_gameobject` (`guid`, `pool_entry`, `chance`, `description`) VALUES (9340, 3263, 95, "");
INSERT INTO `pool_template` (`entry`, `max_limit`, `description`) VALUES (3273, 1, "Eastern Plaguelands Local Minerals 48");
INSERT INTO `pool_gameobject` (`guid`, `pool_entry`, `chance`, `description`) VALUES (9244, 3273, 5, "");
INSERT INTO `pool_gameobject` (`guid`, `pool_entry`, `chance`, `description`) VALUES (9339, 3273, 0, "");
INSERT INTO `pool_template` (`entry`, `max_limit`, `description`) VALUES (3297, 1, "Eastern Plaguelands Local Minerals 49");
INSERT INTO `pool_gameobject` (`guid`, `pool_entry`, `chance`, `description`) VALUES (9338, 3297, 0, "");
INSERT INTO `pool_gameobject` (`guid`, `pool_entry`, `chance`, `description`) VALUES (9337, 3297, 0, "");
INSERT INTO `pool_gameobject` (`guid`, `pool_entry`, `chance`, `description`) VALUES (9240, 3297, 10, "");
INSERT INTO `pool_template` (`entry`, `max_limit`, `description`) VALUES (3428, 1, "Eastern Plaguelands Local Minerals 50");
INSERT INTO `pool_gameobject` (`guid`, `pool_entry`, `chance`, `description`) VALUES (9243, 3428, 5, "");
INSERT INTO `pool_gameobject` (`guid`, `pool_entry`, `chance`, `description`) VALUES (9336, 3428, 0, "");
INSERT INTO `pool_template` (`entry`, `max_limit`, `description`) VALUES (3435, 1, "Eastern Plaguelands Local Minerals 51");
INSERT INTO `pool_gameobject` (`guid`, `pool_entry`, `chance`, `description`) VALUES (9239, 3435, 5, "");
INSERT INTO `pool_gameobject` (`guid`, `pool_entry`, `chance`, `description`) VALUES (9335, 3435, 0, "");
INSERT INTO `pool_template` (`entry`, `max_limit`, `description`) VALUES (3442, 1, "Eastern Plaguelands Local Minerals 52");
INSERT INTO `pool_gameobject` (`guid`, `pool_entry`, `chance`, `description`) VALUES (8540, 3442, 12, "");
INSERT INTO `pool_gameobject` (`guid`, `pool_entry`, `chance`, `description`) VALUES (9238, 3442, 3, "");
INSERT INTO `pool_gameobject` (`guid`, `pool_entry`, `chance`, `description`) VALUES (9319, 3442, 0, "");
INSERT INTO `pool_template` (`entry`, `max_limit`, `description`) VALUES (3446, 1, "Eastern Plaguelands Local Minerals 53");
INSERT INTO `pool_gameobject` (`guid`, `pool_entry`, `chance`, `description`) VALUES (9237, 3446, 10, "");
INSERT INTO `pool_gameobject` (`guid`, `pool_entry`, `chance`, `description`) VALUES (9334, 3446, 0, "");
INSERT INTO `pool_template` (`entry`, `max_limit`, `description`) VALUES (3468, 1, "Eastern Plaguelands Local Minerals 54");
INSERT INTO `pool_gameobject` (`guid`, `pool_entry`, `chance`, `description`) VALUES (9236, 3468, 15, "");
INSERT INTO `pool_gameobject` (`guid`, `pool_entry`, `chance`, `description`) VALUES (9361, 3468, 0, "");
INSERT INTO `pool_template` (`entry`, `max_limit`, `description`) VALUES (3474, 1, "Eastern Plaguelands Local Minerals 55");
INSERT INTO `pool_gameobject` (`guid`, `pool_entry`, `chance`, `description`) VALUES (9235, 3474, 10, "");
INSERT INTO `pool_gameobject` (`guid`, `pool_entry`, `chance`, `description`) VALUES (9360, 3474, 0, "");
INSERT INTO `pool_template` (`entry`, `max_limit`, `description`) VALUES (3480, 1, "Eastern Plaguelands Local Minerals 56");
INSERT INTO `pool_gameobject` (`guid`, `pool_entry`, `chance`, `description`) VALUES (9318, 3480, 0, "");
INSERT INTO `pool_gameobject` (`guid`, `pool_entry`, `chance`, `description`) VALUES (8539, 3480, 5, "");
INSERT INTO `pool_gameobject` (`guid`, `pool_entry`, `chance`, `description`) VALUES (9234, 3480, 3, "");
INSERT INTO `pool_gameobject` (`guid`, `pool_entry`, `chance`, `description`) VALUES (9317, 3480, 0, "");
INSERT INTO `pool_gameobject` (`guid`, `pool_entry`, `chance`, `description`) VALUES (9316, 3480, 0, "");
INSERT INTO `pool_gameobject` (`guid`, `pool_entry`, `chance`, `description`) VALUES (8530, 3480, 5, "");
INSERT INTO `pool_gameobject` (`guid`, `pool_entry`, `chance`, `description`) VALUES (9233, 3480, 2, "");
INSERT INTO `pool_gameobject` (`guid`, `pool_entry`, `chance`, `description`) VALUES (9315, 3480, 0, "");
INSERT INTO `pool_template` (`entry`, `max_limit`, `description`) VALUES (3486, 1, "Eastern Plaguelands Local Minerals 57");
INSERT INTO `pool_gameobject` (`guid`, `pool_entry`, `chance`, `description`) VALUES (9232, 3486, 10, "");
INSERT INTO `pool_gameobject` (`guid`, `pool_entry`, `chance`, `description`) VALUES (9359, 3486, 0, "");
INSERT INTO `pool_template` (`entry`, `max_limit`, `description`) VALUES (3490, 1, "Eastern Plaguelands Local Minerals 58");
INSERT INTO `pool_gameobject` (`guid`, `pool_entry`, `chance`, `description`) VALUES (9333, 3490, 0, "");
INSERT INTO `pool_gameobject` (`guid`, `pool_entry`, `chance`, `description`) VALUES (9332, 3490, 0, "");
INSERT INTO `pool_template` (`entry`, `max_limit`, `description`) VALUES (3497, 1, "Eastern Plaguelands Local Minerals 59");
INSERT INTO `pool_gameobject` (`guid`, `pool_entry`, `chance`, `description`) VALUES (8520, 3497, 12, "");
INSERT INTO `pool_gameobject` (`guid`, `pool_entry`, `chance`, `description`) VALUES (9314, 3497, 0, "");
INSERT INTO `pool_gameobject` (`guid`, `pool_entry`, `chance`, `description`) VALUES (9230, 3497, 3, "");
INSERT INTO `pool_template` (`entry`, `max_limit`, `description`) VALUES (3500, 1, "Eastern Plaguelands Local Minerals 60");
INSERT INTO `pool_gameobject` (`guid`, `pool_entry`, `chance`, `description`) VALUES (9231, 3500, 5, "");
INSERT INTO `pool_gameobject` (`guid`, `pool_entry`, `chance`, `description`) VALUES (9331, 3500, 0, "");
INSERT INTO `pool_template` (`entry`, `max_limit`, `description`) VALUES (3521, 1, "Eastern Plaguelands Local Minerals 61");
INSERT INTO `pool_gameobject` (`guid`, `pool_entry`, `chance`, `description`) VALUES (9229, 3521, 10, "");
INSERT INTO `pool_gameobject` (`guid`, `pool_entry`, `chance`, `description`) VALUES (9358, 3521, 0, "");
INSERT INTO `pool_template` (`entry`, `max_limit`, `description`) VALUES (3525, 1, "Eastern Plaguelands Local Minerals 62");
INSERT INTO `pool_gameobject` (`guid`, `pool_entry`, `chance`, `description`) VALUES (9228, 3525, 7, "");
INSERT INTO `pool_gameobject` (`guid`, `pool_entry`, `chance`, `description`) VALUES (9357, 3525, 0, "");
INSERT INTO `pool_template` (`entry`, `max_limit`, `description`) VALUES (3530, 1, "Eastern Plaguelands Local Minerals 63");
INSERT INTO `pool_gameobject` (`guid`, `pool_entry`, `chance`, `description`) VALUES (9227, 3530, 15, "");
INSERT INTO `pool_gameobject` (`guid`, `pool_entry`, `chance`, `description`) VALUES (9330, 3530, 0, "");
INSERT INTO `pool_template` (`entry`, `max_limit`, `description`) VALUES (3542, 1, "Eastern Plaguelands Local Minerals 64");
INSERT INTO `pool_gameobject` (`guid`, `pool_entry`, `chance`, `description`) VALUES (8517, 3542, 12, "");
INSERT INTO `pool_gameobject` (`guid`, `pool_entry`, `chance`, `description`) VALUES (9226, 3542, 3, "");
INSERT INTO `pool_gameobject` (`guid`, `pool_entry`, `chance`, `description`) VALUES (9313, 3542, 0, "");
INSERT INTO `pool_template` (`entry`, `max_limit`, `description`) VALUES (3548, 1, "Eastern Plaguelands Local Minerals 65");
INSERT INTO `pool_gameobject` (`guid`, `pool_entry`, `chance`, `description`) VALUES (9225, 3548, 10, "");
INSERT INTO `pool_gameobject` (`guid`, `pool_entry`, `chance`, `description`) VALUES (9329, 3548, 0, "");
INSERT INTO `pool_gameobject` (`guid`, `pool_entry`, `chance`, `description`) VALUES (9328, 3548, 0, "");
INSERT INTO `pool_template` (`entry`, `max_limit`, `description`) VALUES (3550, 1, "Eastern Plaguelands Local Minerals 66");
INSERT INTO `pool_gameobject` (`guid`, `pool_entry`, `chance`, `description`) VALUES (9327, 3550, 0, "");
INSERT INTO `pool_gameobject` (`guid`, `pool_entry`, `chance`, `description`) VALUES (9326, 3550, 0, "");
INSERT INTO `pool_template` (`entry`, `max_limit`, `description`) VALUES (3552, 1, "Eastern Plaguelands Local Minerals 67");
INSERT INTO `pool_gameobject` (`guid`, `pool_entry`, `chance`, `description`) VALUES (9312, 3552, 0, "");
INSERT INTO `pool_gameobject` (`guid`, `pool_entry`, `chance`, `description`) VALUES (9311, 3552, 0, "");
INSERT INTO `pool_gameobject` (`guid`, `pool_entry`, `chance`, `description`) VALUES (8514, 3552, 7, "");
INSERT INTO `pool_gameobject` (`guid`, `pool_entry`, `chance`, `description`) VALUES (9224, 3552, 3, "");
INSERT INTO `pool_template` (`entry`, `max_limit`, `description`) VALUES (3559, 1, "Eastern Plaguelands Local Minerals 68");
INSERT INTO `pool_gameobject` (`guid`, `pool_entry`, `chance`, `description`) VALUES (9325, 3559, 0, "");
INSERT INTO `pool_gameobject` (`guid`, `pool_entry`, `chance`, `description`) VALUES (9223, 3559, 5, "");
INSERT INTO `pool_gameobject` (`guid`, `pool_entry`, `chance`, `description`) VALUES (9324, 3559, 0, "");
INSERT INTO `pool_template` (`entry`, `max_limit`, `description`) VALUES (3561, 1, "Eastern Plaguelands Local Minerals 69");
INSERT INTO `pool_gameobject` (`guid`, `pool_entry`, `chance`, `description`) VALUES (9222, 3561, 8, "");
INSERT INTO `pool_gameobject` (`guid`, `pool_entry`, `chance`, `description`) VALUES (9322, 3561, 0, "");
INSERT INTO `pool_template` (`entry`, `max_limit`, `description`) VALUES (3564, 1, "Eastern Plaguelands Local Minerals 70");
INSERT INTO `pool_gameobject` (`guid`, `pool_entry`, `chance`, `description`) VALUES (8509, 3564, 7, "");
INSERT INTO `pool_gameobject` (`guid`, `pool_entry`, `chance`, `description`) VALUES (9176, 3564, 3, "");
INSERT INTO `pool_gameobject` (`guid`, `pool_entry`, `chance`, `description`) VALUES (9310, 3564, 0, "");
INSERT INTO `pool_gameobject` (`guid`, `pool_entry`, `chance`, `description`) VALUES (9309, 3564, 0, "");
INSERT INTO `pool_template` (`entry`, `max_limit`, `description`) VALUES (3567, 1, "Eastern Plaguelands Local Minerals 71");
INSERT INTO `pool_gameobject` (`guid`, `pool_entry`, `chance`, `description`) VALUES (9098, 3567, 15, "");
INSERT INTO `pool_gameobject` (`guid`, `pool_entry`, `chance`, `description`) VALUES (9320, 3567, 0, "");
INSERT INTO `pool_template` (`entry`, `max_limit`, `description`) VALUES (3581, 1, "Eastern Plaguelands Local Minerals 72");
INSERT INTO `pool_gameobject` (`guid`, `pool_entry`, `chance`, `description`) VALUES (9323, 3581, 0, "");
INSERT INTO `pool_gameobject` (`guid`, `pool_entry`, `chance`, `description`) VALUES (9321, 3581, 0, "");
INSERT INTO `pool_template` (`entry`, `max_limit`, `description`) VALUES (3590, 1, "Eastern Plaguelands Local Minerals 73");
INSERT INTO `pool_gameobject` (`guid`, `pool_entry`, `chance`, `description`) VALUES (8577, 3590, 3, "");
INSERT INTO `pool_gameobject` (`guid`, `pool_entry`, `chance`, `description`) VALUES (9308, 3590, 0, "");
INSERT INTO `pool_gameobject` (`guid`, `pool_entry`, `chance`, `description`) VALUES (8508, 3590, 12, "");
INSERT INTO `pool_gameobject` (`guid`, `pool_entry`, `chance`, `description`) VALUES (9307, 3590, 0, "");
INSERT INTO `pool_template` (`entry`, `max_limit`, `description`) VALUES (3595, 1, "Eastern Plaguelands Local Minerals 74");
INSERT INTO `pool_gameobject` (`guid`, `pool_entry`, `chance`, `description`) VALUES (8568, 3595, 3, "");
INSERT INTO `pool_gameobject` (`guid`, `pool_entry`, `chance`, `description`) VALUES (9306, 3595, 0, "");
INSERT INTO `pool_gameobject` (`guid`, `pool_entry`, `chance`, `description`) VALUES (8505, 3595, 12, "");
INSERT INTO `pool_template` (`entry`, `max_limit`, `description`) VALUES (3598, 1, "Eastern Plaguelands Local Minerals 75");
INSERT INTO `pool_gameobject` (`guid`, `pool_entry`, `chance`, `description`) VALUES (8499, 3598, 7, "");
INSERT INTO `pool_gameobject` (`guid`, `pool_entry`, `chance`, `description`) VALUES (8556, 3598, 3, "");
INSERT INTO `pool_gameobject` (`guid`, `pool_entry`, `chance`, `description`) VALUES (9305, 3598, 0, "");
INSERT INTO `pool_template` (`entry`, `max_limit`, `description`) VALUES (3603, 1, "Eastern Plaguelands Local Minerals 76");
INSERT INTO `pool_gameobject` (`guid`, `pool_entry`, `chance`, `description`) VALUES (8498, 3603, 12, "");
INSERT INTO `pool_gameobject` (`guid`, `pool_entry`, `chance`, `description`) VALUES (8555, 3603, 3, "");
INSERT INTO `pool_gameobject` (`guid`, `pool_entry`, `chance`, `description`) VALUES (9304, 3603, 0, "");
INSERT INTO `pool_template` (`entry`, `max_limit`, `description`) VALUES (3609, 1, "Eastern Plaguelands Local Minerals 77");
INSERT INTO `pool_gameobject` (`guid`, `pool_entry`, `chance`, `description`) VALUES (8479, 3609, 12, "");
INSERT INTO `pool_gameobject` (`guid`, `pool_entry`, `chance`, `description`) VALUES (8541, 3609, 3, "");
INSERT INTO `pool_gameobject` (`guid`, `pool_entry`, `chance`, `description`) VALUES (9303, 3609, 0, "");

-- Pool Pooling
INSERT INTO `pool_template` (`entry`, `max_limit`, `description`) VALUES (1336, 1, "Eastern Plaguelands Tyrs Hand Mineral Nodes 1");
INSERT INTO `pool_pool` (`pool_id`, `mother_pool`, `chance`, `description`) VALUES (1577, 1336, 0, "");
INSERT INTO `pool_pool` (`pool_id`, `mother_pool`, `chance`, `description`) VALUES (1335, 1336, 0, "");
INSERT INTO `pool_pool` (`pool_id`, `mother_pool`, `chance`, `description`) VALUES (2032, 1336, 0, "");
INSERT INTO `pool_template` (`entry`, `max_limit`, `description`) VALUES (1578, 1, "Eastern Plaguelands Tyrs Hand Mineral Nodes 2");
INSERT INTO `pool_pool` (`pool_id`, `mother_pool`, `chance`, `description`) VALUES (1759, 1578, 0, "");
INSERT INTO `pool_pool` (`pool_id`, `mother_pool`, `chance`, `description`) VALUES (2084, 1578, 0, "");
INSERT INTO `pool_pool` (`pool_id`, `mother_pool`, `chance`, `description`) VALUES (2144, 1578, 0, "");
INSERT INTO `pool_template` (`entry`, `max_limit`, `description`) VALUES (1760, 2, "Eastern Plaguelands The Noxious Glade Mineral Nodes");
INSERT INTO `pool_pool` (`pool_id`, `mother_pool`, `chance`, `description`) VALUES (2070, 1760, 0, "");
INSERT INTO `pool_pool` (`pool_id`, `mother_pool`, `chance`, `description`) VALUES (1888, 1760, 0, "");
INSERT INTO `pool_pool` (`pool_id`, `mother_pool`, `chance`, `description`) VALUES (1992, 1760, 0, "");
INSERT INTO `pool_pool` (`pool_id`, `mother_pool`, `chance`, `description`) VALUES (2052, 1760, 0, "");
INSERT INTO `pool_template` (`entry`, `max_limit`, `description`) VALUES (1889, 1, "Eastern Plaguelands Pestilent Scar Mineral Nodes");
INSERT INTO `pool_pool` (`pool_id`, `mother_pool`, `chance`, `description`) VALUES (2150, 1889, 0, "");
INSERT INTO `pool_pool` (`pool_id`, `mother_pool`, `chance`, `description`) VALUES (2263, 1889, 0, "");
INSERT INTO `pool_pool` (`pool_id`, `mother_pool`, `chance`, `description`) VALUES (2285, 1889, 0, "");
INSERT INTO `pool_pool` (`pool_id`, `mother_pool`, `chance`, `description`) VALUES (3033, 1889, 0, "");
INSERT INTO `pool_pool` (`pool_id`, `mother_pool`, `chance`, `description`) VALUES (3041, 1889, 0, "");
INSERT INTO `pool_pool` (`pool_id`, `mother_pool`, `chance`, `description`) VALUES (3069, 1889, 0, "");
INSERT INTO `pool_template` (`entry`, `max_limit`, `description`) VALUES (1993, 1, "Eastern Plaguelands Near Lights Hope Mineral Nodes");
INSERT INTO `pool_pool` (`pool_id`, `mother_pool`, `chance`, `description`) VALUES (2408, 1993, 0, "");
INSERT INTO `pool_pool` (`pool_id`, `mother_pool`, `chance`, `description`) VALUES (2449, 1993, 0, "");
INSERT INTO `pool_pool` (`pool_id`, `mother_pool`, `chance`, `description`) VALUES (3102, 1993, 0, "");
INSERT INTO `pool_pool` (`pool_id`, `mother_pool`, `chance`, `description`) VALUES (3113, 1993, 0, "");
INSERT INTO `pool_template` (`entry`, `max_limit`, `description`) VALUES (2033, 1, "Eastern Plaguelands Northdale Mineral Nodes");
INSERT INTO `pool_pool` (`pool_id`, `mother_pool`, `chance`, `description`) VALUES (2324, 2033, 0, "");
INSERT INTO `pool_pool` (`pool_id`, `mother_pool`, `chance`, `description`) VALUES (3054, 2033, 0, "");
INSERT INTO `pool_pool` (`pool_id`, `mother_pool`, `chance`, `description`) VALUES (3111, 2033, 0, "");
INSERT INTO `pool_template` (`entry`, `max_limit`, `description`) VALUES (2053, 2, "Eastern Plaguelands Zul Mashar Mineral Nodes");
INSERT INTO `pool_pool` (`pool_id`, `mother_pool`, `chance`, `description`) VALUES (3064, 2053, 0, "");
INSERT INTO `pool_pool` (`pool_id`, `mother_pool`, `chance`, `description`) VALUES (3087, 2053, 0, "");
INSERT INTO `pool_pool` (`pool_id`, `mother_pool`, `chance`, `description`) VALUES (3091, 2053, 0, "");
INSERT INTO `pool_pool` (`pool_id`, `mother_pool`, `chance`, `description`) VALUES (3135, 2053, 0, "");
INSERT INTO `pool_template` (`entry`, `max_limit`, `description`) VALUES (2085, 1, "Eastern Plaguelands North East Mineral Nodes");
INSERT INTO `pool_pool` (`pool_id`, `mother_pool`, `chance`, `description`) VALUES (3082, 2085, 0, "");
INSERT INTO `pool_pool` (`pool_id`, `mother_pool`, `chance`, `description`) VALUES (3106, 2085, 0, "");
INSERT INTO `pool_pool` (`pool_id`, `mother_pool`, `chance`, `description`) VALUES (3121, 2085, 0, "");
INSERT INTO `pool_pool` (`pool_id`, `mother_pool`, `chance`, `description`) VALUES (3139, 2085, 0, "");
INSERT INTO `pool_pool` (`pool_id`, `mother_pool`, `chance`, `description`) VALUES (3141, 2085, 0, "");
INSERT INTO `pool_pool` (`pool_id`, `mother_pool`, `chance`, `description`) VALUES (3147, 2085, 0, "");
INSERT INTO `pool_template` (`entry`, `max_limit`, `description`) VALUES (2145, 2, "Eastern Plaguelands South Mineral Nodes");
INSERT INTO `pool_pool` (`pool_id`, `mother_pool`, `chance`, `description`) VALUES (3129, 2145, 0, "");
INSERT INTO `pool_pool` (`pool_id`, `mother_pool`, `chance`, `description`) VALUES (3149, 2145, 0, "");
INSERT INTO `pool_pool` (`pool_id`, `mother_pool`, `chance`, `description`) VALUES (3184, 2145, 0, "");
INSERT INTO `pool_pool` (`pool_id`, `mother_pool`, `chance`, `description`) VALUES (3273, 2145, 0, "");
INSERT INTO `pool_pool` (`pool_id`, `mother_pool`, `chance`, `description`) VALUES (3297, 2145, 0, "");
INSERT INTO `pool_template` (`entry`, `max_limit`, `description`) VALUES (2151, 2, "Eastern Plaguelands Central Mineral Nodes");
INSERT INTO `pool_pool` (`pool_id`, `mother_pool`, `chance`, `description`) VALUES (3153, 2151, 0, "");
INSERT INTO `pool_pool` (`pool_id`, `mother_pool`, `chance`, `description`) VALUES (3155, 2151, 0, "");
INSERT INTO `pool_pool` (`pool_id`, `mother_pool`, `chance`, `description`) VALUES (3254, 2151, 0, "");
INSERT INTO `pool_pool` (`pool_id`, `mother_pool`, `chance`, `description`) VALUES (3263, 2151, 0, "");
INSERT INTO `pool_pool` (`pool_id`, `mother_pool`, `chance`, `description`) VALUES (3196, 2151, 0, "");
INSERT INTO `pool_pool` (`pool_id`, `mother_pool`, `chance`, `description`) VALUES (3435, 2151, 0, "");
INSERT INTO `pool_template` (`entry`, `max_limit`, `description`) VALUES (2264, 1, "Eastern Plaguelands The Infectis Scar Mineral Nodes");
INSERT INTO `pool_pool` (`pool_id`, `mother_pool`, `chance`, `description`) VALUES (3174, 2264, 0, "");
INSERT INTO `pool_pool` (`pool_id`, `mother_pool`, `chance`, `description`) VALUES (3176, 2264, 0, "");
INSERT INTO `pool_pool` (`pool_id`, `mother_pool`, `chance`, `description`) VALUES (3179, 2264, 0, "");
INSERT INTO `pool_pool` (`pool_id`, `mother_pool`, `chance`, `description`) VALUES (3187, 2264, 0, "");
INSERT INTO `pool_pool` (`pool_id`, `mother_pool`, `chance`, `description`) VALUES (3192, 2264, 0, "");
INSERT INTO `pool_pool` (`pool_id`, `mother_pool`, `chance`, `description`) VALUES (3221, 2264, 0, "");
INSERT INTO `pool_template` (`entry`, `max_limit`, `description`) VALUES (2286, 2, "Eastern Plaguelands Near Darrowshire Mineral Nodes");
INSERT INTO `pool_pool` (`pool_id`, `mother_pool`, `chance`, `description`) VALUES (3428, 2286, 0, "");
INSERT INTO `pool_pool` (`pool_id`, `mother_pool`, `chance`, `description`) VALUES (3480, 2286, 0, "");
INSERT INTO `pool_pool` (`pool_id`, `mother_pool`, `chance`, `description`) VALUES (3497, 2286, 0, "");
INSERT INTO `pool_pool` (`pool_id`, `mother_pool`, `chance`, `description`) VALUES (3542, 2286, 0, "");
INSERT INTO `pool_pool` (`pool_id`, `mother_pool`, `chance`, `description`) VALUES (3442, 2286, 35, "");
INSERT INTO `pool_template` (`entry`, `max_limit`, `description`) VALUES (2325, 2, "Eastern Plaguelands The Fungal Vale Mineral Nodes");
INSERT INTO `pool_pool` (`pool_id`, `mother_pool`, `chance`, `description`) VALUES (3468, 2325, 0, "");
INSERT INTO `pool_pool` (`pool_id`, `mother_pool`, `chance`, `description`) VALUES (3474, 2325, 0, "");
INSERT INTO `pool_pool` (`pool_id`, `mother_pool`, `chance`, `description`) VALUES (3486, 2325, 0, "");
INSERT INTO `pool_pool` (`pool_id`, `mother_pool`, `chance`, `description`) VALUES (3521, 2325, 0, "");
INSERT INTO `pool_pool` (`pool_id`, `mother_pool`, `chance`, `description`) VALUES (3525, 2325, 0, "");
INSERT INTO `pool_template` (`entry`, `max_limit`, `description`) VALUES (2409, 2, "Eastern Plaguelands Plaguewood East Mineral Nodes");
INSERT INTO `pool_pool` (`pool_id`, `mother_pool`, `chance`, `description`) VALUES (3446, 2409, 0, "");
INSERT INTO `pool_pool` (`pool_id`, `mother_pool`, `chance`, `description`) VALUES (3490, 2409, 0, "");
INSERT INTO `pool_pool` (`pool_id`, `mother_pool`, `chance`, `description`) VALUES (3530, 2409, 0, "");
INSERT INTO `pool_pool` (`pool_id`, `mother_pool`, `chance`, `description`) VALUES (3548, 2409, 0, "");
INSERT INTO `pool_template` (`entry`, `max_limit`, `description`) VALUES (2450, 1, "Eastern Plaguelands Plaguewood West Mineral Nodes");
INSERT INTO `pool_pool` (`pool_id`, `mother_pool`, `chance`, `description`) VALUES (3550, 2450, 0, "");
INSERT INTO `pool_pool` (`pool_id`, `mother_pool`, `chance`, `description`) VALUES (3581, 2450, 50, "");
INSERT INTO `pool_pool` (`pool_id`, `mother_pool`, `chance`, `description`) VALUES (3567, 2450, 0, "");
INSERT INTO `pool_template` (`entry`, `max_limit`, `description`) VALUES (3034, 2, "Eastern Plaguelands Near Marris Stead Mineral Nodes");
INSERT INTO `pool_pool` (`pool_id`, `mother_pool`, `chance`, `description`) VALUES (3552, 3034, 0, "");
INSERT INTO `pool_pool` (`pool_id`, `mother_pool`, `chance`, `description`) VALUES (3564, 3034, 0, "");
INSERT INTO `pool_pool` (`pool_id`, `mother_pool`, `chance`, `description`) VALUES (3598, 3034, 0, "");
INSERT INTO `pool_template` (`entry`, `max_limit`, `description`) VALUES (3042, 2, "Eastern Plaguelands North Marris Stead Mineral Nodes");
INSERT INTO `pool_pool` (`pool_id`, `mother_pool`, `chance`, `description`) VALUES (3500, 3042, 0, "");
INSERT INTO `pool_pool` (`pool_id`, `mother_pool`, `chance`, `description`) VALUES (3559, 3042, 0, "");
INSERT INTO `pool_pool` (`pool_id`, `mother_pool`, `chance`, `description`) VALUES (3561, 3042, 0, "");
INSERT INTO `pool_pool` (`pool_id`, `mother_pool`, `chance`, `description`) VALUES (3590, 3042, 0, "");
INSERT INTO `pool_template` (`entry`, `max_limit`, `description`) VALUES (3055, 2, "Eastern Plaguelands South West Mineral Nodes");
INSERT INTO `pool_pool` (`pool_id`, `mother_pool`, `chance`, `description`) VALUES (3595, 3055, 0, "");
INSERT INTO `pool_pool` (`pool_id`, `mother_pool`, `chance`, `description`) VALUES (3603, 3055, 0, "");
INSERT INTO `pool_pool` (`pool_id`, `mother_pool`, `chance`, `description`) VALUES (3609, 3055, 0, "");

-- Elwynn Forest:
-- Local Pooling
INSERT INTO `pool_template` (`entry`, `max_limit`, `description`) VALUES (1339, 1, "Elwynn Forest Local Minerals 1");
INSERT INTO `pool_gameobject` (`guid`, `pool_entry`, `chance`, `description`) VALUES (9587, 1339, 0, "");
INSERT INTO `pool_gameobject` (`guid`, `pool_entry`, `chance`, `description`) VALUES (9586, 1339, 0, "");
INSERT INTO `pool_gameobject` (`guid`, `pool_entry`, `chance`, `description`) VALUES (9585, 1339, 50, "");
INSERT INTO `pool_template` (`entry`, `max_limit`, `description`) VALUES (1581, 1, "Elwynn Forest Local Minerals 2");
INSERT INTO `pool_gameobject` (`guid`, `pool_entry`, `chance`, `description`) VALUES (9584, 1581, 0, "");
INSERT INTO `pool_gameobject` (`guid`, `pool_entry`, `chance`, `description`) VALUES (9579, 1581, 0, "");
INSERT INTO `pool_template` (`entry`, `max_limit`, `description`) VALUES (1892, 1, "Elwynn Forest Local Minerals 3");
INSERT INTO `pool_gameobject` (`guid`, `pool_entry`, `chance`, `description`) VALUES (9583, 1892, 33, "");
INSERT INTO `pool_gameobject` (`guid`, `pool_entry`, `chance`, `description`) VALUES (9582, 1892, 0, "");
INSERT INTO `pool_gameobject` (`guid`, `pool_entry`, `chance`, `description`) VALUES (9581, 1892, 0, "");
INSERT INTO `pool_gameobject` (`guid`, `pool_entry`, `chance`, `description`) VALUES (9580, 1892, 33, "");
INSERT INTO `pool_template` (`entry`, `max_limit`, `description`) VALUES (1996, 1, "Elwynn Forest Local Minerals 4");
INSERT INTO `pool_gameobject` (`guid`, `pool_entry`, `chance`, `description`) VALUES (9577, 1996, 50, "");
INSERT INTO `pool_gameobject` (`guid`, `pool_entry`, `chance`, `description`) VALUES (9575, 1996, 0, "");
INSERT INTO `pool_gameobject` (`guid`, `pool_entry`, `chance`, `description`) VALUES (9574, 1996, 0, "");
INSERT INTO `pool_template` (`entry`, `max_limit`, `description`) VALUES (2036, 1, "Elwynn Forest Local Minerals 5");
INSERT INTO `pool_gameobject` (`guid`, `pool_entry`, `chance`, `description`) VALUES (9578, 2036, 0, "");
INSERT INTO `pool_gameobject` (`guid`, `pool_entry`, `chance`, `description`) VALUES (9576, 2036, 0, "");
INSERT INTO `pool_gameobject` (`guid`, `pool_entry`, `chance`, `description`) VALUES (9563, 2036, 0, "");
INSERT INTO `pool_template` (`entry`, `max_limit`, `description`) VALUES (2056, 1, "Elwynn Forest Local Minerals 6");
INSERT INTO `pool_gameobject` (`guid`, `pool_entry`, `chance`, `description`) VALUES (9573, 2056, 0, "");
INSERT INTO `pool_gameobject` (`guid`, `pool_entry`, `chance`, `description`) VALUES (9572, 2056, 0, "");
INSERT INTO `pool_gameobject` (`guid`, `pool_entry`, `chance`, `description`) VALUES (9554, 2056, 50, "");
INSERT INTO `pool_template` (`entry`, `max_limit`, `description`) VALUES (2088, 1, "Elwynn Forest Local Minerals 7");
INSERT INTO `pool_gameobject` (`guid`, `pool_entry`, `chance`, `description`) VALUES (9555, 2088, 33, "");
INSERT INTO `pool_gameobject` (`guid`, `pool_entry`, `chance`, `description`) VALUES (9549, 2088, 0, "");
INSERT INTO `pool_gameobject` (`guid`, `pool_entry`, `chance`, `description`) VALUES (9548, 2088, 0, "");
INSERT INTO `pool_gameobject` (`guid`, `pool_entry`, `chance`, `description`) VALUES (9547, 2088, 33, "");
INSERT INTO `pool_template` (`entry`, `max_limit`, `description`) VALUES (2154, 1, "Elwynn Forest Local Minerals 8");
INSERT INTO `pool_gameobject` (`guid`, `pool_entry`, `chance`, `description`) VALUES (9570, 2154, 0, "");
INSERT INTO `pool_gameobject` (`guid`, `pool_entry`, `chance`, `description`) VALUES (9569, 2154, 0, "");
INSERT INTO `pool_gameobject` (`guid`, `pool_entry`, `chance`, `description`) VALUES (9561, 2154, 0, "");
INSERT INTO `pool_gameobject` (`guid`, `pool_entry`, `chance`, `description`) VALUES (9559, 2154, 0, "");
INSERT INTO `pool_template` (`entry`, `max_limit`, `description`) VALUES (2266, 1, "Elwynn Forest Local Minerals 9");
INSERT INTO `pool_gameobject` (`guid`, `pool_entry`, `chance`, `description`) VALUES (9558, 2266, 50, "");
INSERT INTO `pool_gameobject` (`guid`, `pool_entry`, `chance`, `description`) VALUES (9552, 2266, 0, "");
INSERT INTO `pool_gameobject` (`guid`, `pool_entry`, `chance`, `description`) VALUES (9551, 2266, 0, "");
INSERT INTO `pool_template` (`entry`, `max_limit`, `description`) VALUES (2288, 1, "Elwynn Forest Local Minerals 10");
INSERT INTO `pool_gameobject` (`guid`, `pool_entry`, `chance`, `description`) VALUES (9571, 2288, 33, "");
INSERT INTO `pool_gameobject` (`guid`, `pool_entry`, `chance`, `description`) VALUES (9568, 2288, 0, "");
INSERT INTO `pool_gameobject` (`guid`, `pool_entry`, `chance`, `description`) VALUES (9567, 2288, 0, "");
INSERT INTO `pool_gameobject` (`guid`, `pool_entry`, `chance`, `description`) VALUES (9565, 2288, 0, "");
INSERT INTO `pool_gameobject` (`guid`, `pool_entry`, `chance`, `description`) VALUES (9564, 2288, 0, "");
INSERT INTO `pool_template` (`entry`, `max_limit`, `description`) VALUES (2327, 1, "Elwynn Forest Local Minerals 11");
INSERT INTO `pool_gameobject` (`guid`, `pool_entry`, `chance`, `description`) VALUES (9566, 2327, 25, "");
INSERT INTO `pool_gameobject` (`guid`, `pool_entry`, `chance`, `description`) VALUES (9562, 2327, 0, "");
INSERT INTO `pool_gameobject` (`guid`, `pool_entry`, `chance`, `description`) VALUES (9560, 2327, 0, "");
INSERT INTO `pool_gameobject` (`guid`, `pool_entry`, `chance`, `description`) VALUES (9557, 2327, 25, "");
INSERT INTO `pool_gameobject` (`guid`, `pool_entry`, `chance`, `description`) VALUES (9556, 2327, 25, "");
INSERT INTO `pool_template` (`entry`, `max_limit`, `description`) VALUES (2411, 1, "Elwynn Forest Local Minerals 12");
INSERT INTO `pool_gameobject` (`guid`, `pool_entry`, `chance`, `description`) VALUES (9553, 2411, 20, "");
INSERT INTO `pool_gameobject` (`guid`, `pool_entry`, `chance`, `description`) VALUES (9550, 2411, 20, "");
INSERT INTO `pool_gameobject` (`guid`, `pool_entry`, `chance`, `description`) VALUES (9545, 2411, 0, "");
INSERT INTO `pool_gameobject` (`guid`, `pool_entry`, `chance`, `description`) VALUES (9543, 2411, 0, "");
INSERT INTO `pool_gameobject` (`guid`, `pool_entry`, `chance`, `description`) VALUES (9542, 2411, 0, "");
INSERT INTO `pool_gameobject` (`guid`, `pool_entry`, `chance`, `description`) VALUES (9541, 2411, 0, "");
INSERT INTO `pool_template` (`entry`, `max_limit`, `description`) VALUES (2452, 1, "Elwynn Forest Local Minerals 13");
INSERT INTO `pool_gameobject` (`guid`, `pool_entry`, `chance`, `description`) VALUES (9546, 2452, 0, "");
INSERT INTO `pool_gameobject` (`guid`, `pool_entry`, `chance`, `description`) VALUES (9537, 2452, 0, "");
INSERT INTO `pool_gameobject` (`guid`, `pool_entry`, `chance`, `description`) VALUES (9536, 2452, 0, "");
INSERT INTO `pool_template` (`entry`, `max_limit`, `description`) VALUES (3044, 1, "Elwynn Forest Local Minerals 14");
INSERT INTO `pool_gameobject` (`guid`, `pool_entry`, `chance`, `description`) VALUES (9544, 3044, 35, "");
INSERT INTO `pool_gameobject` (`guid`, `pool_entry`, `chance`, `description`) VALUES (9540, 3044, 0, "");
INSERT INTO `pool_gameobject` (`guid`, `pool_entry`, `chance`, `description`) VALUES (9539, 3044, 0, "");
INSERT INTO `pool_gameobject` (`guid`, `pool_entry`, `chance`, `description`) VALUES (9538, 3044, 0, "");
INSERT INTO `pool_template` (`entry`, `max_limit`, `description`) VALUES (3066, 1, "Elwynn Forest Local Minerals 15");
INSERT INTO `pool_gameobject` (`guid`, `pool_entry`, `chance`, `description`) VALUES (9535, 3066, 0, "");
INSERT INTO `pool_gameobject` (`guid`, `pool_entry`, `chance`, `description`) VALUES (9532, 3066, 0, "");
INSERT INTO `pool_gameobject` (`guid`, `pool_entry`, `chance`, `description`) VALUES (9517, 3066, 0, "");
INSERT INTO `pool_gameobject` (`guid`, `pool_entry`, `chance`, `description`) VALUES (9515, 3066, 0, "");
INSERT INTO `pool_gameobject` (`guid`, `pool_entry`, `chance`, `description`) VALUES (9514, 3066, 33, "");
INSERT INTO `pool_template` (`entry`, `max_limit`, `description`) VALUES (3071, 1, "Elwynn Forest Jasperlode Mine Local Minerals Outside");
INSERT INTO `pool_gameobject` (`guid`, `pool_entry`, `chance`, `description`) VALUES (9531, 3071, 0, "");
INSERT INTO `pool_gameobject` (`guid`, `pool_entry`, `chance`, `description`) VALUES (9530, 3071, 0, "");
INSERT INTO `pool_gameobject` (`guid`, `pool_entry`, `chance`, `description`) VALUES (9525, 3071, 0, "");
INSERT INTO `pool_gameobject` (`guid`, `pool_entry`, `chance`, `description`) VALUES (9518, 3071, 0, "");
INSERT INTO `pool_gameobject` (`guid`, `pool_entry`, `chance`, `description`) VALUES (9526, 3071, 0, "");
INSERT INTO `pool_gameobject` (`guid`, `pool_entry`, `chance`, `description`) VALUES (9527, 3071, 0, "");
INSERT INTO `pool_gameobject` (`guid`, `pool_entry`, `chance`, `description`) VALUES (9521, 3071, 0, "");
INSERT INTO `pool_gameobject` (`guid`, `pool_entry`, `chance`, `description`) VALUES (9520, 3071, 0, "");
INSERT INTO `pool_template` (`entry`, `max_limit`, `description`) VALUES (3084, 1, "Elwynn Forest Jasperlode Mine Local Minerals 1");
INSERT INTO `pool_gameobject` (`guid`, `pool_entry`, `chance`, `description`) VALUES (9516, 3084, 0, "");
INSERT INTO `pool_gameobject` (`guid`, `pool_entry`, `chance`, `description`) VALUES (9513, 3084, 0, "");
INSERT INTO `pool_gameobject` (`guid`, `pool_entry`, `chance`, `description`) VALUES (9512, 3084, 0, "");
INSERT INTO `pool_gameobject` (`guid`, `pool_entry`, `chance`, `description`) VALUES (9519, 3084, 0, "");
INSERT INTO `pool_template` (`entry`, `max_limit`, `description`) VALUES (3093, 1, "Elwynn Forest Jasperlode Mine Local Minerals 2");
INSERT INTO `pool_gameobject` (`guid`, `pool_entry`, `chance`, `description`) VALUES (9529, 3093, 0, "");
INSERT INTO `pool_gameobject` (`guid`, `pool_entry`, `chance`, `description`) VALUES (9528, 3093, 0, "");
INSERT INTO `pool_gameobject` (`guid`, `pool_entry`, `chance`, `description`) VALUES (9524, 3093, 0, "");
INSERT INTO `pool_template` (`entry`, `max_limit`, `description`) VALUES (3115, 1, "Elwynn Forest Local Minerals 16");
INSERT INTO `pool_gameobject` (`guid`, `pool_entry`, `chance`, `description`) VALUES (9511, 3115, 0, "");
INSERT INTO `pool_gameobject` (`guid`, `pool_entry`, `chance`, `description`) VALUES (9510, 3115, 0, "");
INSERT INTO `pool_gameobject` (`guid`, `pool_entry`, `chance`, `description`) VALUES (9509, 3115, 0, "");
INSERT INTO `pool_gameobject` (`guid`, `pool_entry`, `chance`, `description`) VALUES (9508, 3115, 0, "");
INSERT INTO `pool_gameobject` (`guid`, `pool_entry`, `chance`, `description`) VALUES (9507, 3115, 0, "");
INSERT INTO `pool_gameobject` (`guid`, `pool_entry`, `chance`, `description`) VALUES (9506, 3115, 0, "");
INSERT INTO `pool_template` (`entry`, `max_limit`, `description`) VALUES (3123, 1, "Elwynn Forest Local Minerals 17");
INSERT INTO `pool_gameobject` (`guid`, `pool_entry`, `chance`, `description`) VALUES (9504, 3123, 0, "");
INSERT INTO `pool_gameobject` (`guid`, `pool_entry`, `chance`, `description`) VALUES (9503, 3123, 0, "");
INSERT INTO `pool_gameobject` (`guid`, `pool_entry`, `chance`, `description`) VALUES (9502, 3123, 0, "");
INSERT INTO `pool_template` (`entry`, `max_limit`, `description`) VALUES (3131, 1, "Elwynn Forest Local Minerals 18");
INSERT INTO `pool_gameobject` (`guid`, `pool_entry`, `chance`, `description`) VALUES (9501, 3131, 0, "");
INSERT INTO `pool_gameobject` (`guid`, `pool_entry`, `chance`, `description`) VALUES (9500, 3131, 0, "");
INSERT INTO `pool_gameobject` (`guid`, `pool_entry`, `chance`, `description`) VALUES (9493, 3131, 0, "");
INSERT INTO `pool_gameobject` (`guid`, `pool_entry`, `chance`, `description`) VALUES (9490, 3131, 0, "");
INSERT INTO `pool_gameobject` (`guid`, `pool_entry`, `chance`, `description`) VALUES (9489, 3131, 20, "");
INSERT INTO `pool_gameobject` (`guid`, `pool_entry`, `chance`, `description`) VALUES (9486, 3131, 0, "");
INSERT INTO `pool_gameobject` (`guid`, `pool_entry`, `chance`, `description`) VALUES (9485, 3131, 0, "");
INSERT INTO `pool_gameobject` (`guid`, `pool_entry`, `chance`, `description`) VALUES (9483, 3131, 20, "");
INSERT INTO `pool_template` (`entry`, `max_limit`, `description`) VALUES (3151, 1, "Elwynn Forest Local Minerals 19");
INSERT INTO `pool_gameobject` (`guid`, `pool_entry`, `chance`, `description`) VALUES (9505, 3151, 50, "");
INSERT INTO `pool_gameobject` (`guid`, `pool_entry`, `chance`, `description`) VALUES (9495, 3151, 0, "");
INSERT INTO `pool_gameobject` (`guid`, `pool_entry`, `chance`, `description`) VALUES (9494, 3151, 0, "");
INSERT INTO `pool_template` (`entry`, `max_limit`, `description`) VALUES (3157, 1, "Elwynn Forest Local Minerals 20");
INSERT INTO `pool_gameobject` (`guid`, `pool_entry`, `chance`, `description`) VALUES (9499, 3157, 0, "");
INSERT INTO `pool_gameobject` (`guid`, `pool_entry`, `chance`, `description`) VALUES (9498, 3157, 0, "");
INSERT INTO `pool_gameobject` (`guid`, `pool_entry`, `chance`, `description`) VALUES (9492, 3157, 0, "");
INSERT INTO `pool_gameobject` (`guid`, `pool_entry`, `chance`, `description`) VALUES (9491, 3157, 0, "");
INSERT INTO `pool_gameobject` (`guid`, `pool_entry`, `chance`, `description`) VALUES (9488, 3157, 0, "");
INSERT INTO `pool_gameobject` (`guid`, `pool_entry`, `chance`, `description`) VALUES (9487, 3157, 0, "");
INSERT INTO `pool_template` (`entry`, `max_limit`, `description`) VALUES (3181, 1, "Elwynn Forest Local Minerals 21");
INSERT INTO `pool_gameobject` (`guid`, `pool_entry`, `chance`, `description`) VALUES (9497, 3181, 0, "");
INSERT INTO `pool_gameobject` (`guid`, `pool_entry`, `chance`, `description`) VALUES (9496, 3181, 0, "");
INSERT INTO `pool_gameobject` (`guid`, `pool_entry`, `chance`, `description`) VALUES (9484, 3181, 50, "");
INSERT INTO `pool_template` (`entry`, `max_limit`, `description`) VALUES (3189, 1, "Elwynn Forest Local Minerals 22");
INSERT INTO `pool_gameobject` (`guid`, `pool_entry`, `chance`, `description`) VALUES (9482, 3189, 33, "");
INSERT INTO `pool_gameobject` (`guid`, `pool_entry`, `chance`, `description`) VALUES (9481, 3189, 0, "");
INSERT INTO `pool_gameobject` (`guid`, `pool_entry`, `chance`, `description`) VALUES (9480, 3189, 0, "");
INSERT INTO `pool_gameobject` (`guid`, `pool_entry`, `chance`, `description`) VALUES (9479, 3189, 33, "");
INSERT INTO `pool_template` (`entry`, `max_limit`, `description`) VALUES (3223, 1, "Elwynn Forest Local Minerals 23");
INSERT INTO `pool_gameobject` (`guid`, `pool_entry`, `chance`, `description`) VALUES (9476, 3223, 33, "");
INSERT INTO `pool_gameobject` (`guid`, `pool_entry`, `chance`, `description`) VALUES (9475, 3223, 33, "");
INSERT INTO `pool_gameobject` (`guid`, `pool_entry`, `chance`, `description`) VALUES (9467, 3223, 0, "");
INSERT INTO `pool_gameobject` (`guid`, `pool_entry`, `chance`, `description`) VALUES (9466, 3223, 0, "");
INSERT INTO `pool_template` (`entry`, `max_limit`, `description`) VALUES (3256, 1, "Elwynn Forest Local Minerals 24");
INSERT INTO `pool_gameobject` (`guid`, `pool_entry`, `chance`, `description`) VALUES (9453, 3256, 0, "");
INSERT INTO `pool_gameobject` (`guid`, `pool_entry`, `chance`, `description`) VALUES (9445, 3256, 0, "");
INSERT INTO `pool_template` (`entry`, `max_limit`, `description`) VALUES (3275, 1, "Elwynn Forest Fargodeep Mine Local Minerals 1");
INSERT INTO `pool_gameobject` (`guid`, `pool_entry`, `chance`, `description`) VALUES (9459, 3275, 0, "");
INSERT INTO `pool_gameobject` (`guid`, `pool_entry`, `chance`, `description`) VALUES (9455, 3275, 0, "");
INSERT INTO `pool_gameobject` (`guid`, `pool_entry`, `chance`, `description`) VALUES (9448, 3275, 0, "");
INSERT INTO `pool_gameobject` (`guid`, `pool_entry`, `chance`, `description`) VALUES (9447, 3275, 0, "");
INSERT INTO `pool_template` (`entry`, `max_limit`, `description`) VALUES (3299, 1, "Elwynn Forest Fargodeep Mine Local Minerals Outside 1");
INSERT INTO `pool_gameobject` (`guid`, `pool_entry`, `chance`, `description`) VALUES (9474, 3299, 0, "");
INSERT INTO `pool_gameobject` (`guid`, `pool_entry`, `chance`, `description`) VALUES (9471, 3299, 0, "");
INSERT INTO `pool_gameobject` (`guid`, `pool_entry`, `chance`, `description`) VALUES (9470, 3299, 0, "");
INSERT INTO `pool_gameobject` (`guid`, `pool_entry`, `chance`, `description`) VALUES (9465, 3299, 0, "");
INSERT INTO `pool_gameobject` (`guid`, `pool_entry`, `chance`, `description`) VALUES (9454, 3299, 30, "");
INSERT INTO `pool_template` (`entry`, `max_limit`, `description`) VALUES (3429, 1, "Elwynn Forest Fargodeep Mine Local Minerals Outside 2");
INSERT INTO `pool_gameobject` (`guid`, `pool_entry`, `chance`, `description`) VALUES (9473, 3429, 0, "");
INSERT INTO `pool_gameobject` (`guid`, `pool_entry`, `chance`, `description`) VALUES (9472, 3429, 0, "");
INSERT INTO `pool_gameobject` (`guid`, `pool_entry`, `chance`, `description`) VALUES (9468, 3429, 33, "");
INSERT INTO `pool_gameobject` (`guid`, `pool_entry`, `chance`, `description`) VALUES (9464, 3429, 33, "");
INSERT INTO `pool_template` (`entry`, `max_limit`, `description`) VALUES (3436, 1, "Elwynn Forest Fargodeep Mine Local Minerals Outside 3");
INSERT INTO `pool_gameobject` (`guid`, `pool_entry`, `chance`, `description`) VALUES (9457, 3436, 25, "");
INSERT INTO `pool_gameobject` (`guid`, `pool_entry`, `chance`, `description`) VALUES (9456, 3436, 25, "");
INSERT INTO `pool_gameobject` (`guid`, `pool_entry`, `chance`, `description`) VALUES (9452, 3436, 0, "");
INSERT INTO `pool_gameobject` (`guid`, `pool_entry`, `chance`, `description`) VALUES (9449, 3436, 0, "");
INSERT INTO `pool_gameobject` (`guid`, `pool_entry`, `chance`, `description`) VALUES (9444, 3436, 25, "");
INSERT INTO `pool_template` (`entry`, `max_limit`, `description`) VALUES (3443, 1, "Elwynn Forest Local Minerals 25");
INSERT INTO `pool_gameobject` (`guid`, `pool_entry`, `chance`, `description`) VALUES (9469, 3443, 33, "");
INSERT INTO `pool_gameobject` (`guid`, `pool_entry`, `chance`, `description`) VALUES (9446, 3443, 33, "");
INSERT INTO `pool_gameobject` (`guid`, `pool_entry`, `chance`, `description`) VALUES (9443, 3443, 0, "");
INSERT INTO `pool_gameobject` (`guid`, `pool_entry`, `chance`, `description`) VALUES (9442, 3443, 0, "");
INSERT INTO `pool_template` (`entry`, `max_limit`, `description`) VALUES (3447, 1, "Elwynn Forest Fargodeep Mine Local Minerals 2");
INSERT INTO `pool_gameobject` (`guid`, `pool_entry`, `chance`, `description`) VALUES (9463, 3447, 0, "");
INSERT INTO `pool_gameobject` (`guid`, `pool_entry`, `chance`, `description`) VALUES (9462, 3447, 0, "");
INSERT INTO `pool_gameobject` (`guid`, `pool_entry`, `chance`, `description`) VALUES (9461, 3447, 0, "");
INSERT INTO `pool_gameobject` (`guid`, `pool_entry`, `chance`, `description`) VALUES (9460, 3447, 0, "");
INSERT INTO `pool_gameobject` (`guid`, `pool_entry`, `chance`, `description`) VALUES (9458, 3447, 0, "");
INSERT INTO `pool_template` (`entry`, `max_limit`, `description`) VALUES (3469, 1, "Elwynn Forest Local Minerals 26");
INSERT INTO `pool_gameobject` (`guid`, `pool_entry`, `chance`, `description`) VALUES (9439, 3469, 0, "");
INSERT INTO `pool_gameobject` (`guid`, `pool_entry`, `chance`, `description`) VALUES (9438, 3469, 0, "");
INSERT INTO `pool_gameobject` (`guid`, `pool_entry`, `chance`, `description`) VALUES (9437, 3469, 0, "");
INSERT INTO `pool_gameobject` (`guid`, `pool_entry`, `chance`, `description`) VALUES (9436, 3469, 0, "");
INSERT INTO `pool_template` (`entry`, `max_limit`, `description`) VALUES (3475, 2, "Elwynn Forest Local Minerals 27");
INSERT INTO `pool_gameobject` (`guid`, `pool_entry`, `chance`, `description`) VALUES (9441, 3475, 0, "");
INSERT INTO `pool_gameobject` (`guid`, `pool_entry`, `chance`, `description`) VALUES (9435, 3475, 0, "");
INSERT INTO `pool_gameobject` (`guid`, `pool_entry`, `chance`, `description`) VALUES (9431, 3475, 0, "");
INSERT INTO `pool_gameobject` (`guid`, `pool_entry`, `chance`, `description`) VALUES (9429, 3475, 0, "");
INSERT INTO `pool_gameobject` (`guid`, `pool_entry`, `chance`, `description`) VALUES (9432, 3475, 0, "");
INSERT INTO `pool_template` (`entry`, `max_limit`, `description`) VALUES (3481, 1, "Elwynn Forest Local Minerals 28");
INSERT INTO `pool_gameobject` (`guid`, `pool_entry`, `chance`, `description`) VALUES (9440, 3481, 0, "");
INSERT INTO `pool_gameobject` (`guid`, `pool_entry`, `chance`, `description`) VALUES (9434, 3481, 0, "");
INSERT INTO `pool_gameobject` (`guid`, `pool_entry`, `chance`, `description`) VALUES (9430, 3481, 0, "");
INSERT INTO `pool_template` (`entry`, `max_limit`, `description`) VALUES (3487, 1, "Elwynn Forest Local Minerals 29");
INSERT INTO `pool_gameobject` (`guid`, `pool_entry`, `chance`, `description`) VALUES (9428, 3487, 0, "");
INSERT INTO `pool_gameobject` (`guid`, `pool_entry`, `chance`, `description`) VALUES (9427, 3487, 0, "");
INSERT INTO `pool_gameobject` (`guid`, `pool_entry`, `chance`, `description`) VALUES (9426, 3487, 0, "");
INSERT INTO `pool_template` (`entry`, `max_limit`, `description`) VALUES (3491, 1, "Elwynn Forest Local Minerals 30");
INSERT INTO `pool_gameobject` (`guid`, `pool_entry`, `chance`, `description`) VALUES (9433, 3491, 0, "");
INSERT INTO `pool_gameobject` (`guid`, `pool_entry`, `chance`, `description`) VALUES (9425, 3491, 0, "");
INSERT INTO `pool_gameobject` (`guid`, `pool_entry`, `chance`, `description`) VALUES (9424, 3491, 0, "");
INSERT INTO `pool_template` (`entry`, `max_limit`, `description`) VALUES (3498, 1, "Elwynn Forest Local Minerals 31");
INSERT INTO `pool_gameobject` (`guid`, `pool_entry`, `chance`, `description`) VALUES (9423, 3498, 0, "");
INSERT INTO `pool_gameobject` (`guid`, `pool_entry`, `chance`, `description`) VALUES (9422, 3498, 0, "");
INSERT INTO `pool_gameobject` (`guid`, `pool_entry`, `chance`, `description`) VALUES (9421, 3498, 0, "");
INSERT INTO `pool_gameobject` (`guid`, `pool_entry`, `chance`, `description`) VALUES (9420, 3498, 0, "");

-- Pool Pooling
INSERT INTO `pool_template` (`entry`, `max_limit`, `description`) VALUES (1340, 3, "Elwynn Forest Eastvale Logging Camp Mineral Nodes");
INSERT INTO `pool_pool` (`pool_id`, `mother_pool`, `chance`, `description`) VALUES (1339, 1340, 0, "");
INSERT INTO `pool_pool` (`pool_id`, `mother_pool`, `chance`, `description`) VALUES (1581, 1340, 0, "");
INSERT INTO `pool_pool` (`pool_id`, `mother_pool`, `chance`, `description`) VALUES (1892, 1340, 0, "");
INSERT INTO `pool_pool` (`pool_id`, `mother_pool`, `chance`, `description`) VALUES (1996, 1340, 0, "");
INSERT INTO `pool_template` (`entry`, `max_limit`, `description`) VALUES (1582, 5, "Elwynn Forest Stonecairn Lake Mineral Nodes");
INSERT INTO `pool_pool` (`pool_id`, `mother_pool`, `chance`, `description`) VALUES (2036, 1582, 20, "");
INSERT INTO `pool_pool` (`pool_id`, `mother_pool`, `chance`, `description`) VALUES (2056, 1582, 0, "");
INSERT INTO `pool_pool` (`pool_id`, `mother_pool`, `chance`, `description`) VALUES (2154, 1582, 0, "");
INSERT INTO `pool_pool` (`pool_id`, `mother_pool`, `chance`, `description`) VALUES (2266, 1582, 0, "");
INSERT INTO `pool_pool` (`pool_id`, `mother_pool`, `chance`, `description`) VALUES (2088, 1582, 0, "");
INSERT INTO `pool_pool` (`pool_id`, `mother_pool`, `chance`, `description`) VALUES (2452, 1582, 20, "");
INSERT INTO `pool_pool` (`pool_id`, `mother_pool`, `chance`, `description`) VALUES (3044, 1582, 20, "");
INSERT INTO `pool_template` (`entry`, `max_limit`, `description`) VALUES (1893, 2, "Elwynn Forest East River Mineral Nodes");
INSERT INTO `pool_pool` (`pool_id`, `mother_pool`, `chance`, `description`) VALUES (2288, 1893, 0, "");
INSERT INTO `pool_pool` (`pool_id`, `mother_pool`, `chance`, `description`) VALUES (2327, 1893, 0, "");
INSERT INTO `pool_pool` (`pool_id`, `mother_pool`, `chance`, `description`) VALUES (2411, 1893, 45, "");
INSERT INTO `pool_template` (`entry`, `max_limit`, `description`) VALUES (1997, 2, "Elwynn Forest Jasperlode Mine Mineral Nodes");
INSERT INTO `pool_pool` (`pool_id`, `mother_pool`, `chance`, `description`) VALUES (3093, 1997, 0, "");
INSERT INTO `pool_pool` (`pool_id`, `mother_pool`, `chance`, `description`) VALUES (3084, 1997, 0, "");
INSERT INTO `pool_template` (`entry`, `max_limit`, `description`) VALUES (2037, 1, "Elwynn Forest Crystal Lake Area Mineral Nodes");
INSERT INTO `pool_pool` (`pool_id`, `mother_pool`, `chance`, `description`) VALUES (3071, 2037, 35, "");
INSERT INTO `pool_pool` (`pool_id`, `mother_pool`, `chance`, `description`) VALUES (3066, 2037, 0, "");
INSERT INTO `pool_pool` (`pool_id`, `mother_pool`, `chance`, `description`) VALUES (3151, 2037, 0, "");
INSERT INTO `pool_pool` (`pool_id`, `mother_pool`, `chance`, `description`) VALUES (3157, 2037, 0, "");
INSERT INTO `pool_template` (`entry`, `max_limit`, `description`) VALUES (2057, 2, "Elwynn Forest Jerods Landing Mineral Nodes");
INSERT INTO `pool_pool` (`pool_id`, `mother_pool`, `chance`, `description`) VALUES (3115, 2057, 0, "");
INSERT INTO `pool_pool` (`pool_id`, `mother_pool`, `chance`, `description`) VALUES (3123, 2057, 0, "");
INSERT INTO `pool_pool` (`pool_id`, `mother_pool`, `chance`, `description`) VALUES (3131, 2057, 35, "");
INSERT INTO `pool_pool` (`pool_id`, `mother_pool`, `chance`, `description`) VALUES (3181, 2057, 0, "");
INSERT INTO `pool_template` (`entry`, `max_limit`, `description`) VALUES (2089, 1, "Elwynn Forest By Goldshire Mineral Nodes");
INSERT INTO `pool_pool` (`pool_id`, `mother_pool`, `chance`, `description`) VALUES (3189, 2089, 0, "");
INSERT INTO `pool_pool` (`pool_id`, `mother_pool`, `chance`, `description`) VALUES (3443, 2089, 0, "");
INSERT INTO `pool_template` (`entry`, `max_limit`, `description`) VALUES (3734, 1, "Elwynn Forest Outside Northshire Mineral Nodes");
INSERT INTO `pool_pool` (`pool_id`, `mother_pool`, `chance`, `description`) VALUES (3223, 3734, 0, "");
INSERT INTO `pool_pool` (`pool_id`, `mother_pool`, `chance`, `description`) VALUES (3256, 3734, 0, "");
INSERT INTO `pool_template` (`entry`, `max_limit`, `description`) VALUES (2267, 2, "Elwynn Forest Fargodeep Mine Mineral Nodes");
INSERT INTO `pool_pool` (`pool_id`, `mother_pool`, `chance`, `description`) VALUES (3447, 2267, 0, "");
INSERT INTO `pool_pool` (`pool_id`, `mother_pool`, `chance`, `description`) VALUES (3275, 2267, 0, "");
INSERT INTO `pool_template` (`entry`, `max_limit`, `description`) VALUES (2289, 2, "Elwynn Forest Fargodeep Mine Outside Mineral Nodes");
INSERT INTO `pool_pool` (`pool_id`, `mother_pool`, `chance`, `description`) VALUES (3299, 2289, 0, "");
INSERT INTO `pool_pool` (`pool_id`, `mother_pool`, `chance`, `description`) VALUES (3429, 2289, 0, "");
INSERT INTO `pool_pool` (`pool_id`, `mother_pool`, `chance`, `description`) VALUES (3436, 2289, 60, "");
INSERT INTO `pool_template` (`entry`, `max_limit`, `description`) VALUES (2328, 1, "Elwynn Forest Above Westbrook Garrison Mineral Nodes");
INSERT INTO `pool_pool` (`pool_id`, `mother_pool`, `chance`, `description`) VALUES (3469, 2328, 35, "");
INSERT INTO `pool_pool` (`pool_id`, `mother_pool`, `chance`, `description`) VALUES (3475, 2328, 65, "");
INSERT INTO `pool_template` (`entry`, `max_limit`, `description`) VALUES (2412, 2, "Elwynn Forest Forests Edge Mineral Nodes");
INSERT INTO `pool_pool` (`pool_id`, `mother_pool`, `chance`, `description`) VALUES (3481, 2412, 0, "");
INSERT INTO `pool_pool` (`pool_id`, `mother_pool`, `chance`, `description`) VALUES (3491, 2412, 35, "");
INSERT INTO `pool_pool` (`pool_id`, `mother_pool`, `chance`, `description`) VALUES (3487, 2412, 0, "");
INSERT INTO `pool_pool` (`pool_id`, `mother_pool`, `chance`, `description`) VALUES (3498, 2412, 0, "");

-- Hillsbrad Foothills:
-- Local Pooling
INSERT INTO `pool_template` (`entry`, `max_limit`, `description`) VALUES (1364, 1, "Hillsbrad Foothills Local Minerals 1");
INSERT INTO `pool_gameobject` (`guid`, `pool_entry`, `chance`, `description`) VALUES (10252, 1364, 0, "");
INSERT INTO `pool_gameobject` (`guid`, `pool_entry`, `chance`, `description`) VALUES (10073, 1364, 8, "");
INSERT INTO `pool_gameobject` (`guid`, `pool_entry`, `chance`, `description`) VALUES (10251, 1364, 0, "");
INSERT INTO `pool_gameobject` (`guid`, `pool_entry`, `chance`, `description`) VALUES (10250, 1364, 40, "");
INSERT INTO `pool_template` (`entry`, `max_limit`, `description`) VALUES (1605, 1, "Hillsbrad Foothills Local Minerals 2");
INSERT INTO `pool_gameobject` (`guid`, `pool_entry`, `chance`, `description`) VALUES (10072, 1605, 10, "");
INSERT INTO `pool_gameobject` (`guid`, `pool_entry`, `chance`, `description`) VALUES (10249, 1605, 40, "");
INSERT INTO `pool_gameobject` (`guid`, `pool_entry`, `chance`, `description`) VALUES (10247, 1605, 0, "");
INSERT INTO `pool_gameobject` (`guid`, `pool_entry`, `chance`, `description`) VALUES (10246, 1605, 0, "");
INSERT INTO `pool_template` (`entry`, `max_limit`, `description`) VALUES (1913, 1, "Hillsbrad Foothills Local Minerals 3");
INSERT INTO `pool_gameobject` (`guid`, `pool_entry`, `chance`, `description`) VALUES (10248, 1913, 0, "");
INSERT INTO `pool_gameobject` (`guid`, `pool_entry`, `chance`, `description`) VALUES (10245, 1913, 0, "");
INSERT INTO `pool_gameobject` (`guid`, `pool_entry`, `chance`, `description`) VALUES (9622, 1913, 0, "");
INSERT INTO `pool_template` (`entry`, `max_limit`, `description`) VALUES (2176, 1, "Hillsbrad Foothills Local Minerals 4");
INSERT INTO `pool_gameobject` (`guid`, `pool_entry`, `chance`, `description`) VALUES (10244, 2176, 0, "");
INSERT INTO `pool_gameobject` (`guid`, `pool_entry`, `chance`, `description`) VALUES (9942, 2176, 3, "");
INSERT INTO `pool_gameobject` (`guid`, `pool_entry`, `chance`, `description`) VALUES (10243, 2176, 0, "");
INSERT INTO `pool_gameobject` (`guid`, `pool_entry`, `chance`, `description`) VALUES (9846, 2176, 0, "");
INSERT INTO `pool_gameobject` (`guid`, `pool_entry`, `chance`, `description`) VALUES (9935, 2176, 5, "");
INSERT INTO `pool_template` (`entry`, `max_limit`, `description`) VALUES (2310, 1, "Hillsbrad Foothills Local Minerals 5");
INSERT INTO `pool_gameobject` (`guid`, `pool_entry`, `chance`, `description`) VALUES (9844, 2310, 0, "");
INSERT INTO `pool_gameobject` (`guid`, `pool_entry`, `chance`, `description`) VALUES (9931, 2310, 8, "");
INSERT INTO `pool_template` (`entry`, `max_limit`, `description`) VALUES (2348, 1, "Hillsbrad Foothills Local Minerals 6");
INSERT INTO `pool_gameobject` (`guid`, `pool_entry`, `chance`, `description`) VALUES (10071, 2348, 7, "");
INSERT INTO `pool_gameobject` (`guid`, `pool_entry`, `chance`, `description`) VALUES (10242, 2348, 0, "");
INSERT INTO `pool_gameobject` (`guid`, `pool_entry`, `chance`, `description`) VALUES (10241, 2348, 0, "");
INSERT INTO `pool_template` (`entry`, `max_limit`, `description`) VALUES (2469, 1, "Hillsbrad Foothills Local Minerals 7");
INSERT INTO `pool_gameobject` (`guid`, `pool_entry`, `chance`, `description`) VALUES (10240, 2469, 33, "");
INSERT INTO `pool_gameobject` (`guid`, `pool_entry`, `chance`, `description`) VALUES (10238, 2469, 33, "");
INSERT INTO `pool_gameobject` (`guid`, `pool_entry`, `chance`, `description`) VALUES (10237, 2469, 0, "");
INSERT INTO `pool_gameobject` (`guid`, `pool_entry`, `chance`, `description`) VALUES (10236, 2469, 0, "");
INSERT INTO `pool_template` (`entry`, `max_limit`, `description`) VALUES (3171, 1, "Hillsbrad Foothills Local Minerals 8");
INSERT INTO `pool_gameobject` (`guid`, `pool_entry`, `chance`, `description`) VALUES (10239, 3171, 0, "");
INSERT INTO `pool_gameobject` (`guid`, `pool_entry`, `chance`, `description`) VALUES (9843, 3171, 60, "");
INSERT INTO `pool_gameobject` (`guid`, `pool_entry`, `chance`, `description`) VALUES (9920, 3171, 6, "");
INSERT INTO `pool_template` (`entry`, `max_limit`, `description`) VALUES (3313, 1, "Hillsbrad Foothills Local Minerals 9");
INSERT INTO `pool_gameobject` (`guid`, `pool_entry`, `chance`, `description`) VALUES (9906, 3313, 5, "");
INSERT INTO `pool_gameobject` (`guid`, `pool_entry`, `chance`, `description`) VALUES (9842, 3313, 0, "");
INSERT INTO `pool_gameobject` (`guid`, `pool_entry`, `chance`, `description`) VALUES (9840, 3313, 0, "");
INSERT INTO `pool_gameobject` (`guid`, `pool_entry`, `chance`, `description`) VALUES (9904, 3313, 5, "");
INSERT INTO `pool_template` (`entry`, `max_limit`, `description`) VALUES (3461, 1, "Hillsbrad Foothills Local Minerals 10");
INSERT INTO `pool_gameobject` (`guid`, `pool_entry`, `chance`, `description`) VALUES (9841, 3461, 0, "");
INSERT INTO `pool_gameobject` (`guid`, `pool_entry`, `chance`, `description`) VALUES (9905, 3461, 6, "");
INSERT INTO `pool_gameobject` (`guid`, `pool_entry`, `chance`, `description`) VALUES (9838, 3461, 0, "");
INSERT INTO `pool_template` (`entry`, `max_limit`, `description`) VALUES (3514, 1, "Hillsbrad Foothills Local Minerals 11");
INSERT INTO `pool_gameobject` (`guid`, `pool_entry`, `chance`, `description`) VALUES (9839, 3514, 0, "");
INSERT INTO `pool_gameobject` (`guid`, `pool_entry`, `chance`, `description`) VALUES (9903, 3514, 6, "");
INSERT INTO `pool_template` (`entry`, `max_limit`, `description`) VALUES (3686, 1, "Hillsbrad Foothills Local Minerals 12");
INSERT INTO `pool_gameobject` (`guid`, `pool_entry`, `chance`, `description`) VALUES (10235, 3686, 35, "");
INSERT INTO `pool_gameobject` (`guid`, `pool_entry`, `chance`, `description`) VALUES (9902, 3686, 7, "");
INSERT INTO `pool_gameobject` (`guid`, `pool_entry`, `chance`, `description`) VALUES (10230, 3686, 0, "");
INSERT INTO `pool_gameobject` (`guid`, `pool_entry`, `chance`, `description`) VALUES (10067, 3686, 4, "");
INSERT INTO `pool_gameobject` (`guid`, `pool_entry`, `chance`, `description`) VALUES (10231, 3686, 0, "");
INSERT INTO `pool_gameobject` (`guid`, `pool_entry`, `chance`, `description`) VALUES (10232, 3686, 0, "");
INSERT INTO `pool_template` (`entry`, `max_limit`, `description`) VALUES (3716, 1, "Hillsbrad Foothills Local Minerals 13");
INSERT INTO `pool_gameobject` (`guid`, `pool_entry`, `chance`, `description`) VALUES (10234, 3716, 0, "");
INSERT INTO `pool_gameobject` (`guid`, `pool_entry`, `chance`, `description`) VALUES (10233, 3716, 0, "");
INSERT INTO `pool_template` (`entry`, `max_limit`, `description`) VALUES (3728, 1, "Hillsbrad Foothills Local Minerals 14");
INSERT INTO `pool_gameobject` (`guid`, `pool_entry`, `chance`, `description`) VALUES (9837, 3728, 0, "");
INSERT INTO `pool_gameobject` (`guid`, `pool_entry`, `chance`, `description`) VALUES (9836, 3728, 0, "");
INSERT INTO `pool_gameobject` (`guid`, `pool_entry`, `chance`, `description`) VALUES (9833, 3728, 0, "");
INSERT INTO `pool_template` (`entry`, `max_limit`, `description`) VALUES (3788, 1, "Hillsbrad Foothills Local Minerals 15");
INSERT INTO `pool_gameobject` (`guid`, `pool_entry`, `chance`, `description`) VALUES (9901, 3788, 3, "");
INSERT INTO `pool_gameobject` (`guid`, `pool_entry`, `chance`, `description`) VALUES (9835, 3788, 40, "");
INSERT INTO `pool_gameobject` (`guid`, `pool_entry`, `chance`, `description`) VALUES (9832, 3788, 0, "");
INSERT INTO `pool_gameobject` (`guid`, `pool_entry`, `chance`, `description`) VALUES (9831, 3788, 0, "");
INSERT INTO `pool_gameobject` (`guid`, `pool_entry`, `chance`, `description`) VALUES (9899, 3788, 3, "");
INSERT INTO `pool_template` (`entry`, `max_limit`, `description`) VALUES (3797, 1, "Hillsbrad Foothills Local Minerals 16");
INSERT INTO `pool_gameobject` (`guid`, `pool_entry`, `chance`, `description`) VALUES (9900, 3797, 6, "");
INSERT INTO `pool_gameobject` (`guid`, `pool_entry`, `chance`, `description`) VALUES (9834, 3797, 0, "");
INSERT INTO `pool_template` (`entry`, `max_limit`, `description`) VALUES (3861, 1, "Hillsbrad Foothills Local Minerals 17");
INSERT INTO `pool_gameobject` (`guid`, `pool_entry`, `chance`, `description`) VALUES (9830, 3861, 0, "");
INSERT INTO `pool_gameobject` (`guid`, `pool_entry`, `chance`, `description`) VALUES (9827, 3861, 0, "");
INSERT INTO `pool_gameobject` (`guid`, `pool_entry`, `chance`, `description`) VALUES (9823, 3861, 0, "");
INSERT INTO `pool_template` (`entry`, `max_limit`, `description`) VALUES (3890, 1, "Hillsbrad Foothills Local Minerals 18");
INSERT INTO `pool_gameobject` (`guid`, `pool_entry`, `chance`, `description`) VALUES (9620, 3890, 0, "");
INSERT INTO `pool_gameobject` (`guid`, `pool_entry`, `chance`, `description`) VALUES (10227, 3890, 60, "");
INSERT INTO `pool_template` (`entry`, `max_limit`, `description`) VALUES (4022, 1, "Hillsbrad Foothills Local Minerals 19");
INSERT INTO `pool_gameobject` (`guid`, `pool_entry`, `chance`, `description`) VALUES (9819, 4022, 0, "");
INSERT INTO `pool_gameobject` (`guid`, `pool_entry`, `chance`, `description`) VALUES (9891, 4022, 6, "");
INSERT INTO `pool_template` (`entry`, `max_limit`, `description`) VALUES (4039, 1, "Hillsbrad Foothills Local Minerals 20");
INSERT INTO `pool_gameobject` (`guid`, `pool_entry`, `chance`, `description`) VALUES (9812, 4039, 0, "");
INSERT INTO `pool_gameobject` (`guid`, `pool_entry`, `chance`, `description`) VALUES (9811, 4039, 0, "");
INSERT INTO `pool_gameobject` (`guid`, `pool_entry`, `chance`, `description`) VALUES (9884, 4039, 7, "");
INSERT INTO `pool_template` (`entry`, `max_limit`, `description`) VALUES (4049, 1, "Hillsbrad Foothills Local Minerals 21");
INSERT INTO `pool_gameobject` (`guid`, `pool_entry`, `chance`, `description`) VALUES (10063, 4049, 10, "");
INSERT INTO `pool_gameobject` (`guid`, `pool_entry`, `chance`, `description`) VALUES (10214, 4049, 0, "");
INSERT INTO `pool_template` (`entry`, `max_limit`, `description`) VALUES (4075, 1, "Hillsbrad Foothills Local Minerals 22");
INSERT INTO `pool_gameobject` (`guid`, `pool_entry`, `chance`, `description`) VALUES (9660, 4075, 0, "");
INSERT INTO `pool_gameobject` (`guid`, `pool_entry`, `chance`, `description`) VALUES (9659, 4075, 0, "");
INSERT INTO `pool_gameobject` (`guid`, `pool_entry`, `chance`, `description`) VALUES (9658, 4075, 33, "");
INSERT INTO `pool_gameobject` (`guid`, `pool_entry`, `chance`, `description`) VALUES (9616, 4075, 0, "");
INSERT INTO `pool_gameobject` (`guid`, `pool_entry`, `chance`, `description`) VALUES (9615, 4075, 0, "");
INSERT INTO `pool_template` (`entry`, `max_limit`, `description`) VALUES (4095, 1, "Hillsbrad Foothills Local Minerals 23");
INSERT INTO `pool_gameobject` (`guid`, `pool_entry`, `chance`, `description`) VALUES (9652, 4095, 0, "");
INSERT INTO `pool_gameobject` (`guid`, `pool_entry`, `chance`, `description`) VALUES (9651, 4095, 0, "");
INSERT INTO `pool_gameobject` (`guid`, `pool_entry`, `chance`, `description`) VALUES (9654, 4095, 43, "");
INSERT INTO `pool_gameobject` (`guid`, `pool_entry`, `chance`, `description`) VALUES (9878, 4095, 7, "");
INSERT INTO `pool_template` (`entry`, `max_limit`, `description`) VALUES (4121, 2, "Hillsbrad Foothills Random Local Minerals");
INSERT INTO `pool_gameobject` (`guid`, `pool_entry`, `chance`, `description`) VALUES (9845, 4121, 0, "");
INSERT INTO `pool_gameobject` (`guid`, `pool_entry`, `chance`, `description`) VALUES (9621, 4121, 0, "");
INSERT INTO `pool_gameobject` (`guid`, `pool_entry`, `chance`, `description`) VALUES (9619, 4121, 0, "");
INSERT INTO `pool_template` (`entry`, `max_limit`, `description`) VALUES (4131, 1, "Hillsbrad Foothills Local Minerals 24");
INSERT INTO `pool_gameobject` (`guid`, `pool_entry`, `chance`, `description`) VALUES (9829, 4131, 0, "");
INSERT INTO `pool_gameobject` (`guid`, `pool_entry`, `chance`, `description`) VALUES (9828, 4131, 0, "");
INSERT INTO `pool_gameobject` (`guid`, `pool_entry`, `chance`, `description`) VALUES (9898, 4131, 6, "");
INSERT INTO `pool_gameobject` (`guid`, `pool_entry`, `chance`, `description`) VALUES (9894, 4131, 4, "");
INSERT INTO `pool_gameobject` (`guid`, `pool_entry`, `chance`, `description`) VALUES (9821, 4131, 40, "");
INSERT INTO `pool_template` (`entry`, `max_limit`, `description`) VALUES (4143, 1, "Hillsbrad Foothills Local Minerals 25");
INSERT INTO `pool_gameobject` (`guid`, `pool_entry`, `chance`, `description`) VALUES (9826, 4143, 0, "");
INSERT INTO `pool_gameobject` (`guid`, `pool_entry`, `chance`, `description`) VALUES (9825, 4143, 0, "");
INSERT INTO `pool_gameobject` (`guid`, `pool_entry`, `chance`, `description`) VALUES (9897, 4143, 4, "");
INSERT INTO `pool_gameobject` (`guid`, `pool_entry`, `chance`, `description`) VALUES (10226, 4143, 0, "");
INSERT INTO `pool_gameobject` (`guid`, `pool_entry`, `chance`, `description`) VALUES (9893, 4143, 4, "");
INSERT INTO `pool_gameobject` (`guid`, `pool_entry`, `chance`, `description`) VALUES (10066, 4143, 4, "");
INSERT INTO `pool_gameobject` (`guid`, `pool_entry`, `chance`, `description`) VALUES (10220, 4143, 0, "");
INSERT INTO `pool_template` (`entry`, `max_limit`, `description`) VALUES (4158, 1, "Hillsbrad Foothills Local Minerals 26");
INSERT INTO `pool_gameobject` (`guid`, `pool_entry`, `chance`, `description`) VALUES (9824, 4158, 0, "");
INSERT INTO `pool_gameobject` (`guid`, `pool_entry`, `chance`, `description`) VALUES (9896, 4158, 3, "");
INSERT INTO `pool_gameobject` (`guid`, `pool_entry`, `chance`, `description`) VALUES (9820, 4158, 0, "");
INSERT INTO `pool_gameobject` (`guid`, `pool_entry`, `chance`, `description`) VALUES (9892, 4158, 2, "");
INSERT INTO `pool_template` (`entry`, `max_limit`, `description`) VALUES (4178, 1, "Hillsbrad Foothills Local Minerals 27");
INSERT INTO `pool_gameobject` (`guid`, `pool_entry`, `chance`, `description`) VALUES (9822, 4178, 50, "");
INSERT INTO `pool_gameobject` (`guid`, `pool_entry`, `chance`, `description`) VALUES (9895, 4178, 4, "");
INSERT INTO `pool_gameobject` (`guid`, `pool_entry`, `chance`, `description`) VALUES (9817, 4178, 0, "");
INSERT INTO `pool_gameobject` (`guid`, `pool_entry`, `chance`, `description`) VALUES (9816, 4178, 0, "");
INSERT INTO `pool_gameobject` (`guid`, `pool_entry`, `chance`, `description`) VALUES (9889, 4178, 2, "");
INSERT INTO `pool_gameobject` (`guid`, `pool_entry`, `chance`, `description`) VALUES (9887, 4178, 2, "");
INSERT INTO `pool_template` (`entry`, `max_limit`, `description`) VALUES (4186, 1, "Hillsbrad Foothills Local Minerals 28");
INSERT INTO `pool_gameobject` (`guid`, `pool_entry`, `chance`, `description`) VALUES (9818, 4186, 0, "");
INSERT INTO `pool_gameobject` (`guid`, `pool_entry`, `chance`, `description`) VALUES (9890, 4186, 3, "");
INSERT INTO `pool_gameobject` (`guid`, `pool_entry`, `chance`, `description`) VALUES (9815, 4186, 0, "");
INSERT INTO `pool_gameobject` (`guid`, `pool_entry`, `chance`, `description`) VALUES (9888, 4186, 3, "");
INSERT INTO `pool_template` (`entry`, `max_limit`, `description`) VALUES (3802, 1, "Hillsbrad Foothills Local Minerals 29");
INSERT INTO `pool_gameobject` (`guid`, `pool_entry`, `chance`, `description`) VALUES (9814, 3802, 0, "");
INSERT INTO `pool_gameobject` (`guid`, `pool_entry`, `chance`, `description`) VALUES (9886, 3802, 3, "");
INSERT INTO `pool_gameobject` (`guid`, `pool_entry`, `chance`, `description`) VALUES (9813, 3802, 0, "");
INSERT INTO `pool_gameobject` (`guid`, `pool_entry`, `chance`, `description`) VALUES (9885, 3802, 2, "");
INSERT INTO `pool_template` (`entry`, `max_limit`, `description`) VALUES (3895, 1, "Hillsbrad Foothills Local Minerals 30");
INSERT INTO `pool_gameobject` (`guid`, `pool_entry`, `chance`, `description`) VALUES (9664, 3895, 0, "");
INSERT INTO `pool_gameobject` (`guid`, `pool_entry`, `chance`, `description`) VALUES (9883, 3895, 3, "");
INSERT INTO `pool_gameobject` (`guid`, `pool_entry`, `chance`, `description`) VALUES (9663, 3895, 0, "");
INSERT INTO `pool_gameobject` (`guid`, `pool_entry`, `chance`, `description`) VALUES (9662, 3895, 0, "");
INSERT INTO `pool_gameobject` (`guid`, `pool_entry`, `chance`, `description`) VALUES (9882, 3895, 3, "");
INSERT INTO `pool_template` (`entry`, `max_limit`, `description`) VALUES (3579, 1, "Hillsbrad Foothills Local Minerals 31");
INSERT INTO `pool_gameobject` (`guid`, `pool_entry`, `chance`, `description`) VALUES (9661, 3579, 0, "");
INSERT INTO `pool_gameobject` (`guid`, `pool_entry`, `chance`, `description`) VALUES (9881, 3579, 4, "");
INSERT INTO `pool_template` (`entry`, `max_limit`, `description`) VALUES (5711, 1, "Hillsbrad Foothills Local Minerals 32");
INSERT INTO `pool_gameobject` (`guid`, `pool_entry`, `chance`, `description`) VALUES (9657, 5711, 0, "");
INSERT INTO `pool_gameobject` (`guid`, `pool_entry`, `chance`, `description`) VALUES (9880, 5711, 1, "");
INSERT INTO `pool_gameobject` (`guid`, `pool_entry`, `chance`, `description`) VALUES (9656, 5711, 0, "");
INSERT INTO `pool_gameobject` (`guid`, `pool_entry`, `chance`, `description`) VALUES (9879, 5711, 1, "");
INSERT INTO `pool_gameobject` (`guid`, `pool_entry`, `chance`, `description`) VALUES (9655, 5711, 0, "");
INSERT INTO `pool_gameobject` (`guid`, `pool_entry`, `chance`, `description`) VALUES (9653, 5711, 0, "");
INSERT INTO `pool_gameobject` (`guid`, `pool_entry`, `chance`, `description`) VALUES (9877, 5711, 2, "");
INSERT INTO `pool_template` (`entry`, `max_limit`, `description`) VALUES (3685, 1, "Hillsbrad Foothills Local Minerals 33");
INSERT INTO `pool_gameobject` (`guid`, `pool_entry`, `chance`, `description`) VALUES (9876, 3685, 5, "");
INSERT INTO `pool_gameobject` (`guid`, `pool_entry`, `chance`, `description`) VALUES (9648, 3685, 0, "");
INSERT INTO `pool_gameobject` (`guid`, `pool_entry`, `chance`, `description`) VALUES (9647, 3685, 0, "");
INSERT INTO `pool_template` (`entry`, `max_limit`, `description`) VALUES (4268, 1, "Hillsbrad Foothills Local Minerals 34");
INSERT INTO `pool_gameobject` (`guid`, `pool_entry`, `chance`, `description`) VALUES (9618, 4268, 0, "");
INSERT INTO `pool_gameobject` (`guid`, `pool_entry`, `chance`, `description`) VALUES (9617, 4268, 0, "");
INSERT INTO `pool_gameobject` (`guid`, `pool_entry`, `chance`, `description`) VALUES (9614, 4268, 0, "");
INSERT INTO `pool_template` (`entry`, `max_limit`, `description`) VALUES (3687, 1, "Hillsbrad Foothills Local Minerals 35");
INSERT INTO `pool_gameobject` (`guid`, `pool_entry`, `chance`, `description`) VALUES (9646, 3687, 0, "");
INSERT INTO `pool_gameobject` (`guid`, `pool_entry`, `chance`, `description`) VALUES (9875, 3687, 2, "");
INSERT INTO `pool_gameobject` (`guid`, `pool_entry`, `chance`, `description`) VALUES (9645, 3687, 0, "");
INSERT INTO `pool_gameobject` (`guid`, `pool_entry`, `chance`, `description`) VALUES (9874, 3687, 3, "");
INSERT INTO `pool_template` (`entry`, `max_limit`, `description`) VALUES (5726, 1, "Hillsbrad Foothills Local Minerals 36");
INSERT INTO `pool_gameobject` (`guid`, `pool_entry`, `chance`, `description`) VALUES (9644, 5726, 0, "");
INSERT INTO `pool_gameobject` (`guid`, `pool_entry`, `chance`, `description`) VALUES (9873, 5726, 5, "");
INSERT INTO `pool_template` (`entry`, `max_limit`, `description`) VALUES (5732, 1, "Hillsbrad Foothills Local Minerals 37");
INSERT INTO `pool_gameobject` (`guid`, `pool_entry`, `chance`, `description`) VALUES (9643, 5732, 0, "");
INSERT INTO `pool_gameobject` (`guid`, `pool_entry`, `chance`, `description`) VALUES (9872, 5732, 3, "");
INSERT INTO `pool_gameobject` (`guid`, `pool_entry`, `chance`, `description`) VALUES (9642, 5732, 0, "");
INSERT INTO `pool_gameobject` (`guid`, `pool_entry`, `chance`, `description`) VALUES (9641, 5732, 0, "");
INSERT INTO `pool_gameobject` (`guid`, `pool_entry`, `chance`, `description`) VALUES (9640, 5732, 0, "");
INSERT INTO `pool_gameobject` (`guid`, `pool_entry`, `chance`, `description`) VALUES (9639, 5732, 0, "");
INSERT INTO `pool_gameobject` (`guid`, `pool_entry`, `chance`, `description`) VALUES (9638, 5732, 0, "");
INSERT INTO `pool_gameobject` (`guid`, `pool_entry`, `chance`, `description`) VALUES (9871, 5732, 5, "");
INSERT INTO `pool_template` (`entry`, `max_limit`, `description`) VALUES (5740, 1, "Hillsbrad Foothills Local Minerals 38");
INSERT INTO `pool_gameobject` (`guid`, `pool_entry`, `chance`, `description`) VALUES (9637, 5740, 0, "");
INSERT INTO `pool_gameobject` (`guid`, `pool_entry`, `chance`, `description`) VALUES (9870, 5740, 3, "");
INSERT INTO `pool_gameobject` (`guid`, `pool_entry`, `chance`, `description`) VALUES (9636, 5740, 0, "");
INSERT INTO `pool_gameobject` (`guid`, `pool_entry`, `chance`, `description`) VALUES (9869, 5740, 3, "");
INSERT INTO `pool_template` (`entry`, `max_limit`, `description`) VALUES (4334, 1, "Hillsbrad Foothills Local Minerals 39");
INSERT INTO `pool_gameobject` (`guid`, `pool_entry`, `chance`, `description`) VALUES (9868, 4334, 6, "");
INSERT INTO `pool_gameobject` (`guid`, `pool_entry`, `chance`, `description`) VALUES (10062, 4334, 2, "");
INSERT INTO `pool_gameobject` (`guid`, `pool_entry`, `chance`, `description`) VALUES (10211, 4334, 0, "");
INSERT INTO `pool_gameobject` (`guid`, `pool_entry`, `chance`, `description`) VALUES (10061, 4334, 1, "");
INSERT INTO `pool_gameobject` (`guid`, `pool_entry`, `chance`, `description`) VALUES (10194, 4334, 0, "");
INSERT INTO `pool_template` (`entry`, `max_limit`, `description`) VALUES (3715, 1, "Hillsbrad Foothills Local Minerals 40");
INSERT INTO `pool_gameobject` (`guid`, `pool_entry`, `chance`, `description`) VALUES (9867, 3715, 4, "");
INSERT INTO `pool_gameobject` (`guid`, `pool_entry`, `chance`, `description`) VALUES (10060, 3715, 2, "");
INSERT INTO `pool_gameobject` (`guid`, `pool_entry`, `chance`, `description`) VALUES (10183, 3715, 0, "");
INSERT INTO `pool_gameobject` (`guid`, `pool_entry`, `chance`, `description`) VALUES (9613, 3715, 0, "");
INSERT INTO `pool_gameobject` (`guid`, `pool_entry`, `chance`, `description`) VALUES (9612, 3715, 0, "");
INSERT INTO `pool_template` (`entry`, `max_limit`, `description`) VALUES (3717, 1, "Hillsbrad Foothills Darrow Hill Cave Local Minerals 1");
INSERT INTO `pool_gameobject` (`guid`, `pool_entry`, `chance`, `description`) VALUES (10263, 3717, 0, "");
INSERT INTO `pool_gameobject` (`guid`, `pool_entry`, `chance`, `description`) VALUES (10255, 3717, 3, "");
INSERT INTO `pool_gameobject` (`guid`, `pool_entry`, `chance`, `description`) VALUES (9997, 3717, 5, "");
INSERT INTO `pool_gameobject` (`guid`, `pool_entry`, `chance`, `description`) VALUES (10134, 3717, 0, "");
INSERT INTO `pool_gameobject` (`guid`, `pool_entry`, `chance`, `description`) VALUES (9859, 3717, 6, "");
INSERT INTO `pool_template` (`entry`, `max_limit`, `description`) VALUES (5756, 1, "Hillsbrad Foothills Darrow Hill Cave Local Minerals 2");
INSERT INTO `pool_gameobject` (`guid`, `pool_entry`, `chance`, `description`) VALUES (10170, 5756, 0, "");
INSERT INTO `pool_gameobject` (`guid`, `pool_entry`, `chance`, `description`) VALUES (9862, 5756, 6, "");
INSERT INTO `pool_gameobject` (`guid`, `pool_entry`, `chance`, `description`) VALUES (10021, 5756, 4, "");
INSERT INTO `pool_gameobject` (`guid`, `pool_entry`, `chance`, `description`) VALUES (9861, 5756, 6, "");
INSERT INTO `pool_gameobject` (`guid`, `pool_entry`, `chance`, `description`) VALUES (10007, 5756, 4, "");
INSERT INTO `pool_gameobject` (`guid`, `pool_entry`, `chance`, `description`) VALUES (10169, 5756, 0, "");
INSERT INTO `pool_gameobject` (`guid`, `pool_entry`, `chance`, `description`) VALUES (10165, 5756, 0, "");
INSERT INTO `pool_gameobject` (`guid`, `pool_entry`, `chance`, `description`) VALUES (10260, 5756, 12, "");
INSERT INTO `pool_gameobject` (`guid`, `pool_entry`, `chance`, `description`) VALUES (10259, 5756, 12, "");
INSERT INTO `pool_gameobject` (`guid`, `pool_entry`, `chance`, `description`) VALUES (10258, 5756, 12, "");
INSERT INTO `pool_template` (`entry`, `max_limit`, `description`) VALUES (4363, 1, "Hillsbrad Foothills Darrow Hill Cave Local Minerals 3");
INSERT INTO `pool_gameobject` (`guid`, `pool_entry`, `chance`, `description`) VALUES (9993, 4363, 5, "");
INSERT INTO `pool_gameobject` (`guid`, `pool_entry`, `chance`, `description`) VALUES (10131, 4363, 0, "");
INSERT INTO `pool_gameobject` (`guid`, `pool_entry`, `chance`, `description`) VALUES (9992, 4363, 7, "");
INSERT INTO `pool_gameobject` (`guid`, `pool_entry`, `chance`, `description`) VALUES (10130, 4363, 0, "");
INSERT INTO `pool_template` (`entry`, `max_limit`, `description`) VALUES (4372, 1, "Hillsbrad Foothills Darrow Hill Cave Local Minerals 4");
INSERT INTO `pool_gameobject` (`guid`, `pool_entry`, `chance`, `description`) VALUES (10040, 4372, 9, "");
INSERT INTO `pool_gameobject` (`guid`, `pool_entry`, `chance`, `description`) VALUES (10179, 4372, 0, "");
INSERT INTO `pool_gameobject` (`guid`, `pool_entry`, `chance`, `description`) VALUES (10262, 4372, 0, "");
INSERT INTO `pool_gameobject` (`guid`, `pool_entry`, `chance`, `description`) VALUES (10261, 4372, 0, "");
INSERT INTO `pool_gameobject` (`guid`, `pool_entry`, `chance`, `description`) VALUES (10254, 4372, 6, "");
INSERT INTO `pool_template` (`entry`, `max_limit`, `description`) VALUES (4378, 1, "Hillsbrad Foothills Local Minerals 41");
INSERT INTO `pool_gameobject` (`guid`, `pool_entry`, `chance`, `description`) VALUES (9866, 4378, 6, "");
INSERT INTO `pool_gameobject` (`guid`, `pool_entry`, `chance`, `description`) VALUES (10182, 4378, 0, "");
INSERT INTO `pool_gameobject` (`guid`, `pool_entry`, `chance`, `description`) VALUES (10059, 4378, 3, "");
INSERT INTO `pool_template` (`entry`, `max_limit`, `description`) VALUES (4383, 1, "Hillsbrad Foothills Local Minerals 42");
INSERT INTO `pool_gameobject` (`guid`, `pool_entry`, `chance`, `description`) VALUES (10037, 4383, 4, "");
INSERT INTO `pool_gameobject` (`guid`, `pool_entry`, `chance`, `description`) VALUES (9864, 4383, 7, "");
INSERT INTO `pool_gameobject` (`guid`, `pool_entry`, `chance`, `description`) VALUES (10178, 4383, 0, "");
INSERT INTO `pool_template` (`entry`, `max_limit`, `description`) VALUES (4392, 1, "Hillsbrad Foothills Local Minerals 43");
INSERT INTO `pool_gameobject` (`guid`, `pool_entry`, `chance`, `description`) VALUES (9634, 4392, 0, "");
INSERT INTO `pool_gameobject` (`guid`, `pool_entry`, `chance`, `description`) VALUES (9863, 4392, 5, "");
INSERT INTO `pool_template` (`entry`, `max_limit`, `description`) VALUES (4398, 1, "Hillsbrad Foothills Local Minerals 44");
INSERT INTO `pool_gameobject` (`guid`, `pool_entry`, `chance`, `description`) VALUES (9860, 4398, 8, "");
INSERT INTO `pool_gameobject` (`guid`, `pool_entry`, `chance`, `description`) VALUES (10001, 4398, 3, "");
INSERT INTO `pool_gameobject` (`guid`, `pool_entry`, `chance`, `description`) VALUES (10162, 4398, 0, "");
INSERT INTO `pool_gameobject` (`guid`, `pool_entry`, `chance`, `description`) VALUES (10000, 4398, 3, "");
INSERT INTO `pool_gameobject` (`guid`, `pool_entry`, `chance`, `description`) VALUES (10155, 4398, 0, "");
INSERT INTO `pool_template` (`entry`, `max_limit`, `description`) VALUES (4408, 1, "Hillsbrad Foothills Local Minerals 45");
INSERT INTO `pool_gameobject` (`guid`, `pool_entry`, `chance`, `description`) VALUES (9633, 4408, 0, "");
INSERT INTO `pool_gameobject` (`guid`, `pool_entry`, `chance`, `description`) VALUES (9858, 4408, 3, "");
INSERT INTO `pool_gameobject` (`guid`, `pool_entry`, `chance`, `description`) VALUES (9632, 4408, 0, "");
INSERT INTO `pool_gameobject` (`guid`, `pool_entry`, `chance`, `description`) VALUES (9857, 4408, 3, "");
INSERT INTO `pool_gameobject` (`guid`, `pool_entry`, `chance`, `description`) VALUES (10141, 4408, 0, "");
INSERT INTO `pool_template` (`entry`, `max_limit`, `description`) VALUES (4412, 1, "Hillsbrad Foothills Darrow Hill Cave Local Minerals 5");
INSERT INTO `pool_gameobject` (`guid`, `pool_entry`, `chance`, `description`) VALUES (9975, 4412, 4, "");
INSERT INTO `pool_gameobject` (`guid`, `pool_entry`, `chance`, `description`) VALUES (9856, 4412, 5, "");
INSERT INTO `pool_gameobject` (`guid`, `pool_entry`, `chance`, `description`) VALUES (10123, 4412, 0, "");
INSERT INTO `pool_gameobject` (`guid`, `pool_entry`, `chance`, `description`) VALUES (10117, 4412, 0, "");
INSERT INTO `pool_gameobject` (`guid`, `pool_entry`, `chance`, `description`) VALUES (10257, 4412, 0, "");
INSERT INTO `pool_gameobject` (`guid`, `pool_entry`, `chance`, `description`) VALUES (10253, 4412, 5, "");
INSERT INTO `pool_gameobject` (`guid`, `pool_entry`, `chance`, `description`) VALUES (10256, 4412, 0, "");
INSERT INTO `pool_gameobject` (`guid`, `pool_entry`, `chance`, `description`) VALUES (9956, 4412, 3, "");
INSERT INTO `pool_gameobject` (`guid`, `pool_entry`, `chance`, `description`) VALUES (10092, 4412, 0, "");
INSERT INTO `pool_gameobject` (`guid`, `pool_entry`, `chance`, `description`) VALUES (9855, 4412, 5, "");
INSERT INTO `pool_template` (`entry`, `max_limit`, `description`) VALUES (4418, 1, "Hillsbrad Foothills Local Minerals 46");
INSERT INTO `pool_gameobject` (`guid`, `pool_entry`, `chance`, `description`) VALUES (9611, 4418, 0, "");
INSERT INTO `pool_gameobject` (`guid`, `pool_entry`, `chance`, `description`) VALUES (9635, 4418, 0, "");
INSERT INTO `pool_gameobject` (`guid`, `pool_entry`, `chance`, `description`) VALUES (9865, 4418, 7, "");
INSERT INTO `pool_template` (`entry`, `max_limit`, `description`) VALUES (4425, 1, "Hillsbrad Foothills Local Minerals 47");
INSERT INTO `pool_gameobject` (`guid`, `pool_entry`, `chance`, `description`) VALUES (9631, 4425, 0, "");
INSERT INTO `pool_gameobject` (`guid`, `pool_entry`, `chance`, `description`) VALUES (9854, 4425, 4, "");
INSERT INTO `pool_gameobject` (`guid`, `pool_entry`, `chance`, `description`) VALUES (9630, 4425, 0, "");
INSERT INTO `pool_gameobject` (`guid`, `pool_entry`, `chance`, `description`) VALUES (9628, 4425, 0, "");
INSERT INTO `pool_gameobject` (`guid`, `pool_entry`, `chance`, `description`) VALUES (9852, 4425, 4, "");
INSERT INTO `pool_gameobject` (`guid`, `pool_entry`, `chance`, `description`) VALUES (9627, 4425, 0, "");
INSERT INTO `pool_template` (`entry`, `max_limit`, `description`) VALUES (4434, 1, "Hillsbrad Foothills Local Minerals 48");
INSERT INTO `pool_gameobject` (`guid`, `pool_entry`, `chance`, `description`) VALUES (9853, 4434, 5, "");
INSERT INTO `pool_gameobject` (`guid`, `pool_entry`, `chance`, `description`) VALUES (9629, 4434, 0, "");
INSERT INTO `pool_template` (`entry`, `max_limit`, `description`) VALUES (4438, 1, "Hillsbrad Foothills Local Minerals 49");
INSERT INTO `pool_gameobject` (`guid`, `pool_entry`, `chance`, `description`) VALUES (9955, 4438, 2, "");
INSERT INTO `pool_gameobject` (`guid`, `pool_entry`, `chance`, `description`) VALUES (10085, 4438, 0, "");
INSERT INTO `pool_gameobject` (`guid`, `pool_entry`, `chance`, `description`) VALUES (10082, 4438, 0, "");
INSERT INTO `pool_gameobject` (`guid`, `pool_entry`, `chance`, `description`) VALUES (10081, 4438, 0, "");
INSERT INTO `pool_gameobject` (`guid`, `pool_entry`, `chance`, `description`) VALUES (9851, 4438, 8, "");
INSERT INTO `pool_gameobject` (`guid`, `pool_entry`, `chance`, `description`) VALUES (9945, 4438, 3, "");
INSERT INTO `pool_gameobject` (`guid`, `pool_entry`, `chance`, `description`) VALUES (10077, 4438, 40, "");
INSERT INTO `pool_template` (`entry`, `max_limit`, `description`) VALUES (4447, 1, "Hillsbrad Foothills Local Minerals 50");
INSERT INTO `pool_gameobject` (`guid`, `pool_entry`, `chance`, `description`) VALUES (9626, 4447, 0, "");
INSERT INTO `pool_gameobject` (`guid`, `pool_entry`, `chance`, `description`) VALUES (9850, 4447, 3, "");
INSERT INTO `pool_gameobject` (`guid`, `pool_entry`, `chance`, `description`) VALUES (9849, 4447, 4, "");
INSERT INTO `pool_gameobject` (`guid`, `pool_entry`, `chance`, `description`) VALUES (9625, 4447, 0, "");
INSERT INTO `pool_template` (`entry`, `max_limit`, `description`) VALUES (4463, 1, "Hillsbrad Foothills Local Minerals 51");
INSERT INTO `pool_gameobject` (`guid`, `pool_entry`, `chance`, `description`) VALUES (9610, 4463, 0, "");
INSERT INTO `pool_gameobject` (`guid`, `pool_entry`, `chance`, `description`) VALUES (9608, 4463, 0, "");
INSERT INTO `pool_gameobject` (`guid`, `pool_entry`, `chance`, `description`) VALUES (9607, 4463, 50, "");
INSERT INTO `pool_template` (`entry`, `max_limit`, `description`) VALUES (4481, 1, "Hillsbrad Foothills Local Minerals 52");
INSERT INTO `pool_gameobject` (`guid`, `pool_entry`, `chance`, `description`) VALUES (9606, 4481, 0, "");
INSERT INTO `pool_gameobject` (`guid`, `pool_entry`, `chance`, `description`) VALUES (9605, 4481, 0, "");
INSERT INTO `pool_gameobject` (`guid`, `pool_entry`, `chance`, `description`) VALUES (9609, 4481, 50, "");
INSERT INTO `pool_template` (`entry`, `max_limit`, `description`) VALUES (4487, 1, "Hillsbrad Foothills Local Minerals 53");
INSERT INTO `pool_gameobject` (`guid`, `pool_entry`, `chance`, `description`) VALUES (9604, 4487, 0, "");
INSERT INTO `pool_gameobject` (`guid`, `pool_entry`, `chance`, `description`) VALUES (9624, 4487, 0, "");
INSERT INTO `pool_gameobject` (`guid`, `pool_entry`, `chance`, `description`) VALUES (9848, 4487, 3, "");
INSERT INTO `pool_gameobject` (`guid`, `pool_entry`, `chance`, `description`) VALUES (9623, 4487, 0, "");
INSERT INTO `pool_gameobject` (`guid`, `pool_entry`, `chance`, `description`) VALUES (9847, 4487, 2, "");
INSERT INTO `pool_template` (`entry`, `max_limit`, `description`) VALUES (4492, 1, "Hillsbrad Foothills Local Minerals 54");
INSERT INTO `pool_gameobject` (`guid`, `pool_entry`, `chance`, `description`) VALUES (9602, 4492, 50, "");
INSERT INTO `pool_gameobject` (`guid`, `pool_entry`, `chance`, `description`) VALUES (9600, 4492, 0, "");
INSERT INTO `pool_gameobject` (`guid`, `pool_entry`, `chance`, `description`) VALUES (9599, 4492, 0, "");
INSERT INTO `pool_template` (`entry`, `max_limit`, `description`) VALUES (4522, 1, "Hillsbrad Foothills Local Minerals 55");
INSERT INTO `pool_gameobject` (`guid`, `pool_entry`, `chance`, `description`) VALUES (9601, 4522, 0, "");
INSERT INTO `pool_gameobject` (`guid`, `pool_entry`, `chance`, `description`) VALUES (9598, 4522, 0, "");
INSERT INTO `pool_template` (`entry`, `max_limit`, `description`) VALUES (4534, 1, "Hillsbrad Foothills Local Minerals 56");
INSERT INTO `pool_gameobject` (`guid`, `pool_entry`, `chance`, `description`) VALUES (9597, 4534, 0, "");
INSERT INTO `pool_gameobject` (`guid`, `pool_entry`, `chance`, `description`) VALUES (9595, 4534, 0, "");
INSERT INTO `pool_gameobject` (`guid`, `pool_entry`, `chance`, `description`) VALUES (9593, 4534, 0, "");
INSERT INTO `pool_gameobject` (`guid`, `pool_entry`, `chance`, `description`) VALUES (9592, 4534, 0, "");
INSERT INTO `pool_template` (`entry`, `max_limit`, `description`) VALUES (4544, 1, "Hillsbrad Foothills Local Minerals 57");
INSERT INTO `pool_gameobject` (`guid`, `pool_entry`, `chance`, `description`) VALUES (9596, 4544, 0, "");
INSERT INTO `pool_gameobject` (`guid`, `pool_entry`, `chance`, `description`) VALUES (9594, 4544, 0, "");
INSERT INTO `pool_template` (`entry`, `max_limit`, `description`) VALUES (4549, 1, "Hillsbrad Foothills Local Minerals 58");
INSERT INTO `pool_gameobject` (`guid`, `pool_entry`, `chance`, `description`) VALUES (9588, 4549, 0, "");
INSERT INTO `pool_gameobject` (`guid`, `pool_entry`, `chance`, `description`) VALUES (9589, 4549, 0, "");
INSERT INTO `pool_template` (`entry`, `max_limit`, `description`) VALUES (4559, 1, "Hillsbrad Foothills Local Minerals 59");
INSERT INTO `pool_gameobject` (`guid`, `pool_entry`, `chance`, `description`) VALUES (9590, 4559, 0, "");
INSERT INTO `pool_gameobject` (`guid`, `pool_entry`, `chance`, `description`) VALUES (9591, 4559, 0, "");
INSERT INTO `pool_template` (`entry`, `max_limit`, `description`) VALUES (4576, 1, "Hillsbrad Foothills Azurelode Mine Local Minerals 1");
INSERT INTO `pool_gameobject` (`guid`, `pool_entry`, `chance`, `description`) VALUES (10279, 4576, 2, "");
INSERT INTO `pool_gameobject` (`guid`, `pool_entry`, `chance`, `description`) VALUES (10264, 4576, 0, "");
INSERT INTO `pool_gameobject` (`guid`, `pool_entry`, `chance`, `description`) VALUES (10280, 4576, 2, "");
INSERT INTO `pool_gameobject` (`guid`, `pool_entry`, `chance`, `description`) VALUES (10281, 4576, 2, "");
INSERT INTO `pool_gameobject` (`guid`, `pool_entry`, `chance`, `description`) VALUES (10266, 4576, 0, "");
INSERT INTO `pool_gameobject` (`guid`, `pool_entry`, `chance`, `description`) VALUES (10268, 4576, 0, "");
INSERT INTO `pool_gameobject` (`guid`, `pool_entry`, `chance`, `description`) VALUES (10283, 4576, 2, "");
INSERT INTO `pool_gameobject` (`guid`, `pool_entry`, `chance`, `description`) VALUES (10284, 4576, 2, "");
INSERT INTO `pool_gameobject` (`guid`, `pool_entry`, `chance`, `description`) VALUES (10269, 4576, 0, "");
INSERT INTO `pool_template` (`entry`, `max_limit`, `description`) VALUES (4585, 1, "Hillsbrad Foothills Azurelode Mine Local Minerals 2");
INSERT INTO `pool_gameobject` (`guid`, `pool_entry`, `chance`, `description`) VALUES (10267, 4585, 0, "");
INSERT INTO `pool_gameobject` (`guid`, `pool_entry`, `chance`, `description`) VALUES (10282, 4585, 2, "");
INSERT INTO `pool_gameobject` (`guid`, `pool_entry`, `chance`, `description`) VALUES (10286, 4585, 2, "");
INSERT INTO `pool_gameobject` (`guid`, `pool_entry`, `chance`, `description`) VALUES (10285, 4585, 2, "");
INSERT INTO `pool_gameobject` (`guid`, `pool_entry`, `chance`, `description`) VALUES (10270, 4585, 0, "");
INSERT INTO `pool_gameobject` (`guid`, `pool_entry`, `chance`, `description`) VALUES (10287, 4585, 4, "");
INSERT INTO `pool_template` (`entry`, `max_limit`, `description`) VALUES (4592, 1, "Hillsbrad Foothills Azurelode Mine Local Minerals 3");
INSERT INTO `pool_gameobject` (`guid`, `pool_entry`, `chance`, `description`) VALUES (10272, 4592, 0, "");
INSERT INTO `pool_gameobject` (`guid`, `pool_entry`, `chance`, `description`) VALUES (10289, 4592, 2, "");
INSERT INTO `pool_gameobject` (`guid`, `pool_entry`, `chance`, `description`) VALUES (10271, 4592, 0, "");
INSERT INTO `pool_gameobject` (`guid`, `pool_entry`, `chance`, `description`) VALUES (10288, 4592, 2, "");
INSERT INTO `pool_gameobject` (`guid`, `pool_entry`, `chance`, `description`) VALUES (10291, 4592, 3, "");
INSERT INTO `pool_gameobject` (`guid`, `pool_entry`, `chance`, `description`) VALUES (10273, 4592, 0, "");
INSERT INTO `pool_gameobject` (`guid`, `pool_entry`, `chance`, `description`) VALUES (10275, 4592, 0, "");
INSERT INTO `pool_gameobject` (`guid`, `pool_entry`, `chance`, `description`) VALUES (10293, 4592, 5, "");
INSERT INTO `pool_template` (`entry`, `max_limit`, `description`) VALUES (4603, 1, "Hillsbrad Foothills Azurelode Mine Local Minerals 4");
INSERT INTO `pool_gameobject` (`guid`, `pool_entry`, `chance`, `description`) VALUES (10290, 4603, 4, "");
INSERT INTO `pool_gameobject` (`guid`, `pool_entry`, `chance`, `description`) VALUES (10292, 4603, 5, "");
INSERT INTO `pool_gameobject` (`guid`, `pool_entry`, `chance`, `description`) VALUES (10274, 4603, 0, "");
INSERT INTO `pool_gameobject` (`guid`, `pool_entry`, `chance`, `description`) VALUES (10294, 4603, 7, "");
INSERT INTO `pool_gameobject` (`guid`, `pool_entry`, `chance`, `description`) VALUES (10276, 4603, 0, "");
INSERT INTO `pool_template` (`entry`, `max_limit`, `description`) VALUES (4609, 1, "Hillsbrad Foothills Azurelode Mine Local Minerals 5");
INSERT INTO `pool_gameobject` (`guid`, `pool_entry`, `chance`, `description`) VALUES (10296, 4609, 9, "");
INSERT INTO `pool_gameobject` (`guid`, `pool_entry`, `chance`, `description`) VALUES (10278, 4609, 0, "");
INSERT INTO `pool_gameobject` (`guid`, `pool_entry`, `chance`, `description`) VALUES (10295, 4609, 9, "");
INSERT INTO `pool_gameobject` (`guid`, `pool_entry`, `chance`, `description`) VALUES (10277, 4609, 0, "");
INSERT INTO `pool_template` (`entry`, `max_limit`, `description`) VALUES (4616, 1, "Hillsbrad Foothills Local Minerals 60");
INSERT INTO `pool_gameobject` (`guid`, `pool_entry`, `chance`, `description`) VALUES (9603, 4616, 60, "");
INSERT INTO `pool_gameobject` (`guid`, `pool_entry`, `chance`, `description`) VALUES (10265, 4616, 0, "");

-- Pool Pooling
INSERT INTO `pool_template` (`entry`, `max_limit`, `description`) VALUES (1365, 2, "Hillsbrad Foothills North East Mineral Nodes");
INSERT INTO `pool_pool` (`pool_id`, `mother_pool`, `chance`, `description`) VALUES (1364, 1365, 0, "");
INSERT INTO `pool_pool` (`pool_id`, `mother_pool`, `chance`, `description`) VALUES (1605, 1365, 0, "");
INSERT INTO `pool_pool` (`pool_id`, `mother_pool`, `chance`, `description`) VALUES (2176, 1365, 0, "");
INSERT INTO `pool_pool` (`pool_id`, `mother_pool`, `chance`, `description`) VALUES (1913, 1365, 60, "");
INSERT INTO `pool_template` (`entry`, `max_limit`, `description`) VALUES (1606, 3, "Hillsbrad Foothills Near Durnholde Mineral Nodes");
INSERT INTO `pool_pool` (`pool_id`, `mother_pool`, `chance`, `description`) VALUES (2310, 1606, 8, "");
INSERT INTO `pool_pool` (`pool_id`, `mother_pool`, `chance`, `description`) VALUES (3313, 1606, 0, "");
INSERT INTO `pool_pool` (`pool_id`, `mother_pool`, `chance`, `description`) VALUES (3461, 1606, 40, "");
INSERT INTO `pool_pool` (`pool_id`, `mother_pool`, `chance`, `description`) VALUES (3728, 1606, 0, "");
INSERT INTO `pool_pool` (`pool_id`, `mother_pool`, `chance`, `description`) VALUES (3788, 1606, 0, "");
INSERT INTO `pool_template` (`entry`, `max_limit`, `description`) VALUES (1914, 2, "Hillsbrad Foothills Dun Garok Mineral Nodes");
INSERT INTO `pool_pool` (`pool_id`, `mother_pool`, `chance`, `description`) VALUES (2348, 1914, 0, "");
INSERT INTO `pool_pool` (`pool_id`, `mother_pool`, `chance`, `description`) VALUES (2469, 1914, 0, "");
INSERT INTO `pool_pool` (`pool_id`, `mother_pool`, `chance`, `description`) VALUES (3171, 1914, 0, "");
INSERT INTO `pool_pool` (`pool_id`, `mother_pool`, `chance`, `description`) VALUES (3686, 1914, 35, "");
INSERT INTO `pool_template` (`entry`, `max_limit`, `description`) VALUES (2177, 2, "Hillsbrad Foothills Nethander Stead Mineral Nodes");
INSERT INTO `pool_pool` (`pool_id`, `mother_pool`, `chance`, `description`) VALUES (3514, 2177, 12, "");
INSERT INTO `pool_pool` (`pool_id`, `mother_pool`, `chance`, `description`) VALUES (3716, 2177, 12, "");
INSERT INTO `pool_pool` (`pool_id`, `mother_pool`, `chance`, `description`) VALUES (3861, 2177, 0, "");
INSERT INTO `pool_pool` (`pool_id`, `mother_pool`, `chance`, `description`) VALUES (4022, 2177, 12, "");
INSERT INTO `pool_pool` (`pool_id`, `mother_pool`, `chance`, `description`) VALUES (4039, 2177, 0, "");
INSERT INTO `pool_template` (`entry`, `max_limit`, `description`) VALUES (2311, 2, "Hillsbrad Foothills Coast East Mineral Nodes");
INSERT INTO `pool_pool` (`pool_id`, `mother_pool`, `chance`, `description`) VALUES (3890, 2311, 0, "");
INSERT INTO `pool_pool` (`pool_id`, `mother_pool`, `chance`, `description`) VALUES (4049, 2311, 20, "");
INSERT INTO `pool_pool` (`pool_id`, `mother_pool`, `chance`, `description`) VALUES (4075, 2311, 0, "");
INSERT INTO `pool_pool` (`pool_id`, `mother_pool`, `chance`, `description`) VALUES (4095, 2311, 0, "");
INSERT INTO `pool_template` (`entry`, `max_limit`, `description`) VALUES (2349, 2, "Hillsbrad Foothills South Tauren Mill Mineral Nodes");
INSERT INTO `pool_pool` (`pool_id`, `mother_pool`, `chance`, `description`) VALUES (3797, 2349, 15, "");
INSERT INTO `pool_pool` (`pool_id`, `mother_pool`, `chance`, `description`) VALUES (4158, 2349, 0, "");
INSERT INTO `pool_pool` (`pool_id`, `mother_pool`, `chance`, `description`) VALUES (3802, 2349, 15, "");
INSERT INTO `pool_pool` (`pool_id`, `mother_pool`, `chance`, `description`) VALUES (4268, 2349, 0, "");
INSERT INTO `pool_template` (`entry`, `max_limit`, `description`) VALUES (2470, 2, "Hillsbrad Foothills North Tauren Mill Mineral Nodes");
INSERT INTO `pool_pool` (`pool_id`, `mother_pool`, `chance`, `description`) VALUES (4131, 2470, 0, "");
INSERT INTO `pool_pool` (`pool_id`, `mother_pool`, `chance`, `description`) VALUES (4143, 2470, 0, "");
INSERT INTO `pool_pool` (`pool_id`, `mother_pool`, `chance`, `description`) VALUES (4178, 2470, 0, "");
INSERT INTO `pool_pool` (`pool_id`, `mother_pool`, `chance`, `description`) VALUES (4186, 2470, 12, "");
INSERT INTO `pool_pool` (`pool_id`, `mother_pool`, `chance`, `description`) VALUES (3895, 2470, 0, "");
INSERT INTO `pool_pool` (`pool_id`, `mother_pool`, `chance`, `description`) VALUES (3579, 2470, 12, "");
INSERT INTO `pool_template` (`entry`, `max_limit`, `description`) VALUES (5600, 2, "Hillsbrad Foothills West Tauren Mill Mineral Nodes");
INSERT INTO `pool_pool` (`pool_id`, `mother_pool`, `chance`, `description`) VALUES (5711, 5600, 0, "");
INSERT INTO `pool_pool` (`pool_id`, `mother_pool`, `chance`, `description`) VALUES (3685, 5600, 12, "");
INSERT INTO `pool_pool` (`pool_id`, `mother_pool`, `chance`, `description`) VALUES (3687, 5600, 0, "");
INSERT INTO `pool_pool` (`pool_id`, `mother_pool`, `chance`, `description`) VALUES (5732, 5600, 0, "");
INSERT INTO `pool_pool` (`pool_id`, `mother_pool`, `chance`, `description`) VALUES (5726, 5600, 12, "");
INSERT INTO `pool_template` (`entry`, `max_limit`, `description`) VALUES (5614, 3, "Hillsbrad Foothills Darrow Hill Above Ground Mineral Nodes");
INSERT INTO `pool_pool` (`pool_id`, `mother_pool`, `chance`, `description`) VALUES (5740, 5614, 0, "");
INSERT INTO `pool_pool` (`pool_id`, `mother_pool`, `chance`, `description`) VALUES (4334, 5614, 0, "");
INSERT INTO `pool_pool` (`pool_id`, `mother_pool`, `chance`, `description`) VALUES (3715, 5614, 0, "");
INSERT INTO `pool_pool` (`pool_id`, `mother_pool`, `chance`, `description`) VALUES (4378, 5614, 0, "");
INSERT INTO `pool_pool` (`pool_id`, `mother_pool`, `chance`, `description`) VALUES (4383, 5614, 0, "");
INSERT INTO `pool_pool` (`pool_id`, `mother_pool`, `chance`, `description`) VALUES (4392, 5614, 0, "");
INSERT INTO `pool_pool` (`pool_id`, `mother_pool`, `chance`, `description`) VALUES (4398, 5614, 0, "");
INSERT INTO `pool_pool` (`pool_id`, `mother_pool`, `chance`, `description`) VALUES (4408, 5614, 0, "");
INSERT INTO `pool_template` (`entry`, `max_limit`, `description`) VALUES (5642, 3, "Hillsbrad Foothills Darrow Hill Cave Mineral Nodes");
INSERT INTO `pool_pool` (`pool_id`, `mother_pool`, `chance`, `description`) VALUES (3717, 5642, 30, "");
INSERT INTO `pool_pool` (`pool_id`, `mother_pool`, `chance`, `description`) VALUES (4372, 5642, 0, "");
INSERT INTO `pool_pool` (`pool_id`, `mother_pool`, `chance`, `description`) VALUES (5756, 5642, 25, "");
INSERT INTO `pool_pool` (`pool_id`, `mother_pool`, `chance`, `description`) VALUES (4363, 5642, 0, "");
INSERT INTO `pool_pool` (`pool_id`, `mother_pool`, `chance`, `description`) VALUES (4412, 5642, 0, "");
INSERT INTO `pool_template` (`entry`, `max_limit`, `description`) VALUES (5690, 3, "Hillsbrad Foothills Coast West Mineral Nodes");
INSERT INTO `pool_pool` (`pool_id`, `mother_pool`, `chance`, `description`) VALUES (4418, 5690, 15, "");
INSERT INTO `pool_pool` (`pool_id`, `mother_pool`, `chance`, `description`) VALUES (4425, 5690, 0, "");
INSERT INTO `pool_pool` (`pool_id`, `mother_pool`, `chance`, `description`) VALUES (4481, 5690, 25, "");
INSERT INTO `pool_pool` (`pool_id`, `mother_pool`, `chance`, `description`) VALUES (4487, 5690, 0, "");
INSERT INTO `pool_pool` (`pool_id`, `mother_pool`, `chance`, `description`) VALUES (4492, 5690, 15, "");
INSERT INTO `pool_pool` (`pool_id`, `mother_pool`, `chance`, `description`) VALUES (4616, 5690, 25, "");
INSERT INTO `pool_template` (`entry`, `max_limit`, `description`) VALUES (5720, 2, "Hillsbrad Foothills North Hillsbrad Fields Mineral Nodes");
INSERT INTO `pool_pool` (`pool_id`, `mother_pool`, `chance`, `description`) VALUES (4463, 5720, 40, "");
INSERT INTO `pool_pool` (`pool_id`, `mother_pool`, `chance`, `description`) VALUES (4434, 5720, 15, "");
INSERT INTO `pool_pool` (`pool_id`, `mother_pool`, `chance`, `description`) VALUES (4438, 5720, 0, "");
INSERT INTO `pool_pool` (`pool_id`, `mother_pool`, `chance`, `description`) VALUES (4447, 5720, 0, "");
INSERT INTO `pool_template` (`entry`, `max_limit`, `description`) VALUES (5750, 2, "Hillsbrad Foothills West Hillsbrad Fields Mineral Nodes");
INSERT INTO `pool_pool` (`pool_id`, `mother_pool`, `chance`, `description`) VALUES (4522, 5750, 0, "");
INSERT INTO `pool_pool` (`pool_id`, `mother_pool`, `chance`, `description`) VALUES (4534, 5750, 60, "");
INSERT INTO `pool_pool` (`pool_id`, `mother_pool`, `chance`, `description`) VALUES (4559, 5750, 0, "");
INSERT INTO `pool_template` (`entry`, `max_limit`, `description`) VALUES (3729, 1, "Hillsbrad Foothills South West Mineral Nodes");
INSERT INTO `pool_pool` (`pool_id`, `mother_pool`, `chance`, `description`) VALUES (4549, 3729, 0, "");
INSERT INTO `pool_pool` (`pool_id`, `mother_pool`, `chance`, `description`) VALUES (4544, 3729, 0, "");
INSERT INTO `pool_template` (`entry`, `max_limit`, `description`) VALUES (3789, 3, "Hillsbrad Foothills Azurelode Mine Mineral Nodes");
INSERT INTO `pool_pool` (`pool_id`, `mother_pool`, `chance`, `description`) VALUES (4576, 3789, 30, "");
INSERT INTO `pool_pool` (`pool_id`, `mother_pool`, `chance`, `description`) VALUES (4585, 3789, 20, "");
INSERT INTO `pool_pool` (`pool_id`, `mother_pool`, `chance`, `description`) VALUES (4592, 3789, 0, "");
INSERT INTO `pool_pool` (`pool_id`, `mother_pool`, `chance`, `description`) VALUES (4603, 3789, 0, "");
INSERT INTO `pool_pool` (`pool_id`, `mother_pool`, `chance`, `description`) VALUES (4609, 3789, 0, "");

-- Loch Modan:
-- Local Pooling
INSERT INTO `pool_template` (`entry`, `max_limit`, `description`) VALUES (1327, 1, "Loch Modan Local Minerals 1");
INSERT INTO `pool_gameobject` (`guid`, `pool_entry`, `chance`, `description`) VALUES (75936, 1327, 11, "");
INSERT INTO `pool_gameobject` (`guid`, `pool_entry`, `chance`, `description`) VALUES (10531, 1327, 0, "");
INSERT INTO `pool_gameobject` (`guid`, `pool_entry`, `chance`, `description`) VALUES (10552, 1327, 8, "");
INSERT INTO `pool_gameobject` (`guid`, `pool_entry`, `chance`, `description`) VALUES (10527, 1327, 0, "");
INSERT INTO `pool_gameobject` (`guid`, `pool_entry`, `chance`, `description`) VALUES (10526, 1327, 0, "");
INSERT INTO `pool_gameobject` (`guid`, `pool_entry`, `chance`, `description`) VALUES (10431, 1327, 11, "");
INSERT INTO `pool_template` (`entry`, `max_limit`, `description`) VALUES (1569, 1, "Loch Modan Local Minerals 2");
INSERT INTO `pool_gameobject` (`guid`, `pool_entry`, `chance`, `description`) VALUES (10522, 1569, 0, "");
INSERT INTO `pool_gameobject` (`guid`, `pool_entry`, `chance`, `description`) VALUES (10550, 1569, 4, "");
INSERT INTO `pool_gameobject` (`guid`, `pool_entry`, `chance`, `description`) VALUES (10549, 1569, 4, "");
INSERT INTO `pool_gameobject` (`guid`, `pool_entry`, `chance`, `description`) VALUES (10521, 1569, 0, "");
INSERT INTO `pool_template` (`entry`, `max_limit`, `description`) VALUES (1751, 1, "Loch Modan Local Minerals 3");
INSERT INTO `pool_gameobject` (`guid`, `pool_entry`, `chance`, `description`) VALUES (10528, 1751, 0, "");
INSERT INTO `pool_gameobject` (`guid`, `pool_entry`, `chance`, `description`) VALUES (10551, 1751, 10, "");
INSERT INTO `pool_template` (`entry`, `max_limit`, `description`) VALUES (1797, 1, "Loch Modan Local Minerals 4");
INSERT INTO `pool_gameobject` (`guid`, `pool_entry`, `chance`, `description`) VALUES (10429, 1797, 0, "");
INSERT INTO `pool_gameobject` (`guid`, `pool_entry`, `chance`, `description`) VALUES (10432, 1797, 0, "");
INSERT INTO `pool_gameobject` (`guid`, `pool_entry`, `chance`, `description`) VALUES (10530, 1797, 0, "");
INSERT INTO `pool_template` (`entry`, `max_limit`, `description`) VALUES (1880, 1, "Loch Modan Local Minerals 5");
INSERT INTO `pool_gameobject` (`guid`, `pool_entry`, `chance`, `description`) VALUES (10525, 1880, 0, "");
INSERT INTO `pool_gameobject` (`guid`, `pool_entry`, `chance`, `description`) VALUES (10524, 1880, 0, "");
INSERT INTO `pool_template` (`entry`, `max_limit`, `description`) VALUES (1984, 1, "Loch Modan Local Minerals 6");
INSERT INTO `pool_gameobject` (`guid`, `pool_entry`, `chance`, `description`) VALUES (10434, 1984, 0, "");
INSERT INTO `pool_gameobject` (`guid`, `pool_entry`, `chance`, `description`) VALUES (10433, 1984, 0, "");
INSERT INTO `pool_gameobject` (`guid`, `pool_entry`, `chance`, `description`) VALUES (10430, 1984, 50, "");
INSERT INTO `pool_template` (`entry`, `max_limit`, `description`) VALUES (2401, 1, "Loch Modan Local Minerals 7");
INSERT INTO `pool_gameobject` (`guid`, `pool_entry`, `chance`, `description`) VALUES (10435, 2401, 0, "");
INSERT INTO `pool_gameobject` (`guid`, `pool_entry`, `chance`, `description`) VALUES (10428, 2401, 0, "");
INSERT INTO `pool_gameobject` (`guid`, `pool_entry`, `chance`, `description`) VALUES (10517, 2401, 35, "");
INSERT INTO `pool_gameobject` (`guid`, `pool_entry`, `chance`, `description`) VALUES (10548, 2401, 6, "");
INSERT INTO `pool_gameobject` (`guid`, `pool_entry`, `chance`, `description`) VALUES (10513, 2401, 35, "");
INSERT INTO `pool_template` (`entry`, `max_limit`, `description`) VALUES (2442, 1, "Loch Modan Local Minerals 8");
INSERT INTO `pool_gameobject` (`guid`, `pool_entry`, `chance`, `description`) VALUES (10427, 2442, 0, "");
INSERT INTO `pool_gameobject` (`guid`, `pool_entry`, `chance`, `description`) VALUES (10509, 2442, 30, "");
INSERT INTO `pool_gameobject` (`guid`, `pool_entry`, `chance`, `description`) VALUES (10496, 2442, 30, "");
INSERT INTO `pool_gameobject` (`guid`, `pool_entry`, `chance`, `description`) VALUES (10414, 2442, 0, "");
INSERT INTO `pool_template` (`entry`, `max_limit`, `description`) VALUES (3215, 1, "Loch Modan Local Minerals 9");
INSERT INTO `pool_gameobject` (`guid`, `pool_entry`, `chance`, `description`) VALUES (10506, 3215, 0, "");
INSERT INTO `pool_gameobject` (`guid`, `pool_entry`, `chance`, `description`) VALUES (10504, 3215, 0, "");
INSERT INTO `pool_gameobject` (`guid`, `pool_entry`, `chance`, `description`) VALUES (10499, 3215, 40, "");
INSERT INTO `pool_gameobject` (`guid`, `pool_entry`, `chance`, `description`) VALUES (10544, 3215, 10, "");
INSERT INTO `pool_template` (`entry`, `max_limit`, `description`) VALUES (3248, 1, "Loch Modan Local Minerals 10");
INSERT INTO `pool_gameobject` (`guid`, `pool_entry`, `chance`, `description`) VALUES (10508, 3248, 20, "");
INSERT INTO `pool_gameobject` (`guid`, `pool_entry`, `chance`, `description`) VALUES (10421, 3248, 0, "");
INSERT INTO `pool_gameobject` (`guid`, `pool_entry`, `chance`, `description`) VALUES (10420, 3248, 0, "");
INSERT INTO `pool_gameobject` (`guid`, `pool_entry`, `chance`, `description`) VALUES (10419, 3248, 0, "");
INSERT INTO `pool_gameobject` (`guid`, `pool_entry`, `chance`, `description`) VALUES (10418, 3248, 0, "");
INSERT INTO `pool_gameobject` (`guid`, `pool_entry`, `chance`, `description`) VALUES (10497, 3248, 20, "");
INSERT INTO `pool_gameobject` (`guid`, `pool_entry`, `chance`, `description`) VALUES (10543, 3248, 10, "");
INSERT INTO `pool_template` (`entry`, `max_limit`, `description`) VALUES (3291, 1, "Loch Modan Local Minerals 11");
INSERT INTO `pool_gameobject` (`guid`, `pool_entry`, `chance`, `description`) VALUES (10495, 3291, 40, "");
INSERT INTO `pool_gameobject` (`guid`, `pool_entry`, `chance`, `description`) VALUES (10492, 3291, 0, "");
INSERT INTO `pool_gameobject` (`guid`, `pool_entry`, `chance`, `description`) VALUES (10542, 3291, 10, "");
INSERT INTO `pool_template` (`entry`, `max_limit`, `description`) VALUES (3878, 1, "Loch Modan Local Minerals 12");
INSERT INTO `pool_gameobject` (`guid`, `pool_entry`, `chance`, `description`) VALUES (10425, 3878, 50, "");
INSERT INTO `pool_gameobject` (`guid`, `pool_entry`, `chance`, `description`) VALUES (10501, 3878, 0, "");
INSERT INTO `pool_gameobject` (`guid`, `pool_entry`, `chance`, `description`) VALUES (10500, 3878, 0, "");
INSERT INTO `pool_template` (`entry`, `max_limit`, `description`) VALUES (4646, 1, "Loch Modan Local Minerals 13");
INSERT INTO `pool_gameobject` (`guid`, `pool_entry`, `chance`, `description`) VALUES (10545, 4646, 6, "");
INSERT INTO `pool_gameobject` (`guid`, `pool_entry`, `chance`, `description`) VALUES (10498, 4646, 0, "");
INSERT INTO `pool_gameobject` (`guid`, `pool_entry`, `chance`, `description`) VALUES (10491, 4646, 0, "");
INSERT INTO `pool_template` (`entry`, `max_limit`, `description`) VALUES (4863, 1, "Loch Modan Local Minerals 14");
INSERT INTO `pool_gameobject` (`guid`, `pool_entry`, `chance`, `description`) VALUES (10507, 4863, 0, "");
INSERT INTO `pool_gameobject` (`guid`, `pool_entry`, `chance`, `description`) VALUES (10505, 4863, 0, "");
INSERT INTO `pool_gameobject` (`guid`, `pool_entry`, `chance`, `description`) VALUES (10547, 4863, 5, "");
INSERT INTO `pool_gameobject` (`guid`, `pool_entry`, `chance`, `description`) VALUES (10503, 4863, 0, "");
INSERT INTO `pool_template` (`entry`, `max_limit`, `description`) VALUES (4895, 1, "Loch Modan Local Minerals 15");
INSERT INTO `pool_gameobject` (`guid`, `pool_entry`, `chance`, `description`) VALUES (10424, 4895, 0, "");
INSERT INTO `pool_gameobject` (`guid`, `pool_entry`, `chance`, `description`) VALUES (10415, 4895, 0, "");
INSERT INTO `pool_template` (`entry`, `max_limit`, `description`) VALUES (4926, 1, "Loch Modan Local Minerals 16");
INSERT INTO `pool_gameobject` (`guid`, `pool_entry`, `chance`, `description`) VALUES (10502, 4926, 0, "");
INSERT INTO `pool_gameobject` (`guid`, `pool_entry`, `chance`, `description`) VALUES (10546, 4926, 8, "");
INSERT INTO `pool_template` (`entry`, `max_limit`, `description`) VALUES (4943, 1, "Loch Modan Local Minerals 17");
INSERT INTO `pool_gameobject` (`guid`, `pool_entry`, `chance`, `description`) VALUES (10423, 4943, 0, "");
INSERT INTO `pool_gameobject` (`guid`, `pool_entry`, `chance`, `description`) VALUES (10417, 4943, 0, "");
INSERT INTO `pool_gameobject` (`guid`, `pool_entry`, `chance`, `description`) VALUES (10490, 4943, 0, "");
INSERT INTO `pool_gameobject` (`guid`, `pool_entry`, `chance`, `description`) VALUES (10486, 4943, 0, "");
INSERT INTO `pool_template` (`entry`, `max_limit`, `description`) VALUES (4952, 1, "Loch Modan Local Minerals 18");
INSERT INTO `pool_gameobject` (`guid`, `pool_entry`, `chance`, `description`) VALUES (10416, 4952, 0, "");
INSERT INTO `pool_gameobject` (`guid`, `pool_entry`, `chance`, `description`) VALUES (10413, 4952, 0, "");
INSERT INTO `pool_gameobject` (`guid`, `pool_entry`, `chance`, `description`) VALUES (10412, 4952, 0, "");
INSERT INTO `pool_template` (`entry`, `max_limit`, `description`) VALUES (4970, 1, "Loch Modan Local Minerals 19");
INSERT INTO `pool_gameobject` (`guid`, `pool_entry`, `chance`, `description`) VALUES (10485, 4970, 0, "");
INSERT INTO `pool_gameobject` (`guid`, `pool_entry`, `chance`, `description`) VALUES (10541, 4970, 8, "");
INSERT INTO `pool_gameobject` (`guid`, `pool_entry`, `chance`, `description`) VALUES (10482, 4970, 0, "");
INSERT INTO `pool_template` (`entry`, `max_limit`, `description`) VALUES (4973, 1, "Loch Modan Local Minerals 20");
INSERT INTO `pool_gameobject` (`guid`, `pool_entry`, `chance`, `description`) VALUES (10481, 4973, 0, "");
INSERT INTO `pool_gameobject` (`guid`, `pool_entry`, `chance`, `description`) VALUES (10404, 4973, 0, "");
INSERT INTO `pool_gameobject` (`guid`, `pool_entry`, `chance`, `description`) VALUES (10397, 4973, 15, "");
INSERT INTO `pool_gameobject` (`guid`, `pool_entry`, `chance`, `description`) VALUES (10396, 4973, 15, "");
INSERT INTO `pool_template` (`entry`, `max_limit`, `description`) VALUES (4978, 1, "Loch Modan Local Minerals 21");
INSERT INTO `pool_gameobject` (`guid`, `pool_entry`, `chance`, `description`) VALUES (10410, 4978, 0, "");
INSERT INTO `pool_gameobject` (`guid`, `pool_entry`, `chance`, `description`) VALUES (10409, 4978, 0, "");
INSERT INTO `pool_gameobject` (`guid`, `pool_entry`, `chance`, `description`) VALUES (10408, 4978, 50, "");
INSERT INTO `pool_template` (`entry`, `max_limit`, `description`) VALUES (4990, 1, "Loch Modan Local Minerals 22");
INSERT INTO `pool_gameobject` (`guid`, `pool_entry`, `chance`, `description`) VALUES (10407, 4990, 0, "");
INSERT INTO `pool_gameobject` (`guid`, `pool_entry`, `chance`, `description`) VALUES (10406, 4990, 0, "");
INSERT INTO `pool_gameobject` (`guid`, `pool_entry`, `chance`, `description`) VALUES (10399, 4990, 0, "");
INSERT INTO `pool_gameobject` (`guid`, `pool_entry`, `chance`, `description`) VALUES (10398, 4990, 0, "");
INSERT INTO `pool_template` (`entry`, `max_limit`, `description`) VALUES (4996, 1, "Loch Modan Local Minerals 23");
INSERT INTO `pool_gameobject` (`guid`, `pool_entry`, `chance`, `description`) VALUES (10405, 4996, 0, "");
INSERT INTO `pool_gameobject` (`guid`, `pool_entry`, `chance`, `description`) VALUES (10480, 4996, 0, "");
INSERT INTO `pool_gameobject` (`guid`, `pool_entry`, `chance`, `description`) VALUES (10538, 4996, 6, "");
INSERT INTO `pool_gameobject` (`guid`, `pool_entry`, `chance`, `description`) VALUES (10479, 4996, 0, "");
INSERT INTO `pool_template` (`entry`, `max_limit`, `description`) VALUES (5010, 1, "Loch Modan Local Minerals 24");
INSERT INTO `pool_gameobject` (`guid`, `pool_entry`, `chance`, `description`) VALUES (10403, 5010, 0, "");
INSERT INTO `pool_gameobject` (`guid`, `pool_entry`, `chance`, `description`) VALUES (10402, 5010, 0, "");
INSERT INTO `pool_gameobject` (`guid`, `pool_entry`, `chance`, `description`) VALUES (10401, 5010, 0, "");
INSERT INTO `pool_template` (`entry`, `max_limit`, `description`) VALUES (5012, 4, "Loch Modan The Loch Mineral Nodes");
INSERT INTO `pool_gameobject` (`guid`, `pool_entry`, `chance`, `description`) VALUES (10400, 5012, 15, "");
INSERT INTO `pool_gameobject` (`guid`, `pool_entry`, `chance`, `description`) VALUES (10395, 5012, 0, "");
INSERT INTO `pool_gameobject` (`guid`, `pool_entry`, `chance`, `description`) VALUES (10393, 5012, 0, "");
INSERT INTO `pool_gameobject` (`guid`, `pool_entry`, `chance`, `description`) VALUES (10392, 5012, 0, "");
INSERT INTO `pool_gameobject` (`guid`, `pool_entry`, `chance`, `description`) VALUES (10391, 5012, 0, "");
INSERT INTO `pool_gameobject` (`guid`, `pool_entry`, `chance`, `description`) VALUES (10390, 5012, 0, "");
INSERT INTO `pool_gameobject` (`guid`, `pool_entry`, `chance`, `description`) VALUES (10389, 5012, 0, "");
INSERT INTO `pool_gameobject` (`guid`, `pool_entry`, `chance`, `description`) VALUES (10388, 5012, 0, "");
INSERT INTO `pool_gameobject` (`guid`, `pool_entry`, `chance`, `description`) VALUES (10385, 5012, 0, "");
INSERT INTO `pool_gameobject` (`guid`, `pool_entry`, `chance`, `description`) VALUES (10394, 5012, 25, "");
INSERT INTO `pool_template` (`entry`, `max_limit`, `description`) VALUES (5021, 2, "Loch Modan Local Minerals 25");
INSERT INTO `pool_gameobject` (`guid`, `pool_entry`, `chance`, `description`) VALUES (10387, 5021, 0, "");
INSERT INTO `pool_gameobject` (`guid`, `pool_entry`, `chance`, `description`) VALUES (10386, 5021, 0, "");
INSERT INTO `pool_gameobject` (`guid`, `pool_entry`, `chance`, `description`) VALUES (10382, 5021, 0, "");
INSERT INTO `pool_gameobject` (`guid`, `pool_entry`, `chance`, `description`) VALUES (10375, 5021, 0, "");
INSERT INTO `pool_gameobject` (`guid`, `pool_entry`, `chance`, `description`) VALUES (10379, 5021, 0, "");
INSERT INTO `pool_template` (`entry`, `max_limit`, `description`) VALUES (5026, 1, "Loch Modan Local Minerals 26");
INSERT INTO `pool_gameobject` (`guid`, `pool_entry`, `chance`, `description`) VALUES (10376, 5026, 0, "");
INSERT INTO `pool_gameobject` (`guid`, `pool_entry`, `chance`, `description`) VALUES (10374, 5026, 0, "");
INSERT INTO `pool_gameobject` (`guid`, `pool_entry`, `chance`, `description`) VALUES (10373, 5026, 0, "");
INSERT INTO `pool_gameobject` (`guid`, `pool_entry`, `chance`, `description`) VALUES (10370, 5026, 0, "");
INSERT INTO `pool_template` (`entry`, `max_limit`, `description`) VALUES (5028, 1, "Loch Modan Local Minerals 27");
INSERT INTO `pool_gameobject` (`guid`, `pool_entry`, `chance`, `description`) VALUES (10378, 5028, 0, "");
INSERT INTO `pool_gameobject` (`guid`, `pool_entry`, `chance`, `description`) VALUES (10377, 5028, 0, "");
INSERT INTO `pool_gameobject` (`guid`, `pool_entry`, `chance`, `description`) VALUES (10369, 5028, 0, "");
INSERT INTO `pool_template` (`entry`, `max_limit`, `description`) VALUES (5037, 1, "Loch Modan Local Minerals 28");
INSERT INTO `pool_gameobject` (`guid`, `pool_entry`, `chance`, `description`) VALUES (10355, 5037, 0, "");
INSERT INTO `pool_gameobject` (`guid`, `pool_entry`, `chance`, `description`) VALUES (10354, 5037, 0, "");
INSERT INTO `pool_gameobject` (`guid`, `pool_entry`, `chance`, `description`) VALUES (10313, 5037, 0, "");
INSERT INTO `pool_gameobject` (`guid`, `pool_entry`, `chance`, `description`) VALUES (10312, 5037, 0, "");
INSERT INTO `pool_template` (`entry`, `max_limit`, `description`) VALUES (5045, 1, "Loch Modan Local Minerals 29");
INSERT INTO `pool_gameobject` (`guid`, `pool_entry`, `chance`, `description`) VALUES (10384, 5045, 0, "");
INSERT INTO `pool_gameobject` (`guid`, `pool_entry`, `chance`, `description`) VALUES (10383, 5045, 0, "");
INSERT INTO `pool_gameobject` (`guid`, `pool_entry`, `chance`, `description`) VALUES (10381, 5045, 0, "");
INSERT INTO `pool_gameobject` (`guid`, `pool_entry`, `chance`, `description`) VALUES (10380, 5045, 0, "");
INSERT INTO `pool_gameobject` (`guid`, `pool_entry`, `chance`, `description`) VALUES (10372, 5045, 0, "");
INSERT INTO `pool_gameobject` (`guid`, `pool_entry`, `chance`, `description`) VALUES (10371, 5045, 0, "");
INSERT INTO `pool_template` (`entry`, `max_limit`, `description`) VALUES (5048, 2, "Loch Modan Local Minerals 30");
INSERT INTO `pool_gameobject` (`guid`, `pool_entry`, `chance`, `description`) VALUES (10368, 5048, 0, "");
INSERT INTO `pool_gameobject` (`guid`, `pool_entry`, `chance`, `description`) VALUES (10330, 5048, 0, "");
INSERT INTO `pool_gameobject` (`guid`, `pool_entry`, `chance`, `description`) VALUES (10311, 5048, 0, "");
INSERT INTO `pool_template` (`entry`, `max_limit`, `description`) VALUES (5050, 1, "Loch Modan Local Minerals 31");
INSERT INTO `pool_gameobject` (`guid`, `pool_entry`, `chance`, `description`) VALUES (10345, 5050, 0, "");
INSERT INTO `pool_gameobject` (`guid`, `pool_entry`, `chance`, `description`) VALUES (10339, 5050, 0, "");
INSERT INTO `pool_template` (`entry`, `max_limit`, `description`) VALUES (5060, 1, "Loch Modan Local Minerals 32");
INSERT INTO `pool_gameobject` (`guid`, `pool_entry`, `chance`, `description`) VALUES (10317, 5060, 0, "");
INSERT INTO `pool_gameobject` (`guid`, `pool_entry`, `chance`, `description`) VALUES (10318, 5060, 0, "");
INSERT INTO `pool_template` (`entry`, `max_limit`, `description`) VALUES (5068, 1, "Loch Modan Local Minerals 33");
INSERT INTO `pool_gameobject` (`guid`, `pool_entry`, `chance`, `description`) VALUES (10451, 5068, 0, "");
INSERT INTO `pool_gameobject` (`guid`, `pool_entry`, `chance`, `description`) VALUES (10450, 5068, 0, "");
INSERT INTO `pool_template` (`entry`, `max_limit`, `description`) VALUES (5091, 1, "Loch Modan Local Minerals 34");
INSERT INTO `pool_gameobject` (`guid`, `pool_entry`, `chance`, `description`) VALUES (10326, 5091, 0, "");
INSERT INTO `pool_gameobject` (`guid`, `pool_entry`, `chance`, `description`) VALUES (10328, 5091, 0, "");
INSERT INTO `pool_template` (`entry`, `max_limit`, `description`) VALUES (5093, 1, "Loch Modan Local Minerals 35");
INSERT INTO `pool_gameobject` (`guid`, `pool_entry`, `chance`, `description`) VALUES (10319, 5093, 0, "");
INSERT INTO `pool_gameobject` (`guid`, `pool_entry`, `chance`, `description`) VALUES (10316, 5093, 0, "");
INSERT INTO `pool_template` (`entry`, `max_limit`, `description`) VALUES (5096, 1, "Loch Modan Local Minerals 36");
INSERT INTO `pool_gameobject` (`guid`, `pool_entry`, `chance`, `description`) VALUES (10315, 5096, 0, "");
INSERT INTO `pool_gameobject` (`guid`, `pool_entry`, `chance`, `description`) VALUES (10314, 5096, 0, "");
INSERT INTO `pool_template` (`entry`, `max_limit`, `description`) VALUES (5107, 1, "Loch Modan Local Minerals 37");
INSERT INTO `pool_gameobject` (`guid`, `pool_entry`, `chance`, `description`) VALUES (10535, 5107, 15, "");
INSERT INTO `pool_gameobject` (`guid`, `pool_entry`, `chance`, `description`) VALUES (10452, 5107, 0, "");
INSERT INTO `pool_gameobject` (`guid`, `pool_entry`, `chance`, `description`) VALUES (10453, 5107, 0, "");
INSERT INTO `pool_template` (`entry`, `max_limit`, `description`) VALUES (5114, 1, "Loch Modan Local Minerals 38");
INSERT INTO `pool_gameobject` (`guid`, `pool_entry`, `chance`, `description`) VALUES (10445, 5114, 0, "");
INSERT INTO `pool_gameobject` (`guid`, `pool_entry`, `chance`, `description`) VALUES (10533, 5114, 15, "");
INSERT INTO `pool_template` (`entry`, `max_limit`, `description`) VALUES (5118, 1, "Loch Modan Local Minerals 39");
INSERT INTO `pool_gameobject` (`guid`, `pool_entry`, `chance`, `description`) VALUES (10353, 5118, 0, "");
INSERT INTO `pool_gameobject` (`guid`, `pool_entry`, `chance`, `description`) VALUES (10352, 5118, 0, "");
INSERT INTO `pool_gameobject` (`guid`, `pool_entry`, `chance`, `description`) VALUES (10327, 5118, 0, "");
INSERT INTO `pool_gameobject` (`guid`, `pool_entry`, `chance`, `description`) VALUES (10325, 5118, 0, "");
INSERT INTO `pool_template` (`entry`, `max_limit`, `description`) VALUES (5124, 1, "Loch Modan Local Minerals 40");
INSERT INTO `pool_gameobject` (`guid`, `pool_entry`, `chance`, `description`) VALUES (10323, 5124, 45, "");
INSERT INTO `pool_gameobject` (`guid`, `pool_entry`, `chance`, `description`) VALUES (10534, 5124, 5, "");
INSERT INTO `pool_gameobject` (`guid`, `pool_entry`, `chance`, `description`) VALUES (10449, 5124, 0, "");
INSERT INTO `pool_gameobject` (`guid`, `pool_entry`, `chance`, `description`) VALUES (10446, 5124, 0, "");
INSERT INTO `pool_template` (`entry`, `max_limit`, `description`) VALUES (5127, 1, "Loch Modan Local Minerals 41");
INSERT INTO `pool_gameobject` (`guid`, `pool_entry`, `chance`, `description`) VALUES (10306, 5127, 0, "");
INSERT INTO `pool_gameobject` (`guid`, `pool_entry`, `chance`, `description`) VALUES (10310, 5127, 0, "");
INSERT INTO `pool_gameobject` (`guid`, `pool_entry`, `chance`, `description`) VALUES (10305, 5127, 50, "");
INSERT INTO `pool_template` (`entry`, `max_limit`, `description`) VALUES (5146, 1, "Loch Modan Local Minerals 42");
INSERT INTO `pool_gameobject` (`guid`, `pool_entry`, `chance`, `description`) VALUES (10444, 5146, 0, "");
INSERT INTO `pool_gameobject` (`guid`, `pool_entry`, `chance`, `description`) VALUES (10443, 5146, 0, "");
INSERT INTO `pool_gameobject` (`guid`, `pool_entry`, `chance`, `description`) VALUES (10308, 5146, 0, "");
INSERT INTO `pool_gameobject` (`guid`, `pool_entry`, `chance`, `description`) VALUES (10307, 5146, 0, "");
INSERT INTO `pool_gameobject` (`guid`, `pool_entry`, `chance`, `description`) VALUES (10442, 5146, 0, "");
INSERT INTO `pool_template` (`entry`, `max_limit`, `description`) VALUES (5405, 1, "Loch Modan Local Minerals 43");
INSERT INTO `pool_gameobject` (`guid`, `pool_entry`, `chance`, `description`) VALUES (10304, 5405, 0, "");
INSERT INTO `pool_gameobject` (`guid`, `pool_entry`, `chance`, `description`) VALUES (10303, 5405, 0, "");
INSERT INTO `pool_gameobject` (`guid`, `pool_entry`, `chance`, `description`) VALUES (10301, 5405, 0, "");
INSERT INTO `pool_gameobject` (`guid`, `pool_entry`, `chance`, `description`) VALUES (10300, 5405, 0, "");
INSERT INTO `pool_template` (`entry`, `max_limit`, `description`) VALUES (5410, 1, "Loch Modan Local Minerals 44");
INSERT INTO `pool_gameobject` (`guid`, `pool_entry`, `chance`, `description`) VALUES (10309, 5410, 0, "");
INSERT INTO `pool_gameobject` (`guid`, `pool_entry`, `chance`, `description`) VALUES (10302, 5410, 0, "");
INSERT INTO `pool_template` (`entry`, `max_limit`, `description`) VALUES (5412, 1, "Loch Modan Local Minerals 45");
INSERT INTO `pool_gameobject` (`guid`, `pool_entry`, `chance`, `description`) VALUES (10441, 5412, 0, "");
INSERT INTO `pool_gameobject` (`guid`, `pool_entry`, `chance`, `description`) VALUES (10532, 5412, 8, "");
INSERT INTO `pool_gameobject` (`guid`, `pool_entry`, `chance`, `description`) VALUES (10440, 5412, 0, "");
INSERT INTO `pool_template` (`entry`, `max_limit`, `description`) VALUES (5416, 1, "Loch Modan Local Minerals 46");
INSERT INTO `pool_gameobject` (`guid`, `pool_entry`, `chance`, `description`) VALUES (10299, 5416, 50, "");
INSERT INTO `pool_gameobject` (`guid`, `pool_entry`, `chance`, `description`) VALUES (10298, 5416, 0, "");
INSERT INTO `pool_gameobject` (`guid`, `pool_entry`, `chance`, `description`) VALUES (10297, 5416, 0, "");
INSERT INTO `pool_template` (`entry`, `max_limit`, `description`) VALUES (1328, 1, "Loch Modan Mogrosh Stronghold Cave Mineral Nodes 1");
INSERT INTO `pool_gameobject` (`guid`, `pool_entry`, `chance`, `description`) VALUES (10529, 1328, 35, "");
INSERT INTO `pool_gameobject` (`guid`, `pool_entry`, `chance`, `description`) VALUES (10523, 1328, 0, "");
INSERT INTO `pool_gameobject` (`guid`, `pool_entry`, `chance`, `description`) VALUES (10519, 1328, 35, "");
INSERT INTO `pool_template` (`entry`, `max_limit`, `description`) VALUES (1570, 1, "Loch Modan Mogrosh Stronghold Cave Mineral Nodes 2");
INSERT INTO `pool_gameobject` (`guid`, `pool_entry`, `chance`, `description`) VALUES (10520, 1570, 0, "");
INSERT INTO `pool_gameobject` (`guid`, `pool_entry`, `chance`, `description`) VALUES (10518, 1570, 0, "");
INSERT INTO `pool_template` (`entry`, `max_limit`, `description`) VALUES (1752, 1, "Loch Modan Mogrosh Stronghold Cave Mineral Nodes 3");
INSERT INTO `pool_gameobject` (`guid`, `pool_entry`, `chance`, `description`) VALUES (10516, 1752, 0, "");
INSERT INTO `pool_gameobject` (`guid`, `pool_entry`, `chance`, `description`) VALUES (10515, 1752, 0, "");
INSERT INTO `pool_template` (`entry`, `max_limit`, `description`) VALUES (1798, 1, "Loch Modan Local Minerals 47");
INSERT INTO `pool_gameobject` (`guid`, `pool_entry`, `chance`, `description`) VALUES (10511, 1798, 65, "");
INSERT INTO `pool_gameobject` (`guid`, `pool_entry`, `chance`, `description`) VALUES (10426, 1798, 0, "");
INSERT INTO `pool_template` (`entry`, `max_limit`, `description`) VALUES (1881, 1, "Loch Modan Local Minerals 48");
INSERT INTO `pool_gameobject` (`guid`, `pool_entry`, `chance`, `description`) VALUES (10514, 1881, 0, "");
INSERT INTO `pool_gameobject` (`guid`, `pool_entry`, `chance`, `description`) VALUES (10512, 1881, 0, "");
INSERT INTO `pool_gameobject` (`guid`, `pool_entry`, `chance`, `description`) VALUES (10510, 1881, 0, "");
INSERT INTO `pool_template` (`entry`, `max_limit`, `description`) VALUES (1985, 1, "Loch Modan Local Minerals 49");
INSERT INTO `pool_gameobject` (`guid`, `pool_entry`, `chance`, `description`) VALUES (10422, 1985, 33, "");
INSERT INTO `pool_gameobject` (`guid`, `pool_entry`, `chance`, `description`) VALUES (10494, 1985, 0, "");
INSERT INTO `pool_gameobject` (`guid`, `pool_entry`, `chance`, `description`) VALUES (10493, 1985, 0, "");
INSERT INTO `pool_gameobject` (`guid`, `pool_entry`, `chance`, `description`) VALUES (10489, 1985, 33, "");
INSERT INTO `pool_template` (`entry`, `max_limit`, `description`) VALUES (2402, 1, "Loch Modan Local Minerals 50");
INSERT INTO `pool_gameobject` (`guid`, `pool_entry`, `chance`, `description`) VALUES (10488, 2402, 0, "");
INSERT INTO `pool_gameobject` (`guid`, `pool_entry`, `chance`, `description`) VALUES (10487, 2402, 0, "");
INSERT INTO `pool_template` (`entry`, `max_limit`, `description`) VALUES (2443, 1, "Loch Modan Local Minerals 51");
INSERT INTO `pool_gameobject` (`guid`, `pool_entry`, `chance`, `description`) VALUES (10411, 2443, 32, "");
INSERT INTO `pool_gameobject` (`guid`, `pool_entry`, `chance`, `description`) VALUES (10484, 2443, 0, "");
INSERT INTO `pool_gameobject` (`guid`, `pool_entry`, `chance`, `description`) VALUES (10540, 2443, 4, "");
INSERT INTO `pool_gameobject` (`guid`, `pool_entry`, `chance`, `description`) VALUES (10483, 2443, 0, "");
INSERT INTO `pool_gameobject` (`guid`, `pool_entry`, `chance`, `description`) VALUES (10539, 2443, 4, "");
INSERT INTO `pool_template` (`entry`, `max_limit`, `description`) VALUES (3216, 1, "Loch Modan Local Minerals 52");
INSERT INTO `pool_gameobject` (`guid`, `pool_entry`, `chance`, `description`) VALUES (10367, 3216, 0, "");
INSERT INTO `pool_gameobject` (`guid`, `pool_entry`, `chance`, `description`) VALUES (10366, 3216, 0, "");
INSERT INTO `pool_gameobject` (`guid`, `pool_entry`, `chance`, `description`) VALUES (10332, 3216, 40, "");
INSERT INTO `pool_template` (`entry`, `max_limit`, `description`) VALUES (3249, 1, "Loch Modan Stonesplinter Valley Cave Mineral Nodes 1");
INSERT INTO `pool_gameobject` (`guid`, `pool_entry`, `chance`, `description`) VALUES (10361, 3249, 50, "");
INSERT INTO `pool_gameobject` (`guid`, `pool_entry`, `chance`, `description`) VALUES (10362, 3249, 0, "");
INSERT INTO `pool_gameobject` (`guid`, `pool_entry`, `chance`, `description`) VALUES (10363, 3249, 0, "");
INSERT INTO `pool_template` (`entry`, `max_limit`, `description`) VALUES (3292, 1, "Loch Modan Stonesplinter Valley Cave Mineral Nodes 2");
INSERT INTO `pool_gameobject` (`guid`, `pool_entry`, `chance`, `description`) VALUES (10478, 3292, 0, "");
INSERT INTO `pool_gameobject` (`guid`, `pool_entry`, `chance`, `description`) VALUES (10477, 3292, 0, "");
INSERT INTO `pool_template` (`entry`, `max_limit`, `description`) VALUES (3879, 1, "Loch Modan Local Minerals 53");
INSERT INTO `pool_gameobject` (`guid`, `pool_entry`, `chance`, `description`) VALUES (10360, 3879, 0, "");
INSERT INTO `pool_gameobject` (`guid`, `pool_entry`, `chance`, `description`) VALUES (10466, 3879, 75, "");
INSERT INTO `pool_gameobject` (`guid`, `pool_entry`, `chance`, `description`) VALUES (10350, 3879, 0, "");
INSERT INTO `pool_template` (`entry`, `max_limit`, `description`) VALUES (4864, 1, "Loch Modan Local Minerals 54");
INSERT INTO `pool_gameobject` (`guid`, `pool_entry`, `chance`, `description`) VALUES (10454, 4864, 58, "");
INSERT INTO `pool_gameobject` (`guid`, `pool_entry`, `chance`, `description`) VALUES (10536, 4864, 12, "");
INSERT INTO `pool_gameobject` (`guid`, `pool_entry`, `chance`, `description`) VALUES (10324, 4864, 0, "");
INSERT INTO `pool_gameobject` (`guid`, `pool_entry`, `chance`, `description`) VALUES (10322, 4864, 0, "");
INSERT INTO `pool_template` (`entry`, `max_limit`, `description`) VALUES (4974, 1, "Loch Modan Stonesplinter Valley Cave Mineral Nodes 3");
INSERT INTO `pool_gameobject` (`guid`, `pool_entry`, `chance`, `description`) VALUES (10476, 4974, 15, "");
INSERT INTO `pool_gameobject` (`guid`, `pool_entry`, `chance`, `description`) VALUES (10469, 4974, 15, "");
INSERT INTO `pool_gameobject` (`guid`, `pool_entry`, `chance`, `description`) VALUES (10468, 4974, 15, "");
INSERT INTO `pool_gameobject` (`guid`, `pool_entry`, `chance`, `description`) VALUES (10467, 4974, 0, "");
INSERT INTO `pool_template` (`entry`, `max_limit`, `description`) VALUES (4991, 1, "Loch Modan Stonesplinter Valley Cave Mineral Nodes 4");
INSERT INTO `pool_gameobject` (`guid`, `pool_entry`, `chance`, `description`) VALUES (10462, 4991, 50, "");
INSERT INTO `pool_gameobject` (`guid`, `pool_entry`, `chance`, `description`) VALUES (10456, 4991, 0, "");
INSERT INTO `pool_gameobject` (`guid`, `pool_entry`, `chance`, `description`) VALUES (10455, 4991, 0, "");
INSERT INTO `pool_template` (`entry`, `max_limit`, `description`) VALUES (4997, 2, "Loch Modan Stonesplinter Valley Cave Mineral Nodes 5");
INSERT INTO `pool_gameobject` (`guid`, `pool_entry`, `chance`, `description`) VALUES (10351, 4997, 0, "");
INSERT INTO `pool_gameobject` (`guid`, `pool_entry`, `chance`, `description`) VALUES (10348, 4997, 0, "");
INSERT INTO `pool_gameobject` (`guid`, `pool_entry`, `chance`, `description`) VALUES (10347, 4997, 0, "");
INSERT INTO `pool_gameobject` (`guid`, `pool_entry`, `chance`, `description`) VALUES (10334, 4997, 0, "");
INSERT INTO `pool_gameobject` (`guid`, `pool_entry`, `chance`, `description`) VALUES (10329, 4997, 0, "");
INSERT INTO `pool_template` (`entry`, `max_limit`, `description`) VALUES (5013, 1, "Loch Modan Local Minerals 55");
INSERT INTO `pool_gameobject` (`guid`, `pool_entry`, `chance`, `description`) VALUES (10340, 5013, 0, "");
INSERT INTO `pool_gameobject` (`guid`, `pool_entry`, `chance`, `description`) VALUES (10336, 5013, 0, "");
INSERT INTO `pool_gameobject` (`guid`, `pool_entry`, `chance`, `description`) VALUES (10331, 5013, 50, "");
INSERT INTO `pool_template` (`entry`, `max_limit`, `description`) VALUES (5022, 1, "Loch Modan Local Minerals 56");
INSERT INTO `pool_gameobject` (`guid`, `pool_entry`, `chance`, `description`) VALUES (10365, 5022, 0, "");
INSERT INTO `pool_gameobject` (`guid`, `pool_entry`, `chance`, `description`) VALUES (10364, 5022, 0, "");
INSERT INTO `pool_template` (`entry`, `max_limit`, `description`) VALUES (5046, 1, "Loch Modan Local Minerals 57");
INSERT INTO `pool_gameobject` (`guid`, `pool_entry`, `chance`, `description`) VALUES (10359, 5046, 0, "");
INSERT INTO `pool_gameobject` (`guid`, `pool_entry`, `chance`, `description`) VALUES (10358, 5046, 0, "");
INSERT INTO `pool_gameobject` (`guid`, `pool_entry`, `chance`, `description`) VALUES (10463, 5046, 34, "");
INSERT INTO `pool_gameobject` (`guid`, `pool_entry`, `chance`, `description`) VALUES (10537, 5046, 6, "");
INSERT INTO `pool_template` (`entry`, `max_limit`, `description`) VALUES (5061, 1, "Loch Modan Local Minerals 58");
INSERT INTO `pool_gameobject` (`guid`, `pool_entry`, `chance`, `description`) VALUES (10333, 5061, 0, "");
INSERT INTO `pool_gameobject` (`guid`, `pool_entry`, `chance`, `description`) VALUES (10321, 5061, 0, "");
INSERT INTO `pool_gameobject` (`guid`, `pool_entry`, `chance`, `description`) VALUES (10320, 5061, 40, "");
INSERT INTO `pool_template` (`entry`, `max_limit`, `description`) VALUES (5069, 1, "Loch Modan Silver Stream Mine Mineral Nodes 1");
INSERT INTO `pool_gameobject` (`guid`, `pool_entry`, `chance`, `description`) VALUES (10357, 5069, 0, "");
INSERT INTO `pool_gameobject` (`guid`, `pool_entry`, `chance`, `description`) VALUES (10356, 5069, 0, "");
INSERT INTO `pool_gameobject` (`guid`, `pool_entry`, `chance`, `description`) VALUES (10346, 5069, 45, "");
INSERT INTO `pool_template` (`entry`, `max_limit`, `description`) VALUES (5128, 1, "Loch Modan Silver Stream Mine Mineral Nodes 2");
INSERT INTO `pool_gameobject` (`guid`, `pool_entry`, `chance`, `description`) VALUES (10341, 5128, 0, "");
INSERT INTO `pool_gameobject` (`guid`, `pool_entry`, `chance`, `description`) VALUES (10342, 5128, 0, "");
INSERT INTO `pool_gameobject` (`guid`, `pool_entry`, `chance`, `description`) VALUES (10337, 5128, 0, "");
INSERT INTO `pool_gameobject` (`guid`, `pool_entry`, `chance`, `description`) VALUES (10335, 5128, 0, "");
INSERT INTO `pool_gameobject` (`guid`, `pool_entry`, `chance`, `description`) VALUES (10343, 5128, 0, "");
INSERT INTO `pool_template` (`entry`, `max_limit`, `description`) VALUES (5147, 1, "Loch Modan Local Minerals 59");
INSERT INTO `pool_gameobject` (`guid`, `pool_entry`, `chance`, `description`) VALUES (10349, 5147, 40, "");
INSERT INTO `pool_gameobject` (`guid`, `pool_entry`, `chance`, `description`) VALUES (10344, 5147, 0, "");
INSERT INTO `pool_gameobject` (`guid`, `pool_entry`, `chance`, `description`) VALUES (10338, 5147, 0, "");

-- Pool Pooling
INSERT INTO `pool_template` (`entry`, `max_limit`, `description`) VALUES (1329, 3, "Loch Modan South East Mineral Nodes");
INSERT INTO `pool_pool` (`pool_id`, `mother_pool`, `chance`, `description`) VALUES (1327, 1329, 0, "");
INSERT INTO `pool_pool` (`pool_id`, `mother_pool`, `chance`, `description`) VALUES (2401, 1329, 0, "");
INSERT INTO `pool_pool` (`pool_id`, `mother_pool`, `chance`, `description`) VALUES (1569, 1329, 0, "");
INSERT INTO `pool_pool` (`pool_id`, `mother_pool`, `chance`, `description`) VALUES (2442, 1329, 0, "");
INSERT INTO `pool_pool` (`pool_id`, `mother_pool`, `chance`, `description`) VALUES (4895, 1329, 0, "");
INSERT INTO `pool_template` (`entry`, `max_limit`, `description`) VALUES (1571, 3, "Loch Modan East Mineral Nodes");
INSERT INTO `pool_pool` (`pool_id`, `mother_pool`, `chance`, `description`) VALUES (1797, 1571, 0, "");
INSERT INTO `pool_pool` (`pool_id`, `mother_pool`, `chance`, `description`) VALUES (1751, 1571, 12, "");
INSERT INTO `pool_pool` (`pool_id`, `mother_pool`, `chance`, `description`) VALUES (1984, 1571, 0, "");
INSERT INTO `pool_pool` (`pool_id`, `mother_pool`, `chance`, `description`) VALUES (3878, 1571, 0, "");
INSERT INTO `pool_pool` (`pool_id`, `mother_pool`, `chance`, `description`) VALUES (4863, 1571, 8, "");
INSERT INTO `pool_pool` (`pool_id`, `mother_pool`, `chance`, `description`) VALUES (4646, 1571, 0, "");
INSERT INTO `pool_template` (`entry`, `max_limit`, `description`) VALUES (1753, 2, "Loch Modan North East Mineral Nodes 1");
INSERT INTO `pool_pool` (`pool_id`, `mother_pool`, `chance`, `description`) VALUES (1881, 1753, 0, "");
INSERT INTO `pool_pool` (`pool_id`, `mother_pool`, `chance`, `description`) VALUES (1798, 1753, 0, "");
INSERT INTO `pool_pool` (`pool_id`, `mother_pool`, `chance`, `description`) VALUES (4926, 1753, 0, "");
INSERT INTO `pool_pool` (`pool_id`, `mother_pool`, `chance`, `description`) VALUES (1985, 1753, 0, "");
INSERT INTO `pool_pool` (`pool_id`, `mother_pool`, `chance`, `description`) VALUES (1880, 1753, 0, "");
INSERT INTO `pool_template` (`entry`, `max_limit`, `description`) VALUES (1799, 3, "Loch Modan North East Mineral Nodes 2");
INSERT INTO `pool_pool` (`pool_id`, `mother_pool`, `chance`, `description`) VALUES (4943, 1799, 0, "");
INSERT INTO `pool_pool` (`pool_id`, `mother_pool`, `chance`, `description`) VALUES (2402, 1799, 5, "");
INSERT INTO `pool_pool` (`pool_id`, `mother_pool`, `chance`, `description`) VALUES (4952, 1799, 0, "");
INSERT INTO `pool_pool` (`pool_id`, `mother_pool`, `chance`, `description`) VALUES (4970, 1799, 0, "");
INSERT INTO `pool_pool` (`pool_id`, `mother_pool`, `chance`, `description`) VALUES (4973, 1799, 0, "");
INSERT INTO `pool_template` (`entry`, `max_limit`, `description`) VALUES (1882, 2, "Loch Modan Mogrosh Stronghold Cave Mineral Nodes");
INSERT INTO `pool_pool` (`pool_id`, `mother_pool`, `chance`, `description`) VALUES (1328, 1882, 50, "");
INSERT INTO `pool_pool` (`pool_id`, `mother_pool`, `chance`, `description`) VALUES (1570, 1882, 0, "");
INSERT INTO `pool_pool` (`pool_id`, `mother_pool`, `chance`, `description`) VALUES (1752, 1882, 0, "");
INSERT INTO `pool_template` (`entry`, `max_limit`, `description`) VALUES (1986, 2, "Loch Modan Ironband Excavation Site Mineral Nodes");
INSERT INTO `pool_pool` (`pool_id`, `mother_pool`, `chance`, `description`) VALUES (3248, 1986, 0, "");
INSERT INTO `pool_pool` (`pool_id`, `mother_pool`, `chance`, `description`) VALUES (3215, 1986, 0, "");
INSERT INTO `pool_pool` (`pool_id`, `mother_pool`, `chance`, `description`) VALUES (3291, 1986, 0, "");
INSERT INTO `pool_template` (`entry`, `max_limit`, `description`) VALUES (2403, 2, "Loch Modan South Mineral Nodes");
INSERT INTO `pool_pool` (`pool_id`, `mother_pool`, `chance`, `description`) VALUES (2443, 2403, 0, "");
INSERT INTO `pool_pool` (`pool_id`, `mother_pool`, `chance`, `description`) VALUES (4978, 2403, 0, "");
INSERT INTO `pool_pool` (`pool_id`, `mother_pool`, `chance`, `description`) VALUES (4990, 2403, 0, "");
INSERT INTO `pool_pool` (`pool_id`, `mother_pool`, `chance`, `description`) VALUES (4996, 2403, 0, "");
INSERT INTO `pool_template` (`entry`, `max_limit`, `description`) VALUES (2444, 2, "Loch Modan The Loch Mineral Nodes");
INSERT INTO `pool_pool` (`pool_id`, `mother_pool`, `chance`, `description`) VALUES (5010, 2444, 0, "");
INSERT INTO `pool_pool` (`pool_id`, `mother_pool`, `chance`, `description`) VALUES (5021, 2444, 0, "");
INSERT INTO `pool_pool` (`pool_id`, `mother_pool`, `chance`, `description`) VALUES (5028, 2444, 0, "");
INSERT INTO `pool_pool` (`pool_id`, `mother_pool`, `chance`, `description`) VALUES (5026, 2444, 0, "");
INSERT INTO `pool_template` (`entry`, `max_limit`, `description`) VALUES (3217, 2, "Loch Modan North West Mineral Nodes");
INSERT INTO `pool_pool` (`pool_id`, `mother_pool`, `chance`, `description`) VALUES (5022, 3217, 15, "");
INSERT INTO `pool_pool` (`pool_id`, `mother_pool`, `chance`, `description`) VALUES (5046, 3217, 0, "");
INSERT INTO `pool_pool` (`pool_id`, `mother_pool`, `chance`, `description`) VALUES (5037, 3217, 0, "");
INSERT INTO `pool_pool` (`pool_id`, `mother_pool`, `chance`, `description`) VALUES (5061, 3217, 35, "");
INSERT INTO `pool_template` (`entry`, `max_limit`, `description`) VALUES (3250, 3, "Loch Modan South West Mineral Nodes 1");
INSERT INTO `pool_pool` (`pool_id`, `mother_pool`, `chance`, `description`) VALUES (5045, 3250, 20, "");
INSERT INTO `pool_pool` (`pool_id`, `mother_pool`, `chance`, `description`) VALUES (5048, 3250, 20, "");
INSERT INTO `pool_pool` (`pool_id`, `mother_pool`, `chance`, `description`) VALUES (5050, 3250, 0, "");
INSERT INTO `pool_pool` (`pool_id`, `mother_pool`, `chance`, `description`) VALUES (5091, 3250, 0, "");
INSERT INTO `pool_pool` (`pool_id`, `mother_pool`, `chance`, `description`) VALUES (5060, 3250, 0, "");
INSERT INTO `pool_pool` (`pool_id`, `mother_pool`, `chance`, `description`) VALUES (5096, 3250, 0, "");
INSERT INTO `pool_pool` (`pool_id`, `mother_pool`, `chance`, `description`) VALUES (5068, 3250, 0, "");
INSERT INTO `pool_template` (`entry`, `max_limit`, `description`) VALUES (3293, 1, "Loch Modan South West Mineral Nodes 2");
INSERT INTO `pool_pool` (`pool_id`, `mother_pool`, `chance`, `description`) VALUES (5093, 3293, 0, "");
INSERT INTO `pool_pool` (`pool_id`, `mother_pool`, `chance`, `description`) VALUES (5107, 3293, 0, "");
INSERT INTO `pool_pool` (`pool_id`, `mother_pool`, `chance`, `description`) VALUES (5114, 3293, 0, "");
INSERT INTO `pool_template` (`entry`, `max_limit`, `description`) VALUES (3880, 3, "Loch Modan Stonesplinter Valley Cave Mineral Nodes");
INSERT INTO `pool_pool` (`pool_id`, `mother_pool`, `chance`, `description`) VALUES (3249, 3880, 0, "");
INSERT INTO `pool_pool` (`pool_id`, `mother_pool`, `chance`, `description`) VALUES (3292, 3880, 0, "");
INSERT INTO `pool_pool` (`pool_id`, `mother_pool`, `chance`, `description`) VALUES (4974, 3880, 0, "");
INSERT INTO `pool_pool` (`pool_id`, `mother_pool`, `chance`, `description`) VALUES (4991, 3880, 0, "");
INSERT INTO `pool_pool` (`pool_id`, `mother_pool`, `chance`, `description`) VALUES (4997, 3880, 10, "");
INSERT INTO `pool_template` (`entry`, `max_limit`, `description`) VALUES (4998, 2, "Loch Modan South West Mineral Nodes 3");
INSERT INTO `pool_pool` (`pool_id`, `mother_pool`, `chance`, `description`) VALUES (3216, 4998, 0, "");
INSERT INTO `pool_pool` (`pool_id`, `mother_pool`, `chance`, `description`) VALUES (3879, 4998, 0, "");
INSERT INTO `pool_pool` (`pool_id`, `mother_pool`, `chance`, `description`) VALUES (5013, 4998, 0, "");
INSERT INTO `pool_pool` (`pool_id`, `mother_pool`, `chance`, `description`) VALUES (4864, 4998, 0, "");
INSERT INTO `pool_template` (`entry`, `max_limit`, `description`) VALUES (5014, 2, "Loch Modan West Mineral Nodes 1");
INSERT INTO `pool_pool` (`pool_id`, `mother_pool`, `chance`, `description`) VALUES (5118, 5014, 0, "");
INSERT INTO `pool_pool` (`pool_id`, `mother_pool`, `chance`, `description`) VALUES (5124, 5014, 0, "");
INSERT INTO `pool_pool` (`pool_id`, `mother_pool`, `chance`, `description`) VALUES (5127, 5014, 0, "");
INSERT INTO `pool_template` (`entry`, `max_limit`, `description`) VALUES (5023, 2, "Loch Modan Silver Stream Mine Mineral Nodes");
INSERT INTO `pool_pool` (`pool_id`, `mother_pool`, `chance`, `description`) VALUES (5069, 5023, 0, "");
INSERT INTO `pool_pool` (`pool_id`, `mother_pool`, `chance`, `description`) VALUES (5147, 5023, 0, "");
INSERT INTO `pool_pool` (`pool_id`, `mother_pool`, `chance`, `description`) VALUES (5128, 5023, 0, "");
INSERT INTO `pool_template` (`entry`, `max_limit`, `description`) VALUES (5062, 2, "Loch Modan West Mineral Nodes 2");
INSERT INTO `pool_pool` (`pool_id`, `mother_pool`, `chance`, `description`) VALUES (5412, 5062, 0, "");
INSERT INTO `pool_pool` (`pool_id`, `mother_pool`, `chance`, `description`) VALUES (5416, 5062, 0, "");
INSERT INTO `pool_pool` (`pool_id`, `mother_pool`, `chance`, `description`) VALUES (5405, 5062, 0, "");
INSERT INTO `pool_pool` (`pool_id`, `mother_pool`, `chance`, `description`) VALUES (5410, 5062, 0, "");
INSERT INTO `pool_pool` (`pool_id`, `mother_pool`, `chance`, `description`) VALUES (5146, 5062, 0, "");

-- Redridge Mountains:
-- Local Pooling
INSERT INTO `pool_template` (`entry`, `max_limit`, `description`) VALUES (1341, 1, "Redridge Mountains Local Minerals 1");
INSERT INTO `pool_gameobject` (`guid`, `pool_entry`, `chance`, `description`) VALUES (11504, 1341, 60, "");
INSERT INTO `pool_gameobject` (`guid`, `pool_entry`, `chance`, `description`) VALUES (11709, 1341, 10, "");
INSERT INTO `pool_gameobject` (`guid`, `pool_entry`, `chance`, `description`) VALUES (10639, 1341, 0, "");
INSERT INTO `pool_template` (`entry`, `max_limit`, `description`) VALUES (1583, 1, "Redridge Mountains Local Minerals 2");
INSERT INTO `pool_gameobject` (`guid`, `pool_entry`, `chance`, `description`) VALUES (11503, 1583, 60, "");
INSERT INTO `pool_gameobject` (`guid`, `pool_entry`, `chance`, `description`) VALUES (76149, 1583, 0, "");
INSERT INTO `pool_gameobject` (`guid`, `pool_entry`, `chance`, `description`) VALUES (10638, 1583, 0, "");
INSERT INTO `pool_template` (`entry`, `max_limit`, `description`) VALUES (1894, 1, "Redridge Mountains Local Minerals 3");
INSERT INTO `pool_gameobject` (`guid`, `pool_entry`, `chance`, `description`) VALUES (11502, 1894, 0, "");
INSERT INTO `pool_gameobject` (`guid`, `pool_entry`, `chance`, `description`) VALUES (11708, 1894, 10, "");
INSERT INTO `pool_gameobject` (`guid`, `pool_entry`, `chance`, `description`) VALUES (11495, 1894, 0, "");
INSERT INTO `pool_template` (`entry`, `max_limit`, `description`) VALUES (1998, 1, "Redridge Mountains Local Minerals 4");
INSERT INTO `pool_gameobject` (`guid`, `pool_entry`, `chance`, `description`) VALUES (10637, 1998, 0, "");
INSERT INTO `pool_gameobject` (`guid`, `pool_entry`, `chance`, `description`) VALUES (10634, 1998, 0, "");
INSERT INTO `pool_gameobject` (`guid`, `pool_entry`, `chance`, `description`) VALUES (10633, 1998, 0, "");
INSERT INTO `pool_gameobject` (`guid`, `pool_entry`, `chance`, `description`) VALUES (11706, 1998, 10, "");
INSERT INTO `pool_gameobject` (`guid`, `pool_entry`, `chance`, `description`) VALUES (11482, 1998, 60, "");
INSERT INTO `pool_template` (`entry`, `max_limit`, `description`) VALUES (2038, 1, "Redridge Mountains Local Minerals 5");
INSERT INTO `pool_gameobject` (`guid`, `pool_entry`, `chance`, `description`) VALUES (11492, 2038, 25, "");
INSERT INTO `pool_gameobject` (`guid`, `pool_entry`, `chance`, `description`) VALUES (10636, 2038, 0, "");
INSERT INTO `pool_gameobject` (`guid`, `pool_entry`, `chance`, `description`) VALUES (10635, 2038, 0, "");
INSERT INTO `pool_gameobject` (`guid`, `pool_entry`, `chance`, `description`) VALUES (11483, 2038, 25, "");
INSERT INTO `pool_gameobject` (`guid`, `pool_entry`, `chance`, `description`) VALUES (11707, 2038, 7, "");
INSERT INTO `pool_template` (`entry`, `max_limit`, `description`) VALUES (2058, 1, "Redridge Mountains Local Minerals 6");
INSERT INTO `pool_gameobject` (`guid`, `pool_entry`, `chance`, `description`) VALUES (11491, 2058, 0, "");
INSERT INTO `pool_gameobject` (`guid`, `pool_entry`, `chance`, `description`) VALUES (11486, 2058, 0, "");
INSERT INTO `pool_gameobject` (`guid`, `pool_entry`, `chance`, `description`) VALUES (10632, 2058, 0, "");
INSERT INTO `pool_gameobject` (`guid`, `pool_entry`, `chance`, `description`) VALUES (10631, 2058, 0, "");
INSERT INTO `pool_gameobject` (`guid`, `pool_entry`, `chance`, `description`) VALUES (11481, 2058, 0, "");
INSERT INTO `pool_gameobject` (`guid`, `pool_entry`, `chance`, `description`) VALUES (11703, 2058, 7, "");
INSERT INTO `pool_template` (`entry`, `max_limit`, `description`) VALUES (2090, 1, "Redridge Mountains Local Minerals 7");
INSERT INTO `pool_gameobject` (`guid`, `pool_entry`, `chance`, `description`) VALUES (11479, 2090, 60, "");
INSERT INTO `pool_gameobject` (`guid`, `pool_entry`, `chance`, `description`) VALUES (10628, 2090, 0, "");
INSERT INTO `pool_gameobject` (`guid`, `pool_entry`, `chance`, `description`) VALUES (10626, 2090, 0, "");
INSERT INTO `pool_template` (`entry`, `max_limit`, `description`) VALUES (4182, 1, "Redridge Mountains Local Minerals 8");
INSERT INTO `pool_gameobject` (`guid`, `pool_entry`, `chance`, `description`) VALUES (10629, 4182, 0, "");
INSERT INTO `pool_gameobject` (`guid`, `pool_entry`, `chance`, `description`) VALUES (11417, 4182, 60, "");
INSERT INTO `pool_gameobject` (`guid`, `pool_entry`, `chance`, `description`) VALUES (10624, 4182, 0, "");
INSERT INTO `pool_template` (`entry`, `max_limit`, `description`) VALUES (2268, 1, "Redridge Mountains Local Minerals 9");
INSERT INTO `pool_gameobject` (`guid`, `pool_entry`, `chance`, `description`) VALUES (10627, 2268, 0, "");
INSERT INTO `pool_gameobject` (`guid`, `pool_entry`, `chance`, `description`) VALUES (10625, 2268, 0, "");
INSERT INTO `pool_gameobject` (`guid`, `pool_entry`, `chance`, `description`) VALUES (11441, 2268, 60, "");
INSERT INTO `pool_template` (`entry`, `max_limit`, `description`) VALUES (2290, 1, "Redridge Mountains Local Minerals 10");
INSERT INTO `pool_gameobject` (`guid`, `pool_entry`, `chance`, `description`) VALUES (11416, 2290, 0, "");
INSERT INTO `pool_gameobject` (`guid`, `pool_entry`, `chance`, `description`) VALUES (11415, 2290, 0, "");
INSERT INTO `pool_gameobject` (`guid`, `pool_entry`, `chance`, `description`) VALUES (11241, 2290, 0, "");
INSERT INTO `pool_gameobject` (`guid`, `pool_entry`, `chance`, `description`) VALUES (11194, 2290, 0, "");
INSERT INTO `pool_template` (`entry`, `max_limit`, `description`) VALUES (2329, 1, "Redridge Mountains Local Minerals 11");
INSERT INTO `pool_gameobject` (`guid`, `pool_entry`, `chance`, `description`) VALUES (11480, 2329, 0, "");
INSERT INTO `pool_gameobject` (`guid`, `pool_entry`, `chance`, `description`) VALUES (11442, 2329, 0, "");
INSERT INTO `pool_gameobject` (`guid`, `pool_entry`, `chance`, `description`) VALUES (10630, 2329, 0, "");
INSERT INTO `pool_template` (`entry`, `max_limit`, `description`) VALUES (2413, 1, "Redridge Mountains Local Minerals 12");
INSERT INTO `pool_gameobject` (`guid`, `pool_entry`, `chance`, `description`) VALUES (11702, 2413, 10, "");
INSERT INTO `pool_gameobject` (`guid`, `pool_entry`, `chance`, `description`) VALUES (11440, 2413, 60, "");
INSERT INTO `pool_gameobject` (`guid`, `pool_entry`, `chance`, `description`) VALUES (10623, 2413, 0, "");
INSERT INTO `pool_template` (`entry`, `max_limit`, `description`) VALUES (2453, 1, "Redridge Mountains Local Minerals 13");
INSERT INTO `pool_gameobject` (`guid`, `pool_entry`, `chance`, `description`) VALUES (10622, 2453, 0, "");
INSERT INTO `pool_gameobject` (`guid`, `pool_entry`, `chance`, `description`) VALUES (11193, 2453, 0, "");
INSERT INTO `pool_gameobject` (`guid`, `pool_entry`, `chance`, `description`) VALUES (11701, 2453, 5, "");
INSERT INTO `pool_gameobject` (`guid`, `pool_entry`, `chance`, `description`) VALUES (11192, 2453, 0, "");
INSERT INTO `pool_template` (`entry`, `max_limit`, `description`) VALUES (3045, 1, "Redridge Mountains Local Minerals 14");
INSERT INTO `pool_gameobject` (`guid`, `pool_entry`, `chance`, `description`) VALUES (10621, 3045, 0, "");
INSERT INTO `pool_gameobject` (`guid`, `pool_entry`, `chance`, `description`) VALUES (10620, 3045, 0, "");
INSERT INTO `pool_gameobject` (`guid`, `pool_entry`, `chance`, `description`) VALUES (10614, 3045, 30, "");
INSERT INTO `pool_gameobject` (`guid`, `pool_entry`, `chance`, `description`) VALUES (11183, 3045, 40, "");
INSERT INTO `pool_template` (`entry`, `max_limit`, `description`) VALUES (3072, 1, "Redridge Mountains Local Minerals 15");
INSERT INTO `pool_gameobject` (`guid`, `pool_entry`, `chance`, `description`) VALUES (10619, 3072, 0, "");
INSERT INTO `pool_gameobject` (`guid`, `pool_entry`, `chance`, `description`) VALUES (10618, 3072, 0, "");
INSERT INTO `pool_gameobject` (`guid`, `pool_entry`, `chance`, `description`) VALUES (11185, 3072, 0, "");
INSERT INTO `pool_gameobject` (`guid`, `pool_entry`, `chance`, `description`) VALUES (11697, 3072, 5, "");
INSERT INTO `pool_template` (`entry`, `max_limit`, `description`) VALUES (3094, 1, "Redridge Mountains Local Minerals 16");
INSERT INTO `pool_gameobject` (`guid`, `pool_entry`, `chance`, `description`) VALUES (11191, 3094, 0, "");
INSERT INTO `pool_gameobject` (`guid`, `pool_entry`, `chance`, `description`) VALUES (11190, 3094, 0, "");
INSERT INTO `pool_gameobject` (`guid`, `pool_entry`, `chance`, `description`) VALUES (11187, 3094, 50, "");
INSERT INTO `pool_template` (`entry`, `max_limit`, `description`) VALUES (3116, 1, "Redridge Mountains Local Minerals 17");
INSERT INTO `pool_gameobject` (`guid`, `pool_entry`, `chance`, `description`) VALUES (11189, 3116, 0, "");
INSERT INTO `pool_gameobject` (`guid`, `pool_entry`, `chance`, `description`) VALUES (11188, 3116, 0, "");
INSERT INTO `pool_gameobject` (`guid`, `pool_entry`, `chance`, `description`) VALUES (10617, 3116, 50, "");
INSERT INTO `pool_template` (`entry`, `max_limit`, `description`) VALUES (3124, 1, "Redridge Mountains Local Minerals 18");
INSERT INTO `pool_gameobject` (`guid`, `pool_entry`, `chance`, `description`) VALUES (11186, 3124, 0, "");
INSERT INTO `pool_gameobject` (`guid`, `pool_entry`, `chance`, `description`) VALUES (11698, 3124, 5, "");
INSERT INTO `pool_gameobject` (`guid`, `pool_entry`, `chance`, `description`) VALUES (10616, 3124, 0, "");
INSERT INTO `pool_gameobject` (`guid`, `pool_entry`, `chance`, `description`) VALUES (10615, 3124, 0, "");
INSERT INTO `pool_template` (`entry`, `max_limit`, `description`) VALUES (3158, 1, "Redridge Mountains Local Minerals 19");
INSERT INTO `pool_gameobject` (`guid`, `pool_entry`, `chance`, `description`) VALUES (11184, 3158, 0, "");
INSERT INTO `pool_gameobject` (`guid`, `pool_entry`, `chance`, `description`) VALUES (10613, 3158, 0, "");
INSERT INTO `pool_template` (`entry`, `max_limit`, `description`) VALUES (3190, 1, "Redridge Mountains Local Minerals 20");
INSERT INTO `pool_gameobject` (`guid`, `pool_entry`, `chance`, `description`) VALUES (11180, 3190, 0, "");
INSERT INTO `pool_gameobject` (`guid`, `pool_entry`, `chance`, `description`) VALUES (11179, 3190, 0, "");
INSERT INTO `pool_gameobject` (`guid`, `pool_entry`, `chance`, `description`) VALUES (10612, 3190, 0, "");
INSERT INTO `pool_gameobject` (`guid`, `pool_entry`, `chance`, `description`) VALUES (10611, 3190, 0, "");
INSERT INTO `pool_gameobject` (`guid`, `pool_entry`, `chance`, `description`) VALUES (10608, 3190, 0, "");
INSERT INTO `pool_gameobject` (`guid`, `pool_entry`, `chance`, `description`) VALUES (10607, 3190, 0, "");
INSERT INTO `pool_template` (`entry`, `max_limit`, `description`) VALUES (3224, 1, "Redridge Mountains Local Minerals 21");
INSERT INTO `pool_gameobject` (`guid`, `pool_entry`, `chance`, `description`) VALUES (10610, 3224, 0, "");
INSERT INTO `pool_gameobject` (`guid`, `pool_entry`, `chance`, `description`) VALUES (10609, 3224, 0, "");
INSERT INTO `pool_gameobject` (`guid`, `pool_entry`, `chance`, `description`) VALUES (10605, 3224, 0, "");
INSERT INTO `pool_template` (`entry`, `max_limit`, `description`) VALUES (3257, 1, "Redridge Mountains Local Minerals 22");
INSERT INTO `pool_gameobject` (`guid`, `pool_entry`, `chance`, `description`) VALUES (11178, 3257, 0, "");
INSERT INTO `pool_gameobject` (`guid`, `pool_entry`, `chance`, `description`) VALUES (11690, 3257, 7, "");
INSERT INTO `pool_gameobject` (`guid`, `pool_entry`, `chance`, `description`) VALUES (11177, 3257, 0, "");
INSERT INTO `pool_template` (`entry`, `max_limit`, `description`) VALUES (3300, 2, "Redridge Mountains Local Minerals 23");
INSERT INTO `pool_gameobject` (`guid`, `pool_entry`, `chance`, `description`) VALUES (10606, 3300, 0, "");
INSERT INTO `pool_gameobject` (`guid`, `pool_entry`, `chance`, `description`) VALUES (10599, 3300, 0, "");
INSERT INTO `pool_template` (`entry`, `max_limit`, `description`) VALUES (3430, 1, "Redridge Mountains Local Minerals 24");
INSERT INTO `pool_gameobject` (`guid`, `pool_entry`, `chance`, `description`) VALUES (11173, 3430, 60, "");
INSERT INTO `pool_gameobject` (`guid`, `pool_entry`, `chance`, `description`) VALUES (10604, 3430, 0, "");
INSERT INTO `pool_template` (`entry`, `max_limit`, `description`) VALUES (3437, 1, "Redridge Mountains Local Minerals 25");
INSERT INTO `pool_gameobject` (`guid`, `pool_entry`, `chance`, `description`) VALUES (10603, 3437, 0, "");
INSERT INTO `pool_gameobject` (`guid`, `pool_entry`, `chance`, `description`) VALUES (10602, 3437, 0, "");
INSERT INTO `pool_gameobject` (`guid`, `pool_entry`, `chance`, `description`) VALUES (11172, 3437, 0, "");
INSERT INTO `pool_gameobject` (`guid`, `pool_entry`, `chance`, `description`) VALUES (11689, 3437, 15, "");
INSERT INTO `pool_template` (`entry`, `max_limit`, `description`) VALUES (3444, 1, "Redridge Mountains Local Minerals 26");
INSERT INTO `pool_gameobject` (`guid`, `pool_entry`, `chance`, `description`) VALUES (10601, 3444, 0, "");
INSERT INTO `pool_gameobject` (`guid`, `pool_entry`, `chance`, `description`) VALUES (10600, 3444, 0, "");
INSERT INTO `pool_gameobject` (`guid`, `pool_entry`, `chance`, `description`) VALUES (11171, 3444, 0, "");
INSERT INTO `pool_gameobject` (`guid`, `pool_entry`, `chance`, `description`) VALUES (11688, 3444, 7, "");
INSERT INTO `pool_template` (`entry`, `max_limit`, `description`) VALUES (3448, 1, "Redridge Mountains Local Minerals 27");
INSERT INTO `pool_gameobject` (`guid`, `pool_entry`, `chance`, `description`) VALUES (11687, 3448, 5, "");
INSERT INTO `pool_gameobject` (`guid`, `pool_entry`, `chance`, `description`) VALUES (11170, 3448, 45, "");
INSERT INTO `pool_gameobject` (`guid`, `pool_entry`, `chance`, `description`) VALUES (11169, 3448, 0, "");
INSERT INTO `pool_gameobject` (`guid`, `pool_entry`, `chance`, `description`) VALUES (11168, 3448, 0, "");
INSERT INTO `pool_template` (`entry`, `max_limit`, `description`) VALUES (3470, 1, "Redridge Mountains Local Minerals 28");
INSERT INTO `pool_gameobject` (`guid`, `pool_entry`, `chance`, `description`) VALUES (10598, 3470, 0, "");
INSERT INTO `pool_gameobject` (`guid`, `pool_entry`, `chance`, `description`) VALUES (10597, 3470, 0, "");
INSERT INTO `pool_gameobject` (`guid`, `pool_entry`, `chance`, `description`) VALUES (11166, 3470, 45, "");
INSERT INTO `pool_gameobject` (`guid`, `pool_entry`, `chance`, `description`) VALUES (11666, 3470, 5, "");
INSERT INTO `pool_template` (`entry`, `max_limit`, `description`) VALUES (3476, 1, "Redridge Mountains Local Minerals 29");
INSERT INTO `pool_gameobject` (`guid`, `pool_entry`, `chance`, `description`) VALUES (10595, 3476, 0, "");
INSERT INTO `pool_gameobject` (`guid`, `pool_entry`, `chance`, `description`) VALUES (10594, 3476, 0, "");
INSERT INTO `pool_gameobject` (`guid`, `pool_entry`, `chance`, `description`) VALUES (10593, 3476, 0, "");
INSERT INTO `pool_gameobject` (`guid`, `pool_entry`, `chance`, `description`) VALUES (10596, 3476, 35, "");
INSERT INTO `pool_template` (`entry`, `max_limit`, `description`) VALUES (3482, 1, "Redridge Mountains Local Minerals 30");
INSERT INTO `pool_gameobject` (`guid`, `pool_entry`, `chance`, `description`) VALUES (11167, 3482, 0, "");
INSERT INTO `pool_gameobject` (`guid`, `pool_entry`, `chance`, `description`) VALUES (11680, 3482, 3, "");
INSERT INTO `pool_gameobject` (`guid`, `pool_entry`, `chance`, `description`) VALUES (11155, 3482, 0, "");
INSERT INTO `pool_gameobject` (`guid`, `pool_entry`, `chance`, `description`) VALUES (11665, 3482, 3, "");
INSERT INTO `pool_gameobject` (`guid`, `pool_entry`, `chance`, `description`) VALUES (11153, 3482, 0, "");
INSERT INTO `pool_gameobject` (`guid`, `pool_entry`, `chance`, `description`) VALUES (11663, 3482, 3, "");
INSERT INTO `pool_template` (`entry`, `max_limit`, `description`) VALUES (3488, 1, "Redridge Mountains Local Minerals 31");
INSERT INTO `pool_gameobject` (`guid`, `pool_entry`, `chance`, `description`) VALUES (10592, 3488, 0, "");
INSERT INTO `pool_gameobject` (`guid`, `pool_entry`, `chance`, `description`) VALUES (10591, 3488, 0, "");
INSERT INTO `pool_gameobject` (`guid`, `pool_entry`, `chance`, `description`) VALUES (10590, 3488, 0, "");
INSERT INTO `pool_gameobject` (`guid`, `pool_entry`, `chance`, `description`) VALUES (10589, 3488, 0, "");
INSERT INTO `pool_gameobject` (`guid`, `pool_entry`, `chance`, `description`) VALUES (10582, 3488, 35, "");
INSERT INTO `pool_template` (`entry`, `max_limit`, `description`) VALUES (3492, 1, "Redridge Mountains Local Minerals 32");
INSERT INTO `pool_gameobject` (`guid`, `pool_entry`, `chance`, `description`) VALUES (11154, 3492, 0, "");
INSERT INTO `pool_gameobject` (`guid`, `pool_entry`, `chance`, `description`) VALUES (11664, 3492, 5, "");
INSERT INTO `pool_gameobject` (`guid`, `pool_entry`, `chance`, `description`) VALUES (10588, 3492, 0, "");
INSERT INTO `pool_gameobject` (`guid`, `pool_entry`, `chance`, `description`) VALUES (10587, 3492, 0, "");
INSERT INTO `pool_template` (`entry`, `max_limit`, `description`) VALUES (3501, 1, "Redridge Mountains Local Minerals 33");
INSERT INTO `pool_gameobject` (`guid`, `pool_entry`, `chance`, `description`) VALUES (11152, 3501, 0, "");
INSERT INTO `pool_gameobject` (`guid`, `pool_entry`, `chance`, `description`) VALUES (11662, 3501, 2, "");
INSERT INTO `pool_gameobject` (`guid`, `pool_entry`, `chance`, `description`) VALUES (11012, 3501, 0, "");
INSERT INTO `pool_gameobject` (`guid`, `pool_entry`, `chance`, `description`) VALUES (11550, 3501, 2, "");
INSERT INTO `pool_gameobject` (`guid`, `pool_entry`, `chance`, `description`) VALUES (10967, 3501, 0, "");
INSERT INTO `pool_gameobject` (`guid`, `pool_entry`, `chance`, `description`) VALUES (11517, 3501, 2, "");
INSERT INTO `pool_template` (`entry`, `max_limit`, `description`) VALUES (3522, 1, "zzz");
INSERT INTO `pool_template` (`entry`, `max_limit`, `description`) VALUES (3526, 1, "Redridge Mountains Local Minerals 34");
INSERT INTO `pool_gameobject` (`guid`, `pool_entry`, `chance`, `description`) VALUES (11033, 3526, 0, "");
INSERT INTO `pool_gameobject` (`guid`, `pool_entry`, `chance`, `description`) VALUES (11656, 3526, 0, "");
INSERT INTO `pool_gameobject` (`guid`, `pool_entry`, `chance`, `description`) VALUES (11031, 3526, 0, "");
INSERT INTO `pool_template` (`entry`, `max_limit`, `description`) VALUES (3531, 1, "Redridge Mountains Local Minerals 35");
INSERT INTO `pool_gameobject` (`guid`, `pool_entry`, `chance`, `description`) VALUES (10951, 3531, 0, "");
INSERT INTO `pool_gameobject` (`guid`, `pool_entry`, `chance`, `description`) VALUES (11516, 3531, 10, "");
INSERT INTO `pool_gameobject` (`guid`, `pool_entry`, `chance`, `description`) VALUES (10950, 3531, 0, "");
INSERT INTO `pool_template` (`entry`, `max_limit`, `description`) VALUES (3543, 1, "Redridge Mountains Local Minerals 36");
INSERT INTO `pool_gameobject` (`guid`, `pool_entry`, `chance`, `description`) VALUES (10861, 3543, 0, "");
INSERT INTO `pool_gameobject` (`guid`, `pool_entry`, `chance`, `description`) VALUES (11515, 3543, 5, "");
INSERT INTO `pool_template` (`entry`, `max_limit`, `description`) VALUES (3553, 1, "Redridge Mountains Local Minerals 37");
INSERT INTO `pool_gameobject` (`guid`, `pool_entry`, `chance`, `description`) VALUES (10576, 3553, 0, "");
INSERT INTO `pool_gameobject` (`guid`, `pool_entry`, `chance`, `description`) VALUES (10575, 3553, 0, "");
INSERT INTO `pool_gameobject` (`guid`, `pool_entry`, `chance`, `description`) VALUES (10561, 3553, 50, "");
INSERT INTO `pool_template` (`entry`, `max_limit`, `description`) VALUES (3562, 1, "Redridge Mountains Local Minerals 38");
INSERT INTO `pool_gameobject` (`guid`, `pool_entry`, `chance`, `description`) VALUES (10571, 3562, 0, "");
INSERT INTO `pool_gameobject` (`guid`, `pool_entry`, `chance`, `description`) VALUES (10570, 3562, 0, "");
INSERT INTO `pool_gameobject` (`guid`, `pool_entry`, `chance`, `description`) VALUES (10567, 3562, 0, "");
INSERT INTO `pool_template` (`entry`, `max_limit`, `description`) VALUES (3568, 1, "Redridge Mountains Local Minerals 39");
INSERT INTO `pool_gameobject` (`guid`, `pool_entry`, `chance`, `description`) VALUES (10569, 3568, 0, "");
INSERT INTO `pool_gameobject` (`guid`, `pool_entry`, `chance`, `description`) VALUES (10568, 3568, 0, "");
INSERT INTO `pool_gameobject` (`guid`, `pool_entry`, `chance`, `description`) VALUES (10566, 3568, 0, "");
INSERT INTO `pool_gameobject` (`guid`, `pool_entry`, `chance`, `description`) VALUES (10565, 3568, 0, "");
INSERT INTO `pool_gameobject` (`guid`, `pool_entry`, `chance`, `description`) VALUES (10563, 3568, 0, "");
INSERT INTO `pool_gameobject` (`guid`, `pool_entry`, `chance`, `description`) VALUES (10562, 3568, 0, "");
INSERT INTO `pool_template` (`entry`, `max_limit`, `description`) VALUES (3582, 1, "Redridge Mountains Local Minerals 40");
INSERT INTO `pool_gameobject` (`guid`, `pool_entry`, `chance`, `description`) VALUES (10560, 3582, 0, "");
INSERT INTO `pool_gameobject` (`guid`, `pool_entry`, `chance`, `description`) VALUES (10559, 3582, 0, "");
INSERT INTO `pool_template` (`entry`, `max_limit`, `description`) VALUES (3591, 1, "Redridge Mountains Local Minerals 41");
INSERT INTO `pool_gameobject` (`guid`, `pool_entry`, `chance`, `description`) VALUES (10558, 3591, 0, "");
INSERT INTO `pool_gameobject` (`guid`, `pool_entry`, `chance`, `description`) VALUES (10557, 3591, 0, "");
INSERT INTO `pool_template` (`entry`, `max_limit`, `description`) VALUES (3596, 1, "Redridge Mountains Local Minerals 42");
INSERT INTO `pool_gameobject` (`guid`, `pool_entry`, `chance`, `description`) VALUES (10553, 3596, 0, "");
INSERT INTO `pool_gameobject` (`guid`, `pool_entry`, `chance`, `description`) VALUES (10554, 3596, 0, "");
INSERT INTO `pool_gameobject` (`guid`, `pool_entry`, `chance`, `description`) VALUES (10555, 3596, 0, "");
INSERT INTO `pool_gameobject` (`guid`, `pool_entry`, `chance`, `description`) VALUES (10556, 3596, 0, "");
INSERT INTO `pool_template` (`entry`, `max_limit`, `description`) VALUES (3599, 1, "Redridge Mountains Local Minerals 43");
INSERT INTO `pool_template` (`entry`, `max_limit`, `description`) VALUES (3604, 1, "Redridge Mountains Local Minerals 44");
INSERT INTO `pool_gameobject` (`guid`, `pool_entry`, `chance`, `description`) VALUES (10715, 3604, 0, "");
INSERT INTO `pool_gameobject` (`guid`, `pool_entry`, `chance`, `description`) VALUES (10714, 3604, 0, "");
INSERT INTO `pool_gameobject` (`guid`, `pool_entry`, `chance`, `description`) VALUES (10683, 3604, 0, "");
INSERT INTO `pool_gameobject` (`guid`, `pool_entry`, `chance`, `description`) VALUES (10660, 3604, 0, "");
INSERT INTO `pool_template` (`entry`, `max_limit`, `description`) VALUES (3613, 1, "Redridge Mountains Local Minerals 45");
INSERT INTO `pool_gameobject` (`guid`, `pool_entry`, `chance`, `description`) VALUES (11514, 3613, 10, "");
INSERT INTO `pool_gameobject` (`guid`, `pool_entry`, `chance`, `description`) VALUES (11875, 3613, 7, "");
INSERT INTO `pool_gameobject` (`guid`, `pool_entry`, `chance`, `description`) VALUES (11742, 3613, 0, "");
INSERT INTO `pool_gameobject` (`guid`, `pool_entry`, `chance`, `description`) VALUES (11741, 3613, 0, "");
INSERT INTO `pool_template` (`entry`, `max_limit`, `description`) VALUES (3622, 1, "Redridge Mountains Local Minerals 46");
INSERT INTO `pool_gameobject` (`guid`, `pool_entry`, `chance`, `description`) VALUES (10640, 3622, 0, "");
INSERT INTO `pool_gameobject` (`guid`, `pool_entry`, `chance`, `description`) VALUES (11506, 3622, 7, "");
INSERT INTO `pool_template` (`entry`, `max_limit`, `description`) VALUES (3625, 1, "Redridge Mountains Local Minerals 47");
INSERT INTO `pool_gameobject` (`guid`, `pool_entry`, `chance`, `description`) VALUES (10564, 3625, 0, "");
INSERT INTO `pool_gameobject` (`guid`, `pool_entry`, `chance`, `description`) VALUES (10657, 3625, 0, "");
INSERT INTO `pool_template` (`entry`, `max_limit`, `description`) VALUES (3629, 1, "Redridge Mountains Renders Rock Local Minerals 1");
INSERT INTO `pool_gameobject` (`guid`, `pool_entry`, `chance`, `description`) VALUES (10586, 3629, 7, "");
INSERT INTO `pool_gameobject` (`guid`, `pool_entry`, `chance`, `description`) VALUES (11151, 3629, 0, "");
INSERT INTO `pool_gameobject` (`guid`, `pool_entry`, `chance`, `description`) VALUES (11150, 3629, 0, "");
INSERT INTO `pool_gameobject` (`guid`, `pool_entry`, `chance`, `description`) VALUES (11657, 3629, 10, "");
INSERT INTO `pool_gameobject` (`guid`, `pool_entry`, `chance`, `description`) VALUES (10584, 3629, 7, "");
INSERT INTO `pool_gameobject` (`guid`, `pool_entry`, `chance`, `description`) VALUES (10583, 3629, 7, "");
INSERT INTO `pool_gameobject` (`guid`, `pool_entry`, `chance`, `description`) VALUES (11134, 3629, 0, "");
INSERT INTO `pool_template` (`entry`, `max_limit`, `description`) VALUES (3636, 1, "Redridge Mountains Renders Rock Local Minerals 2");
INSERT INTO `pool_gameobject` (`guid`, `pool_entry`, `chance`, `description`) VALUES (10585, 3636, 0, "");
INSERT INTO `pool_gameobject` (`guid`, `pool_entry`, `chance`, `description`) VALUES (11149, 3636, 0, "");
INSERT INTO `pool_gameobject` (`guid`, `pool_entry`, `chance`, `description`) VALUES (11148, 3636, 0, "");
INSERT INTO `pool_gameobject` (`guid`, `pool_entry`, `chance`, `description`) VALUES (11147, 3636, 0, "");
INSERT INTO `pool_gameobject` (`guid`, `pool_entry`, `chance`, `description`) VALUES (11146, 3636, 0, "");
INSERT INTO `pool_template` (`entry`, `max_limit`, `description`) VALUES (3639, 1, "Redridge Mountains Renders Rock Local Minerals 3");
INSERT INTO `pool_gameobject` (`guid`, `pool_entry`, `chance`, `description`) VALUES (11135, 3639, 0, "");
INSERT INTO `pool_gameobject` (`guid`, `pool_entry`, `chance`, `description`) VALUES (11035, 3639, 0, "");
INSERT INTO `pool_gameobject` (`guid`, `pool_entry`, `chance`, `description`) VALUES (11034, 3639, 0, "");
INSERT INTO `pool_gameobject` (`guid`, `pool_entry`, `chance`, `description`) VALUES (10581, 3639, 0, "");
INSERT INTO `pool_gameobject` (`guid`, `pool_entry`, `chance`, `description`) VALUES (11564, 3639, 25, "");
INSERT INTO `pool_template` (`entry`, `max_limit`, `description`) VALUES (3644, 1, "Redridge Mountains Renders Rock Local Minerals 4");
INSERT INTO `pool_gameobject` (`guid`, `pool_entry`, `chance`, `description`) VALUES (10968, 3644, 25, "");
INSERT INTO `pool_gameobject` (`guid`, `pool_entry`, `chance`, `description`) VALUES (10863, 3644, 25, "");
INSERT INTO `pool_gameobject` (`guid`, `pool_entry`, `chance`, `description`) VALUES (10578, 3644, 0, "");
INSERT INTO `pool_gameobject` (`guid`, `pool_entry`, `chance`, `description`) VALUES (10574, 3644, 0, "");
INSERT INTO `pool_gameobject` (`guid`, `pool_entry`, `chance`, `description`) VALUES (10853, 3644, 25, "");
INSERT INTO `pool_template` (`entry`, `max_limit`, `description`) VALUES (3648, 1, "Redridge Mountains Renders Rock Local Minerals 5");
INSERT INTO `pool_gameobject` (`guid`, `pool_entry`, `chance`, `description`) VALUES (11032, 3648, 0, "");
INSERT INTO `pool_gameobject` (`guid`, `pool_entry`, `chance`, `description`) VALUES (10969, 3648, 0, "");
INSERT INTO `pool_gameobject` (`guid`, `pool_entry`, `chance`, `description`) VALUES (10965, 3648, 0, "");
INSERT INTO `pool_gameobject` (`guid`, `pool_entry`, `chance`, `description`) VALUES (10964, 3648, 0, "");
INSERT INTO `pool_gameobject` (`guid`, `pool_entry`, `chance`, `description`) VALUES (10862, 3648, 0, "");
INSERT INTO `pool_template` (`entry`, `max_limit`, `description`) VALUES (3659, 1, "Redridge Mountains Renders Rock Local Minerals 6");
INSERT INTO `pool_gameobject` (`guid`, `pool_entry`, `chance`, `description`) VALUES (10577, 3659, 0, "");
INSERT INTO `pool_gameobject` (`guid`, `pool_entry`, `chance`, `description`) VALUES (10848, 3659, 0, "");
INSERT INTO `pool_gameobject` (`guid`, `pool_entry`, `chance`, `description`) VALUES (10778, 3659, 0, "");
INSERT INTO `pool_gameobject` (`guid`, `pool_entry`, `chance`, `description`) VALUES (10572, 3659, 0, "");
INSERT INTO `pool_template` (`entry`, `max_limit`, `description`) VALUES (3664, 1, "Redridge Mountains Renders Rock Local Minerals 7");
INSERT INTO `pool_gameobject` (`guid`, `pool_entry`, `chance`, `description`) VALUES (10580, 3664, 0, "");
INSERT INTO `pool_gameobject` (`guid`, `pool_entry`, `chance`, `description`) VALUES (11030, 3664, 0, "");
INSERT INTO `pool_gameobject` (`guid`, `pool_entry`, `chance`, `description`) VALUES (11011, 3664, 0, "");
INSERT INTO `pool_gameobject` (`guid`, `pool_entry`, `chance`, `description`) VALUES (10966, 3664, 0, "");
INSERT INTO `pool_gameobject` (`guid`, `pool_entry`, `chance`, `description`) VALUES (10947, 3664, 0, "");
INSERT INTO `pool_gameobject` (`guid`, `pool_entry`, `chance`, `description`) VALUES (10579, 3664, 0, "");
INSERT INTO `pool_template` (`entry`, `max_limit`, `description`) VALUES (3674, 1, "Redridge Mountains Renders Rock Local Minerals 8");
INSERT INTO `pool_gameobject` (`guid`, `pool_entry`, `chance`, `description`) VALUES (10843, 3674, 0, "");
INSERT INTO `pool_gameobject` (`guid`, `pool_entry`, `chance`, `description`) VALUES (10825, 3674, 0, "");
INSERT INTO `pool_gameobject` (`guid`, `pool_entry`, `chance`, `description`) VALUES (10573, 3674, 0, "");
INSERT INTO `pool_template` (`entry`, `max_limit`, `description`) VALUES (3676, 1, "Redridge Mountains Rethban Caverns Local Minerals 1");
INSERT INTO `pool_gameobject` (`guid`, `pool_entry`, `chance`, `description`) VALUES (11743, 3676, 0, "");
INSERT INTO `pool_gameobject` (`guid`, `pool_entry`, `chance`, `description`) VALUES (11874, 3676, 0, "");
INSERT INTO `pool_gameobject` (`guid`, `pool_entry`, `chance`, `description`) VALUES (11873, 3676, 0, "");
INSERT INTO `pool_gameobject` (`guid`, `pool_entry`, `chance`, `description`) VALUES (11513, 3676, 5, "");
INSERT INTO `pool_gameobject` (`guid`, `pool_entry`, `chance`, `description`) VALUES (11872, 3676, 0, "");
INSERT INTO `pool_gameobject` (`guid`, `pool_entry`, `chance`, `description`) VALUES (11512, 3676, 5, "");
INSERT INTO `pool_gameobject` (`guid`, `pool_entry`, `chance`, `description`) VALUES (11871, 3676, 0, "");
INSERT INTO `pool_gameobject` (`guid`, `pool_entry`, `chance`, `description`) VALUES (11509, 3676, 4, "");
INSERT INTO `pool_gameobject` (`guid`, `pool_entry`, `chance`, `description`) VALUES (11754, 3676, 0, "");
INSERT INTO `pool_gameobject` (`guid`, `pool_entry`, `chance`, `description`) VALUES (11738, 3676, 0, "");
INSERT INTO `pool_gameobject` (`guid`, `pool_entry`, `chance`, `description`) VALUES (11728, 3676, 0, "");
INSERT INTO `pool_gameobject` (`guid`, `pool_entry`, `chance`, `description`) VALUES (11753, 3676, 0, "");
INSERT INTO `pool_gameobject` (`guid`, `pool_entry`, `chance`, `description`) VALUES (11505, 3676, 4, "");
INSERT INTO `pool_gameobject` (`guid`, `pool_entry`, `chance`, `description`) VALUES (11750, 3676, 0, "");
INSERT INTO `pool_template` (`entry`, `max_limit`, `description`) VALUES (3678, 1, "Redridge Mountains Rethban Caverns Local Minerals 2");
INSERT INTO `pool_gameobject` (`guid`, `pool_entry`, `chance`, `description`) VALUES (11812, 3678, 15, "");
INSERT INTO `pool_gameobject` (`guid`, `pool_entry`, `chance`, `description`) VALUES (11510, 3678, 8, "");
INSERT INTO `pool_gameobject` (`guid`, `pool_entry`, `chance`, `description`) VALUES (11762, 3678, 15, "");
INSERT INTO `pool_gameobject` (`guid`, `pool_entry`, `chance`, `description`) VALUES (11719, 3678, 0, "");
INSERT INTO `pool_gameobject` (`guid`, `pool_entry`, `chance`, `description`) VALUES (11507, 3678, 7, "");
INSERT INTO `pool_gameobject` (`guid`, `pool_entry`, `chance`, `description`) VALUES (11751, 3678, 15, "");
INSERT INTO `pool_gameobject` (`guid`, `pool_entry`, `chance`, `description`) VALUES (11716, 3678, 0, "");
INSERT INTO `pool_gameobject` (`guid`, `pool_entry`, `chance`, `description`) VALUES (11715, 3678, 0, "");
INSERT INTO `pool_gameobject` (`guid`, `pool_entry`, `chance`, `description`) VALUES (11747, 3678, 15, "");
INSERT INTO `pool_template` (`entry`, `max_limit`, `description`) VALUES (3692, 1, "Redridge Mountains Rethban Caverns Local Minerals 3");
INSERT INTO `pool_gameobject` (`guid`, `pool_entry`, `chance`, `description`) VALUES (11878, 3692, 0, "");
INSERT INTO `pool_gameobject` (`guid`, `pool_entry`, `chance`, `description`) VALUES (11745, 3692, 0, "");
INSERT INTO `pool_gameobject` (`guid`, `pool_entry`, `chance`, `description`) VALUES (11744, 3692, 0, "");
INSERT INTO `pool_gameobject` (`guid`, `pool_entry`, `chance`, `description`) VALUES (11877, 3692, 0, "");
INSERT INTO `pool_gameobject` (`guid`, `pool_entry`, `chance`, `description`) VALUES (11876, 3692, 0, "");
INSERT INTO `pool_gameobject` (`guid`, `pool_entry`, `chance`, `description`) VALUES (11511, 3692, 25, "");
INSERT INTO `pool_gameobject` (`guid`, `pool_entry`, `chance`, `description`) VALUES (11804, 3692, 0, "");
INSERT INTO `pool_template` (`entry`, `max_limit`, `description`) VALUES (3698, 1, "Redridge Mountains Rethban Caverns Local Minerals 4");
INSERT INTO `pool_gameobject` (`guid`, `pool_entry`, `chance`, `description`) VALUES (11752, 3698, 15, "");
INSERT INTO `pool_gameobject` (`guid`, `pool_entry`, `chance`, `description`) VALUES (11508, 3698, 25, "");
INSERT INTO `pool_gameobject` (`guid`, `pool_entry`, `chance`, `description`) VALUES (11718, 3698, 0, "");
INSERT INTO `pool_gameobject` (`guid`, `pool_entry`, `chance`, `description`) VALUES (11717, 3698, 0, "");
INSERT INTO `pool_gameobject` (`guid`, `pool_entry`, `chance`, `description`) VALUES (11749, 3698, 15, "");
INSERT INTO `pool_gameobject` (`guid`, `pool_entry`, `chance`, `description`) VALUES (11748, 3698, 15, "");
INSERT INTO `pool_template` (`entry`, `max_limit`, `description`) VALUES (3701, 1, "Redridge Mountains Rethban Caverns Local Minerals 5");
INSERT INTO `pool_gameobject` (`guid`, `pool_entry`, `chance`, `description`) VALUES (11714, 3701, 0, "");
INSERT INTO `pool_gameobject` (`guid`, `pool_entry`, `chance`, `description`) VALUES (11713, 3701, 0, "");
INSERT INTO `pool_gameobject` (`guid`, `pool_entry`, `chance`, `description`) VALUES (11710, 3701, 25, "");
INSERT INTO `pool_gameobject` (`guid`, `pool_entry`, `chance`, `description`) VALUES (11746, 3701, 25, "");

-- Pool Pooling
INSERT INTO `pool_template` (`entry`, `max_limit`, `description`) VALUES (1342, 4, "Redridge Mountains Tower of Ilgalar Mineral Nodes");
INSERT INTO `pool_pool` (`pool_id`, `mother_pool`, `chance`, `description`) VALUES (1341, 1342, 0, "");
INSERT INTO `pool_pool` (`pool_id`, `mother_pool`, `chance`, `description`) VALUES (1894, 1342, 0, "");
INSERT INTO `pool_pool` (`pool_id`, `mother_pool`, `chance`, `description`) VALUES (1998, 1342, 0, "");
INSERT INTO `pool_pool` (`pool_id`, `mother_pool`, `chance`, `description`) VALUES (2038, 1342, 35, "");
INSERT INTO `pool_pool` (`pool_id`, `mother_pool`, `chance`, `description`) VALUES (2268, 1342, 0, "");
INSERT INTO `pool_pool` (`pool_id`, `mother_pool`, `chance`, `description`) VALUES (1583, 1342, 0, "");
INSERT INTO `pool_pool` (`pool_id`, `mother_pool`, `chance`, `description`) VALUES (2058, 1342, 0, "");
INSERT INTO `pool_template` (`entry`, `max_limit`, `description`) VALUES (1584, 3, "Redridge Mountains South East Mineral Nodes");
INSERT INTO `pool_pool` (`pool_id`, `mother_pool`, `chance`, `description`) VALUES (2329, 1584, 0, "");
INSERT INTO `pool_pool` (`pool_id`, `mother_pool`, `chance`, `description`) VALUES (2090, 1584, 0, "");
INSERT INTO `pool_pool` (`pool_id`, `mother_pool`, `chance`, `description`) VALUES (2413, 1584, 0, "");
INSERT INTO `pool_pool` (`pool_id`, `mother_pool`, `chance`, `description`) VALUES (2290, 1584, 0, "");
INSERT INTO `pool_pool` (`pool_id`, `mother_pool`, `chance`, `description`) VALUES (3072, 1584, 0, "");
INSERT INTO `pool_pool` (`pool_id`, `mother_pool`, `chance`, `description`) VALUES (3124, 1584, 0, "");
INSERT INTO `pool_template` (`entry`, `max_limit`, `description`) VALUES (1895, 3, "Redridge Mountains Near Stonewatch Keep Mineral Nodes");
INSERT INTO `pool_pool` (`pool_id`, `mother_pool`, `chance`, `description`) VALUES (4182, 1895, 0, "");
INSERT INTO `pool_pool` (`pool_id`, `mother_pool`, `chance`, `description`) VALUES (2453, 1895, 0, "");
INSERT INTO `pool_pool` (`pool_id`, `mother_pool`, `chance`, `description`) VALUES (3045, 1895, 0, "");
INSERT INTO `pool_pool` (`pool_id`, `mother_pool`, `chance`, `description`) VALUES (3094, 1895, 0, "");
INSERT INTO `pool_pool` (`pool_id`, `mother_pool`, `chance`, `description`) VALUES (3116, 1895, 0, "");
INSERT INTO `pool_template` (`entry`, `max_limit`, `description`) VALUES (1999, 3, "Redridge Mountains South Mineral Nodes");
INSERT INTO `pool_pool` (`pool_id`, `mother_pool`, `chance`, `description`) VALUES (3158, 1999, 0, "");
INSERT INTO `pool_pool` (`pool_id`, `mother_pool`, `chance`, `description`) VALUES (3190, 1999, 0, "");
INSERT INTO `pool_pool` (`pool_id`, `mother_pool`, `chance`, `description`) VALUES (3430, 1999, 0, "");
INSERT INTO `pool_pool` (`pool_id`, `mother_pool`, `chance`, `description`) VALUES (3476, 1999, 25, "");
INSERT INTO `pool_pool` (`pool_id`, `mother_pool`, `chance`, `description`) VALUES (3488, 1999, 25, "");
INSERT INTO `pool_template` (`entry`, `max_limit`, `description`) VALUES (2039, 2, "Redridge Mountains Mill and Lake Mineral Nodes");
INSERT INTO `pool_pool` (`pool_id`, `mother_pool`, `chance`, `description`) VALUES (3224, 2039, 0, "");
INSERT INTO `pool_pool` (`pool_id`, `mother_pool`, `chance`, `description`) VALUES (3257, 2039, 0, "");
INSERT INTO `pool_pool` (`pool_id`, `mother_pool`, `chance`, `description`) VALUES (3300, 2039, 35, "");
INSERT INTO `pool_pool` (`pool_id`, `mother_pool`, `chance`, `description`) VALUES (3448, 2039, 0, "");
INSERT INTO `pool_template` (`entry`, `max_limit`, `description`) VALUES (2059, 2, "Redridge Mountains Renders Camp Mineral Nodes");
INSERT INTO `pool_pool` (`pool_id`, `mother_pool`, `chance`, `description`) VALUES (3437, 2059, 0, "");
INSERT INTO `pool_pool` (`pool_id`, `mother_pool`, `chance`, `description`) VALUES (3444, 2059, 0, "");
INSERT INTO `pool_pool` (`pool_id`, `mother_pool`, `chance`, `description`) VALUES (3482, 2059, 50, "");
INSERT INTO `pool_template` (`entry`, `max_limit`, `description`) VALUES (2091, 2, "Redridge Mountains Redridge Canyons Mineral Nodes 1");
INSERT INTO `pool_pool` (`pool_id`, `mother_pool`, `chance`, `description`) VALUES (3470, 2091, 0, "");
INSERT INTO `pool_pool` (`pool_id`, `mother_pool`, `chance`, `description`) VALUES (3492, 2091, 0, "");
INSERT INTO `pool_pool` (`pool_id`, `mother_pool`, `chance`, `description`) VALUES (3501, 2091, 0, "");
INSERT INTO `pool_pool` (`pool_id`, `mother_pool`, `chance`, `description`) VALUES (3531, 2091, 0, "");
INSERT INTO `pool_template` (`entry`, `max_limit`, `description`) VALUES (3727, 2, "Redridge Mountains Redridge Canyons Mineral Nodes 2");
INSERT INTO `pool_pool` (`pool_id`, `mother_pool`, `chance`, `description`) VALUES (3526, 3727, 0, "");
INSERT INTO `pool_pool` (`pool_id`, `mother_pool`, `chance`, `description`) VALUES (3543, 3727, 0, "");
INSERT INTO `pool_pool` (`pool_id`, `mother_pool`, `chance`, `description`) VALUES (3604, 3727, 0, "");
INSERT INTO `pool_pool` (`pool_id`, `mother_pool`, `chance`, `description`) VALUES (3625, 3727, 0, "");
INSERT INTO `pool_pool` (`pool_id`, `mother_pool`, `chance`, `description`) VALUES (3613, 3727, 0, "");
INSERT INTO `pool_pool` (`pool_id`, `mother_pool`, `chance`, `description`) VALUES (3622, 3727, 0, "");
INSERT INTO `pool_template` (`entry`, `max_limit`, `description`) VALUES (2269, 3, "Redridge Mountains South West Mineral Nodes");
INSERT INTO `pool_pool` (`pool_id`, `mother_pool`, `chance`, `description`) VALUES (3596, 2269, 0, "");
INSERT INTO `pool_pool` (`pool_id`, `mother_pool`, `chance`, `description`) VALUES (3591, 2269, 0, "");
INSERT INTO `pool_pool` (`pool_id`, `mother_pool`, `chance`, `description`) VALUES (3582, 2269, 0, "");
INSERT INTO `pool_pool` (`pool_id`, `mother_pool`, `chance`, `description`) VALUES (3568, 2269, 0, "");
INSERT INTO `pool_pool` (`pool_id`, `mother_pool`, `chance`, `description`) VALUES (3562, 2269, 0, "");
INSERT INTO `pool_pool` (`pool_id`, `mother_pool`, `chance`, `description`) VALUES (3553, 2269, 0, "");
INSERT INTO `pool_template` (`entry`, `max_limit`, `description`) VALUES (2291, 2, "Redridge Mountains Renders Rock Mineral Nodes 1");
INSERT INTO `pool_pool` (`pool_id`, `mother_pool`, `chance`, `description`) VALUES (3629, 2291, 0, "");
INSERT INTO `pool_pool` (`pool_id`, `mother_pool`, `chance`, `description`) VALUES (3636, 2291, 0, "");
INSERT INTO `pool_pool` (`pool_id`, `mother_pool`, `chance`, `description`) VALUES (3639, 2291, 0, "");
INSERT INTO `pool_pool` (`pool_id`, `mother_pool`, `chance`, `description`) VALUES (3644, 2291, 0, "");
INSERT INTO `pool_template` (`entry`, `max_limit`, `description`) VALUES (2330, 3, "Redridge Mountains Renders Rock Mineral Nodes 2");
INSERT INTO `pool_pool` (`pool_id`, `mother_pool`, `chance`, `description`) VALUES (3664, 2330, 0, "");
INSERT INTO `pool_pool` (`pool_id`, `mother_pool`, `chance`, `description`) VALUES (3648, 2330, 0, "");
INSERT INTO `pool_pool` (`pool_id`, `mother_pool`, `chance`, `description`) VALUES (3659, 2330, 0, "");
INSERT INTO `pool_pool` (`pool_id`, `mother_pool`, `chance`, `description`) VALUES (3674, 2330, 15, "");
INSERT INTO `pool_template` (`entry`, `max_limit`, `description`) VALUES (2414, 3, "Redridge Mountains Rethban Caverns Mineral Nodes");
INSERT INTO `pool_pool` (`pool_id`, `mother_pool`, `chance`, `description`) VALUES (3692, 2414, 0, "");
INSERT INTO `pool_pool` (`pool_id`, `mother_pool`, `chance`, `description`) VALUES (3676, 2414, 30, "");
INSERT INTO `pool_pool` (`pool_id`, `mother_pool`, `chance`, `description`) VALUES (3678, 2414, 25, "");
INSERT INTO `pool_pool` (`pool_id`, `mother_pool`, `chance`, `description`) VALUES (3698, 2414, 0, "");
INSERT INTO `pool_pool` (`pool_id`, `mother_pool`, `chance`, `description`) VALUES (3701, 2414, 0, "");

-- Searing Gorge:
-- Local Pooling
INSERT INTO `pool_template` (`entry`, `max_limit`, `description`) VALUES (1357, 1, "Searing Gorge Local Minerals 1");
INSERT INTO `pool_gameobject` (`guid`, `pool_entry`, `chance`, `description`) VALUES (12005, 1357, 14, "");
INSERT INTO `pool_gameobject` (`guid`, `pool_entry`, `chance`, `description`) VALUES (12154, 1357, 6, "");
INSERT INTO `pool_gameobject` (`guid`, `pool_entry`, `chance`, `description`) VALUES (12497, 1357, 50, "");
INSERT INTO `pool_gameobject` (`guid`, `pool_entry`, `chance`, `description`) VALUES (12905, 1357, 0, "");
INSERT INTO `pool_template` (`entry`, `max_limit`, `description`) VALUES (1598, 1, "Searing Gorge Local Minerals 2");
INSERT INTO `pool_gameobject` (`guid`, `pool_entry`, `chance`, `description`) VALUES (12060, 1598, 0, "");
INSERT INTO `pool_gameobject` (`guid`, `pool_entry`, `chance`, `description`) VALUES (12053, 1598, 0, "");
INSERT INTO `pool_gameobject` (`guid`, `pool_entry`, `chance`, `description`) VALUES (12004, 1598, 10, "");
INSERT INTO `pool_template` (`entry`, `max_limit`, `description`) VALUES (1906, 1, "Searing Gorge Local Minerals 3");
INSERT INTO `pool_gameobject` (`guid`, `pool_entry`, `chance`, `description`) VALUES (12003, 1906, 6, "");
INSERT INTO `pool_gameobject` (`guid`, `pool_entry`, `chance`, `description`) VALUES (12496, 1906, 25, "");
INSERT INTO `pool_gameobject` (`guid`, `pool_entry`, `chance`, `description`) VALUES (12904, 1906, 0, "");
INSERT INTO `pool_gameobject` (`guid`, `pool_entry`, `chance`, `description`) VALUES (12002, 1906, 6, "");
INSERT INTO `pool_gameobject` (`guid`, `pool_entry`, `chance`, `description`) VALUES (12495, 1906, 25, "");
INSERT INTO `pool_gameobject` (`guid`, `pool_entry`, `chance`, `description`) VALUES (12153, 1906, 6, "");
INSERT INTO `pool_gameobject` (`guid`, `pool_entry`, `chance`, `description`) VALUES (12892, 1906, 0, "");
INSERT INTO `pool_template` (`entry`, `max_limit`, `description`) VALUES (2169, 1, "Searing Gorge Local Minerals 4");
INSERT INTO `pool_gameobject` (`guid`, `pool_entry`, `chance`, `description`) VALUES (12052, 2169, 0, "");
INSERT INTO `pool_gameobject` (`guid`, `pool_entry`, `chance`, `description`) VALUES (12001, 2169, 12, "");
INSERT INTO `pool_template` (`entry`, `max_limit`, `description`) VALUES (2281, 1, "Searing Gorge Local Minerals 5");
INSERT INTO `pool_gameobject` (`guid`, `pool_entry`, `chance`, `description`) VALUES (12051, 2281, 0, "");
INSERT INTO `pool_gameobject` (`guid`, `pool_entry`, `chance`, `description`) VALUES (12000, 2281, 7, "");
INSERT INTO `pool_gameobject` (`guid`, `pool_entry`, `chance`, `description`) VALUES (11880, 2281, 15, "");
INSERT INTO `pool_gameobject` (`guid`, `pool_entry`, `chance`, `description`) VALUES (12045, 2281, 0, "");
INSERT INTO `pool_template` (`entry`, `max_limit`, `description`) VALUES (2303, 1, "Searing Gorge Local Minerals 6");
INSERT INTO `pool_gameobject` (`guid`, `pool_entry`, `chance`, `description`) VALUES (11999, 2303, 15, "");
INSERT INTO `pool_gameobject` (`guid`, `pool_entry`, `chance`, `description`) VALUES (12494, 2303, 0, "");
INSERT INTO `pool_gameobject` (`guid`, `pool_entry`, `chance`, `description`) VALUES (12493, 2303, 0, "");
INSERT INTO `pool_gameobject` (`guid`, `pool_entry`, `chance`, `description`) VALUES (12891, 2303, 35, "");
INSERT INTO `pool_template` (`entry`, `max_limit`, `description`) VALUES (2341, 1, "Searing Gorge Local Minerals 7");
INSERT INTO `pool_gameobject` (`guid`, `pool_entry`, `chance`, `description`) VALUES (12492, 2341, 0, "");
INSERT INTO `pool_gameobject` (`guid`, `pool_entry`, `chance`, `description`) VALUES (11998, 2341, 12, "");
INSERT INTO `pool_gameobject` (`guid`, `pool_entry`, `chance`, `description`) VALUES (12150, 2341, 6, "");
INSERT INTO `pool_gameobject` (`guid`, `pool_entry`, `chance`, `description`) VALUES (12491, 2341, 0, "");
INSERT INTO `pool_gameobject` (`guid`, `pool_entry`, `chance`, `description`) VALUES (12883, 2341, 30, "");
INSERT INTO `pool_template` (`entry`, `max_limit`, `description`) VALUES (2463, 1, "Searing Gorge Local Minerals 8");
INSERT INTO `pool_gameobject` (`guid`, `pool_entry`, `chance`, `description`) VALUES (11997, 2463, 12, "");
INSERT INTO `pool_gameobject` (`guid`, `pool_entry`, `chance`, `description`) VALUES (12145, 2463, 6, "");
INSERT INTO `pool_gameobject` (`guid`, `pool_entry`, `chance`, `description`) VALUES (12490, 2463, 0, "");
INSERT INTO `pool_gameobject` (`guid`, `pool_entry`, `chance`, `description`) VALUES (12855, 2463, 30, "");
INSERT INTO `pool_template` (`entry`, `max_limit`, `description`) VALUES (3165, 1, "Searing Gorge Local Minerals 9");
INSERT INTO `pool_gameobject` (`guid`, `pool_entry`, `chance`, `description`) VALUES (11996, 3165, 10, "");
INSERT INTO `pool_gameobject` (`guid`, `pool_entry`, `chance`, `description`) VALUES (12489, 3165, 0, "");
INSERT INTO `pool_gameobject` (`guid`, `pool_entry`, `chance`, `description`) VALUES (12854, 3165, 30, "");
INSERT INTO `pool_template` (`entry`, `max_limit`, `description`) VALUES (3231, 1, "Searing Gorge Local Minerals 10");
INSERT INTO `pool_gameobject` (`guid`, `pool_entry`, `chance`, `description`) VALUES (11995, 3231, 12, "");
INSERT INTO `pool_gameobject` (`guid`, `pool_entry`, `chance`, `description`) VALUES (12144, 3231, 6, "");
INSERT INTO `pool_gameobject` (`guid`, `pool_entry`, `chance`, `description`) VALUES (12488, 3231, 0, "");
INSERT INTO `pool_gameobject` (`guid`, `pool_entry`, `chance`, `description`) VALUES (12853, 3231, 30, "");
INSERT INTO `pool_template` (`entry`, `max_limit`, `description`) VALUES (3307, 1, "Searing Gorge Local Minerals 11");
INSERT INTO `pool_gameobject` (`guid`, `pool_entry`, `chance`, `description`) VALUES (11994, 3307, 4, "");
INSERT INTO `pool_gameobject` (`guid`, `pool_entry`, `chance`, `description`) VALUES (12487, 3307, 0, "");
INSERT INTO `pool_gameobject` (`guid`, `pool_entry`, `chance`, `description`) VALUES (12850, 3307, 0, "");
INSERT INTO `pool_gameobject` (`guid`, `pool_entry`, `chance`, `description`) VALUES (11993, 3307, 4, "");
INSERT INTO `pool_gameobject` (`guid`, `pool_entry`, `chance`, `description`) VALUES (12133, 3307, 6, "");
INSERT INTO `pool_gameobject` (`guid`, `pool_entry`, `chance`, `description`) VALUES (12486, 3307, 0, "");
INSERT INTO `pool_gameobject` (`guid`, `pool_entry`, `chance`, `description`) VALUES (12840, 3307, 0, "");
INSERT INTO `pool_gameobject` (`guid`, `pool_entry`, `chance`, `description`) VALUES (12485, 3307, 0, "");
INSERT INTO `pool_gameobject` (`guid`, `pool_entry`, `chance`, `description`) VALUES (12839, 3307, 0, "");
INSERT INTO `pool_gameobject` (`guid`, `pool_entry`, `chance`, `description`) VALUES (11987, 3307, 4, "");
INSERT INTO `pool_gameobject` (`guid`, `pool_entry`, `chance`, `description`) VALUES (12484, 3307, 0, "");
INSERT INTO `pool_gameobject` (`guid`, `pool_entry`, `chance`, `description`) VALUES (12836, 3307, 0, "");
INSERT INTO `pool_template` (`entry`, `max_limit`, `description`) VALUES (3455, 1, "Searing Gorge Local Minerals 12");
INSERT INTO `pool_gameobject` (`guid`, `pool_entry`, `chance`, `description`) VALUES (11984, 3455, 12, "");
INSERT INTO `pool_gameobject` (`guid`, `pool_entry`, `chance`, `description`) VALUES (12132, 3455, 6, "");
INSERT INTO `pool_gameobject` (`guid`, `pool_entry`, `chance`, `description`) VALUES (12483, 3455, 0, "");
INSERT INTO `pool_gameobject` (`guid`, `pool_entry`, `chance`, `description`) VALUES (12835, 3455, 30, "");
INSERT INTO `pool_template` (`entry`, `max_limit`, `description`) VALUES (3508, 1, "Searing Gorge Local Minerals 13");
INSERT INTO `pool_gameobject` (`guid`, `pool_entry`, `chance`, `description`) VALUES (11969, 3508, 12, "");
INSERT INTO `pool_gameobject` (`guid`, `pool_entry`, `chance`, `description`) VALUES (12128, 3508, 6, "");
INSERT INTO `pool_gameobject` (`guid`, `pool_entry`, `chance`, `description`) VALUES (12480, 3508, 0, "");
INSERT INTO `pool_gameobject` (`guid`, `pool_entry`, `chance`, `description`) VALUES (12834, 3508, 30, "");
INSERT INTO `pool_gameobject` (`guid`, `pool_entry`, `chance`, `description`) VALUES (12468, 3508, 0, "");
INSERT INTO `pool_template` (`entry`, `max_limit`, `description`) VALUES (3537, 1, "Searing Gorge Local Minerals 14");
INSERT INTO `pool_gameobject` (`guid`, `pool_entry`, `chance`, `description`) VALUES (11879, 3537, 16, "");
INSERT INTO `pool_gameobject` (`guid`, `pool_entry`, `chance`, `description`) VALUES (11968, 3537, 9, "");
INSERT INTO `pool_gameobject` (`guid`, `pool_entry`, `chance`, `description`) VALUES (12044, 3537, 0, "");
INSERT INTO `pool_template` (`entry`, `max_limit`, `description`) VALUES (3574, 1, "Searing Gorge Local Minerals 15");
INSERT INTO `pool_gameobject` (`guid`, `pool_entry`, `chance`, `description`) VALUES (12395, 3574, 0, "");
INSERT INTO `pool_gameobject` (`guid`, `pool_entry`, `chance`, `description`) VALUES (12833, 3574, 15, "");
INSERT INTO `pool_gameobject` (`guid`, `pool_entry`, `chance`, `description`) VALUES (11952, 3574, 10, "");
INSERT INTO `pool_gameobject` (`guid`, `pool_entry`, `chance`, `description`) VALUES (12108, 3574, 5, "");
INSERT INTO `pool_gameobject` (`guid`, `pool_entry`, `chance`, `description`) VALUES (12394, 3574, 0, "");
INSERT INTO `pool_gameobject` (`guid`, `pool_entry`, `chance`, `description`) VALUES (12829, 3574, 15, "");
INSERT INTO `pool_template` (`entry`, `max_limit`, `description`) VALUES (3588, 1, "Searing Gorge Local Minerals 16");
INSERT INTO `pool_gameobject` (`guid`, `pool_entry`, `chance`, `description`) VALUES (12107, 3588, 6, "");
INSERT INTO `pool_gameobject` (`guid`, `pool_entry`, `chance`, `description`) VALUES (12393, 3588, 0, "");
INSERT INTO `pool_gameobject` (`guid`, `pool_entry`, `chance`, `description`) VALUES (12826, 3588, 30, "");
INSERT INTO `pool_gameobject` (`guid`, `pool_entry`, `chance`, `description`) VALUES (11923, 3588, 12, "");
INSERT INTO `pool_gameobject` (`guid`, `pool_entry`, `chance`, `description`) VALUES (12392, 3588, 0, "");
INSERT INTO `pool_template` (`entry`, `max_limit`, `description`) VALUES (3619, 1, "Searing Gorge Local Minerals 17");
INSERT INTO `pool_gameobject` (`guid`, `pool_entry`, `chance`, `description`) VALUES (11922, 3619, 12, "");
INSERT INTO `pool_gameobject` (`guid`, `pool_entry`, `chance`, `description`) VALUES (12106, 3619, 8, "");
INSERT INTO `pool_gameobject` (`guid`, `pool_entry`, `chance`, `description`) VALUES (12387, 3619, 0, "");
INSERT INTO `pool_gameobject` (`guid`, `pool_entry`, `chance`, `description`) VALUES (12823, 3619, 15, "");
INSERT INTO `pool_gameobject` (`guid`, `pool_entry`, `chance`, `description`) VALUES (12386, 3619, 0, "");
INSERT INTO `pool_gameobject` (`guid`, `pool_entry`, `chance`, `description`) VALUES (12822, 3619, 15, "");
INSERT INTO `pool_template` (`entry`, `max_limit`, `description`) VALUES (3652, 1, "Searing Gorge Local Minerals 18");
INSERT INTO `pool_gameobject` (`guid`, `pool_entry`, `chance`, `description`) VALUES (11910, 3652, 6, "");
INSERT INTO `pool_gameobject` (`guid`, `pool_entry`, `chance`, `description`) VALUES (12385, 3652, 0, "");
INSERT INTO `pool_gameobject` (`guid`, `pool_entry`, `chance`, `description`) VALUES (12821, 3652, 15, "");
INSERT INTO `pool_gameobject` (`guid`, `pool_entry`, `chance`, `description`) VALUES (11909, 3652, 6, "");
INSERT INTO `pool_gameobject` (`guid`, `pool_entry`, `chance`, `description`) VALUES (12818, 3652, 15, "");
INSERT INTO `pool_gameobject` (`guid`, `pool_entry`, `chance`, `description`) VALUES (12384, 3652, 0, "");
INSERT INTO `pool_template` (`entry`, `max_limit`, `description`) VALUES (3662, 1, "Searing Gorge Local Minerals 19");
INSERT INTO `pool_gameobject` (`guid`, `pool_entry`, `chance`, `description`) VALUES (11907, 3662, 5, "");
INSERT INTO `pool_gameobject` (`guid`, `pool_entry`, `chance`, `description`) VALUES (12382, 3662, 0, "");
INSERT INTO `pool_gameobject` (`guid`, `pool_entry`, `chance`, `description`) VALUES (12813, 3662, 15, "");
INSERT INTO `pool_template` (`entry`, `max_limit`, `description`) VALUES (3667, 1, "Searing Gorge The Slag Pit Underground Local Minerals 1");
INSERT INTO `pool_gameobject` (`guid`, `pool_entry`, `chance`, `description`) VALUES (11908, 3667, 25, "");
INSERT INTO `pool_gameobject` (`guid`, `pool_entry`, `chance`, `description`) VALUES (12105, 3667, 15, "");
INSERT INTO `pool_gameobject` (`guid`, `pool_entry`, `chance`, `description`) VALUES (12383, 3667, 0, "");
INSERT INTO `pool_gameobject` (`guid`, `pool_entry`, `chance`, `description`) VALUES (12814, 3667, 35, "");
INSERT INTO `pool_template` (`entry`, `max_limit`, `description`) VALUES (3681, 1, "Searing Gorge Local Minerals 20");
INSERT INTO `pool_gameobject` (`guid`, `pool_entry`, `chance`, `description`) VALUES (11906, 3681, 10, "");
INSERT INTO `pool_gameobject` (`guid`, `pool_entry`, `chance`, `description`) VALUES (12381, 3681, 0, "");
INSERT INTO `pool_gameobject` (`guid`, `pool_entry`, `chance`, `description`) VALUES (12812, 3681, 15, "");
INSERT INTO `pool_gameobject` (`guid`, `pool_entry`, `chance`, `description`) VALUES (12380, 3681, 0, "");
INSERT INTO `pool_gameobject` (`guid`, `pool_entry`, `chance`, `description`) VALUES (12808, 3681, 15, "");
INSERT INTO `pool_template` (`entry`, `max_limit`, `description`) VALUES (3695, 1, "Searing Gorge Local Minerals 21");
INSERT INTO `pool_gameobject` (`guid`, `pool_entry`, `chance`, `description`) VALUES (11905, 3695, 15, "");
INSERT INTO `pool_gameobject` (`guid`, `pool_entry`, `chance`, `description`) VALUES (12104, 3695, 8, "");
INSERT INTO `pool_gameobject` (`guid`, `pool_entry`, `chance`, `description`) VALUES (12379, 3695, 0, "");
INSERT INTO `pool_gameobject` (`guid`, `pool_entry`, `chance`, `description`) VALUES (12807, 3695, 30, "");
INSERT INTO `pool_gameobject` (`guid`, `pool_entry`, `chance`, `description`) VALUES (12378, 3695, 0, "");
INSERT INTO `pool_template` (`entry`, `max_limit`, `description`) VALUES (3706, 1, "Searing Gorge The Slag Pit Underground Local Minerals 2");
INSERT INTO `pool_gameobject` (`guid`, `pool_entry`, `chance`, `description`) VALUES (12377, 3706, 0, "");
INSERT INTO `pool_gameobject` (`guid`, `pool_entry`, `chance`, `description`) VALUES (12806, 3706, 25, "");
INSERT INTO `pool_gameobject` (`guid`, `pool_entry`, `chance`, `description`) VALUES (11904, 3706, 6, "");
INSERT INTO `pool_gameobject` (`guid`, `pool_entry`, `chance`, `description`) VALUES (11903, 3706, 14, "");
INSERT INTO `pool_gameobject` (`guid`, `pool_entry`, `chance`, `description`) VALUES (12376, 3706, 0, "");
INSERT INTO `pool_gameobject` (`guid`, `pool_entry`, `chance`, `description`) VALUES (12805, 3706, 25, "");
INSERT INTO `pool_template` (`entry`, `max_limit`, `description`) VALUES (3711, 1, "Searing Gorge The Slag Pit Underground Local Minerals 3");
INSERT INTO `pool_gameobject` (`guid`, `pool_entry`, `chance`, `description`) VALUES (11902, 3711, 15, "");
INSERT INTO `pool_gameobject` (`guid`, `pool_entry`, `chance`, `description`) VALUES (12375, 3711, 0, "");
INSERT INTO `pool_gameobject` (`guid`, `pool_entry`, `chance`, `description`) VALUES (12804, 3711, 45, "");
INSERT INTO `pool_template` (`entry`, `max_limit`, `description`) VALUES (3720, 1, "Searing Gorge The Slag Pit Underground Local Minerals 4");
INSERT INTO `pool_gameobject` (`guid`, `pool_entry`, `chance`, `description`) VALUES (11901, 3720, 15, "");
INSERT INTO `pool_gameobject` (`guid`, `pool_entry`, `chance`, `description`) VALUES (12374, 3720, 0, "");
INSERT INTO `pool_gameobject` (`guid`, `pool_entry`, `chance`, `description`) VALUES (12801, 3720, 35, "");
INSERT INTO `pool_template` (`entry`, `max_limit`, `description`) VALUES (3723, 1, "Searing Gorge Local Minerals 22");
INSERT INTO `pool_gameobject` (`guid`, `pool_entry`, `chance`, `description`) VALUES (12351, 3723, 0, "");
INSERT INTO `pool_gameobject` (`guid`, `pool_entry`, `chance`, `description`) VALUES (12798, 3723, 20, "");
INSERT INTO `pool_gameobject` (`guid`, `pool_entry`, `chance`, `description`) VALUES (12339, 3723, 0, "");
INSERT INTO `pool_gameobject` (`guid`, `pool_entry`, `chance`, `description`) VALUES (12795, 3723, 20, "");
INSERT INTO `pool_gameobject` (`guid`, `pool_entry`, `chance`, `description`) VALUES (11900, 3723, 15, "");
INSERT INTO `pool_template` (`entry`, `max_limit`, `description`) VALUES (3783, 1, "Searing Gorge The Slag Pit Underground Local Minerals 5");
INSERT INTO `pool_gameobject` (`guid`, `pool_entry`, `chance`, `description`) VALUES (12783, 3783, 0, "");
INSERT INTO `pool_gameobject` (`guid`, `pool_entry`, `chance`, `description`) VALUES (12712, 3783, 30, "");
INSERT INTO `pool_template` (`entry`, `max_limit`, `description`) VALUES (3792, 1, "Searing Gorge Local Minerals 23");
INSERT INTO `pool_gameobject` (`guid`, `pool_entry`, `chance`, `description`) VALUES (12103, 3792, 6, "");
INSERT INTO `pool_gameobject` (`guid`, `pool_entry`, `chance`, `description`) VALUES (12338, 3792, 0, "");
INSERT INTO `pool_gameobject` (`guid`, `pool_entry`, `chance`, `description`) VALUES (12782, 3792, 20, "");
INSERT INTO `pool_gameobject` (`guid`, `pool_entry`, `chance`, `description`) VALUES (11899, 3792, 12, "");
INSERT INTO `pool_template` (`entry`, `max_limit`, `description`) VALUES (3849, 1, "Searing Gorge The Slag Pit Underground Local Minerals 6");
INSERT INTO `pool_gameobject` (`guid`, `pool_entry`, `chance`, `description`) VALUES (12337, 3849, 0, "");
INSERT INTO `pool_gameobject` (`guid`, `pool_entry`, `chance`, `description`) VALUES (12781, 3849, 52, "");
INSERT INTO `pool_gameobject` (`guid`, `pool_entry`, `chance`, `description`) VALUES (11898, 3849, 18, "");
INSERT INTO `pool_template` (`entry`, `max_limit`, `description`) VALUES (3856, 1, "Searing Gorge Local Minerals 24");
INSERT INTO `pool_gameobject` (`guid`, `pool_entry`, `chance`, `description`) VALUES (11897, 3856, 5, "");
INSERT INTO `pool_gameobject` (`guid`, `pool_entry`, `chance`, `description`) VALUES (12321, 3856, 0, "");
INSERT INTO `pool_gameobject` (`guid`, `pool_entry`, `chance`, `description`) VALUES (12780, 3856, 12, "");
INSERT INTO `pool_gameobject` (`guid`, `pool_entry`, `chance`, `description`) VALUES (11896, 3856, 5, "");
INSERT INTO `pool_gameobject` (`guid`, `pool_entry`, `chance`, `description`) VALUES (12102, 3856, 5, "");
INSERT INTO `pool_gameobject` (`guid`, `pool_entry`, `chance`, `description`) VALUES (12314, 3856, 0, "");
INSERT INTO `pool_gameobject` (`guid`, `pool_entry`, `chance`, `description`) VALUES (12779, 3856, 12, "");
INSERT INTO `pool_gameobject` (`guid`, `pool_entry`, `chance`, `description`) VALUES (12297, 3856, 0, "");
INSERT INTO `pool_template` (`entry`, `max_limit`, `description`) VALUES (3885, 1, "Searing Gorge The Slag Pit Underground Local Minerals 7");
INSERT INTO `pool_gameobject` (`guid`, `pool_entry`, `chance`, `description`) VALUES (12711, 3885, 25, "");
INSERT INTO `pool_gameobject` (`guid`, `pool_entry`, `chance`, `description`) VALUES (12776, 3885, 0, "");
INSERT INTO `pool_template` (`entry`, `max_limit`, `description`) VALUES (3995, 1, "Searing Gorge The Slag Pit Underground Local Minerals 8");
INSERT INTO `pool_gameobject` (`guid`, `pool_entry`, `chance`, `description`) VALUES (12101, 3995, 15, "");
INSERT INTO `pool_gameobject` (`guid`, `pool_entry`, `chance`, `description`) VALUES (12680, 3995, 25, "");
INSERT INTO `pool_gameobject` (`guid`, `pool_entry`, `chance`, `description`) VALUES (12775, 3995, 0, "");
INSERT INTO `pool_template` (`entry`, `max_limit`, `description`) VALUES (4000, 1, "Searing Gorge Local Minerals 25");
INSERT INTO `pool_gameobject` (`guid`, `pool_entry`, `chance`, `description`) VALUES (12282, 4000, 0, "");
INSERT INTO `pool_gameobject` (`guid`, `pool_entry`, `chance`, `description`) VALUES (12774, 4000, 25, "");
INSERT INTO `pool_gameobject` (`guid`, `pool_entry`, `chance`, `description`) VALUES (11895, 4000, 10, "");
INSERT INTO `pool_template` (`entry`, `max_limit`, `description`) VALUES (4007, 1, "Searing Gorge Local Minerals 26");
INSERT INTO `pool_gameobject` (`guid`, `pool_entry`, `chance`, `description`) VALUES (12281, 4007, 0, "");
INSERT INTO `pool_gameobject` (`guid`, `pool_entry`, `chance`, `description`) VALUES (12764, 4007, 15, "");
INSERT INTO `pool_gameobject` (`guid`, `pool_entry`, `chance`, `description`) VALUES (11894, 4007, 10, "");
INSERT INTO `pool_gameobject` (`guid`, `pool_entry`, `chance`, `description`) VALUES (11893, 4007, 10, "");
INSERT INTO `pool_gameobject` (`guid`, `pool_entry`, `chance`, `description`) VALUES (12274, 4007, 0, "");
INSERT INTO `pool_gameobject` (`guid`, `pool_entry`, `chance`, `description`) VALUES (12759, 4007, 15, "");
INSERT INTO `pool_template` (`entry`, `max_limit`, `description`) VALUES (4018, 1, "Searing Gorge The Slag Pit Underground Local Minerals 9");
INSERT INTO `pool_gameobject` (`guid`, `pool_entry`, `chance`, `description`) VALUES (12100, 4018, 8, "");
INSERT INTO `pool_gameobject` (`guid`, `pool_entry`, `chance`, `description`) VALUES (12260, 4018, 0, "");
INSERT INTO `pool_gameobject` (`guid`, `pool_entry`, `chance`, `description`) VALUES (12756, 4018, 38, "");
INSERT INTO `pool_gameobject` (`guid`, `pool_entry`, `chance`, `description`) VALUES (11892, 4018, 14, "");
INSERT INTO `pool_template` (`entry`, `max_limit`, `description`) VALUES (4028, 1, "Searing Gorge The Slag Pit Underground Local Minerals 10");
INSERT INTO `pool_gameobject` (`guid`, `pool_entry`, `chance`, `description`) VALUES (12755, 4028, 0, "");
INSERT INTO `pool_gameobject` (`guid`, `pool_entry`, `chance`, `description`) VALUES (12251, 4028, 0, "");
INSERT INTO `pool_gameobject` (`guid`, `pool_entry`, `chance`, `description`) VALUES (12754, 4028, 0, "");
INSERT INTO `pool_gameobject` (`guid`, `pool_entry`, `chance`, `description`) VALUES (12247, 4028, 0, "");
INSERT INTO `pool_template` (`entry`, `max_limit`, `description`) VALUES (4035, 1, "Searing Gorge Local Minerals 27");
INSERT INTO `pool_gameobject` (`guid`, `pool_entry`, `chance`, `description`) VALUES (12099, 4035, 10, "");
INSERT INTO `pool_gameobject` (`guid`, `pool_entry`, `chance`, `description`) VALUES (12679, 4035, 20, "");
INSERT INTO `pool_gameobject` (`guid`, `pool_entry`, `chance`, `description`) VALUES (12753, 4035, 0, "");
INSERT INTO `pool_template` (`entry`, `max_limit`, `description`) VALUES (4045, 1, "Searing Gorge The Slag Pit Underground Local Minerals 11");
INSERT INTO `pool_gameobject` (`guid`, `pool_entry`, `chance`, `description`) VALUES (12752, 4045, 35, "");
INSERT INTO `pool_gameobject` (`guid`, `pool_entry`, `chance`, `description`) VALUES (12246, 4045, 0, "");
INSERT INTO `pool_gameobject` (`guid`, `pool_entry`, `chance`, `description`) VALUES (11891, 4045, 13, "");
INSERT INTO `pool_gameobject` (`guid`, `pool_entry`, `chance`, `description`) VALUES (12098, 4045, 7, "");
INSERT INTO `pool_template` (`entry`, `max_limit`, `description`) VALUES (4054, 1, "Searing Gorge Local Minerals 28");
INSERT INTO `pool_gameobject` (`guid`, `pool_entry`, `chance`, `description`) VALUES (11890, 4054, 10, "");
INSERT INTO `pool_gameobject` (`guid`, `pool_entry`, `chance`, `description`) VALUES (12097, 4054, 5, "");
INSERT INTO `pool_gameobject` (`guid`, `pool_entry`, `chance`, `description`) VALUES (12222, 4054, 0, "");
INSERT INTO `pool_gameobject` (`guid`, `pool_entry`, `chance`, `description`) VALUES (12751, 4054, 30, "");
INSERT INTO `pool_template` (`entry`, `max_limit`, `description`) VALUES (4059, 1, "Searing Gorge Local Minerals 29");
INSERT INTO `pool_gameobject` (`guid`, `pool_entry`, `chance`, `description`) VALUES (11889, 4059, 12, "");
INSERT INTO `pool_gameobject` (`guid`, `pool_entry`, `chance`, `description`) VALUES (12096, 4059, 6, "");
INSERT INTO `pool_gameobject` (`guid`, `pool_entry`, `chance`, `description`) VALUES (12221, 4059, 0, "");
INSERT INTO `pool_gameobject` (`guid`, `pool_entry`, `chance`, `description`) VALUES (12750, 4059, 30, "");
INSERT INTO `pool_template` (`entry`, `max_limit`, `description`) VALUES (4072, 1, "Searing Gorge The Slag Pit Underground Local Minerals 12");
INSERT INTO `pool_gameobject` (`guid`, `pool_entry`, `chance`, `description`) VALUES (12678, 4072, 30, "");
INSERT INTO `pool_gameobject` (`guid`, `pool_entry`, `chance`, `description`) VALUES (12749, 4072, 0, "");
INSERT INTO `pool_template` (`entry`, `max_limit`, `description`) VALUES (4079, 1, "Searing Gorge Local Minerals 30");
INSERT INTO `pool_gameobject` (`guid`, `pool_entry`, `chance`, `description`) VALUES (12095, 4079, 20, "");
INSERT INTO `pool_gameobject` (`guid`, `pool_entry`, `chance`, `description`) VALUES (12633, 4079, 40, "");
INSERT INTO `pool_gameobject` (`guid`, `pool_entry`, `chance`, `description`) VALUES (12748, 4079, 0, "");
INSERT INTO `pool_template` (`entry`, `max_limit`, `description`) VALUES (4083, 1, "Searing Gorge Local Minerals 31");
INSERT INTO `pool_gameobject` (`guid`, `pool_entry`, `chance`, `description`) VALUES (11888, 4083, 5, "");
INSERT INTO `pool_gameobject` (`guid`, `pool_entry`, `chance`, `description`) VALUES (12214, 4083, 0, "");
INSERT INTO `pool_gameobject` (`guid`, `pool_entry`, `chance`, `description`) VALUES (12211, 4083, 0, "");
INSERT INTO `pool_gameobject` (`guid`, `pool_entry`, `chance`, `description`) VALUES (12747, 4083, 30, "");
INSERT INTO `pool_gameobject` (`guid`, `pool_entry`, `chance`, `description`) VALUES (11887, 4083, 5, "");
INSERT INTO `pool_gameobject` (`guid`, `pool_entry`, `chance`, `description`) VALUES (12094, 4083, 5, "");
INSERT INTO `pool_template` (`entry`, `max_limit`, `description`) VALUES (4092, 1, "Searing Gorge Local Minerals 32");
INSERT INTO `pool_gameobject` (`guid`, `pool_entry`, `chance`, `description`) VALUES (12208, 4092, 0, "");
INSERT INTO `pool_gameobject` (`guid`, `pool_entry`, `chance`, `description`) VALUES (11886, 4092, 12, "");
INSERT INTO `pool_gameobject` (`guid`, `pool_entry`, `chance`, `description`) VALUES (12196, 4092, 0, "");
INSERT INTO `pool_gameobject` (`guid`, `pool_entry`, `chance`, `description`) VALUES (12746, 4092, 35, "");
INSERT INTO `pool_gameobject` (`guid`, `pool_entry`, `chance`, `description`) VALUES (12093, 4092, 6, "");
INSERT INTO `pool_template` (`entry`, `max_limit`, `description`) VALUES (4100, 1, "Searing Gorge Local Minerals 33");
INSERT INTO `pool_gameobject` (`guid`, `pool_entry`, `chance`, `description`) VALUES (12077, 4100, 2, "");
INSERT INTO `pool_gameobject` (`guid`, `pool_entry`, `chance`, `description`) VALUES (12076, 4100, 3, "");
INSERT INTO `pool_gameobject` (`guid`, `pool_entry`, `chance`, `description`) VALUES (12192, 4100, 0, "");
INSERT INTO `pool_gameobject` (`guid`, `pool_entry`, `chance`, `description`) VALUES (12745, 4100, 15, "");
INSERT INTO `pool_gameobject` (`guid`, `pool_entry`, `chance`, `description`) VALUES (12189, 4100, 0, "");
INSERT INTO `pool_gameobject` (`guid`, `pool_entry`, `chance`, `description`) VALUES (12744, 4100, 15, "");
INSERT INTO `pool_gameobject` (`guid`, `pool_entry`, `chance`, `description`) VALUES (11885, 4100, 5, "");
INSERT INTO `pool_gameobject` (`guid`, `pool_entry`, `chance`, `description`) VALUES (11884, 4100, 5, "");
INSERT INTO `pool_template` (`entry`, `max_limit`, `description`) VALUES (4105, 1, "Searing Gorge Local Minerals 34");
INSERT INTO `pool_gameobject` (`guid`, `pool_entry`, `chance`, `description`) VALUES (12618, 4105, 10, "");
INSERT INTO `pool_gameobject` (`guid`, `pool_entry`, `chance`, `description`) VALUES (12617, 4105, 10, "");
INSERT INTO `pool_gameobject` (`guid`, `pool_entry`, `chance`, `description`) VALUES (12743, 4105, 0, "");
INSERT INTO `pool_gameobject` (`guid`, `pool_entry`, `chance`, `description`) VALUES (12075, 4105, 8, "");
INSERT INTO `pool_gameobject` (`guid`, `pool_entry`, `chance`, `description`) VALUES (12608, 4105, 10, "");
INSERT INTO `pool_gameobject` (`guid`, `pool_entry`, `chance`, `description`) VALUES (12602, 4105, 10, "");
INSERT INTO `pool_gameobject` (`guid`, `pool_entry`, `chance`, `description`) VALUES (12742, 4105, 0, "");
INSERT INTO `pool_template` (`entry`, `max_limit`, `description`) VALUES (4109, 1, "Searing Gorge Local Minerals 35");
INSERT INTO `pool_gameobject` (`guid`, `pool_entry`, `chance`, `description`) VALUES (11883, 4109, 14, "");
INSERT INTO `pool_gameobject` (`guid`, `pool_entry`, `chance`, `description`) VALUES (12183, 4109, 0, "");
INSERT INTO `pool_gameobject` (`guid`, `pool_entry`, `chance`, `description`) VALUES (12741, 4109, 40, "");
INSERT INTO `pool_gameobject` (`guid`, `pool_entry`, `chance`, `description`) VALUES (12063, 4109, 9, "");
INSERT INTO `pool_template` (`entry`, `max_limit`, `description`) VALUES (4111, 1, "Searing Gorge Local Minerals 36");
INSERT INTO `pool_gameobject` (`guid`, `pool_entry`, `chance`, `description`) VALUES (11882, 4111, 12, "");
INSERT INTO `pool_gameobject` (`guid`, `pool_entry`, `chance`, `description`) VALUES (12740, 4111, 45, "");
INSERT INTO `pool_gameobject` (`guid`, `pool_entry`, `chance`, `description`) VALUES (12174, 4111, 0, "");
INSERT INTO `pool_template` (`entry`, `max_limit`, `description`) VALUES (4116, 1, "Searing Gorge Local Minerals 37");
INSERT INTO `pool_gameobject` (`guid`, `pool_entry`, `chance`, `description`) VALUES (12739, 4116, 0, "");
INSERT INTO `pool_gameobject` (`guid`, `pool_entry`, `chance`, `description`) VALUES (12597, 4116, 30, "");
INSERT INTO `pool_template` (`entry`, `max_limit`, `description`) VALUES (4118, 1, "Searing Gorge Local Minerals 38");
INSERT INTO `pool_gameobject` (`guid`, `pool_entry`, `chance`, `description`) VALUES (12551, 4118, 0, "");
INSERT INTO `pool_gameobject` (`guid`, `pool_entry`, `chance`, `description`) VALUES (12550, 4118, 0, "");
INSERT INTO `pool_gameobject` (`guid`, `pool_entry`, `chance`, `description`) VALUES (12738, 4118, 60, "");
INSERT INTO `pool_template` (`entry`, `max_limit`, `description`) VALUES (4128, 1, "Searing Gorge Local Minerals 39");
INSERT INTO `pool_gameobject` (`guid`, `pool_entry`, `chance`, `description`) VALUES (12545, 4128, 30, "");
INSERT INTO `pool_gameobject` (`guid`, `pool_entry`, `chance`, `description`) VALUES (12737, 4128, 0, "");
INSERT INTO `pool_template` (`entry`, `max_limit`, `description`) VALUES (4136, 1, "Searing Gorge Local Minerals 40");
INSERT INTO `pool_gameobject` (`guid`, `pool_entry`, `chance`, `description`) VALUES (12544, 4136, 15, "");
INSERT INTO `pool_gameobject` (`guid`, `pool_entry`, `chance`, `description`) VALUES (12736, 4136, 0, "");
INSERT INTO `pool_gameobject` (`guid`, `pool_entry`, `chance`, `description`) VALUES (12543, 4136, 15, "");
INSERT INTO `pool_gameobject` (`guid`, `pool_entry`, `chance`, `description`) VALUES (12734, 4136, 0, "");
INSERT INTO `pool_gameobject` (`guid`, `pool_entry`, `chance`, `description`) VALUES (12732, 4136, 0, "");
INSERT INTO `pool_gameobject` (`guid`, `pool_entry`, `chance`, `description`) VALUES (12540, 4136, 15, "");
INSERT INTO `pool_template` (`entry`, `max_limit`, `description`) VALUES (4140, 1, "Searing Gorge Local Minerals 41");
INSERT INTO `pool_gameobject` (`guid`, `pool_entry`, `chance`, `description`) VALUES (12542, 4140, 30, "");
INSERT INTO `pool_gameobject` (`guid`, `pool_entry`, `chance`, `description`) VALUES (12735, 4140, 0, "");
INSERT INTO `pool_gameobject` (`guid`, `pool_entry`, `chance`, `description`) VALUES (12733, 4140, 0, "");
INSERT INTO `pool_gameobject` (`guid`, `pool_entry`, `chance`, `description`) VALUES (12541, 4140, 30, "");
INSERT INTO `pool_template` (`entry`, `max_limit`, `description`) VALUES (4148, 1, "Searing Gorge Local Minerals 42");
INSERT INTO `pool_gameobject` (`guid`, `pool_entry`, `chance`, `description`) VALUES (12173, 4148, 0, "");
INSERT INTO `pool_gameobject` (`guid`, `pool_entry`, `chance`, `description`) VALUES (12168, 4148, 0, "");
INSERT INTO `pool_gameobject` (`guid`, `pool_entry`, `chance`, `description`) VALUES (12729, 4148, 40, "");
INSERT INTO `pool_template` (`entry`, `max_limit`, `description`) VALUES (4151, 1, "Searing Gorge Local Minerals 43");
INSERT INTO `pool_gameobject` (`guid`, `pool_entry`, `chance`, `description`) VALUES (12062, 4151, 12, "");
INSERT INTO `pool_gameobject` (`guid`, `pool_entry`, `chance`, `description`) VALUES (12539, 4151, 12, "");
INSERT INTO `pool_gameobject` (`guid`, `pool_entry`, `chance`, `description`) VALUES (12731, 4151, 0, "");
INSERT INTO `pool_gameobject` (`guid`, `pool_entry`, `chance`, `description`) VALUES (12538, 4151, 12, "");
INSERT INTO `pool_gameobject` (`guid`, `pool_entry`, `chance`, `description`) VALUES (12730, 4151, 0, "");
INSERT INTO `pool_gameobject` (`guid`, `pool_entry`, `chance`, `description`) VALUES (12537, 4151, 12, "");
INSERT INTO `pool_gameobject` (`guid`, `pool_entry`, `chance`, `description`) VALUES (12728, 4151, 0, "");
INSERT INTO `pool_gameobject` (`guid`, `pool_entry`, `chance`, `description`) VALUES (12536, 4151, 12, "");
INSERT INTO `pool_template` (`entry`, `max_limit`, `description`) VALUES (4153, 1, "Searing Gorge Local Minerals 44");
INSERT INTO `pool_gameobject` (`guid`, `pool_entry`, `chance`, `description`) VALUES (12167, 4153, 0, "");
INSERT INTO `pool_gameobject` (`guid`, `pool_entry`, `chance`, `description`) VALUES (12727, 4153, 0, "");
INSERT INTO `pool_gameobject` (`guid`, `pool_entry`, `chance`, `description`) VALUES (11881, 4153, 15, "");
INSERT INTO `pool_gameobject` (`guid`, `pool_entry`, `chance`, `description`) VALUES (12061, 4153, 8, "");
INSERT INTO `pool_gameobject` (`guid`, `pool_entry`, `chance`, `description`) VALUES (12164, 4153, 0, "");
INSERT INTO `pool_gameobject` (`guid`, `pool_entry`, `chance`, `description`) VALUES (12726, 4153, 0, "");
INSERT INTO `pool_template` (`entry`, `max_limit`, `description`) VALUES (4155, 1, "Searing Gorge Firewatch Ridge Cave Local Minerals 1");
INSERT INTO `pool_gameobject` (`guid`, `pool_entry`, `chance`, `description`) VALUES (12162, 4155, 0, "");
INSERT INTO `pool_gameobject` (`guid`, `pool_entry`, `chance`, `description`) VALUES (12725, 4155, 60, "");
INSERT INTO `pool_gameobject` (`guid`, `pool_entry`, `chance`, `description`) VALUES (12156, 4155, 0, "");
INSERT INTO `pool_template` (`entry`, `max_limit`, `description`) VALUES (4163, 1, "Searing Gorge Firewatch Ridge Cave Local Minerals 2");
INSERT INTO `pool_gameobject` (`guid`, `pool_entry`, `chance`, `description`) VALUES (12163, 4163, 0, "");
INSERT INTO `pool_gameobject` (`guid`, `pool_entry`, `chance`, `description`) VALUES (12159, 4163, 0, "");
INSERT INTO `pool_gameobject` (`guid`, `pool_entry`, `chance`, `description`) VALUES (12724, 4163, 30, "");
INSERT INTO `pool_gameobject` (`guid`, `pool_entry`, `chance`, `description`) VALUES (12535, 4163, 40, "");
INSERT INTO `pool_template` (`entry`, `max_limit`, `description`) VALUES (4165, 1, "Searing Gorge Firewatch Ridge Cave Local Minerals 3");
INSERT INTO `pool_gameobject` (`guid`, `pool_entry`, `chance`, `description`) VALUES (12529, 4165, 30, "");
INSERT INTO `pool_gameobject` (`guid`, `pool_entry`, `chance`, `description`) VALUES (12723, 4165, 0, "");
INSERT INTO `pool_gameobject` (`guid`, `pool_entry`, `chance`, `description`) VALUES (12502, 4165, 30, "");
INSERT INTO `pool_gameobject` (`guid`, `pool_entry`, `chance`, `description`) VALUES (12716, 4165, 0, "");
INSERT INTO `pool_template` (`entry`, `max_limit`, `description`) VALUES (4169, 1, "Searing Gorge Firewatch Ridge Cave Local Minerals 4");
INSERT INTO `pool_gameobject` (`guid`, `pool_entry`, `chance`, `description`) VALUES (12155, 4169, 0, "");
INSERT INTO `pool_gameobject` (`guid`, `pool_entry`, `chance`, `description`) VALUES (12498, 4169, 0, "");

-- Pool Pooling
INSERT INTO `pool_template` (`entry`, `max_limit`, `description`) VALUES (1358, 2, "Searing Gorge South East Mineral Nodes");
INSERT INTO `pool_pool` (`pool_id`, `mother_pool`, `chance`, `description`) VALUES (1357, 1358, 0, "");
INSERT INTO `pool_pool` (`pool_id`, `mother_pool`, `chance`, `description`) VALUES (1598, 1358, 0, "");
INSERT INTO `pool_pool` (`pool_id`, `mother_pool`, `chance`, `description`) VALUES (2303, 1358, 0, "");
INSERT INTO `pool_template` (`entry`, `max_limit`, `description`) VALUES (1599, 2, "Searing Gorge North East Mineral Nodes");
INSERT INTO `pool_pool` (`pool_id`, `mother_pool`, `chance`, `description`) VALUES (1906, 1599, 0, "");
INSERT INTO `pool_pool` (`pool_id`, `mother_pool`, `chance`, `description`) VALUES (2169, 1599, 0, "");
INSERT INTO `pool_pool` (`pool_id`, `mother_pool`, `chance`, `description`) VALUES (3231, 1599, 0, "");
INSERT INTO `pool_pool` (`pool_id`, `mother_pool`, `chance`, `description`) VALUES (3574, 1599, 0, "");
INSERT INTO `pool_template` (`entry`, `max_limit`, `description`) VALUES (1907, 2, "Searing Gorge East Mineral Nodes");
INSERT INTO `pool_pool` (`pool_id`, `mother_pool`, `chance`, `description`) VALUES (2281, 1907, 0, "");
INSERT INTO `pool_pool` (`pool_id`, `mother_pool`, `chance`, `description`) VALUES (2341, 1907, 15, "");
INSERT INTO `pool_pool` (`pool_id`, `mother_pool`, `chance`, `description`) VALUES (2463, 1907, 15, "");
INSERT INTO `pool_pool` (`pool_id`, `mother_pool`, `chance`, `description`) VALUES (3165, 1907, 0, "");
INSERT INTO `pool_template` (`entry`, `max_limit`, `description`) VALUES (2170, 2, "Searing Gorge The Cauldron Mineral Nodes 1");
INSERT INTO `pool_pool` (`pool_id`, `mother_pool`, `chance`, `description`) VALUES (3508, 2170, 30, "");
INSERT INTO `pool_pool` (`pool_id`, `mother_pool`, `chance`, `description`) VALUES (3588, 2170, 30, "");
INSERT INTO `pool_pool` (`pool_id`, `mother_pool`, `chance`, `description`) VALUES (3619, 2170, 0, "");
INSERT INTO `pool_pool` (`pool_id`, `mother_pool`, `chance`, `description`) VALUES (3723, 2170, 0, "");
INSERT INTO `pool_template` (`entry`, `max_limit`, `description`) VALUES (2282, 2, "Searing Gorge The Cauldron Mineral Nodes 2");
INSERT INTO `pool_pool` (`pool_id`, `mother_pool`, `chance`, `description`) VALUES (3695, 2282, 0, "");
INSERT INTO `pool_pool` (`pool_id`, `mother_pool`, `chance`, `description`) VALUES (4007, 2282, 0, "");
INSERT INTO `pool_pool` (`pool_id`, `mother_pool`, `chance`, `description`) VALUES (4035, 2282, 0, "");
INSERT INTO `pool_pool` (`pool_id`, `mother_pool`, `chance`, `description`) VALUES (3792, 2282, 0, "");
INSERT INTO `pool_template` (`entry`, `max_limit`, `description`) VALUES (2304, 2, "Searing Gorge Sea of Cinders Mineral Nodes");
INSERT INTO `pool_pool` (`pool_id`, `mother_pool`, `chance`, `description`) VALUES (3307, 2304, 30, "");
INSERT INTO `pool_pool` (`pool_id`, `mother_pool`, `chance`, `description`) VALUES (3455, 2304, 0, "");
INSERT INTO `pool_pool` (`pool_id`, `mother_pool`, `chance`, `description`) VALUES (3537, 2304, 0, "");
INSERT INTO `pool_pool` (`pool_id`, `mother_pool`, `chance`, `description`) VALUES (3681, 2304, 30, "");
INSERT INTO `pool_template` (`entry`, `max_limit`, `description`) VALUES (2342, 2, "Searing Gorge Near Thorium Point Mineral Nodes");
INSERT INTO `pool_pool` (`pool_id`, `mother_pool`, `chance`, `description`) VALUES (3652, 2342, 8, "");
INSERT INTO `pool_pool` (`pool_id`, `mother_pool`, `chance`, `description`) VALUES (3662, 2342, 8, "");
INSERT INTO `pool_pool` (`pool_id`, `mother_pool`, `chance`, `description`) VALUES (4079, 2342, 30, "");
INSERT INTO `pool_pool` (`pool_id`, `mother_pool`, `chance`, `description`) VALUES (4083, 2342, 0, "");
INSERT INTO `pool_pool` (`pool_id`, `mother_pool`, `chance`, `description`) VALUES (4000, 2342, 8, "");
INSERT INTO `pool_pool` (`pool_id`, `mother_pool`, `chance`, `description`) VALUES (3856, 2342, 8, "");
INSERT INTO `pool_template` (`entry`, `max_limit`, `description`) VALUES (2464, 3, "Searing Gorge Firewatch Ridge Cave Mineral Nodes");
INSERT INTO `pool_pool` (`pool_id`, `mother_pool`, `chance`, `description`) VALUES (4165, 2464, 13, "");
INSERT INTO `pool_pool` (`pool_id`, `mother_pool`, `chance`, `description`) VALUES (4169, 2464, 25, "");
INSERT INTO `pool_pool` (`pool_id`, `mother_pool`, `chance`, `description`) VALUES (4155, 2464, 0, "");
INSERT INTO `pool_pool` (`pool_id`, `mother_pool`, `chance`, `description`) VALUES (4163, 2464, 0, "");
INSERT INTO `pool_template` (`entry`, `max_limit`, `description`) VALUES (3166, 2, "Searing Gorge South West Mineral Nodes");
INSERT INTO `pool_pool` (`pool_id`, `mother_pool`, `chance`, `description`) VALUES (4153, 3166, 0, "");
INSERT INTO `pool_pool` (`pool_id`, `mother_pool`, `chance`, `description`) VALUES (4151, 3166, 0, "");
INSERT INTO `pool_pool` (`pool_id`, `mother_pool`, `chance`, `description`) VALUES (4111, 3166, 0, "");
INSERT INTO `pool_pool` (`pool_id`, `mother_pool`, `chance`, `description`) VALUES (4105, 3166, 25, "");
INSERT INTO `pool_pool` (`pool_id`, `mother_pool`, `chance`, `description`) VALUES (4092, 3166, 25, "");
INSERT INTO `pool_template` (`entry`, `max_limit`, `description`) VALUES (3308, 2, "Searing Gorge North West Mineral Nodes");
INSERT INTO `pool_pool` (`pool_id`, `mother_pool`, `chance`, `description`) VALUES (4148, 3308, 30, "");
INSERT INTO `pool_pool` (`pool_id`, `mother_pool`, `chance`, `description`) VALUES (4140, 3308, 0, "");
INSERT INTO `pool_pool` (`pool_id`, `mother_pool`, `chance`, `description`) VALUES (4136, 3308, 0, "");
INSERT INTO `pool_pool` (`pool_id`, `mother_pool`, `chance`, `description`) VALUES (4116, 3308, 10, "");
INSERT INTO `pool_pool` (`pool_id`, `mother_pool`, `chance`, `description`) VALUES (4109, 3308, 10, "");
INSERT INTO `pool_template` (`entry`, `max_limit`, `description`) VALUES (3456, 1, "Searing Gorge West Mineral Nodes");
INSERT INTO `pool_pool` (`pool_id`, `mother_pool`, `chance`, `description`) VALUES (4128, 3456, 0, "");
INSERT INTO `pool_pool` (`pool_id`, `mother_pool`, `chance`, `description`) VALUES (4118, 3456, 35, "");
INSERT INTO `pool_pool` (`pool_id`, `mother_pool`, `chance`, `description`) VALUES (4100, 3456, 40, "");
INSERT INTO `pool_template` (`entry`, `max_limit`, `description`) VALUES (3509, 1, "Searing Gorge Near the Door Thing Mineral Nodes");
INSERT INTO `pool_pool` (`pool_id`, `mother_pool`, `chance`, `description`) VALUES (4059, 3509, 0, "");
INSERT INTO `pool_pool` (`pool_id`, `mother_pool`, `chance`, `description`) VALUES (4054, 3509, 0, "");
INSERT INTO `pool_template` (`entry`, `max_limit`, `description`) VALUES (3538, 3, "Searing Gorge The Slag Pit Mineral Nodes 1");
INSERT INTO `pool_pool` (`pool_id`, `mother_pool`, `chance`, `description`) VALUES (3667, 3538, 30, "");
INSERT INTO `pool_pool` (`pool_id`, `mother_pool`, `chance`, `description`) VALUES (3711, 3538, 0, "");
INSERT INTO `pool_pool` (`pool_id`, `mother_pool`, `chance`, `description`) VALUES (3783, 3538, 0, "");
INSERT INTO `pool_pool` (`pool_id`, `mother_pool`, `chance`, `description`) VALUES (3849, 3538, 0, "");
INSERT INTO `pool_pool` (`pool_id`, `mother_pool`, `chance`, `description`) VALUES (3885, 3538, 0, "");
INSERT INTO `pool_pool` (`pool_id`, `mother_pool`, `chance`, `description`) VALUES (4018, 3538, 0, "");
INSERT INTO `pool_template` (`entry`, `max_limit`, `description`) VALUES (3575, 3, "Searing Gorge The Slag Pit Mineral Nodes 2");
INSERT INTO `pool_pool` (`pool_id`, `mother_pool`, `chance`, `description`) VALUES (3706, 3575, 0, "");
INSERT INTO `pool_pool` (`pool_id`, `mother_pool`, `chance`, `description`) VALUES (3720, 3575, 0, "");
INSERT INTO `pool_pool` (`pool_id`, `mother_pool`, `chance`, `description`) VALUES (3995, 3575, 0, "");
INSERT INTO `pool_pool` (`pool_id`, `mother_pool`, `chance`, `description`) VALUES (4028, 3575, 0, "");
INSERT INTO `pool_pool` (`pool_id`, `mother_pool`, `chance`, `description`) VALUES (4045, 3575, 0, "");
INSERT INTO `pool_pool` (`pool_id`, `mother_pool`, `chance`, `description`) VALUES (4072, 3575, 0, "");

-- Silverpine Forest:
-- Local Pooling
INSERT INTO `pool_template` (`entry`, `max_limit`, `description`) VALUES (1355, 1, "Silverpine Forest Local Minerals 1");
INSERT INTO `pool_gameobject` (`guid`, `pool_entry`, `chance`, `description`) VALUES (13100, 1355, 0, "");
INSERT INTO `pool_gameobject` (`guid`, `pool_entry`, `chance`, `description`) VALUES (13099, 1355, 0, "");
INSERT INTO `pool_gameobject` (`guid`, `pool_entry`, `chance`, `description`) VALUES (13098, 1355, 0, "");
INSERT INTO `pool_template` (`entry`, `max_limit`, `description`) VALUES (1596, 1, "Silverpine Forest Local Minerals 2");
INSERT INTO `pool_gameobject` (`guid`, `pool_entry`, `chance`, `description`) VALUES (13097, 1596, 0, "");
INSERT INTO `pool_gameobject` (`guid`, `pool_entry`, `chance`, `description`) VALUES (13096, 1596, 0, "");
INSERT INTO `pool_template` (`entry`, `max_limit`, `description`) VALUES (1904, 1, "Silverpine Forest Local Minerals 3");
INSERT INTO `pool_gameobject` (`guid`, `pool_entry`, `chance`, `description`) VALUES (13095, 1904, 0, "");
INSERT INTO `pool_gameobject` (`guid`, `pool_entry`, `chance`, `description`) VALUES (13094, 1904, 0, "");
INSERT INTO `pool_template` (`entry`, `max_limit`, `description`) VALUES (5763, 1, "Silverpine Forest Local Minerals 4");
INSERT INTO `pool_gameobject` (`guid`, `pool_entry`, `chance`, `description`) VALUES (13226, 5763, 0, "");
INSERT INTO `pool_gameobject` (`guid`, `pool_entry`, `chance`, `description`) VALUES (13225, 5763, 0, "");
INSERT INTO `pool_gameobject` (`guid`, `pool_entry`, `chance`, `description`) VALUES (13224, 5763, 40, "");
INSERT INTO `pool_template` (`entry`, `max_limit`, `description`) VALUES (2279, 1, "Silverpine Forest Local Minerals 5");
INSERT INTO `pool_gameobject` (`guid`, `pool_entry`, `chance`, `description`) VALUES (13223, 2279, 0, "");
INSERT INTO `pool_gameobject` (`guid`, `pool_entry`, `chance`, `description`) VALUES (13297, 2279, 0, "");
INSERT INTO `pool_template` (`entry`, `max_limit`, `description`) VALUES (2301, 1, "Silverpine Forest Local Minerals 6");
INSERT INTO `pool_gameobject` (`guid`, `pool_entry`, `chance`, `description`) VALUES (13222, 2301, 0, "");
INSERT INTO `pool_gameobject` (`guid`, `pool_entry`, `chance`, `description`) VALUES (13221, 2301, 0, "");
INSERT INTO `pool_gameobject` (`guid`, `pool_entry`, `chance`, `description`) VALUES (13217, 2301, 0, "");
INSERT INTO `pool_template` (`entry`, `max_limit`, `description`) VALUES (2339, 1, "Silverpine Forest Local Minerals 7");
INSERT INTO `pool_gameobject` (`guid`, `pool_entry`, `chance`, `description`) VALUES (13220, 2339, 0, "");
INSERT INTO `pool_gameobject` (`guid`, `pool_entry`, `chance`, `description`) VALUES (13288, 2339, 7, "");
INSERT INTO `pool_gameobject` (`guid`, `pool_entry`, `chance`, `description`) VALUES (13219, 2339, 0, "");
INSERT INTO `pool_template` (`entry`, `max_limit`, `description`) VALUES (2461, 1, "Silverpine Forest Local Minerals 8");
INSERT INTO `pool_gameobject` (`guid`, `pool_entry`, `chance`, `description`) VALUES (13093, 2461, 0, "");
INSERT INTO `pool_gameobject` (`guid`, `pool_entry`, `chance`, `description`) VALUES (13216, 2461, 0, "");
INSERT INTO `pool_gameobject` (`guid`, `pool_entry`, `chance`, `description`) VALUES (13287, 2461, 7, "");
INSERT INTO `pool_template` (`entry`, `max_limit`, `description`) VALUES (3163, 1, "Silverpine Forest Local Minerals 9");
INSERT INTO `pool_gameobject` (`guid`, `pool_entry`, `chance`, `description`) VALUES (13218, 3163, 0, "");
INSERT INTO `pool_gameobject` (`guid`, `pool_entry`, `chance`, `description`) VALUES (13212, 3163, 0, "");
INSERT INTO `pool_gameobject` (`guid`, `pool_entry`, `chance`, `description`) VALUES (13087, 3163, 0, "");
INSERT INTO `pool_template` (`entry`, `max_limit`, `description`) VALUES (3229, 1, "Silverpine Forest Local Minerals 10");
INSERT INTO `pool_gameobject` (`guid`, `pool_entry`, `chance`, `description`) VALUES (13215, 3229, 0, "");
INSERT INTO `pool_gameobject` (`guid`, `pool_entry`, `chance`, `description`) VALUES (13214, 3229, 0, "");
INSERT INTO `pool_gameobject` (`guid`, `pool_entry`, `chance`, `description`) VALUES (13029, 3229, 40, "");
INSERT INTO `pool_template` (`entry`, `max_limit`, `description`) VALUES (3305, 1, "Silverpine Forest Local Minerals 11");
INSERT INTO `pool_gameobject` (`guid`, `pool_entry`, `chance`, `description`) VALUES (13213, 3305, 0, "");
INSERT INTO `pool_gameobject` (`guid`, `pool_entry`, `chance`, `description`) VALUES (13211, 3305, 0, "");
INSERT INTO `pool_template` (`entry`, `max_limit`, `description`) VALUES (3453, 1, "Silverpine Forest Local Minerals 12");
INSERT INTO `pool_gameobject` (`guid`, `pool_entry`, `chance`, `description`) VALUES (13092, 3453, 0, "");
INSERT INTO `pool_gameobject` (`guid`, `pool_entry`, `chance`, `description`) VALUES (13207, 3453, 0, "");
INSERT INTO `pool_gameobject` (`guid`, `pool_entry`, `chance`, `description`) VALUES (13206, 3453, 0, "");
INSERT INTO `pool_gameobject` (`guid`, `pool_entry`, `chance`, `description`) VALUES (13205, 3453, 0, "");
INSERT INTO `pool_template` (`entry`, `max_limit`, `description`) VALUES (3506, 1, "Silverpine Forest Local Minerals 13");
INSERT INTO `pool_gameobject` (`guid`, `pool_entry`, `chance`, `description`) VALUES (13208, 3506, 0, "");
INSERT INTO `pool_gameobject` (`guid`, `pool_entry`, `chance`, `description`) VALUES (13244, 3506, 10, "");
INSERT INTO `pool_template` (`entry`, `max_limit`, `description`) VALUES (3536, 1, "Silverpine Forest Local Minerals 14");
INSERT INTO `pool_gameobject` (`guid`, `pool_entry`, `chance`, `description`) VALUES (13192, 3536, 0, "");
INSERT INTO `pool_gameobject` (`guid`, `pool_entry`, `chance`, `description`) VALUES (13242, 3536, 5, "");
INSERT INTO `pool_template` (`entry`, `max_limit`, `description`) VALUES (3573, 1, "Silverpine Forest Local Minerals 15");
INSERT INTO `pool_gameobject` (`guid`, `pool_entry`, `chance`, `description`) VALUES (13201, 3573, 0, "");
INSERT INTO `pool_gameobject` (`guid`, `pool_entry`, `chance`, `description`) VALUES (13140, 3573, 0, "");
INSERT INTO `pool_template` (`entry`, `max_limit`, `description`) VALUES (3587, 1, "Silverpine Forest Berens Peril Cave Local Minerals 1");
INSERT INTO `pool_gameobject` (`guid`, `pool_entry`, `chance`, `description`) VALUES (13196, 3587, 0, "");
INSERT INTO `pool_gameobject` (`guid`, `pool_entry`, `chance`, `description`) VALUES (13195, 3587, 0, "");
INSERT INTO `pool_gameobject` (`guid`, `pool_entry`, `chance`, `description`) VALUES (13090, 3587, 0, "");
INSERT INTO `pool_gameobject` (`guid`, `pool_entry`, `chance`, `description`) VALUES (13089, 3587, 0, "");
INSERT INTO `pool_gameobject` (`guid`, `pool_entry`, `chance`, `description`) VALUES (13191, 3587, 0, "");
INSERT INTO `pool_template` (`entry`, `max_limit`, `description`) VALUES (3618, 1, "Silverpine Forest Berens Peril Cave Local Minerals 2");
INSERT INTO `pool_gameobject` (`guid`, `pool_entry`, `chance`, `description`) VALUES (13243, 3618, 15, "");
INSERT INTO `pool_gameobject` (`guid`, `pool_entry`, `chance`, `description`) VALUES (13189, 3618, 0, "");
INSERT INTO `pool_gameobject` (`guid`, `pool_entry`, `chance`, `description`) VALUES (13144, 3618, 0, "");
INSERT INTO `pool_gameobject` (`guid`, `pool_entry`, `chance`, `description`) VALUES (13138, 3618, 0, "");
INSERT INTO `pool_gameobject` (`guid`, `pool_entry`, `chance`, `description`) VALUES (13133, 3618, 0, "");
INSERT INTO `pool_template` (`entry`, `max_limit`, `description`) VALUES (3634, 1, "Silverpine Forest Local Minerals 16");
INSERT INTO `pool_gameobject` (`guid`, `pool_entry`, `chance`, `description`) VALUES (13199, 3634, 0, "");
INSERT INTO `pool_gameobject` (`guid`, `pool_entry`, `chance`, `description`) VALUES (13202, 3634, 0, "");
INSERT INTO `pool_gameobject` (`guid`, `pool_entry`, `chance`, `description`) VALUES (13091, 3634, 0, "");
INSERT INTO `pool_template` (`entry`, `max_limit`, `description`) VALUES (3651, 2, "Silverpine Forest Deep Elem Mine Local Minerals");
INSERT INTO `pool_gameobject` (`guid`, `pool_entry`, `chance`, `description`) VALUES (13139, 3651, 0, "");
INSERT INTO `pool_gameobject` (`guid`, `pool_entry`, `chance`, `description`) VALUES (13148, 3651, 0, "");
INSERT INTO `pool_gameobject` (`guid`, `pool_entry`, `chance`, `description`) VALUES (13088, 3651, 0, "");
INSERT INTO `pool_gameobject` (`guid`, `pool_entry`, `chance`, `description`) VALUES (13190, 3651, 0, "");
INSERT INTO `pool_gameobject` (`guid`, `pool_entry`, `chance`, `description`) VALUES (13086, 3651, 0, "");
INSERT INTO `pool_template` (`entry`, `max_limit`, `description`) VALUES (3661, 1, "Silverpine Forest Local Minerals 17");
INSERT INTO `pool_gameobject` (`guid`, `pool_entry`, `chance`, `description`) VALUES (13048, 3661, 0, "");
INSERT INTO `pool_gameobject` (`guid`, `pool_entry`, `chance`, `description`) VALUES (13045, 3661, 0, "");
INSERT INTO `pool_gameobject` (`guid`, `pool_entry`, `chance`, `description`) VALUES (13120, 3661, 60, "");
INSERT INTO `pool_template` (`entry`, `max_limit`, `description`) VALUES (3666, 1, "Silverpine Forest Local Minerals 18");
INSERT INTO `pool_gameobject` (`guid`, `pool_entry`, `chance`, `description`) VALUES (13043, 3666, 0, "");
INSERT INTO `pool_gameobject` (`guid`, `pool_entry`, `chance`, `description`) VALUES (13032, 3666, 0, "");
INSERT INTO `pool_gameobject` (`guid`, `pool_entry`, `chance`, `description`) VALUES (13121, 3666, 60, "");
INSERT INTO `pool_template` (`entry`, `max_limit`, `description`) VALUES (3680, 1, "Silverpine Forest Local Minerals 19");
INSERT INTO `pool_gameobject` (`guid`, `pool_entry`, `chance`, `description`) VALUES (13200, 3680, 0, "");
INSERT INTO `pool_gameobject` (`guid`, `pool_entry`, `chance`, `description`) VALUES (13060, 3680, 0, "");
INSERT INTO `pool_template` (`entry`, `max_limit`, `description`) VALUES (3694, 1, "Silverpine Forest Local Minerals 20");
INSERT INTO `pool_gameobject` (`guid`, `pool_entry`, `chance`, `description`) VALUES (13143, 3694, 0, "");
INSERT INTO `pool_gameobject` (`guid`, `pool_entry`, `chance`, `description`) VALUES (13132, 3694, 60, "");
INSERT INTO `pool_gameobject` (`guid`, `pool_entry`, `chance`, `description`) VALUES (13030, 3694, 0, "");
INSERT INTO `pool_template` (`entry`, `max_limit`, `description`) VALUES (3705, 1, "Silverpine Forest Local Minerals 21");
INSERT INTO `pool_gameobject` (`guid`, `pool_entry`, `chance`, `description`) VALUES (13031, 3705, 0, "");
INSERT INTO `pool_gameobject` (`guid`, `pool_entry`, `chance`, `description`) VALUES (13119, 3705, 55, "");
INSERT INTO `pool_gameobject` (`guid`, `pool_entry`, `chance`, `description`) VALUES (13237, 3705, 5, "");
INSERT INTO `pool_template` (`entry`, `max_limit`, `description`) VALUES (3710, 2, "Silverpine Forest Local Minerals 22");
INSERT INTO `pool_gameobject` (`guid`, `pool_entry`, `chance`, `description`) VALUES (13044, 3710, 0, "");
INSERT INTO `pool_gameobject` (`guid`, `pool_entry`, `chance`, `description`) VALUES (13027, 3710, 0, "");
INSERT INTO `pool_gameobject` (`guid`, `pool_entry`, `chance`, `description`) VALUES (13028, 3710, 0, "");
INSERT INTO `pool_gameobject` (`guid`, `pool_entry`, `chance`, `description`) VALUES (13012, 3710, 0, "");
INSERT INTO `pool_gameobject` (`guid`, `pool_entry`, `chance`, `description`) VALUES (12981, 3710, 0, "");
INSERT INTO `pool_template` (`entry`, `max_limit`, `description`) VALUES (3719, 1, "Silverpine Forest Local Minerals 23");
INSERT INTO `pool_gameobject` (`guid`, `pool_entry`, `chance`, `description`) VALUES (13026, 3719, 0, "");
INSERT INTO `pool_gameobject` (`guid`, `pool_entry`, `chance`, `description`) VALUES (13025, 3719, 0, "");
INSERT INTO `pool_gameobject` (`guid`, `pool_entry`, `chance`, `description`) VALUES (12979, 3719, 40, "");
INSERT INTO `pool_template` (`entry`, `max_limit`, `description`) VALUES (3722, 1, "Silverpine Forest Local Minerals 24");
INSERT INTO `pool_gameobject` (`guid`, `pool_entry`, `chance`, `description`) VALUES (13011, 3722, 0, "");
INSERT INTO `pool_gameobject` (`guid`, `pool_entry`, `chance`, `description`) VALUES (12982, 3722, 0, "");
INSERT INTO `pool_template` (`entry`, `max_limit`, `description`) VALUES (3782, 1, "Silverpine Forest Local Minerals 25");
INSERT INTO `pool_gameobject` (`guid`, `pool_entry`, `chance`, `description`) VALUES (13020, 3782, 0, "");
INSERT INTO `pool_gameobject` (`guid`, `pool_entry`, `chance`, `description`) VALUES (12983, 3782, 60, "");
INSERT INTO `pool_gameobject` (`guid`, `pool_entry`, `chance`, `description`) VALUES (12974, 3782, 30, "");
INSERT INTO `pool_template` (`entry`, `max_limit`, `description`) VALUES (3791, 1, "Silverpine Forest Local Minerals 26");
INSERT INTO `pool_gameobject` (`guid`, `pool_entry`, `chance`, `description`) VALUES (12980, 3791, 40, "");
INSERT INTO `pool_gameobject` (`guid`, `pool_entry`, `chance`, `description`) VALUES (12972, 3791, 0, "");
INSERT INTO `pool_gameobject` (`guid`, `pool_entry`, `chance`, `description`) VALUES (12971, 3791, 0, "");
INSERT INTO `pool_template` (`entry`, `max_limit`, `description`) VALUES (3848, 2, "Silverpine Forest Local Minerals 27");
INSERT INTO `pool_gameobject` (`guid`, `pool_entry`, `chance`, `description`) VALUES (12978, 3848, 0, "");
INSERT INTO `pool_gameobject` (`guid`, `pool_entry`, `chance`, `description`) VALUES (12973, 3848, 0, "");
INSERT INTO `pool_gameobject` (`guid`, `pool_entry`, `chance`, `description`) VALUES (12963, 3848, 0, "");
INSERT INTO `pool_template` (`entry`, `max_limit`, `description`) VALUES (3855, 1, "Silverpine Forest Local Minerals 28");
INSERT INTO `pool_gameobject` (`guid`, `pool_entry`, `chance`, `description`) VALUES (12977, 3855, 0, "");
INSERT INTO `pool_gameobject` (`guid`, `pool_entry`, `chance`, `description`) VALUES (12970, 3855, 0, "");
INSERT INTO `pool_template` (`entry`, `max_limit`, `description`) VALUES (3871, 1, "Silverpine Forest Local Minerals 29");
INSERT INTO `pool_gameobject` (`guid`, `pool_entry`, `chance`, `description`) VALUES (13116, 3871, 0, "");
INSERT INTO `pool_gameobject` (`guid`, `pool_entry`, `chance`, `description`) VALUES (13118, 3871, 0, "");
INSERT INTO `pool_template` (`entry`, `max_limit`, `description`) VALUES (3884, 1, "Silverpine Forest Local Minerals 30");
INSERT INTO `pool_gameobject` (`guid`, `pool_entry`, `chance`, `description`) VALUES (12976, 3884, 0, "");
INSERT INTO `pool_gameobject` (`guid`, `pool_entry`, `chance`, `description`) VALUES (12969, 3884, 0, "");
INSERT INTO `pool_template` (`entry`, `max_limit`, `description`) VALUES (3994, 1, "Silverpine Forest Local Minerals 31");
INSERT INTO `pool_gameobject` (`guid`, `pool_entry`, `chance`, `description`) VALUES (12975, 3994, 0, "");
INSERT INTO `pool_gameobject` (`guid`, `pool_entry`, `chance`, `description`) VALUES (13106, 3994, 0, "");
INSERT INTO `pool_template` (`entry`, `max_limit`, `description`) VALUES (3999, 1, "Silverpine Forest Local Minerals 32");
INSERT INTO `pool_gameobject` (`guid`, `pool_entry`, `chance`, `description`) VALUES (13115, 3999, 0, "");
INSERT INTO `pool_gameobject` (`guid`, `pool_entry`, `chance`, `description`) VALUES (13107, 3999, 0, "");
INSERT INTO `pool_gameobject` (`guid`, `pool_entry`, `chance`, `description`) VALUES (13105, 3999, 0, "");
INSERT INTO `pool_template` (`entry`, `max_limit`, `description`) VALUES (4006, 1, "Silverpine Forest Local Minerals 33");
INSERT INTO `pool_gameobject` (`guid`, `pool_entry`, `chance`, `description`) VALUES (12968, 4006, 0, "");
INSERT INTO `pool_gameobject` (`guid`, `pool_entry`, `chance`, `description`) VALUES (12967, 4006, 0, "");
INSERT INTO `pool_gameobject` (`guid`, `pool_entry`, `chance`, `description`) VALUES (12961, 4006, 0, "");
INSERT INTO `pool_gameobject` (`guid`, `pool_entry`, `chance`, `description`) VALUES (12960, 4006, 0, "");
INSERT INTO `pool_template` (`entry`, `max_limit`, `description`) VALUES (4011, 1, "Silverpine Forest Local Minerals 34");
INSERT INTO `pool_gameobject` (`guid`, `pool_entry`, `chance`, `description`) VALUES (13117, 4011, 35, "");
INSERT INTO `pool_gameobject` (`guid`, `pool_entry`, `chance`, `description`) VALUES (12966, 4011, 35, "");
INSERT INTO `pool_gameobject` (`guid`, `pool_entry`, `chance`, `description`) VALUES (12965, 4011, 0, "");
INSERT INTO `pool_gameobject` (`guid`, `pool_entry`, `chance`, `description`) VALUES (12964, 4011, 0, "");
INSERT INTO `pool_template` (`entry`, `max_limit`, `description`) VALUES (4013, 1, "Silverpine Forest Local Minerals 35");
INSERT INTO `pool_gameobject` (`guid`, `pool_entry`, `chance`, `description`) VALUES (12962, 4013, 0, "");
INSERT INTO `pool_gameobject` (`guid`, `pool_entry`, `chance`, `description`) VALUES (13104, 4013, 0, "");
INSERT INTO `pool_gameobject` (`guid`, `pool_entry`, `chance`, `description`) VALUES (12944, 4013, 0, "");
INSERT INTO `pool_template` (`entry`, `max_limit`, `description`) VALUES (4015, 1, "Silverpine Forest Local Minerals 36");
INSERT INTO `pool_gameobject` (`guid`, `pool_entry`, `chance`, `description`) VALUES (12955, 4015, 65, "");
INSERT INTO `pool_gameobject` (`guid`, `pool_entry`, `chance`, `description`) VALUES (12950, 4015, 0, "");
INSERT INTO `pool_gameobject` (`guid`, `pool_entry`, `chance`, `description`) VALUES (13103, 4015, 0, "");
INSERT INTO `pool_template` (`entry`, `max_limit`, `description`) VALUES (4017, 1, "Silverpine Forest Local Minerals 37");
INSERT INTO `pool_gameobject` (`guid`, `pool_entry`, `chance`, `description`) VALUES (12959, 4017, 0, "");
INSERT INTO `pool_gameobject` (`guid`, `pool_entry`, `chance`, `description`) VALUES (12958, 4017, 0, "");
INSERT INTO `pool_gameobject` (`guid`, `pool_entry`, `chance`, `description`) VALUES (12957, 4017, 0, "");
INSERT INTO `pool_gameobject` (`guid`, `pool_entry`, `chance`, `description`) VALUES (12956, 4017, 0, "");
INSERT INTO `pool_template` (`entry`, `max_limit`, `description`) VALUES (4027, 1, "Silverpine Forest Local Minerals 38");
INSERT INTO `pool_gameobject` (`guid`, `pool_entry`, `chance`, `description`) VALUES (12954, 4027, 0, "");
INSERT INTO `pool_gameobject` (`guid`, `pool_entry`, `chance`, `description`) VALUES (12953, 4027, 0, "");
INSERT INTO `pool_template` (`entry`, `max_limit`, `description`) VALUES (4034, 1, "Silverpine Forest Local Minerals 39");
INSERT INTO `pool_gameobject` (`guid`, `pool_entry`, `chance`, `description`) VALUES (13102, 4034, 0, "");
INSERT INTO `pool_gameobject` (`guid`, `pool_entry`, `chance`, `description`) VALUES (13236, 4034, 12, "");
INSERT INTO `pool_template` (`entry`, `max_limit`, `description`) VALUES (4044, 1, "Silverpine Forest Local Minerals 40");
INSERT INTO `pool_gameobject` (`guid`, `pool_entry`, `chance`, `description`) VALUES (12949, 4044, 0, "");
INSERT INTO `pool_gameobject` (`guid`, `pool_entry`, `chance`, `description`) VALUES (12948, 4044, 0, "");
INSERT INTO `pool_gameobject` (`guid`, `pool_entry`, `chance`, `description`) VALUES (12947, 4044, 50, "");
INSERT INTO `pool_template` (`entry`, `max_limit`, `description`) VALUES (4053, 1, "Silverpine Forest Local Minerals 41");
INSERT INTO `pool_gameobject` (`guid`, `pool_entry`, `chance`, `description`) VALUES (12943, 4053, 50, "");
INSERT INTO `pool_gameobject` (`guid`, `pool_entry`, `chance`, `description`) VALUES (12931, 4053, 0, "");
INSERT INTO `pool_gameobject` (`guid`, `pool_entry`, `chance`, `description`) VALUES (12921, 4053, 0, "");
INSERT INTO `pool_gameobject` (`guid`, `pool_entry`, `chance`, `description`) VALUES (12915, 4053, 0, "");
INSERT INTO `pool_gameobject` (`guid`, `pool_entry`, `chance`, `description`) VALUES (12916, 4053, 0, "");
INSERT INTO `pool_template` (`entry`, `max_limit`, `description`) VALUES (4058, 1, "Silverpine Forest Local Minerals 42");
INSERT INTO `pool_gameobject` (`guid`, `pool_entry`, `chance`, `description`) VALUES (12936, 4058, 0, "");
INSERT INTO `pool_gameobject` (`guid`, `pool_entry`, `chance`, `description`) VALUES (12906, 4058, 0, "");
INSERT INTO `pool_gameobject` (`guid`, `pool_entry`, `chance`, `description`) VALUES (12914, 4058, 0, "");
INSERT INTO `pool_template` (`entry`, `max_limit`, `description`) VALUES (4065, 1, "Silverpine Forest Local Minerals 43");
INSERT INTO `pool_gameobject` (`guid`, `pool_entry`, `chance`, `description`) VALUES (13101, 4065, 60, "");
INSERT INTO `pool_gameobject` (`guid`, `pool_entry`, `chance`, `description`) VALUES (13227, 4065, 10, "");
INSERT INTO `pool_gameobject` (`guid`, `pool_entry`, `chance`, `description`) VALUES (12939, 4065, 0, "");
INSERT INTO `pool_gameobject` (`guid`, `pool_entry`, `chance`, `description`) VALUES (12937, 4065, 0, "");
INSERT INTO `pool_gameobject` (`guid`, `pool_entry`, `chance`, `description`) VALUES (12920, 4065, 0, "");
INSERT INTO `pool_template` (`entry`, `max_limit`, `description`) VALUES (4067, 1, "Silverpine Forest The Skittering Dark Mine Local Minerals 1");
INSERT INTO `pool_gameobject` (`guid`, `pool_entry`, `chance`, `description`) VALUES (12935, 4067, 0, "");
INSERT INTO `pool_gameobject` (`guid`, `pool_entry`, `chance`, `description`) VALUES (12938, 4067, 0, "");
INSERT INTO `pool_gameobject` (`guid`, `pool_entry`, `chance`, `description`) VALUES (12934, 4067, 0, "");
INSERT INTO `pool_template` (`entry`, `max_limit`, `description`) VALUES (4071, 1, "Silverpine Forest The Skittering Dark Mine Local Minerals 2");
INSERT INTO `pool_gameobject` (`guid`, `pool_entry`, `chance`, `description`) VALUES (12933, 4071, 0, "");
INSERT INTO `pool_gameobject` (`guid`, `pool_entry`, `chance`, `description`) VALUES (12940, 4071, 0, "");
INSERT INTO `pool_gameobject` (`guid`, `pool_entry`, `chance`, `description`) VALUES (12919, 4071, 0, "");
INSERT INTO `pool_template` (`entry`, `max_limit`, `description`) VALUES (4077, 1, "Silverpine Forest The Skittering Dark Mine Local Minerals 3");
INSERT INTO `pool_gameobject` (`guid`, `pool_entry`, `chance`, `description`) VALUES (12942, 4077, 0, "");
INSERT INTO `pool_gameobject` (`guid`, `pool_entry`, `chance`, `description`) VALUES (12941, 4077, 0, "");
INSERT INTO `pool_gameobject` (`guid`, `pool_entry`, `chance`, `description`) VALUES (12932, 4077, 0, "");

-- Pool Pooling
INSERT INTO `pool_template` (`entry`, `max_limit`, `description`) VALUES (1356, 2, "Silverpine Forest Fenris Isle Mineral Nodes");
INSERT INTO `pool_pool` (`pool_id`, `mother_pool`, `chance`, `description`) VALUES (1355, 1356, 65, "");
INSERT INTO `pool_pool` (`pool_id`, `mother_pool`, `chance`, `description`) VALUES (1596, 1356, 0, "");
INSERT INTO `pool_pool` (`pool_id`, `mother_pool`, `chance`, `description`) VALUES (1904, 1356, 25, "");
INSERT INTO `pool_template` (`entry`, `max_limit`, `description`) VALUES (1597, 3, "Silverpine Forest South East Mineral Nodes");
INSERT INTO `pool_pool` (`pool_id`, `mother_pool`, `chance`, `description`) VALUES (2279, 1597, 10, "");
INSERT INTO `pool_pool` (`pool_id`, `mother_pool`, `chance`, `description`) VALUES (2339, 1597, 0, "");
INSERT INTO `pool_pool` (`pool_id`, `mother_pool`, `chance`, `description`) VALUES (2461, 1597, 0, "");
INSERT INTO `pool_pool` (`pool_id`, `mother_pool`, `chance`, `description`) VALUES (3305, 1597, 0, "");
INSERT INTO `pool_pool` (`pool_id`, `mother_pool`, `chance`, `description`) VALUES (3506, 1597, 10, "");
INSERT INTO `pool_pool` (`pool_id`, `mother_pool`, `chance`, `description`) VALUES (3536, 1597, 10, "");
INSERT INTO `pool_pool` (`pool_id`, `mother_pool`, `chance`, `description`) VALUES (3694, 1597, 0, "");
INSERT INTO `pool_template` (`entry`, `max_limit`, `description`) VALUES (1905, 3, "Silverpine Forest Ambermill Mineral Nodes");
INSERT INTO `pool_pool` (`pool_id`, `mother_pool`, `chance`, `description`) VALUES (5763, 1905, 0, "");
INSERT INTO `pool_pool` (`pool_id`, `mother_pool`, `chance`, `description`) VALUES (2301, 1905, 0, "");
INSERT INTO `pool_pool` (`pool_id`, `mother_pool`, `chance`, `description`) VALUES (3573, 1905, 0, "");
INSERT INTO `pool_pool` (`pool_id`, `mother_pool`, `chance`, `description`) VALUES (3705, 1905, 0, "");
INSERT INTO `pool_template` (`entry`, `max_limit`, `description`) VALUES (5775, 3, "Silverpine Forest Berens Peril Cave Mineral Nodes");
INSERT INTO `pool_pool` (`pool_id`, `mother_pool`, `chance`, `description`) VALUES (3618, 5775, 40, "");
INSERT INTO `pool_pool` (`pool_id`, `mother_pool`, `chance`, `description`) VALUES (3587, 5775, 40, "");
INSERT INTO `pool_pool` (`pool_id`, `mother_pool`, `chance`, `description`) VALUES (3453, 5775, 0, "");
INSERT INTO `pool_pool` (`pool_id`, `mother_pool`, `chance`, `description`) VALUES (3634, 5775, 0, "");
INSERT INTO `pool_template` (`entry`, `max_limit`, `description`) VALUES (2280, 2, "Silverpine Forest Near The Decrepit Ferry Mineral Nodes");
INSERT INTO `pool_pool` (`pool_id`, `mother_pool`, `chance`, `description`) VALUES (3163, 2280, 0, "");
INSERT INTO `pool_pool` (`pool_id`, `mother_pool`, `chance`, `description`) VALUES (3680, 2280, 0, "");
INSERT INTO `pool_pool` (`pool_id`, `mother_pool`, `chance`, `description`) VALUES (3710, 2280, 25, "");
INSERT INTO `pool_template` (`entry`, `max_limit`, `description`) VALUES (2302, 2, "Silverpine Forest Deep Elem Mine Mineral Nodes");
INSERT INTO `pool_pool` (`pool_id`, `mother_pool`, `chance`, `description`) VALUES (3651, 2302, 80, "");
INSERT INTO `pool_pool` (`pool_id`, `mother_pool`, `chance`, `description`) VALUES (3661, 2302, 0, "");
INSERT INTO `pool_pool` (`pool_id`, `mother_pool`, `chance`, `description`) VALUES (3666, 2302, 0, "");
INSERT INTO `pool_template` (`entry`, `max_limit`, `description`) VALUES (2340, 3, "Silverpine Forest South West Mineral Nodes");
INSERT INTO `pool_pool` (`pool_id`, `mother_pool`, `chance`, `description`) VALUES (3782, 2340, 0, "");
INSERT INTO `pool_pool` (`pool_id`, `mother_pool`, `chance`, `description`) VALUES (3791, 2340, 35, "");
INSERT INTO `pool_pool` (`pool_id`, `mother_pool`, `chance`, `description`) VALUES (4006, 2340, 35, "");
INSERT INTO `pool_pool` (`pool_id`, `mother_pool`, `chance`, `description`) VALUES (4015, 2340, 0, "");
INSERT INTO `pool_template` (`entry`, `max_limit`, `description`) VALUES (2462, 2, "Silverpine Forest North East Mineral Nodes");
INSERT INTO `pool_pool` (`pool_id`, `mother_pool`, `chance`, `description`) VALUES (3229, 2462, 0, "");
INSERT INTO `pool_pool` (`pool_id`, `mother_pool`, `chance`, `description`) VALUES (3722, 2462, 0, "");
INSERT INTO `pool_pool` (`pool_id`, `mother_pool`, `chance`, `description`) VALUES (3884, 2462, 0, "");
INSERT INTO `pool_template` (`entry`, `max_limit`, `description`) VALUES (3164, 2, "Silverpine Forest Olsens Farthing Mineral Nodes");
INSERT INTO `pool_pool` (`pool_id`, `mother_pool`, `chance`, `description`) VALUES (3848, 3164, 40, "");
INSERT INTO `pool_pool` (`pool_id`, `mother_pool`, `chance`, `description`) VALUES (3994, 3164, 0, "");
INSERT INTO `pool_pool` (`pool_id`, `mother_pool`, `chance`, `description`) VALUES (3999, 3164, 0, "");
INSERT INTO `pool_template` (`entry`, `max_limit`, `description`) VALUES (3230, 2, "Silverpine Forest Near Sepulcher Mineral Nodes");
INSERT INTO `pool_pool` (`pool_id`, `mother_pool`, `chance`, `description`) VALUES (4011, 3230, 0, "");
INSERT INTO `pool_pool` (`pool_id`, `mother_pool`, `chance`, `description`) VALUES (3855, 3230, 0, "");
INSERT INTO `pool_pool` (`pool_id`, `mother_pool`, `chance`, `description`) VALUES (3719, 3230, 0, "");
INSERT INTO `pool_template` (`entry`, `max_limit`, `description`) VALUES (3306, 2, "Silverpine Forest The Dead Field Mineral Nodes");
INSERT INTO `pool_pool` (`pool_id`, `mother_pool`, `chance`, `description`) VALUES (3871, 3306, 0, "");
INSERT INTO `pool_pool` (`pool_id`, `mother_pool`, `chance`, `description`) VALUES (4013, 3306, 0, "");
INSERT INTO `pool_pool` (`pool_id`, `mother_pool`, `chance`, `description`) VALUES (4017, 3306, 0, "");
INSERT INTO `pool_template` (`entry`, `max_limit`, `description`) VALUES (3454, 3, "Silverpine Forest North West Mineral Nodes");
INSERT INTO `pool_pool` (`pool_id`, `mother_pool`, `chance`, `description`) VALUES (4027, 3454, 0, "");
INSERT INTO `pool_pool` (`pool_id`, `mother_pool`, `chance`, `description`) VALUES (4044, 3454, 0, "");
INSERT INTO `pool_pool` (`pool_id`, `mother_pool`, `chance`, `description`) VALUES (4034, 3454, 10, "");
INSERT INTO `pool_pool` (`pool_id`, `mother_pool`, `chance`, `description`) VALUES (4053, 3454, 15, "");
INSERT INTO `pool_pool` (`pool_id`, `mother_pool`, `chance`, `description`) VALUES (4058, 3454, 10, "");
INSERT INTO `pool_template` (`entry`, `max_limit`, `description`) VALUES (3507, 3, "Silverpine Forest The Skittering Dark Mineral Nodes");
INSERT INTO `pool_pool` (`pool_id`, `mother_pool`, `chance`, `description`) VALUES (4065, 3507, 50, "");
INSERT INTO `pool_pool` (`pool_id`, `mother_pool`, `chance`, `description`) VALUES (4077, 3507, 0, "");
INSERT INTO `pool_pool` (`pool_id`, `mother_pool`, `chance`, `description`) VALUES (4071, 3507, 0, "");
INSERT INTO `pool_pool` (`pool_id`, `mother_pool`, `chance`, `description`) VALUES (4067, 3507, 0, "");

-- Stranglethorn Vale:
-- Local Pooling
INSERT INTO `pool_template` (`entry`, `max_limit`, `description`) VALUES (1368, 1, "Stranglethorn Vale Mosh Ogg Ogre Mound Cave Local Minerals 1");
INSERT INTO `pool_gameobject` (`guid`, `pool_entry`, `chance`, `description`) VALUES (14391, 1368, 0, "");
INSERT INTO `pool_gameobject` (`guid`, `pool_entry`, `chance`, `description`) VALUES (71483, 1368, 0, "");
INSERT INTO `pool_gameobject` (`guid`, `pool_entry`, `chance`, `description`) VALUES (14669, 1368, 0, "");
INSERT INTO `pool_gameobject` (`guid`, `pool_entry`, `chance`, `description`) VALUES (14665, 1368, 0, "");
INSERT INTO `pool_template` (`entry`, `max_limit`, `description`) VALUES (1609, 1, "Stranglethorn Vale Mosh Ogg Ogre Mound Cave Local Minerals 2");
INSERT INTO `pool_gameobject` (`guid`, `pool_entry`, `chance`, `description`) VALUES (14114, 1609, 10, "");
INSERT INTO `pool_gameobject` (`guid`, `pool_entry`, `chance`, `description`) VALUES (14664, 1609, 0, "");
INSERT INTO `pool_gameobject` (`guid`, `pool_entry`, `chance`, `description`) VALUES (14390, 1609, 0, "");
INSERT INTO `pool_gameobject` (`guid`, `pool_entry`, `chance`, `description`) VALUES (14389, 1609, 40, "");
INSERT INTO `pool_template` (`entry`, `max_limit`, `description`) VALUES (1917, 1, "Stranglethorn Vale Mosh Ogg Ogre Mound Cave Local Minerals 3");
INSERT INTO `pool_gameobject` (`guid`, `pool_entry`, `chance`, `description`) VALUES (14655, 1917, 0, "");
INSERT INTO `pool_gameobject` (`guid`, `pool_entry`, `chance`, `description`) VALUES (14384, 1917, 0, "");
INSERT INTO `pool_template` (`entry`, `max_limit`, `description`) VALUES (2180, 1, "Stranglethorn Vale Mosh Ogg Ogre Mound Cave Local Minerals 4");
INSERT INTO `pool_gameobject` (`guid`, `pool_entry`, `chance`, `description`) VALUES (14113, 2180, 8, "");
INSERT INTO `pool_gameobject` (`guid`, `pool_entry`, `chance`, `description`) VALUES (14385, 2180, 0, "");
INSERT INTO `pool_template` (`entry`, `max_limit`, `description`) VALUES (2314, 1, "Stranglethorn Vale Local Minerals 1");
INSERT INTO `pool_gameobject` (`guid`, `pool_entry`, `chance`, `description`) VALUES (14112, 2314, 6, "");
INSERT INTO `pool_gameobject` (`guid`, `pool_entry`, `chance`, `description`) VALUES (14388, 2314, 0, "");
INSERT INTO `pool_template` (`entry`, `max_limit`, `description`) VALUES (2352, 1, "Stranglethorn Vale Local Minerals 2");
INSERT INTO `pool_gameobject` (`guid`, `pool_entry`, `chance`, `description`) VALUES (13665, 2352, 5, "");
INSERT INTO `pool_gameobject` (`guid`, `pool_entry`, `chance`, `description`) VALUES (14109, 2352, 3, "");
INSERT INTO `pool_gameobject` (`guid`, `pool_entry`, `chance`, `description`) VALUES (14387, 2352, 0, "");
INSERT INTO `pool_template` (`entry`, `max_limit`, `description`) VALUES (2473, 1, "Stranglethorn Vale Local Minerals 3");
INSERT INTO `pool_gameobject` (`guid`, `pool_entry`, `chance`, `description`) VALUES (14108, 2473, 3, "");
INSERT INTO `pool_gameobject` (`guid`, `pool_entry`, `chance`, `description`) VALUES (14382, 2473, 0, "");
INSERT INTO `pool_gameobject` (`guid`, `pool_entry`, `chance`, `description`) VALUES (14381, 2473, 0, "");
INSERT INTO `pool_gameobject` (`guid`, `pool_entry`, `chance`, `description`) VALUES (14107, 2473, 3, "");
INSERT INTO `pool_gameobject` (`guid`, `pool_entry`, `chance`, `description`) VALUES (14380, 2473, 0, "");
INSERT INTO `pool_template` (`entry`, `max_limit`, `description`) VALUES (3317, 1, "Stranglethorn Vale Local Minerals 4");
INSERT INTO `pool_gameobject` (`guid`, `pool_entry`, `chance`, `description`) VALUES (13664, 3317, 6, "");
INSERT INTO `pool_gameobject` (`guid`, `pool_entry`, `chance`, `description`) VALUES (14106, 3317, 2, "");
INSERT INTO `pool_gameobject` (`guid`, `pool_entry`, `chance`, `description`) VALUES (14378, 3317, 0, "");
INSERT INTO `pool_template` (`entry`, `max_limit`, `description`) VALUES (3465, 1, "Stranglethorn Vale Local Minerals 5");
INSERT INTO `pool_gameobject` (`guid`, `pool_entry`, `chance`, `description`) VALUES (14379, 3465, 0, "");
INSERT INTO `pool_gameobject` (`guid`, `pool_entry`, `chance`, `description`) VALUES (13663, 3465, 6, "");
INSERT INTO `pool_gameobject` (`guid`, `pool_entry`, `chance`, `description`) VALUES (14103, 3465, 2, "");
INSERT INTO `pool_gameobject` (`guid`, `pool_entry`, `chance`, `description`) VALUES (14376, 3465, 0, "");
INSERT INTO `pool_template` (`entry`, `max_limit`, `description`) VALUES (3518, 1, "Stranglethorn Vale Local Minerals 6");
INSERT INTO `pool_gameobject` (`guid`, `pool_entry`, `chance`, `description`) VALUES (14104, 3518, 5, "");
INSERT INTO `pool_gameobject` (`guid`, `pool_entry`, `chance`, `description`) VALUES (14377, 3518, 0, "");
INSERT INTO `pool_gameobject` (`guid`, `pool_entry`, `chance`, `description`) VALUES (14386, 3518, 0, "");
INSERT INTO `pool_template` (`entry`, `max_limit`, `description`) VALUES (3732, 1, "Stranglethorn Vale The Stockpile Cave Local Minerals 1");
INSERT INTO `pool_gameobject` (`guid`, `pool_entry`, `chance`, `description`) VALUES (14650, 3732, 0, "");
INSERT INTO `pool_gameobject` (`guid`, `pool_entry`, `chance`, `description`) VALUES (14105, 3732, 12, "");
INSERT INTO `pool_template` (`entry`, `max_limit`, `description`) VALUES (3800, 1, "Stranglethorn Vale The Stockpile Cave Local Minerals 2");
INSERT INTO `pool_gameobject` (`guid`, `pool_entry`, `chance`, `description`) VALUES (13662, 3800, 12, "");
INSERT INTO `pool_gameobject` (`guid`, `pool_entry`, `chance`, `description`) VALUES (14101, 3800, 4, "");
INSERT INTO `pool_gameobject` (`guid`, `pool_entry`, `chance`, `description`) VALUES (14373, 3800, 0, "");
INSERT INTO `pool_gameobject` (`guid`, `pool_entry`, `chance`, `description`) VALUES (14631, 3800, 0, "");
INSERT INTO `pool_gameobject` (`guid`, `pool_entry`, `chance`, `description`) VALUES (14627, 3800, 0, "");
INSERT INTO `pool_gameobject` (`guid`, `pool_entry`, `chance`, `description`) VALUES (14626, 3800, 0, "");
INSERT INTO `pool_gameobject` (`guid`, `pool_entry`, `chance`, `description`) VALUES (14099, 3800, 4, "");
INSERT INTO `pool_gameobject` (`guid`, `pool_entry`, `chance`, `description`) VALUES (14370, 3800, 0, "");
INSERT INTO `pool_gameobject` (`guid`, `pool_entry`, `chance`, `description`) VALUES (14624, 3800, 0, "");
INSERT INTO `pool_template` (`entry`, `max_limit`, `description`) VALUES (3864, 1, "Stranglethorn Vale The Stockpile Cave Local Minerals 3");
INSERT INTO `pool_gameobject` (`guid`, `pool_entry`, `chance`, `description`) VALUES (14375, 3864, 0, "");
INSERT INTO `pool_gameobject` (`guid`, `pool_entry`, `chance`, `description`) VALUES (14371, 3864, 0, "");
INSERT INTO `pool_gameobject` (`guid`, `pool_entry`, `chance`, `description`) VALUES (14368, 3864, 0, "");
INSERT INTO `pool_gameobject` (`guid`, `pool_entry`, `chance`, `description`) VALUES (14366, 3864, 0, "");
INSERT INTO `pool_template` (`entry`, `max_limit`, `description`) VALUES (3893, 1, "Stranglethorn Vale The Stockpile Cave Local Minerals 4");
INSERT INTO `pool_gameobject` (`guid`, `pool_entry`, `chance`, `description`) VALUES (14623, 3893, 25, "");
INSERT INTO `pool_gameobject` (`guid`, `pool_entry`, `chance`, `description`) VALUES (14363, 3893, 0, "");
INSERT INTO `pool_gameobject` (`guid`, `pool_entry`, `chance`, `description`) VALUES (14362, 3893, 0, "");
INSERT INTO `pool_gameobject` (`guid`, `pool_entry`, `chance`, `description`) VALUES (14360, 3893, 0, "");
INSERT INTO `pool_gameobject` (`guid`, `pool_entry`, `chance`, `description`) VALUES (14357, 3893, 0, "");
INSERT INTO `pool_template` (`entry`, `max_limit`, `description`) VALUES (4098, 1, "Stranglethorn Vale The Stockpile Cave Local Minerals 5");
INSERT INTO `pool_gameobject` (`guid`, `pool_entry`, `chance`, `description`) VALUES (13654, 4098, 8, "");
INSERT INTO `pool_gameobject` (`guid`, `pool_entry`, `chance`, `description`) VALUES (14087, 4098, 4, "");
INSERT INTO `pool_gameobject` (`guid`, `pool_entry`, `chance`, `description`) VALUES (14290, 4098, 0, "");
INSERT INTO `pool_template` (`entry`, `max_limit`, `description`) VALUES (4124, 1, "Stranglethorn Vale Local Minerals 7");
INSERT INTO `pool_gameobject` (`guid`, `pool_entry`, `chance`, `description`) VALUES (14383, 4124, 0, "");
INSERT INTO `pool_gameobject` (`guid`, `pool_entry`, `chance`, `description`) VALUES (14102, 4124, 5, "");
INSERT INTO `pool_gameobject` (`guid`, `pool_entry`, `chance`, `description`) VALUES (14374, 4124, 0, "");
INSERT INTO `pool_template` (`entry`, `max_limit`, `description`) VALUES (4133, 1, "Stranglethorn Vale Local Minerals 8");
INSERT INTO `pool_gameobject` (`guid`, `pool_entry`, `chance`, `description`) VALUES (14097, 4133, 3, "");
INSERT INTO `pool_gameobject` (`guid`, `pool_entry`, `chance`, `description`) VALUES (14369, 4133, 0, "");
INSERT INTO `pool_gameobject` (`guid`, `pool_entry`, `chance`, `description`) VALUES (14096, 4133, 4, "");
INSERT INTO `pool_gameobject` (`guid`, `pool_entry`, `chance`, `description`) VALUES (14365, 4133, 0, "");
INSERT INTO `pool_template` (`entry`, `max_limit`, `description`) VALUES (4180, 1, "Stranglethorn Vale Local Minerals 9");
INSERT INTO `pool_gameobject` (`guid`, `pool_entry`, `chance`, `description`) VALUES (14100, 4180, 7, "");
INSERT INTO `pool_gameobject` (`guid`, `pool_entry`, `chance`, `description`) VALUES (14372, 4180, 0, "");
INSERT INTO `pool_gameobject` (`guid`, `pool_entry`, `chance`, `description`) VALUES (14367, 4180, 0, "");
INSERT INTO `pool_template` (`entry`, `max_limit`, `description`) VALUES (4198, 1, "Stranglethorn Vale Local Minerals 10");
INSERT INTO `pool_gameobject` (`guid`, `pool_entry`, `chance`, `description`) VALUES (14098, 4198, 8, "");
INSERT INTO `pool_gameobject` (`guid`, `pool_entry`, `chance`, `description`) VALUES (14625, 4198, 0, "");
INSERT INTO `pool_template` (`entry`, `max_limit`, `description`) VALUES (3733, 1, "Stranglethorn Vale Local Minerals 11");
INSERT INTO `pool_gameobject` (`guid`, `pool_entry`, `chance`, `description`) VALUES (13661, 3733, 6, "");
INSERT INTO `pool_gameobject` (`guid`, `pool_entry`, `chance`, `description`) VALUES (14095, 3733, 2, "");
INSERT INTO `pool_gameobject` (`guid`, `pool_entry`, `chance`, `description`) VALUES (14364, 3733, 0, "");
INSERT INTO `pool_template` (`entry`, `max_limit`, `description`) VALUES (3735, 1, "Stranglethorn Vale Local Minerals 12");
INSERT INTO `pool_gameobject` (`guid`, `pool_entry`, `chance`, `description`) VALUES (14094, 3735, 4, "");
INSERT INTO `pool_gameobject` (`guid`, `pool_entry`, `chance`, `description`) VALUES (14361, 3735, 0, "");
INSERT INTO `pool_template` (`entry`, `max_limit`, `description`) VALUES (5787, 1, "Stranglethorn Vale Local Minerals 13");
INSERT INTO `pool_gameobject` (`guid`, `pool_entry`, `chance`, `description`) VALUES (14093, 5787, 5, "");
INSERT INTO `pool_gameobject` (`guid`, `pool_entry`, `chance`, `description`) VALUES (14359, 5787, 0, "");
INSERT INTO `pool_template` (`entry`, `max_limit`, `description`) VALUES (3787, 1, "Stranglethorn Vale Local Minerals 14");
INSERT INTO `pool_gameobject` (`guid`, `pool_entry`, `chance`, `description`) VALUES (13660, 3787, 6, "");
INSERT INTO `pool_gameobject` (`guid`, `pool_entry`, `chance`, `description`) VALUES (14092, 3787, 3, "");
INSERT INTO `pool_gameobject` (`guid`, `pool_entry`, `chance`, `description`) VALUES (14358, 3787, 0, "");
INSERT INTO `pool_template` (`entry`, `max_limit`, `description`) VALUES (4270, 1, "Stranglethorn Vale Local Minerals 15");
INSERT INTO `pool_gameobject` (`guid`, `pool_entry`, `chance`, `description`) VALUES (14413, 4270, 10, "");
INSERT INTO `pool_gameobject` (`guid`, `pool_entry`, `chance`, `description`) VALUES (14622, 4270, 0, "");
INSERT INTO `pool_template` (`entry`, `max_limit`, `description`) VALUES (5802, 1, "Stranglethorn Vale Local Minerals 16");
INSERT INTO `pool_gameobject` (`guid`, `pool_entry`, `chance`, `description`) VALUES (14091, 5802, 8, "");
INSERT INTO `pool_gameobject` (`guid`, `pool_entry`, `chance`, `description`) VALUES (14621, 5802, 0, "");
INSERT INTO `pool_template` (`entry`, `max_limit`, `description`) VALUES (5808, 1, "Stranglethorn Vale Local Minerals 17");
INSERT INTO `pool_gameobject` (`guid`, `pool_entry`, `chance`, `description`) VALUES (14356, 5808, 0, "");
INSERT INTO `pool_gameobject` (`guid`, `pool_entry`, `chance`, `description`) VALUES (14300, 5808, 0, "");
INSERT INTO `pool_gameobject` (`guid`, `pool_entry`, `chance`, `description`) VALUES (14089, 5808, 4, "");
INSERT INTO `pool_gameobject` (`guid`, `pool_entry`, `chance`, `description`) VALUES (14090, 5808, 2, "");
INSERT INTO `pool_gameobject` (`guid`, `pool_entry`, `chance`, `description`) VALUES (14355, 5808, 0, "");
INSERT INTO `pool_template` (`entry`, `max_limit`, `description`) VALUES (3796, 1, "Stranglethorn Vale Local Minerals 18");
INSERT INTO `pool_gameobject` (`guid`, `pool_entry`, `chance`, `description`) VALUES (13659, 3796, 6, "");
INSERT INTO `pool_gameobject` (`guid`, `pool_entry`, `chance`, `description`) VALUES (14088, 3796, 3, "");
INSERT INTO `pool_gameobject` (`guid`, `pool_entry`, `chance`, `description`) VALUES (14291, 3796, 0, "");
INSERT INTO `pool_template` (`entry`, `max_limit`, `description`) VALUES (5893, 1, "Stranglethorn Vale Local Minerals 19");
INSERT INTO `pool_gameobject` (`guid`, `pool_entry`, `chance`, `description`) VALUES (13343, 5893, 0, "");
INSERT INTO `pool_gameobject` (`guid`, `pool_entry`, `chance`, `description`) VALUES (13653, 5893, 4, "");
INSERT INTO `pool_gameobject` (`guid`, `pool_entry`, `chance`, `description`) VALUES (13342, 5893, 0, "");
INSERT INTO `pool_gameobject` (`guid`, `pool_entry`, `chance`, `description`) VALUES (13652, 5893, 4, "");
INSERT INTO `pool_template` (`entry`, `max_limit`, `description`) VALUES (4336, 1, "Stranglethorn Vale Local Minerals 20");
INSERT INTO `pool_gameobject` (`guid`, `pool_entry`, `chance`, `description`) VALUES (14086, 4336, 7, "");
INSERT INTO `pool_gameobject` (`guid`, `pool_entry`, `chance`, `description`) VALUES (14615, 4336, 0, "");
INSERT INTO `pool_gameobject` (`guid`, `pool_entry`, `chance`, `description`) VALUES (14612, 4336, 0, "");
INSERT INTO `pool_template` (`entry`, `max_limit`, `description`) VALUES (3801, 1, "Stranglethorn Vale Local Minerals 21");
INSERT INTO `pool_gameobject` (`guid`, `pool_entry`, `chance`, `description`) VALUES (14085, 3801, 3, "");
INSERT INTO `pool_gameobject` (`guid`, `pool_entry`, `chance`, `description`) VALUES (14289, 3801, 0, "");
INSERT INTO `pool_gameobject` (`guid`, `pool_entry`, `chance`, `description`) VALUES (14412, 3801, 4, "");
INSERT INTO `pool_gameobject` (`guid`, `pool_entry`, `chance`, `description`) VALUES (14606, 3801, 0, "");
INSERT INTO `pool_gameobject` (`guid`, `pool_entry`, `chance`, `description`) VALUES (14082, 3801, 3, "");
INSERT INTO `pool_template` (`entry`, `max_limit`, `description`) VALUES (4374, 1, "Stranglethorn Vale Local Minerals 22");
INSERT INTO `pool_gameobject` (`guid`, `pool_entry`, `chance`, `description`) VALUES (13651, 4374, 5, "");
INSERT INTO `pool_gameobject` (`guid`, `pool_entry`, `chance`, `description`) VALUES (14084, 4374, 3, "");
INSERT INTO `pool_gameobject` (`guid`, `pool_entry`, `chance`, `description`) VALUES (14288, 4374, 0, "");
INSERT INTO `pool_template` (`entry`, `max_limit`, `description`) VALUES (4385, 1, "Stranglethorn Vale Cystalvein Mine Local Minerals 1");
INSERT INTO `pool_gameobject` (`guid`, `pool_entry`, `chance`, `description`) VALUES (14083, 4385, 5, "");
INSERT INTO `pool_gameobject` (`guid`, `pool_entry`, `chance`, `description`) VALUES (14611, 4385, 0, "");
INSERT INTO `pool_gameobject` (`guid`, `pool_entry`, `chance`, `description`) VALUES (14565, 4385, 0, "");
INSERT INTO `pool_gameobject` (`guid`, `pool_entry`, `chance`, `description`) VALUES (14023, 4385, 5, "");
INSERT INTO `pool_gameobject` (`guid`, `pool_entry`, `chance`, `description`) VALUES (14286, 4385, 0, "");
INSERT INTO `pool_template` (`entry`, `max_limit`, `description`) VALUES (4394, 1, "Stranglethorn Vale Cystalvein Mine Local Minerals 2");
INSERT INTO `pool_gameobject` (`guid`, `pool_entry`, `chance`, `description`) VALUES (14080, 4394, 5, "");
INSERT INTO `pool_gameobject` (`guid`, `pool_entry`, `chance`, `description`) VALUES (14603, 4394, 0, "");
INSERT INTO `pool_gameobject` (`guid`, `pool_entry`, `chance`, `description`) VALUES (14285, 4394, 0, "");
INSERT INTO `pool_gameobject` (`guid`, `pool_entry`, `chance`, `description`) VALUES (14282, 4394, 0, "");
INSERT INTO `pool_template` (`entry`, `max_limit`, `description`) VALUES (4400, 1, "Stranglethorn Vale Cystalvein Mine Local Minerals 3");
INSERT INTO `pool_gameobject` (`guid`, `pool_entry`, `chance`, `description`) VALUES (14526, 4400, 0, "");
INSERT INTO `pool_gameobject` (`guid`, `pool_entry`, `chance`, `description`) VALUES (14247, 4400, 0, "");
INSERT INTO `pool_gameobject` (`guid`, `pool_entry`, `chance`, `description`) VALUES (14278, 4400, 0, "");
INSERT INTO `pool_gameobject` (`guid`, `pool_entry`, `chance`, `description`) VALUES (14525, 4400, 0, "");
INSERT INTO `pool_template` (`entry`, `max_limit`, `description`) VALUES (4414, 1, "Stranglethorn Vale Cystalvein Mine Local Minerals 4");
INSERT INTO `pool_gameobject` (`guid`, `pool_entry`, `chance`, `description`) VALUES (14081, 4414, 6, "");
INSERT INTO `pool_gameobject` (`guid`, `pool_entry`, `chance`, `description`) VALUES (14287, 4414, 0, "");
INSERT INTO `pool_gameobject` (`guid`, `pool_entry`, `chance`, `description`) VALUES (14283, 4414, 0, "");
INSERT INTO `pool_gameobject` (`guid`, `pool_entry`, `chance`, `description`) VALUES (14527, 4414, 20, "");
INSERT INTO `pool_gameobject` (`guid`, `pool_entry`, `chance`, `description`) VALUES (14281, 4414, 0, "");
INSERT INTO `pool_gameobject` (`guid`, `pool_entry`, `chance`, `description`) VALUES (14020, 4414, 9, "");
INSERT INTO `pool_gameobject` (`guid`, `pool_entry`, `chance`, `description`) VALUES (14279, 4414, 0, "");
INSERT INTO `pool_template` (`entry`, `max_limit`, `description`) VALUES (4420, 1, "Stranglethorn Vale Local Minerals 23");
INSERT INTO `pool_gameobject` (`guid`, `pool_entry`, `chance`, `description`) VALUES (13341, 4420, 0, "");
INSERT INTO `pool_gameobject` (`guid`, `pool_entry`, `chance`, `description`) VALUES (13337, 4420, 0, "");
INSERT INTO `pool_gameobject` (`guid`, `pool_entry`, `chance`, `description`) VALUES (13649, 4420, 3, "");
INSERT INTO `pool_gameobject` (`guid`, `pool_entry`, `chance`, `description`) VALUES (13336, 4420, 0, "");
INSERT INTO `pool_gameobject` (`guid`, `pool_entry`, `chance`, `description`) VALUES (13648, 4420, 3, "");
INSERT INTO `pool_template` (`entry`, `max_limit`, `description`) VALUES (4427, 1, "Stranglethorn Vale Local Minerals 24");
INSERT INTO `pool_gameobject` (`guid`, `pool_entry`, `chance`, `description`) VALUES (13650, 4427, 6, "");
INSERT INTO `pool_gameobject` (`guid`, `pool_entry`, `chance`, `description`) VALUES (14079, 4427, 3, "");
INSERT INTO `pool_gameobject` (`guid`, `pool_entry`, `chance`, `description`) VALUES (14284, 4427, 0, "");
INSERT INTO `pool_template` (`entry`, `max_limit`, `description`) VALUES (4440, 1, "Stranglethorn Vale Local Minerals 25");
INSERT INTO `pool_gameobject` (`guid`, `pool_entry`, `chance`, `description`) VALUES (14022, 4440, 7, "");
INSERT INTO `pool_gameobject` (`guid`, `pool_entry`, `chance`, `description`) VALUES (14411, 4440, 8, "");
INSERT INTO `pool_gameobject` (`guid`, `pool_entry`, `chance`, `description`) VALUES (14541, 4440, 0, "");
INSERT INTO `pool_gameobject` (`guid`, `pool_entry`, `chance`, `description`) VALUES (14528, 4440, 0, "");
INSERT INTO `pool_template` (`entry`, `max_limit`, `description`) VALUES (4449, 1, "Stranglethorn Vale Local Minerals 26");
INSERT INTO `pool_gameobject` (`guid`, `pool_entry`, `chance`, `description`) VALUES (13647, 4449, 4, "");
INSERT INTO `pool_gameobject` (`guid`, `pool_entry`, `chance`, `description`) VALUES (14021, 4449, 4, "");
INSERT INTO `pool_gameobject` (`guid`, `pool_entry`, `chance`, `description`) VALUES (14280, 4449, 0, "");
INSERT INTO `pool_gameobject` (`guid`, `pool_entry`, `chance`, `description`) VALUES (13335, 4449, 0, "");
INSERT INTO `pool_gameobject` (`guid`, `pool_entry`, `chance`, `description`) VALUES (13646, 4449, 4, "");
INSERT INTO `pool_template` (`entry`, `max_limit`, `description`) VALUES (4465, 1, "Stranglethorn Vale Local Minerals 27");
INSERT INTO `pool_gameobject` (`guid`, `pool_entry`, `chance`, `description`) VALUES (13645, 4465, 5, "");
INSERT INTO `pool_gameobject` (`guid`, `pool_entry`, `chance`, `description`) VALUES (14246, 4465, 0, "");
INSERT INTO `pool_gameobject` (`guid`, `pool_entry`, `chance`, `description`) VALUES (14019, 4465, 3, "");
INSERT INTO `pool_template` (`entry`, `max_limit`, `description`) VALUES (4483, 1, "Stranglethorn Vale Local Minerals 28");
INSERT INTO `pool_gameobject` (`guid`, `pool_entry`, `chance`, `description`) VALUES (13995, 4483, 3, "");
INSERT INTO `pool_gameobject` (`guid`, `pool_entry`, `chance`, `description`) VALUES (14225, 4483, 0, "");
INSERT INTO `pool_gameobject` (`guid`, `pool_entry`, `chance`, `description`) VALUES (13509, 4483, 4, "");
INSERT INTO `pool_gameobject` (`guid`, `pool_entry`, `chance`, `description`) VALUES (13950, 4483, 4, "");
INSERT INTO `pool_gameobject` (`guid`, `pool_entry`, `chance`, `description`) VALUES (14222, 4483, 0, "");
INSERT INTO `pool_gameobject` (`guid`, `pool_entry`, `chance`, `description`) VALUES (13508, 4483, 4, "");
INSERT INTO `pool_gameobject` (`guid`, `pool_entry`, `chance`, `description`) VALUES (13949, 4483, 2, "");
INSERT INTO `pool_gameobject` (`guid`, `pool_entry`, `chance`, `description`) VALUES (14221, 4483, 0, "");
INSERT INTO `pool_template` (`entry`, `max_limit`, `description`) VALUES (4494, 1, "Stranglethorn Vale Local Minerals 29");
INSERT INTO `pool_gameobject` (`guid`, `pool_entry`, `chance`, `description`) VALUES (13897, 4494, 3, "");
INSERT INTO `pool_gameobject` (`guid`, `pool_entry`, `chance`, `description`) VALUES (14212, 4494, 0, "");
INSERT INTO `pool_gameobject` (`guid`, `pool_entry`, `chance`, `description`) VALUES (14211, 4494, 0, "");
INSERT INTO `pool_gameobject` (`guid`, `pool_entry`, `chance`, `description`) VALUES (13896, 4494, 4, "");
INSERT INTO `pool_template` (`entry`, `max_limit`, `description`) VALUES (4524, 1, "Stranglethorn Vale Local Minerals 30");
INSERT INTO `pool_gameobject` (`guid`, `pool_entry`, `chance`, `description`) VALUES (13638, 4524, 5, "");
INSERT INTO `pool_gameobject` (`guid`, `pool_entry`, `chance`, `description`) VALUES (14004, 4524, 3, "");
INSERT INTO `pool_gameobject` (`guid`, `pool_entry`, `chance`, `description`) VALUES (14244, 4524, 0, "");
INSERT INTO `pool_template` (`entry`, `max_limit`, `description`) VALUES (4551, 1, "Stranglethorn Vale Local Minerals 31");
INSERT INTO `pool_gameobject` (`guid`, `pool_entry`, `chance`, `description`) VALUES (13644, 4551, 4, "");
INSERT INTO `pool_gameobject` (`guid`, `pool_entry`, `chance`, `description`) VALUES (14007, 4551, 3, "");
INSERT INTO `pool_gameobject` (`guid`, `pool_entry`, `chance`, `description`) VALUES (14245, 4551, 0, "");
INSERT INTO `pool_gameobject` (`guid`, `pool_entry`, `chance`, `description`) VALUES (14240, 4551, 0, "");
INSERT INTO `pool_gameobject` (`guid`, `pool_entry`, `chance`, `description`) VALUES (13626, 4551, 4, "");
INSERT INTO `pool_gameobject` (`guid`, `pool_entry`, `chance`, `description`) VALUES (14000, 4551, 2, "");
INSERT INTO `pool_gameobject` (`guid`, `pool_entry`, `chance`, `description`) VALUES (14229, 4551, 0, "");
INSERT INTO `pool_template` (`entry`, `max_limit`, `description`) VALUES (4561, 1, "Stranglethorn Vale Local Minerals 32");
INSERT INTO `pool_gameobject` (`guid`, `pool_entry`, `chance`, `description`) VALUES (14003, 4561, 2, "");
INSERT INTO `pool_gameobject` (`guid`, `pool_entry`, `chance`, `description`) VALUES (14243, 4561, 0, "");
INSERT INTO `pool_gameobject` (`guid`, `pool_entry`, `chance`, `description`) VALUES (13634, 4561, 4, "");
INSERT INTO `pool_gameobject` (`guid`, `pool_entry`, `chance`, `description`) VALUES (14001, 4561, 2, "");
INSERT INTO `pool_gameobject` (`guid`, `pool_entry`, `chance`, `description`) VALUES (14241, 4561, 0, "");
INSERT INTO `pool_template` (`entry`, `max_limit`, `description`) VALUES (4578, 1, "Stranglethorn Vale Local Minerals 33");
INSERT INTO `pool_gameobject` (`guid`, `pool_entry`, `chance`, `description`) VALUES (13637, 4578, 5, "");
INSERT INTO `pool_gameobject` (`guid`, `pool_entry`, `chance`, `description`) VALUES (14002, 4578, 3, "");
INSERT INTO `pool_gameobject` (`guid`, `pool_entry`, `chance`, `description`) VALUES (14242, 4578, 0, "");
INSERT INTO `pool_template` (`entry`, `max_limit`, `description`) VALUES (4587, 1, "Stranglethorn Vale Local Minerals 34");
INSERT INTO `pool_gameobject` (`guid`, `pool_entry`, `chance`, `description`) VALUES (13997, 4587, 4, "");
INSERT INTO `pool_gameobject` (`guid`, `pool_entry`, `chance`, `description`) VALUES (14227, 4587, 0, "");
INSERT INTO `pool_template` (`entry`, `max_limit`, `description`) VALUES (4593, 1, "Stranglethorn Vale Local Minerals 35");
INSERT INTO `pool_gameobject` (`guid`, `pool_entry`, `chance`, `description`) VALUES (13610, 4593, 5, "");
INSERT INTO `pool_gameobject` (`guid`, `pool_entry`, `chance`, `description`) VALUES (14226, 4593, 0, "");
INSERT INTO `pool_gameobject` (`guid`, `pool_entry`, `chance`, `description`) VALUES (13996, 4593, 2, "");
INSERT INTO `pool_template` (`entry`, `max_limit`, `description`) VALUES (4604, 1, "Stranglethorn Vale Local Minerals 36");
INSERT INTO `pool_gameobject` (`guid`, `pool_entry`, `chance`, `description`) VALUES (13999, 4604, 7, "");
INSERT INTO `pool_gameobject` (`guid`, `pool_entry`, `chance`, `description`) VALUES (14228, 4604, 0, "");
INSERT INTO `pool_template` (`entry`, `max_limit`, `description`) VALUES (4610, 1, "Stranglethorn Vale Local Minerals 37");
INSERT INTO `pool_gameobject` (`guid`, `pool_entry`, `chance`, `description`) VALUES (13998, 4610, 7, "");
INSERT INTO `pool_gameobject` (`guid`, `pool_entry`, `chance`, `description`) VALUES (14524, 4610, 0, "");
INSERT INTO `pool_template` (`entry`, `max_limit`, `description`) VALUES (4620, 1, "Stranglethorn Vale Local Minerals 38");
INSERT INTO `pool_gameobject` (`guid`, `pool_entry`, `chance`, `description`) VALUES (14410, 4620, 12, "");
INSERT INTO `pool_gameobject` (`guid`, `pool_entry`, `chance`, `description`) VALUES (14523, 4620, 0, "");
INSERT INTO `pool_template` (`entry`, `max_limit`, `description`) VALUES (4630, 1, "Stranglethorn Vale Local Minerals 39");
INSERT INTO `pool_gameobject` (`guid`, `pool_entry`, `chance`, `description`) VALUES (13334, 4630, 0, "");
INSERT INTO `pool_gameobject` (`guid`, `pool_entry`, `chance`, `description`) VALUES (13609, 4630, 5, "");
INSERT INTO `pool_template` (`entry`, `max_limit`, `description`) VALUES (4656, 1, "Stranglethorn Vale Local Minerals 40");
INSERT INTO `pool_gameobject` (`guid`, `pool_entry`, `chance`, `description`) VALUES (14409, 4656, 5, "");
INSERT INTO `pool_gameobject` (`guid`, `pool_entry`, `chance`, `description`) VALUES (14522, 4656, 0, "");
INSERT INTO `pool_template` (`entry`, `max_limit`, `description`) VALUES (4662, 2, "Stranglethorn Vale Local Minerals 41");
INSERT INTO `pool_gameobject` (`guid`, `pool_entry`, `chance`, `description`) VALUES (14521, 4662, 0, "");
INSERT INTO `pool_gameobject` (`guid`, `pool_entry`, `chance`, `description`) VALUES (14466, 4662, 0, "");
INSERT INTO `pool_gameobject` (`guid`, `pool_entry`, `chance`, `description`) VALUES (14442, 4662, 0, "");
INSERT INTO `pool_template` (`entry`, `max_limit`, `description`) VALUES (4673, 1, "Stranglethorn Vale Local Minerals 42");
INSERT INTO `pool_gameobject` (`guid`, `pool_entry`, `chance`, `description`) VALUES (13993, 4673, 4, "");
INSERT INTO `pool_gameobject` (`guid`, `pool_entry`, `chance`, `description`) VALUES (14407, 4673, 4, "");
INSERT INTO `pool_gameobject` (`guid`, `pool_entry`, `chance`, `description`) VALUES (14440, 4673, 0, "");
INSERT INTO `pool_gameobject` (`guid`, `pool_entry`, `chance`, `description`) VALUES (13952, 4673, 4, "");
INSERT INTO `pool_gameobject` (`guid`, `pool_entry`, `chance`, `description`) VALUES (14439, 4673, 0, "");
INSERT INTO `pool_template` (`entry`, `max_limit`, `description`) VALUES (4681, 1, "Stranglethorn Vale Local Minerals 43");
INSERT INTO `pool_gameobject` (`guid`, `pool_entry`, `chance`, `description`) VALUES (14484, 4681, 40, "");
INSERT INTO `pool_gameobject` (`guid`, `pool_entry`, `chance`, `description`) VALUES (13948, 4681, 4, "");
INSERT INTO `pool_gameobject` (`guid`, `pool_entry`, `chance`, `description`) VALUES (14406, 4681, 3, "");
INSERT INTO `pool_gameobject` (`guid`, `pool_entry`, `chance`, `description`) VALUES (14438, 4681, 0, "");
INSERT INTO `pool_gameobject` (`guid`, `pool_entry`, `chance`, `description`) VALUES (14437, 4681, 0, "");
INSERT INTO `pool_template` (`entry`, `max_limit`, `description`) VALUES (4690, 1, "Stranglethorn Vale Local Minerals 44");
INSERT INTO `pool_gameobject` (`guid`, `pool_entry`, `chance`, `description`) VALUES (13324, 4690, 0, "");
INSERT INTO `pool_gameobject` (`guid`, `pool_entry`, `chance`, `description`) VALUES (13608, 4690, 8, "");
INSERT INTO `pool_template` (`entry`, `max_limit`, `description`) VALUES (4694, 1, "Stranglethorn Vale Local Minerals 45");
INSERT INTO `pool_gameobject` (`guid`, `pool_entry`, `chance`, `description`) VALUES (13994, 4694, 4, "");
INSERT INTO `pool_gameobject` (`guid`, `pool_entry`, `chance`, `description`) VALUES (14408, 4694, 7, "");
INSERT INTO `pool_gameobject` (`guid`, `pool_entry`, `chance`, `description`) VALUES (14441, 4694, 0, "");
INSERT INTO `pool_template` (`entry`, `max_limit`, `description`) VALUES (4703, 1, "Stranglethorn Vale Local Minerals 46");
INSERT INTO `pool_gameobject` (`guid`, `pool_entry`, `chance`, `description`) VALUES (13607, 4703, 4, "");
INSERT INTO `pool_gameobject` (`guid`, `pool_entry`, `chance`, `description`) VALUES (13964, 4703, 2, "");
INSERT INTO `pool_gameobject` (`guid`, `pool_entry`, `chance`, `description`) VALUES (14224, 4703, 0, "");
INSERT INTO `pool_gameobject` (`guid`, `pool_entry`, `chance`, `description`) VALUES (13604, 4703, 4, "");
INSERT INTO `pool_gameobject` (`guid`, `pool_entry`, `chance`, `description`) VALUES (13951, 4703, 3, "");
INSERT INTO `pool_gameobject` (`guid`, `pool_entry`, `chance`, `description`) VALUES (14223, 4703, 0, "");
INSERT INTO `pool_template` (`entry`, `max_limit`, `description`) VALUES (4709, 1, "Stranglethorn Vale Local Minerals 47");
INSERT INTO `pool_gameobject` (`guid`, `pool_entry`, `chance`, `description`) VALUES (13323, 4709, 0, "");
INSERT INTO `pool_gameobject` (`guid`, `pool_entry`, `chance`, `description`) VALUES (13510, 4709, 3, "");
INSERT INTO `pool_gameobject` (`guid`, `pool_entry`, `chance`, `description`) VALUES (13320, 4709, 0, "");
INSERT INTO `pool_gameobject` (`guid`, `pool_entry`, `chance`, `description`) VALUES (13502, 4709, 5, "");
INSERT INTO `pool_template` (`entry`, `max_limit`, `description`) VALUES (4711, 1, "Stranglethorn Vale Local Minerals 48");
INSERT INTO `pool_gameobject` (`guid`, `pool_entry`, `chance`, `description`) VALUES (13322, 4711, 0, "");
INSERT INTO `pool_gameobject` (`guid`, `pool_entry`, `chance`, `description`) VALUES (13507, 4711, 2, "");
INSERT INTO `pool_gameobject` (`guid`, `pool_entry`, `chance`, `description`) VALUES (13321, 4711, 0, "");
INSERT INTO `pool_gameobject` (`guid`, `pool_entry`, `chance`, `description`) VALUES (13505, 4711, 2, "");
INSERT INTO `pool_template` (`entry`, `max_limit`, `description`) VALUES (4714, 1, "Stranglethorn Vale Local Minerals 49");
INSERT INTO `pool_gameobject` (`guid`, `pool_entry`, `chance`, `description`) VALUES (14220, 4714, 0, "");
INSERT INTO `pool_gameobject` (`guid`, `pool_entry`, `chance`, `description`) VALUES (13506, 4714, 5, "");
INSERT INTO `pool_gameobject` (`guid`, `pool_entry`, `chance`, `description`) VALUES (13942, 4714, 2, "");
INSERT INTO `pool_gameobject` (`guid`, `pool_entry`, `chance`, `description`) VALUES (14219, 4714, 0, "");
INSERT INTO `pool_gameobject` (`guid`, `pool_entry`, `chance`, `description`) VALUES (14210, 4714, 0, "");
INSERT INTO `pool_gameobject` (`guid`, `pool_entry`, `chance`, `description`) VALUES (14209, 4714, 0, "");
INSERT INTO `pool_template` (`entry`, `max_limit`, `description`) VALUES (4718, 1, "Stranglethorn Vale Local Minerals 50");
INSERT INTO `pool_gameobject` (`guid`, `pool_entry`, `chance`, `description`) VALUES (13503, 4718, 5, "");
INSERT INTO `pool_gameobject` (`guid`, `pool_entry`, `chance`, `description`) VALUES (13940, 4718, 2, "");
INSERT INTO `pool_gameobject` (`guid`, `pool_entry`, `chance`, `description`) VALUES (14216, 4718, 0, "");
INSERT INTO `pool_template` (`entry`, `max_limit`, `description`) VALUES (4725, 1, "Stranglethorn Vale Local Minerals 51");
INSERT INTO `pool_gameobject` (`guid`, `pool_entry`, `chance`, `description`) VALUES (13504, 4725, 6, "");
INSERT INTO `pool_gameobject` (`guid`, `pool_entry`, `chance`, `description`) VALUES (13941, 4725, 3, "");
INSERT INTO `pool_gameobject` (`guid`, `pool_entry`, `chance`, `description`) VALUES (14218, 4725, 0, "");
INSERT INTO `pool_gameobject` (`guid`, `pool_entry`, `chance`, `description`) VALUES (14217, 4725, 0, "");
INSERT INTO `pool_template` (`entry`, `max_limit`, `description`) VALUES (4731, 1, "Stranglethorn Vale Local Minerals 52");
INSERT INTO `pool_gameobject` (`guid`, `pool_entry`, `chance`, `description`) VALUES (14215, 4731, 0, "");
INSERT INTO `pool_gameobject` (`guid`, `pool_entry`, `chance`, `description`) VALUES (13938, 4731, 3, "");
INSERT INTO `pool_gameobject` (`guid`, `pool_entry`, `chance`, `description`) VALUES (14214, 4731, 0, "");
INSERT INTO `pool_gameobject` (`guid`, `pool_entry`, `chance`, `description`) VALUES (13935, 4731, 3, "");
INSERT INTO `pool_template` (`entry`, `max_limit`, `description`) VALUES (4733, 1, "Stranglethorn Vale Local Minerals 53");
INSERT INTO `pool_gameobject` (`guid`, `pool_entry`, `chance`, `description`) VALUES (14436, 4733, 0, "");
INSERT INTO `pool_gameobject` (`guid`, `pool_entry`, `chance`, `description`) VALUES (13939, 4733, 12, "");
INSERT INTO `pool_gameobject` (`guid`, `pool_entry`, `chance`, `description`) VALUES (14405, 4733, 5, "");
INSERT INTO `pool_gameobject` (`guid`, `pool_entry`, `chance`, `description`) VALUES (14435, 4733, 0, "");
INSERT INTO `pool_template` (`entry`, `max_limit`, `description`) VALUES (4742, 1, "Stranglethorn Vale Local Minerals 54");
INSERT INTO `pool_gameobject` (`guid`, `pool_entry`, `chance`, `description`) VALUES (13915, 4742, 2, "");
INSERT INTO `pool_gameobject` (`guid`, `pool_entry`, `chance`, `description`) VALUES (14213, 4742, 0, "");
INSERT INTO `pool_gameobject` (`guid`, `pool_entry`, `chance`, `description`) VALUES (13501, 4742, 6, "");
INSERT INTO `pool_gameobject` (`guid`, `pool_entry`, `chance`, `description`) VALUES (13895, 4742, 2, "");
INSERT INTO `pool_gameobject` (`guid`, `pool_entry`, `chance`, `description`) VALUES (14208, 4742, 0, "");
INSERT INTO `pool_template` (`entry`, `max_limit`, `description`) VALUES (4756, 1, "Stranglethorn Vale Local Minerals 55");
INSERT INTO `pool_gameobject` (`guid`, `pool_entry`, `chance`, `description`) VALUES (13500, 4756, 9, "");
INSERT INTO `pool_gameobject` (`guid`, `pool_entry`, `chance`, `description`) VALUES (13841, 4756, 6, "");
INSERT INTO `pool_gameobject` (`guid`, `pool_entry`, `chance`, `description`) VALUES (14207, 4756, 0, "");
INSERT INTO `pool_template` (`entry`, `max_limit`, `description`) VALUES (4761, 1, "Stranglethorn Vale Local Minerals 56");
INSERT INTO `pool_gameobject` (`guid`, `pool_entry`, `chance`, `description`) VALUES (13836, 4761, 6, "");
INSERT INTO `pool_gameobject` (`guid`, `pool_entry`, `chance`, `description`) VALUES (14156, 4761, 0, "");
INSERT INTO `pool_template` (`entry`, `max_limit`, `description`) VALUES (4771, 1, "Stranglethorn Vale Local Minerals 57");
INSERT INTO `pool_gameobject` (`guid`, `pool_entry`, `chance`, `description`) VALUES (13840, 4771, 6, "");
INSERT INTO `pool_gameobject` (`guid`, `pool_entry`, `chance`, `description`) VALUES (14404, 4771, 12, "");
INSERT INTO `pool_gameobject` (`guid`, `pool_entry`, `chance`, `description`) VALUES (14434, 4771, 0, "");
INSERT INTO `pool_template` (`entry`, `max_limit`, `description`) VALUES (4773, 1, "Stranglethorn Vale Local Minerals 58");
INSERT INTO `pool_gameobject` (`guid`, `pool_entry`, `chance`, `description`) VALUES (13839, 4773, 6, "");
INSERT INTO `pool_gameobject` (`guid`, `pool_entry`, `chance`, `description`) VALUES (14433, 4773, 0, "");
INSERT INTO `pool_template` (`entry`, `max_limit`, `description`) VALUES (4796, 1, "Stranglethorn Vale Local Minerals 59");
INSERT INTO `pool_gameobject` (`guid`, `pool_entry`, `chance`, `description`) VALUES (13830, 4796, 3, "");
INSERT INTO `pool_gameobject` (`guid`, `pool_entry`, `chance`, `description`) VALUES (14403, 4796, 3, "");
INSERT INTO `pool_gameobject` (`guid`, `pool_entry`, `chance`, `description`) VALUES (14432, 4796, 0, "");
INSERT INTO `pool_gameobject` (`guid`, `pool_entry`, `chance`, `description`) VALUES (13487, 4796, 6, "");
INSERT INTO `pool_gameobject` (`guid`, `pool_entry`, `chance`, `description`) VALUES (13829, 4796, 3, "");
INSERT INTO `pool_gameobject` (`guid`, `pool_entry`, `chance`, `description`) VALUES (14155, 4796, 0, "");
INSERT INTO `pool_template` (`entry`, `max_limit`, `description`) VALUES (4815, 1, "Stranglethorn Vale Local Minerals 60");
INSERT INTO `pool_gameobject` (`guid`, `pool_entry`, `chance`, `description`) VALUES (13319, 4815, 0, "");
INSERT INTO `pool_gameobject` (`guid`, `pool_entry`, `chance`, `description`) VALUES (13499, 4815, 6, "");
INSERT INTO `pool_gameobject` (`guid`, `pool_entry`, `chance`, `description`) VALUES (13318, 4815, 0, "");
INSERT INTO `pool_gameobject` (`guid`, `pool_entry`, `chance`, `description`) VALUES (13488, 4815, 4, "");
INSERT INTO `pool_gameobject` (`guid`, `pool_entry`, `chance`, `description`) VALUES (13315, 4815, 0, "");
INSERT INTO `pool_template` (`entry`, `max_limit`, `description`) VALUES (4819, 1, "Stranglethorn Vale Local Minerals 61");
INSERT INTO `pool_gameobject` (`guid`, `pool_entry`, `chance`, `description`) VALUES (13490, 4819, 6, "");
INSERT INTO `pool_gameobject` (`guid`, `pool_entry`, `chance`, `description`) VALUES (13838, 4819, 3, "");
INSERT INTO `pool_gameobject` (`guid`, `pool_entry`, `chance`, `description`) VALUES (14186, 4819, 0, "");
INSERT INTO `pool_template` (`entry`, `max_limit`, `description`) VALUES (4822, 1, "Stranglethorn Vale Local Minerals 62");
INSERT INTO `pool_gameobject` (`guid`, `pool_entry`, `chance`, `description`) VALUES (13837, 4822, 3, "");
INSERT INTO `pool_gameobject` (`guid`, `pool_entry`, `chance`, `description`) VALUES (14157, 4822, 0, "");
INSERT INTO `pool_gameobject` (`guid`, `pool_entry`, `chance`, `description`) VALUES (13489, 4822, 5, "");
INSERT INTO `pool_template` (`entry`, `max_limit`, `description`) VALUES (4826, 1, "Stranglethorn Vale Local Minerals 63");
INSERT INTO `pool_gameobject` (`guid`, `pool_entry`, `chance`, `description`) VALUES (13486, 4826, 6, "");
INSERT INTO `pool_gameobject` (`guid`, `pool_entry`, `chance`, `description`) VALUES (13828, 4826, 3, "");
INSERT INTO `pool_gameobject` (`guid`, `pool_entry`, `chance`, `description`) VALUES (14154, 4826, 0, "");
INSERT INTO `pool_template` (`entry`, `max_limit`, `description`) VALUES (4830, 1, "Stranglethorn Vale Local Minerals 64");
INSERT INTO `pool_gameobject` (`guid`, `pool_entry`, `chance`, `description`) VALUES (13827, 4830, 3, "");
INSERT INTO `pool_gameobject` (`guid`, `pool_entry`, `chance`, `description`) VALUES (14431, 4830, 0, "");
INSERT INTO `pool_gameobject` (`guid`, `pool_entry`, `chance`, `description`) VALUES (13826, 4830, 3, "");
INSERT INTO `pool_gameobject` (`guid`, `pool_entry`, `chance`, `description`) VALUES (14402, 4830, 3, "");
INSERT INTO `pool_gameobject` (`guid`, `pool_entry`, `chance`, `description`) VALUES (14430, 4830, 0, "");
INSERT INTO `pool_template` (`entry`, `max_limit`, `description`) VALUES (4835, 1, "Stranglethorn Vale Local Minerals 65");
INSERT INTO `pool_gameobject` (`guid`, `pool_entry`, `chance`, `description`) VALUES (13825, 4835, 5, "");
INSERT INTO `pool_gameobject` (`guid`, `pool_entry`, `chance`, `description`) VALUES (14401, 4835, 5, "");
INSERT INTO `pool_gameobject` (`guid`, `pool_entry`, `chance`, `description`) VALUES (14429, 4835, 0, "");
INSERT INTO `pool_template` (`entry`, `max_limit`, `description`) VALUES (4839, 1, "Stranglethorn Vale Local Minerals 66");
INSERT INTO `pool_gameobject` (`guid`, `pool_entry`, `chance`, `description`) VALUES (13485, 4839, 6, "");
INSERT INTO `pool_gameobject` (`guid`, `pool_entry`, `chance`, `description`) VALUES (13824, 4839, 4, "");
INSERT INTO `pool_gameobject` (`guid`, `pool_entry`, `chance`, `description`) VALUES (14153, 4839, 0, "");
INSERT INTO `pool_gameobject` (`guid`, `pool_entry`, `chance`, `description`) VALUES (13481, 4839, 3, "");
INSERT INTO `pool_gameobject` (`guid`, `pool_entry`, `chance`, `description`) VALUES (13804, 4839, 2, "");
INSERT INTO `pool_gameobject` (`guid`, `pool_entry`, `chance`, `description`) VALUES (14149, 4839, 0, "");
INSERT INTO `pool_template` (`entry`, `max_limit`, `description`) VALUES (4841, 1, "Stranglethorn Vale Local Minerals 67");
INSERT INTO `pool_gameobject` (`guid`, `pool_entry`, `chance`, `description`) VALUES (13484, 4841, 2, "");
INSERT INTO `pool_gameobject` (`guid`, `pool_entry`, `chance`, `description`) VALUES (14152, 4841, 0, "");
INSERT INTO `pool_gameobject` (`guid`, `pool_entry`, `chance`, `description`) VALUES (13483, 4841, 2, "");
INSERT INTO `pool_gameobject` (`guid`, `pool_entry`, `chance`, `description`) VALUES (13823, 4841, 1, "");
INSERT INTO `pool_gameobject` (`guid`, `pool_entry`, `chance`, `description`) VALUES (14151, 4841, 0, "");
INSERT INTO `pool_gameobject` (`guid`, `pool_entry`, `chance`, `description`) VALUES (13449, 4841, 2, "");
INSERT INTO `pool_gameobject` (`guid`, `pool_entry`, `chance`, `description`) VALUES (13803, 4841, 1, "");
INSERT INTO `pool_gameobject` (`guid`, `pool_entry`, `chance`, `description`) VALUES (14148, 4841, 0, "");
INSERT INTO `pool_template` (`entry`, `max_limit`, `description`) VALUES (4844, 1, "Stranglethorn Vale Local Minerals 68");
INSERT INTO `pool_gameobject` (`guid`, `pool_entry`, `chance`, `description`) VALUES (13482, 4844, 5, "");
INSERT INTO `pool_gameobject` (`guid`, `pool_entry`, `chance`, `description`) VALUES (13806, 4844, 2, "");
INSERT INTO `pool_gameobject` (`guid`, `pool_entry`, `chance`, `description`) VALUES (14150, 4844, 0, "");
INSERT INTO `pool_template` (`entry`, `max_limit`, `description`) VALUES (4865, 1, "Stranglethorn Vale Local Minerals 69");
INSERT INTO `pool_gameobject` (`guid`, `pool_entry`, `chance`, `description`) VALUES (13805, 4865, 3, "");
INSERT INTO `pool_gameobject` (`guid`, `pool_entry`, `chance`, `description`) VALUES (14428, 4865, 0, "");
INSERT INTO `pool_gameobject` (`guid`, `pool_entry`, `chance`, `description`) VALUES (13801, 4865, 3, "");
INSERT INTO `pool_gameobject` (`guid`, `pool_entry`, `chance`, `description`) VALUES (14400, 4865, 4, "");
INSERT INTO `pool_gameobject` (`guid`, `pool_entry`, `chance`, `description`) VALUES (14427, 4865, 0, "");
INSERT INTO `pool_template` (`entry`, `max_limit`, `description`) VALUES (4896, 1, "Stranglethorn Vale Local Minerals 70");
INSERT INTO `pool_gameobject` (`guid`, `pool_entry`, `chance`, `description`) VALUES (13433, 4896, 3, "");
INSERT INTO `pool_gameobject` (`guid`, `pool_entry`, `chance`, `description`) VALUES (13802, 4896, 2, "");
INSERT INTO `pool_gameobject` (`guid`, `pool_entry`, `chance`, `description`) VALUES (14147, 4896, 0, "");
INSERT INTO `pool_gameobject` (`guid`, `pool_entry`, `chance`, `description`) VALUES (13800, 4896, 2, "");
INSERT INTO `pool_gameobject` (`guid`, `pool_entry`, `chance`, `description`) VALUES (14146, 4896, 0, "");
INSERT INTO `pool_gameobject` (`guid`, `pool_entry`, `chance`, `description`) VALUES (13432, 4896, 4, "");
INSERT INTO `pool_gameobject` (`guid`, `pool_entry`, `chance`, `description`) VALUES (14145, 4896, 0, "");
INSERT INTO `pool_template` (`entry`, `max_limit`, `description`) VALUES (4914, 1, "Stranglethorn Vale Local Minerals 71");
INSERT INTO `pool_gameobject` (`guid`, `pool_entry`, `chance`, `description`) VALUES (13431, 4914, 6, "");
INSERT INTO `pool_gameobject` (`guid`, `pool_entry`, `chance`, `description`) VALUES (13799, 4914, 2, "");
INSERT INTO `pool_gameobject` (`guid`, `pool_entry`, `chance`, `description`) VALUES (14144, 4914, 0, "");
INSERT INTO `pool_template` (`entry`, `max_limit`, `description`) VALUES (4917, 1, "Stranglethorn Vale Local Minerals 72");
INSERT INTO `pool_gameobject` (`guid`, `pool_entry`, `chance`, `description`) VALUES (13798, 4917, 7, "");
INSERT INTO `pool_gameobject` (`guid`, `pool_entry`, `chance`, `description`) VALUES (14143, 4917, 0, "");
INSERT INTO `pool_template` (`entry`, `max_limit`, `description`) VALUES (4922, 1, "Stranglethorn Vale Local Minerals 73");
INSERT INTO `pool_gameobject` (`guid`, `pool_entry`, `chance`, `description`) VALUES (14426, 4922, 0, "");
INSERT INTO `pool_gameobject` (`guid`, `pool_entry`, `chance`, `description`) VALUES (14425, 4922, 0, "");
INSERT INTO `pool_gameobject` (`guid`, `pool_entry`, `chance`, `description`) VALUES (13792, 4922, 8, "");
INSERT INTO `pool_gameobject` (`guid`, `pool_entry`, `chance`, `description`) VALUES (14129, 4922, 0, "");
INSERT INTO `pool_template` (`entry`, `max_limit`, `description`) VALUES (4927, 1, "Stranglethorn Vale Local Minerals 74");
INSERT INTO `pool_gameobject` (`guid`, `pool_entry`, `chance`, `description`) VALUES (13797, 4927, 4, "");
INSERT INTO `pool_gameobject` (`guid`, `pool_entry`, `chance`, `description`) VALUES (14142, 4927, 0, "");
INSERT INTO `pool_template` (`entry`, `max_limit`, `description`) VALUES (4939, 1, "Stranglethorn Vale Local Minerals 75");
INSERT INTO `pool_gameobject` (`guid`, `pool_entry`, `chance`, `description`) VALUES (13796, 4939, 4, "");
INSERT INTO `pool_gameobject` (`guid`, `pool_entry`, `chance`, `description`) VALUES (14141, 4939, 0, "");
INSERT INTO `pool_template` (`entry`, `max_limit`, `description`) VALUES (4944, 1, "Stranglethorn Vale Local Minerals 76");
INSERT INTO `pool_gameobject` (`guid`, `pool_entry`, `chance`, `description`) VALUES (14424, 4944, 0, "");
INSERT INTO `pool_gameobject` (`guid`, `pool_entry`, `chance`, `description`) VALUES (14423, 4944, 0, "");
INSERT INTO `pool_gameobject` (`guid`, `pool_entry`, `chance`, `description`) VALUES (13795, 4944, 7, "");
INSERT INTO `pool_gameobject` (`guid`, `pool_entry`, `chance`, `description`) VALUES (14399, 4944, 3, "");
INSERT INTO `pool_gameobject` (`guid`, `pool_entry`, `chance`, `description`) VALUES (14422, 4944, 0, "");
INSERT INTO `pool_template` (`entry`, `max_limit`, `description`) VALUES (4951, 1, "Stranglethorn Vale Local Minerals 77");
INSERT INTO `pool_gameobject` (`guid`, `pool_entry`, `chance`, `description`) VALUES (13794, 4951, 6, "");
INSERT INTO `pool_gameobject` (`guid`, `pool_entry`, `chance`, `description`) VALUES (14140, 4951, 0, "");
INSERT INTO `pool_template` (`entry`, `max_limit`, `description`) VALUES (4953, 1, "Stranglethorn Vale Local Minerals 78");
INSERT INTO `pool_gameobject` (`guid`, `pool_entry`, `chance`, `description`) VALUES (14139, 4953, 0, "");
INSERT INTO `pool_gameobject` (`guid`, `pool_entry`, `chance`, `description`) VALUES (13793, 4953, 4, "");
INSERT INTO `pool_template` (`entry`, `max_limit`, `description`) VALUES (4971, 1, "Stranglethorn Vale Local Minerals 79");
INSERT INTO `pool_gameobject` (`guid`, `pool_entry`, `chance`, `description`) VALUES (13791, 4971, 6, "");
INSERT INTO `pool_gameobject` (`guid`, `pool_entry`, `chance`, `description`) VALUES (14130, 4971, 0, "");
INSERT INTO `pool_template` (`entry`, `max_limit`, `description`) VALUES (4975, 1, "Stranglethorn Vale Local Minerals 80");
INSERT INTO `pool_gameobject` (`guid`, `pool_entry`, `chance`, `description`) VALUES (13778, 4975, 3, "");
INSERT INTO `pool_gameobject` (`guid`, `pool_entry`, `chance`, `description`) VALUES (13430, 4975, 5, "");
INSERT INTO `pool_gameobject` (`guid`, `pool_entry`, `chance`, `description`) VALUES (14128, 4975, 0, "");
INSERT INTO `pool_template` (`entry`, `max_limit`, `description`) VALUES (4979, 1, "Stranglethorn Vale Local Minerals 81");
INSERT INTO `pool_gameobject` (`guid`, `pool_entry`, `chance`, `description`) VALUES (14127, 4979, 0, "");
INSERT INTO `pool_gameobject` (`guid`, `pool_entry`, `chance`, `description`) VALUES (13423, 4979, 6, "");
INSERT INTO `pool_gameobject` (`guid`, `pool_entry`, `chance`, `description`) VALUES (13755, 4979, 4, "");
INSERT INTO `pool_gameobject` (`guid`, `pool_entry`, `chance`, `description`) VALUES (14126, 4979, 0, "");
INSERT INTO `pool_template` (`entry`, `max_limit`, `description`) VALUES (4992, 1, "Stranglethorn Vale Local Minerals 82");
INSERT INTO `pool_gameobject` (`guid`, `pool_entry`, `chance`, `description`) VALUES (14418, 4992, 0, "");
INSERT INTO `pool_gameobject` (`guid`, `pool_entry`, `chance`, `description`) VALUES (14395, 4992, 8, "");
INSERT INTO `pool_gameobject` (`guid`, `pool_entry`, `chance`, `description`) VALUES (13754, 4992, 5, "");
INSERT INTO `pool_template` (`entry`, `max_limit`, `description`) VALUES (5000, 1, "Stranglethorn Vale Local Minerals 83");
INSERT INTO `pool_gameobject` (`guid`, `pool_entry`, `chance`, `description`) VALUES (13790, 5000, 4, "");
INSERT INTO `pool_gameobject` (`guid`, `pool_entry`, `chance`, `description`) VALUES (14397, 5000, 3, "");
INSERT INTO `pool_gameobject` (`guid`, `pool_entry`, `chance`, `description`) VALUES (14420, 5000, 0, "");
INSERT INTO `pool_gameobject` (`guid`, `pool_entry`, `chance`, `description`) VALUES (14419, 5000, 0, "");
INSERT INTO `pool_gameobject` (`guid`, `pool_entry`, `chance`, `description`) VALUES (13756, 5000, 4, "");
INSERT INTO `pool_gameobject` (`guid`, `pool_entry`, `chance`, `description`) VALUES (14396, 5000, 3, "");
INSERT INTO `pool_template` (`entry`, `max_limit`, `description`) VALUES (5011, 1, "Stranglethorn Vale Local Minerals 84");
INSERT INTO `pool_gameobject` (`guid`, `pool_entry`, `chance`, `description`) VALUES (13789, 5011, 5, "");
INSERT INTO `pool_gameobject` (`guid`, `pool_entry`, `chance`, `description`) VALUES (14398, 5011, 3, "");
INSERT INTO `pool_gameobject` (`guid`, `pool_entry`, `chance`, `description`) VALUES (14421, 5011, 0, "");
INSERT INTO `pool_template` (`entry`, `max_limit`, `description`) VALUES (5015, 1, "Stranglethorn Vale Local Minerals 85");
INSERT INTO `pool_gameobject` (`guid`, `pool_entry`, `chance`, `description`) VALUES (13753, 5015, 2, "");
INSERT INTO `pool_gameobject` (`guid`, `pool_entry`, `chance`, `description`) VALUES (14125, 5015, 0, "");
INSERT INTO `pool_gameobject` (`guid`, `pool_entry`, `chance`, `description`) VALUES (13422, 5015, 6, "");
INSERT INTO `pool_gameobject` (`guid`, `pool_entry`, `chance`, `description`) VALUES (13752, 5015, 2, "");
INSERT INTO `pool_gameobject` (`guid`, `pool_entry`, `chance`, `description`) VALUES (14124, 5015, 0, "");
INSERT INTO `pool_template` (`entry`, `max_limit`, `description`) VALUES (5024, 1, "Stranglethorn Vale Local Minerals 86");
INSERT INTO `pool_gameobject` (`guid`, `pool_entry`, `chance`, `description`) VALUES (13751, 5024, 3, "");
INSERT INTO `pool_gameobject` (`guid`, `pool_entry`, `chance`, `description`) VALUES (14394, 5024, 3, "");
INSERT INTO `pool_gameobject` (`guid`, `pool_entry`, `chance`, `description`) VALUES (14417, 5024, 0, "");
INSERT INTO `pool_gameobject` (`guid`, `pool_entry`, `chance`, `description`) VALUES (14416, 5024, 0, "");
INSERT INTO `pool_template` (`entry`, `max_limit`, `description`) VALUES (5027, 1, "Stranglethorn Vale Local Minerals 87");
INSERT INTO `pool_gameobject` (`guid`, `pool_entry`, `chance`, `description`) VALUES (13402, 5027, 6, "");
INSERT INTO `pool_gameobject` (`guid`, `pool_entry`, `chance`, `description`) VALUES (13750, 5027, 3, "");
INSERT INTO `pool_gameobject` (`guid`, `pool_entry`, `chance`, `description`) VALUES (14123, 5027, 0, "");
INSERT INTO `pool_template` (`entry`, `max_limit`, `description`) VALUES (5029, 1, "Stranglethorn Vale Local Minerals 88");
INSERT INTO `pool_gameobject` (`guid`, `pool_entry`, `chance`, `description`) VALUES (13401, 5029, 7, "");
INSERT INTO `pool_gameobject` (`guid`, `pool_entry`, `chance`, `description`) VALUES (13669, 5029, 4, "");
INSERT INTO `pool_gameobject` (`guid`, `pool_entry`, `chance`, `description`) VALUES (14120, 5029, 0, "");
INSERT INTO `pool_template` (`entry`, `max_limit`, `description`) VALUES (5038, 1, "Stranglethorn Vale Local Minerals 89");
INSERT INTO `pool_gameobject` (`guid`, `pool_entry`, `chance`, `description`) VALUES (13668, 5038, 3, "");
INSERT INTO `pool_gameobject` (`guid`, `pool_entry`, `chance`, `description`) VALUES (14393, 5038, 2, "");
INSERT INTO `pool_gameobject` (`guid`, `pool_entry`, `chance`, `description`) VALUES (14415, 5038, 0, "");
INSERT INTO `pool_gameobject` (`guid`, `pool_entry`, `chance`, `description`) VALUES (13667, 5038, 3, "");
INSERT INTO `pool_gameobject` (`guid`, `pool_entry`, `chance`, `description`) VALUES (14392, 5038, 2, "");
INSERT INTO `pool_gameobject` (`guid`, `pool_entry`, `chance`, `description`) VALUES (14414, 5038, 0, "");
INSERT INTO `pool_template` (`entry`, `max_limit`, `description`) VALUES (5047, 1, "Stranglethorn Vale Local Minerals 90");
INSERT INTO `pool_gameobject` (`guid`, `pool_entry`, `chance`, `description`) VALUES (13666, 5047, 8, "");
INSERT INTO `pool_gameobject` (`guid`, `pool_entry`, `chance`, `description`) VALUES (14117, 5047, 0, "");
INSERT INTO `pool_gameobject` (`guid`, `pool_entry`, `chance`, `description`) VALUES (14116, 5047, 0, "");
INSERT INTO `pool_template` (`entry`, `max_limit`, `description`) VALUES (5049, 1, "Stranglethorn Vale Local Minerals 91");
INSERT INTO `pool_gameobject` (`guid`, `pool_entry`, `chance`, `description`) VALUES (13344, 5049, 10, "");
INSERT INTO `pool_gameobject` (`guid`, `pool_entry`, `chance`, `description`) VALUES (14115, 5049, 0, "");

-- Pool Pooling
INSERT INTO `pool_template` (`entry`, `max_limit`, `description`) VALUES (1369, 3, "Stranglethorn Vale Mosh Ogg Ogre Mound Cave Mineral Nodes");
INSERT INTO `pool_pool` (`pool_id`, `mother_pool`, `chance`, `description`) VALUES (1368, 1369, 0, "");
INSERT INTO `pool_pool` (`pool_id`, `mother_pool`, `chance`, `description`) VALUES (1609, 1369, 25, "");
INSERT INTO `pool_pool` (`pool_id`, `mother_pool`, `chance`, `description`) VALUES (1917, 1369, 30, "");
INSERT INTO `pool_pool` (`pool_id`, `mother_pool`, `chance`, `description`) VALUES (2180, 1369, 30, "");
INSERT INTO `pool_template` (`entry`, `max_limit`, `description`) VALUES (1610, 2, "Stranglethorn Vale Near Mosh Ogg Ogre Mound Mineral Nodes");
INSERT INTO `pool_pool` (`pool_id`, `mother_pool`, `chance`, `description`) VALUES (3518, 1610, 0, "");
INSERT INTO `pool_pool` (`pool_id`, `mother_pool`, `chance`, `description`) VALUES (2314, 1610, 5, "");
INSERT INTO `pool_pool` (`pool_id`, `mother_pool`, `chance`, `description`) VALUES (2473, 1610, 10, "");
INSERT INTO `pool_pool` (`pool_id`, `mother_pool`, `chance`, `description`) VALUES (3317, 1610, 5, "");
INSERT INTO `pool_pool` (`pool_id`, `mother_pool`, `chance`, `description`) VALUES (3465, 1610, 0, "");
INSERT INTO `pool_pool` (`pool_id`, `mother_pool`, `chance`, `description`) VALUES (2352, 1610, 15, "");
INSERT INTO `pool_template` (`entry`, `max_limit`, `description`) VALUES (1918, 4, "Stranglethorn Vale Kurzens Compound Mineral Nodes");
INSERT INTO `pool_pool` (`pool_id`, `mother_pool`, `chance`, `description`) VALUES (3732, 1918, 0, "");
INSERT INTO `pool_pool` (`pool_id`, `mother_pool`, `chance`, `description`) VALUES (3800, 1918, 0, "");
INSERT INTO `pool_pool` (`pool_id`, `mother_pool`, `chance`, `description`) VALUES (3864, 1918, 0, "");
INSERT INTO `pool_pool` (`pool_id`, `mother_pool`, `chance`, `description`) VALUES (3893, 1918, 0, "");
INSERT INTO `pool_pool` (`pool_id`, `mother_pool`, `chance`, `description`) VALUES (4180, 1918, 6, "");
INSERT INTO `pool_pool` (`pool_id`, `mother_pool`, `chance`, `description`) VALUES (5808, 1918, 9, "");
INSERT INTO `pool_pool` (`pool_id`, `mother_pool`, `chance`, `description`) VALUES (4098, 1918, 10, "");
INSERT INTO `pool_template` (`entry`, `max_limit`, `description`) VALUES (2181, 1, "Stranglethorn Vale Near ZG Mineral Nodes 1");
INSERT INTO `pool_pool` (`pool_id`, `mother_pool`, `chance`, `description`) VALUES (4124, 2181, 0, "");
INSERT INTO `pool_pool` (`pool_id`, `mother_pool`, `chance`, `description`) VALUES (4133, 2181, 0, "");
INSERT INTO `pool_pool` (`pool_id`, `mother_pool`, `chance`, `description`) VALUES (3796, 2181, 0, "");
INSERT INTO `pool_template` (`entry`, `max_limit`, `description`) VALUES (2315, 1, "Stranglethorn Vale Near ZG Mineral Nodes 2");
INSERT INTO `pool_pool` (`pool_id`, `mother_pool`, `chance`, `description`) VALUES (5787, 2315, 0, "");
INSERT INTO `pool_pool` (`pool_id`, `mother_pool`, `chance`, `description`) VALUES (3787, 2315, 0, "");
INSERT INTO `pool_pool` (`pool_id`, `mother_pool`, `chance`, `description`) VALUES (3733, 2315, 40, "");
INSERT INTO `pool_template` (`entry`, `max_limit`, `description`) VALUES (5583, 1, "Stranglethorn Vale Ruins of Zul Mamwe Mineral Nodes 1");
INSERT INTO `pool_pool` (`pool_id`, `mother_pool`, `chance`, `description`) VALUES (4198, 5583, 0, "");
INSERT INTO `pool_pool` (`pool_id`, `mother_pool`, `chance`, `description`) VALUES (3735, 5583, 0, "");
INSERT INTO `pool_pool` (`pool_id`, `mother_pool`, `chance`, `description`) VALUES (4270, 5583, 0, "");
INSERT INTO `pool_template` (`entry`, `max_limit`, `description`) VALUES (5598, 1, "Stranglethorn Vale Ruins of Zul Mamwe Mineral Nodes 2");
INSERT INTO `pool_pool` (`pool_id`, `mother_pool`, `chance`, `description`) VALUES (5802, 5598, 0, "");
INSERT INTO `pool_pool` (`pool_id`, `mother_pool`, `chance`, `description`) VALUES (4336, 5598, 0, "");
INSERT INTO `pool_pool` (`pool_id`, `mother_pool`, `chance`, `description`) VALUES (4440, 5598, 45, "");
INSERT INTO `pool_template` (`entry`, `max_limit`, `description`) VALUES (5627, 1, "Stranglethorn Vale Ruins of Zul Mamwe Mineral Nodes 3");
INSERT INTO `pool_pool` (`pool_id`, `mother_pool`, `chance`, `description`) VALUES (3801, 5627, 0, "");
INSERT INTO `pool_pool` (`pool_id`, `mother_pool`, `chance`, `description`) VALUES (4465, 5627, 0, "");
INSERT INTO `pool_template` (`entry`, `max_limit`, `description`) VALUES (5654, 2, "Stranglethorn Vale Kurzens Compound Mineral Nodes");
INSERT INTO `pool_pool` (`pool_id`, `mother_pool`, `chance`, `description`) VALUES (5893, 5654, 25, "");
INSERT INTO `pool_pool` (`pool_id`, `mother_pool`, `chance`, `description`) VALUES (4420, 5654, 0, "");
INSERT INTO `pool_pool` (`pool_id`, `mother_pool`, `chance`, `description`) VALUES (4427, 5654, 0, "");
INSERT INTO `pool_pool` (`pool_id`, `mother_pool`, `chance`, `description`) VALUES (4449, 5654, 35, "");
INSERT INTO `pool_pool` (`pool_id`, `mother_pool`, `chance`, `description`) VALUES (4578, 5654, 0, "");
INSERT INTO `pool_template` (`entry`, `max_limit`, `description`) VALUES (5700, 2, "Stranglethorn Vale Very Near Road Mineral Nodes");
INSERT INTO `pool_pool` (`pool_id`, `mother_pool`, `chance`, `description`) VALUES (4374, 5700, 0, "");
INSERT INTO `pool_pool` (`pool_id`, `mother_pool`, `chance`, `description`) VALUES (4483, 5700, 30, "");
INSERT INTO `pool_pool` (`pool_id`, `mother_pool`, `chance`, `description`) VALUES (4927, 5700, 0, "");
INSERT INTO `pool_pool` (`pool_id`, `mother_pool`, `chance`, `description`) VALUES (4839, 5700, 30, "");
INSERT INTO `pool_template` (`entry`, `max_limit`, `description`) VALUES (5785, 3, "Stranglethorn Vale Crystalvein Mine Mineral Nodes");
INSERT INTO `pool_pool` (`pool_id`, `mother_pool`, `chance`, `description`) VALUES (4385, 5785, 0, "");
INSERT INTO `pool_pool` (`pool_id`, `mother_pool`, `chance`, `description`) VALUES (4414, 5785, 0, "");
INSERT INTO `pool_pool` (`pool_id`, `mother_pool`, `chance`, `description`) VALUES (4394, 5785, 0, "");
INSERT INTO `pool_pool` (`pool_id`, `mother_pool`, `chance`, `description`) VALUES (4400, 5785, 0, "");
INSERT INTO `pool_pool` (`pool_id`, `mother_pool`, `chance`, `description`) VALUES (4610, 5785, 10, "");
INSERT INTO `pool_pool` (`pool_id`, `mother_pool`, `chance`, `description`) VALUES (4656, 5785, 10, "");
INSERT INTO `pool_template` (`entry`, `max_limit`, `description`) VALUES (5923, 2, "Stranglethorn Vale Ziata jai Ruins Mineral Nodes");
INSERT INTO `pool_pool` (`pool_id`, `mother_pool`, `chance`, `description`) VALUES (4551, 5923, 25, "");
INSERT INTO `pool_pool` (`pool_id`, `mother_pool`, `chance`, `description`) VALUES (4524, 5923, 0, "");
INSERT INTO `pool_pool` (`pool_id`, `mother_pool`, `chance`, `description`) VALUES (4561, 5923, 0, "");
INSERT INTO `pool_pool` (`pool_id`, `mother_pool`, `chance`, `description`) VALUES (4587, 5923, 0, "");
INSERT INTO `pool_pool` (`pool_id`, `mother_pool`, `chance`, `description`) VALUES (4593, 5923, 25, "");
INSERT INTO `pool_template` (`entry`, `max_limit`, `description`) VALUES (3894, 1, "Stranglethorn Vale Jaguero Isle Mineral Nodes");
INSERT INTO `pool_pool` (`pool_id`, `mother_pool`, `chance`, `description`) VALUES (4620, 3894, 0, "");
INSERT INTO `pool_pool` (`pool_id`, `mother_pool`, `chance`, `description`) VALUES (4662, 3894, 40, "");
INSERT INTO `pool_template` (`entry`, `max_limit`, `description`) VALUES (4125, 1, "Stranglethorn Vale Ruins of Jubuwal Mineral Nodes");
INSERT INTO `pool_pool` (`pool_id`, `mother_pool`, `chance`, `description`) VALUES (4681, 4125, 0, "");
INSERT INTO `pool_pool` (`pool_id`, `mother_pool`, `chance`, `description`) VALUES (4673, 4125, 0, "");
INSERT INTO `pool_pool` (`pool_id`, `mother_pool`, `chance`, `description`) VALUES (4718, 4125, 0, "");
INSERT INTO `pool_template` (`entry`, `max_limit`, `description`) VALUES (4134, 2, "Stranglethorn Vale Ruins of Aboraz Mineral Nodes");
INSERT INTO `pool_pool` (`pool_id`, `mother_pool`, `chance`, `description`) VALUES (4604, 4134, 0, "");
INSERT INTO `pool_pool` (`pool_id`, `mother_pool`, `chance`, `description`) VALUES (4694, 4134, 0, "");
INSERT INTO `pool_pool` (`pool_id`, `mother_pool`, `chance`, `description`) VALUES (4703, 4134, 0, "");
INSERT INTO `pool_pool` (`pool_id`, `mother_pool`, `chance`, `description`) VALUES (4725, 4134, 0, "");
INSERT INTO `pool_pool` (`pool_id`, `mother_pool`, `chance`, `description`) VALUES (4714, 4134, 0, "");
INSERT INTO `pool_pool` (`pool_id`, `mother_pool`, `chance`, `description`) VALUES (4731, 4134, 0, "");
INSERT INTO `pool_template` (`entry`, `max_limit`, `description`) VALUES (4181, 2, "Stranglethorn Vale Northern Mineral Nodes");
INSERT INTO `pool_pool` (`pool_id`, `mother_pool`, `chance`, `description`) VALUES (4630, 4181, 0, "");
INSERT INTO `pool_pool` (`pool_id`, `mother_pool`, `chance`, `description`) VALUES (4709, 4181, 30, "");
INSERT INTO `pool_pool` (`pool_id`, `mother_pool`, `chance`, `description`) VALUES (4815, 4181, 0, "");
INSERT INTO `pool_pool` (`pool_id`, `mother_pool`, `chance`, `description`) VALUES (4896, 4181, 35, "");
INSERT INTO `pool_template` (`entry`, `max_limit`, `description`) VALUES (6036, 2, "Stranglethorn Vale Near Hemet Mineral Nodes");
INSERT INTO `pool_pool` (`pool_id`, `mother_pool`, `chance`, `description`) VALUES (4690, 6036, 0, "");
INSERT INTO `pool_pool` (`pool_id`, `mother_pool`, `chance`, `description`) VALUES (4711, 6036, 0, "");
INSERT INTO `pool_pool` (`pool_id`, `mother_pool`, `chance`, `description`) VALUES (4822, 6036, 0, "");
INSERT INTO `pool_pool` (`pool_id`, `mother_pool`, `chance`, `description`) VALUES (4844, 6036, 0, "");
INSERT INTO `pool_pool` (`pool_id`, `mother_pool`, `chance`, `description`) VALUES (4914, 6036, 0, "");
INSERT INTO `pool_template` (`entry`, `max_limit`, `description`) VALUES (6038, 1, "Stranglethorn Vale Mistvale Valley Mineral Nodes");
INSERT INTO `pool_pool` (`pool_id`, `mother_pool`, `chance`, `description`) VALUES (4756, 6038, 0, "");
INSERT INTO `pool_pool` (`pool_id`, `mother_pool`, `chance`, `description`) VALUES (4742, 6038, 0, "");
INSERT INTO `pool_pool` (`pool_id`, `mother_pool`, `chance`, `description`) VALUES (4819, 6038, 0, "");
INSERT INTO `pool_pool` (`pool_id`, `mother_pool`, `chance`, `description`) VALUES (4761, 6038, 0, "");
INSERT INTO `pool_pool` (`pool_id`, `mother_pool`, `chance`, `description`) VALUES (4826, 6038, 0, "");
INSERT INTO `pool_template` (`entry`, `max_limit`, `description`) VALUES (6042, 2, "Stranglethorn Vale Southern Coast Mineral Nodes");
INSERT INTO `pool_pool` (`pool_id`, `mother_pool`, `chance`, `description`) VALUES (4733, 6042, 25, "");
INSERT INTO `pool_pool` (`pool_id`, `mother_pool`, `chance`, `description`) VALUES (4771, 6042, 0, "");
INSERT INTO `pool_pool` (`pool_id`, `mother_pool`, `chance`, `description`) VALUES (4830, 6042, 0, "");
INSERT INTO `pool_pool` (`pool_id`, `mother_pool`, `chance`, `description`) VALUES (4944, 6042, 0, "");
INSERT INTO `pool_pool` (`pool_id`, `mother_pool`, `chance`, `description`) VALUES (4992, 6042, 25, "");
INSERT INTO `pool_template` (`entry`, `max_limit`, `description`) VALUES (6046, 2, "Stranglethorn Vale South of Grom Gol Mineral Nodes");
INSERT INTO `pool_pool` (`pool_id`, `mother_pool`, `chance`, `description`) VALUES (4494, 6046, 35, "");
INSERT INTO `pool_pool` (`pool_id`, `mother_pool`, `chance`, `description`) VALUES (4773, 6046, 0, "");
INSERT INTO `pool_pool` (`pool_id`, `mother_pool`, `chance`, `description`) VALUES (4796, 6046, 0, "");
INSERT INTO `pool_pool` (`pool_id`, `mother_pool`, `chance`, `description`) VALUES (4835, 6046, 0, "");
INSERT INTO `pool_template` (`entry`, `max_limit`, `description`) VALUES (4271, 2, "Stranglethorn Vale Near Gurubashi Arena Mineral Nodes");
INSERT INTO `pool_pool` (`pool_id`, `mother_pool`, `chance`, `description`) VALUES (4865, 4271, 25, "");
INSERT INTO `pool_pool` (`pool_id`, `mother_pool`, `chance`, `description`) VALUES (4922, 4271, 25, "");
INSERT INTO `pool_pool` (`pool_id`, `mother_pool`, `chance`, `description`) VALUES (4917, 4271, 0, "");
INSERT INTO `pool_pool` (`pool_id`, `mother_pool`, `chance`, `description`) VALUES (5049, 4271, 0, "");
INSERT INTO `pool_pool` (`pool_id`, `mother_pool`, `chance`, `description`) VALUES (5047, 4271, 0, "");
INSERT INTO `pool_template` (`entry`, `max_limit`, `description`) VALUES (6052, 1, "Stranglethorn Vale Ruins of Zul Kunda Mineral Nodes 1");
INSERT INTO `pool_pool` (`pool_id`, `mother_pool`, `chance`, `description`) VALUES (4841, 6052, 0, "");
INSERT INTO `pool_pool` (`pool_id`, `mother_pool`, `chance`, `description`) VALUES (4939, 6052, 0, "");
INSERT INTO `pool_pool` (`pool_id`, `mother_pool`, `chance`, `description`) VALUES (4971, 6052, 0, "");
INSERT INTO `pool_pool` (`pool_id`, `mother_pool`, `chance`, `description`) VALUES (5015, 6052, 0, "");
INSERT INTO `pool_template` (`entry`, `max_limit`, `description`) VALUES (6057, 1, "Stranglethorn Vale Ruins of Zul Kunda Mineral Nodes 2");
INSERT INTO `pool_pool` (`pool_id`, `mother_pool`, `chance`, `description`) VALUES (4953, 6057, 0, "");
INSERT INTO `pool_pool` (`pool_id`, `mother_pool`, `chance`, `description`) VALUES (4975, 6057, 0, "");
INSERT INTO `pool_pool` (`pool_id`, `mother_pool`, `chance`, `description`) VALUES (4979, 6057, 0, "");
INSERT INTO `pool_pool` (`pool_id`, `mother_pool`, `chance`, `description`) VALUES (5027, 6057, 0, "");
INSERT INTO `pool_pool` (`pool_id`, `mother_pool`, `chance`, `description`) VALUES (5029, 6057, 0, "");
INSERT INTO `pool_template` (`entry`, `max_limit`, `description`) VALUES (6066, 2, "Stranglethorn Vale Nek mani Wellspring Mineral Nodes");
INSERT INTO `pool_pool` (`pool_id`, `mother_pool`, `chance`, `description`) VALUES (4951, 6066, 0, "");
INSERT INTO `pool_pool` (`pool_id`, `mother_pool`, `chance`, `description`) VALUES (5000, 6066, 0, "");
INSERT INTO `pool_pool` (`pool_id`, `mother_pool`, `chance`, `description`) VALUES (5011, 6066, 0, "");
INSERT INTO `pool_pool` (`pool_id`, `mother_pool`, `chance`, `description`) VALUES (5024, 6066, 0, "");
INSERT INTO `pool_pool` (`pool_id`, `mother_pool`, `chance`, `description`) VALUES (5038, 6066, 0, "");

-- Swamp of Sorrows:
-- Local Pooling
INSERT INTO `pool_template` (`entry`, `max_limit`, `description`) VALUES (1353, 1, "Swamp of Sorrows Local Minerals 1");
INSERT INTO `pool_gameobject` (`guid`, `pool_entry`, `chance`, `description`) VALUES (14850, 1353, 10, "");
INSERT INTO `pool_gameobject` (`guid`, `pool_entry`, `chance`, `description`) VALUES (14992, 1353, 30, "");
INSERT INTO `pool_gameobject` (`guid`, `pool_entry`, `chance`, `description`) VALUES (14989, 1353, 0, "");
INSERT INTO `pool_gameobject` (`guid`, `pool_entry`, `chance`, `description`) VALUES (14990, 1353, 0, "");
INSERT INTO `pool_template` (`entry`, `max_limit`, `description`) VALUES (1594, 1, "Swamp of Sorrows Local Minerals 2");
INSERT INTO `pool_gameobject` (`guid`, `pool_entry`, `chance`, `description`) VALUES (14991, 1594, 0, "");
INSERT INTO `pool_gameobject` (`guid`, `pool_entry`, `chance`, `description`) VALUES (15031, 1594, 0, "");
INSERT INTO `pool_template` (`entry`, `max_limit`, `description`) VALUES (1902, 1, "Swamp of Sorrows Stagalbog Cave Minerals Local 1");
INSERT INTO `pool_gameobject` (`guid`, `pool_entry`, `chance`, `description`) VALUES (14986, 1902, 0, "");
INSERT INTO `pool_gameobject` (`guid`, `pool_entry`, `chance`, `description`) VALUES (14982, 1902, 0, "");
INSERT INTO `pool_gameobject` (`guid`, `pool_entry`, `chance`, `description`) VALUES (14693, 1902, 10, "");
INSERT INTO `pool_gameobject` (`guid`, `pool_entry`, `chance`, `description`) VALUES (15021, 1902, 0, "");
INSERT INTO `pool_gameobject` (`guid`, `pool_entry`, `chance`, `description`) VALUES (14848, 1902, 10, "");
INSERT INTO `pool_gameobject` (`guid`, `pool_entry`, `chance`, `description`) VALUES (15018, 1902, 0, "");
INSERT INTO `pool_template` (`entry`, `max_limit`, `description`) VALUES (2047, 1, "Swamp of Sorrows Stagalbog Cave Minerals Local 2");
INSERT INTO `pool_gameobject` (`guid`, `pool_entry`, `chance`, `description`) VALUES (14987, 2047, 0, "");
INSERT INTO `pool_gameobject` (`guid`, `pool_entry`, `chance`, `description`) VALUES (14985, 2047, 0, "");
INSERT INTO `pool_gameobject` (`guid`, `pool_entry`, `chance`, `description`) VALUES (15020, 2047, 0, "");
INSERT INTO `pool_gameobject` (`guid`, `pool_entry`, `chance`, `description`) VALUES (15019, 2047, 0, "");
INSERT INTO `pool_gameobject` (`guid`, `pool_entry`, `chance`, `description`) VALUES (14970, 2047, 0, "");
INSERT INTO `pool_gameobject` (`guid`, `pool_entry`, `chance`, `description`) VALUES (14967, 2047, 0, "");
INSERT INTO `pool_gameobject` (`guid`, `pool_entry`, `chance`, `description`) VALUES (14844, 2047, 0, "");
INSERT INTO `pool_gameobject` (`guid`, `pool_entry`, `chance`, `description`) VALUES (15017, 2047, 0, "");
INSERT INTO `pool_template` (`entry`, `max_limit`, `description`) VALUES (2165, 1, "Swamp of Sorrows Stagalbog Cave Minerals Local 3");
INSERT INTO `pool_gameobject` (`guid`, `pool_entry`, `chance`, `description`) VALUES (14995, 2165, 10, "");
INSERT INTO `pool_gameobject` (`guid`, `pool_entry`, `chance`, `description`) VALUES (15011, 2165, 15, "");
INSERT INTO `pool_gameobject` (`guid`, `pool_entry`, `chance`, `description`) VALUES (15010, 2165, 15, "");
INSERT INTO `pool_gameobject` (`guid`, `pool_entry`, `chance`, `description`) VALUES (14843, 2165, 5, "");
INSERT INTO `pool_gameobject` (`guid`, `pool_entry`, `chance`, `description`) VALUES (15009, 2165, 0, "");
INSERT INTO `pool_gameobject` (`guid`, `pool_entry`, `chance`, `description`) VALUES (14958, 2165, 0, "");
INSERT INTO `pool_gameobject` (`guid`, `pool_entry`, `chance`, `description`) VALUES (14842, 2165, 5, "");
INSERT INTO `pool_gameobject` (`guid`, `pool_entry`, `chance`, `description`) VALUES (14957, 2165, 0, "");
INSERT INTO `pool_gameobject` (`guid`, `pool_entry`, `chance`, `description`) VALUES (14819, 2165, 5, "");
INSERT INTO `pool_gameobject` (`guid`, `pool_entry`, `chance`, `description`) VALUES (15008, 2165, 0, "");
INSERT INTO `pool_template` (`entry`, `max_limit`, `description`) VALUES (2277, 1, "Swamp of Sorrows Local Minerals 3");
INSERT INTO `pool_gameobject` (`guid`, `pool_entry`, `chance`, `description`) VALUES (15032, 2277, 0, "");
INSERT INTO `pool_gameobject` (`guid`, `pool_entry`, `chance`, `description`) VALUES (15022, 2277, 0, "");
INSERT INTO `pool_template` (`entry`, `max_limit`, `description`) VALUES (2299, 1, "Swamp of Sorrows Local Minerals 4");
INSERT INTO `pool_gameobject` (`guid`, `pool_entry`, `chance`, `description`) VALUES (14694, 2299, 10, "");
INSERT INTO `pool_gameobject` (`guid`, `pool_entry`, `chance`, `description`) VALUES (14988, 2299, 45, "");
INSERT INTO `pool_gameobject` (`guid`, `pool_entry`, `chance`, `description`) VALUES (14849, 2299, 5, "");
INSERT INTO `pool_gameobject` (`guid`, `pool_entry`, `chance`, `description`) VALUES (14981, 2299, 0, "");
INSERT INTO `pool_gameobject` (`guid`, `pool_entry`, `chance`, `description`) VALUES (14971, 2299, 0, "");
INSERT INTO `pool_template` (`entry`, `max_limit`, `description`) VALUES (2338, 1, "Swamp of Sorrows Local Minerals 5");
INSERT INTO `pool_gameobject` (`guid`, `pool_entry`, `chance`, `description`) VALUES (14685, 2338, 10, "");
INSERT INTO `pool_gameobject` (`guid`, `pool_entry`, `chance`, `description`) VALUES (14812, 2338, 5, "");
INSERT INTO `pool_gameobject` (`guid`, `pool_entry`, `chance`, `description`) VALUES (14941, 2338, 0, "");
INSERT INTO `pool_gameobject` (`guid`, `pool_entry`, `chance`, `description`) VALUES (14940, 2338, 0, "");
INSERT INTO `pool_template` (`entry`, `max_limit`, `description`) VALUES (2460, 1, "Swamp of Sorrows Local Minerals 6");
INSERT INTO `pool_gameobject` (`guid`, `pool_entry`, `chance`, `description`) VALUES (14686, 2460, 10, "");
INSERT INTO `pool_gameobject` (`guid`, `pool_entry`, `chance`, `description`) VALUES (14818, 2460, 5, "");
INSERT INTO `pool_gameobject` (`guid`, `pool_entry`, `chance`, `description`) VALUES (14942, 2460, 0, "");
INSERT INTO `pool_template` (`entry`, `max_limit`, `description`) VALUES (3162, 1, "Swamp of Sorrows Local Minerals 7");
INSERT INTO `pool_gameobject` (`guid`, `pool_entry`, `chance`, `description`) VALUES (14939, 3162, 0, "");
INSERT INTO `pool_gameobject` (`guid`, `pool_entry`, `chance`, `description`) VALUES (15007, 3162, 0, "");
INSERT INTO `pool_gameobject` (`guid`, `pool_entry`, `chance`, `description`) VALUES (15006, 3162, 0, "");
INSERT INTO `pool_template` (`entry`, `max_limit`, `description`) VALUES (3228, 1, "Swamp of Sorrows Local Minerals 8");
INSERT INTO `pool_gameobject` (`guid`, `pool_entry`, `chance`, `description`) VALUES (14938, 3228, 0, "");
INSERT INTO `pool_gameobject` (`guid`, `pool_entry`, `chance`, `description`) VALUES (14937, 3228, 0, "");
INSERT INTO `pool_gameobject` (`guid`, `pool_entry`, `chance`, `description`) VALUES (15005, 3228, 33, "");
INSERT INTO `pool_gameobject` (`guid`, `pool_entry`, `chance`, `description`) VALUES (14994, 3228, 5, "");
INSERT INTO `pool_gameobject` (`guid`, `pool_entry`, `chance`, `description`) VALUES (14998, 3228, 0, "");
INSERT INTO `pool_gameobject` (`guid`, `pool_entry`, `chance`, `description`) VALUES (14997, 3228, 0, "");
INSERT INTO `pool_template` (`entry`, `max_limit`, `description`) VALUES (3261, 1, "Swamp of Sorrows Local Minerals 9");
INSERT INTO `pool_gameobject` (`guid`, `pool_entry`, `chance`, `description`) VALUES (14740, 3261, 5, "");
INSERT INTO `pool_gameobject` (`guid`, `pool_entry`, `chance`, `description`) VALUES (14936, 3261, 0, "");
INSERT INTO `pool_gameobject` (`guid`, `pool_entry`, `chance`, `description`) VALUES (14675, 3261, 10, "");
INSERT INTO `pool_gameobject` (`guid`, `pool_entry`, `chance`, `description`) VALUES (14933, 3261, 0, "");
INSERT INTO `pool_template` (`entry`, `max_limit`, `description`) VALUES (3304, 1, "Swamp of Sorrows Local Minerals 10");
INSERT INTO `pool_gameobject` (`guid`, `pool_entry`, `chance`, `description`) VALUES (14935, 3304, 0, "");
INSERT INTO `pool_gameobject` (`guid`, `pool_entry`, `chance`, `description`) VALUES (14739, 3304, 5, "");
INSERT INTO `pool_gameobject` (`guid`, `pool_entry`, `chance`, `description`) VALUES (14934, 3304, 0, "");
INSERT INTO `pool_template` (`entry`, `max_limit`, `description`) VALUES (3452, 1, "Swamp of Sorrows Local Minerals 11");
INSERT INTO `pool_gameobject` (`guid`, `pool_entry`, `chance`, `description`) VALUES (14736, 3452, 8, "");
INSERT INTO `pool_gameobject` (`guid`, `pool_entry`, `chance`, `description`) VALUES (14925, 3452, 42, "");
INSERT INTO `pool_gameobject` (`guid`, `pool_entry`, `chance`, `description`) VALUES (14922, 3452, 0, "");
INSERT INTO `pool_gameobject` (`guid`, `pool_entry`, `chance`, `description`) VALUES (14921, 3452, 0, "");
INSERT INTO `pool_gameobject` (`guid`, `pool_entry`, `chance`, `description`) VALUES (14913, 3452, 0, "");
INSERT INTO `pool_gameobject` (`guid`, `pool_entry`, `chance`, `description`) VALUES (14912, 3452, 0, "");
INSERT INTO `pool_template` (`entry`, `max_limit`, `description`) VALUES (3505, 1, "Swamp of Sorrows Local Minerals 12");
INSERT INTO `pool_gameobject` (`guid`, `pool_entry`, `chance`, `description`) VALUES (14924, 3505, 0, "");
INSERT INTO `pool_gameobject` (`guid`, `pool_entry`, `chance`, `description`) VALUES (14923, 3505, 0, "");
INSERT INTO `pool_gameobject` (`guid`, `pool_entry`, `chance`, `description`) VALUES (14996, 3505, 50, "");
INSERT INTO `pool_template` (`entry`, `max_limit`, `description`) VALUES (3535, 1, "Swamp of Sorrows Local Minerals 13");
INSERT INTO `pool_gameobject` (`guid`, `pool_entry`, `chance`, `description`) VALUES (14735, 3535, 7, "");
INSERT INTO `pool_gameobject` (`guid`, `pool_entry`, `chance`, `description`) VALUES (14911, 3535, 0, "");
INSERT INTO `pool_gameobject` (`guid`, `pool_entry`, `chance`, `description`) VALUES (14910, 3535, 0, "");
INSERT INTO `pool_gameobject` (`guid`, `pool_entry`, `chance`, `description`) VALUES (14902, 3535, 0, "");
INSERT INTO `pool_gameobject` (`guid`, `pool_entry`, `chance`, `description`) VALUES (14901, 3535, 0, "");
INSERT INTO `pool_template` (`entry`, `max_limit`, `description`) VALUES (3557, 1, "Swamp of Sorrows Local Minerals 14");
INSERT INTO `pool_gameobject` (`guid`, `pool_entry`, `chance`, `description`) VALUES (14906, 3557, 0, "");
INSERT INTO `pool_gameobject` (`guid`, `pool_entry`, `chance`, `description`) VALUES (14674, 3557, 10, "");
INSERT INTO `pool_gameobject` (`guid`, `pool_entry`, `chance`, `description`) VALUES (14903, 3557, 0, "");
INSERT INTO `pool_template` (`entry`, `max_limit`, `description`) VALUES (3572, 1, "Swamp of Sorrows Local Minerals 15");
INSERT INTO `pool_gameobject` (`guid`, `pool_entry`, `chance`, `description`) VALUES (14900, 3572, 0, "");
INSERT INTO `pool_gameobject` (`guid`, `pool_entry`, `chance`, `description`) VALUES (14894, 3572, 0, "");
INSERT INTO `pool_gameobject` (`guid`, `pool_entry`, `chance`, `description`) VALUES (14732, 3572, 10, "");
INSERT INTO `pool_gameobject` (`guid`, `pool_entry`, `chance`, `description`) VALUES (14871, 3572, 0, "");
INSERT INTO `pool_template` (`entry`, `max_limit`, `description`) VALUES (3586, 1, "Swamp of Sorrows Local Minerals 16");
INSERT INTO `pool_gameobject` (`guid`, `pool_entry`, `chance`, `description`) VALUES (14673, 3586, 12, "");
INSERT INTO `pool_gameobject` (`guid`, `pool_entry`, `chance`, `description`) VALUES (14724, 3586, 8, "");
INSERT INTO `pool_gameobject` (`guid`, `pool_entry`, `chance`, `description`) VALUES (14859, 3586, 0, "");
INSERT INTO `pool_template` (`entry`, `max_limit`, `description`) VALUES (3617, 1, "Swamp of Sorrows Local Minerals 17");
INSERT INTO `pool_gameobject` (`guid`, `pool_entry`, `chance`, `description`) VALUES (14858, 3617, 0, "");
INSERT INTO `pool_gameobject` (`guid`, `pool_entry`, `chance`, `description`) VALUES (14723, 3617, 4, "");
INSERT INTO `pool_gameobject` (`guid`, `pool_entry`, `chance`, `description`) VALUES (14722, 3617, 4, "");
INSERT INTO `pool_gameobject` (`guid`, `pool_entry`, `chance`, `description`) VALUES (14857, 3617, 0, "");
INSERT INTO `pool_gameobject` (`guid`, `pool_entry`, `chance`, `description`) VALUES (14856, 3617, 0, "");
INSERT INTO `pool_gameobject` (`guid`, `pool_entry`, `chance`, `description`) VALUES (14855, 3617, 0, "");
INSERT INTO `pool_template` (`entry`, `max_limit`, `description`) VALUES (3633, 1, "Swamp of Sorrows Local Minerals 18");
INSERT INTO `pool_gameobject` (`guid`, `pool_entry`, `chance`, `description`) VALUES (14853, 3633, 0, "");
INSERT INTO `pool_gameobject` (`guid`, `pool_entry`, `chance`, `description`) VALUES (14696, 3633, 5, "");
INSERT INTO `pool_template` (`entry`, `max_limit`, `description`) VALUES (3650, 1, "Swamp of Sorrows Local Minerals 19");
INSERT INTO `pool_gameobject` (`guid`, `pool_entry`, `chance`, `description`) VALUES (14854, 3650, 40, "");
INSERT INTO `pool_gameobject` (`guid`, `pool_entry`, `chance`, `description`) VALUES (14695, 3650, 10, "");
INSERT INTO `pool_gameobject` (`guid`, `pool_entry`, `chance`, `description`) VALUES (14852, 3650, 0, "");
INSERT INTO `pool_gameobject` (`guid`, `pool_entry`, `chance`, `description`) VALUES (14851, 3650, 0, "");

-- Pool Pooling
INSERT INTO `pool_template` (`entry`, `max_limit`, `description`) VALUES (1354, 3, "Swamp of Sorrows South East Mineral Nodes");
INSERT INTO `pool_pool` (`pool_id`, `mother_pool`, `chance`, `description`) VALUES (1353, 1354, 0, "");
INSERT INTO `pool_pool` (`pool_id`, `mother_pool`, `chance`, `description`) VALUES (2299, 1354, 0, "");
INSERT INTO `pool_pool` (`pool_id`, `mother_pool`, `chance`, `description`) VALUES (2277, 1354, 0, "");
INSERT INTO `pool_pool` (`pool_id`, `mother_pool`, `chance`, `description`) VALUES (2338, 1354, 0, "");
INSERT INTO `pool_template` (`entry`, `max_limit`, `description`) VALUES (1595, 2, "Swamp of Sorrows Stagalbog Cave Mineral Nodes");
INSERT INTO `pool_pool` (`pool_id`, `mother_pool`, `chance`, `description`) VALUES (2047, 1595, 0, "");
INSERT INTO `pool_pool` (`pool_id`, `mother_pool`, `chance`, `description`) VALUES (1902, 1595, 45, "");
INSERT INTO `pool_pool` (`pool_id`, `mother_pool`, `chance`, `description`) VALUES (2165, 1595, 35, "");
INSERT INTO `pool_template` (`entry`, `max_limit`, `description`) VALUES (1903, 2, "Swamp of Sorrows North Mineral Nodes");
INSERT INTO `pool_pool` (`pool_id`, `mother_pool`, `chance`, `description`) VALUES (1594, 1903, 0, "");
INSERT INTO `pool_pool` (`pool_id`, `mother_pool`, `chance`, `description`) VALUES (2460, 1903, 20, "");
INSERT INTO `pool_pool` (`pool_id`, `mother_pool`, `chance`, `description`) VALUES (3162, 1903, 0, "");
INSERT INTO `pool_template` (`entry`, `max_limit`, `description`) VALUES (2048, 2, "Swamp of Sorrows Near The Harborage Mineral Nodes");
INSERT INTO `pool_pool` (`pool_id`, `mother_pool`, `chance`, `description`) VALUES (3228, 2048, 0, "");
INSERT INTO `pool_pool` (`pool_id`, `mother_pool`, `chance`, `description`) VALUES (3304, 2048, 20, "");
INSERT INTO `pool_pool` (`pool_id`, `mother_pool`, `chance`, `description`) VALUES (3505, 2048, 30, "");
INSERT INTO `pool_template` (`entry`, `max_limit`, `description`) VALUES (3803, 1, "Swamp of Sorrows Splinterspear Junction Mineral Nodes");
INSERT INTO `pool_pool` (`pool_id`, `mother_pool`, `chance`, `description`) VALUES (3261, 3803, 0, "");
INSERT INTO `pool_pool` (`pool_id`, `mother_pool`, `chance`, `description`) VALUES (3452, 3803, 0, "");
INSERT INTO `pool_template` (`entry`, `max_limit`, `description`) VALUES (2278, 2, "Swamp of Sorrows Misty Valley Mineral Nodes");
INSERT INTO `pool_pool` (`pool_id`, `mother_pool`, `chance`, `description`) VALUES (3535, 2278, 0, "");
INSERT INTO `pool_pool` (`pool_id`, `mother_pool`, `chance`, `description`) VALUES (3572, 2278, 0, "");
INSERT INTO `pool_pool` (`pool_id`, `mother_pool`, `chance`, `description`) VALUES (3650, 2278, 20, "");
INSERT INTO `pool_template` (`entry`, `max_limit`, `description`) VALUES (2300, 3, "Swamp of Sorrows South West Mineral Nodes");
INSERT INTO `pool_pool` (`pool_id`, `mother_pool`, `chance`, `description`) VALUES (3557, 2300, 0, "");
INSERT INTO `pool_pool` (`pool_id`, `mother_pool`, `chance`, `description`) VALUES (3586, 2300, 15, "");
INSERT INTO `pool_pool` (`pool_id`, `mother_pool`, `chance`, `description`) VALUES (3617, 2300, 0, "");
INSERT INTO `pool_pool` (`pool_id`, `mother_pool`, `chance`, `description`) VALUES (3633, 2300, 15, "");

-- The Hinterlands:
-- Local Pooling
INSERT INTO `pool_template` (`entry`, `max_limit`, `description`) VALUES (1362, 1, "The Hinterlands Local Minerals 1");
INSERT INTO `pool_gameobject` (`guid`, `pool_entry`, `chance`, `description`) VALUES (15252, 1362, 3, "");
INSERT INTO `pool_gameobject` (`guid`, `pool_entry`, `chance`, `description`) VALUES (15552, 1362, 0, "");
INSERT INTO `pool_gameobject` (`guid`, `pool_entry`, `chance`, `description`) VALUES (15251, 1362, 3, "");
INSERT INTO `pool_gameobject` (`guid`, `pool_entry`, `chance`, `description`) VALUES (15348, 1362, 3, "");
INSERT INTO `pool_gameobject` (`guid`, `pool_entry`, `chance`, `description`) VALUES (15551, 1362, 0, "");
INSERT INTO `pool_template` (`entry`, `max_limit`, `description`) VALUES (1603, 1, "The Hinterlands Local Minerals 2");
INSERT INTO `pool_gameobject` (`guid`, `pool_entry`, `chance`, `description`) VALUES (15550, 1603, 0, "");
INSERT INTO `pool_gameobject` (`guid`, `pool_entry`, `chance`, `description`) VALUES (15549, 1603, 0, "");
INSERT INTO `pool_template` (`entry`, `max_limit`, `description`) VALUES (1911, 1, "The Hinterlands Local Minerals 3");
INSERT INTO `pool_gameobject` (`guid`, `pool_entry`, `chance`, `description`) VALUES (15250, 1911, 8, "");
INSERT INTO `pool_gameobject` (`guid`, `pool_entry`, `chance`, `description`) VALUES (15347, 1911, 4, "");
INSERT INTO `pool_gameobject` (`guid`, `pool_entry`, `chance`, `description`) VALUES (15548, 1911, 0, "");
INSERT INTO `pool_gameobject` (`guid`, `pool_entry`, `chance`, `description`) VALUES (15547, 1911, 0, "");
INSERT INTO `pool_template` (`entry`, `max_limit`, `description`) VALUES (2174, 1, "The Hinterlands Local Minerals 4");
INSERT INTO `pool_gameobject` (`guid`, `pool_entry`, `chance`, `description`) VALUES (15249, 2174, 3, "");
INSERT INTO `pool_gameobject` (`guid`, `pool_entry`, `chance`, `description`) VALUES (15346, 2174, 3, "");
INSERT INTO `pool_gameobject` (`guid`, `pool_entry`, `chance`, `description`) VALUES (15546, 2174, 0, "");
INSERT INTO `pool_gameobject` (`guid`, `pool_entry`, `chance`, `description`) VALUES (15248, 2174, 3, "");
INSERT INTO `pool_gameobject` (`guid`, `pool_entry`, `chance`, `description`) VALUES (15545, 2174, 0, "");
INSERT INTO `pool_template` (`entry`, `max_limit`, `description`) VALUES (2308, 1, "The Hinterlands Local Minerals 5");
INSERT INTO `pool_gameobject` (`guid`, `pool_entry`, `chance`, `description`) VALUES (15247, 2308, 10, "");
INSERT INTO `pool_gameobject` (`guid`, `pool_entry`, `chance`, `description`) VALUES (15544, 2308, 0, "");
INSERT INTO `pool_template` (`entry`, `max_limit`, `description`) VALUES (2346, 1, "The Hinterlands Local Minerals 6");
INSERT INTO `pool_gameobject` (`guid`, `pool_entry`, `chance`, `description`) VALUES (15246, 2346, 6, "");
INSERT INTO `pool_gameobject` (`guid`, `pool_entry`, `chance`, `description`) VALUES (15345, 2346, 3, "");
INSERT INTO `pool_gameobject` (`guid`, `pool_entry`, `chance`, `description`) VALUES (15543, 2346, 0, "");
INSERT INTO `pool_template` (`entry`, `max_limit`, `description`) VALUES (2467, 1, "The Hinterlands Local Minerals 7");
INSERT INTO `pool_gameobject` (`guid`, `pool_entry`, `chance`, `description`) VALUES (15344, 2467, 5, "");
INSERT INTO `pool_gameobject` (`guid`, `pool_entry`, `chance`, `description`) VALUES (15571, 2467, 0, "");
INSERT INTO `pool_template` (`entry`, `max_limit`, `description`) VALUES (3169, 1, "The Hinterlands Local Minerals 8");
INSERT INTO `pool_gameobject` (`guid`, `pool_entry`, `chance`, `description`) VALUES (15245, 3169, 6, "");
INSERT INTO `pool_gameobject` (`guid`, `pool_entry`, `chance`, `description`) VALUES (15343, 3169, 3, "");
INSERT INTO `pool_gameobject` (`guid`, `pool_entry`, `chance`, `description`) VALUES (15542, 3169, 0, "");
INSERT INTO `pool_template` (`entry`, `max_limit`, `description`) VALUES (3311, 1, "The Hinterlands Local Minerals 9");
INSERT INTO `pool_gameobject` (`guid`, `pool_entry`, `chance`, `description`) VALUES (15244, 3311, 6, "");
INSERT INTO `pool_gameobject` (`guid`, `pool_entry`, `chance`, `description`) VALUES (15342, 3311, 3, "");
INSERT INTO `pool_gameobject` (`guid`, `pool_entry`, `chance`, `description`) VALUES (15541, 3311, 0, "");
INSERT INTO `pool_template` (`entry`, `max_limit`, `description`) VALUES (3459, 1, "The Hinterlands Local Minerals 10");
INSERT INTO `pool_gameobject` (`guid`, `pool_entry`, `chance`, `description`) VALUES (15243, 3459, 9, "");
INSERT INTO `pool_gameobject` (`guid`, `pool_entry`, `chance`, `description`) VALUES (15341, 3459, 5, "");
INSERT INTO `pool_gameobject` (`guid`, `pool_entry`, `chance`, `description`) VALUES (15540, 3459, 0, "");
INSERT INTO `pool_template` (`entry`, `max_limit`, `description`) VALUES (3512, 1, "The Hinterlands Local Minerals 11");
INSERT INTO `pool_gameobject` (`guid`, `pool_entry`, `chance`, `description`) VALUES (15539, 3512, 0, "");
INSERT INTO `pool_gameobject` (`guid`, `pool_entry`, `chance`, `description`) VALUES (15538, 3512, 0, "");
INSERT INTO `pool_template` (`entry`, `max_limit`, `description`) VALUES (3578, 1, "The Hinterlands Local Minerals 12");
INSERT INTO `pool_gameobject` (`guid`, `pool_entry`, `chance`, `description`) VALUES (15242, 3578, 8, "");
INSERT INTO `pool_gameobject` (`guid`, `pool_entry`, `chance`, `description`) VALUES (15340, 3578, 4, "");
INSERT INTO `pool_gameobject` (`guid`, `pool_entry`, `chance`, `description`) VALUES (15537, 3578, 0, "");
INSERT INTO `pool_template` (`entry`, `max_limit`, `description`) VALUES (3655, 1, "The Hinterlands Local Minerals 13");
INSERT INTO `pool_gameobject` (`guid`, `pool_entry`, `chance`, `description`) VALUES (15339, 3655, 5, "");
INSERT INTO `pool_gameobject` (`guid`, `pool_entry`, `chance`, `description`) VALUES (15570, 3655, 0, "");
INSERT INTO `pool_template` (`entry`, `max_limit`, `description`) VALUES (3670, 1, "The Hinterlands Local Minerals 14");
INSERT INTO `pool_gameobject` (`guid`, `pool_entry`, `chance`, `description`) VALUES (15241, 3670, 5, "");
INSERT INTO `pool_gameobject` (`guid`, `pool_entry`, `chance`, `description`) VALUES (15338, 3670, 3, "");
INSERT INTO `pool_gameobject` (`guid`, `pool_entry`, `chance`, `description`) VALUES (15536, 3670, 0, "");
INSERT INTO `pool_template` (`entry`, `max_limit`, `description`) VALUES (3684, 1, "The Hinterlands Local Minerals 15");
INSERT INTO `pool_gameobject` (`guid`, `pool_entry`, `chance`, `description`) VALUES (15240, 3684, 15, "");
INSERT INTO `pool_gameobject` (`guid`, `pool_entry`, `chance`, `description`) VALUES (15534, 3684, 0, "");
INSERT INTO `pool_template` (`entry`, `max_limit`, `description`) VALUES (3714, 1, "The Hinterlands Local Minerals 16");
INSERT INTO `pool_gameobject` (`guid`, `pool_entry`, `chance`, `description`) VALUES (15239, 3714, 6, "");
INSERT INTO `pool_gameobject` (`guid`, `pool_entry`, `chance`, `description`) VALUES (15337, 3714, 3, "");
INSERT INTO `pool_gameobject` (`guid`, `pool_entry`, `chance`, `description`) VALUES (15532, 3714, 0, "");
INSERT INTO `pool_gameobject` (`guid`, `pool_entry`, `chance`, `description`) VALUES (15533, 3714, 0, "");
INSERT INTO `pool_template` (`entry`, `max_limit`, `description`) VALUES (3726, 1, "The Hinterlands Local Minerals 17");
INSERT INTO `pool_gameobject` (`guid`, `pool_entry`, `chance`, `description`) VALUES (15238, 3726, 10, "");
INSERT INTO `pool_gameobject` (`guid`, `pool_entry`, `chance`, `description`) VALUES (15531, 3726, 0, "");
INSERT INTO `pool_gameobject` (`guid`, `pool_entry`, `chance`, `description`) VALUES (15529, 3726, 0, "");
INSERT INTO `pool_gameobject` (`guid`, `pool_entry`, `chance`, `description`) VALUES (15528, 3726, 0, "");
INSERT INTO `pool_gameobject` (`guid`, `pool_entry`, `chance`, `description`) VALUES (15527, 3726, 0, "");
INSERT INTO `pool_template` (`entry`, `max_limit`, `description`) VALUES (3786, 1, "The Hinterlands Local Minerals 18");
INSERT INTO `pool_gameobject` (`guid`, `pool_entry`, `chance`, `description`) VALUES (15237, 3786, 8, "");
INSERT INTO `pool_gameobject` (`guid`, `pool_entry`, `chance`, `description`) VALUES (15530, 3786, 0, "");
INSERT INTO `pool_template` (`entry`, `max_limit`, `description`) VALUES (3795, 1, "The Hinterlands Local Minerals 19");
INSERT INTO `pool_gameobject` (`guid`, `pool_entry`, `chance`, `description`) VALUES (15336, 3795, 6, "");
INSERT INTO `pool_gameobject` (`guid`, `pool_entry`, `chance`, `description`) VALUES (15526, 3795, 0, "");
INSERT INTO `pool_gameobject` (`guid`, `pool_entry`, `chance`, `description`) VALUES (15236, 3795, 8, "");
INSERT INTO `pool_template` (`entry`, `max_limit`, `description`) VALUES (3852, 1, "The Hinterlands Local Minerals 20");
INSERT INTO `pool_gameobject` (`guid`, `pool_entry`, `chance`, `description`) VALUES (15235, 3852, 6, "");
INSERT INTO `pool_gameobject` (`guid`, `pool_entry`, `chance`, `description`) VALUES (15335, 3852, 3, "");
INSERT INTO `pool_gameobject` (`guid`, `pool_entry`, `chance`, `description`) VALUES (15525, 3852, 0, "");
INSERT INTO `pool_gameobject` (`guid`, `pool_entry`, `chance`, `description`) VALUES (15524, 3852, 0, "");
INSERT INTO `pool_template` (`entry`, `max_limit`, `description`) VALUES (3859, 1, "The Hinterlands Local Minerals 21");
INSERT INTO `pool_gameobject` (`guid`, `pool_entry`, `chance`, `description`) VALUES (15234, 3859, 8, "");
INSERT INTO `pool_gameobject` (`guid`, `pool_entry`, `chance`, `description`) VALUES (15334, 3859, 4, "");
INSERT INTO `pool_gameobject` (`guid`, `pool_entry`, `chance`, `description`) VALUES (15523, 3859, 0, "");
INSERT INTO `pool_template` (`entry`, `max_limit`, `description`) VALUES (3888, 1, "The Hinterlands Local Minerals 22");
INSERT INTO `pool_gameobject` (`guid`, `pool_entry`, `chance`, `description`) VALUES (15233, 3888, 12, "");
INSERT INTO `pool_gameobject` (`guid`, `pool_entry`, `chance`, `description`) VALUES (15522, 3888, 0, "");
INSERT INTO `pool_template` (`entry`, `max_limit`, `description`) VALUES (4003, 1, "The Hinterlands Local Minerals 23");
INSERT INTO `pool_gameobject` (`guid`, `pool_entry`, `chance`, `description`) VALUES (15333, 4003, 2, "");
INSERT INTO `pool_gameobject` (`guid`, `pool_entry`, `chance`, `description`) VALUES (15232, 4003, 5, "");
INSERT INTO `pool_gameobject` (`guid`, `pool_entry`, `chance`, `description`) VALUES (15521, 4003, 0, "");
INSERT INTO `pool_template` (`entry`, `max_limit`, `description`) VALUES (4021, 1, "The Hinterlands Local Minerals 24");
INSERT INTO `pool_gameobject` (`guid`, `pool_entry`, `chance`, `description`) VALUES (15332, 4021, 3, "");
INSERT INTO `pool_gameobject` (`guid`, `pool_entry`, `chance`, `description`) VALUES (15569, 4021, 0, "");
INSERT INTO `pool_gameobject` (`guid`, `pool_entry`, `chance`, `description`) VALUES (15331, 4021, 3, "");
INSERT INTO `pool_gameobject` (`guid`, `pool_entry`, `chance`, `description`) VALUES (15568, 4021, 0, "");
INSERT INTO `pool_template` (`entry`, `max_limit`, `description`) VALUES (4038, 1, "The Hinterlands Local Minerals 25");
INSERT INTO `pool_gameobject` (`guid`, `pool_entry`, `chance`, `description`) VALUES (15520, 4038, 0, "");
INSERT INTO `pool_gameobject` (`guid`, `pool_entry`, `chance`, `description`) VALUES (15231, 4038, 8, "");
INSERT INTO `pool_gameobject` (`guid`, `pool_entry`, `chance`, `description`) VALUES (15519, 4038, 0, "");
INSERT INTO `pool_template` (`entry`, `max_limit`, `description`) VALUES (4048, 1, "The Hinterlands Local Minerals 26");
INSERT INTO `pool_gameobject` (`guid`, `pool_entry`, `chance`, `description`) VALUES (15330, 4048, 3, "");
INSERT INTO `pool_gameobject` (`guid`, `pool_entry`, `chance`, `description`) VALUES (15567, 4048, 0, "");
INSERT INTO `pool_gameobject` (`guid`, `pool_entry`, `chance`, `description`) VALUES (15329, 4048, 3, "");
INSERT INTO `pool_gameobject` (`guid`, `pool_entry`, `chance`, `description`) VALUES (15566, 4048, 0, "");
INSERT INTO `pool_template` (`entry`, `max_limit`, `description`) VALUES (4062, 1, "The Hinterlands Local Minerals 27");
INSERT INTO `pool_gameobject` (`guid`, `pool_entry`, `chance`, `description`) VALUES (15230, 4062, 12, "");
INSERT INTO `pool_gameobject` (`guid`, `pool_entry`, `chance`, `description`) VALUES (15518, 4062, 0, "");
INSERT INTO `pool_template` (`entry`, `max_limit`, `description`) VALUES (4074, 1, "The Hinterlands Local Minerals 28");
INSERT INTO `pool_gameobject` (`guid`, `pool_entry`, `chance`, `description`) VALUES (15229, 4074, 6, "");
INSERT INTO `pool_gameobject` (`guid`, `pool_entry`, `chance`, `description`) VALUES (15328, 4074, 3, "");
INSERT INTO `pool_gameobject` (`guid`, `pool_entry`, `chance`, `description`) VALUES (15517, 4074, 0, "");
INSERT INTO `pool_template` (`entry`, `max_limit`, `description`) VALUES (4081, 1, "The Hinterlands Local Minerals 29");
INSERT INTO `pool_gameobject` (`guid`, `pool_entry`, `chance`, `description`) VALUES (15327, 4081, 5, "");
INSERT INTO `pool_gameobject` (`guid`, `pool_entry`, `chance`, `description`) VALUES (15565, 4081, 0, "");
INSERT INTO `pool_gameobject` (`guid`, `pool_entry`, `chance`, `description`) VALUES (15512, 4081, 0, "");
INSERT INTO `pool_gameobject` (`guid`, `pool_entry`, `chance`, `description`) VALUES (15505, 4081, 0, "");
INSERT INTO `pool_template` (`entry`, `max_limit`, `description`) VALUES (4085, 1, "The Hinterlands Local Minerals 30");
INSERT INTO `pool_gameobject` (`guid`, `pool_entry`, `chance`, `description`) VALUES (15228, 4085, 12, "");
INSERT INTO `pool_gameobject` (`guid`, `pool_entry`, `chance`, `description`) VALUES (15516, 4085, 0, "");
INSERT INTO `pool_gameobject` (`guid`, `pool_entry`, `chance`, `description`) VALUES (15515, 4085, 0, "");
INSERT INTO `pool_template` (`entry`, `max_limit`, `description`) VALUES (4094, 1, "The Hinterlands Local Minerals 31");
INSERT INTO `pool_gameobject` (`guid`, `pool_entry`, `chance`, `description`) VALUES (15227, 4094, 10, "");
INSERT INTO `pool_gameobject` (`guid`, `pool_entry`, `chance`, `description`) VALUES (15326, 4094, 10, "");
INSERT INTO `pool_gameobject` (`guid`, `pool_entry`, `chance`, `description`) VALUES (15514, 4094, 0, "");
INSERT INTO `pool_template` (`entry`, `max_limit`, `description`) VALUES (4120, 1, "The Hinterlands Local Minerals 32");
INSERT INTO `pool_gameobject` (`guid`, `pool_entry`, `chance`, `description`) VALUES (15226, 4120, 7, "");
INSERT INTO `pool_gameobject` (`guid`, `pool_entry`, `chance`, `description`) VALUES (15513, 4120, 0, "");
INSERT INTO `pool_template` (`entry`, `max_limit`, `description`) VALUES (4130, 1, "The Hinterlands Local Minerals 33");
INSERT INTO `pool_gameobject` (`guid`, `pool_entry`, `chance`, `description`) VALUES (15510, 4130, 0, "");
INSERT INTO `pool_gameobject` (`guid`, `pool_entry`, `chance`, `description`) VALUES (15203, 4130, 6, "");
INSERT INTO `pool_gameobject` (`guid`, `pool_entry`, `chance`, `description`) VALUES (15506, 4130, 0, "");
INSERT INTO `pool_gameobject` (`guid`, `pool_entry`, `chance`, `description`) VALUES (15325, 4130, 3, "");
INSERT INTO `pool_template` (`entry`, `max_limit`, `description`) VALUES (4142, 1, "The Hinterlands Local Minerals 34");
INSERT INTO `pool_gameobject` (`guid`, `pool_entry`, `chance`, `description`) VALUES (15204, 4142, 8, "");
INSERT INTO `pool_gameobject` (`guid`, `pool_entry`, `chance`, `description`) VALUES (15511, 4142, 0, "");
INSERT INTO `pool_template` (`entry`, `max_limit`, `description`) VALUES (4157, 1, "The Hinterlands Local Minerals 35");
INSERT INTO `pool_gameobject` (`guid`, `pool_entry`, `chance`, `description`) VALUES (15071, 4157, 10, "");
INSERT INTO `pool_gameobject` (`guid`, `pool_entry`, `chance`, `description`) VALUES (15202, 4157, 5, "");
INSERT INTO `pool_gameobject` (`guid`, `pool_entry`, `chance`, `description`) VALUES (15265, 4157, 0, "");
INSERT INTO `pool_template` (`entry`, `max_limit`, `description`) VALUES (4177, 1, "The Hinterlands Local Minerals 36");
INSERT INTO `pool_gameobject` (`guid`, `pool_entry`, `chance`, `description`) VALUES (15504, 4177, 0, "");
INSERT INTO `pool_gameobject` (`guid`, `pool_entry`, `chance`, `description`) VALUES (15503, 4177, 0, "");
INSERT INTO `pool_template` (`entry`, `max_limit`, `description`) VALUES (4185, 1, "The Hinterlands Local Minerals 37");
INSERT INTO `pool_gameobject` (`guid`, `pool_entry`, `chance`, `description`) VALUES (15201, 4185, 7, "");
INSERT INTO `pool_gameobject` (`guid`, `pool_entry`, `chance`, `description`) VALUES (15324, 4185, 4, "");
INSERT INTO `pool_gameobject` (`guid`, `pool_entry`, `chance`, `description`) VALUES (15496, 4185, 0, "");
INSERT INTO `pool_template` (`entry`, `max_limit`, `description`) VALUES (4195, 1, "The Hinterlands Local Minerals 38");
INSERT INTO `pool_gameobject` (`guid`, `pool_entry`, `chance`, `description`) VALUES (15200, 4195, 8, "");
INSERT INTO `pool_gameobject` (`guid`, `pool_entry`, `chance`, `description`) VALUES (15323, 4195, 4, "");
INSERT INTO `pool_gameobject` (`guid`, `pool_entry`, `chance`, `description`) VALUES (15495, 4195, 0, "");
INSERT INTO `pool_template` (`entry`, `max_limit`, `description`) VALUES (5927, 1, "The Hinterlands Local Minerals 39");
INSERT INTO `pool_gameobject` (`guid`, `pool_entry`, `chance`, `description`) VALUES (15322, 5927, 3, "");
INSERT INTO `pool_gameobject` (`guid`, `pool_entry`, `chance`, `description`) VALUES (15199, 5927, 6, "");
INSERT INTO `pool_gameobject` (`guid`, `pool_entry`, `chance`, `description`) VALUES (15494, 5927, 0, "");
INSERT INTO `pool_template` (`entry`, `max_limit`, `description`) VALUES (3853, 1, "The Hinterlands Local Minerals 40");
INSERT INTO `pool_gameobject` (`guid`, `pool_entry`, `chance`, `description`) VALUES (15321, 3853, 3, "");
INSERT INTO `pool_gameobject` (`guid`, `pool_entry`, `chance`, `description`) VALUES (15493, 3853, 0, "");
INSERT INTO `pool_gameobject` (`guid`, `pool_entry`, `chance`, `description`) VALUES (15198, 3853, 6, "");
INSERT INTO `pool_template` (`entry`, `max_limit`, `description`) VALUES (5935, 1, "The Hinterlands Local Minerals 41");
INSERT INTO `pool_gameobject` (`guid`, `pool_entry`, `chance`, `description`) VALUES (15492, 5935, 0, "");
INSERT INTO `pool_gameobject` (`guid`, `pool_entry`, `chance`, `description`) VALUES (15491, 5935, 0, "");
INSERT INTO `pool_gameobject` (`guid`, `pool_entry`, `chance`, `description`) VALUES (15195, 5935, 12, "");
INSERT INTO `pool_gameobject` (`guid`, `pool_entry`, `chance`, `description`) VALUES (15487, 5935, 0, "");
INSERT INTO `pool_template` (`entry`, `max_limit`, `description`) VALUES (3860, 1, "The Hinterlands Local Minerals 42");
INSERT INTO `pool_gameobject` (`guid`, `pool_entry`, `chance`, `description`) VALUES (15197, 3860, 6, "");
INSERT INTO `pool_gameobject` (`guid`, `pool_entry`, `chance`, `description`) VALUES (15320, 3860, 3, "");
INSERT INTO `pool_gameobject` (`guid`, `pool_entry`, `chance`, `description`) VALUES (15490, 3860, 0, "");
INSERT INTO `pool_template` (`entry`, `max_limit`, `description`) VALUES (4267, 1, "The Hinterlands Jintha Alor Cave Local Minerals 1");
INSERT INTO `pool_gameobject` (`guid`, `pool_entry`, `chance`, `description`) VALUES (15319, 4267, 10, "");
INSERT INTO `pool_gameobject` (`guid`, `pool_entry`, `chance`, `description`) VALUES (15564, 4267, 0, "");
INSERT INTO `pool_template` (`entry`, `max_limit`, `description`) VALUES (5979, 1, "The Hinterlands Jintha Alor Cave Local Minerals 2");
INSERT INTO `pool_gameobject` (`guid`, `pool_entry`, `chance`, `description`) VALUES (15315, 5979, 12, "");
INSERT INTO `pool_gameobject` (`guid`, `pool_entry`, `chance`, `description`) VALUES (15563, 5979, 0, "");
INSERT INTO `pool_template` (`entry`, `max_limit`, `description`) VALUES (5982, 1, "The Hinterlands Jintha Alor Cave Local Minerals 3");
INSERT INTO `pool_gameobject` (`guid`, `pool_entry`, `chance`, `description`) VALUES (15307, 5982, 6, "");
INSERT INTO `pool_gameobject` (`guid`, `pool_entry`, `chance`, `description`) VALUES (15306, 5982, 6, "");
INSERT INTO `pool_gameobject` (`guid`, `pool_entry`, `chance`, `description`) VALUES (15560, 5982, 0, "");
INSERT INTO `pool_template` (`entry`, `max_limit`, `description`) VALUES (3889, 1, "The Hinterlands Jintha Alor Cave Local Minerals 4");
INSERT INTO `pool_gameobject` (`guid`, `pool_entry`, `chance`, `description`) VALUES (15301, 3889, 8, "");
INSERT INTO `pool_gameobject` (`guid`, `pool_entry`, `chance`, `description`) VALUES (15557, 3889, 0, "");
INSERT INTO `pool_gameobject` (`guid`, `pool_entry`, `chance`, `description`) VALUES (15556, 3889, 0, "");
INSERT INTO `pool_gameobject` (`guid`, `pool_entry`, `chance`, `description`) VALUES (15300, 3889, 7, "");
INSERT INTO `pool_gameobject` (`guid`, `pool_entry`, `chance`, `description`) VALUES (15555, 3889, 0, "");
INSERT INTO `pool_template` (`entry`, `max_limit`, `description`) VALUES (5993, 1, "The Hinterlands Local Minerals 43");
INSERT INTO `pool_gameobject` (`guid`, `pool_entry`, `chance`, `description`) VALUES (15318, 5993, 1, "");
INSERT INTO `pool_gameobject` (`guid`, `pool_entry`, `chance`, `description`) VALUES (15489, 5993, 0, "");
INSERT INTO `pool_gameobject` (`guid`, `pool_entry`, `chance`, `description`) VALUES (15196, 5993, 4, "");
INSERT INTO `pool_gameobject` (`guid`, `pool_entry`, `chance`, `description`) VALUES (15317, 5993, 1, "");
INSERT INTO `pool_gameobject` (`guid`, `pool_entry`, `chance`, `description`) VALUES (15488, 5993, 0, "");
INSERT INTO `pool_template` (`entry`, `max_limit`, `description`) VALUES (4333, 1, "The Hinterlands Skull Rock Cave Local Minerals 1");
INSERT INTO `pool_gameobject` (`guid`, `pool_entry`, `chance`, `description`) VALUES (15316, 4333, 6, "");
INSERT INTO `pool_gameobject` (`guid`, `pool_entry`, `chance`, `description`) VALUES (15194, 4333, 9, "");
INSERT INTO `pool_gameobject` (`guid`, `pool_entry`, `chance`, `description`) VALUES (15486, 4333, 0, "");
INSERT INTO `pool_template` (`entry`, `max_limit`, `description`) VALUES (5995, 1, "The Hinterlands Skull Rock Cave Local Minerals 2");
INSERT INTO `pool_gameobject` (`guid`, `pool_entry`, `chance`, `description`) VALUES (15192, 5995, 8, "");
INSERT INTO `pool_gameobject` (`guid`, `pool_entry`, `chance`, `description`) VALUES (15484, 5995, 0, "");
INSERT INTO `pool_template` (`entry`, `max_limit`, `description`) VALUES (3896, 1, "The Hinterlands Skull Rock Cave Local Minerals 3");
INSERT INTO `pool_gameobject` (`guid`, `pool_entry`, `chance`, `description`) VALUES (15188, 3896, 13, "");
INSERT INTO `pool_gameobject` (`guid`, `pool_entry`, `chance`, `description`) VALUES (15309, 3896, 7, "");
INSERT INTO `pool_gameobject` (`guid`, `pool_entry`, `chance`, `description`) VALUES (15470, 3896, 0, "");
INSERT INTO `pool_template` (`entry`, `max_limit`, `description`) VALUES (5997, 1, "The Hinterlands Skull Rock Cave Local Minerals 4");
INSERT INTO `pool_gameobject` (`guid`, `pool_entry`, `chance`, `description`) VALUES (15310, 5997, 6, "");
INSERT INTO `pool_gameobject` (`guid`, `pool_entry`, `chance`, `description`) VALUES (15189, 5997, 9, "");
INSERT INTO `pool_gameobject` (`guid`, `pool_entry`, `chance`, `description`) VALUES (15471, 5997, 0, "");
INSERT INTO `pool_template` (`entry`, `max_limit`, `description`) VALUES (4362, 1, "The Hinterlands Skull Rock Cave Local Minerals 5");
INSERT INTO `pool_gameobject` (`guid`, `pool_entry`, `chance`, `description`) VALUES (15190, 4362, 10, "");
INSERT INTO `pool_gameobject` (`guid`, `pool_entry`, `chance`, `description`) VALUES (15312, 4362, 10, "");
INSERT INTO `pool_gameobject` (`guid`, `pool_entry`, `chance`, `description`) VALUES (15472, 4362, 0, "");
INSERT INTO `pool_template` (`entry`, `max_limit`, `description`) VALUES (4368, 1, "The Hinterlands Local Minerals 44");
INSERT INTO `pool_gameobject` (`guid`, `pool_entry`, `chance`, `description`) VALUES (15193, 4368, 7, "");
INSERT INTO `pool_gameobject` (`guid`, `pool_entry`, `chance`, `description`) VALUES (15485, 4368, 0, "");
INSERT INTO `pool_gameobject` (`guid`, `pool_entry`, `chance`, `description`) VALUES (15314, 4368, 4, "");
INSERT INTO `pool_template` (`entry`, `max_limit`, `description`) VALUES (4371, 1, "The Hinterlands Local Minerals 45");
INSERT INTO `pool_gameobject` (`guid`, `pool_entry`, `chance`, `description`) VALUES (15191, 4371, 8, "");
INSERT INTO `pool_gameobject` (`guid`, `pool_entry`, `chance`, `description`) VALUES (15313, 4371, 5, "");
INSERT INTO `pool_gameobject` (`guid`, `pool_entry`, `chance`, `description`) VALUES (15479, 4371, 0, "");
INSERT INTO `pool_gameobject` (`guid`, `pool_entry`, `chance`, `description`) VALUES (15473, 4371, 0, "");
INSERT INTO `pool_template` (`entry`, `max_limit`, `description`) VALUES (4377, 1, "The Hinterlands Local Minerals 46");
INSERT INTO `pool_gameobject` (`guid`, `pool_entry`, `chance`, `description`) VALUES (15311, 4377, 4, "");
INSERT INTO `pool_gameobject` (`guid`, `pool_entry`, `chance`, `description`) VALUES (15562, 4377, 0, "");
INSERT INTO `pool_gameobject` (`guid`, `pool_entry`, `chance`, `description`) VALUES (15308, 4377, 4, "");
INSERT INTO `pool_gameobject` (`guid`, `pool_entry`, `chance`, `description`) VALUES (15561, 4377, 0, "");
INSERT INTO `pool_template` (`entry`, `max_limit`, `description`) VALUES (4382, 1, "The Hinterlands Local Minerals 47");
INSERT INTO `pool_gameobject` (`guid`, `pool_entry`, `chance`, `description`) VALUES (15187, 4382, 5, "");
INSERT INTO `pool_gameobject` (`guid`, `pool_entry`, `chance`, `description`) VALUES (15305, 4382, 2, "");
INSERT INTO `pool_gameobject` (`guid`, `pool_entry`, `chance`, `description`) VALUES (15468, 4382, 0, "");
INSERT INTO `pool_template` (`entry`, `max_limit`, `description`) VALUES (4391, 1, "The Hinterlands Local Minerals 48");
INSERT INTO `pool_gameobject` (`guid`, `pool_entry`, `chance`, `description`) VALUES (15186, 4391, 5, "");
INSERT INTO `pool_gameobject` (`guid`, `pool_entry`, `chance`, `description`) VALUES (15304, 4391, 2, "");
INSERT INTO `pool_gameobject` (`guid`, `pool_entry`, `chance`, `description`) VALUES (15459, 4391, 0, "");
INSERT INTO `pool_template` (`entry`, `max_limit`, `description`) VALUES (4397, 1, "The Hinterlands Local Minerals 49");
INSERT INTO `pool_gameobject` (`guid`, `pool_entry`, `chance`, `description`) VALUES (15303, 4397, 4, "");
INSERT INTO `pool_gameobject` (`guid`, `pool_entry`, `chance`, `description`) VALUES (15559, 4397, 0, "");
INSERT INTO `pool_gameobject` (`guid`, `pool_entry`, `chance`, `description`) VALUES (15302, 4397, 4, "");
INSERT INTO `pool_gameobject` (`guid`, `pool_entry`, `chance`, `description`) VALUES (15558, 4397, 0, "");
INSERT INTO `pool_template` (`entry`, `max_limit`, `description`) VALUES (4407, 1, "The Hinterlands Local Minerals 50");
INSERT INTO `pool_gameobject` (`guid`, `pool_entry`, `chance`, `description`) VALUES (15299, 4407, 8, "");
INSERT INTO `pool_gameobject` (`guid`, `pool_entry`, `chance`, `description`) VALUES (15554, 4407, 0, "");
INSERT INTO `pool_template` (`entry`, `max_limit`, `description`) VALUES (4411, 1, "The Hinterlands Local Minerals 51");
INSERT INTO `pool_gameobject` (`guid`, `pool_entry`, `chance`, `description`) VALUES (15454, 4411, 0, "");
INSERT INTO `pool_gameobject` (`guid`, `pool_entry`, `chance`, `description`) VALUES (15185, 4411, 6, "");
INSERT INTO `pool_gameobject` (`guid`, `pool_entry`, `chance`, `description`) VALUES (15298, 4411, 3, "");
INSERT INTO `pool_gameobject` (`guid`, `pool_entry`, `chance`, `description`) VALUES (15453, 4411, 0, "");
INSERT INTO `pool_template` (`entry`, `max_limit`, `description`) VALUES (4417, 1, "The Hinterlands Local Minerals 52");
INSERT INTO `pool_gameobject` (`guid`, `pool_entry`, `chance`, `description`) VALUES (15297, 4417, 12, "");
INSERT INTO `pool_gameobject` (`guid`, `pool_entry`, `chance`, `description`) VALUES (15553, 4417, 0, "");
INSERT INTO `pool_template` (`entry`, `max_limit`, `description`) VALUES (4424, 1, "The Hinterlands Local Minerals 53");
INSERT INTO `pool_gameobject` (`guid`, `pool_entry`, `chance`, `description`) VALUES (15070, 4424, 9, "");
INSERT INTO `pool_gameobject` (`guid`, `pool_entry`, `chance`, `description`) VALUES (15184, 4424, 3, "");
INSERT INTO `pool_gameobject` (`guid`, `pool_entry`, `chance`, `description`) VALUES (15264, 4424, 0, "");
INSERT INTO `pool_gameobject` (`guid`, `pool_entry`, `chance`, `description`) VALUES (15183, 4424, 3, "");
INSERT INTO `pool_gameobject` (`guid`, `pool_entry`, `chance`, `description`) VALUES (15263, 4424, 0, "");
INSERT INTO `pool_template` (`entry`, `max_limit`, `description`) VALUES (4433, 1, "The Hinterlands Local Minerals 54");
INSERT INTO `pool_gameobject` (`guid`, `pool_entry`, `chance`, `description`) VALUES (15182, 4433, 8, "");
INSERT INTO `pool_gameobject` (`guid`, `pool_entry`, `chance`, `description`) VALUES (15296, 4433, 5, "");
INSERT INTO `pool_gameobject` (`guid`, `pool_entry`, `chance`, `description`) VALUES (15420, 4433, 0, "");
INSERT INTO `pool_template` (`entry`, `max_limit`, `description`) VALUES (4437, 1, "The Hinterlands Local Minerals 55");
INSERT INTO `pool_gameobject` (`guid`, `pool_entry`, `chance`, `description`) VALUES (15181, 4437, 3, "");
INSERT INTO `pool_gameobject` (`guid`, `pool_entry`, `chance`, `description`) VALUES (15419, 4437, 0, "");
INSERT INTO `pool_gameobject` (`guid`, `pool_entry`, `chance`, `description`) VALUES (15179, 4437, 3, "");
INSERT INTO `pool_gameobject` (`guid`, `pool_entry`, `chance`, `description`) VALUES (15294, 4437, 3, "");
INSERT INTO `pool_gameobject` (`guid`, `pool_entry`, `chance`, `description`) VALUES (15417, 4437, 0, "");
INSERT INTO `pool_template` (`entry`, `max_limit`, `description`) VALUES (4446, 1, "The Hinterlands Local Minerals 56");
INSERT INTO `pool_gameobject` (`guid`, `pool_entry`, `chance`, `description`) VALUES (15180, 4446, 10, "");
INSERT INTO `pool_gameobject` (`guid`, `pool_entry`, `chance`, `description`) VALUES (15295, 4446, 6, "");
INSERT INTO `pool_gameobject` (`guid`, `pool_entry`, `chance`, `description`) VALUES (15418, 4446, 0, "");
INSERT INTO `pool_template` (`entry`, `max_limit`, `description`) VALUES (4459, 1, "The Hinterlands Local Minerals 57");
INSERT INTO `pool_gameobject` (`guid`, `pool_entry`, `chance`, `description`) VALUES (15416, 4459, 0, "");
INSERT INTO `pool_gameobject` (`guid`, `pool_entry`, `chance`, `description`) VALUES (15178, 4459, 5, "");
INSERT INTO `pool_template` (`entry`, `max_limit`, `description`) VALUES (4462, 1, "The Hinterlands Local Minerals 58");
INSERT INTO `pool_gameobject` (`guid`, `pool_entry`, `chance`, `description`) VALUES (15415, 4462, 0, "");
INSERT INTO `pool_gameobject` (`guid`, `pool_entry`, `chance`, `description`) VALUES (15174, 4462, 7, "");
INSERT INTO `pool_gameobject` (`guid`, `pool_entry`, `chance`, `description`) VALUES (15293, 4462, 4, "");
INSERT INTO `pool_gameobject` (`guid`, `pool_entry`, `chance`, `description`) VALUES (15401, 4462, 0, "");
INSERT INTO `pool_template` (`entry`, `max_limit`, `description`) VALUES (4480, 1, "The Hinterlands Local Minerals 59");
INSERT INTO `pool_gameobject` (`guid`, `pool_entry`, `chance`, `description`) VALUES (15387, 4480, 0, "");
INSERT INTO `pool_gameobject` (`guid`, `pool_entry`, `chance`, `description`) VALUES (15292, 4480, 2, "");
INSERT INTO `pool_gameobject` (`guid`, `pool_entry`, `chance`, `description`) VALUES (15173, 4480, 5, "");
INSERT INTO `pool_template` (`entry`, `max_limit`, `description`) VALUES (4486, 1, "The Hinterlands Local Minerals 60");
INSERT INTO `pool_gameobject` (`guid`, `pool_entry`, `chance`, `description`) VALUES (15386, 4486, 0, "");
INSERT INTO `pool_gameobject` (`guid`, `pool_entry`, `chance`, `description`) VALUES (15172, 4486, 8, "");
INSERT INTO `pool_gameobject` (`guid`, `pool_entry`, `chance`, `description`) VALUES (15291, 4486, 4, "");
INSERT INTO `pool_gameobject` (`guid`, `pool_entry`, `chance`, `description`) VALUES (15385, 4486, 0, "");
INSERT INTO `pool_template` (`entry`, `max_limit`, `description`) VALUES (4491, 1, "The Hinterlands Local Minerals 61");
INSERT INTO `pool_gameobject` (`guid`, `pool_entry`, `chance`, `description`) VALUES (15171, 4491, 12, "");
INSERT INTO `pool_gameobject` (`guid`, `pool_entry`, `chance`, `description`) VALUES (15290, 4491, 8, "");
INSERT INTO `pool_gameobject` (`guid`, `pool_entry`, `chance`, `description`) VALUES (15384, 4491, 0, "");
INSERT INTO `pool_gameobject` (`guid`, `pool_entry`, `chance`, `description`) VALUES (15383, 4491, 0, "");
INSERT INTO `pool_template` (`entry`, `max_limit`, `description`) VALUES (4503, 1, "The Hinterlands Local Minerals 62");
INSERT INTO `pool_gameobject` (`guid`, `pool_entry`, `chance`, `description`) VALUES (15170, 4503, 8, "");
INSERT INTO `pool_gameobject` (`guid`, `pool_entry`, `chance`, `description`) VALUES (15289, 4503, 4, "");
INSERT INTO `pool_gameobject` (`guid`, `pool_entry`, `chance`, `description`) VALUES (15382, 4503, 0, "");
INSERT INTO `pool_template` (`entry`, `max_limit`, `description`) VALUES (4506, 1, "The Hinterlands Local Minerals 63");
INSERT INTO `pool_gameobject` (`guid`, `pool_entry`, `chance`, `description`) VALUES (15169, 4506, 7, "");
INSERT INTO `pool_gameobject` (`guid`, `pool_entry`, `chance`, `description`) VALUES (15381, 4506, 0, "");
INSERT INTO `pool_template` (`entry`, `max_limit`, `description`) VALUES (4511, 1, "The Hinterlands Local Minerals 64");
INSERT INTO `pool_gameobject` (`guid`, `pool_entry`, `chance`, `description`) VALUES (15168, 4511, 2, "");
INSERT INTO `pool_gameobject` (`guid`, `pool_entry`, `chance`, `description`) VALUES (15288, 4511, 3, "");
INSERT INTO `pool_gameobject` (`guid`, `pool_entry`, `chance`, `description`) VALUES (15380, 4511, 0, "");
INSERT INTO `pool_gameobject` (`guid`, `pool_entry`, `chance`, `description`) VALUES (15167, 4511, 3, "");
INSERT INTO `pool_gameobject` (`guid`, `pool_entry`, `chance`, `description`) VALUES (15287, 4511, 2, "");
INSERT INTO `pool_gameobject` (`guid`, `pool_entry`, `chance`, `description`) VALUES (15379, 4511, 0, "");
INSERT INTO `pool_template` (`entry`, `max_limit`, `description`) VALUES (4514, 1, "The Hinterlands Local Minerals 65");
INSERT INTO `pool_gameobject` (`guid`, `pool_entry`, `chance`, `description`) VALUES (15166, 4514, 5, "");
INSERT INTO `pool_gameobject` (`guid`, `pool_entry`, `chance`, `description`) VALUES (15262, 4514, 0, "");
INSERT INTO `pool_gameobject` (`guid`, `pool_entry`, `chance`, `description`) VALUES (15261, 4514, 0, "");
INSERT INTO `pool_template` (`entry`, `max_limit`, `description`) VALUES (4521, 1, "The Hinterlands Local Minerals 66");
INSERT INTO `pool_gameobject` (`guid`, `pool_entry`, `chance`, `description`) VALUES (15069, 4521, 10, "");
INSERT INTO `pool_gameobject` (`guid`, `pool_entry`, `chance`, `description`) VALUES (15165, 4521, 4, "");
INSERT INTO `pool_gameobject` (`guid`, `pool_entry`, `chance`, `description`) VALUES (15260, 4521, 0, "");
INSERT INTO `pool_gameobject` (`guid`, `pool_entry`, `chance`, `description`) VALUES (15259, 4521, 0, "");
INSERT INTO `pool_template` (`entry`, `max_limit`, `description`) VALUES (4533, 1, "The Hinterlands Local Minerals 67");
INSERT INTO `pool_gameobject` (`guid`, `pool_entry`, `chance`, `description`) VALUES (15164, 4533, 6, "");
INSERT INTO `pool_gameobject` (`guid`, `pool_entry`, `chance`, `description`) VALUES (15286, 4533, 3, "");
INSERT INTO `pool_gameobject` (`guid`, `pool_entry`, `chance`, `description`) VALUES (15378, 4533, 0, "");
INSERT INTO `pool_gameobject` (`guid`, `pool_entry`, `chance`, `description`) VALUES (15377, 4533, 0, "");
INSERT INTO `pool_template` (`entry`, `max_limit`, `description`) VALUES (4540, 1, "The Hinterlands Local Minerals 68");
INSERT INTO `pool_gameobject` (`guid`, `pool_entry`, `chance`, `description`) VALUES (15285, 4540, 6, "");
INSERT INTO `pool_gameobject` (`guid`, `pool_entry`, `chance`, `description`) VALUES (15376, 4540, 0, "");
INSERT INTO `pool_gameobject` (`guid`, `pool_entry`, `chance`, `description`) VALUES (15163, 4540, 9, "");
INSERT INTO `pool_template` (`entry`, `max_limit`, `description`) VALUES (4543, 1, "The Hinterlands Local Minerals 69");
INSERT INTO `pool_gameobject` (`guid`, `pool_entry`, `chance`, `description`) VALUES (15162, 4543, 5, "");
INSERT INTO `pool_gameobject` (`guid`, `pool_entry`, `chance`, `description`) VALUES (15284, 4543, 2, "");
INSERT INTO `pool_gameobject` (`guid`, `pool_entry`, `chance`, `description`) VALUES (15375, 4543, 0, "");
INSERT INTO `pool_template` (`entry`, `max_limit`, `description`) VALUES (4548, 1, "The Hinterlands Local Minerals 70");
INSERT INTO `pool_gameobject` (`guid`, `pool_entry`, `chance`, `description`) VALUES (15283, 4548, 2, "");
INSERT INTO `pool_gameobject` (`guid`, `pool_entry`, `chance`, `description`) VALUES (15161, 4548, 5, "");
INSERT INTO `pool_gameobject` (`guid`, `pool_entry`, `chance`, `description`) VALUES (15374, 4548, 0, "");
INSERT INTO `pool_template` (`entry`, `max_limit`, `description`) VALUES (4558, 1, "The Hinterlands Local Minerals 71");
INSERT INTO `pool_gameobject` (`guid`, `pool_entry`, `chance`, `description`) VALUES (15160, 4558, 4, "");
INSERT INTO `pool_gameobject` (`guid`, `pool_entry`, `chance`, `description`) VALUES (15258, 4558, 0, "");
INSERT INTO `pool_template` (`entry`, `max_limit`, `description`) VALUES (4575, 1, "The Hinterlands Local Minerals 72");
INSERT INTO `pool_gameobject` (`guid`, `pool_entry`, `chance`, `description`) VALUES (15373, 4575, 0, "");
INSERT INTO `pool_gameobject` (`guid`, `pool_entry`, `chance`, `description`) VALUES (15159, 4575, 3, "");
INSERT INTO `pool_gameobject` (`guid`, `pool_entry`, `chance`, `description`) VALUES (15282, 4575, 2, "");
INSERT INTO `pool_gameobject` (`guid`, `pool_entry`, `chance`, `description`) VALUES (15372, 4575, 0, "");
INSERT INTO `pool_gameobject` (`guid`, `pool_entry`, `chance`, `description`) VALUES (15158, 4575, 3, "");
INSERT INTO `pool_gameobject` (`guid`, `pool_entry`, `chance`, `description`) VALUES (15281, 4575, 2, "");
INSERT INTO `pool_gameobject` (`guid`, `pool_entry`, `chance`, `description`) VALUES (15371, 4575, 0, "");
INSERT INTO `pool_template` (`entry`, `max_limit`, `description`) VALUES (4584, 1, "The Hinterlands Local Minerals 73");
INSERT INTO `pool_gameobject` (`guid`, `pool_entry`, `chance`, `description`) VALUES (15257, 4584, 0, "");
INSERT INTO `pool_gameobject` (`guid`, `pool_entry`, `chance`, `description`) VALUES (15063, 4584, 10, "");
INSERT INTO `pool_gameobject` (`guid`, `pool_entry`, `chance`, `description`) VALUES (15151, 4584, 3, "");
INSERT INTO `pool_template` (`entry`, `max_limit`, `description`) VALUES (4591, 1, "The Hinterlands Local Minerals 74");
INSERT INTO `pool_gameobject` (`guid`, `pool_entry`, `chance`, `description`) VALUES (15370, 4591, 0, "");
INSERT INTO `pool_gameobject` (`guid`, `pool_entry`, `chance`, `description`) VALUES (15140, 4591, 5, "");
INSERT INTO `pool_gameobject` (`guid`, `pool_entry`, `chance`, `description`) VALUES (15280, 4591, 3, "");
INSERT INTO `pool_template` (`entry`, `max_limit`, `description`) VALUES (4602, 1, "The Hinterlands Local Minerals 75");
INSERT INTO `pool_gameobject` (`guid`, `pool_entry`, `chance`, `description`) VALUES (15137, 4602, 2, "");
INSERT INTO `pool_gameobject` (`guid`, `pool_entry`, `chance`, `description`) VALUES (15279, 4602, 1, "");
INSERT INTO `pool_gameobject` (`guid`, `pool_entry`, `chance`, `description`) VALUES (15369, 4602, 0, "");
INSERT INTO `pool_gameobject` (`guid`, `pool_entry`, `chance`, `description`) VALUES (15133, 4602, 2, "");
INSERT INTO `pool_gameobject` (`guid`, `pool_entry`, `chance`, `description`) VALUES (15276, 4602, 1, "");
INSERT INTO `pool_gameobject` (`guid`, `pool_entry`, `chance`, `description`) VALUES (15367, 4602, 0, "");
INSERT INTO `pool_gameobject` (`guid`, `pool_entry`, `chance`, `description`) VALUES (15364, 4602, 0, "");
INSERT INTO `pool_template` (`entry`, `max_limit`, `description`) VALUES (4608, 1, "The Hinterlands Local Minerals 76");
INSERT INTO `pool_gameobject` (`guid`, `pool_entry`, `chance`, `description`) VALUES (15278, 4608, 3, "");
INSERT INTO `pool_gameobject` (`guid`, `pool_entry`, `chance`, `description`) VALUES (15368, 4608, 0, "");
INSERT INTO `pool_gameobject` (`guid`, `pool_entry`, `chance`, `description`) VALUES (15136, 4608, 2, "");
INSERT INTO `pool_gameobject` (`guid`, `pool_entry`, `chance`, `description`) VALUES (15116, 4608, 3, "");
INSERT INTO `pool_gameobject` (`guid`, `pool_entry`, `chance`, `description`) VALUES (15365, 4608, 0, "");
INSERT INTO `pool_template` (`entry`, `max_limit`, `description`) VALUES (4615, 1, "The Hinterlands Local Minerals 77");
INSERT INTO `pool_gameobject` (`guid`, `pool_entry`, `chance`, `description`) VALUES (15277, 4615, 3, "");
INSERT INTO `pool_gameobject` (`guid`, `pool_entry`, `chance`, `description`) VALUES (15132, 4615, 5, "");
INSERT INTO `pool_gameobject` (`guid`, `pool_entry`, `chance`, `description`) VALUES (15366, 4615, 0, "");
INSERT INTO `pool_gameobject` (`guid`, `pool_entry`, `chance`, `description`) VALUES (15363, 4615, 0, "");
INSERT INTO `pool_template` (`entry`, `max_limit`, `description`) VALUES (4619, 1, "The Hinterlands Local Minerals 78");
INSERT INTO `pool_gameobject` (`guid`, `pool_entry`, `chance`, `description`) VALUES (15115, 4619, 4, "");
INSERT INTO `pool_gameobject` (`guid`, `pool_entry`, `chance`, `description`) VALUES (15362, 4619, 0, "");
INSERT INTO `pool_gameobject` (`guid`, `pool_entry`, `chance`, `description`) VALUES (15359, 4619, 0, "");
INSERT INTO `pool_template` (`entry`, `max_limit`, `description`) VALUES (4626, 1, "The Hinterlands Local Minerals 79");
INSERT INTO `pool_gameobject` (`guid`, `pool_entry`, `chance`, `description`) VALUES (15111, 4626, 2, "");
INSERT INTO `pool_gameobject` (`guid`, `pool_entry`, `chance`, `description`) VALUES (15275, 4626, 1, "");
INSERT INTO `pool_gameobject` (`guid`, `pool_entry`, `chance`, `description`) VALUES (15361, 4626, 0, "");
INSERT INTO `pool_gameobject` (`guid`, `pool_entry`, `chance`, `description`) VALUES (15108, 4626, 2, "");
INSERT INTO `pool_gameobject` (`guid`, `pool_entry`, `chance`, `description`) VALUES (15274, 4626, 1, "");
INSERT INTO `pool_gameobject` (`guid`, `pool_entry`, `chance`, `description`) VALUES (15360, 4626, 0, "");
INSERT INTO `pool_gameobject` (`guid`, `pool_entry`, `chance`, `description`) VALUES (15273, 4626, 1, "");
INSERT INTO `pool_gameobject` (`guid`, `pool_entry`, `chance`, `description`) VALUES (15358, 4626, 0, "");
INSERT INTO `pool_gameobject` (`guid`, `pool_entry`, `chance`, `description`) VALUES (15104, 4626, 2, "");
INSERT INTO `pool_template` (`entry`, `max_limit`, `description`) VALUES (4629, 1, "The Hinterlands Local Minerals 80");
INSERT INTO `pool_gameobject` (`guid`, `pool_entry`, `chance`, `description`) VALUES (15103, 4629, 5, "");
INSERT INTO `pool_gameobject` (`guid`, `pool_entry`, `chance`, `description`) VALUES (15272, 4629, 2, "");
INSERT INTO `pool_gameobject` (`guid`, `pool_entry`, `chance`, `description`) VALUES (15357, 4629, 0, "");
INSERT INTO `pool_template` (`entry`, `max_limit`, `description`) VALUES (4647, 1, "The Hinterlands Local Minerals 81");
INSERT INTO `pool_gameobject` (`guid`, `pool_entry`, `chance`, `description`) VALUES (15356, 4647, 0, "");
INSERT INTO `pool_gameobject` (`guid`, `pool_entry`, `chance`, `description`) VALUES (15102, 4647, 2, "");
INSERT INTO `pool_gameobject` (`guid`, `pool_entry`, `chance`, `description`) VALUES (15355, 4647, 0, "");
INSERT INTO `pool_gameobject` (`guid`, `pool_entry`, `chance`, `description`) VALUES (15096, 4647, 2, "");
INSERT INTO `pool_gameobject` (`guid`, `pool_entry`, `chance`, `description`) VALUES (15270, 4647, 2, "");
INSERT INTO `pool_gameobject` (`guid`, `pool_entry`, `chance`, `description`) VALUES (15353, 4647, 0, "");
INSERT INTO `pool_template` (`entry`, `max_limit`, `description`) VALUES (4651, 1, "The Hinterlands Local Minerals 82");
INSERT INTO `pool_gameobject` (`guid`, `pool_entry`, `chance`, `description`) VALUES (15354, 4651, 0, "");
INSERT INTO `pool_gameobject` (`guid`, `pool_entry`, `chance`, `description`) VALUES (15097, 4651, 4, "");
INSERT INTO `pool_gameobject` (`guid`, `pool_entry`, `chance`, `description`) VALUES (15271, 4651, 2, "");
INSERT INTO `pool_template` (`entry`, `max_limit`, `description`) VALUES (4653, 1, "The Hinterlands Local Minerals 83");
INSERT INTO `pool_gameobject` (`guid`, `pool_entry`, `chance`, `description`) VALUES (15062, 4653, 8, "");
INSERT INTO `pool_gameobject` (`guid`, `pool_entry`, `chance`, `description`) VALUES (15093, 4653, 3, "");
INSERT INTO `pool_gameobject` (`guid`, `pool_entry`, `chance`, `description`) VALUES (15256, 4653, 0, "");
INSERT INTO `pool_template` (`entry`, `max_limit`, `description`) VALUES (4655, 1, "The Hinterlands Local Minerals 84");
INSERT INTO `pool_gameobject` (`guid`, `pool_entry`, `chance`, `description`) VALUES (15092, 4655, 5, "");
INSERT INTO `pool_gameobject` (`guid`, `pool_entry`, `chance`, `description`) VALUES (15269, 4655, 2, "");
INSERT INTO `pool_gameobject` (`guid`, `pool_entry`, `chance`, `description`) VALUES (15352, 4655, 0, "");
INSERT INTO `pool_template` (`entry`, `max_limit`, `description`) VALUES (4661, 1, "The Hinterlands Local Minerals 85");
INSERT INTO `pool_gameobject` (`guid`, `pool_entry`, `chance`, `description`) VALUES (15086, 4661, 6, "");
INSERT INTO `pool_gameobject` (`guid`, `pool_entry`, `chance`, `description`) VALUES (15351, 4661, 0, "");
INSERT INTO `pool_gameobject` (`guid`, `pool_entry`, `chance`, `description`) VALUES (15268, 4661, 3, "");
INSERT INTO `pool_template` (`entry`, `max_limit`, `description`) VALUES (4664, 1, "The Hinterlands Local Minerals 86");
INSERT INTO `pool_gameobject` (`guid`, `pool_entry`, `chance`, `description`) VALUES (15083, 4664, 4, "");
INSERT INTO `pool_gameobject` (`guid`, `pool_entry`, `chance`, `description`) VALUES (15267, 4664, 2, "");
INSERT INTO `pool_gameobject` (`guid`, `pool_entry`, `chance`, `description`) VALUES (15350, 4664, 0, "");
INSERT INTO `pool_template` (`entry`, `max_limit`, `description`) VALUES (4666, 1, "The Hinterlands Local Minerals 87");
INSERT INTO `pool_gameobject` (`guid`, `pool_entry`, `chance`, `description`) VALUES (15048, 4666, 12, "");
INSERT INTO `pool_gameobject` (`guid`, `pool_entry`, `chance`, `description`) VALUES (15255, 4666, 0, "");
INSERT INTO `pool_gameobject` (`guid`, `pool_entry`, `chance`, `description`) VALUES (15077, 4666, 4, "");
INSERT INTO `pool_template` (`entry`, `max_limit`, `description`) VALUES (4670, 1, "The Hinterlands Local Minerals 88");
INSERT INTO `pool_gameobject` (`guid`, `pool_entry`, `chance`, `description`) VALUES (15045, 4670, 7, "");
INSERT INTO `pool_gameobject` (`guid`, `pool_entry`, `chance`, `description`) VALUES (15254, 4670, 0, "");
INSERT INTO `pool_gameobject` (`guid`, `pool_entry`, `chance`, `description`) VALUES (15076, 4670, 3, "");
INSERT INTO `pool_template` (`entry`, `max_limit`, `description`) VALUES (4672, 1, "The Hinterlands Local Minerals 89");
INSERT INTO `pool_gameobject` (`guid`, `pool_entry`, `chance`, `description`) VALUES (15075, 4672, 4, "");
INSERT INTO `pool_gameobject` (`guid`, `pool_entry`, `chance`, `description`) VALUES (15266, 4672, 2, "");
INSERT INTO `pool_gameobject` (`guid`, `pool_entry`, `chance`, `description`) VALUES (15349, 4672, 0, "");
INSERT INTO `pool_template` (`entry`, `max_limit`, `description`) VALUES (4680, 1, "The Hinterlands Local Minerals 90");
INSERT INTO `pool_gameobject` (`guid`, `pool_entry`, `chance`, `description`) VALUES (15044, 4680, 6, "");
INSERT INTO `pool_gameobject` (`guid`, `pool_entry`, `chance`, `description`) VALUES (15072, 4680, 3, "");
INSERT INTO `pool_gameobject` (`guid`, `pool_entry`, `chance`, `description`) VALUES (15253, 4680, 0, "");
INSERT INTO `pool_template` (`entry`, `max_limit`, `description`) VALUES (4689, 2, "The Hinterlands Local Minerals 91");
INSERT INTO `pool_gameobject` (`guid`, `pool_entry`, `chance`, `description`) VALUES (15535, 4689, 0, "");
INSERT INTO `pool_gameobject` (`guid`, `pool_entry`, `chance`, `description`) VALUES (15497, 4689, 50, "");
INSERT INTO `pool_gameobject` (`guid`, `pool_entry`, `chance`, `description`) VALUES (15469, 4689, 30, "");

-- Pool Pooling
INSERT INTO `pool_template` (`entry`, `max_limit`, `description`) VALUES (1363, 4, "The Hinterlands Revantusk Village Coast Mineral Nodes");
INSERT INTO `pool_pool` (`pool_id`, `mother_pool`, `chance`, `description`) VALUES (1362, 1363, 0, "");
INSERT INTO `pool_pool` (`pool_id`, `mother_pool`, `chance`, `description`) VALUES (1603, 1363, 0, "");
INSERT INTO `pool_pool` (`pool_id`, `mother_pool`, `chance`, `description`) VALUES (2174, 1363, 20, "");
INSERT INTO `pool_pool` (`pool_id`, `mother_pool`, `chance`, `description`) VALUES (2308, 1363, 20, "");
INSERT INTO `pool_pool` (`pool_id`, `mother_pool`, `chance`, `description`) VALUES (3459, 1363, 0, "");
INSERT INTO `pool_pool` (`pool_id`, `mother_pool`, `chance`, `description`) VALUES (3512, 1363, 0, "");
INSERT INTO `pool_pool` (`pool_id`, `mother_pool`, `chance`, `description`) VALUES (3578, 1363, 0, "");
INSERT INTO `pool_pool` (`pool_id`, `mother_pool`, `chance`, `description`) VALUES (1911, 1363, 0, "");
INSERT INTO `pool_pool` (`pool_id`, `mother_pool`, `chance`, `description`) VALUES (3169, 1363, 20, "");
INSERT INTO `pool_template` (`entry`, `max_limit`, `description`) VALUES (1604, 1, "The Hinterlands Shael Watha Mineral Nodes");
INSERT INTO `pool_pool` (`pool_id`, `mother_pool`, `chance`, `description`) VALUES (2346, 1604, 0, "");
INSERT INTO `pool_pool` (`pool_id`, `mother_pool`, `chance`, `description`) VALUES (2467, 1604, 0, "");
INSERT INTO `pool_pool` (`pool_id`, `mother_pool`, `chance`, `description`) VALUES (3311, 1604, 0, "");
INSERT INTO `pool_pool` (`pool_id`, `mother_pool`, `chance`, `description`) VALUES (3670, 1604, 35, "");
INSERT INTO `pool_template` (`entry`, `max_limit`, `description`) VALUES (1912, 2, "The Hinterlands Jintha Alor Mineral Nodes 1");
INSERT INTO `pool_pool` (`pool_id`, `mother_pool`, `chance`, `description`) VALUES (3655, 1912, 0, "");
INSERT INTO `pool_pool` (`pool_id`, `mother_pool`, `chance`, `description`) VALUES (3714, 1912, 0, "");
INSERT INTO `pool_pool` (`pool_id`, `mother_pool`, `chance`, `description`) VALUES (3852, 1912, 0, "");
INSERT INTO `pool_pool` (`pool_id`, `mother_pool`, `chance`, `description`) VALUES (4021, 1912, 0, "");
INSERT INTO `pool_pool` (`pool_id`, `mother_pool`, `chance`, `description`) VALUES (4074, 1912, 0, "");
INSERT INTO `pool_pool` (`pool_id`, `mother_pool`, `chance`, `description`) VALUES (4003, 1912, 0, "");
INSERT INTO `pool_template` (`entry`, `max_limit`, `description`) VALUES (2175, 3, "The Hinterlands Jintha Alor Mineral Nodes 2");
INSERT INTO `pool_pool` (`pool_id`, `mother_pool`, `chance`, `description`) VALUES (3726, 2175, 35, "");
INSERT INTO `pool_pool` (`pool_id`, `mother_pool`, `chance`, `description`) VALUES (4038, 2175, 0, "");
INSERT INTO `pool_pool` (`pool_id`, `mother_pool`, `chance`, `description`) VALUES (4062, 2175, 0, "");
INSERT INTO `pool_pool` (`pool_id`, `mother_pool`, `chance`, `description`) VALUES (4081, 2175, 20, "");
INSERT INTO `pool_pool` (`pool_id`, `mother_pool`, `chance`, `description`) VALUES (4177, 2175, 0, "");
INSERT INTO `pool_template` (`entry`, `max_limit`, `description`) VALUES (2309, 2, "The Hinterlands Jintha Alor Mineral Nodes 3");
INSERT INTO `pool_pool` (`pool_id`, `mother_pool`, `chance`, `description`) VALUES (4371, 2309, 0, "");
INSERT INTO `pool_pool` (`pool_id`, `mother_pool`, `chance`, `description`) VALUES (4377, 2309, 0, "");
INSERT INTO `pool_pool` (`pool_id`, `mother_pool`, `chance`, `description`) VALUES (4397, 2309, 0, "");
INSERT INTO `pool_pool` (`pool_id`, `mother_pool`, `chance`, `description`) VALUES (4407, 2309, 0, "");
INSERT INTO `pool_template` (`entry`, `max_limit`, `description`) VALUES (2347, 1, "The Hinterlands Seradane Mineral Nodes 1");
INSERT INTO `pool_pool` (`pool_id`, `mother_pool`, `chance`, `description`) VALUES (3786, 2347, 0, "");
INSERT INTO `pool_pool` (`pool_id`, `mother_pool`, `chance`, `description`) VALUES (3859, 2347, 0, "");
INSERT INTO `pool_pool` (`pool_id`, `mother_pool`, `chance`, `description`) VALUES (4120, 2347, 0, "");
INSERT INTO `pool_pool` (`pool_id`, `mother_pool`, `chance`, `description`) VALUES (4048, 2347, 0, "");
INSERT INTO `pool_template` (`entry`, `max_limit`, `description`) VALUES (2468, 2, "The Hinterlands Seradane Mineral Nodes 2");
INSERT INTO `pool_pool` (`pool_id`, `mother_pool`, `chance`, `description`) VALUES (3684, 2468, 30, "");
INSERT INTO `pool_pool` (`pool_id`, `mother_pool`, `chance`, `description`) VALUES (3795, 2468, 0, "");
INSERT INTO `pool_pool` (`pool_id`, `mother_pool`, `chance`, `description`) VALUES (3888, 2468, 0, "");
INSERT INTO `pool_pool` (`pool_id`, `mother_pool`, `chance`, `description`) VALUES (4085, 2468, 15, "");
INSERT INTO `pool_pool` (`pool_id`, `mother_pool`, `chance`, `description`) VALUES (4142, 2468, 15, "");
INSERT INTO `pool_template` (`entry`, `max_limit`, `description`) VALUES (3170, 1, "The Hinterlands Seradane Mineral Nodes 3");
INSERT INTO `pool_pool` (`pool_id`, `mother_pool`, `chance`, `description`) VALUES (4094, 3170, 0, "");
INSERT INTO `pool_pool` (`pool_id`, `mother_pool`, `chance`, `description`) VALUES (4195, 3170, 0, "");
INSERT INTO `pool_pool` (`pool_id`, `mother_pool`, `chance`, `description`) VALUES (5935, 3170, 45, "");
INSERT INTO `pool_template` (`entry`, `max_limit`, `description`) VALUES (5612, 2, "The Hinterlands Jintha Alor Cave Mineral Nodes");
INSERT INTO `pool_pool` (`pool_id`, `mother_pool`, `chance`, `description`) VALUES (4267, 5612, 0, "");
INSERT INTO `pool_pool` (`pool_id`, `mother_pool`, `chance`, `description`) VALUES (5979, 5612, 0, "");
INSERT INTO `pool_pool` (`pool_id`, `mother_pool`, `chance`, `description`) VALUES (5982, 5612, 0, "");
INSERT INTO `pool_pool` (`pool_id`, `mother_pool`, `chance`, `description`) VALUES (3889, 5612, 0, "");
INSERT INTO `pool_template` (`entry`, `max_limit`, `description`) VALUES (5640, 2, "The Hinterlands Skull Rock Above Ground Mineral Nodes");
INSERT INTO `pool_pool` (`pool_id`, `mother_pool`, `chance`, `description`) VALUES (4130, 5640, 0, "");
INSERT INTO `pool_pool` (`pool_id`, `mother_pool`, `chance`, `description`) VALUES (5927, 5640, 10, "");
INSERT INTO `pool_pool` (`pool_id`, `mother_pool`, `chance`, `description`) VALUES (3853, 5640, 10, "");
INSERT INTO `pool_pool` (`pool_id`, `mother_pool`, `chance`, `description`) VALUES (3860, 5640, 10, "");
INSERT INTO `pool_pool` (`pool_id`, `mother_pool`, `chance`, `description`) VALUES (5993, 5640, 0, "");
INSERT INTO `pool_pool` (`pool_id`, `mother_pool`, `chance`, `description`) VALUES (4368, 5640, 10, "");
INSERT INTO `pool_pool` (`pool_id`, `mother_pool`, `chance`, `description`) VALUES (4391, 5640, 0, "");
INSERT INTO `pool_template` (`entry`, `max_limit`, `description`) VALUES (5678, 2, "The Hinterlands Skull Rock Cave Mineral Nodes");
INSERT INTO `pool_pool` (`pool_id`, `mother_pool`, `chance`, `description`) VALUES (4333, 5678, 0, "");
INSERT INTO `pool_pool` (`pool_id`, `mother_pool`, `chance`, `description`) VALUES (5995, 5678, 0, "");
INSERT INTO `pool_pool` (`pool_id`, `mother_pool`, `chance`, `description`) VALUES (4362, 5678, 0, "");
INSERT INTO `pool_pool` (`pool_id`, `mother_pool`, `chance`, `description`) VALUES (5997, 5678, 0, "");
INSERT INTO `pool_pool` (`pool_id`, `mother_pool`, `chance`, `description`) VALUES (3896, 5678, 0, "");
INSERT INTO `pool_template` (`entry`, `max_limit`, `description`) VALUES (5705, 1, "The Hinterlands South Skull Rock Mineral Nodes");
INSERT INTO `pool_pool` (`pool_id`, `mother_pool`, `chance`, `description`) VALUES (4157, 5705, 0, "");
INSERT INTO `pool_pool` (`pool_id`, `mother_pool`, `chance`, `description`) VALUES (4185, 5705, 0, "");
INSERT INTO `pool_pool` (`pool_id`, `mother_pool`, `chance`, `description`) VALUES (4382, 5705, 0, "");
INSERT INTO `pool_pool` (`pool_id`, `mother_pool`, `chance`, `description`) VALUES (4411, 5705, 0, "");
INSERT INTO `pool_template` (`entry`, `max_limit`, `description`) VALUES (5715, 1, "The Hinterlands East Altar of Zul Mineral Nodes");
INSERT INTO `pool_pool` (`pool_id`, `mother_pool`, `chance`, `description`) VALUES (4417, 5715, 0, "");
INSERT INTO `pool_pool` (`pool_id`, `mother_pool`, `chance`, `description`) VALUES (4433, 5715, 0, "");
INSERT INTO `pool_pool` (`pool_id`, `mother_pool`, `chance`, `description`) VALUES (4437, 5715, 0, "");
INSERT INTO `pool_pool` (`pool_id`, `mother_pool`, `chance`, `description`) VALUES (4424, 5715, 0, "");
INSERT INTO `pool_template` (`entry`, `max_limit`, `description`) VALUES (5746, 2, "The Hinterlands Altar of Zul Mineral Nodes");
INSERT INTO `pool_pool` (`pool_id`, `mother_pool`, `chance`, `description`) VALUES (4446, 5746, 0, "");
INSERT INTO `pool_pool` (`pool_id`, `mother_pool`, `chance`, `description`) VALUES (4462, 5746, 0, "");
INSERT INTO `pool_pool` (`pool_id`, `mother_pool`, `chance`, `description`) VALUES (4486, 5746, 0, "");
INSERT INTO `pool_pool` (`pool_id`, `mother_pool`, `chance`, `description`) VALUES (4506, 5746, 0, "");
INSERT INTO `pool_pool` (`pool_id`, `mother_pool`, `chance`, `description`) VALUES (4521, 5746, 0, "");
INSERT INTO `pool_template` (`entry`, `max_limit`, `description`) VALUES (5759, 1, "The Hinterlands Agol Watha Road Mineral Nodes");
INSERT INTO `pool_pool` (`pool_id`, `mother_pool`, `chance`, `description`) VALUES (4459, 5759, 0, "");
INSERT INTO `pool_pool` (`pool_id`, `mother_pool`, `chance`, `description`) VALUES (4480, 5759, 0, "");
INSERT INTO `pool_pool` (`pool_id`, `mother_pool`, `chance`, `description`) VALUES (4514, 5759, 0, "");
INSERT INTO `pool_pool` (`pool_id`, `mother_pool`, `chance`, `description`) VALUES (4558, 5759, 0, "");
INSERT INTO `pool_template` (`entry`, `max_limit`, `description`) VALUES (5797, 1, "The Hinterlands Agol Watha Hills Mineral Nodes");
INSERT INTO `pool_pool` (`pool_id`, `mother_pool`, `chance`, `description`) VALUES (4491, 5797, 0, "");
INSERT INTO `pool_pool` (`pool_id`, `mother_pool`, `chance`, `description`) VALUES (4503, 5797, 0, "");
INSERT INTO `pool_pool` (`pool_id`, `mother_pool`, `chance`, `description`) VALUES (4511, 5797, 0, "");
INSERT INTO `pool_pool` (`pool_id`, `mother_pool`, `chance`, `description`) VALUES (4533, 5797, 0, "");
INSERT INTO `pool_pool` (`pool_id`, `mother_pool`, `chance`, `description`) VALUES (4548, 5797, 0, "");
INSERT INTO `pool_template` (`entry`, `max_limit`, `description`) VALUES (5865, 2, "The Hinterlands Westernish Mineral Nodes");
INSERT INTO `pool_pool` (`pool_id`, `mother_pool`, `chance`, `description`) VALUES (4540, 5865, 0, "");
INSERT INTO `pool_pool` (`pool_id`, `mother_pool`, `chance`, `description`) VALUES (4543, 5865, 0, "");
INSERT INTO `pool_pool` (`pool_id`, `mother_pool`, `chance`, `description`) VALUES (4584, 5865, 0, "");
INSERT INTO `pool_pool` (`pool_id`, `mother_pool`, `chance`, `description`) VALUES (4615, 5865, 0, "");
INSERT INTO `pool_pool` (`pool_id`, `mother_pool`, `chance`, `description`) VALUES (4619, 5865, 0, "");
INSERT INTO `pool_template` (`entry`, `max_limit`, `description`) VALUES (5932, 1, "The Hinterlands Shadra Alor Mineral Nodes 1");
INSERT INTO `pool_pool` (`pool_id`, `mother_pool`, `chance`, `description`) VALUES (4575, 5932, 0, "");
INSERT INTO `pool_pool` (`pool_id`, `mother_pool`, `chance`, `description`) VALUES (4602, 5932, 0, "");
INSERT INTO `pool_pool` (`pool_id`, `mother_pool`, `chance`, `description`) VALUES (4647, 5932, 0, "");
INSERT INTO `pool_template` (`entry`, `max_limit`, `description`) VALUES (5940, 1, "The Hinterlands Shadra Alor Mineral Nodes 2");
INSERT INTO `pool_pool` (`pool_id`, `mother_pool`, `chance`, `description`) VALUES (4591, 5940, 0, "");
INSERT INTO `pool_pool` (`pool_id`, `mother_pool`, `chance`, `description`) VALUES (4608, 5940, 0, "");
INSERT INTO `pool_pool` (`pool_id`, `mother_pool`, `chance`, `description`) VALUES (4629, 5940, 0, "");
INSERT INTO `pool_template` (`entry`, `max_limit`, `description`) VALUES (5991, 1, "The Hinterlands Hiri Watha Mineral Nodes");
INSERT INTO `pool_pool` (`pool_id`, `mother_pool`, `chance`, `description`) VALUES (4626, 5991, 0, "");
INSERT INTO `pool_pool` (`pool_id`, `mother_pool`, `chance`, `description`) VALUES (4651, 5991, 0, "");
INSERT INTO `pool_pool` (`pool_id`, `mother_pool`, `chance`, `description`) VALUES (4653, 5991, 0, "");
INSERT INTO `pool_template` (`entry`, `max_limit`, `description`) VALUES (4004, 2, "The Hinterlands Western Mineral Nodes");
INSERT INTO `pool_pool` (`pool_id`, `mother_pool`, `chance`, `description`) VALUES (4655, 4004, 0, "");
INSERT INTO `pool_pool` (`pool_id`, `mother_pool`, `chance`, `description`) VALUES (4661, 4004, 18, "");
INSERT INTO `pool_pool` (`pool_id`, `mother_pool`, `chance`, `description`) VALUES (4664, 4004, 0, "");
INSERT INTO `pool_pool` (`pool_id`, `mother_pool`, `chance`, `description`) VALUES (4666, 4004, 0, "");
INSERT INTO `pool_pool` (`pool_id`, `mother_pool`, `chance`, `description`) VALUES (4670, 4004, 22, "");
INSERT INTO `pool_pool` (`pool_id`, `mother_pool`, `chance`, `description`) VALUES (4672, 4004, 0, "");
INSERT INTO `pool_pool` (`pool_id`, `mother_pool`, `chance`, `description`) VALUES (4680, 4004, 0, "");

-- Tirisfal Glades:
-- Local Pooling
INSERT INTO `pool_template` (`entry`, `max_limit`, `description`) VALUES (1337, 1, "Tirisfal Glades Local Minerals 1");
INSERT INTO `pool_gameobject` (`guid`, `pool_entry`, `chance`, `description`) VALUES (15766, 1337, 0, "");
INSERT INTO `pool_gameobject` (`guid`, `pool_entry`, `chance`, `description`) VALUES (15708, 1337, 0, "");
INSERT INTO `pool_gameobject` (`guid`, `pool_entry`, `chance`, `description`) VALUES (15707, 1337, 0, "");
INSERT INTO `pool_template` (`entry`, `max_limit`, `description`) VALUES (1579, 1, "Tirisfal Glades Local Minerals 2");
INSERT INTO `pool_gameobject` (`guid`, `pool_entry`, `chance`, `description`) VALUES (15764, 1579, 0, "");
INSERT INTO `pool_gameobject` (`guid`, `pool_entry`, `chance`, `description`) VALUES (15753, 1579, 0, "");
INSERT INTO `pool_gameobject` (`guid`, `pool_entry`, `chance`, `description`) VALUES (15744, 1579, 0, "");
INSERT INTO `pool_template` (`entry`, `max_limit`, `description`) VALUES (1761, 2, "Tirisfal Glades Scarlet Monastery Local Mineral Nodes");
INSERT INTO `pool_gameobject` (`guid`, `pool_entry`, `chance`, `description`) VALUES (15765, 1761, 0, "");
INSERT INTO `pool_gameobject` (`guid`, `pool_entry`, `chance`, `description`) VALUES (15763, 1761, 0, "");
INSERT INTO `pool_gameobject` (`guid`, `pool_entry`, `chance`, `description`) VALUES (15747, 1761, 0, "");
INSERT INTO `pool_gameobject` (`guid`, `pool_entry`, `chance`, `description`) VALUES (15718, 1761, 0, "");
INSERT INTO `pool_gameobject` (`guid`, `pool_entry`, `chance`, `description`) VALUES (15716, 1761, 0, "");
INSERT INTO `pool_template` (`entry`, `max_limit`, `description`) VALUES (1890, 1, "Tirisfal Glades Local Minerals 3");
INSERT INTO `pool_gameobject` (`guid`, `pool_entry`, `chance`, `description`) VALUES (15743, 1890, 0, "");
INSERT INTO `pool_gameobject` (`guid`, `pool_entry`, `chance`, `description`) VALUES (15717, 1890, 0, "");
INSERT INTO `pool_gameobject` (`guid`, `pool_entry`, `chance`, `description`) VALUES (15713, 1890, 0, "");
INSERT INTO `pool_template` (`entry`, `max_limit`, `description`) VALUES (1994, 1, "Tirisfal Glades Local Minerals 4");
INSERT INTO `pool_gameobject` (`guid`, `pool_entry`, `chance`, `description`) VALUES (15715, 1994, 0, "");
INSERT INTO `pool_gameobject` (`guid`, `pool_entry`, `chance`, `description`) VALUES (15714, 1994, 0, "");
INSERT INTO `pool_gameobject` (`guid`, `pool_entry`, `chance`, `description`) VALUES (15697, 1994, 0, "");
INSERT INTO `pool_template` (`entry`, `max_limit`, `description`) VALUES (2034, 1, "Tirisfal Glades Local Minerals 5");
INSERT INTO `pool_gameobject` (`guid`, `pool_entry`, `chance`, `description`) VALUES (15712, 2034, 0, "");
INSERT INTO `pool_gameobject` (`guid`, `pool_entry`, `chance`, `description`) VALUES (15711, 2034, 0, "");
INSERT INTO `pool_gameobject` (`guid`, `pool_entry`, `chance`, `description`) VALUES (15709, 2034, 0, "");
INSERT INTO `pool_template` (`entry`, `max_limit`, `description`) VALUES (2054, 1, "Tirisfal Glades Local Minerals 6");
INSERT INTO `pool_gameobject` (`guid`, `pool_entry`, `chance`, `description`) VALUES (15710, 2054, 0, "");
INSERT INTO `pool_gameobject` (`guid`, `pool_entry`, `chance`, `description`) VALUES (15706, 2054, 0, "");
INSERT INTO `pool_gameobject` (`guid`, `pool_entry`, `chance`, `description`) VALUES (15705, 2054, 0, "");
INSERT INTO `pool_gameobject` (`guid`, `pool_entry`, `chance`, `description`) VALUES (15704, 2054, 0, "");
INSERT INTO `pool_template` (`entry`, `max_limit`, `description`) VALUES (2086, 1, "Tirisfal Glades Local Minerals 7");
INSERT INTO `pool_gameobject` (`guid`, `pool_entry`, `chance`, `description`) VALUES (15699, 2086, 0, "");
INSERT INTO `pool_gameobject` (`guid`, `pool_entry`, `chance`, `description`) VALUES (15696, 2086, 0, "");
INSERT INTO `pool_gameobject` (`guid`, `pool_entry`, `chance`, `description`) VALUES (15694, 2086, 0, "");
INSERT INTO `pool_template` (`entry`, `max_limit`, `description`) VALUES (2152, 1, "Tirisfal Glades Local Minerals 8");
INSERT INTO `pool_gameobject` (`guid`, `pool_entry`, `chance`, `description`) VALUES (15698, 2152, 0, "");
INSERT INTO `pool_gameobject` (`guid`, `pool_entry`, `chance`, `description`) VALUES (15695, 2152, 0, "");
INSERT INTO `pool_gameobject` (`guid`, `pool_entry`, `chance`, `description`) VALUES (15689, 2152, 0, "");
INSERT INTO `pool_gameobject` (`guid`, `pool_entry`, `chance`, `description`) VALUES (15679, 2152, 0, "");
INSERT INTO `pool_template` (`entry`, `max_limit`, `description`) VALUES (2265, 1, "Tirisfal Glades Local Minerals 9");
INSERT INTO `pool_gameobject` (`guid`, `pool_entry`, `chance`, `description`) VALUES (15693, 2265, 0, "");
INSERT INTO `pool_gameobject` (`guid`, `pool_entry`, `chance`, `description`) VALUES (15681, 2265, 0, "");
INSERT INTO `pool_gameobject` (`guid`, `pool_entry`, `chance`, `description`) VALUES (15680, 2265, 0, "");
INSERT INTO `pool_gameobject` (`guid`, `pool_entry`, `chance`, `description`) VALUES (15667, 2265, 0, "");
INSERT INTO `pool_gameobject` (`guid`, `pool_entry`, `chance`, `description`) VALUES (15666, 2265, 0, "");
INSERT INTO `pool_gameobject` (`guid`, `pool_entry`, `chance`, `description`) VALUES (15665, 2265, 0, "");
INSERT INTO `pool_template` (`entry`, `max_limit`, `description`) VALUES (2287, 1, "Tirisfal Glades Local Minerals 10");
INSERT INTO `pool_gameobject` (`guid`, `pool_entry`, `chance`, `description`) VALUES (15692, 2287, 0, "");
INSERT INTO `pool_gameobject` (`guid`, `pool_entry`, `chance`, `description`) VALUES (15691, 2287, 0, "");
INSERT INTO `pool_gameobject` (`guid`, `pool_entry`, `chance`, `description`) VALUES (15682, 2287, 0, "");
INSERT INTO `pool_template` (`entry`, `max_limit`, `description`) VALUES (2326, 1, "Tirisfal Glades Local Minerals 11");
INSERT INTO `pool_gameobject` (`guid`, `pool_entry`, `chance`, `description`) VALUES (15690, 2326, 0, "");
INSERT INTO `pool_gameobject` (`guid`, `pool_entry`, `chance`, `description`) VALUES (15678, 2326, 0, "");
INSERT INTO `pool_gameobject` (`guid`, `pool_entry`, `chance`, `description`) VALUES (15676, 2326, 0, "");
INSERT INTO `pool_gameobject` (`guid`, `pool_entry`, `chance`, `description`) VALUES (15671, 2326, 0, "");
INSERT INTO `pool_gameobject` (`guid`, `pool_entry`, `chance`, `description`) VALUES (15669, 2326, 0, "");
INSERT INTO `pool_gameobject` (`guid`, `pool_entry`, `chance`, `description`) VALUES (15660, 2326, 0, "");
INSERT INTO `pool_template` (`entry`, `max_limit`, `description`) VALUES (2410, 1, "Tirisfal Glades Local Minerals 12");
INSERT INTO `pool_gameobject` (`guid`, `pool_entry`, `chance`, `description`) VALUES (15677, 2410, 0, "");
INSERT INTO `pool_gameobject` (`guid`, `pool_entry`, `chance`, `description`) VALUES (15663, 2410, 0, "");
INSERT INTO `pool_gameobject` (`guid`, `pool_entry`, `chance`, `description`) VALUES (15662, 2410, 0, "");
INSERT INTO `pool_gameobject` (`guid`, `pool_entry`, `chance`, `description`) VALUES (15661, 2410, 0, "");
INSERT INTO `pool_template` (`entry`, `max_limit`, `description`) VALUES (2451, 1, "Tirisfal Glades Local Minerals 13");
INSERT INTO `pool_gameobject` (`guid`, `pool_entry`, `chance`, `description`) VALUES (15675, 2451, 0, "");
INSERT INTO `pool_gameobject` (`guid`, `pool_entry`, `chance`, `description`) VALUES (15674, 2451, 0, "");
INSERT INTO `pool_gameobject` (`guid`, `pool_entry`, `chance`, `description`) VALUES (15668, 2451, 0, "");
INSERT INTO `pool_gameobject` (`guid`, `pool_entry`, `chance`, `description`) VALUES (15664, 2451, 0, "");
INSERT INTO `pool_template` (`entry`, `max_limit`, `description`) VALUES (3035, 1, "Tirisfal Glades Local Minerals 14");
INSERT INTO `pool_gameobject` (`guid`, `pool_entry`, `chance`, `description`) VALUES (15670, 3035, 0, "");
INSERT INTO `pool_gameobject` (`guid`, `pool_entry`, `chance`, `description`) VALUES (15659, 3035, 0, "");
INSERT INTO `pool_gameobject` (`guid`, `pool_entry`, `chance`, `description`) VALUES (15658, 3035, 0, "");
INSERT INTO `pool_gameobject` (`guid`, `pool_entry`, `chance`, `description`) VALUES (15657, 3035, 0, "");
INSERT INTO `pool_template` (`entry`, `max_limit`, `description`) VALUES (3043, 2, "Tirisfal Glades Near Brightwater Lake Local Mineral Nodes");
INSERT INTO `pool_gameobject` (`guid`, `pool_entry`, `chance`, `description`) VALUES (15656, 3043, 8, "");
INSERT INTO `pool_gameobject` (`guid`, `pool_entry`, `chance`, `description`) VALUES (15655, 3043, 8, "");
INSERT INTO `pool_gameobject` (`guid`, `pool_entry`, `chance`, `description`) VALUES (15653, 3043, 8, "");
INSERT INTO `pool_gameobject` (`guid`, `pool_entry`, `chance`, `description`) VALUES (15652, 3043, 0, "");
INSERT INTO `pool_gameobject` (`guid`, `pool_entry`, `chance`, `description`) VALUES (15654, 3043, 0, "");
INSERT INTO `pool_gameobject` (`guid`, `pool_entry`, `chance`, `description`) VALUES (15651, 3043, 0, "");
INSERT INTO `pool_gameobject` (`guid`, `pool_entry`, `chance`, `description`) VALUES (15650, 3043, 0, "");
INSERT INTO `pool_template` (`entry`, `max_limit`, `description`) VALUES (3065, 1, "Tirisfal Glades Local Minerals 15");
INSERT INTO `pool_gameobject` (`guid`, `pool_entry`, `chance`, `description`) VALUES (15649, 3065, 0, "");
INSERT INTO `pool_gameobject` (`guid`, `pool_entry`, `chance`, `description`) VALUES (15648, 3065, 0, "");
INSERT INTO `pool_gameobject` (`guid`, `pool_entry`, `chance`, `description`) VALUES (15646, 3065, 0, "");
INSERT INTO `pool_gameobject` (`guid`, `pool_entry`, `chance`, `description`) VALUES (15645, 3065, 0, "");
INSERT INTO `pool_template` (`entry`, `max_limit`, `description`) VALUES (3070, 1, "Tirisfal Glades Local Minerals 16");
INSERT INTO `pool_gameobject` (`guid`, `pool_entry`, `chance`, `description`) VALUES (15644, 3070, 0, "");
INSERT INTO `pool_gameobject` (`guid`, `pool_entry`, `chance`, `description`) VALUES (15641, 3070, 0, "");
INSERT INTO `pool_gameobject` (`guid`, `pool_entry`, `chance`, `description`) VALUES (15640, 3070, 0, "");
INSERT INTO `pool_gameobject` (`guid`, `pool_entry`, `chance`, `description`) VALUES (15635, 3070, 0, "");
INSERT INTO `pool_gameobject` (`guid`, `pool_entry`, `chance`, `description`) VALUES (15630, 3070, 0, "");
INSERT INTO `pool_template` (`entry`, `max_limit`, `description`) VALUES (3083, 1, "Tirisfal Glades Local Minerals 17");
INSERT INTO `pool_gameobject` (`guid`, `pool_entry`, `chance`, `description`) VALUES (15647, 3083, 0, "");
INSERT INTO `pool_gameobject` (`guid`, `pool_entry`, `chance`, `description`) VALUES (15643, 3083, 0, "");
INSERT INTO `pool_gameobject` (`guid`, `pool_entry`, `chance`, `description`) VALUES (15642, 3083, 0, "");
INSERT INTO `pool_gameobject` (`guid`, `pool_entry`, `chance`, `description`) VALUES (15639, 3083, 0, "");
INSERT INTO `pool_gameobject` (`guid`, `pool_entry`, `chance`, `description`) VALUES (15638, 3083, 0, "");
INSERT INTO `pool_gameobject` (`guid`, `pool_entry`, `chance`, `description`) VALUES (15629, 3083, 0, "");
INSERT INTO `pool_template` (`entry`, `max_limit`, `description`) VALUES (3088, 1, "Tirisfal Glades Local Minerals 18");
INSERT INTO `pool_gameobject` (`guid`, `pool_entry`, `chance`, `description`) VALUES (15636, 3088, 0, "");
INSERT INTO `pool_gameobject` (`guid`, `pool_entry`, `chance`, `description`) VALUES (15628, 3088, 0, "");
INSERT INTO `pool_gameobject` (`guid`, `pool_entry`, `chance`, `description`) VALUES (15622, 3088, 0, "");
INSERT INTO `pool_template` (`entry`, `max_limit`, `description`) VALUES (3092, 1, "Tirisfal Glades Local Minerals 19");
INSERT INTO `pool_gameobject` (`guid`, `pool_entry`, `chance`, `description`) VALUES (15634, 3092, 0, "");
INSERT INTO `pool_gameobject` (`guid`, `pool_entry`, `chance`, `description`) VALUES (15631, 3092, 0, "");
INSERT INTO `pool_gameobject` (`guid`, `pool_entry`, `chance`, `description`) VALUES (15623, 3092, 0, "");
INSERT INTO `pool_gameobject` (`guid`, `pool_entry`, `chance`, `description`) VALUES (15621, 3092, 0, "");
INSERT INTO `pool_gameobject` (`guid`, `pool_entry`, `chance`, `description`) VALUES (15620, 3092, 0, "");
INSERT INTO `pool_template` (`entry`, `max_limit`, `description`) VALUES (3114, 1, "Tirisfal Glades Local Minerals 20");
INSERT INTO `pool_gameobject` (`guid`, `pool_entry`, `chance`, `description`) VALUES (15637, 3114, 0, "");
INSERT INTO `pool_gameobject` (`guid`, `pool_entry`, `chance`, `description`) VALUES (15627, 3114, 0, "");
INSERT INTO `pool_gameobject` (`guid`, `pool_entry`, `chance`, `description`) VALUES (15626, 3114, 0, "");
INSERT INTO `pool_template` (`entry`, `max_limit`, `description`) VALUES (3122, 1, "Tirisfal Glades Local Minerals 21");
INSERT INTO `pool_gameobject` (`guid`, `pool_entry`, `chance`, `description`) VALUES (15625, 3122, 0, "");
INSERT INTO `pool_gameobject` (`guid`, `pool_entry`, `chance`, `description`) VALUES (15624, 3122, 0, "");
INSERT INTO `pool_gameobject` (`guid`, `pool_entry`, `chance`, `description`) VALUES (15619, 3122, 0, "");
INSERT INTO `pool_gameobject` (`guid`, `pool_entry`, `chance`, `description`) VALUES (15618, 3122, 0, "");
INSERT INTO `pool_template` (`entry`, `max_limit`, `description`) VALUES (3130, 1, "Tirisfal Glades Local Minerals 22");
INSERT INTO `pool_gameobject` (`guid`, `pool_entry`, `chance`, `description`) VALUES (15616, 3130, 0, "");
INSERT INTO `pool_gameobject` (`guid`, `pool_entry`, `chance`, `description`) VALUES (15613, 3130, 0, "");
INSERT INTO `pool_gameobject` (`guid`, `pool_entry`, `chance`, `description`) VALUES (15608, 3130, 0, "");
INSERT INTO `pool_template` (`entry`, `max_limit`, `description`) VALUES (3142, 1, "Tirisfal Glades Local Minerals 23");
INSERT INTO `pool_gameobject` (`guid`, `pool_entry`, `chance`, `description`) VALUES (15617, 3142, 0, "");
INSERT INTO `pool_gameobject` (`guid`, `pool_entry`, `chance`, `description`) VALUES (15615, 3142, 0, "");
INSERT INTO `pool_gameobject` (`guid`, `pool_entry`, `chance`, `description`) VALUES (15614, 3142, 0, "");
INSERT INTO `pool_template` (`entry`, `max_limit`, `description`) VALUES (3150, 1, "Tirisfal Glades Local Minerals 24");
INSERT INTO `pool_gameobject` (`guid`, `pool_entry`, `chance`, `description`) VALUES (15609, 3150, 0, "");
INSERT INTO `pool_gameobject` (`guid`, `pool_entry`, `chance`, `description`) VALUES (15606, 3150, 0, "");
INSERT INTO `pool_gameobject` (`guid`, `pool_entry`, `chance`, `description`) VALUES (15605, 3150, 0, "");
INSERT INTO `pool_gameobject` (`guid`, `pool_entry`, `chance`, `description`) VALUES (15604, 3150, 0, "");
INSERT INTO `pool_template` (`entry`, `max_limit`, `description`) VALUES (3156, 1, "Tirisfal Glades Local Minerals 25");
INSERT INTO `pool_gameobject` (`guid`, `pool_entry`, `chance`, `description`) VALUES (15610, 3156, 0, "");
INSERT INTO `pool_gameobject` (`guid`, `pool_entry`, `chance`, `description`) VALUES (15601, 3156, 0, "");
INSERT INTO `pool_template` (`entry`, `max_limit`, `description`) VALUES (3177, 1, "Tirisfal Glades Local Minerals 26");
INSERT INTO `pool_gameobject` (`guid`, `pool_entry`, `chance`, `description`) VALUES (15612, 3177, 0, "");
INSERT INTO `pool_gameobject` (`guid`, `pool_entry`, `chance`, `description`) VALUES (15607, 3177, 0, "");
INSERT INTO `pool_gameobject` (`guid`, `pool_entry`, `chance`, `description`) VALUES (15602, 3177, 0, "");
INSERT INTO `pool_gameobject` (`guid`, `pool_entry`, `chance`, `description`) VALUES (15598, 3177, 0, "");
INSERT INTO `pool_template` (`entry`, `max_limit`, `description`) VALUES (3180, 1, "Tirisfal Glades Local Minerals 27");
INSERT INTO `pool_gameobject` (`guid`, `pool_entry`, `chance`, `description`) VALUES (15611, 3180, 0, "");
INSERT INTO `pool_gameobject` (`guid`, `pool_entry`, `chance`, `description`) VALUES (15603, 3180, 0, "");
INSERT INTO `pool_gameobject` (`guid`, `pool_entry`, `chance`, `description`) VALUES (15600, 3180, 12, "");
INSERT INTO `pool_gameobject` (`guid`, `pool_entry`, `chance`, `description`) VALUES (15599, 3180, 13, "");
INSERT INTO `pool_gameobject` (`guid`, `pool_entry`, `chance`, `description`) VALUES (15595, 3180, 0, "");
INSERT INTO `pool_template` (`entry`, `max_limit`, `description`) VALUES (3185, 1, "Tirisfal Glades Local Minerals 28");
INSERT INTO `pool_gameobject` (`guid`, `pool_entry`, `chance`, `description`) VALUES (15597, 3185, 0, "");
INSERT INTO `pool_gameobject` (`guid`, `pool_entry`, `chance`, `description`) VALUES (15596, 3185, 0, "");
INSERT INTO `pool_gameobject` (`guid`, `pool_entry`, `chance`, `description`) VALUES (15594, 3185, 0, "");
INSERT INTO `pool_gameobject` (`guid`, `pool_entry`, `chance`, `description`) VALUES (15587, 3185, 0, "");
INSERT INTO `pool_template` (`entry`, `max_limit`, `description`) VALUES (3188, 1, "Tirisfal Glades Local Minerals 29");
INSERT INTO `pool_gameobject` (`guid`, `pool_entry`, `chance`, `description`) VALUES (15593, 3188, 0, "");
INSERT INTO `pool_gameobject` (`guid`, `pool_entry`, `chance`, `description`) VALUES (15589, 3188, 0, "");
INSERT INTO `pool_template` (`entry`, `max_limit`, `description`) VALUES (3197, 1, "Tirisfal Glades Local Minerals 30");
INSERT INTO `pool_gameobject` (`guid`, `pool_entry`, `chance`, `description`) VALUES (15591, 3197, 0, "");
INSERT INTO `pool_gameobject` (`guid`, `pool_entry`, `chance`, `description`) VALUES (15590, 3197, 33, "");
INSERT INTO `pool_gameobject` (`guid`, `pool_entry`, `chance`, `description`) VALUES (15588, 3197, 33, "");
INSERT INTO `pool_gameobject` (`guid`, `pool_entry`, `chance`, `description`) VALUES (15592, 3197, 0, "");
INSERT INTO `pool_template` (`entry`, `max_limit`, `description`) VALUES (3222, 1, "Tirisfal Glades Local Minerals 31");
INSERT INTO `pool_gameobject` (`guid`, `pool_entry`, `chance`, `description`) VALUES (15586, 3222, 0, "");
INSERT INTO `pool_gameobject` (`guid`, `pool_entry`, `chance`, `description`) VALUES (15584, 3222, 0, "");
INSERT INTO `pool_gameobject` (`guid`, `pool_entry`, `chance`, `description`) VALUES (15583, 3222, 0, "");
INSERT INTO `pool_template` (`entry`, `max_limit`, `description`) VALUES (3255, 1, "Tirisfal Glades Local Minerals 32");
INSERT INTO `pool_gameobject` (`guid`, `pool_entry`, `chance`, `description`) VALUES (15585, 3255, 0, "");
INSERT INTO `pool_gameobject` (`guid`, `pool_entry`, `chance`, `description`) VALUES (15582, 3255, 0, "");
INSERT INTO `pool_gameobject` (`guid`, `pool_entry`, `chance`, `description`) VALUES (15581, 3255, 0, "");
INSERT INTO `pool_template` (`entry`, `max_limit`, `description`) VALUES (3264, 1, "Tirisfal Glades Local Minerals 33");
INSERT INTO `pool_gameobject` (`guid`, `pool_entry`, `chance`, `description`) VALUES (15580, 3264, 0, "");
INSERT INTO `pool_gameobject` (`guid`, `pool_entry`, `chance`, `description`) VALUES (15579, 3264, 0, "");
INSERT INTO `pool_template` (`entry`, `max_limit`, `description`) VALUES (3274, 1, "Tirisfal Glades Local Minerals 34");
INSERT INTO `pool_gameobject` (`guid`, `pool_entry`, `chance`, `description`) VALUES (15578, 3274, 0, "");
INSERT INTO `pool_gameobject` (`guid`, `pool_entry`, `chance`, `description`) VALUES (15577, 3274, 0, "");
INSERT INTO `pool_gameobject` (`guid`, `pool_entry`, `chance`, `description`) VALUES (15576, 3274, 0, "");
INSERT INTO `pool_template` (`entry`, `max_limit`, `description`) VALUES (3298, 1, "Tirisfal Glades Local Minerals 35");
INSERT INTO `pool_gameobject` (`guid`, `pool_entry`, `chance`, `description`) VALUES (15575, 3298, 50, "");
INSERT INTO `pool_gameobject` (`guid`, `pool_entry`, `chance`, `description`) VALUES (15574, 3298, 0, "");
INSERT INTO `pool_gameobject` (`guid`, `pool_entry`, `chance`, `description`) VALUES (15573, 3298, 0, "");
INSERT INTO `pool_gameobject` (`guid`, `pool_entry`, `chance`, `description`) VALUES (15572, 3298, 30, "");

-- Pool Pooling
INSERT INTO `pool_template` (`entry`, `max_limit`, `description`) VALUES (1338, 2, "Tirisfal Glades Near Scarlet Monastery Mineral Nodes");
INSERT INTO `pool_pool` (`pool_id`, `mother_pool`, `chance`, `description`) VALUES (2034, 1338, 0, "");
INSERT INTO `pool_pool` (`pool_id`, `mother_pool`, `chance`, `description`) VALUES (2086, 1338, 0, "");
INSERT INTO `pool_pool` (`pool_id`, `mother_pool`, `chance`, `description`) VALUES (2152, 1338, 0, "");
INSERT INTO `pool_pool` (`pool_id`, `mother_pool`, `chance`, `description`) VALUES (2287, 1338, 0, "");
INSERT INTO `pool_template` (`entry`, `max_limit`, `description`) VALUES (1580, 3, "Tirisfal Glades Venomweb Vale Mineral Nodes");
INSERT INTO `pool_pool` (`pool_id`, `mother_pool`, `chance`, `description`) VALUES (1337, 1580, 0, "");
INSERT INTO `pool_pool` (`pool_id`, `mother_pool`, `chance`, `description`) VALUES (1579, 1580, 0, "");
INSERT INTO `pool_pool` (`pool_id`, `mother_pool`, `chance`, `description`) VALUES (2054, 1580, 0, "");
INSERT INTO `pool_pool` (`pool_id`, `mother_pool`, `chance`, `description`) VALUES (2265, 1580, 0, "");
INSERT INTO `pool_template` (`entry`, `max_limit`, `description`) VALUES (1762, 3, "Tirisfal Glades South East Mineral Nodes");
INSERT INTO `pool_pool` (`pool_id`, `mother_pool`, `chance`, `description`) VALUES (1890, 1762, 0, "");
INSERT INTO `pool_pool` (`pool_id`, `mother_pool`, `chance`, `description`) VALUES (1994, 1762, 0, "");
INSERT INTO `pool_pool` (`pool_id`, `mother_pool`, `chance`, `description`) VALUES (2410, 1762, 0, "");
INSERT INTO `pool_pool` (`pool_id`, `mother_pool`, `chance`, `description`) VALUES (3035, 1762, 0, "");
INSERT INTO `pool_template` (`entry`, `max_limit`, `description`) VALUES (1891, 2, "Tirisfal Glades Scarlet Watch Post Mineral Nodes");
INSERT INTO `pool_pool` (`pool_id`, `mother_pool`, `chance`, `description`) VALUES (2326, 1891, 0, "");
INSERT INTO `pool_pool` (`pool_id`, `mother_pool`, `chance`, `description`) VALUES (2451, 1891, 0, "");
INSERT INTO `pool_template` (`entry`, `max_limit`, `description`) VALUES (1995, 3, "Tirisfal Glades Garrens Haunt Mineral Nodes");
INSERT INTO `pool_pool` (`pool_id`, `mother_pool`, `chance`, `description`) VALUES (3065, 1995, 0, "");
INSERT INTO `pool_pool` (`pool_id`, `mother_pool`, `chance`, `description`) VALUES (3083, 1995, 0, "");
INSERT INTO `pool_pool` (`pool_id`, `mother_pool`, `chance`, `description`) VALUES (3070, 1995, 0, "");
INSERT INTO `pool_pool` (`pool_id`, `mother_pool`, `chance`, `description`) VALUES (3092, 1995, 0, "");
INSERT INTO `pool_template` (`entry`, `max_limit`, `description`) VALUES (2035, 4, "Tirisfal Glades Agamand Mills East Mineral Nodes");
INSERT INTO `pool_pool` (`pool_id`, `mother_pool`, `chance`, `description`) VALUES (3114, 2035, 0, "");
INSERT INTO `pool_pool` (`pool_id`, `mother_pool`, `chance`, `description`) VALUES (3142, 2035, 0, "");
INSERT INTO `pool_pool` (`pool_id`, `mother_pool`, `chance`, `description`) VALUES (3130, 2035, 0, "");
INSERT INTO `pool_pool` (`pool_id`, `mother_pool`, `chance`, `description`) VALUES (3150, 2035, 0, "");
INSERT INTO `pool_pool` (`pool_id`, `mother_pool`, `chance`, `description`) VALUES (3122, 2035, 0, "");
INSERT INTO `pool_pool` (`pool_id`, `mother_pool`, `chance`, `description`) VALUES (3156, 2035, 0, "");
INSERT INTO `pool_pool` (`pool_id`, `mother_pool`, `chance`, `description`) VALUES (3088, 2035, 35, "");
INSERT INTO `pool_template` (`entry`, `max_limit`, `description`) VALUES (2055, 2, "Tirisfal Glades Agamand Mills West Mineral Nodes");
INSERT INTO `pool_pool` (`pool_id`, `mother_pool`, `chance`, `description`) VALUES (3185, 2055, 0, "");
INSERT INTO `pool_pool` (`pool_id`, `mother_pool`, `chance`, `description`) VALUES (3188, 2055, 0, "");
INSERT INTO `pool_pool` (`pool_id`, `mother_pool`, `chance`, `description`) VALUES (3255, 2055, 0, "");
INSERT INTO `pool_template` (`entry`, `max_limit`, `description`) VALUES (2087, 2, "Tirisfal Glades Nightmare Vale Mineral Nodes");
INSERT INTO `pool_pool` (`pool_id`, `mother_pool`, `chance`, `description`) VALUES (3177, 2087, 0, "");
INSERT INTO `pool_pool` (`pool_id`, `mother_pool`, `chance`, `description`) VALUES (3180, 2087, 0, "");
INSERT INTO `pool_pool` (`pool_id`, `mother_pool`, `chance`, `description`) VALUES (3197, 2087, 0, "");
INSERT INTO `pool_template` (`entry`, `max_limit`, `description`) VALUES (2153, 3, "Tirisfal Glades Solliden Farmstead Mineral Nodes");
INSERT INTO `pool_pool` (`pool_id`, `mother_pool`, `chance`, `description`) VALUES (3222, 2153, 0, "");
INSERT INTO `pool_pool` (`pool_id`, `mother_pool`, `chance`, `description`) VALUES (3264, 2153, 0, "");
INSERT INTO `pool_pool` (`pool_id`, `mother_pool`, `chance`, `description`) VALUES (3274, 2153, 0, "");
INSERT INTO `pool_pool` (`pool_id`, `mother_pool`, `chance`, `description`) VALUES (3298, 2153, 0, "");

-- Western Plaguelands:
-- Local Pooling
INSERT INTO `pool_template` (`entry`, `max_limit`, `description`) VALUES (1343, 1, "Western Plaguelands Local Minerals 1");
INSERT INTO `pool_gameobject` (`guid`, `pool_entry`, `chance`, `description`) VALUES (16625, 1343, 5, "");
INSERT INTO `pool_gameobject` (`guid`, `pool_entry`, `chance`, `description`) VALUES (16826, 1343, 0, "");
INSERT INTO `pool_template` (`entry`, `max_limit`, `description`) VALUES (1585, 1, "Western Plaguelands Local Minerals 2");
INSERT INTO `pool_gameobject` (`guid`, `pool_entry`, `chance`, `description`) VALUES (16624, 1585, 5, "");
INSERT INTO `pool_gameobject` (`guid`, `pool_entry`, `chance`, `description`) VALUES (16825, 1585, 0, "");
INSERT INTO `pool_template` (`entry`, `max_limit`, `description`) VALUES (1896, 1, "Western Plaguelands Local Minerals 3");
INSERT INTO `pool_gameobject` (`guid`, `pool_entry`, `chance`, `description`) VALUES (16604, 1896, 5, "");
INSERT INTO `pool_gameobject` (`guid`, `pool_entry`, `chance`, `description`) VALUES (16745, 1896, 0, "");
INSERT INTO `pool_template` (`entry`, `max_limit`, `description`) VALUES (2000, 1, "Western Plaguelands Local Minerals 4");
INSERT INTO `pool_gameobject` (`guid`, `pool_entry`, `chance`, `description`) VALUES (16603, 2000, 5, "");
INSERT INTO `pool_gameobject` (`guid`, `pool_entry`, `chance`, `description`) VALUES (16734, 2000, 0, "");
INSERT INTO `pool_template` (`entry`, `max_limit`, `description`) VALUES (2040, 1, "Western Plaguelands Local Minerals 5");
INSERT INTO `pool_gameobject` (`guid`, `pool_entry`, `chance`, `description`) VALUES (16597, 2040, 5, "");
INSERT INTO `pool_gameobject` (`guid`, `pool_entry`, `chance`, `description`) VALUES (16732, 2040, 0, "");
INSERT INTO `pool_gameobject` (`guid`, `pool_entry`, `chance`, `description`) VALUES (16731, 2040, 0, "");
INSERT INTO `pool_template` (`entry`, `max_limit`, `description`) VALUES (2060, 1, "Western Plaguelands Local Minerals 6");
INSERT INTO `pool_gameobject` (`guid`, `pool_entry`, `chance`, `description`) VALUES (16448, 2060, 10, "");
INSERT INTO `pool_gameobject` (`guid`, `pool_entry`, `chance`, `description`) VALUES (16691, 2060, 0, "");
INSERT INTO `pool_template` (`entry`, `max_limit`, `description`) VALUES (2092, 1, "Western Plaguelands Local Minerals 7");
INSERT INTO `pool_gameobject` (`guid`, `pool_entry`, `chance`, `description`) VALUES (16438, 2092, 5, "");
INSERT INTO `pool_gameobject` (`guid`, `pool_entry`, `chance`, `description`) VALUES (16602, 2092, 2, "");
INSERT INTO `pool_gameobject` (`guid`, `pool_entry`, `chance`, `description`) VALUES (16690, 2092, 0, "");
INSERT INTO `pool_gameobject` (`guid`, `pool_entry`, `chance`, `description`) VALUES (16426, 2092, 5, "");
INSERT INTO `pool_gameobject` (`guid`, `pool_entry`, `chance`, `description`) VALUES (16601, 2092, 3, "");
INSERT INTO `pool_gameobject` (`guid`, `pool_entry`, `chance`, `description`) VALUES (16689, 2092, 0, "");
INSERT INTO `pool_template` (`entry`, `max_limit`, `description`) VALUES (6000, 1, "Western Plaguelands Local Minerals 8");
INSERT INTO `pool_gameobject` (`guid`, `pool_entry`, `chance`, `description`) VALUES (16595, 6000, 5, "");
INSERT INTO `pool_gameobject` (`guid`, `pool_entry`, `chance`, `description`) VALUES (16729, 6000, 0, "");
INSERT INTO `pool_gameobject` (`guid`, `pool_entry`, `chance`, `description`) VALUES (16728, 6000, 0, "");
INSERT INTO `pool_template` (`entry`, `max_limit`, `description`) VALUES (2270, 1, "Western Plaguelands Local Minerals 9");
INSERT INTO `pool_gameobject` (`guid`, `pool_entry`, `chance`, `description`) VALUES (16688, 2270, 0, "");
INSERT INTO `pool_gameobject` (`guid`, `pool_entry`, `chance`, `description`) VALUES (16423, 2270, 10, "");
INSERT INTO `pool_template` (`entry`, `max_limit`, `description`) VALUES (2292, 1, "Western Plaguelands Local Minerals 10");
INSERT INTO `pool_gameobject` (`guid`, `pool_entry`, `chance`, `description`) VALUES (16422, 2292, 10, "");
INSERT INTO `pool_gameobject` (`guid`, `pool_entry`, `chance`, `description`) VALUES (16588, 2292, 5, "");
INSERT INTO `pool_gameobject` (`guid`, `pool_entry`, `chance`, `description`) VALUES (16687, 2292, 0, "");
INSERT INTO `pool_template` (`entry`, `max_limit`, `description`) VALUES (2331, 1, "Western Plaguelands Local Minerals 11");
INSERT INTO `pool_gameobject` (`guid`, `pool_entry`, `chance`, `description`) VALUES (16584, 2331, 5, "");
INSERT INTO `pool_gameobject` (`guid`, `pool_entry`, `chance`, `description`) VALUES (16724, 2331, 0, "");
INSERT INTO `pool_template` (`entry`, `max_limit`, `description`) VALUES (2415, 1, "Western Plaguelands Local Minerals 12");
INSERT INTO `pool_gameobject` (`guid`, `pool_entry`, `chance`, `description`) VALUES (16420, 2415, 10, "");
INSERT INTO `pool_gameobject` (`guid`, `pool_entry`, `chance`, `description`) VALUES (16685, 2415, 0, "");
INSERT INTO `pool_template` (`entry`, `max_limit`, `description`) VALUES (2454, 1, "Western Plaguelands Local Minerals 13");
INSERT INTO `pool_gameobject` (`guid`, `pool_entry`, `chance`, `description`) VALUES (16421, 2454, 10, "");
INSERT INTO `pool_gameobject` (`guid`, `pool_entry`, `chance`, `description`) VALUES (16583, 2454, 5, "");
INSERT INTO `pool_gameobject` (`guid`, `pool_entry`, `chance`, `description`) VALUES (16686, 2454, 0, "");
INSERT INTO `pool_template` (`entry`, `max_limit`, `description`) VALUES (3046, 1, "Western Plaguelands Local Minerals 14");
INSERT INTO `pool_gameobject` (`guid`, `pool_entry`, `chance`, `description`) VALUES (16419, 3046, 10, "");
INSERT INTO `pool_gameobject` (`guid`, `pool_entry`, `chance`, `description`) VALUES (16581, 3046, 5, "");
INSERT INTO `pool_gameobject` (`guid`, `pool_entry`, `chance`, `description`) VALUES (16684, 3046, 0, "");
INSERT INTO `pool_template` (`entry`, `max_limit`, `description`) VALUES (3073, 1, "Western Plaguelands Local Minerals 15");
INSERT INTO `pool_gameobject` (`guid`, `pool_entry`, `chance`, `description`) VALUES (16591, 3073, 5, "");
INSERT INTO `pool_gameobject` (`guid`, `pool_entry`, `chance`, `description`) VALUES (16726, 3073, 0, "");
INSERT INTO `pool_gameobject` (`guid`, `pool_entry`, `chance`, `description`) VALUES (16733, 3073, 0, "");
INSERT INTO `pool_template` (`entry`, `max_limit`, `description`) VALUES (3095, 1, "Western Plaguelands Local Minerals 16");
INSERT INTO `pool_gameobject` (`guid`, `pool_entry`, `chance`, `description`) VALUES (16596, 3095, 5, "");
INSERT INTO `pool_gameobject` (`guid`, `pool_entry`, `chance`, `description`) VALUES (16730, 3095, 0, "");
INSERT INTO `pool_template` (`entry`, `max_limit`, `description`) VALUES (3125, 1, "Western Plaguelands Local Minerals 17");
INSERT INTO `pool_gameobject` (`guid`, `pool_entry`, `chance`, `description`) VALUES (16592, 3125, 5, "");
INSERT INTO `pool_gameobject` (`guid`, `pool_entry`, `chance`, `description`) VALUES (16727, 3125, 0, "");
INSERT INTO `pool_template` (`entry`, `max_limit`, `description`) VALUES (3159, 1, "Western Plaguelands Local Minerals 18");
INSERT INTO `pool_gameobject` (`guid`, `pool_entry`, `chance`, `description`) VALUES (16585, 3159, 10, "");
INSERT INTO `pool_gameobject` (`guid`, `pool_entry`, `chance`, `description`) VALUES (16725, 3159, 0, "");
INSERT INTO `pool_template` (`entry`, `max_limit`, `description`) VALUES (3225, 1, "Western Plaguelands Local Minerals 19");
INSERT INTO `pool_gameobject` (`guid`, `pool_entry`, `chance`, `description`) VALUES (16717, 3225, 0, "");
INSERT INTO `pool_gameobject` (`guid`, `pool_entry`, `chance`, `description`) VALUES (16709, 3225, 0, "");
INSERT INTO `pool_template` (`entry`, `max_limit`, `description`) VALUES (3258, 1, "Western Plaguelands Local Minerals 20");
INSERT INTO `pool_gameobject` (`guid`, `pool_entry`, `chance`, `description`) VALUES (16708, 3258, 0, "");
INSERT INTO `pool_gameobject` (`guid`, `pool_entry`, `chance`, `description`) VALUES (16582, 3258, 8, "");
INSERT INTO `pool_template` (`entry`, `max_limit`, `description`) VALUES (3301, 1, "Western Plaguelands Local Minerals 21");
INSERT INTO `pool_gameobject` (`guid`, `pool_entry`, `chance`, `description`) VALUES (16707, 3301, 0, "");
INSERT INTO `pool_gameobject` (`guid`, `pool_entry`, `chance`, `description`) VALUES (16580, 3301, 7, "");
INSERT INTO `pool_gameobject` (`guid`, `pool_entry`, `chance`, `description`) VALUES (16704, 3301, 0, "");
INSERT INTO `pool_template` (`entry`, `max_limit`, `description`) VALUES (3431, 1, "Western Plaguelands Local Minerals 22");
INSERT INTO `pool_gameobject` (`guid`, `pool_entry`, `chance`, `description`) VALUES (16418, 3431, 6, "");
INSERT INTO `pool_gameobject` (`guid`, `pool_entry`, `chance`, `description`) VALUES (16683, 3431, 0, "");
INSERT INTO `pool_template` (`entry`, `max_limit`, `description`) VALUES (3438, 1, "Western Plaguelands Local Minerals 23");
INSERT INTO `pool_gameobject` (`guid`, `pool_entry`, `chance`, `description`) VALUES (16417, 3438, 10, "");
INSERT INTO `pool_gameobject` (`guid`, `pool_entry`, `chance`, `description`) VALUES (16579, 3438, 5, "");
INSERT INTO `pool_gameobject` (`guid`, `pool_entry`, `chance`, `description`) VALUES (16682, 3438, 0, "");
INSERT INTO `pool_template` (`entry`, `max_limit`, `description`) VALUES (3449, 1, "Western Plaguelands Local Minerals 24");
INSERT INTO `pool_gameobject` (`guid`, `pool_entry`, `chance`, `description`) VALUES (16578, 3449, 10, "");
INSERT INTO `pool_gameobject` (`guid`, `pool_entry`, `chance`, `description`) VALUES (16703, 3449, 0, "");
INSERT INTO `pool_gameobject` (`guid`, `pool_entry`, `chance`, `description`) VALUES (16702, 3449, 0, "");
INSERT INTO `pool_template` (`entry`, `max_limit`, `description`) VALUES (3471, 1, "Western Plaguelands Local Minerals 25");
INSERT INTO `pool_gameobject` (`guid`, `pool_entry`, `chance`, `description`) VALUES (16701, 3471, 0, "");
INSERT INTO `pool_gameobject` (`guid`, `pool_entry`, `chance`, `description`) VALUES (16700, 3471, 0, "");
INSERT INTO `pool_template` (`entry`, `max_limit`, `description`) VALUES (3477, 1, "Western Plaguelands Local Minerals 26");
INSERT INTO `pool_gameobject` (`guid`, `pool_entry`, `chance`, `description`) VALUES (16574, 3477, 5, "");
INSERT INTO `pool_gameobject` (`guid`, `pool_entry`, `chance`, `description`) VALUES (16681, 3477, 0, "");
INSERT INTO `pool_gameobject` (`guid`, `pool_entry`, `chance`, `description`) VALUES (16416, 3477, 10, "");
INSERT INTO `pool_template` (`entry`, `max_limit`, `description`) VALUES (3483, 1, "Western Plaguelands Local Minerals 27");
INSERT INTO `pool_gameobject` (`guid`, `pool_entry`, `chance`, `description`) VALUES (16565, 3483, 10, "");
INSERT INTO `pool_gameobject` (`guid`, `pool_entry`, `chance`, `description`) VALUES (16699, 3483, 0, "");
INSERT INTO `pool_gameobject` (`guid`, `pool_entry`, `chance`, `description`) VALUES (16698, 3483, 0, "");
INSERT INTO `pool_template` (`entry`, `max_limit`, `description`) VALUES (3493, 1, "Western Plaguelands Local Minerals 28");
INSERT INTO `pool_gameobject` (`guid`, `pool_entry`, `chance`, `description`) VALUES (16680, 3493, 0, "");
INSERT INTO `pool_gameobject` (`guid`, `pool_entry`, `chance`, `description`) VALUES (16263, 3493, 8, "");
INSERT INTO `pool_gameobject` (`guid`, `pool_entry`, `chance`, `description`) VALUES (16679, 3493, 0, "");
INSERT INTO `pool_gameobject` (`guid`, `pool_entry`, `chance`, `description`) VALUES (16556, 3493, 4, "");
INSERT INTO `pool_template` (`entry`, `max_limit`, `description`) VALUES (3502, 1, "Western Plaguelands Local Minerals 29");
INSERT INTO `pool_gameobject` (`guid`, `pool_entry`, `chance`, `description`) VALUES (16555, 3502, 7, "");
INSERT INTO `pool_gameobject` (`guid`, `pool_entry`, `chance`, `description`) VALUES (16696, 3502, 0, "");
INSERT INTO `pool_gameobject` (`guid`, `pool_entry`, `chance`, `description`) VALUES (16695, 3502, 0, "");
INSERT INTO `pool_template` (`entry`, `max_limit`, `description`) VALUES (3523, 1, "Western Plaguelands Local Minerals 30");
INSERT INTO `pool_gameobject` (`guid`, `pool_entry`, `chance`, `description`) VALUES (16262, 3523, 12, "");
INSERT INTO `pool_gameobject` (`guid`, `pool_entry`, `chance`, `description`) VALUES (16678, 3523, 0, "");
INSERT INTO `pool_gameobject` (`guid`, `pool_entry`, `chance`, `description`) VALUES (16554, 3523, 8, "");
INSERT INTO `pool_template` (`entry`, `max_limit`, `description`) VALUES (3527, 1, "Western Plaguelands Local Minerals 31");
INSERT INTO `pool_gameobject` (`guid`, `pool_entry`, `chance`, `description`) VALUES (16552, 3527, 8, "");
INSERT INTO `pool_gameobject` (`guid`, `pool_entry`, `chance`, `description`) VALUES (16677, 3527, 0, "");
INSERT INTO `pool_gameobject` (`guid`, `pool_entry`, `chance`, `description`) VALUES (16249, 3527, 6, "");
INSERT INTO `pool_gameobject` (`guid`, `pool_entry`, `chance`, `description`) VALUES (16676, 3527, 0, "");
INSERT INTO `pool_gameobject` (`guid`, `pool_entry`, `chance`, `description`) VALUES (16261, 3527, 6, "");
INSERT INTO `pool_gameobject` (`guid`, `pool_entry`, `chance`, `description`) VALUES (16697, 3527, 0, "");
INSERT INTO `pool_template` (`entry`, `max_limit`, `description`) VALUES (3532, 1, "Western Plaguelands Local Minerals 32");
INSERT INTO `pool_gameobject` (`guid`, `pool_entry`, `chance`, `description`) VALUES (16830, 3532, 0, "");
INSERT INTO `pool_gameobject` (`guid`, `pool_entry`, `chance`, `description`) VALUES (16551, 3532, 10, "");
INSERT INTO `pool_gameobject` (`guid`, `pool_entry`, `chance`, `description`) VALUES (16829, 3532, 0, "");
INSERT INTO `pool_template` (`entry`, `max_limit`, `description`) VALUES (3544, 1, "Western Plaguelands Local Minerals 33");
INSERT INTO `pool_gameobject` (`guid`, `pool_entry`, `chance`, `description`) VALUES (16663, 3544, 0, "");
INSERT INTO `pool_gameobject` (`guid`, `pool_entry`, `chance`, `description`) VALUES (16183, 3544, 10, "");
INSERT INTO `pool_gameobject` (`guid`, `pool_entry`, `chance`, `description`) VALUES (16550, 3544, 5, "");
INSERT INTO `pool_gameobject` (`guid`, `pool_entry`, `chance`, `description`) VALUES (16662, 3544, 0, "");
INSERT INTO `pool_template` (`entry`, `max_limit`, `description`) VALUES (3554, 1, "Western Plaguelands Local Minerals 34");
INSERT INTO `pool_gameobject` (`guid`, `pool_entry`, `chance`, `description`) VALUES (16171, 3554, 10, "");
INSERT INTO `pool_gameobject` (`guid`, `pool_entry`, `chance`, `description`) VALUES (16661, 3554, 0, "");
INSERT INTO `pool_gameobject` (`guid`, `pool_entry`, `chance`, `description`) VALUES (16548, 3554, 5, "");
INSERT INTO `pool_template` (`entry`, `max_limit`, `description`) VALUES (3569, 1, "Western Plaguelands Local Minerals 35");
INSERT INTO `pool_gameobject` (`guid`, `pool_entry`, `chance`, `description`) VALUES (16141, 3569, 15, "");
INSERT INTO `pool_gameobject` (`guid`, `pool_entry`, `chance`, `description`) VALUES (16547, 3569, 10, "");
INSERT INTO `pool_gameobject` (`guid`, `pool_entry`, `chance`, `description`) VALUES (16660, 3569, 0, "");
INSERT INTO `pool_template` (`entry`, `max_limit`, `description`) VALUES (3583, 1, "Western Plaguelands Local Minerals 36");
INSERT INTO `pool_gameobject` (`guid`, `pool_entry`, `chance`, `description`) VALUES (16129, 3583, 10, "");
INSERT INTO `pool_gameobject` (`guid`, `pool_entry`, `chance`, `description`) VALUES (16527, 3583, 5, "");
INSERT INTO `pool_gameobject` (`guid`, `pool_entry`, `chance`, `description`) VALUES (16659, 3583, 0, "");
INSERT INTO `pool_gameobject` (`guid`, `pool_entry`, `chance`, `description`) VALUES (16658, 3583, 0, "");
INSERT INTO `pool_template` (`entry`, `max_limit`, `description`) VALUES (3592, 1, "Western Plaguelands Local Minerals 37");
INSERT INTO `pool_gameobject` (`guid`, `pool_entry`, `chance`, `description`) VALUES (16037, 3592, 10, "");
INSERT INTO `pool_gameobject` (`guid`, `pool_entry`, `chance`, `description`) VALUES (16504, 3592, 5, "");
INSERT INTO `pool_gameobject` (`guid`, `pool_entry`, `chance`, `description`) VALUES (16657, 3592, 0, "");
INSERT INTO `pool_gameobject` (`guid`, `pool_entry`, `chance`, `description`) VALUES (16656, 3592, 0, "");
INSERT INTO `pool_template` (`entry`, `max_limit`, `description`) VALUES (3600, 1, "Western Plaguelands Local Minerals 38");
INSERT INTO `pool_gameobject` (`guid`, `pool_entry`, `chance`, `description`) VALUES (15787, 3600, 5, "");
INSERT INTO `pool_gameobject` (`guid`, `pool_entry`, `chance`, `description`) VALUES (16482, 3600, 2, "");
INSERT INTO `pool_gameobject` (`guid`, `pool_entry`, `chance`, `description`) VALUES (16655, 3600, 0, "");
INSERT INTO `pool_gameobject` (`guid`, `pool_entry`, `chance`, `description`) VALUES (15779, 3600, 5, "");
INSERT INTO `pool_gameobject` (`guid`, `pool_entry`, `chance`, `description`) VALUES (16479, 3600, 3, "");
INSERT INTO `pool_gameobject` (`guid`, `pool_entry`, `chance`, `description`) VALUES (16654, 3600, 0, "");
INSERT INTO `pool_template` (`entry`, `max_limit`, `description`) VALUES (3605, 1, "Western Plaguelands Local Minerals 39");
INSERT INTO `pool_gameobject` (`guid`, `pool_entry`, `chance`, `description`) VALUES (15778, 3605, 10, "");
INSERT INTO `pool_gameobject` (`guid`, `pool_entry`, `chance`, `description`) VALUES (16478, 3605, 5, "");
INSERT INTO `pool_gameobject` (`guid`, `pool_entry`, `chance`, `description`) VALUES (16653, 3605, 0, "");
INSERT INTO `pool_template` (`entry`, `max_limit`, `description`) VALUES (3614, 1, "Western Plaguelands Local Minerals 40");
INSERT INTO `pool_gameobject` (`guid`, `pool_entry`, `chance`, `description`) VALUES (16463, 3614, 5, "");
INSERT INTO `pool_gameobject` (`guid`, `pool_entry`, `chance`, `description`) VALUES (16650, 3614, 0, "");
INSERT INTO `pool_gameobject` (`guid`, `pool_entry`, `chance`, `description`) VALUES (15775, 3614, 10, "");
INSERT INTO `pool_template` (`entry`, `max_limit`, `description`) VALUES (3623, 1, "Western Plaguelands Local Minerals 41");
INSERT INTO `pool_gameobject` (`guid`, `pool_entry`, `chance`, `description`) VALUES (15774, 3623, 10, "");
INSERT INTO `pool_gameobject` (`guid`, `pool_entry`, `chance`, `description`) VALUES (16457, 3623, 5, "");
INSERT INTO `pool_gameobject` (`guid`, `pool_entry`, `chance`, `description`) VALUES (16647, 3623, 0, "");
INSERT INTO `pool_template` (`entry`, `max_limit`, `description`) VALUES (3630, 1, "Western Plaguelands Local Minerals 42");
INSERT INTO `pool_gameobject` (`guid`, `pool_entry`, `chance`, `description`) VALUES (15773, 3630, 10, "");
INSERT INTO `pool_gameobject` (`guid`, `pool_entry`, `chance`, `description`) VALUES (16454, 3630, 5, "");
INSERT INTO `pool_gameobject` (`guid`, `pool_entry`, `chance`, `description`) VALUES (16646, 3630, 0, "");
INSERT INTO `pool_template` (`entry`, `max_limit`, `description`) VALUES (3637, 1, "Western Plaguelands Local Minerals 43");
INSERT INTO `pool_gameobject` (`guid`, `pool_entry`, `chance`, `description`) VALUES (15772, 3637, 15, "");
INSERT INTO `pool_gameobject` (`guid`, `pool_entry`, `chance`, `description`) VALUES (16450, 3637, 10, "");
INSERT INTO `pool_gameobject` (`guid`, `pool_entry`, `chance`, `description`) VALUES (16645, 3637, 0, "");
INSERT INTO `pool_template` (`entry`, `max_limit`, `description`) VALUES (3640, 1, "Western Plaguelands Local Minerals 44");
INSERT INTO `pool_gameobject` (`guid`, `pool_entry`, `chance`, `description`) VALUES (16626, 3640, 0, "");
INSERT INTO `pool_gameobject` (`guid`, `pool_entry`, `chance`, `description`) VALUES (15771, 3640, 8, "");
INSERT INTO `pool_gameobject` (`guid`, `pool_entry`, `chance`, `description`) VALUES (16449, 3640, 3, "");
INSERT INTO `pool_template` (`entry`, `max_limit`, `description`) VALUES (1344, 1, "Western Plaguelands Local Minerals 45");
INSERT INTO `pool_gameobject` (`guid`, `pool_entry`, `chance`, `description`) VALUES (16824, 1344, 0, "");
INSERT INTO `pool_gameobject` (`guid`, `pool_entry`, `chance`, `description`) VALUES (16623, 1344, 5, "");
INSERT INTO `pool_gameobject` (`guid`, `pool_entry`, `chance`, `description`) VALUES (16823, 1344, 0, "");
INSERT INTO `pool_template` (`entry`, `max_limit`, `description`) VALUES (1586, 1, "Western Plaguelands The Weeping Cave Local Minerals 1");
INSERT INTO `pool_gameobject` (`guid`, `pool_entry`, `chance`, `description`) VALUES (16822, 1586, 0, "");
INSERT INTO `pool_gameobject` (`guid`, `pool_entry`, `chance`, `description`) VALUES (16821, 1586, 0, "");
INSERT INTO `pool_gameobject` (`guid`, `pool_entry`, `chance`, `description`) VALUES (16621, 1586, 5, "");
INSERT INTO `pool_gameobject` (`guid`, `pool_entry`, `chance`, `description`) VALUES (16841, 1586, 25, "");
INSERT INTO `pool_gameobject` (`guid`, `pool_entry`, `chance`, `description`) VALUES (16620, 1586, 5, "");
INSERT INTO `pool_gameobject` (`guid`, `pool_entry`, `chance`, `description`) VALUES (16820, 1586, 0, "");
INSERT INTO `pool_template` (`entry`, `max_limit`, `description`) VALUES (1897, 1, "Western Plaguelands The Weeping Cave Local Minerals 2");
INSERT INTO `pool_gameobject` (`guid`, `pool_entry`, `chance`, `description`) VALUES (16622, 1897, 5, "");
INSERT INTO `pool_gameobject` (`guid`, `pool_entry`, `chance`, `description`) VALUES (16843, 1897, 20, "");
INSERT INTO `pool_gameobject` (`guid`, `pool_entry`, `chance`, `description`) VALUES (16842, 1897, 20, "");
INSERT INTO `pool_gameobject` (`guid`, `pool_entry`, `chance`, `description`) VALUES (16840, 1897, 20, "");
INSERT INTO `pool_gameobject` (`guid`, `pool_entry`, `chance`, `description`) VALUES (16615, 1897, 5, "");
INSERT INTO `pool_gameobject` (`guid`, `pool_entry`, `chance`, `description`) VALUES (16614, 1897, 5, "");
INSERT INTO `pool_gameobject` (`guid`, `pool_entry`, `chance`, `description`) VALUES (16761, 1897, 0, "");
INSERT INTO `pool_gameobject` (`guid`, `pool_entry`, `chance`, `description`) VALUES (16760, 1897, 0, "");
INSERT INTO `pool_template` (`entry`, `max_limit`, `description`) VALUES (2001, 1, "Western Plaguelands The Weeping Cave Local Minerals 3");
INSERT INTO `pool_gameobject` (`guid`, `pool_entry`, `chance`, `description`) VALUES (16766, 2001, 0, "");
INSERT INTO `pool_gameobject` (`guid`, `pool_entry`, `chance`, `description`) VALUES (16613, 2001, 15, "");
INSERT INTO `pool_gameobject` (`guid`, `pool_entry`, `chance`, `description`) VALUES (16839, 2001, 25, "");
INSERT INTO `pool_gameobject` (`guid`, `pool_entry`, `chance`, `description`) VALUES (16838, 2001, 25, "");
INSERT INTO `pool_template` (`entry`, `max_limit`, `description`) VALUES (2041, 1, "Western Plaguelands Local Minerals 46");
INSERT INTO `pool_gameobject` (`guid`, `pool_entry`, `chance`, `description`) VALUES (16819, 2041, 0, "");
INSERT INTO `pool_gameobject` (`guid`, `pool_entry`, `chance`, `description`) VALUES (16616, 2041, 7, "");
INSERT INTO `pool_gameobject` (`guid`, `pool_entry`, `chance`, `description`) VALUES (16818, 2041, 0, "");
INSERT INTO `pool_template` (`entry`, `max_limit`, `description`) VALUES (2061, 1, "Western Plaguelands Local Minerals 47");
INSERT INTO `pool_gameobject` (`guid`, `pool_entry`, `chance`, `description`) VALUES (16577, 2061, 10, "");
INSERT INTO `pool_gameobject` (`guid`, `pool_entry`, `chance`, `description`) VALUES (16837, 2061, 0, "");
INSERT INTO `pool_gameobject` (`guid`, `pool_entry`, `chance`, `description`) VALUES (16836, 2061, 0, "");
INSERT INTO `pool_template` (`entry`, `max_limit`, `description`) VALUES (2093, 1, "Western Plaguelands Local Minerals 48");
INSERT INTO `pool_gameobject` (`guid`, `pool_entry`, `chance`, `description`) VALUES (16828, 2093, 0, "");
INSERT INTO `pool_gameobject` (`guid`, `pool_entry`, `chance`, `description`) VALUES (16827, 2093, 0, "");
INSERT INTO `pool_gameobject` (`guid`, `pool_entry`, `chance`, `description`) VALUES (16549, 2093, 15, "");
INSERT INTO `pool_template` (`entry`, `max_limit`, `description`) VALUES (6004, 1, "Western Plaguelands Local Minerals 49");
INSERT INTO `pool_gameobject` (`guid`, `pool_entry`, `chance`, `description`) VALUES (16694, 6004, 0, "");
INSERT INTO `pool_gameobject` (`guid`, `pool_entry`, `chance`, `description`) VALUES (16553, 6004, 7, "");
INSERT INTO `pool_gameobject` (`guid`, `pool_entry`, `chance`, `description`) VALUES (16693, 6004, 0, "");
INSERT INTO `pool_gameobject` (`guid`, `pool_entry`, `chance`, `description`) VALUES (16692, 6004, 0, "");
INSERT INTO `pool_template` (`entry`, `max_limit`, `description`) VALUES (2271, 1, "Western Plaguelands Hearthglen Mine Local Minerals 1");
INSERT INTO `pool_gameobject` (`guid`, `pool_entry`, `chance`, `description`) VALUES (16835, 2271, 0, "");
INSERT INTO `pool_gameobject` (`guid`, `pool_entry`, `chance`, `description`) VALUES (16562, 2271, 10, "");
INSERT INTO `pool_gameobject` (`guid`, `pool_entry`, `chance`, `description`) VALUES (16831, 2271, 0, "");
INSERT INTO `pool_template` (`entry`, `max_limit`, `description`) VALUES (2293, 1, "Western Plaguelands Hearthglen Mine Local Minerals 2");
INSERT INTO `pool_gameobject` (`guid`, `pool_entry`, `chance`, `description`) VALUES (16564, 2293, 6, "");
INSERT INTO `pool_gameobject` (`guid`, `pool_entry`, `chance`, `description`) VALUES (16834, 2293, 0, "");
INSERT INTO `pool_gameobject` (`guid`, `pool_entry`, `chance`, `description`) VALUES (16833, 2293, 0, "");
INSERT INTO `pool_gameobject` (`guid`, `pool_entry`, `chance`, `description`) VALUES (16563, 2293, 9, "");
INSERT INTO `pool_gameobject` (`guid`, `pool_entry`, `chance`, `description`) VALUES (16832, 2293, 0, "");
INSERT INTO `pool_template` (`entry`, `max_limit`, `description`) VALUES (2332, 1, "Western Plaguelands Local Minerals 50");
INSERT INTO `pool_gameobject` (`guid`, `pool_entry`, `chance`, `description`) VALUES (15777, 2332, 6, "");
INSERT INTO `pool_gameobject` (`guid`, `pool_entry`, `chance`, `description`) VALUES (16652, 2332, 0, "");
INSERT INTO `pool_gameobject` (`guid`, `pool_entry`, `chance`, `description`) VALUES (16477, 2332, 5, "");
INSERT INTO `pool_gameobject` (`guid`, `pool_entry`, `chance`, `description`) VALUES (15776, 2332, 4, "");
INSERT INTO `pool_gameobject` (`guid`, `pool_entry`, `chance`, `description`) VALUES (16651, 2332, 0, "");

-- Pool Pooling
INSERT INTO `pool_template` (`entry`, `max_limit`, `description`) VALUES (1345, 3, "Western Plaguelands Gahrrons Withering Mineral Nodes");
INSERT INTO `pool_pool` (`pool_id`, `mother_pool`, `chance`, `description`) VALUES (1343, 1345, 0, "");
INSERT INTO `pool_pool` (`pool_id`, `mother_pool`, `chance`, `description`) VALUES (1585, 1345, 0, "");
INSERT INTO `pool_pool` (`pool_id`, `mother_pool`, `chance`, `description`) VALUES (1896, 1345, 0, "");
INSERT INTO `pool_pool` (`pool_id`, `mother_pool`, `chance`, `description`) VALUES (2041, 1345, 0, "");
INSERT INTO `pool_pool` (`pool_id`, `mother_pool`, `chance`, `description`) VALUES (2000, 1345, 0, "");
INSERT INTO `pool_pool` (`pool_id`, `mother_pool`, `chance`, `description`) VALUES (2040, 1345, 0, "");
INSERT INTO `pool_template` (`entry`, `max_limit`, `description`) VALUES (1587, 3, "Western Plaguelands The Weeping Cave Mineral Nodes");
INSERT INTO `pool_pool` (`pool_id`, `mother_pool`, `chance`, `description`) VALUES (1344, 1587, 40, "");
INSERT INTO `pool_pool` (`pool_id`, `mother_pool`, `chance`, `description`) VALUES (1586, 1587, 30, "");
INSERT INTO `pool_pool` (`pool_id`, `mother_pool`, `chance`, `description`) VALUES (1897, 1587, 0, "");
INSERT INTO `pool_pool` (`pool_id`, `mother_pool`, `chance`, `description`) VALUES (2001, 1587, 0, "");
INSERT INTO `pool_template` (`entry`, `max_limit`, `description`) VALUES (1898, 2, "Western Plaguelands The Writhing Haunt Mineral Nodes");
INSERT INTO `pool_pool` (`pool_id`, `mother_pool`, `chance`, `description`) VALUES (2060, 1898, 0, "");
INSERT INTO `pool_pool` (`pool_id`, `mother_pool`, `chance`, `description`) VALUES (2270, 1898, 0, "");
INSERT INTO `pool_pool` (`pool_id`, `mother_pool`, `chance`, `description`) VALUES (2415, 1898, 0, "");
INSERT INTO `pool_pool` (`pool_id`, `mother_pool`, `chance`, `description`) VALUES (3046, 1898, 0, "");
INSERT INTO `pool_pool` (`pool_id`, `mother_pool`, `chance`, `description`) VALUES (3431, 1898, 20, "");
INSERT INTO `pool_pool` (`pool_id`, `mother_pool`, `chance`, `description`) VALUES (2331, 1898, 25, "");
INSERT INTO `pool_template` (`entry`, `max_limit`, `description`) VALUES (2042, 2, "Western Plaguelands Sorrow Hill Mineral Nodes");
INSERT INTO `pool_pool` (`pool_id`, `mother_pool`, `chance`, `description`) VALUES (2092, 2042, 0, "");
INSERT INTO `pool_pool` (`pool_id`, `mother_pool`, `chance`, `description`) VALUES (2292, 2042, 0, "");
INSERT INTO `pool_pool` (`pool_id`, `mother_pool`, `chance`, `description`) VALUES (2454, 2042, 0, "");
INSERT INTO `pool_pool` (`pool_id`, `mother_pool`, `chance`, `description`) VALUES (3438, 2042, 0, "");
INSERT INTO `pool_pool` (`pool_id`, `mother_pool`, `chance`, `description`) VALUES (3477, 2042, 0, "");
INSERT INTO `pool_pool` (`pool_id`, `mother_pool`, `chance`, `description`) VALUES (3523, 2042, 0, "");
INSERT INTO `pool_template` (`entry`, `max_limit`, `description`) VALUES (2062, 1, "Western Plaguelands Hearthglen Road Mineral Nodes 1");
INSERT INTO `pool_pool` (`pool_id`, `mother_pool`, `chance`, `description`) VALUES (6000, 2062, 0, "");
INSERT INTO `pool_pool` (`pool_id`, `mother_pool`, `chance`, `description`) VALUES (3095, 2062, 0, "");
INSERT INTO `pool_pool` (`pool_id`, `mother_pool`, `chance`, `description`) VALUES (3073, 2062, 50, "");
INSERT INTO `pool_template` (`entry`, `max_limit`, `description`) VALUES (2094, 1, "Western Plaguelands Hearthglen Road Mineral Nodes 2");
INSERT INTO `pool_pool` (`pool_id`, `mother_pool`, `chance`, `description`) VALUES (3125, 2094, 0, "");
INSERT INTO `pool_pool` (`pool_id`, `mother_pool`, `chance`, `description`) VALUES (3159, 2094, 0, "");
INSERT INTO `pool_pool` (`pool_id`, `mother_pool`, `chance`, `description`) VALUES (3258, 2094, 0, "");
INSERT INTO `pool_template` (`entry`, `max_limit`, `description`) VALUES (2160, 3, "Western Plaguelands Northridge Lumber Camp Mineral Nodes");
INSERT INTO `pool_pool` (`pool_id`, `mother_pool`, `chance`, `description`) VALUES (3225, 2160, 0, "");
INSERT INTO `pool_pool` (`pool_id`, `mother_pool`, `chance`, `description`) VALUES (3301, 2160, 0, "");
INSERT INTO `pool_pool` (`pool_id`, `mother_pool`, `chance`, `description`) VALUES (3471, 2160, 0, "");
INSERT INTO `pool_pool` (`pool_id`, `mother_pool`, `chance`, `description`) VALUES (3483, 2160, 20, "");
INSERT INTO `pool_pool` (`pool_id`, `mother_pool`, `chance`, `description`) VALUES (3502, 2160, 0, "");
INSERT INTO `pool_pool` (`pool_id`, `mother_pool`, `chance`, `description`) VALUES (6004, 2160, 0, "");
INSERT INTO `pool_pool` (`pool_id`, `mother_pool`, `chance`, `description`) VALUES (3527, 2160, 0, "");
INSERT INTO `pool_template` (`entry`, `max_limit`, `description`) VALUES (2272, 2, "Western Plaguelands Hearthglen Mineral Nodes");
INSERT INTO `pool_pool` (`pool_id`, `mother_pool`, `chance`, `description`) VALUES (3449, 2272, 0, "");
INSERT INTO `pool_pool` (`pool_id`, `mother_pool`, `chance`, `description`) VALUES (2061, 2272, 0, "");
INSERT INTO `pool_pool` (`pool_id`, `mother_pool`, `chance`, `description`) VALUES (3532, 2272, 0, "");
INSERT INTO `pool_pool` (`pool_id`, `mother_pool`, `chance`, `description`) VALUES (2093, 2272, 0, "");
INSERT INTO `pool_template` (`entry`, `max_limit`, `description`) VALUES (2294, 1, "Western Plaguelands Hearthglen Mine Mineral Nodes");
INSERT INTO `pool_pool` (`pool_id`, `mother_pool`, `chance`, `description`) VALUES (2271, 2294, 0, "");
INSERT INTO `pool_pool` (`pool_id`, `mother_pool`, `chance`, `description`) VALUES (2293, 2294, 65, "");
INSERT INTO `pool_template` (`entry`, `max_limit`, `description`) VALUES (2333, 1, "Western Plaguelands West Ruins of Andorhal Mineral Nodes");
INSERT INTO `pool_pool` (`pool_id`, `mother_pool`, `chance`, `description`) VALUES (3493, 2333, 0, "");
INSERT INTO `pool_pool` (`pool_id`, `mother_pool`, `chance`, `description`) VALUES (3544, 2333, 0, "");
INSERT INTO `pool_pool` (`pool_id`, `mother_pool`, `chance`, `description`) VALUES (3569, 2333, 0, "");
INSERT INTO `pool_template` (`entry`, `max_limit`, `description`) VALUES (2416, 1, "Western Plaguelands South West Mineral Nodes 1");
INSERT INTO `pool_pool` (`pool_id`, `mother_pool`, `chance`, `description`) VALUES (3600, 2416, 0, "");
INSERT INTO `pool_pool` (`pool_id`, `mother_pool`, `chance`, `description`) VALUES (3592, 2416, 0, "");
INSERT INTO `pool_pool` (`pool_id`, `mother_pool`, `chance`, `description`) VALUES (3623, 2416, 0, "");
INSERT INTO `pool_pool` (`pool_id`, `mother_pool`, `chance`, `description`) VALUES (3640, 2416, 0, "");
INSERT INTO `pool_template` (`entry`, `max_limit`, `description`) VALUES (2455, 1, "Western Plaguelands South West Mineral Nodes 2");
INSERT INTO `pool_pool` (`pool_id`, `mother_pool`, `chance`, `description`) VALUES (3583, 2455, 30, "");
INSERT INTO `pool_pool` (`pool_id`, `mother_pool`, `chance`, `description`) VALUES (3605, 2455, 30, "");
INSERT INTO `pool_pool` (`pool_id`, `mother_pool`, `chance`, `description`) VALUES (3630, 2455, 0, "");
INSERT INTO `pool_pool` (`pool_id`, `mother_pool`, `chance`, `description`) VALUES (3637, 2455, 0, "");
INSERT INTO `pool_template` (`entry`, `max_limit`, `description`) VALUES (3047, 1, "Western Plaguelands Felstone Field Mineral Nodes");
INSERT INTO `pool_pool` (`pool_id`, `mother_pool`, `chance`, `description`) VALUES (3554, 3047, 0, "");
INSERT INTO `pool_pool` (`pool_id`, `mother_pool`, `chance`, `description`) VALUES (2332, 3047, 0, "");
INSERT INTO `pool_pool` (`pool_id`, `mother_pool`, `chance`, `description`) VALUES (3614, 3047, 0, "");

-- Westfall:
-- Local Pooling
INSERT INTO `pool_template` (`entry`, `max_limit`, `description`) VALUES (1351, 1, "Westfall Local Minerals 1");
INSERT INTO `pool_gameobject` (`guid`, `pool_entry`, `chance`, `description`) VALUES (7193, 1351, 0, "");
INSERT INTO `pool_gameobject` (`guid`, `pool_entry`, `chance`, `description`) VALUES (7192, 1351, 0, "");
INSERT INTO `pool_gameobject` (`guid`, `pool_entry`, `chance`, `description`) VALUES (17165, 1351, 0, "");
INSERT INTO `pool_gameobject` (`guid`, `pool_entry`, `chance`, `description`) VALUES (17164, 1351, 0, "");
INSERT INTO `pool_gameobject` (`guid`, `pool_entry`, `chance`, `description`) VALUES (17163, 1351, 0, "");
INSERT INTO `pool_template` (`entry`, `max_limit`, `description`) VALUES (1592, 1, "Westfall Local Minerals 2");
INSERT INTO `pool_gameobject` (`guid`, `pool_entry`, `chance`, `description`) VALUES (17162, 1592, 0, "");
INSERT INTO `pool_gameobject` (`guid`, `pool_entry`, `chance`, `description`) VALUES (17161, 1592, 0, "");
INSERT INTO `pool_gameobject` (`guid`, `pool_entry`, `chance`, `description`) VALUES (17160, 1592, 0, "");
INSERT INTO `pool_gameobject` (`guid`, `pool_entry`, `chance`, `description`) VALUES (17159, 1592, 0, "");
INSERT INTO `pool_gameobject` (`guid`, `pool_entry`, `chance`, `description`) VALUES (17158, 1592, 0, "");
INSERT INTO `pool_template` (`entry`, `max_limit`, `description`) VALUES (1730, 1, "Westfall Local Minerals 3");
INSERT INTO `pool_gameobject` (`guid`, `pool_entry`, `chance`, `description`) VALUES (17287, 1730, 0, "");
INSERT INTO `pool_gameobject` (`guid`, `pool_entry`, `chance`, `description`) VALUES (17257, 1730, 0, "");
INSERT INTO `pool_gameobject` (`guid`, `pool_entry`, `chance`, `description`) VALUES (17166, 1730, 0, "");
INSERT INTO `pool_template` (`entry`, `max_limit`, `description`) VALUES (1777, 1, "Westfall Local Minerals 4");
INSERT INTO `pool_gameobject` (`guid`, `pool_entry`, `chance`, `description`) VALUES (17256, 1777, 50, "");
INSERT INTO `pool_gameobject` (`guid`, `pool_entry`, `chance`, `description`) VALUES (17458, 1777, 10, "");
INSERT INTO `pool_gameobject` (`guid`, `pool_entry`, `chance`, `description`) VALUES (17157, 1777, 0, "");
INSERT INTO `pool_gameobject` (`guid`, `pool_entry`, `chance`, `description`) VALUES (17156, 1777, 0, "");
INSERT INTO `pool_template` (`entry`, `max_limit`, `description`) VALUES (1860, 1, "Westfall Local Minerals 5");
INSERT INTO `pool_gameobject` (`guid`, `pool_entry`, `chance`, `description`) VALUES (17152, 1860, 0, "");
INSERT INTO `pool_gameobject` (`guid`, `pool_entry`, `chance`, `description`) VALUES (17151, 1860, 0, "");
INSERT INTO `pool_gameobject` (`guid`, `pool_entry`, `chance`, `description`) VALUES (17137, 1860, 0, "");
INSERT INTO `pool_gameobject` (`guid`, `pool_entry`, `chance`, `description`) VALUES (17133, 1860, 0, "");
INSERT INTO `pool_template` (`entry`, `max_limit`, `description`) VALUES (1900, 1, "Westfall Local Minerals 6");
INSERT INTO `pool_gameobject` (`guid`, `pool_entry`, `chance`, `description`) VALUES (17150, 1900, 0, "");
INSERT INTO `pool_gameobject` (`guid`, `pool_entry`, `chance`, `description`) VALUES (17149, 1900, 0, "");
INSERT INTO `pool_gameobject` (`guid`, `pool_entry`, `chance`, `description`) VALUES (17125, 1900, 40, "");
INSERT INTO `pool_template` (`entry`, `max_limit`, `description`) VALUES (1964, 1, "Westfall Local Minerals 7");
INSERT INTO `pool_gameobject` (`guid`, `pool_entry`, `chance`, `description`) VALUES (17148, 1964, 40, "");
INSERT INTO `pool_gameobject` (`guid`, `pool_entry`, `chance`, `description`) VALUES (17136, 1964, 0, "");
INSERT INTO `pool_gameobject` (`guid`, `pool_entry`, `chance`, `description`) VALUES (17132, 1964, 0, "");
INSERT INTO `pool_template` (`entry`, `max_limit`, `description`) VALUES (2045, 1, "Westfall Local Minerals 8");
INSERT INTO `pool_gameobject` (`guid`, `pool_entry`, `chance`, `description`) VALUES (17143, 2045, 0, "");
INSERT INTO `pool_gameobject` (`guid`, `pool_entry`, `chance`, `description`) VALUES (17138, 2045, 0, "");
INSERT INTO `pool_gameobject` (`guid`, `pool_entry`, `chance`, `description`) VALUES (17129, 2045, 0, "");
INSERT INTO `pool_gameobject` (`guid`, `pool_entry`, `chance`, `description`) VALUES (17128, 2045, 0, "");
INSERT INTO `pool_gameobject` (`guid`, `pool_entry`, `chance`, `description`) VALUES (17127, 2045, 0, "");
INSERT INTO `pool_gameobject` (`guid`, `pool_entry`, `chance`, `description`) VALUES (17126, 2045, 0, "");
INSERT INTO `pool_gameobject` (`guid`, `pool_entry`, `chance`, `description`) VALUES (17117, 2045, 0, "");
INSERT INTO `pool_gameobject` (`guid`, `pool_entry`, `chance`, `description`) VALUES (17116, 2045, 0, "");
INSERT INTO `pool_template` (`entry`, `max_limit`, `description`) VALUES (2065, 1, "Westfall Local Minerals 9");
INSERT INTO `pool_gameobject` (`guid`, `pool_entry`, `chance`, `description`) VALUES (17153, 2065, 40, "");
INSERT INTO `pool_gameobject` (`guid`, `pool_entry`, `chance`, `description`) VALUES (17147, 2065, 0, "");
INSERT INTO `pool_gameobject` (`guid`, `pool_entry`, `chance`, `description`) VALUES (17146, 2065, 0, "");
INSERT INTO `pool_template` (`entry`, `max_limit`, `description`) VALUES (6007, 1, "Westfall Local Minerals 10");
INSERT INTO `pool_gameobject` (`guid`, `pool_entry`, `chance`, `description`) VALUES (17255, 6007, 0, "");
INSERT INTO `pool_gameobject` (`guid`, `pool_entry`, `chance`, `description`) VALUES (17251, 6007, 0, "");
INSERT INTO `pool_gameobject` (`guid`, `pool_entry`, `chance`, `description`) VALUES (17131, 6007, 0, "");
INSERT INTO `pool_template` (`entry`, `max_limit`, `description`) VALUES (2275, 1, "Westfall Local Minerals 11");
INSERT INTO `pool_gameobject` (`guid`, `pool_entry`, `chance`, `description`) VALUES (17130, 2275, 40, "");
INSERT INTO `pool_gameobject` (`guid`, `pool_entry`, `chance`, `description`) VALUES (17123, 2275, 0, "");
INSERT INTO `pool_gameobject` (`guid`, `pool_entry`, `chance`, `description`) VALUES (17122, 2275, 0, "");
INSERT INTO `pool_template` (`entry`, `max_limit`, `description`) VALUES (2297, 1, "Westfall Local Minerals 12");
INSERT INTO `pool_gameobject` (`guid`, `pool_entry`, `chance`, `description`) VALUES (17124, 2297, 0, "");
INSERT INTO `pool_gameobject` (`guid`, `pool_entry`, `chance`, `description`) VALUES (17247, 2297, 65, "");
INSERT INTO `pool_template` (`entry`, `max_limit`, `description`) VALUES (2336, 1, "Westfall Local Minerals 13");
INSERT INTO `pool_gameobject` (`guid`, `pool_entry`, `chance`, `description`) VALUES (17121, 2336, 0, "");
INSERT INTO `pool_gameobject` (`guid`, `pool_entry`, `chance`, `description`) VALUES (17120, 2336, 0, "");
INSERT INTO `pool_gameobject` (`guid`, `pool_entry`, `chance`, `description`) VALUES (17246, 2336, 60, "");
INSERT INTO `pool_template` (`entry`, `max_limit`, `description`) VALUES (2458, 2, "Westfall Local Minerals 14");
INSERT INTO `pool_gameobject` (`guid`, `pool_entry`, `chance`, `description`) VALUES (17118, 2458, 0, "");
INSERT INTO `pool_gameobject` (`guid`, `pool_entry`, `chance`, `description`) VALUES (17115, 2458, 0, "");
INSERT INTO `pool_gameobject` (`guid`, `pool_entry`, `chance`, `description`) VALUES (17114, 2458, 0, "");
INSERT INTO `pool_gameobject` (`guid`, `pool_entry`, `chance`, `description`) VALUES (17102, 2458, 0, "");
INSERT INTO `pool_template` (`entry`, `max_limit`, `description`) VALUES (3075, 1, "Westfall Local Minerals 15");
INSERT INTO `pool_gameobject` (`guid`, `pool_entry`, `chance`, `description`) VALUES (17119, 3075, 0, "");
INSERT INTO `pool_gameobject` (`guid`, `pool_entry`, `chance`, `description`) VALUES (17113, 3075, 0, "");
INSERT INTO `pool_gameobject` (`guid`, `pool_entry`, `chance`, `description`) VALUES (17108, 3075, 0, "");
INSERT INTO `pool_template` (`entry`, `max_limit`, `description`) VALUES (3127, 1, "Westfall Local Minerals 16");
INSERT INTO `pool_gameobject` (`guid`, `pool_entry`, `chance`, `description`) VALUES (17109, 3127, 0, "");
INSERT INTO `pool_gameobject` (`guid`, `pool_entry`, `chance`, `description`) VALUES (17112, 3127, 0, "");
INSERT INTO `pool_template` (`entry`, `max_limit`, `description`) VALUES (3161, 1, "Westfall Jangolde Mine Local Minerals 1");
INSERT INTO `pool_gameobject` (`guid`, `pool_entry`, `chance`, `description`) VALUES (17237, 3161, 0, "");
INSERT INTO `pool_gameobject` (`guid`, `pool_entry`, `chance`, `description`) VALUES (17094, 3161, 0, "");
INSERT INTO `pool_gameobject` (`guid`, `pool_entry`, `chance`, `description`) VALUES (17097, 3161, 0, "");
INSERT INTO `pool_gameobject` (`guid`, `pool_entry`, `chance`, `description`) VALUES (17096, 3161, 0, "");
INSERT INTO `pool_gameobject` (`guid`, `pool_entry`, `chance`, `description`) VALUES (17236, 3161, 0, "");
INSERT INTO `pool_gameobject` (`guid`, `pool_entry`, `chance`, `description`) VALUES (17235, 3161, 0, "");
INSERT INTO `pool_template` (`entry`, `max_limit`, `description`) VALUES (3227, 1, "Westfall Jangolde Mine Local Minerals 2");
INSERT INTO `pool_gameobject` (`guid`, `pool_entry`, `chance`, `description`) VALUES (17111, 3227, 0, "");
INSERT INTO `pool_gameobject` (`guid`, `pool_entry`, `chance`, `description`) VALUES (17110, 3227, 0, "");
INSERT INTO `pool_gameobject` (`guid`, `pool_entry`, `chance`, `description`) VALUES (17242, 3227, 33, "");
INSERT INTO `pool_gameobject` (`guid`, `pool_entry`, `chance`, `description`) VALUES (17107, 3227, 0, "");
INSERT INTO `pool_gameobject` (`guid`, `pool_entry`, `chance`, `description`) VALUES (17106, 3227, 0, "");
INSERT INTO `pool_gameobject` (`guid`, `pool_entry`, `chance`, `description`) VALUES (17238, 3227, 33, "");
INSERT INTO `pool_template` (`entry`, `max_limit`, `description`) VALUES (3260, 1, "Westfall Jangolde Mine Local Minerals 3");
INSERT INTO `pool_gameobject` (`guid`, `pool_entry`, `chance`, `description`) VALUES (17239, 3260, 0, "");
INSERT INTO `pool_gameobject` (`guid`, `pool_entry`, `chance`, `description`) VALUES (17457, 3260, 0, "");
INSERT INTO `pool_gameobject` (`guid`, `pool_entry`, `chance`, `description`) VALUES (17104, 3260, 0, "");
INSERT INTO `pool_gameobject` (`guid`, `pool_entry`, `chance`, `description`) VALUES (17105, 3260, 0, "");
INSERT INTO `pool_gameobject` (`guid`, `pool_entry`, `chance`, `description`) VALUES (17103, 3260, 0, "");
INSERT INTO `pool_gameobject` (`guid`, `pool_entry`, `chance`, `description`) VALUES (17101, 3260, 0, "");
INSERT INTO `pool_gameobject` (`guid`, `pool_entry`, `chance`, `description`) VALUES (17234, 3260, 0, "");
INSERT INTO `pool_gameobject` (`guid`, `pool_entry`, `chance`, `description`) VALUES (17233, 3260, 0, "");
INSERT INTO `pool_gameobject` (`guid`, `pool_entry`, `chance`, `description`) VALUES (17095, 3260, 0, "");
INSERT INTO `pool_template` (`entry`, `max_limit`, `description`) VALUES (3303, 1, "Westfall Local Minerals 17");
INSERT INTO `pool_gameobject` (`guid`, `pool_entry`, `chance`, `description`) VALUES (17100, 3303, 0, "");
INSERT INTO `pool_gameobject` (`guid`, `pool_entry`, `chance`, `description`) VALUES (17099, 3303, 0, "");
INSERT INTO `pool_gameobject` (`guid`, `pool_entry`, `chance`, `description`) VALUES (17098, 3303, 0, "");
INSERT INTO `pool_template` (`entry`, `max_limit`, `description`) VALUES (3433, 1, "Westfall Local Minerals 18");
INSERT INTO `pool_gameobject` (`guid`, `pool_entry`, `chance`, `description`) VALUES (17232, 3433, 0, "");
INSERT INTO `pool_gameobject` (`guid`, `pool_entry`, `chance`, `description`) VALUES (17227, 3433, 0, "");
INSERT INTO `pool_gameobject` (`guid`, `pool_entry`, `chance`, `description`) VALUES (17195, 3433, 0, "");
INSERT INTO `pool_gameobject` (`guid`, `pool_entry`, `chance`, `description`) VALUES (17456, 3433, 10, "");
INSERT INTO `pool_gameobject` (`guid`, `pool_entry`, `chance`, `description`) VALUES (17194, 3433, 0, "");
INSERT INTO `pool_template` (`entry`, `max_limit`, `description`) VALUES (3440, 1, "Westfall Local Minerals 19");
INSERT INTO `pool_gameobject` (`guid`, `pool_entry`, `chance`, `description`) VALUES (17455, 3440, 8, "");
INSERT INTO `pool_gameobject` (`guid`, `pool_entry`, `chance`, `description`) VALUES (17193, 3440, 0, "");
INSERT INTO `pool_gameobject` (`guid`, `pool_entry`, `chance`, `description`) VALUES (16980, 3440, 0, "");
INSERT INTO `pool_template` (`entry`, `max_limit`, `description`) VALUES (3451, 1, "Westfall Local Minerals 20");
INSERT INTO `pool_gameobject` (`guid`, `pool_entry`, `chance`, `description`) VALUES (17093, 3451, 0, "");
INSERT INTO `pool_gameobject` (`guid`, `pool_entry`, `chance`, `description`) VALUES (17092, 3451, 0, "");
INSERT INTO `pool_template` (`entry`, `max_limit`, `description`) VALUES (3495, 1, "Westfall Local Minerals 21");
INSERT INTO `pool_gameobject` (`guid`, `pool_entry`, `chance`, `description`) VALUES (17090, 3495, 0, "");
INSERT INTO `pool_gameobject` (`guid`, `pool_entry`, `chance`, `description`) VALUES (17086, 3495, 0, "");
INSERT INTO `pool_gameobject` (`guid`, `pool_entry`, `chance`, `description`) VALUES (16982, 3495, 0, "");
INSERT INTO `pool_gameobject` (`guid`, `pool_entry`, `chance`, `description`) VALUES (17454, 3495, 10, "");
INSERT INTO `pool_gameobject` (`guid`, `pool_entry`, `chance`, `description`) VALUES (17192, 3495, 0, "");
INSERT INTO `pool_gameobject` (`guid`, `pool_entry`, `chance`, `description`) VALUES (17191, 3495, 0, "");
INSERT INTO `pool_template` (`entry`, `max_limit`, `description`) VALUES (3504, 1, "Westfall Local Minerals 22");
INSERT INTO `pool_gameobject` (`guid`, `pool_entry`, `chance`, `description`) VALUES (16981, 3504, 0, "");
INSERT INTO `pool_gameobject` (`guid`, `pool_entry`, `chance`, `description`) VALUES (17188, 3504, 0, "");
INSERT INTO `pool_gameobject` (`guid`, `pool_entry`, `chance`, `description`) VALUES (17452, 3504, 10, "");
INSERT INTO `pool_template` (`entry`, `max_limit`, `description`) VALUES (3534, 1, "Westfall Local Minerals 23");
INSERT INTO `pool_gameobject` (`guid`, `pool_entry`, `chance`, `description`) VALUES (17091, 3534, 40, "");
INSERT INTO `pool_gameobject` (`guid`, `pool_entry`, `chance`, `description`) VALUES (16975, 3534, 0, "");
INSERT INTO `pool_gameobject` (`guid`, `pool_entry`, `chance`, `description`) VALUES (16974, 3534, 0, "");
INSERT INTO `pool_template` (`entry`, `max_limit`, `description`) VALUES (3546, 1, "Westfall Local Minerals 24");
INSERT INTO `pool_gameobject` (`guid`, `pool_entry`, `chance`, `description`) VALUES (17190, 3546, 0, "");
INSERT INTO `pool_gameobject` (`guid`, `pool_entry`, `chance`, `description`) VALUES (17189, 3546, 0, "");
INSERT INTO `pool_gameobject` (`guid`, `pool_entry`, `chance`, `description`) VALUES (17453, 3546, 5, "");
INSERT INTO `pool_gameobject` (`guid`, `pool_entry`, `chance`, `description`) VALUES (16970, 3546, 30, "");
INSERT INTO `pool_gameobject` (`guid`, `pool_entry`, `chance`, `description`) VALUES (16969, 3546, 20, "");
INSERT INTO `pool_gameobject` (`guid`, `pool_entry`, `chance`, `description`) VALUES (16968, 3546, 20, "");
INSERT INTO `pool_template` (`entry`, `max_limit`, `description`) VALUES (3556, 1, "Westfall Local Minerals 25");
INSERT INTO `pool_gameobject` (`guid`, `pool_entry`, `chance`, `description`) VALUES (16973, 3556, 35, "");
INSERT INTO `pool_gameobject` (`guid`, `pool_entry`, `chance`, `description`) VALUES (16972, 3556, 20, "");
INSERT INTO `pool_gameobject` (`guid`, `pool_entry`, `chance`, `description`) VALUES (16971, 3556, 20, "");
INSERT INTO `pool_gameobject` (`guid`, `pool_entry`, `chance`, `description`) VALUES (16967, 3556, 0, "");
INSERT INTO `pool_gameobject` (`guid`, `pool_entry`, `chance`, `description`) VALUES (16966, 3556, 0, "");
INSERT INTO `pool_template` (`entry`, `max_limit`, `description`) VALUES (3571, 1, "Westfall Local Minerals 26");
INSERT INTO `pool_gameobject` (`guid`, `pool_entry`, `chance`, `description`) VALUES (16976, 3571, 0, "");
INSERT INTO `pool_gameobject` (`guid`, `pool_entry`, `chance`, `description`) VALUES (16965, 3571, 65, "");
INSERT INTO `pool_template` (`entry`, `max_limit`, `description`) VALUES (3585, 1, "Westfall Local Minerals 27");
INSERT INTO `pool_gameobject` (`guid`, `pool_entry`, `chance`, `description`) VALUES (16955, 3585, 35, "");
INSERT INTO `pool_gameobject` (`guid`, `pool_entry`, `chance`, `description`) VALUES (17184, 3585, 35, "");
INSERT INTO `pool_gameobject` (`guid`, `pool_entry`, `chance`, `description`) VALUES (17357, 3585, 7, "");
INSERT INTO `pool_gameobject` (`guid`, `pool_entry`, `chance`, `description`) VALUES (16848, 3585, 0, "");
INSERT INTO `pool_template` (`entry`, `max_limit`, `description`) VALUES (3616, 1, "Westfall Local Minerals 28");
INSERT INTO `pool_gameobject` (`guid`, `pool_entry`, `chance`, `description`) VALUES (16920, 3616, 0, "");
INSERT INTO `pool_gameobject` (`guid`, `pool_entry`, `chance`, `description`) VALUES (16903, 3616, 15, "");
INSERT INTO `pool_gameobject` (`guid`, `pool_entry`, `chance`, `description`) VALUES (16860, 3616, 15, "");
INSERT INTO `pool_gameobject` (`guid`, `pool_entry`, `chance`, `description`) VALUES (16859, 3616, 15, "");
INSERT INTO `pool_gameobject` (`guid`, `pool_entry`, `chance`, `description`) VALUES (17167, 3616, 0, "");
INSERT INTO `pool_template` (`entry`, `max_limit`, `description`) VALUES (3632, 1, "Westfall Local Minerals 29");
INSERT INTO `pool_gameobject` (`guid`, `pool_entry`, `chance`, `description`) VALUES (17187, 3632, 0, "");
INSERT INTO `pool_gameobject` (`guid`, `pool_entry`, `chance`, `description`) VALUES (17451, 3632, 3, "");
INSERT INTO `pool_gameobject` (`guid`, `pool_entry`, `chance`, `description`) VALUES (17186, 3632, 0, "");
INSERT INTO `pool_gameobject` (`guid`, `pool_entry`, `chance`, `description`) VALUES (17183, 3632, 0, "");
INSERT INTO `pool_gameobject` (`guid`, `pool_entry`, `chance`, `description`) VALUES (17450, 3632, 3, "");
INSERT INTO `pool_gameobject` (`guid`, `pool_entry`, `chance`, `description`) VALUES (17173, 3632, 0, "");
INSERT INTO `pool_gameobject` (`guid`, `pool_entry`, `chance`, `description`) VALUES (17314, 3632, 2, "");
INSERT INTO `pool_gameobject` (`guid`, `pool_entry`, `chance`, `description`) VALUES (17172, 3632, 0, "");
INSERT INTO `pool_gameobject` (`guid`, `pool_entry`, `chance`, `description`) VALUES (17313, 3632, 2, "");
INSERT INTO `pool_template` (`entry`, `max_limit`, `description`) VALUES (3642, 1, "Westfall Local Minerals 30");
INSERT INTO `pool_gameobject` (`guid`, `pool_entry`, `chance`, `description`) VALUES (17185, 3642, 42, "");
INSERT INTO `pool_gameobject` (`guid`, `pool_entry`, `chance`, `description`) VALUES (17315, 3642, 8, "");
INSERT INTO `pool_gameobject` (`guid`, `pool_entry`, `chance`, `description`) VALUES (17175, 3642, 0, "");
INSERT INTO `pool_gameobject` (`guid`, `pool_entry`, `chance`, `description`) VALUES (17176, 3642, 0, "");
INSERT INTO `pool_template` (`entry`, `max_limit`, `description`) VALUES (3649, 1, "Westfall Local Minerals 31");
INSERT INTO `pool_gameobject` (`guid`, `pool_entry`, `chance`, `description`) VALUES (16932, 3649, 0, "");
INSERT INTO `pool_gameobject` (`guid`, `pool_entry`, `chance`, `description`) VALUES (16856, 3649, 0, "");
INSERT INTO `pool_template` (`entry`, `max_limit`, `description`) VALUES (3660, 1, "Westfall Local Minerals 32");
INSERT INTO `pool_gameobject` (`guid`, `pool_entry`, `chance`, `description`) VALUES (16857, 3660, 40, "");
INSERT INTO `pool_gameobject` (`guid`, `pool_entry`, `chance`, `description`) VALUES (16847, 3660, 0, "");
INSERT INTO `pool_gameobject` (`guid`, `pool_entry`, `chance`, `description`) VALUES (16846, 3660, 0, "");
INSERT INTO `pool_template` (`entry`, `max_limit`, `description`) VALUES (3665, 1, "Westfall Local Minerals 33");
INSERT INTO `pool_gameobject` (`guid`, `pool_entry`, `chance`, `description`) VALUES (16852, 3665, 40, "");
INSERT INTO `pool_gameobject` (`guid`, `pool_entry`, `chance`, `description`) VALUES (16850, 3665, 0, "");
INSERT INTO `pool_gameobject` (`guid`, `pool_entry`, `chance`, `description`) VALUES (16849, 3665, 0, "");
INSERT INTO `pool_template` (`entry`, `max_limit`, `description`) VALUES (3679, 1, "Westfall Local Minerals 34");
INSERT INTO `pool_gameobject` (`guid`, `pool_entry`, `chance`, `description`) VALUES (16845, 3679, 0, "");
INSERT INTO `pool_gameobject` (`guid`, `pool_entry`, `chance`, `description`) VALUES (16844, 3679, 0, "");
INSERT INTO `pool_template` (`entry`, `max_limit`, `description`) VALUES (3693, 1, "Westfall Gold Coast Quarry Local Minerals 1");
INSERT INTO `pool_gameobject` (`guid`, `pool_entry`, `chance`, `description`) VALUES (17181, 3693, 0, "");
INSERT INTO `pool_gameobject` (`guid`, `pool_entry`, `chance`, `description`) VALUES (17356, 3693, 12, "");
INSERT INTO `pool_gameobject` (`guid`, `pool_entry`, `chance`, `description`) VALUES (17180, 3693, 0, "");
INSERT INTO `pool_gameobject` (`guid`, `pool_entry`, `chance`, `description`) VALUES (17179, 3693, 0, "");
INSERT INTO `pool_gameobject` (`guid`, `pool_entry`, `chance`, `description`) VALUES (16909, 3693, 0, "");
INSERT INTO `pool_gameobject` (`guid`, `pool_entry`, `chance`, `description`) VALUES (16904, 3693, 0, "");
INSERT INTO `pool_gameobject` (`guid`, `pool_entry`, `chance`, `description`) VALUES (16871, 3693, 0, "");
INSERT INTO `pool_gameobject` (`guid`, `pool_entry`, `chance`, `description`) VALUES (16858, 3693, 0, "");
INSERT INTO `pool_template` (`entry`, `max_limit`, `description`) VALUES (3699, 1, "Westfall Gold Coast Quarry Outside Local Minerals");
INSERT INTO `pool_gameobject` (`guid`, `pool_entry`, `chance`, `description`) VALUES (17182, 3699, 30, "");
INSERT INTO `pool_gameobject` (`guid`, `pool_entry`, `chance`, `description`) VALUES (16929, 3699, 0, "");
INSERT INTO `pool_gameobject` (`guid`, `pool_entry`, `chance`, `description`) VALUES (16928, 3699, 0, "");
INSERT INTO `pool_gameobject` (`guid`, `pool_entry`, `chance`, `description`) VALUES (16927, 3699, 0, "");
INSERT INTO `pool_gameobject` (`guid`, `pool_entry`, `chance`, `description`) VALUES (16921, 3699, 0, "");
INSERT INTO `pool_gameobject` (`guid`, `pool_entry`, `chance`, `description`) VALUES (16910, 3699, 0, "");
INSERT INTO `pool_template` (`entry`, `max_limit`, `description`) VALUES (3702, 1, "Westfall Gold Coast Quarry Local Minerals 2");
INSERT INTO `pool_gameobject` (`guid`, `pool_entry`, `chance`, `description`) VALUES (17177, 3702, 0, "");
INSERT INTO `pool_gameobject` (`guid`, `pool_entry`, `chance`, `description`) VALUES (17353, 3702, 15, "");
INSERT INTO `pool_gameobject` (`guid`, `pool_entry`, `chance`, `description`) VALUES (17174, 3702, 0, "");
INSERT INTO `pool_gameobject` (`guid`, `pool_entry`, `chance`, `description`) VALUES (16854, 3702, 0, "");
INSERT INTO `pool_gameobject` (`guid`, `pool_entry`, `chance`, `description`) VALUES (17169, 3702, 0, "");
INSERT INTO `pool_template` (`entry`, `max_limit`, `description`) VALUES (3704, 1, "Westfall Gold Coast Quarry Local Minerals 3");
INSERT INTO `pool_gameobject` (`guid`, `pool_entry`, `chance`, `description`) VALUES (16902, 3704, 0, "");
INSERT INTO `pool_gameobject` (`guid`, `pool_entry`, `chance`, `description`) VALUES (17178, 3704, 20, "");
INSERT INTO `pool_gameobject` (`guid`, `pool_entry`, `chance`, `description`) VALUES (16855, 3704, 0, "");
INSERT INTO `pool_gameobject` (`guid`, `pool_entry`, `chance`, `description`) VALUES (16853, 3704, 0, "");
INSERT INTO `pool_gameobject` (`guid`, `pool_entry`, `chance`, `description`) VALUES (17168, 3704, 20, "");
INSERT INTO `pool_gameobject` (`guid`, `pool_entry`, `chance`, `description`) VALUES (16851, 3704, 0, "");

-- Pool Pooling
INSERT INTO `pool_template` (`entry`, `max_limit`, `description`) VALUES (1352, 2, "Westfall East Mineral Nodes");
INSERT INTO `pool_pool` (`pool_id`, `mother_pool`, `chance`, `description`) VALUES (1592, 1352, 0, "");
INSERT INTO `pool_pool` (`pool_id`, `mother_pool`, `chance`, `description`) VALUES (1351, 1352, 0, "");
INSERT INTO `pool_pool` (`pool_id`, `mother_pool`, `chance`, `description`) VALUES (1860, 1352, 0, "");
INSERT INTO `pool_template` (`entry`, `max_limit`, `description`) VALUES (1593, 2, "Westfall South East Mineral Nodes");
INSERT INTO `pool_pool` (`pool_id`, `mother_pool`, `chance`, `description`) VALUES (1730, 1593, 0, "");
INSERT INTO `pool_pool` (`pool_id`, `mother_pool`, `chance`, `description`) VALUES (1777, 1593, 0, "");
INSERT INTO `pool_pool` (`pool_id`, `mother_pool`, `chance`, `description`) VALUES (2065, 1593, 40, "");
INSERT INTO `pool_template` (`entry`, `max_limit`, `description`) VALUES (1901, 2, "Westfall North East Mineral Nodes");
INSERT INTO `pool_pool` (`pool_id`, `mother_pool`, `chance`, `description`) VALUES (1900, 1901, 0, "");
INSERT INTO `pool_pool` (`pool_id`, `mother_pool`, `chance`, `description`) VALUES (1964, 1901, 0, "");
INSERT INTO `pool_pool` (`pool_id`, `mother_pool`, `chance`, `description`) VALUES (2045, 1901, 0, "");
INSERT INTO `pool_template` (`entry`, `max_limit`, `description`) VALUES (2046, 3, "Westfall The Dagger Hills Mineral Nodes 1");
INSERT INTO `pool_pool` (`pool_id`, `mother_pool`, `chance`, `description`) VALUES (6007, 2046, 0, "");
INSERT INTO `pool_pool` (`pool_id`, `mother_pool`, `chance`, `description`) VALUES (2275, 2046, 0, "");
INSERT INTO `pool_pool` (`pool_id`, `mother_pool`, `chance`, `description`) VALUES (2297, 2046, 0, "");
INSERT INTO `pool_pool` (`pool_id`, `mother_pool`, `chance`, `description`) VALUES (2336, 2046, 0, "");
INSERT INTO `pool_pool` (`pool_id`, `mother_pool`, `chance`, `description`) VALUES (3433, 2046, 0, "");
INSERT INTO `pool_template` (`entry`, `max_limit`, `description`) VALUES (2066, 2, "Westfall Central Mineral Nodes");
INSERT INTO `pool_pool` (`pool_id`, `mother_pool`, `chance`, `description`) VALUES (3075, 2066, 0, "");
INSERT INTO `pool_pool` (`pool_id`, `mother_pool`, `chance`, `description`) VALUES (2458, 2066, 50, "");
INSERT INTO `pool_pool` (`pool_id`, `mother_pool`, `chance`, `description`) VALUES (3546, 2066, 0, "");
INSERT INTO `pool_template` (`entry`, `max_limit`, `description`) VALUES (6012, 3, "Westfall Jangolode Mine Mineral Nodes");
INSERT INTO `pool_pool` (`pool_id`, `mother_pool`, `chance`, `description`) VALUES (3161, 6012, 30, "");
INSERT INTO `pool_pool` (`pool_id`, `mother_pool`, `chance`, `description`) VALUES (3260, 6012, 25, "");
INSERT INTO `pool_pool` (`pool_id`, `mother_pool`, `chance`, `description`) VALUES (3227, 6012, 15, "");
INSERT INTO `pool_pool` (`pool_id`, `mother_pool`, `chance`, `description`) VALUES (3127, 6012, 30, "");
INSERT INTO `pool_template` (`entry`, `max_limit`, `description`) VALUES (2276, 3, "Westfall The Dagger Hills Mineral Nodes 2");
INSERT INTO `pool_pool` (`pool_id`, `mother_pool`, `chance`, `description`) VALUES (3303, 2276, 30, "");
INSERT INTO `pool_pool` (`pool_id`, `mother_pool`, `chance`, `description`) VALUES (3440, 2276, 25, "");
INSERT INTO `pool_pool` (`pool_id`, `mother_pool`, `chance`, `description`) VALUES (3495, 2276, 0, "");
INSERT INTO `pool_pool` (`pool_id`, `mother_pool`, `chance`, `description`) VALUES (3504, 2276, 0, "");
INSERT INTO `pool_pool` (`pool_id`, `mother_pool`, `chance`, `description`) VALUES (3451, 2276, 0, "");
INSERT INTO `pool_template` (`entry`, `max_limit`, `description`) VALUES (2298, 2, "Westfall North West Coast Mineral Nodes");
INSERT INTO `pool_pool` (`pool_id`, `mother_pool`, `chance`, `description`) VALUES (3534, 2298, 0, "");
INSERT INTO `pool_pool` (`pool_id`, `mother_pool`, `chance`, `description`) VALUES (3556, 2298, 0, "");
INSERT INTO `pool_pool` (`pool_id`, `mother_pool`, `chance`, `description`) VALUES (3585, 2298, 0, "");
INSERT INTO `pool_pool` (`pool_id`, `mother_pool`, `chance`, `description`) VALUES (3616, 2298, 0, "");
INSERT INTO `pool_template` (`entry`, `max_limit`, `description`) VALUES (2337, 4, "Westfall South West Coast Mineral Nodes");
INSERT INTO `pool_pool` (`pool_id`, `mother_pool`, `chance`, `description`) VALUES (3571, 2337, 0, "");
INSERT INTO `pool_pool` (`pool_id`, `mother_pool`, `chance`, `description`) VALUES (3642, 2337, 0, "");
INSERT INTO `pool_pool` (`pool_id`, `mother_pool`, `chance`, `description`) VALUES (3649, 2337, 0, "");
INSERT INTO `pool_pool` (`pool_id`, `mother_pool`, `chance`, `description`) VALUES (3660, 2337, 0, "");
INSERT INTO `pool_pool` (`pool_id`, `mother_pool`, `chance`, `description`) VALUES (3665, 2337, 0, "");
INSERT INTO `pool_pool` (`pool_id`, `mother_pool`, `chance`, `description`) VALUES (3679, 2337, 0, "");
INSERT INTO `pool_template` (`entry`, `max_limit`, `description`) VALUES (2459, 2, "Westfall Gold Coast Quarry Mineral Nodes");
INSERT INTO `pool_pool` (`pool_id`, `mother_pool`, `chance`, `description`) VALUES (3693, 2459, 45, "");
INSERT INTO `pool_pool` (`pool_id`, `mother_pool`, `chance`, `description`) VALUES (3702, 2459, 20, "");
INSERT INTO `pool_pool` (`pool_id`, `mother_pool`, `chance`, `description`) VALUES (3704, 2459, 35, "");
INSERT INTO `pool_template` (`entry`, `max_limit`, `description`) VALUES (3076, 1, "Westfall Gold Coast Quarry Outside Mineral Nodes");
INSERT INTO `pool_pool` (`pool_id`, `mother_pool`, `chance`, `description`) VALUES (3632, 3076, 0, "");
INSERT INTO `pool_pool` (`pool_id`, `mother_pool`, `chance`, `description`) VALUES (3699, 3076, 0, "");

-- Wetlands:
-- Local Pooling
INSERT INTO `pool_template` (`entry`, `max_limit`, `description`) VALUES (1346, 1, "Wetlands Local Minerals 1");
INSERT INTO `pool_gameobject` (`guid`, `pool_entry`, `chance`, `description`) VALUES (17918, 1346, 0, "");
INSERT INTO `pool_gameobject` (`guid`, `pool_entry`, `chance`, `description`) VALUES (17917, 1346, 0, "");
INSERT INTO `pool_gameobject` (`guid`, `pool_entry`, `chance`, `description`) VALUES (17909, 1346, 40, "");
INSERT INTO `pool_template` (`entry`, `max_limit`, `description`) VALUES (1588, 1, "Wetlands Local Minerals 2");
INSERT INTO `pool_gameobject` (`guid`, `pool_entry`, `chance`, `description`) VALUES (17915, 1588, 0, "");
INSERT INTO `pool_gameobject` (`guid`, `pool_entry`, `chance`, `description`) VALUES (17904, 1588, 0, "");
INSERT INTO `pool_gameobject` (`guid`, `pool_entry`, `chance`, `description`) VALUES (17901, 1588, 0, "");
INSERT INTO `pool_template` (`entry`, `max_limit`, `description`) VALUES (2043, 1, "Wetlands Local Minerals 3");
INSERT INTO `pool_gameobject` (`guid`, `pool_entry`, `chance`, `description`) VALUES (18039, 2043, 10, "");
INSERT INTO `pool_gameobject` (`guid`, `pool_entry`, `chance`, `description`) VALUES (17906, 2043, 0, "");
INSERT INTO `pool_gameobject` (`guid`, `pool_entry`, `chance`, `description`) VALUES (17888, 2043, 32, "");
INSERT INTO `pool_gameobject` (`guid`, `pool_entry`, `chance`, `description`) VALUES (17887, 2043, 33, "");
INSERT INTO `pool_template` (`entry`, `max_limit`, `description`) VALUES (2063, 1, "Wetlands Local Minerals 4");
INSERT INTO `pool_gameobject` (`guid`, `pool_entry`, `chance`, `description`) VALUES (17905, 2063, 40, "");
INSERT INTO `pool_gameobject` (`guid`, `pool_entry`, `chance`, `description`) VALUES (17900, 2063, 0, "");
INSERT INTO `pool_gameobject` (`guid`, `pool_entry`, `chance`, `description`) VALUES (17902, 2063, 0, "");
INSERT INTO `pool_template` (`entry`, `max_limit`, `description`) VALUES (2095, 1, "Wetlands Local Minerals 5");
INSERT INTO `pool_gameobject` (`guid`, `pool_entry`, `chance`, `description`) VALUES (17907, 2095, 0, "");
INSERT INTO `pool_gameobject` (`guid`, `pool_entry`, `chance`, `description`) VALUES (17903, 2095, 0, "");
INSERT INTO `pool_gameobject` (`guid`, `pool_entry`, `chance`, `description`) VALUES (17884, 2095, 0, "");
INSERT INTO `pool_gameobject` (`guid`, `pool_entry`, `chance`, `description`) VALUES (17883, 2095, 0, "");
INSERT INTO `pool_template` (`entry`, `max_limit`, `description`) VALUES (6021, 1, "Wetlands Local Minerals 6");
INSERT INTO `pool_gameobject` (`guid`, `pool_entry`, `chance`, `description`) VALUES (17886, 6021, 0, "");
INSERT INTO `pool_gameobject` (`guid`, `pool_entry`, `chance`, `description`) VALUES (18038, 6021, 7, "");
INSERT INTO `pool_gameobject` (`guid`, `pool_entry`, `chance`, `description`) VALUES (17885, 6021, 0, "");
INSERT INTO `pool_template` (`entry`, `max_limit`, `description`) VALUES (2273, 1, "Wetlands Local Minerals 7");
INSERT INTO `pool_gameobject` (`guid`, `pool_entry`, `chance`, `description`) VALUES (18053, 2273, 0, "");
INSERT INTO `pool_gameobject` (`guid`, `pool_entry`, `chance`, `description`) VALUES (18052, 2273, 0, "");
INSERT INTO `pool_gameobject` (`guid`, `pool_entry`, `chance`, `description`) VALUES (18051, 2273, 0, "");
INSERT INTO `pool_template` (`entry`, `max_limit`, `description`) VALUES (2295, 1, "Wetlands Local Minerals 8");
INSERT INTO `pool_gameobject` (`guid`, `pool_entry`, `chance`, `description`) VALUES (18050, 2295, 0, "");
INSERT INTO `pool_gameobject` (`guid`, `pool_entry`, `chance`, `description`) VALUES (18049, 2295, 0, "");
INSERT INTO `pool_template` (`entry`, `max_limit`, `description`) VALUES (2334, 1, "Wetlands Local Minerals 9");
INSERT INTO `pool_gameobject` (`guid`, `pool_entry`, `chance`, `description`) VALUES (17882, 2334, 0, "");
INSERT INTO `pool_gameobject` (`guid`, `pool_entry`, `chance`, `description`) VALUES (17799, 2334, 0, "");
INSERT INTO `pool_gameobject` (`guid`, `pool_entry`, `chance`, `description`) VALUES (17881, 2334, 0, "");
INSERT INTO `pool_gameobject` (`guid`, `pool_entry`, `chance`, `description`) VALUES (17880, 2334, 0, "");
INSERT INTO `pool_template` (`entry`, `max_limit`, `description`) VALUES (2417, 2, "Wetlands South Water Minerals Local");
INSERT INTO `pool_gameobject` (`guid`, `pool_entry`, `chance`, `description`) VALUES (17800, 2417, 30, "");
INSERT INTO `pool_gameobject` (`guid`, `pool_entry`, `chance`, `description`) VALUES (17665, 2417, 0, "");
INSERT INTO `pool_gameobject` (`guid`, `pool_entry`, `chance`, `description`) VALUES (17633, 2417, 0, "");
INSERT INTO `pool_gameobject` (`guid`, `pool_entry`, `chance`, `description`) VALUES (17596, 2417, 0, "");
INSERT INTO `pool_gameobject` (`guid`, `pool_entry`, `chance`, `description`) VALUES (17595, 2417, 0, "");
INSERT INTO `pool_template` (`entry`, `max_limit`, `description`) VALUES (2456, 1, "Wetlands Local Minerals 10");
INSERT INTO `pool_gameobject` (`guid`, `pool_entry`, `chance`, `description`) VALUES (17879, 2456, 40, "");
INSERT INTO `pool_gameobject` (`guid`, `pool_entry`, `chance`, `description`) VALUES (17878, 2456, 0, "");
INSERT INTO `pool_gameobject` (`guid`, `pool_entry`, `chance`, `description`) VALUES (17877, 2456, 0, "");
INSERT INTO `pool_template` (`entry`, `max_limit`, `description`) VALUES (3048, 1, "Wetlands Local Minerals 11");
INSERT INTO `pool_gameobject` (`guid`, `pool_entry`, `chance`, `description`) VALUES (17875, 3048, 0, "");
INSERT INTO `pool_gameobject` (`guid`, `pool_entry`, `chance`, `description`) VALUES (17873, 3048, 0, "");
INSERT INTO `pool_template` (`entry`, `max_limit`, `description`) VALUES (3074, 1, "Wetlands Local Minerals 12");
INSERT INTO `pool_gameobject` (`guid`, `pool_entry`, `chance`, `description`) VALUES (17594, 3074, 0, "");
INSERT INTO `pool_gameobject` (`guid`, `pool_entry`, `chance`, `description`) VALUES (17593, 3074, 0, "");
INSERT INTO `pool_gameobject` (`guid`, `pool_entry`, `chance`, `description`) VALUES (17592, 3074, 0, "");
INSERT INTO `pool_template` (`entry`, `max_limit`, `description`) VALUES (3126, 1, "Wetlands Local Minerals 13");
INSERT INTO `pool_gameobject` (`guid`, `pool_entry`, `chance`, `description`) VALUES (17499, 3126, 0, "");
INSERT INTO `pool_gameobject` (`guid`, `pool_entry`, `chance`, `description`) VALUES (17491, 3126, 0, "");
INSERT INTO `pool_template` (`entry`, `max_limit`, `description`) VALUES (3160, 1, "Wetlands Local Minerals 14");
INSERT INTO `pool_gameobject` (`guid`, `pool_entry`, `chance`, `description`) VALUES (17876, 3160, 30, "");
INSERT INTO `pool_gameobject` (`guid`, `pool_entry`, `chance`, `description`) VALUES (17874, 3160, 0, "");
INSERT INTO `pool_gameobject` (`guid`, `pool_entry`, `chance`, `description`) VALUES (18037, 3160, 3, "");
INSERT INTO `pool_gameobject` (`guid`, `pool_entry`, `chance`, `description`) VALUES (18035, 3160, 3, "");
INSERT INTO `pool_gameobject` (`guid`, `pool_entry`, `chance`, `description`) VALUES (17871, 3160, 0, "");
INSERT INTO `pool_template` (`entry`, `max_limit`, `description`) VALUES (3226, 1, "Wetlands Local Minerals 15");
INSERT INTO `pool_gameobject` (`guid`, `pool_entry`, `chance`, `description`) VALUES (17870, 3226, 0, "");
INSERT INTO `pool_gameobject` (`guid`, `pool_entry`, `chance`, `description`) VALUES (17869, 3226, 0, "");
INSERT INTO `pool_gameobject` (`guid`, `pool_entry`, `chance`, `description`) VALUES (18034, 3226, 3, "");
INSERT INTO `pool_gameobject` (`guid`, `pool_entry`, `chance`, `description`) VALUES (17872, 3226, 40, "");
INSERT INTO `pool_gameobject` (`guid`, `pool_entry`, `chance`, `description`) VALUES (18036, 3226, 3, "");
INSERT INTO `pool_template` (`entry`, `max_limit`, `description`) VALUES (3259, 1, "Wetlands Local Minerals 16");
INSERT INTO `pool_gameobject` (`guid`, `pool_entry`, `chance`, `description`) VALUES (17868, 3259, 0, "");
INSERT INTO `pool_gameobject` (`guid`, `pool_entry`, `chance`, `description`) VALUES (18033, 3259, 5, "");
INSERT INTO `pool_template` (`entry`, `max_limit`, `description`) VALUES (3302, 1, "Wetlands Local Minerals 17");
INSERT INTO `pool_gameobject` (`guid`, `pool_entry`, `chance`, `description`) VALUES (18048, 3302, 40, "");
INSERT INTO `pool_gameobject` (`guid`, `pool_entry`, `chance`, `description`) VALUES (18031, 3302, 5, "");
INSERT INTO `pool_gameobject` (`guid`, `pool_entry`, `chance`, `description`) VALUES (17866, 3302, 0, "");
INSERT INTO `pool_gameobject` (`guid`, `pool_entry`, `chance`, `description`) VALUES (17865, 3302, 0, "");
INSERT INTO `pool_template` (`entry`, `max_limit`, `description`) VALUES (3432, 1, "Wetlands Local Minerals 18");
INSERT INTO `pool_gameobject` (`guid`, `pool_entry`, `chance`, `description`) VALUES (18047, 3432, 0, "");
INSERT INTO `pool_gameobject` (`guid`, `pool_entry`, `chance`, `description`) VALUES (18046, 3432, 0, "");
INSERT INTO `pool_gameobject` (`guid`, `pool_entry`, `chance`, `description`) VALUES (18045, 3432, 40, "");
INSERT INTO `pool_template` (`entry`, `max_limit`, `description`) VALUES (3439, 1, "Wetlands Local Minerals 19");
INSERT INTO `pool_gameobject` (`guid`, `pool_entry`, `chance`, `description`) VALUES (17823, 3439, 0, "");
INSERT INTO `pool_gameobject` (`guid`, `pool_entry`, `chance`, `description`) VALUES (17822, 3439, 0, "");
INSERT INTO `pool_gameobject` (`guid`, `pool_entry`, `chance`, `description`) VALUES (18022, 3439, 2, "");
INSERT INTO `pool_gameobject` (`guid`, `pool_entry`, `chance`, `description`) VALUES (18021, 3439, 3, "");
INSERT INTO `pool_gameobject` (`guid`, `pool_entry`, `chance`, `description`) VALUES (17820, 3439, 0, "");
INSERT INTO `pool_gameobject` (`guid`, `pool_entry`, `chance`, `description`) VALUES (17825, 3439, 0, "");
INSERT INTO `pool_template` (`entry`, `max_limit`, `description`) VALUES (3450, 1, "Wetlands Local Minerals 20");
INSERT INTO `pool_gameobject` (`guid`, `pool_entry`, `chance`, `description`) VALUES (17814, 3450, 0, "");
INSERT INTO `pool_gameobject` (`guid`, `pool_entry`, `chance`, `description`) VALUES (18041, 3450, 5, "");
INSERT INTO `pool_gameobject` (`guid`, `pool_entry`, `chance`, `description`) VALUES (18044, 3450, 35, "");
INSERT INTO `pool_template` (`entry`, `max_limit`, `description`) VALUES (3472, 1, "Wetlands Thelgen Rock Cave Minerals Local 1");
INSERT INTO `pool_gameobject` (`guid`, `pool_entry`, `chance`, `description`) VALUES (17867, 3472, 0, "");
INSERT INTO `pool_gameobject` (`guid`, `pool_entry`, `chance`, `description`) VALUES (18032, 3472, 3, "");
INSERT INTO `pool_gameobject` (`guid`, `pool_entry`, `chance`, `description`) VALUES (17864, 3472, 0, "");
INSERT INTO `pool_gameobject` (`guid`, `pool_entry`, `chance`, `description`) VALUES (18030, 3472, 7, "");
INSERT INTO `pool_template` (`entry`, `max_limit`, `description`) VALUES (3478, 1, "Wetlands Thelgen Rock Cave Minerals Local 2");
INSERT INTO `pool_gameobject` (`guid`, `pool_entry`, `chance`, `description`) VALUES (18029, 3478, 4, "");
INSERT INTO `pool_gameobject` (`guid`, `pool_entry`, `chance`, `description`) VALUES (17863, 3478, 0, "");
INSERT INTO `pool_gameobject` (`guid`, `pool_entry`, `chance`, `description`) VALUES (18028, 3478, 8, "");
INSERT INTO `pool_gameobject` (`guid`, `pool_entry`, `chance`, `description`) VALUES (17862, 3478, 0, "");
INSERT INTO `pool_gameobject` (`guid`, `pool_entry`, `chance`, `description`) VALUES (17861, 3478, 0, "");
INSERT INTO `pool_gameobject` (`guid`, `pool_entry`, `chance`, `description`) VALUES (17830, 3478, 0, "");
INSERT INTO `pool_template` (`entry`, `max_limit`, `description`) VALUES (3484, 1, "Wetlands Thelgen Rock Cave Minerals Local 3");
INSERT INTO `pool_gameobject` (`guid`, `pool_entry`, `chance`, `description`) VALUES (17856, 3484, 0, "");
INSERT INTO `pool_gameobject` (`guid`, `pool_entry`, `chance`, `description`) VALUES (18027, 3484, 3, "");
INSERT INTO `pool_gameobject` (`guid`, `pool_entry`, `chance`, `description`) VALUES (17829, 3484, 0, "");
INSERT INTO `pool_gameobject` (`guid`, `pool_entry`, `chance`, `description`) VALUES (18026, 3484, 3, "");
INSERT INTO `pool_gameobject` (`guid`, `pool_entry`, `chance`, `description`) VALUES (17827, 3484, 0, "");
INSERT INTO `pool_gameobject` (`guid`, `pool_entry`, `chance`, `description`) VALUES (18024, 3484, 3, "");
INSERT INTO `pool_gameobject` (`guid`, `pool_entry`, `chance`, `description`) VALUES (17828, 3484, 0, "");
INSERT INTO `pool_gameobject` (`guid`, `pool_entry`, `chance`, `description`) VALUES (18025, 3484, 3, "");
INSERT INTO `pool_gameobject` (`guid`, `pool_entry`, `chance`, `description`) VALUES (17824, 3484, 0, "");
INSERT INTO `pool_gameobject` (`guid`, `pool_entry`, `chance`, `description`) VALUES (18023, 3484, 3, "");
INSERT INTO `pool_template` (`entry`, `max_limit`, `description`) VALUES (3494, 1, "Wetlands Thelgen Rock Cave Minerals Local 4");
INSERT INTO `pool_gameobject` (`guid`, `pool_entry`, `chance`, `description`) VALUES (17826, 3494, 0, "");
INSERT INTO `pool_gameobject` (`guid`, `pool_entry`, `chance`, `description`) VALUES (17821, 3494, 0, "");
INSERT INTO `pool_gameobject` (`guid`, `pool_entry`, `chance`, `description`) VALUES (17818, 3494, 0, "");
INSERT INTO `pool_gameobject` (`guid`, `pool_entry`, `chance`, `description`) VALUES (18019, 3494, 15, "");
INSERT INTO `pool_gameobject` (`guid`, `pool_entry`, `chance`, `description`) VALUES (17816, 3494, 0, "");
INSERT INTO `pool_template` (`entry`, `max_limit`, `description`) VALUES (3503, 1, "Wetlands Local Minerals 21");
INSERT INTO `pool_gameobject` (`guid`, `pool_entry`, `chance`, `description`) VALUES (17817, 3503, 0, "");
INSERT INTO `pool_gameobject` (`guid`, `pool_entry`, `chance`, `description`) VALUES (18018, 3503, 10, "");
INSERT INTO `pool_gameobject` (`guid`, `pool_entry`, `chance`, `description`) VALUES (17815, 3503, 0, "");
INSERT INTO `pool_template` (`entry`, `max_limit`, `description`) VALUES (3528, 1, "Wetlands Local Minerals 22");
INSERT INTO `pool_gameobject` (`guid`, `pool_entry`, `chance`, `description`) VALUES (17819, 3528, 0, "");
INSERT INTO `pool_gameobject` (`guid`, `pool_entry`, `chance`, `description`) VALUES (18020, 3528, 25, "");
INSERT INTO `pool_template` (`entry`, `max_limit`, `description`) VALUES (3533, 1, "Wetlands Local Minerals 23");
INSERT INTO `pool_gameobject` (`guid`, `pool_entry`, `chance`, `description`) VALUES (17812, 3533, 0, "");
INSERT INTO `pool_gameobject` (`guid`, `pool_entry`, `chance`, `description`) VALUES (18011, 3533, 10, "");
INSERT INTO `pool_gameobject` (`guid`, `pool_entry`, `chance`, `description`) VALUES (17811, 3533, 0, "");
INSERT INTO `pool_template` (`entry`, `max_limit`, `description`) VALUES (3545, 1, "Wetlands Local Minerals 24");
INSERT INTO `pool_gameobject` (`guid`, `pool_entry`, `chance`, `description`) VALUES (17813, 3545, 0, "");
INSERT INTO `pool_gameobject` (`guid`, `pool_entry`, `chance`, `description`) VALUES (17805, 3545, 0, "");
INSERT INTO `pool_template` (`entry`, `max_limit`, `description`) VALUES (3555, 1, "Wetlands Local Minerals 25");
INSERT INTO `pool_gameobject` (`guid`, `pool_entry`, `chance`, `description`) VALUES (18040, 3555, 5, "");
INSERT INTO `pool_gameobject` (`guid`, `pool_entry`, `chance`, `description`) VALUES (18043, 3555, 0, "");
INSERT INTO `pool_gameobject` (`guid`, `pool_entry`, `chance`, `description`) VALUES (18042, 3555, 0, "");
INSERT INTO `pool_gameobject` (`guid`, `pool_entry`, `chance`, `description`) VALUES (17810, 3555, 25, "");
INSERT INTO `pool_gameobject` (`guid`, `pool_entry`, `chance`, `description`) VALUES (18010, 3555, 10, "");
INSERT INTO `pool_template` (`entry`, `max_limit`, `description`) VALUES (3570, 1, "Wetlands Local Minerals 26");
INSERT INTO `pool_gameobject` (`guid`, `pool_entry`, `chance`, `description`) VALUES (17808, 3570, 0, "");
INSERT INTO `pool_gameobject` (`guid`, `pool_entry`, `chance`, `description`) VALUES (18009, 3570, 6, "");
INSERT INTO `pool_gameobject` (`guid`, `pool_entry`, `chance`, `description`) VALUES (17807, 3570, 0, "");
INSERT INTO `pool_gameobject` (`guid`, `pool_entry`, `chance`, `description`) VALUES (17923, 3570, 2, "");
INSERT INTO `pool_gameobject` (`guid`, `pool_entry`, `chance`, `description`) VALUES (17806, 3570, 0, "");
INSERT INTO `pool_gameobject` (`guid`, `pool_entry`, `chance`, `description`) VALUES (17922, 3570, 2, "");
INSERT INTO `pool_template` (`entry`, `max_limit`, `description`) VALUES (3584, 1, "Wetlands Local Minerals 27");
INSERT INTO `pool_gameobject` (`guid`, `pool_entry`, `chance`, `description`) VALUES (17804, 3584, 0, "");
INSERT INTO `pool_gameobject` (`guid`, `pool_entry`, `chance`, `description`) VALUES (17921, 3584, 10, "");
INSERT INTO `pool_template` (`entry`, `max_limit`, `description`) VALUES (3593, 1, "Wetlands Local Minerals 28");
INSERT INTO `pool_gameobject` (`guid`, `pool_entry`, `chance`, `description`) VALUES (17920, 3593, 7, "");
INSERT INTO `pool_gameobject` (`guid`, `pool_entry`, `chance`, `description`) VALUES (17802, 3593, 63, "");
INSERT INTO `pool_gameobject` (`guid`, `pool_entry`, `chance`, `description`) VALUES (17487, 3593, 0, "");
INSERT INTO `pool_template` (`entry`, `max_limit`, `description`) VALUES (3606, 1, "Wetlands Local Minerals 29");
INSERT INTO `pool_gameobject` (`guid`, `pool_entry`, `chance`, `description`) VALUES (17803, 3606, 0, "");
INSERT INTO `pool_gameobject` (`guid`, `pool_entry`, `chance`, `description`) VALUES (17801, 3606, 0, "");
INSERT INTO `pool_gameobject` (`guid`, `pool_entry`, `chance`, `description`) VALUES (17919, 3606, 9, "");
INSERT INTO `pool_gameobject` (`guid`, `pool_entry`, `chance`, `description`) VALUES (17484, 3606, 30, "");
INSERT INTO `pool_template` (`entry`, `max_limit`, `description`) VALUES (3615, 2, "Wetlands Local Minerals 30");
INSERT INTO `pool_gameobject` (`guid`, `pool_entry`, `chance`, `description`) VALUES (17490, 3615, 0, "");
INSERT INTO `pool_gameobject` (`guid`, `pool_entry`, `chance`, `description`) VALUES (17809, 3615, 0, "");
INSERT INTO `pool_gameobject` (`guid`, `pool_entry`, `chance`, `description`) VALUES (17489, 3615, 0, "");
INSERT INTO `pool_gameobject` (`guid`, `pool_entry`, `chance`, `description`) VALUES (17488, 3615, 0, "");
INSERT INTO `pool_gameobject` (`guid`, `pool_entry`, `chance`, `description`) VALUES (17486, 3615, 0, "");
INSERT INTO `pool_gameobject` (`guid`, `pool_entry`, `chance`, `description`) VALUES (17485, 3615, 0, "");
INSERT INTO `pool_template` (`entry`, `max_limit`, `description`) VALUES (3631, 2, "Wetlands Local Minerals 31");
INSERT INTO `pool_gameobject` (`guid`, `pool_entry`, `chance`, `description`) VALUES (17481, 3631, 0, "");
INSERT INTO `pool_gameobject` (`guid`, `pool_entry`, `chance`, `description`) VALUES (17470, 3631, 0, "");
INSERT INTO `pool_gameobject` (`guid`, `pool_entry`, `chance`, `description`) VALUES (17467, 3631, 0, "");
INSERT INTO `pool_gameobject` (`guid`, `pool_entry`, `chance`, `description`) VALUES (17460, 3631, 0, "");
INSERT INTO `pool_gameobject` (`guid`, `pool_entry`, `chance`, `description`) VALUES (17459, 3631, 0, "");
INSERT INTO `pool_template` (`entry`, `max_limit`, `description`) VALUES (3641, 1, "Wetlands Local Minerals 32");
INSERT INTO `pool_gameobject` (`guid`, `pool_entry`, `chance`, `description`) VALUES (17483, 3641, 0, "");
INSERT INTO `pool_gameobject` (`guid`, `pool_entry`, `chance`, `description`) VALUES (17482, 3641, 0, "");
INSERT INTO `pool_gameobject` (`guid`, `pool_entry`, `chance`, `description`) VALUES (17480, 3641, 0, "");
INSERT INTO `pool_gameobject` (`guid`, `pool_entry`, `chance`, `description`) VALUES (17479, 3641, 0, "");
INSERT INTO `pool_template` (`entry`, `max_limit`, `description`) VALUES (3645, 2, "Wetlands Local Minerals 33");
INSERT INTO `pool_gameobject` (`guid`, `pool_entry`, `chance`, `description`) VALUES (17478, 3645, 0, "");
INSERT INTO `pool_gameobject` (`guid`, `pool_entry`, `chance`, `description`) VALUES (17469, 3645, 0, "");
INSERT INTO `pool_gameobject` (`guid`, `pool_entry`, `chance`, `description`) VALUES (17468, 3645, 0, "");
INSERT INTO `pool_template` (`entry`, `max_limit`, `description`) VALUES (1347, 1, "Wetlands Raptor Ridge Cave Minerals Local 1");
INSERT INTO `pool_gameobject` (`guid`, `pool_entry`, `chance`, `description`) VALUES (17914, 1347, 0, "");
INSERT INTO `pool_gameobject` (`guid`, `pool_entry`, `chance`, `description`) VALUES (18057, 1347, 0, "");
INSERT INTO `pool_gameobject` (`guid`, `pool_entry`, `chance`, `description`) VALUES (17913, 1347, 0, "");
INSERT INTO `pool_gameobject` (`guid`, `pool_entry`, `chance`, `description`) VALUES (17912, 1347, 0, "");
INSERT INTO `pool_gameobject` (`guid`, `pool_entry`, `chance`, `description`) VALUES (17908, 1347, 0, "");
INSERT INTO `pool_gameobject` (`guid`, `pool_entry`, `chance`, `description`) VALUES (18054, 1347, 0, "");
INSERT INTO `pool_gameobject` (`guid`, `pool_entry`, `chance`, `description`) VALUES (17911, 1347, 0, "");
INSERT INTO `pool_template` (`entry`, `max_limit`, `description`) VALUES (1589, 1, "Wetlands Raptor Ridge Cave Minerals Local 2");
INSERT INTO `pool_gameobject` (`guid`, `pool_entry`, `chance`, `description`) VALUES (18059, 1589, 0, "");
INSERT INTO `pool_gameobject` (`guid`, `pool_entry`, `chance`, `description`) VALUES (17916, 1589, 0, "");
INSERT INTO `pool_gameobject` (`guid`, `pool_entry`, `chance`, `description`) VALUES (18058, 1589, 0, "");
INSERT INTO `pool_gameobject` (`guid`, `pool_entry`, `chance`, `description`) VALUES (17910, 1589, 0, "");
INSERT INTO `pool_gameobject` (`guid`, `pool_entry`, `chance`, `description`) VALUES (18056, 1589, 0, "");
INSERT INTO `pool_gameobject` (`guid`, `pool_entry`, `chance`, `description`) VALUES (18055, 1589, 0, "");

-- Pool Pooling
INSERT INTO `pool_template` (`entry`, `max_limit`, `description`) VALUES (1348, 2, "Wetlands Raptor Ridge Cave Mineral Nodes");
INSERT INTO `pool_pool` (`pool_id`, `mother_pool`, `chance`, `description`) VALUES (1347, 1348, 0, "");
INSERT INTO `pool_pool` (`pool_id`, `mother_pool`, `chance`, `description`) VALUES (1589, 1348, 0, "");
INSERT INTO `pool_template` (`entry`, `max_limit`, `description`) VALUES (1590, 2, "Wetlands South East Mineral Nodes");
INSERT INTO `pool_pool` (`pool_id`, `mother_pool`, `chance`, `description`) VALUES (1588, 1590, 0, "");
INSERT INTO `pool_pool` (`pool_id`, `mother_pool`, `chance`, `description`) VALUES (2063, 1590, 0, "");
INSERT INTO `pool_pool` (`pool_id`, `mother_pool`, `chance`, `description`) VALUES (2334, 1590, 0, "");
INSERT INTO `pool_pool` (`pool_id`, `mother_pool`, `chance`, `description`) VALUES (2095, 1590, 0, "");
INSERT INTO `pool_template` (`entry`, `max_limit`, `description`) VALUES (1899, 3, "Wetlands North East Mineral Nodes");
INSERT INTO `pool_pool` (`pool_id`, `mother_pool`, `chance`, `description`) VALUES (1346, 1899, 0, "");
INSERT INTO `pool_pool` (`pool_id`, `mother_pool`, `chance`, `description`) VALUES (2043, 1899, 0, "");
INSERT INTO `pool_pool` (`pool_id`, `mother_pool`, `chance`, `description`) VALUES (6021, 1899, 0, "");
INSERT INTO `pool_pool` (`pool_id`, `mother_pool`, `chance`, `description`) VALUES (2273, 1899, 0, "");
INSERT INTO `pool_pool` (`pool_id`, `mother_pool`, `chance`, `description`) VALUES (2295, 1899, 0, "");
INSERT INTO `pool_template` (`entry`, `max_limit`, `description`) VALUES (2044, 2, "Wetlands Near Dun Algaz Mineral Nodes");
INSERT INTO `pool_pool` (`pool_id`, `mother_pool`, `chance`, `description`) VALUES (2456, 2044, 40, "");
INSERT INTO `pool_pool` (`pool_id`, `mother_pool`, `chance`, `description`) VALUES (3048, 2044, 25, "");
INSERT INTO `pool_pool` (`pool_id`, `mother_pool`, `chance`, `description`) VALUES (3074, 2044, 0, "");
INSERT INTO `pool_pool` (`pool_id`, `mother_pool`, `chance`, `description`) VALUES (3126, 2044, 0, "");
INSERT INTO `pool_template` (`entry`, `max_limit`, `description`) VALUES (2064, 1, "Wetlands Near Thelgen Rock Mineral Nodes");
INSERT INTO `pool_pool` (`pool_id`, `mother_pool`, `chance`, `description`) VALUES (3160, 2064, 0, "");
INSERT INTO `pool_pool` (`pool_id`, `mother_pool`, `chance`, `description`) VALUES (3226, 2064, 0, "");
INSERT INTO `pool_pool` (`pool_id`, `mother_pool`, `chance`, `description`) VALUES (3259, 2064, 0, "");
INSERT INTO `pool_template` (`entry`, `max_limit`, `description`) VALUES (6027, 3, "Wetlands Thelgen Rock Cave Mineral Nodes");
INSERT INTO `pool_pool` (`pool_id`, `mother_pool`, `chance`, `description`) VALUES (3472, 6027, 40, "");
INSERT INTO `pool_pool` (`pool_id`, `mother_pool`, `chance`, `description`) VALUES (3478, 6027, 30, "");
INSERT INTO `pool_pool` (`pool_id`, `mother_pool`, `chance`, `description`) VALUES (3484, 6027, 20, "");
INSERT INTO `pool_pool` (`pool_id`, `mother_pool`, `chance`, `description`) VALUES (3494, 6027, 10, "");
INSERT INTO `pool_template` (`entry`, `max_limit`, `description`) VALUES (2274, 2, "Wetlands Angerfang Encampment Mineral Nodes");
INSERT INTO `pool_pool` (`pool_id`, `mother_pool`, `chance`, `description`) VALUES (3302, 2274, 0, "");
INSERT INTO `pool_pool` (`pool_id`, `mother_pool`, `chance`, `description`) VALUES (3432, 2274, 0, "");
INSERT INTO `pool_pool` (`pool_id`, `mother_pool`, `chance`, `description`) VALUES (3439, 2274, 0, "");
INSERT INTO `pool_pool` (`pool_id`, `mother_pool`, `chance`, `description`) VALUES (3450, 2274, 0, "");
INSERT INTO `pool_template` (`entry`, `max_limit`, `description`) VALUES (2296, 3, "Wetlands Various Mineral Nodes");
INSERT INTO `pool_pool` (`pool_id`, `mother_pool`, `chance`, `description`) VALUES (3528, 2296, 0, "");
INSERT INTO `pool_pool` (`pool_id`, `mother_pool`, `chance`, `description`) VALUES (3503, 2296, 0, "");
INSERT INTO `pool_pool` (`pool_id`, `mother_pool`, `chance`, `description`) VALUES (2417, 2296, 35, "");
INSERT INTO `pool_pool` (`pool_id`, `mother_pool`, `chance`, `description`) VALUES (3645, 2296, 35, "");
INSERT INTO `pool_template` (`entry`, `max_limit`, `description`) VALUES (2335, 3, "Wetlands Marsh Mineral Nodes");
INSERT INTO `pool_pool` (`pool_id`, `mother_pool`, `chance`, `description`) VALUES (3545, 2335, 12, "");
INSERT INTO `pool_pool` (`pool_id`, `mother_pool`, `chance`, `description`) VALUES (3533, 2335, 12, "");
INSERT INTO `pool_pool` (`pool_id`, `mother_pool`, `chance`, `description`) VALUES (3615, 2335, 0, "");
INSERT INTO `pool_pool` (`pool_id`, `mother_pool`, `chance`, `description`) VALUES (3641, 2335, 16, "");
INSERT INTO `pool_pool` (`pool_id`, `mother_pool`, `chance`, `description`) VALUES (3631, 2335, 0, "");
INSERT INTO `pool_template` (`entry`, `max_limit`, `description`) VALUES (2457, 3, "Wetlands Whelgars Excavation Site Mineral Nodes");
INSERT INTO `pool_pool` (`pool_id`, `mother_pool`, `chance`, `description`) VALUES (3555, 2457, 0, "");
INSERT INTO `pool_pool` (`pool_id`, `mother_pool`, `chance`, `description`) VALUES (3570, 2457, 0, "");
INSERT INTO `pool_pool` (`pool_id`, `mother_pool`, `chance`, `description`) VALUES (3584, 2457, 12, "");
INSERT INTO `pool_pool` (`pool_id`, `mother_pool`, `chance`, `description`) VALUES (3606, 2457, 0, "");
INSERT INTO `pool_pool` (`pool_id`, `mother_pool`, `chance`, `description`) VALUES (3593, 2457, 0, "");