-- Skullsplitter Clan - Stranglethorn Vale
-- all camps

-- Spawn groups
-- group 1
DELETE FROM creature_linking WHERE guid IN (1405,1406,1407) OR master_guid IN (1405,1406,1407);
UPDATE creature SET position_x = -12849.441, position_y = -822.14496, position_z = 54.977894, spawndist = 0 WHERE guid IN (1405,1406,1407);
DELETE FROM creature_movement WHERE Id IN (1405,1406,1407);
DELETE FROM `spawn_group` WHERE id = 19914;
INSERT INTO `spawn_group` (`Id`, `Name`, `Type`, `MaxCount`, `WorldState`, `Flags`) VALUES
(19914, 'Stranglethorn Vale - Skullsplitter Clan x3 - Patrol 1', 0, 0, 0, 0x01); -- they have random spawn
DELETE FROM `spawn_group_spawn` WHERE id = 19914;
INSERT INTO `spawn_group_spawn` (`Id`, `Guid`, `SlotId`) VALUES
(19914, 1405, 0),
(19914, 1406, 1),
(19914, 1407, 2);
DELETE FROM `spawn_group_formation` WHERE id = 19914;
INSERT INTO `spawn_group_formation` (`Id`, `FormationType`, `FormationSpread`, `FormationOptions`, `PathId`, `MovementType`, `Comment`) VALUES
(19914, 3, 3, 0, 19914, 2, 'Stranglethorn Vale - Skullsplitter Clan x3 - Patrol 1');
DELETE FROM `waypoint_path_name` WHERE PathId = 19914;
INSERT INTO `waypoint_path_name` (`PathId`, `Name`) VALUES
(19914,'Stranglethorn Vale - Skullsplitter Clan x3 - Patrol 1');
DELETE FROM `waypoint_path` WHERE PathId = 19914;
INSERT INTO `waypoint_path` (`PathId`, `Point`, `PositionX`, `PositionY`,`PositionZ`, `Orientation`, `WaitTime`, `ScriptId`) VALUES
(19914,1 ,-12849.441,-822.14496,54.977894,100,0,0),
(19914,2 ,-12840.457,-817.75,55.7235     ,100,0,0),
(19914,3 ,-12832.039,-807.3471,59.679035 ,100,0,0),
(19914,4 ,-12822.523,-800.9895,61.797443 ,100,0,0),
(19914,5 ,-12811.024,-795.5008,61.72427  ,100,0,0),
(19914,6 ,-12795.043,-791.78204,62.399128,100,0,0),
(19914,7 ,-12774.396,-796.94196,61.67232 ,100,0,0),
(19914,8 ,-12752.999,-799.1274,60.308113 ,100,0,0),
(19914,9 ,-12734.116,-799.70734,61.113533,100,0,0),
(19914,10,-12720.911,-799.94403,60.90937 ,100,0,0),
(19914,11,-12697.461,-799.4476,60.764465 ,100,0,0),
(19914,12,-12669.188,-796.1165,59.042786 ,100,0,0),
(19914,13,-12662.471,-788.71484,59.004787,100,0,0),
(19914,14,-12649.396,-780.9247,55.35049  ,100,0,0),
(19914,15,-12619.687,-772.39984,43.011997,100,0,0),
(19914,16,-12604.849,-760.95856,41.963417,100,0,0),
(19914,17,-12595.758,-755.0647,43.25666  ,100,0,0),
(19914,18,-12584.659,-747.4551,44.02546  ,100,0,0),
(19914,19,-12577.523,-743.3898,43.390938 ,100,0,0),
(19914,20,-12567.094,-737.4375,40.15046  ,100,0,0),
(19914,21,-12559.251,-735.7547,39.249344,100,30000,0),
(19914,22,-12550.687,-734.6219,39.249344,100,0,0),
(19914,23,-12546.061,-732.0614,39.36263 ,100,0,0),
(19914,24,-12542.052,-728.6197,39.669025,100,0,0),
(19914,25,-12540.747,-724.49066,39.96175,100,30000,0),
(19914,26,-12535.892,-736.2181,40.095047 ,100,0,0),
(19914,27,-12522.655,-737.6991,38.98359  ,100,0,0),
(19914,28,-12501.36,-751.2179,37.38276   ,100,0,0),
(19914,29,-12504.057,-763.5721,37.21064  ,100,0,0),
(19914,30,-12521.51,-795.39825,37.987915 ,100,0,0),
(19914,31,-12529.11,-808.9566,38.27278   ,100,0,0),
(19914,32,-12545.373,-825.21875,41.5992  ,100,0,0),
(19914,33,-12557.209,-837.939,44.880676  ,100,0,0),
(19914,34,-12567.719,-846.32056,46.999737,100,0,0),
(19914,35,-12572.631,-854.28864,48.885723,100,0,0),
(19914,36,-12578.076,-865.8411,49.965557 ,100,0,0),
(19914,37,-12582.061,-886.2645,48.7459,100,30000,0),
(19914,38,-12595.753,-898.8481,50.970264 ,100,0,0),
(19914,39,-12605.524,-896.95074,52.46468 ,100,0,0),
(19914,40,-12634.382,-879.186,52.275414  ,100,0,0),
(19914,41,-12647.318,-874.2352,52.585716 ,100,0,0),
(19914,42,-12674.223,-867.9852,51.239597 ,100,0,0),
(19914,43,-12699.307,-880.01215,54.60654 ,100,0,0),
(19914,44,-12734.865,-884.43976,55.929157,100,0,0),
(19914,45,-12761.499,-885.88196,53.388386,100,0,0),
(19914,46,-12778.922,-884.9764,54.287766 ,100,0,0),
(19914,47,-12790.795,-882.24567,55.843918,100,0,0),
(19914,48,-12799.349,-876.97363,58.041916,100,0,0),
(19914,49,-12808.686,-867.73773,59.203148,100,0,0),
(19914,50,-12817.902,-858.57227,60.29562 ,100,0,0),
(19914,51,-12858.159,-824.1328,54.5985,100,30000,0);

-- group 2
DELETE FROM creature_linking WHERE guid IN (2516,2517,2518) OR master_guid IN (2516,2517,2518);
UPDATE creature SET position_x = -12544.556, position_y = -721.6014, position_z = 40.371174, spawndist = 0, movementtype = 0 WHERE guid IN (2516,2517,2518);
DELETE FROM creature_movement WHERE Id IN (2516,2517,2518);
DELETE FROM `spawn_group` WHERE id = 19913;
INSERT INTO `spawn_group` (`Id`, `Name`, `Type`, `MaxCount`, `WorldState`, `Flags`) VALUES
(19913, 'Stranglethorn Vale - Skullsplitter Clan x3 - Patrol 2', 0, 0, 0, 0x01); -- they have random spawn
DELETE FROM `spawn_group_spawn` WHERE id = 19913;
INSERT INTO `spawn_group_spawn` (`Id`, `Guid`, `SlotId`) VALUES
(19913, 2516, 0),
(19913, 2517, 1),
(19913, 2518, 2);
DELETE FROM `spawn_group_formation` WHERE id = 19913;
INSERT INTO `spawn_group_formation` (`Id`, `FormationType`, `FormationSpread`, `FormationOptions`, `PathId`, `MovementType`, `Comment`) VALUES
(19913, 3, 3, 0, 19913, 2, 'Stranglethorn Vale - Skullsplitter Clan x3 - Patrol 2');
DELETE FROM `waypoint_path_name` WHERE PathId = 19913;
INSERT INTO `waypoint_path_name` (`PathId`, `Name`) VALUES
(19913,'Stranglethorn Vale - Skullsplitter Clan x3 - Patrol 2');
DELETE FROM `waypoint_path` WHERE PathId = 19913;
INSERT INTO `waypoint_path` (`PathId`, `Point`, `PositionX`, `PositionY`,`PositionZ`, `Orientation`, `WaitTime`, `ScriptId`) VALUES
(19913,1 ,-12544.556,-721.6014,40.371174,100,35000,0),
(19913,2 ,-12537.9,-722.88086,39.306965  ,100,0,0),
(19913,3 ,-12532.903,-723.92957,39.03926 ,100,0,0),
(19913,4 ,-12529.491,-727.3776,38.976273 ,100,0,0),
(19913,5 ,-12525.941,-733.6399,38.907417 ,100,0,0),
(19913,6 ,-12515.538,-741.85046,38.48359 ,100,0,0),
(19913,7 ,-12508.716,-745.4305,38.360786 ,100,0,0),
(19913,8 ,-12504.764,-749.6162,37.235786 ,100,0,0),
(19913,9 ,-12503.772,-756.4389,37.343452 ,100,0,0),
(19913,10,-12505.756,-764.18945,37.35859 ,100,0,0),
(19913,11,-12510.184,-775.04865,37.04773 ,100,0,0),
(19913,12,-12513.994,-786.1618,37.756226 ,100,0,0),
(19913,13,-12517.992,-792.7473,37.57605  ,100,0,0),
(19913,14,-12524.239,-796.8086,38.22937  ,100,0,0),
(19913,15,-12527.438,-802.83636,38.410233,100,0,0),
(19913,16,-12529.691,-812.6564,37.911697 ,100,0,0),
(19913,17,-12534.138,-815.68677,39.50838 ,100,0,0),
(19913,18,-12539.97,-819.5545,40.24251   ,100,0,0),
(19913,19,-12546.344,-825.5227,41.722004 ,100,0,0),
(19913,20,-12555.792,-835.7016,44.52179  ,100,0,0),
(19913,21,-12564.311,-843.4234,46.219543 ,100,0,0),
(19913,22,-12571.816,-851.7423,48.51048  ,100,0,0),
(19913,23,-12576.367,-860.64844,49.933575,100,0,0),
(19913,24,-12581.614,-875.51324,49.789845,100,0,0),
(19913,25,-12581.357,-886.5137,48.539112,100,35000,0),
(19913,26,-12585.283,-890.96954,48.403614,100,0,0),
(19913,27,-12591.688,-897.1265,50.169483 ,100,0,0),
(19913,28,-12598.424,-897.251,51.537647  ,100,0,0),
(19913,29,-12607.482,-895.2002,52.76595  ,100,0,0),
(19913,30,-12618.757,-889.82996,52.831135,100,0,0),
(19913,31,-12627.075,-881.88226,52.600666,100,0,0),
(19913,32,-12639.682,-875.89716,52.335716,100,0,0),
(19913,33,-12660.174,-872.643,52.14382   ,100,0,0),
(19913,34,-12671.63,-870.4128,50.928562  ,100,0,0),
(19913,35,-12681.613,-871.08746,52.437595,100,0,0),
(19913,36,-12691.657,-876.2069,54.456882 ,100,0,0),
(19913,37,-12709.404,-882.94165,53.511948,100,0,0),
(19913,38,-12732.576,-887.4488,55.74901  ,100,0,0),
(19913,39,-12773.447,-888.4516,53.25554  ,100,0,0),
(19913,40,-12788.491,-884.8073,55.135178 ,100,0,0),
(19913,41,-12800.902,-876.96735,58.30227 ,100,0,0),
(19913,42,-12807.849,-867.98425,59.339622,100,0,0),
(19913,43,-12817.127,-856.92706,61.04098 ,100,0,0),
(19913,44,-12841.658,-836.27386,55.652794,100,0,0),
(19913,45,-12858.813,-823.82404,54.603138,100,30000,0),
(19913,46,-12852.185,-823.6031,54.8485   ,100,0,0),
(19913,47,-12845.88,-821.18,55.28014     ,100,0,0),
(19913,48,-12839.385,-814.5012,56.126575 ,100,0,0),
(19913,49,-12835.266,-809.50183,58.51256 ,100,0,0),
(19913,50,-12826.619,-802.33356,60.924152,100,0,0),
(19913,51,-12814.086,-796.47833,61.82974 ,100,0,0),
(19913,52,-12797.617,-787.24805,62.197956,100,0,0),
(19913,53,-12788.06,-777.3544,61.450153  ,100,0,0),
(19913,54,-12776.235,-762.4754,60.293037 ,100,0,0),
(19913,55,-12766.492,-755.58997,61.274334,100,0,0),
(19913,56,-12753.921,-751.0626,63.01652  ,100,0,0),
(19913,57,-12743.336,-745.28204,63.79948 ,100,0,0),
(19913,58,-12733.61,-733.2347,64.39698   ,100,0,0),
(19913,59,-12731.512,-722.3408,65.1104   ,100,0,0),
(19913,60,-12727.422,-701.3162,62.70586  ,100,0,0),
(19913,61,-12723.356,-685.26825,59.13794 ,100,0,0),
(19913,62,-12719.844,-676.2499,55.698975 ,100,0,0),
(19913,63,-12709.897,-659.6543,41.18752  ,100,0,0),
(19913,64,-12707.06,-646.3506,38.5591    ,100,0,0),
(19913,65,-12708.585,-629.7645,41.708477 ,100,0,0),
(19913,66,-12709.771,-610.8008,39.49998  ,100,0,0),
(19913,67,-12711.438,-581.2716,36.421932 ,100,0,0),
(19913,68,-12716.441,-556.0269,32.96807  ,100,0,0),
(19913,69,-12722.27,-540.0534,31.05694   ,100,0,0),
(19913,70,-12732.063,-526.21625,29.864584,100,0,0),
(19913,71,-12736.16,-514.55035,30.103079 ,100,0,0),
(19913,72,-12732.657,-505.92545,29.378012,100,0,0),
(19913,73,-12725.802,-496.91342,29.192793,100,0,0),
(19913,74,-12716.636,-483.40625,28.638838,100,0,0),
(19913,75,-12710.096,-474.8483,29.683027,100,15000,0),
(19913,76,-12697.797,-472.92926,30.033657,100,0,0),
(19913,77,-12692.714,-480.9336,29.485561 ,100,0,0),
(19913,78,-12691.605,-501.89258,29.485561,100,0,0),
(19913,79,-12675.832,-507.43643,29.610561,100,0,0),
(19913,80,-12659.377,-509.45813,30.040728,100,0,0),
(19913,81,-12640.7,-540.48,32.2609 ,100,0,0),
(19913,82,-12616.7,-554.255,31.883 ,100,0,0),
(19913,83,-12605.3,-572.367,33.3503,100,0,0),
(19913,84,-12593.4,-587.799,35.9762,100,0,0),
(19913,85,-12596.4,-635.345,40.4541,100,0,0),
(19913,86,-12601.9,-650.487,39.7871,100,0,0),
(19913,87,-12588.7,-676.953,39.759 ,100,0,0),
(19913,88,-12578.057,-697.6508,39.661945 ,100,0,0),
(19913,89,-12562.396,-708.98004,39.357014,100,0,0),
(19913,90,-12552.45,-714.45593,38.882893 ,100,0,0);

-- group 3
DELETE FROM creature_linking WHERE guid IN (857,858,859) OR master_guid IN (857,858,859);
UPDATE creature SET position_x = -12808.8, position_y = -790.261, position_z = 61.4108, spawndist = 0, movementtype = 0 WHERE guid IN (857,858,859);
DELETE FROM creature_movement WHERE Id IN (857,858,859);
DELETE FROM `spawn_group` WHERE id = 19912;
INSERT INTO `spawn_group` (`Id`, `Name`, `Type`, `MaxCount`, `WorldState`, `Flags`) VALUES
(19912, 'Stranglethorn Vale - Skullsplitter Clan x3 - Patrol 3', 0, 0, 0, 0x01); -- they have random spawn
DELETE FROM `spawn_group_spawn` WHERE id = 19912;
INSERT INTO `spawn_group_spawn` (`Id`, `Guid`, `SlotId`) VALUES
(19912, 857, 0),
(19912, 858, 1),
(19912, 859, 2);
DELETE FROM `spawn_group_formation` WHERE id = 19912;
INSERT INTO `spawn_group_formation` (`Id`, `FormationType`, `FormationSpread`, `FormationOptions`, `PathId`, `MovementType`, `Comment`) VALUES
(19912, 3, 3, 0, 19912, 2, 'Stranglethorn Vale - Skullsplitter Clan x3 - Patrol 3');
DELETE FROM `waypoint_path_name` WHERE PathId = 19912;
INSERT INTO `waypoint_path_name` (`PathId`, `Name`) VALUES
(19912,'Stranglethorn Vale - Skullsplitter Clan x3 - Patrol 3');
DELETE FROM `waypoint_path` WHERE PathId = 19912;
INSERT INTO `waypoint_path` (`PathId`, `Point`, `PositionX`, `PositionY`,`PositionZ`, `Orientation`, `WaitTime`, `ScriptId`) VALUES
(19912,1,-12808.8,-790.261,61.4108,100,0,0),
(19912,2,-12798.2,-784.473,62.2808,100,0,0),
(19912,3,-12786.1,-774.162,61.2438,100,0,0),
(19912,4,-12771.3,-761.481,60.316,100,0,0),
(19912,5,-12756.8,-754.828,62.6106,100,0,0),
(19912,6,-12749.6,-751.143,63.3112,100,0,0),
(19912,7,-12739,-739.303,63.8856,100,0,0),
(19912,8,-12735.1,-732.225,64.3525,100,0,0),
(19912,9,-12728.2,-713.169,64.4459,100,0,0),
(19912,10,-12725.2,-701.539,62.6778,100,0,0),
(19912,11,-12720.4,-686.493,59.1679,100,0,0),
(19912,12,-12712.7,-663.773,44.3386,100,0,0),
(19912,13,-12708.5,-649.872,38.7075,100,0,0),
(19912,14,-12708.3,-641.947,38.9813,100,0,0),
(19912,15,-12707.5,-622.09,41.0591,100,0,0),
(19912,16,-12698.9,-609.684,39.5117,100,0,0),
(19912,17,-12684.6,-602.683,38.1895,100,0,0),
(19912,18,-12675.1,-590.482,36.8763,100,0,0),
(19912,19,-12668.8,-572.061,32.4446,100,0,0),
(19912,20,-12666.3,-556.351,33.5797,100,0,0),
(19912,21,-12664.8,-528.21,32.2876,100,0,0),
(19912,22,-12664.2,-512.286,29.5436,100,0,0),
(19912,23,-12663.6,-492.078,29.7032,100,0,0),
(19912,24,-12663,-483.57,29.5811,100,0,0),
(19912,25,-12662.8,-475.462,30.1972,100,0,0),
(19912,26,-12663.4,-463.4,30.1114,100,0,0),
(19912,27,-12662.3,-452.503,27.4379,100,30000,0),
(19912,28,-12663.4,-468.134,30.4193,100,0,0),
(19912,29,-12664.5,-480.243,29.7838,100,0,0),
(19912,30,-12672.3,-493.402,30.0779,100,0,0),
(19912,31,-12680.3,-502.59,29.6548,100,0,0),
(19912,32,-12690.2,-500.314,29.1463,100,0,0),
(19912,33,-12701.2,-495.446,30.33,100,0,0),
(19912,34,-12713,-493.72,30.5647,100,0,0),
(19912,35,-12729,-504.393,30.0121,100,0,0),
(19912,36,-12738.7,-517.266,30.0721,100,0,0),
(19912,37,-12753.3,-530.768,33.1066,100,0,0),
(19912,38,-12771.2,-539.731,34.6667,100,0,0),
(19912,39,-12797.1,-532.118,36.3557,100,0,0),
(19912,40,-12818.5,-536.019,44.5534,100,0,0),
(19912,41,-12832.5,-542.717,47.8185,100,0,0),
(19912,42,-12848,-544.823,49.4328,100,0,0),
(19912,43,-12868.2,-543.583,47.659,100,0,0),
(19912,44,-12881.8,-556.548,48.9577,100,0,0),
(19912,45,-12876.7,-569.919,50.9357,100,0,0),
(19912,46,-12860.1,-580.463,54.1022,100,0,0),
(19912,47,-12855.3,-596.746,54.9877,100,30000,0),
(19912,48,-12876.4,-620.271,53.5266,100,0,0),
(19912,49,-12895.1,-635.351,51.4542,100,0,0),
(19912,50,-12904.4,-657.241,51.1925,100,0,0),
(19912,51,-12927,-692.569,51.0642,100,30000,0),
(19912,52,-12911.1,-720.953,51.1509,100,0,0),
(19912,53,-12907.9,-760.966,51.3873,100,0,0),
(19912,54,-12900.2,-783.897,51.7958,100,0,0),
(19912,55,-12890.5,-796.604,52.4773,100,0,0),
(19912,56,-12876.6,-811.234,54.5698,100,0,0),
(19912,57,-12859.3,-826.326,54.4844,100,30000,0),
(19912,58,-12856.3,-825.979,54.5954,100,0,0),
(19912,59,-12844.4,-816.441,55.3631,100,0,0),
(19912,60,-12837,-807.25,58.0551,100,0,0),
(19912,61,-12827.3,-800.899,60.6489,100,0,0);

-- group 4
DELETE FROM creature_linking WHERE guid IN (1408,1409,2539) OR master_guid IN (1408,1409,2539);
UPDATE creature SET position_x = -12762, position_y = -890.346, position_z = 52.7586, spawndist = 0, movementtype = 0 WHERE guid IN (1408,1409,2539);
DELETE FROM creature_movement WHERE Id IN (1408,1409,2539);
DELETE FROM `spawn_group` WHERE id = 19911;
INSERT INTO `spawn_group` (`Id`, `Name`, `Type`, `MaxCount`, `WorldState`, `Flags`) VALUES
(19911, 'Stranglethorn Vale - Skullsplitter Clan x3 - Patrol 4', 0, 0, 0, 0x01); -- they have random spawn
DELETE FROM `spawn_group_spawn` WHERE id = 19911;
INSERT INTO `spawn_group_spawn` (`Id`, `Guid`, `SlotId`) VALUES
(19911, 1408, 0),
(19911, 1409, 1),
(19911, 2539, 2);
DELETE FROM `spawn_group_formation` WHERE id = 19911;
INSERT INTO `spawn_group_formation` (`Id`, `FormationType`, `FormationSpread`, `FormationOptions`, `PathId`, `MovementType`, `Comment`) VALUES
(19911, 3, 3, 0, 19911, 2, 'Stranglethorn Vale - Skullsplitter Clan x3 - Patrol 4');
DELETE FROM `waypoint_path_name` WHERE PathId = 19911;
INSERT INTO `waypoint_path_name` (`PathId`, `Name`) VALUES
(19911,'Stranglethorn Vale - Skullsplitter Clan x3 - Patrol 4');
DELETE FROM `waypoint_path` WHERE PathId = 19911;
INSERT INTO `waypoint_path` (`PathId`, `Point`, `PositionX`, `PositionY`,`PositionZ`, `Orientation`, `WaitTime`, `ScriptId`) VALUES
(19911,1,-12762,-890.346,52.7586,100,0,0),
(19911,2,-12730.1,-887.774,55.5323,100,0,0),
(19911,3,-12714.3,-885.025,53.4196,100,0,0),
(19911,4,-12699.1,-879.825,54.4919,100,0,0),
(19911,5,-12681.8,-869.564,52.6233,100,0,0),
(19911,6,-12674.4,-869.165,51.188,100,0,0),
(19911,7,-12666.7,-871.35,51.4219,100,0,0),
(19911,8,-12650.9,-873.392,52.5857,100,0,0),
(19911,9,-12638.7,-876.715,52.3258,100,0,0),
(19911,10,-12628.2,-882.72,52.3613,100,0,0),
(19911,11,-12614.1,-890.653,53.2341,100,0,0),
(19911,12,-12607.4,-894.497,52.9249,100,0,0),
(19911,13,-12596.1,-898.259,50.9869,100,0,0),
(19911,14,-12584.8,-891.217,48.1915,100,30000,0),
(19911,15,-12581.3,-875.678,49.6814,100,0,0),
(19911,16,-12563.8,-839.487,46.2891,100,0,0),
(19911,17,-12548.5,-821.83,42.4999,100,0,0),
(19911,18,-12528.2,-802.737,38.3867,100,0,0),
(19911,19,-12517.3,-790.733,37.6283,100,0,0),
(19911,20,-12504.1,-761.325,37.2703,100,0,0),
(19911,21,-12504.8,-749.482,37.1879,100,30000,0),
(19911,22,-12525.3,-740.081,39.0834,100,0,0),
(19911,23,-12531,-735.172,38.9141,100,0,0),
(19911,24,-12534.3,-733.351,38.8407,100,0,0),
(19911,25,-12541.9,-731.708,39.2788,100,0,0),
(19911,26,-12549.2,-722.585,40.6961,100,0,0),
(19911,27,-12556.6,-713.417,39.0303,100,0,0),
(19911,28,-12563.1,-708.661,39.1064,100,0,0),
(19911,29,-12573.6,-702.577,39.3474,100,0,0),
(19911,30,-12583.1,-690.176,39.9489,100,0,0),
(19911,31,-12588.2,-679.075,39.7129,100,0,0),
(19911,32,-12595,-664.307,39.9864,100,0,0),
(19911,33,-12599.4,-652.97,39.8231,100,0,0),
(19911,34,-12599.9,-645.003,39.8947,100,0,0),
(19911,35,-12597.3,-637.418,40.4238,100,0,0),
(19911,36,-12594.9,-629.737,40.2418,100,0,0),
(19911,37,-12594.6,-625.751,40.4491,100,0,0),
(19911,38,-12595.2,-613.827,38.8148,100,0,0),
(19911,39,-12594.7,-593.58,36.5525,100,0,0),
(19911,40,-12600.2,-579.04,34.2872,100,0,0),
(19911,41,-12611.5,-562.366,31.9708,100,0,0),
(19911,42,-12620,-553.872,31.7559,100,0,0),
(19911,43,-12630.2,-547.365,31.936,100,0,0),
(19911,44,-12640,-540.128,32.2561,100,0,0),
(19911,45,-12645.3,-534.178,31.9934,100,0,0),
(19911,46,-12651.1,-523.508,31.2743,100,0,0),
(19911,47,-12665,-509.139,29.4158,100,0,0),
(19911,48,-12671.9,-506.452,29.5088,100,0,0),
(19911,49,-12679.5,-504.044,29.5854,100,0,0),
(19911,50,-12686.7,-500.509,29.0686,100,0,0),
(19911,51,-12689.9,-498.088,29.1882,100,0,0),
(19911,52,-12693,-487.472,29.2998,100,30000,0),
(19911,53,-12693.2,-491.533,29.438,100,0,0),
(19911,54,-12700.5,-494.845,30.2639,100,0,0),
(19911,55,-12716.4,-491.824,29.6841,100,0,0),
(19911,56,-12741.2,-516.6,30.2787,100,0,0),
(19911,57,-12767.2,-535.472,34.1034,100,0,0),
(19911,58,-12801.5,-530.203,36.8804,100,0,0),
(19911,59,-12821.9,-537.812,46.1076,100,0,0),
(19911,60,-12836.6,-544.153,47.7871,100,0,0),
(19911,61,-12864.3,-543.38,47.7794,100,0,0),
(19911,62,-12879.5,-554.229,48.8942,100,0,0),
(19911,63,-12877.9,-568.303,50.6014,100,0,0),
(19911,64,-12862.4,-579.861,53.7743,100,0,0),
(19911,65,-12856.3,-589.198,54.669,100,0,0),
(19911,66,-12859.6,-604.335,56.8006,100,30000,0),
(19911,67,-12878,-624.164,52.679,100,0,0),
(19911,68,-12891.5,-632.918,51.3038,100,0,0),
(19911,69,-12901.8,-644.776,51.2709,100,0,0),
(19911,70,-12906.7,-660.089,51.0987,100,0,0),
(19911,71,-12924.3,-691.778,51.1009,100,30000,0),
(19911,72,-12910.9,-724.205,51.1811,100,0,0),
(19911,73,-12906,-772.41,51.5967,100,0,0),
(19911,74,-12896,-789.531,51.9119,100,0,0),
(19911,75,-12880.5,-807.939,54.6357,100,0,0),
(19911,76,-12858.4,-823.952,54.5228,100,30000,0),
(19911,77,-12854.9,-825.987,54.6521,100,0,0),
(19911,78,-12844.5,-832.331,55.2178,100,0,0),
(19911,79,-12834.5,-838.677,56.7409,100,0,0),
(19911,80,-12825.1,-845.945,59.0249,100,0,0),
(19911,81,-12817.3,-854.857,61.2077,100,0,0),
(19911,82,-12804.1,-870.033,59.086,100,0,0),
(19911,83,-12780.5,-884.721,54.3719,100,0,0);

-- Skullsplitter Spiritchaser 672 & Skullsplitter Berserker 783 & Ana'thek the Cruel 1059
DELETE FROM creature_linking WHERE guid IN (1365,1367,1366) OR master_guid IN (1365,1367,1366);
UPDATE creature SET position_x = -13076.923, position_y = -607.44775, position_z = 54.38304, spawndist = 0, movementtype = 0 WHERE guid IN (1365,1367,1366);
DELETE FROM creature_movement WHERE Id IN (1365,1367,1366);
DELETE FROM `spawn_group` WHERE id = 19910;
INSERT INTO `spawn_group` (`Id`, `Name`, `Type`, `MaxCount`, `WorldState`, `Flags`) VALUES
(19910, 'Stranglethorn Vale - Skullsplitter Spiritchaser 672 & Skullsplitter Berserker 783 & Ana\'thek the Cruel 1059 - Patrol', 0, 0, 0, 0x01);
DELETE FROM `spawn_group_spawn` WHERE id = 19910;
INSERT INTO `spawn_group_spawn` (`Id`, `Guid`, `SlotId`) VALUES
(19910, 1365, 0),
(19910, 1367, 1),
(19910, 1366, 2);
DELETE FROM `spawn_group_formation` WHERE id = 19910;
INSERT INTO `spawn_group_formation` (`Id`, `FormationType`, `FormationSpread`, `FormationOptions`, `PathId`, `MovementType`, `Comment`) VALUES
(19910, 3, 3, 0, 19910, 4, 'Stranglethorn Vale - Skullsplitter Spiritchaser 672 & Skullsplitter Berserker 783 & Ana\'thek the Cruel 1059 - Patrol'); -- linear
DELETE FROM `waypoint_path_name` WHERE PathId = 19910;
INSERT INTO `waypoint_path_name` (`PathId`, `Name`) VALUES
(19910,'Stranglethorn Vale - Skullsplitter Spiritchaser 672 & Skullsplitter Berserker 783 & Ana\'thek the Cruel 1059 - Patrol');
DELETE FROM `waypoint_path` WHERE PathId = 19910;
INSERT INTO `waypoint_path` (`PathId`, `Point`, `PositionX`, `PositionY`,`PositionZ`, `Orientation`, `WaitTime`, `ScriptId`) VALUES
(19910,1 ,-13076.923,-607.44775,54.38304,5.55,120000,0),
(19910,2 ,-13076.923,-607.44775,54.38304 ,100,0,0),
(19910,3 ,-13063.518,-616.86176,54.252487,100,0,0),
(19910,4 ,-13052.077,-624.75073,55.139477,100,0,0),
(19910,5 ,-13037.404,-636.6674,53.165947 ,100,0,0),
(19910,6 ,-13014.783,-646.84485,53.987156,100,0,0),
(19910,7 ,-12992.629,-655.3316,51.66038 ,100,0,0),
(19910,8 ,-12951.668,-675.0589,51.259098,100,0,0),
(19910,9 ,-12925.764,-692.5545,51.184467,100,0,0),
(19910,10,-12907.744,-720.5589,51.30147 ,100,0,0),
(19910,11,-12909.848,-751.8694,51.423267,100,30000,0);

-- Skullsplitter Beastmaster 784
UPDATE creature SET position_x = -12943.629, position_y = -640.23975, position_z = 53.30677, spawndist = 0, MovementType = 2 WHERE guid = 1381;
UPDATE creature SET spawndist = 1, MovementType = 1 WHERE guid IN (1368,1376,1161); -- confirmed in sniff
DELETE FROM creature_movement WHERE Id IN (1381);
INSERT INTO creature_movement (id, point, positionx, positiony, positionz, orientation, waittime, scriptid) VALUES
(1381,1 ,-12943.629,-640.23975,53.30677,100,30000,0),
(1381,2 ,-12943.424,-663.9487,51.797005 ,100,0,0),
(1381,3 ,-12939.317,-682.9666,51.20368  ,100,0,0),
(1381,4 ,-12921.541,-703.51416,51.073933,100,0,0),
(1381,5 ,-12909.286,-728.4829,51.30147  ,100,0,0),
(1381,6 ,-12909.729,-759.227,51.653248  ,100,0,0),
(1381,7 ,-12906.863,-785.60547,52.567886,100,0,0),
(1381,8 ,-12914.752,-794.2848,53.444595 ,100,0,0),
(1381,9 ,-12927.96,-805.32935,55.585526 ,100,0,0),
(1381,10,-12949.049,-823.7179,63.84297  ,100,0,0),
(1381,11,-12965.772,-832.2155,70.82002  ,100,0,0),
(1381,12,-12968.75,-832.23804,71.092674,100,30000,0),
(1381,13,-12949.049,-823.7179,63.84297  ,100,0,0),
(1381,14,-12927.96,-805.32935,55.585526 ,100,0,0),
(1381,15,-12914.752,-794.2848,53.444595 ,100,0,0),
(1381,16,-12907.932,-791.38477,53.08229 ,100,0,0),
(1381,17,-12901.26,-793.5176,52.567886  ,100,0,0),
(1381,18,-12894.924,-797.33704,52.650997,100,0,0),
(1381,19,-12885.699,-800.59796,53.56203 ,100,0,0),
(1381,20,-12877.076,-809.3577,54.64919,100,30000,0),
(1381,21,-12899.179,-789.81274,52.161495,100,0,0),
(1381,22,-12908.489,-763.10175,51.504566,100,0,0),
(1381,23,-12908.58,-729.4168,51.30147   ,100,0,0),
(1381,24,-12925.178,-693.409,51.184467  ,100,0,0),
(1381,25,-12907.558,-664.55164,51.145397,100,0,0),
(1381,26,-12899.13,-642.5044,51.592693  ,100,0,0),
(1381,27,-12885.17,-626.9301,51.36855   ,100,0,0),
(1381,28,-12872.741,-617.5102,54.690815,100,40000,0),
(1381,29,-12896.731,-637.95734,51.50578 ,100,0,0),
(1381,30,-12909.871,-668.1408,51.194965 ,100,0,0),
(1381,31,-12928.271,-693.1971,51.184467 ,100,0,0),
(1381,32,-12939.317,-682.9666,51.20368  ,100,0,0),
(1381,33,-12965.764,-672.09753,51.454014,100,0,0),
(1381,34,-12989.201,-658.39343,51.426983,100,0,0),
(1381,35,-13008.31,-647.4583,53.731785  ,100,0,0),
(1381,36,-13019.188,-642.4839,53.987156 ,100,0,0),
(1381,37,-13034.808,-632.8444,53.508724,100,20000,0),
(1381,38,-13015.151,-643.7904,53.987156 ,100,0,0),
(1381,39,-13001.447,-653.81287,52.868504,100,0,0),
(1381,40,-12992.71,-661.9542,52.167217  ,100,0,0),
(1381,41,-12991.053,-672.1111,52.187237 ,100,0,0),
(1381,42,-12992.821,-680.0195,53.09837  ,100,0,0),
(1381,43,-12997.005,-689.52167,53.91258 ,100,0,0),
(1381,44,-12999.427,-694.6209,54.4763   ,100,0,0),
(1381,45,-12999.89,-699.5929,54.78172,100,30000,0),
(1381,46,-12999.427,-694.6209,54.4763   ,100,0,0),
(1381,47,-12997.005,-689.52167,53.91258 ,100,0,0),
(1381,48,-12992.821,-680.0195,53.09837  ,100,0,0),
(1381,49,-12983.595,-670.6185,51.800274 ,100,0,0),
(1381,50,-12972.258,-668.3515,51.482403 ,100,0,0),
(1381,51,-12953.128,-666.92004,50.85895 ,100,0,0),
(1381,52,-12947.451,-658.4061,51.97889  ,100,0,0),
(1381,53,-12944.936,-650.66455,52.726936,100,0,0);

-- Skullsplitter Hunter 669 / Skullsplitter Witch Doctor 670 /  Skullsplitter Scout 782
-- missing added
DELETE FROM creature_addon WHERE guid IN (4256,4562,4563);
DELETE FROM creature_movement WHERE id IN (4256,4562,4563);
DELETE FROM game_event_creature WHERE guid IN (4256,4562,4563);
DELETE FROM game_event_creature_data WHERE guid IN (4256,4562,4563);
DELETE FROM creature_battleground WHERE guid IN (4256,4562,4563);
DELETE FROM creature_linking WHERE guid IN (4256,4562,4563);
DELETE FROM creature where guid IN (4256,4562,4563);
INSERT INTO creature (guid, id, map, spawnMask, position_x, position_y, position_z, orientation, spawntimesecsmin, spawntimesecsmax, spawndist, MovementType) VALUES
(4256,669,0,1,-12972.916,-650,52.607403,3.378,300,300,5,1),
(4562,669,0,1,-13027.526,-605.56335,57.716278,0,300,300,0,4), -- linear
(4563,669,0,1,-12940.637,-716.35626,54.41685,0,300,300,5,1);
UPDATE creature SET id = 669, position_x = -12916.1, position_y = -860.028, position_z = 71.5762, spawndist = 0, MovementType = 4 WHERE guid = 1638; -- linear - scout befor, random?
UPDATE creature SET position_x = -12966.771, position_y = -727.7677, position_z = 54.99693, spawndist = 0, MovementType = 4 WHERE guid = 1213; -- linear
UPDATE creature SET position_x = -12947.962, position_y = -620.9577, position_z = 52.49165, orientation = 4.72, spawndist = 0, MovementType = 4 WHERE guid = 1373; -- linear
UPDATE creature SET position_x = -13022.281, position_y = -728.90985, position_z = 55.00383, orientation = 4.45, spawndist = 0, MovementType = 4 WHERE guid = 1391; -- linear
UPDATE creature SET position_x = -12985.705, position_y = -711.4708, position_z = 53.844097, orientation = 5.81, spawndist = 0, MovementType = 2 WHERE guid = 1363;
UPDATE creature SET position_x = -13020.290, position_y = -621.6328, position_z = 53.555386, spawndist = 5, MovementType = 1 WHERE guid = 1340;
UPDATE creature SET spawndist = 1, MovementType = 1 WHERE guid IN (1384,1386,1362,1372,1371,1389,1388,1264,1185); -- confirmed in sniff
UPDATE creature SET spawndist = 3, MovementType = 1 WHERE guid IN (1394,1378,1152,1157); -- confirmed in sniff
UPDATE creature SET spawndist = 0, MovementType = 0 WHERE guid IN (1364);
-- waypoints
DELETE FROM creature_movement WHERE Id IN (1638,1213,1373,1363,1391,4562);
INSERT INTO creature_movement (id, point, positionx, positiony, positionz, orientation, waittime, scriptid) VALUES
-- 1638
(1638,1 ,-12916.1,-860.028,71.5762,100,2000,0),
(1638,2 ,-12922.8,-857.655,71.4011,100,0,0),
(1638,3 ,-12924.6,-855.096,70.5037,100,0,0),
(1638,4 ,-12926.7,-848.408,67.9851,100,0,0),
(1638,5 ,-12927.31,-841.8288,65.208694,100,0,0),
(1638,6 ,-12928.614,-828.26843,59.238846,100,0,0),
(1638,7 ,-12929.134,-806.4733,55.867752,100,0,0),
(1638,8 ,-12918.745,-795.88586,54.372574,100,0,0),
(1638,9 ,-12907.81,-782.62524,52.54518,100,0,0),
(1638,10,-12910.48,-768.03345,51.8882,100,0,0),
(1638,11,-12920.295,-761.8917,53.79436,100,0,0),
(1638,12,-12935.893,-766.4542,55.635254,100,0,0),
(1638,13,-12951.93,-771.8514,56.302734,100,0,0),
(1638,14,-12993.054,-775.3338,59.223984,100,0,0),
(1638,15,-13026.857,-781.00696,71.84836,100,2000,0),
-- 1213
(1213,1,-12966.771,-727.7677,54.99693,100,10000,0),
(1213,2,-12947.234,-723.214,53.787323,100,0,0),
(1213,3,-12923.226,-717.7474,51.73409,100,0,0),
(1213,4,-12886.68,-710.0544,53.44328,100,0,0),
(1213,5,-12868.841,-696.1712,56.466103,100,0,0),
(1213,6,-12867.508,-680.82745,55.9329,100,0,0),
(1213,7,-12865.215,-667.2581,56.724148,100,0,0),
(1213,8,-12863.329,-658.38367,57.018032,100,0,0),
(1213,9,-12851.701,-653.41406,59.701626,100,2000,0),
-- 1373
(1373,1,-12947.962,-620.9577,52.49165,100,30000,0),
(1373,2,-12943.341,-633.5901,52.900032,100,0,0),
(1373,3,-12943.58,-644.1897,53.139534,100,15000,0),
-- 1363
(1363,1,-12985.705,-711.4708,53.844097,100,30000,0),
(1363,2,-12992.799,-707.5752,54.348736,100,0,0),
(1363,3,-12997.801,-703.4403,54.74693,100,0,0),
(1363,4,-12998.679,-701.50806,54.74693,100,20000,0),
(1363,5,-12994.426,-706.9362,54.62071,100,0,0),
(1363,6,-12991.024,-708.7115,53.99693,100,0,0),
-- 1391
(1391,1,-13022.281,-728.90985,55.00383,100,2000,0),
(1391,2,-13022.121,-716.6116,54.689133,100,0,0),
(1391,3,-13020.957,-698.99396,55.45921,100,0,0),
(1391,4,-13021.31,-693.8256,55.448223,100,0,0),
(1391,5,-13010.024,-684.35254,55.337627,100,0,0),
(1391,6,-12995.162,-671.81134,53.32127,100,0,0),
(1391,7,-12980.632,-668.41,51.595684,100,0,0),
(1391,8,-12936.811,-689.7924,51.166325,100,2000,0),
-- 4562
(4562,1 ,-13027.526,-605.56335,57.716278,100,5000,0),
(4562,2 ,-13028.548,-633.53723,53.62363,100,0,0),
(4562,3 ,-13007.314,-649.28644,53.617527,100,0,0),
(4562,4 ,-12987.391,-623.0042,53.758774,100,0,0),
(4562,5 ,-12972.261,-621.2341,53.334213,100,5000,0),
(4562,6 ,-12983.679,-622.6925,53.438217,100,0,0),
(4562,7 ,-12994.465,-651.1405,51.607403,100,0,0),
(4562,8 ,-12993.789,-672.8304,53.043682,100,0,0),
(4562,9 ,-12998.915,-694.60547,54.414776,100,0,0),
(4562,10,-12999.165,-699.6727,54.755596,100,2000,0);
-- share same spawn points
DELETE FROM creature_spawn_entry WHERE guid IN (1375,1384,4256,1386,1362,1364,1340,1344,1372,1371,1389,1388,1394,1264,4563,1185,1378,1152,1157);
INSERT INTO creature_spawn_entry (guid,entry) VALUES
-- Skullsplitter Hunter 669 / Skullsplitter Witch Doctor 670 /  Skullsplitter Scout 782
(1375,669),(1375,670),(1375,782),(1384,669),(1384,670),(1384,782),
(4256,669),(4256,670),(4256,782),(1386,669),(1386,670),(1386,782),
(1362,669),(1362,670),(1362,782),(1364,669),(1364,670),(1364,782),
(1340,669),(1340,670),(1340,782),(1344,669),(1344,670),(1344,782),
(1372,669),(1372,670),(1372,782),(1371,669),(1371,670),(1371,782),
(1389,669),(1389,670),(1389,782),(1388,669),(1388,670),(1388,782),
(1394,669),(1394,670),(1394,782),(1264,669),(1264,670),(1264,782),
(4563,669),(4563,670),(4563,782),(1185,669),(1185,670),(1185,782),
(1378,669),(1378,670),(1378,782),(1152,669),(1152,670),(1152,782),
(1157,669),(1157,670),(1157,782);
UPDATE creature SET id = 0 WHERE guid IN (1375,1384,4256,1386,1362,1364,1340,1344,1372,1371,1389,1388,1394,1264,4563,1185,1378,1152,1157);

-- Skullsplitter Spiritchaser 672 / Skullsplitter Headhunter 781 / Skullsplitter Berserker 783
UPDATE creature SET position_x = -12979.166, position_y = -820.834, position_z = 70.780174, spawndist = 3, MovementType = 1 WHERE guid = 1166;
UPDATE creature SET spawndist = 1, MovementType = 1 WHERE guid IN (1245,1135,1643,1105,835,831); -- confirmed in sniff
UPDATE creature SET spawndist = 3, MovementType = 1 WHERE guid IN (1641,840,1642); -- confirmed in sniff
UPDATE creature SET spawndist = 0, MovementType = 0 WHERE guid IN (1136,765);
UPDATE creature SET position_x = -13000.798, position_y = -837.26324, position_z = 70.496025, orientation = 3.0892, spawndist = 0, MovementType = 2 WHERE guid = 830;
UPDATE creature SET position_x = -13046.342, position_y = -822.08704, position_z = 70.77794, orientation = 2.92, spawndist = 0, MovementType = 2 WHERE guid = 1645;
-- waypoints
DELETE FROM creature_movement WHERE Id IN (830,1645);
INSERT INTO creature_movement (id, point, positionx, positiony, positionz, orientation, waittime, scriptid) VALUES
-- 830
(830,1,-13000.798,-837.26324,70.496025,3.0892,25000,0),
(830,2,-13007.608,-831.7537,70.39927,100,0,0),
(830,3,-13011.531,-828.30536,70.44224,100,0,0),
(830,4,-13016.208,-828.5282,70.93052,100,10000,0),
(830,5,-13010.066,-828.21875,70.45249,100,0,0),
(830,6,-13006.452,-831.1278,70.32407,100,0,0),
(830,7,-13000.798,-837.26324,70.496025,100,0,0),
-- 1645
(1645,1,-13046.342,-822.08704,70.77794,100,30000,0),
(1645,2,-13036.986,-825.18207,70.90343,100,0,0),
(1645,3,-13031.197,-827.0773,70.28184,100,0,0),
(1645,4,-13025.77,-828.21246,70.99619,100,0,0),
(1645,5,-13021.156,-828.2294,71.15122,100,15000,0),
(1645,6,-13026.476,-828.1862,70.91172,100,0,0),
(1645,7,-13032.753,-826.3405,70.24961,100,0,0),
(1645,8,-13040.981,-824.1797,71.16783,100,0,0);
-- share same spawn points
DELETE FROM creature_spawn_entry WHERE guid IN (1245,1166,1135,1641,840,1643,1105,1136,841,837,1642,835,1188,831);
INSERT INTO creature_spawn_entry (guid,entry) VALUES
-- Skullsplitter Spiritchaser 672 / Skullsplitter Headhunter 781 / Skullsplitter Berserker 783
(1245,672),(1245,781),(1245,783),(1166,672),(1166,781),(1166,783),
(1135,672),(1135,781),(1135,783),(1641,672),(1641,781),(1641,783),
(840,672),(840,781),(840,783),(1643,672),(1643,781),(1643,783),
(1105,672),(1105,781),(1105,783),(1136,672),(1136,781),(1136,783),
(841,672),(841,781),(841,783),(837,672),(837,781),(837,783),
(1642,672),(1642,781),(1642,783),(835,672),(835,781),(835,783),
(1188,672),(1188,781),(1188,783),(831,672),(831,781),(831,783);
UPDATE creature SET id = 0 WHERE guid IN (1245,1166,1135,1641,840,1643,1105,1136,841,837,1642,835,1188,831);

