INSERT INTO `reference_loot_template` (`entry`, `item`, `ChanceOrQuestChance`, `groupid`, `mincountOrRef`, `maxcount`, `condition_id`, `comments`) VALUES
('35040', '13955', '20', '1', '1', '1', '0', 'Stoneform Shoulders'),
('35039', '13956', '0', '1', '1', '1', '0', 'Clutch of Andros'),
('35039', '13957', '0', '1', '1', '1', '0', 'Gargoyle Slashers'),
('35039', '13960', '0', '1', '1', '1', '0', 'Heart of the Fiend'),
('35039', '13967', '0', '1', '1', '1', '0', 'Windreaver Greaves'),
('35039', '13969', '0', '1', '1', '1', '0', 'Loomguard Armbraces'),
('35040', '13983', '20', '1', '1', '1', '0', 'Gravestone War Axe'),
('35040', '14024', '20', '1', '1', '1', '0', 'Frightalon'),
('35040', '16734', '20', '1', '1', '1', '0', 'Boots of Valor'),
('35040', '8283', '0', '1', '1', '1', '0', 'Arcane Armor'),
('35040', '8288', '0', '1', '1', '1', '0', 'Arcane Pads'),
('35040', '8289', '0', '1', '1', '1', '0', 'Arcane Leggings'),
('35040', '8290', '0', '1', '1', '1', '0', 'Arcane Robe'),
('35040', '8296', '0', '1', '1', '1', '0', 'Traveler''s Jerkin'),
('35040', '8299', '0', '1', '1', '1', '0', 'Traveler''s Helm'),
('35040', '8300', '0', '1', '1', '1', '0', 'Traveler''s Leggings'),
('35040', '8301', '0', '1', '1', '1', '0', 'Traveler''s Spaulders'),
('35040', '8303', '0', '1', '1', '1', '0', 'Hero''s Breastplate'),
('35040', '8305', '0', '1', '1', '1', '0', 'Hero''s Gauntlets'),
('35040', '8306', '0', '1', '1', '1', '0', 'Hero''s Belt'),
('35040', '8307', '0', '1', '1', '1', '0', 'Hero''s Boots'),
('35040', '8308', '0', '1', '1', '1', '0', 'Hero''s Band'),
('35040', '8309', '0', '1', '1', '1', '0', 'Hero''s Leggings'),
('35040', '8310', '0', '1', '1', '1', '0', 'Hero''s Pauldrons'),
('35040', '8313', '0', '1', '1', '1', '0', 'Hero''s Buckler'),
('35040', '10102', '0', '1', '1', '1', '0', 'Councillor''s Robes'),
('35040', '10104', '0', '1', '1', '1', '0', 'Councillor''s Tunic'),
('35040', '10105', '0', '1', '1', '1', '0', 'Wanderer''s Armor'),
('35040', '10136', '0', '1', '1', '1', '0', 'High Councillor''s Bracers'),
('35040', '10137', '0', '1', '1', '1', '0', 'High Councillor''s Boots'),
('35040', '10138', '0', '1', '1', '1', '0', 'High Councillor''s Cloak'),
('35040', '10139', '0', '1', '1', '1', '0', 'High Councillor''s Circlet'),
('35040', '10140', '0', '1', '1', '1', '0', 'High Councillor''s Gloves'),
('35040', '10141', '0', '1', '1', '1', '0', 'High Councillor''s Pants'),
('35040', '10142', '0', '1', '1', '1', '0', 'High Councillor''s Mantle'),
('35040', '10144', '0', '1', '1', '1', '0', 'High Councillor''s Sash'),
('35040', '10145', '0', '1', '1', '1', '0', 'Mighty Girdle'),
('35040', '10146', '0', '1', '1', '1', '0', 'Mighty Boots'),
('35040', '10147', '0', '1', '1', '1', '0', 'Mighty Armsplints'),
('35040', '10149', '0', '1', '1', '1', '0', 'Mighty Gauntlets'),
('35040', '10150', '0', '1', '1', '1', '0', 'Mighty Helmet'),
('35040', '10152', '0', '1', '1', '1', '0', 'Mighty Leggings'),
('35040', '10153', '0', '1', '1', '1', '0', 'Mighty Spaulders'),
('35040', '10154', '0', '1', '1', '1', '0', 'Mercurial Girdle'),
('35040', '10155', '0', '1', '1', '1', '0', 'Mercurial Greaves'),
('35040', '10156', '0', '1', '1', '1', '0', 'Mercurial Bracers'),
('35040', '10159', '0', '1', '1', '1', '0', 'Mercurial Cloak'),
('35040', '10160', '0', '1', '1', '1', '0', 'Mercurial Circlet'),
('35040', '10161', '0', '1', '1', '1', '0', 'Mercurial Gauntlets'),
('35040', '10162', '0', '1', '1', '1', '0', 'Mercurial Legguards'),
('35040', '10163', '0', '1', '1', '1', '0', 'Mercurial Pauldrons'),
('35040', '10210', '0', '1', '1', '1', '0', 'Elegant Mantle'),
('35040', '10211', '0', '1', '1', '1', '0', 'Elegant Boots'),
('35040', '10214', '0', '1', '1', '1', '0', 'Elegant Gloves'),
('35040', '10215', '0', '1', '1', '1', '0', 'Elegant Robes'),
('35040', '10217', '0', '1', '1', '1', '0', 'Elegant Leggings'),
('35040', '10218', '0', '1', '1', '1', '0', 'Elegant Tunic'),
('35040', '10219', '0', '1', '1', '1', '0', 'Elegant Circlet'),
('35040', '10220', '0', '1', '1', '1', '0', 'Nightshade Tunic'),
('35040', '10222', '0', '1', '1', '1', '0', 'Nightshade Boots'),
('35040', '10225', '0', '1', '1', '1', '0', 'Nightshade Gloves'),
('35040', '10226', '0', '1', '1', '1', '0', 'Nightshade Helmet'),
('35040', '10227', '0', '1', '1', '1', '0', 'Nightshade Leggings'),
('35040', '10228', '0', '1', '1', '1', '0', 'Nightshade Spaulders'),
('35040', '10230', '0', '1', '1', '1', '0', 'Engraved Breastplate'),
('35040', '10235', '0', '1', '1', '1', '0', 'Engraved Helm'),
('35040', '10236', '0', '1', '1', '1', '0', 'Engraved Leggings'),
('35040', '10247', '0', '1', '1', '1', '0', 'Master''s Boots'),
('35040', '10248', '0', '1', '1', '1', '0', 'Master''s Bracers'),
('35040', '10249', '0', '1', '1', '1', '0', 'Master''s Cloak'),
('35040', '10250', '0', '1', '1', '1', '0', 'Master''s Hat'),
('35040', '10251', '0', '1', '1', '1', '0', 'Master''s Gloves'),
('35040', '10253', '0', '1', '1', '1', '0', 'Master''s Mantle'),
('35040', '10255', '0', '1', '1', '1', '0', 'Master''s Belt'),
('35040', '10256', '0', '1', '1', '1', '0', 'Adventurer''s Bracers'),
('35040', '10257', '0', '1', '1', '1', '0', 'Adventurer''s Boots'),
('35040', '10258', '0', '1', '1', '1', '0', 'Adventurer''s Cape'),
('35040', '10259', '0', '1', '1', '1', '0', 'Adventurer''s Belt'),
('35040', '10260', '0', '1', '1', '1', '0', 'Adventurer''s Gloves'),
('35040', '10261', '0', '1', '1', '1', '0', 'Adventurer''s Bandana'),
('35040', '10263', '0', '1', '1', '1', '0', 'Adventurer''s Shoulders'),
('35040', '10265', '0', '1', '1', '1', '0', 'Masterwork Bracers'),
('35040', '10267', '0', '1', '1', '1', '0', 'Masterwork Cape'),
('35040', '10268', '0', '1', '1', '1', '0', 'Masterwork Gauntlets'),
('35040', '10269', '0', '1', '1', '1', '0', 'Masterwork Girdle'),
('35040', '10270', '0', '1', '1', '1', '0', 'Masterwork Boots'),
('35040', '10272', '0', '1', '1', '1', '0', 'Masterwork Circlet'),
('35040', '10274', '0', '1', '1', '1', '0', 'Masterwork Pauldrons'),
('35040', '10275', '0', '1', '1', '1', '0', 'Emerald Breastplate'),
('35040', '10280', '0', '1', '1', '1', '0', 'Emerald Legplates'),
('35040', '10363', '0', '1', '1', '1', '0', 'Engraved Wall'),
('35040', '10365', '0', '1', '1', '1', '0', 'Emerald Shield'),
('35040', '10366', '0', '1', '1', '1', '0', 'Demon Guard'),
('35040', '10368', '0', '1', '1', '1', '0', 'Imbued Plate Armor'),
('35040', '10372', '0', '1', '1', '1', '0', 'Imbued Plate Helmet'),
('35040', '10373', '0', '1', '1', '1', '0', 'Imbued Plate Leggings'),
('35040', '10374', '0', '1', '1', '1', '0', 'Imbued Plate Pauldrons'),
('35040', '10376', '0', '1', '1', '1', '0', 'Commander''s Boots'),
('35040', '10377', '0', '1', '1', '1', '0', 'Commander''s Vambraces'),
('35040', '10378', '0', '1', '1', '1', '0', 'Commander''s Armor'),
('35040', '10379', '0', '1', '1', '1', '0', 'Commander''s Helm'),
('35040', '10380', '0', '1', '1', '1', '0', 'Commander''s Gauntlets'),
('35040', '10381', '0', '1', '1', '1', '0', 'Commander''s Girdle'),
('35040', '10382', '0', '1', '1', '1', '0', 'Commander''s Leggings'),
('35040', '10383', '0', '1', '1', '1', '0', 'Commander''s Pauldrons'),
('35040', '10385', '0', '1', '1', '1', '0', 'Hyperion Greaves'),
('35040', '10386', '0', '1', '1', '1', '0', 'Hyperion Gauntlets'),
('35040', '10387', '0', '1', '1', '1', '0', 'Hyperion Girdle'),
('35040', '10388', '0', '1', '1', '1', '0', 'Hyperion Helm'),
('35040', '10390', '0', '1', '1', '1', '0', 'Hyperion Pauldrons'),
('35040', '10391', '0', '1', '1', '1', '0', 'Hyperion Vambraces'),
('35040', '11979', '0', '1', '1', '1', '0', 'Peridot Circle'),
('35040', '11991', '0', '1', '1', '1', '0', 'Quicksilver Ring'),
('35040', '11992', '0', '1', '1', '1', '0', 'Vermilion Band'),
('35040', '12005', '0', '1', '1', '1', '0', 'Granite Ring'),
('35040', '12016', '0', '1', '1', '1', '0', 'Jungle Ring'),
('35040', '12026', '0', '1', '1', '1', '0', 'Quicksilver Pendant'),
('35040', '12027', '0', '1', '1', '1', '0', 'Vermilion Necklace'),
('35040', '12036', '0', '1', '1', '1', '0', 'Granite Necklace'),
('35040', '12046', '0', '1', '1', '1', '0', 'Jungle Necklace'),
('35040', '12057', '0', '1', '1', '1', '0', 'Dragonscale Band'),
('35040', '14303', '0', '1', '1', '1', '0', 'Bonecaster''s Shroud'),
('35040', '14306', '0', '1', '1', '1', '0', 'Bonecaster''s Vest'),
('35040', '14307', '0', '1', '1', '1', '0', 'Bonecaster''s Crown'),
('35040', '14308', '0', '1', '1', '1', '0', 'Celestial Tunic'),
('35040', '14312', '0', '1', '1', '1', '0', 'Celestial Crown'),
('35040', '14315', '0', '1', '1', '1', '0', 'Celestial Kilt'),
('35040', '14316', '0', '1', '1', '1', '0', 'Celestial Pauldrons'),
('35040', '14317', '0', '1', '1', '1', '0', 'Celestial Silk Robes'),
('35040', '14318', '0', '1', '1', '1', '0', 'Resplendent Tunic'),
('35040', '14319', '0', '1', '1', '1', '0', 'Resplendent Boots'),
('35040', '14322', '0', '1', '1', '1', '0', 'Resplendent Circlet'),
('35040', '14323', '0', '1', '1', '1', '0', 'Resplendent Gauntlets'),
('35040', '14324', '0', '1', '1', '1', '0', 'Resplendent Sarong'),
('35040', '14325', '0', '1', '1', '1', '0', 'Resplendent Epaulets'),
('35040', '14326', '0', '1', '1', '1', '0', 'Resplendent Robes'),
('35040', '14329', '0', '1', '1', '1', '0', 'Eternal Boots'),
('35040', '14330', '0', '1', '1', '1', '0', 'Eternal Bindings'),
('35040', '14333', '0', '1', '1', '1', '0', 'Eternal Gloves'),
('35040', '14334', '0', '1', '1', '1', '0', 'Eternal Sarong'),
('35040', '14335', '0', '1', '1', '1', '0', 'Eternal Spaulders'),
('35040', '14337', '0', '1', '1', '1', '0', 'Eternal Cord'),
('35040', '14453', '0', '1', '1', '1', '0', 'Highborne Robes'),
('35040', '14455', '0', '1', '1', '1', '0', 'Highborne Padded Armor'),
('35040', '14458', '0', '1', '1', '1', '0', 'Elunarian Boots'),
('35040', '14460', '0', '1', '1', '1', '0', 'Elunarian Diadem'),
('35040', '14461', '0', '1', '1', '1', '0', 'Elunarian Handgrips'),
('35040', '14462', '0', '1', '1', '1', '0', 'Elunarian Sarong'),
('35040', '14463', '0', '1', '1', '1', '0', 'Elunarian Spaulders'),
('35040', '14465', '0', '1', '1', '1', '0', 'Elunarian Belt'),
('35040', '14670', '0', '1', '1', '1', '0', 'Pridelord Armor'),
('35040', '14681', '0', '1', '1', '1', '0', 'Indomitable Boots'),
('35040', '14682', '0', '1', '1', '1', '0', 'Indomitable Armguards'),
('35040', '14683', '0', '1', '1', '1', '0', 'Indomitable Cloak'),
('35040', '14684', '0', '1', '1', '1', '0', 'Indomitable Belt'),
('35040', '14685', '0', '1', '1', '1', '0', 'Indomitable Gauntlets'),
('35040', '14686', '0', '1', '1', '1', '0', 'Indomitable Headdress'),
('35040', '14687', '0', '1', '1', '1', '0', 'Indomitable Leggings'),
('35040', '14688', '0', '1', '1', '1', '0', 'Indomitable Epaulets'),
('35040', '14798', '0', '1', '1', '1', '0', 'Bloodlust Breastplate'),
('35040', '14800', '0', '1', '1', '1', '0', 'Bloodlust Buckler'),
('35040', '14808', '0', '1', '1', '1', '0', 'Warstrike Belt'),
('35040', '14809', '0', '1', '1', '1', '0', 'Warstrike Sabatons'),
('35040', '14810', '0', '1', '1', '1', '0', 'Warstrike Armsplints'),
('35040', '14814', '0', '1', '1', '1', '0', 'Warstrike Helmet'),
('35040', '14815', '0', '1', '1', '1', '0', 'Warstrike Gauntlets'),
('35040', '14816', '0', '1', '1', '1', '0', 'Warstrike Legguards'),
('35040', '14817', '0', '1', '1', '1', '0', 'Warstrike Shoulder Pads'),
('35040', '14854', '0', '1', '1', '1', '0', 'Vanguard Breastplate'),
('35040', '14862', '0', '1', '1', '1', '0', 'Warleader''s Breastplate'),
('35040', '14863', '0', '1', '1', '1', '0', 'Warleader''s Gauntlets'),
('35040', '14864', '0', '1', '1', '1', '0', 'Warleader''s Belt'),
('35040', '14865', '0', '1', '1', '1', '0', 'Warleader''s Greaves'),
('35040', '14866', '0', '1', '1', '1', '0', 'Warleader''s Crown'),
('35040', '14867', '0', '1', '1', '1', '0', 'Warleader''s Leggings'),
('35040', '14868', '0', '1', '1', '1', '0', 'Warleader''s Shoulders'),
('35040', '14931', '0', '1', '1', '1', '0', 'Heroic Armor'),
('35040', '14935', '0', '1', '1', '1', '0', 'Heroic Skullcap'),
('35040', '14936', '0', '1', '1', '1', '0', 'Heroic Legplates'),
('35040', '14937', '0', '1', '1', '1', '0', 'Heroic Pauldrons'),
('35040', '14966', '0', '1', '1', '1', '0', 'Glorious Breastplate'),
('35040', '14969', '0', '1', '1', '1', '0', 'Glorious Headdress'),
('35040', '14973', '0', '1', '1', '1', '0', 'Glorious Shield'),
('35040', '14976', '0', '1', '1', '1', '0', 'Exalted Gauntlets'),
('35040', '14977', '0', '1', '1', '1', '0', 'Exalted Girdle'),
('35040', '14978', '0', '1', '1', '1', '0', 'Exalted Sabatons'),
('35040', '14980', '0', '1', '1', '1', '0', 'Exalted Legplates'),
('35040', '14981', '0', '1', '1', '1', '0', 'Exalted Epaulets'),
('35040', '14983', '0', '1', '1', '1', '0', 'Exalted Armsplints'),
('35040', '15189', '0', '1', '1', '1', '0', 'Grand Boots'),
('35040', '15192', '0', '1', '1', '1', '0', 'Grand Gauntlets'),
('35040', '15193', '0', '1', '1', '1', '0', 'Grand Crown'),
('35040', '15194', '0', '1', '1', '1', '0', 'Grand Legguards'),
('35040', '15195', '0', '1', '1', '1', '0', 'Grand Breastplate'),
('35040', '15219', '0', '1', '1', '1', '0', 'Dimensional Blade'),
('35040', '15220', '0', '1', '1', '1', '0', 'Battlefell Sabre'),
('35040', '15239', '0', '1', '1', '1', '0', 'Felstone Reaver'),
('35040', '15246', '0', '1', '1', '1', '0', 'Demon Blade'),
('35040', '15256', '0', '1', '1', '1', '0', 'Massacre Sword'),
('35040', '15257', '0', '1', '1', '1', '0', 'Shin Blade'),
('35040', '15266', '0', '1', '1', '1', '0', 'Fierce Mauler'),
('35040', '15267', '0', '1', '1', '1', '0', 'Brutehammer'),
('35040', '15272', '0', '1', '1', '1', '0', 'Razor Axe'),
('35040', '15273', '0', '1', '1', '1', '0', 'Death Striker'),
('35040', '15278', '0', '1', '1', '1', '0', 'Solstice Staff'),
('35040', '15282', '0', '1', '1', '1', '0', 'Dragon Finger'),
('35040', '15288', '0', '1', '1', '1', '0', 'Blasthorn Bow'),
('35040', '15296', '0', '1', '1', '1', '0', 'Hawkeye Bow'),
('35040', '15325', '0', '1', '1', '1', '0', 'Sharpshooter Harquebus'),
('35040', '15430', '0', '1', '1', '1', '0', 'Peerless Headband'),
('35040', '15431', '0', '1', '1', '1', '0', 'Peerless Leggings'),
('35040', '15433', '0', '1', '1', '1', '0', 'Peerless Armor'),
('35040', '15434', '0', '1', '1', '1', '0', 'Supreme Sash'),
('35040', '15435', '0', '1', '1', '1', '0', 'Supreme Shoes'),
('35040', '15436', '0', '1', '1', '1', '0', 'Supreme Bracers'),
('35040', '15437', '0', '1', '1', '1', '0', 'Supreme Cape'),
('35040', '15438', '0', '1', '1', '1', '0', 'Supreme Gloves'),
('35040', '15440', '0', '1', '1', '1', '0', 'Supreme Leggings'),
('35040', '15441', '0', '1', '1', '1', '0', 'Supreme Shoulders'),
('35040', '15658', '0', '1', '1', '1', '0', 'Impenetrable Sabatons'),
('35040', '15660', '0', '1', '1', '1', '0', 'Impenetrable Breastplate'),
('35040', '15664', '0', '1', '1', '1', '0', 'Impenetrable Helmet'),
('35040', '15665', '0', '1', '1', '1', '0', 'Impenetrable Legguards'),
('35040', '15666', '0', '1', '1', '1', '0', 'Impenetrable Pauldrons'),
('35040', '15667', '0', '1', '1', '1', '0', 'Impenetrable Wall'),
('35040', '15669', '0', '1', '1', '1', '0', 'Magnificent Breastplate'),
('35040', '15670', '0', '1', '1', '1', '0', 'Magnificent Helmet'),
('35040', '15672', '0', '1', '1', '1', '0', 'Magnificent Gauntlets'),
('35040', '15674', '0', '1', '1', '1', '0', 'Magnificent Greaves'),
('35040', '15675', '0', '1', '1', '1', '0', 'Magnificent Guard'),
('35040', '15676', '0', '1', '1', '1', '0', 'Magnificent Leggings'),
('35040', '15677', '0', '1', '1', '1', '0', 'Magnificent Shoulders'),
('35040', '15678', '0', '1', '1', '1', '0', 'Triumphant Sabatons'),
('35040', '15679', '0', '1', '1', '1', '0', 'Triumphant Bracers'),
('35040', '15682', '0', '1', '1', '1', '0', 'Triumphant Gauntlets'),
('35040', '15683', '0', '1', '1', '1', '0', 'Triumphant Girdle'),
('35040', '15685', '0', '1', '1', '1', '0', 'Triumphant Legplates'),
('35040', '15686', '0', '1', '1', '1', '0', 'Triumphant Shoulder Pads'),
('35040', '15693', '0', '1', '1', '1', '0', 'Grand Shoulders'),
('35040', '15887', '0', '1', '1', '1', '0', 'Heroic Guard'),
('35040', '15890', '0', '1', '1', '1', '0', 'Vanguard Shield'),
('35040', '15931', '0', '1', '1', '1', '0', 'Arcane Star'),
('35040', '15939', '0', '1', '1', '1', '0', 'Councillor''s Scepter'),
('35040', '15940', '0', '1', '1', '1', '0', 'Elegant Scepter'),
('35040', '15943', '0', '1', '1', '1', '0', 'Imbued Shield'),
('35040', '15967', '0', '1', '1', '1', '0', 'Highborne Star'),
('35040', '15986', '0', '1', '1', '1', '0', 'Bonecaster''s Star'),
('35040', '15987', '0', '1', '1', '1', '0', 'Astral Orb'),
('35040', '15988', '0', '1', '1', '1', '0', 'Resplendent Orb'),
('35040', '15991', '0', '1', '1', '1', '0', 'Warleader''s Shield');

INSERT INTO `reference_loot_template_names` (`entry`, `name`) VALUES
('35039', 'Scholomance (Boss Loot) - Kirtonos the Herald - Blue Items (Group 1)'),
('35040', 'Scholomance (Boss Loot) - Kirtonos the Herald - Blue Items (Group 2)');

DELETE FROM `creature_loot_template` WHERE (`entry` = '10506') and (`item` = '13955');
DELETE FROM `creature_loot_template` WHERE (`entry` = '10506') and (`item` = '13956');
DELETE FROM `creature_loot_template` WHERE (`entry` = '10506') and (`item` = '13957');
DELETE FROM `creature_loot_template` WHERE (`entry` = '10506') and (`item` = '13960');
DELETE FROM `creature_loot_template` WHERE (`entry` = '10506') and (`item` = '13967');
DELETE FROM `creature_loot_template` WHERE (`entry` = '10506') and (`item` = '13969');
DELETE FROM `creature_loot_template` WHERE (`entry` = '10506') and (`item` = '13983');
DELETE FROM `creature_loot_template` WHERE (`entry` = '10506') and (`item` = '14024');
DELETE FROM `creature_loot_template` WHERE (`entry` = '10506') and (`item` = '16734');

INSERT INTO `creature_loot_template` (`entry`, `item`, `ChanceOrQuestChance`, `groupid`, `mincountOrRef`, `maxcount`, `condition_id`, `comments`) VALUES
('10506', '35039', '100', '1', '-35039', '1', '0', 'Scholomance (Boss Loot) - Kirtonos the Herald - Blue Items (Group 1)'),
('10506', '35040', '100', '1', '-35040', '1', '0', 'Scholomance (Boss Loot) - Kirtonos the Herald - Blue Items (Group 2)');
