-- Add your query below.
-- https://github.com/vmangos/core/commit/b8ccb0397686e41d1c3ea2cb7214425cd998e7a4
-- https://github.com/vmangos/core/commit/937dca8267b090a66ca3632ade23aa2f91cd473d
-- https://github.com/vmangos/core/commit/a253697ab79c18e2a125e34aab2bba74ecd1e6ec

-- ----------------------------------------------------------------------

-- Add Remorseful Highborne Gossips (From Sniffs)
-- https://github.com/TrinityCore/TrinityCore/commit/25260b92a6c5163643248deeae7247a3bac6cbb7
UPDATE `creature_template` SET `GossipMenuId` = 3803 WHERE `entry` = 10684;
DELETE FROM `gossip_menu` WHERE `entry` = 3803;
INSERT INTO `gossip_menu` (`entry`, `text_id`, `condition_id`) VALUES
(3803, 4635, 0),
(3803, 4636, 9045);

DELETE FROM `npc_text_broadcast_text` WHERE `id` = 4636 AND `BroadcastTextID0` = 7309;
INSERT INTO `npc_text_broadcast_text` (`ID`, `BroadcastTextID0`, `Prob0`) VALUES (4636, 7309, 1);

-- 9045: Target Has Done Quest 5248
DELETE FROM `conditions` WHERE `condition_entry` = 9045;
INSERT INTO `conditions` (`condition_entry`, `type`, `value1`) VALUES (9045, 8, 5248);

-- ----------------------------------------------------------------------

-- Quest Does Not Have Pre Quest
-- https://www.wowhead.com/tbc/quest=918/timberling-seeds
UPDATE `quest_template` SET `PrevQuestId`= 0 WHERE `entry` = 918;

-- ----------------------------------------------------------------------

-- Add Desolace Bonepaw Pack Waypoints
UPDATE `creature` SET  `position_x` = -455.576, `position_y` = 2193.54, `position_z` = 92.9091, `orientation` = 0, `Spawndist` = 0, `MovementType` = 0 WHERE `guid` IN (27947, 27946, 27945, 27944, 27948);
DELETE FROM `spawn_group` WHERE id = 19048;
INSERT INTO `spawn_group` (`Id`, `Name`, `Type`, `MaxCount`, `WorldState`, `Flags`) VALUES (19048,'Desolace - Bonepaw Hyena (5) - Patrol 1', 0, 0, 0, 0);
DELETE FROM `spawn_group_formation` WHERE id = 19048;
INSERT INTO `spawn_group_formation` (`Id`, `FormationType`, `FormationSpread`, `FormationOptions`, `PathId`, `MovementType`, `Comment`) VALUES
(19048, 4, 3, 0, 19048, 2, 'Desolace - Bonepaw Hyena (5) - Patrol 1');
DELETE FROM `spawn_group_spawn` WHERE id = 19048;
INSERT INTO `spawn_group_spawn` (`Id`, `Guid`, `SlotId`) VALUES
(19048, 27944, 0),
(19048, 27945, 1),
(19048, 27946, 2),
(19048, 27947, 3),
(19048, 27948, 4);
DELETE FROM `waypoint_path_name` WHERE `PathId` = 19048;
INSERT INTO `waypoint_path_name` (`PathId`, `Name`) VALUES (19048, 'Desolace - Bonepaw Hyena (5) - Patrol 1');
DELETE FROM `waypoint_path` WHERE `PathId` = 19048;
INSERT INTO `waypoint_path` (`PathId`, `Point`, `PositionX`, `PositionY`, `PositionZ`, `Orientation`) VALUES
(19048, 1, -455.576, 2193.54, 92.9091, 100),
(19048, 2, -427.785, 2189.54, 89.2807, 100),
(19048, 3, -419.745, 2156.34, 88.5989, 100),
(19048, 4, -441.512, 2118.27, 90.3753, 100),
(19048, 5, -452.246, 2092, 90.4009, 100),
(19048, 6, -482.586, 2083.86, 91.8503, 100),
(19048, 7, -510.84, 2083.47, 91.1985, 100),
(19048, 8, -547.744, 2082.34, 89.9797, 100),
(19048, 9, -579.164, 2052.66, 91.7075, 100),
(19048, 10, -590.665, 2014.59, 88.5674, 100),
(19048, 11, -578.379, 1994.6, 88.5674, 100),
(19048, 12, -551.886, 1989.3, 92.2813, 100),
(19048, 13, -514.513, 1980.37, 103.779, 100),
(19048, 14, -488.257, 1974.68, 111.993, 100),
(19048, 15, -447.953, 1973.27, 111.415, 100),
(19048, 16, -423.822, 1986.47, 106.917, 100),
(19048, 17, -393.757, 1979.21, 107.529, 100),
(19048, 18, -380.653, 1947.25, 112.352, 100),
(19048, 19, -383.799, 1924.43, 118.962, 100),
(19048, 20, -381.047, 1939.5, 113.808, 100),
(19048, 21, -388.693, 1974.01, 107.946, 100),
(19048, 22, -416.393, 1987.2, 105.541, 100),
(19048, 23, -443.993, 1974.41, 110.705, 100),
(19048, 24, -479.936, 1973.9, 112.854, 100),
(19048, 25, -506.882, 1978.6, 106.843, 100),
(19048, 26, -543.452, 1987.82, 93.5919, 100),
(19048, 27, -571.059, 1991.45, 89.4066, 100),
(19048, 28, -589.707, 2010.52, 88.5674, 100),
(19048, 29, -583.018, 2045.22, 91.3208, 100),
(19048, 30, -554.826, 2078.65, 90.4836, 100),
(19048, 31, -520.541, 2083.43, 90.7219, 100),
(19048, 32, -491.992, 2083.09, 91.4438, 100),
(19048, 33, -456.412, 2089.5, 90.4028, 100),
(19048, 34, -443.981, 2113.26, 90.3782, 100),
(19048, 35, -421.116, 2151.28, 89.1546, 100),
(19048, 36, -423.837, 2185.64, 89.2895, 100),
(19048, 37, -448.615, 2192.67, 91.8821, 100),
(19048, 38, -488.553, 2196.58, 92.5934, 100),
(19048, 39, -511.112, 2205.1, 92.7214, 100),
(19048, 40, -516.049, 2230.55, 91.8413, 100),
(19048, 41, -507.635, 2261.63, 90.22, 100),
(19048, 42, -485.994, 2284.62, 85.5827, 100),
(19048, 43, -455.269, 2291.11, 82.7727, 100),
(19048, 44, -433.024, 2307.07, 76.9628, 100),
(19048, 45, -417.085, 2292.35, 80.7093, 100),
(19048, 46, -404.152, 2263.42, 86.8637, 100),
(19048, 47, -376.158, 2250.12, 84.6861, 100),
(19048, 48, -357.815, 2241.75, 86.6288, 100),
(19048, 49, -351.984, 2236.84, 88.2365, 100),
(19048, 50, -345.234, 2226.71, 90.4263, 100),
(19048, 51, -303.196, 2211.15, 104.452, 100),
(19048, 52, -271.963, 2206.11, 110.644, 100),
(19048, 53, -233.729, 2199.91, 101.769, 100),
(19048, 54, -196.468, 2205.84, 93.1156, 100),
(19048, 55, -227.184, 2200.07, 100.621, 100),
(19048, 56, -265.592, 2205.14, 108.609, 100),
(19048, 57, -292.876, 2208.98, 107.102, 100),
(19048, 58, -336.777, 2220.87, 91.3793, 100),
(19048, 59, -352.508, 2237.6, 88.0137, 100),
(19048, 60, -369.467, 2247.5, 84.8455, 100),
(19048, 61, -399.926, 2258.5, 86.8994, 100),
(19048, 62, -413.695, 2286.34, 82.1028, 100),
(19048, 63, -428.112, 2305.04, 77.3369, 100),
(19048, 64, -449.298, 2294.42, 81.9701, 100),
(19048, 65, -480.454, 2288.3, 84.2584, 100),
(19048, 66, -503.839, 2267.25, 89.9636, 100),
(19048, 67, -515.149, 2237.29, 90.8836, 100),
(19048, 68, -515.626, 2209.1, 92.6751, 100),
(19048, 69, -495.253, 2198.26, 92.5934, 100);

UPDATE `creature` SET  `position_x` = -777.257, `position_y` = 1718.4, `position_z` = 89.8975, `orientation` = 0, `Spawndist` = 0, `MovementType` = 0 WHERE `guid` IN (27949, 27950, 27951, 27952, 27953);
DELETE FROM `spawn_group` WHERE id = 19049;
INSERT INTO `spawn_group` (`Id`, `Name`, `Type`, `MaxCount`, `WorldState`, `Flags`) VALUES (19049,'Desolace - Bonepaw Hyena (5) - Patrol 2', 0, 0, 0, 0);
DELETE FROM `spawn_group_formation` WHERE id = 19049;
INSERT INTO `spawn_group_formation` (`Id`, `FormationType`, `FormationSpread`, `FormationOptions`, `PathId`, `MovementType`, `Comment`) VALUES
(19049, 4, 3, 0, 19049, 2, 'Desolace - Bonepaw Hyena (5) - Patrol 2');
DELETE FROM `spawn_group_spawn` WHERE id = 19049;
INSERT INTO `spawn_group_spawn` (`Id`, `Guid`, `SlotId`) VALUES
(19049, 27949, 0),
(19049, 27950, 1),
(19049, 27951, 2),
(19049, 27952, 3),
(19049, 27953, 4);
DELETE FROM `waypoint_path_name` WHERE `PathId` = 19049;
INSERT INTO `waypoint_path_name` (`PathId`, `Name`) VALUES (19049, 'Desolace - Bonepaw Hyena (5) - Patrol 2');
DELETE FROM `waypoint_path` WHERE `PathId` = 19049;
INSERT INTO `waypoint_path` (`PathId`, `Point`, `PositionX`, `PositionY`, `PositionZ`, `Orientation`) VALUES
(19049, 1, -777.257, 1718.4, 89.8975, 100),
(19049, 2, -774.365, 1753.22, 95.6364, 100),
(19049, 3, -753.641, 1769.95, 92.7918, 100),
(19049, 4, -728.55, 1783.23, 93.4085, 100),
(19049, 5, -716.481, 1811.8, 93.144, 100),
(19049, 6, -715.184, 1852.23, 92.4163, 100),
(19049, 7, -718.791, 1879.79, 88.6689, 100),
(19049, 8, -743.123, 1911.38, 88.5663, 100),
(19049, 9, -753.766, 1941.1, 91.8673, 100),
(19049, 10, -752.43, 1981.14, 89.2115, 100),
(19049, 11, -754.107, 2021.67, 90.8091, 100),
(19049, 12, -746.307, 2053.08, 92.9125, 100),
(19049, 13, -750.286, 2081.84, 93.5993, 100),
(19049, 14, -754.495, 2109.73, 96.3632, 100),
(19049, 15, -745.9, 2140.31, 97.9765, 100),
(19049, 16, -723.659, 2174.12, 99.7455, 100),
(19049, 17, -720.571, 2209.98, 96.1907, 100),
(19049, 18, -711.99, 2236.22, 90.0882, 100),
(19049, 19, -690.447, 2252.42, 91.7142, 100),
(19049, 20, -658.966, 2259.79, 92.4894, 100),
(19049, 21, -643.863, 2277.6, 92.312, 100),
(19049, 22, -621.071, 2293.98, 91.965, 100),
(19049, 23, -610.944, 2323.87, 91.7132, 100),
(19049, 24, -610.796, 2352.07, 90.2324, 100),
(19049, 25, -608.578, 2376.39, 89.0851, 100),
(19049, 26, -606.72, 2415.72, 80.2193, 100),
(19049, 27, -582.66, 2446.18, 67.0509, 100),
(19049, 28, -605.043, 2419.93, 78.5023, 100),
(19049, 29, -608.229, 2381.37, 88.3519, 100),
(19049, 30, -610.57, 2357.34, 90.3044, 100),
(19049, 31, -610.107, 2333.23, 91.6484, 100),
(19049, 32, -616.836, 2301.03, 91.9407, 100),
(19049, 33, -637.588, 2283.66, 91.8933, 100),
(19049, 34, -652.694, 2265, 92.9485, 100),
(19049, 35, -682.13, 2255.13, 91.7665, 100),
(19049, 36, -707.185, 2242.71, 90.8534, 100),
(19049, 37, -719.509, 2214.68, 95.434, 100),
(19049, 38, -722.126, 2178.64, 99.7237, 100),
(19049, 39, -743.741, 2144.73, 98.1616, 100),
(19049, 40, -754.167, 2118.42, 96.2932, 100),
(19049, 41, -751.058, 2086.58, 93.788, 100),
(19049, 42, -745.89, 2058.63, 93.3191, 100),
(19049, 43, -752.753, 2031.39, 91.5396, 100),
(19049, 44, -752.279, 1987.1, 89.6081, 100),
(19049, 45, -754.825, 1950.77, 90.2473, 100),
(19049, 46, -747.621, 1920.16, 88.6142, 100),
(19049, 47, -723.336, 1888.33, 88.5663, 100),
(19049, 48, -715.912, 1862.18, 92.6913, 100),
(19049, 49, -715.616, 1817.72, 93.1495, 100),
(19049, 50, -722.575, 1790.37, 93.4207, 100),
(19049, 51, -744.742, 1774.87, 92.6745, 100),
(19049, 52, -769.2, 1760.6, 94.6595, 100),
(19049, 53, -777.044, 1727.67, 92.753, 100),
(19049, 54, -775.352, 1687.88, 89.3683, 100),
(19049, 55, -780.205, 1656.16, 90.7677, 100),
(19049, 56, -778.121, 1619.92, 91.0553, 100),
(19049, 57, -786.346, 1592.45, 98.4667, 100),
(19049, 58, -778.447, 1614.43, 91.9885, 100),
(19049, 59, -780.932, 1646.46, 91.0017, 100),
(19049, 60, -775.774, 1678.21, 89.9407, 100);

UPDATE `creature` SET  `position_x` = -1726.32, `position_y` = 2567.95, `position_z` = 107.69, `orientation` = 0, `Spawndist` = 0, `MovementType` = 0 WHERE `guid` IN (27939, 27940, 27941, 27942, 27943);
DELETE FROM `spawn_group` WHERE id = 19050;
INSERT INTO `spawn_group` (`Id`, `Name`, `Type`, `MaxCount`, `WorldState`, `Flags`) VALUES (19050,'Desolace - Bonepaw Hyena (5) - Patrol 3', 0, 0, 0, 0);
DELETE FROM `spawn_group_formation` WHERE id = 19050;
INSERT INTO `spawn_group_formation` (`Id`, `FormationType`, `FormationSpread`, `FormationOptions`, `PathId`, `MovementType`, `Comment`) VALUES
(19050, 4, 3, 0, 19050, 2, 'Desolace - Bonepaw Hyena (5) - Patrol 3');
DELETE FROM `spawn_group_spawn` WHERE id = 19050;
INSERT INTO `spawn_group_spawn` (`Id`, `Guid`, `SlotId`) VALUES
(19050, 27939, 0),
(19050, 27940, 1),
(19050, 27941, 2),
(19050, 27942, 3),
(19050, 27943, 4);
DELETE FROM `waypoint_path_name` WHERE `PathId` = 19050;
INSERT INTO `waypoint_path_name` (`PathId`, `Name`) VALUES (19050, 'Desolace - Bonepaw Hyena (5) - Patrol 3');
DELETE FROM `waypoint_path` WHERE `PathId` = 19050;
INSERT INTO `waypoint_path` (`PathId`, `Point`, `PositionX`, `PositionY`, `PositionZ`, `Orientation`) VALUES
(19050, 1, -1726.32, 2567.95, 107.69, 100),
(19050, 2, -1735.91, 2567.28, 100.626, 100),
(19050, 3, -1744.95, 2568.04, 92.4598, 100),
(19050, 4, -1790, 2560.91, 72.3641, 100),
(19050, 5, -1800.38, 2543.11, 66.9533, 100),
(19050, 6, -1801.77, 2519.66, 64.6019, 100),
(19050, 7, -1780, 2486.22, 67.615, 100),
(19050, 8, -1772.55, 2457.56, 79.2801, 100),
(19050, 9, -1766.49, 2445.83, 88.1245, 100),
(19050, 10, -1753.66, 2444.37, 93.4683, 100),
(19050, 11, -1718.54, 2445.62, 96.6819, 100),
(19050, 12, -1688.97, 2434.15, 95.8863, 100),
(19050, 13, -1654.41, 2414.31, 92.822, 100),
(19050, 14, -1617.18, 2398.28, 92.6395, 100),
(19050, 15, -1590.91, 2379.51, 92.346, 100),
(19050, 16, -1583.87, 2348.37, 93.6903, 100),
(19050, 17, -1608.62, 2324.47, 92.5892, 100),
(19050, 18, -1646.53, 2311.76, 88.0453, 100),
(19050, 19, -1680, 2284.12, 79.9872, 100),
(19050, 20, -1689.83, 2262.79, 76.2212, 100),
(19050, 21, -1713.57, 2249.21, 71.3264, 100),
(19050, 22, -1695.74, 2258.14, 74.8205, 100),
(19050, 23, -1684.7, 2277.89, 78.8682, 100),
(19050, 24, -1653.08, 2307.56, 86.7143, 100),
(19050, 25, -1615.71, 2320.64, 92.2112, 100),
(19050, 26, -1586.09, 2341.89, 93.7981, 100),
(19050, 27, -1588.99, 2376.33, 92.4572, 100),
(19050, 28, -1610.29, 2394.3, 92.6258, 100),
(19050, 29, -1647.32, 2410.59, 92.5805, 100),
(19050, 30, -1682.2, 2430.46, 95.1244, 100),
(19050, 31, -1711.18, 2444.13, 94.8251, 100),
(19050, 32, -1746.29, 2445.05, 96.3549, 100),
(19050, 33, -1761, 2443.24, 90.2326, 100),
(19050, 34, -1771.32, 2454.26, 80.958, 100),
(19050, 35, -1778.34, 2482.41, 68.0875, 100),
(19050, 36, -1798.24, 2512.47, 64.0361, 100),
(19050, 37, -1802.61, 2535.61, 66.0235, 100),
(19050, 38, -1786.63, 2566.69, 74.5368, 100),
(19050, 39, -1765.84, 2569.48, 82.8009, 100),
(19050, 40, -1731.88, 2566.95, 103.314, 100),
(19050, 41, -1717.65, 2573.86, 113.445, 100),
(19050, 42, -1698.35, 2582.4, 124.206, 100),
(19050, 43, -1706.36, 2599.31, 115.467, 100),
(19050, 44, -1722.81, 2613.96, 106.592, 100),
(19050, 45, -1748.97, 2633.84, 93.4874, 100),
(19050, 46, -1778.84, 2629.13, 75.7473, 100),
(19050, 47, -1755.35, 2634.77, 90.1925, 100),
(19050, 48, -1728.31, 2618.21, 102.838, 100),
(19050, 49, -1711.2, 2604.78, 112.844, 100),
(19050, 50, -1699, 2587.4, 122.973, 100),
(19050, 51, -1711.32, 2577.02, 117.071, 100);

UPDATE `creature` SET  `position_x` = -1056.83, `position_y` = 2296.27, `position_z` = 92.2567, `orientation` = 0, `Spawndist` = 0, `MovementType` = 0 WHERE `guid` IN (27968, 27969, 27970, 27971, 27972);
DELETE FROM `spawn_group` WHERE id = 19051;
INSERT INTO `spawn_group` (`Id`, `Name`, `Type`, `MaxCount`, `WorldState`, `Flags`) VALUES (19051,'Desolace - Rabid Bonepaw (5) - Patrol 1', 0, 0, 0, 0);
DELETE FROM `spawn_group_formation` WHERE id = 19051;
INSERT INTO `spawn_group_formation` (`Id`, `FormationType`, `FormationSpread`, `FormationOptions`, `PathId`, `MovementType`, `Comment`) VALUES
(19051, 4, 3, 0, 19051, 2, 'Desolace - Rabid Bonepaw (5) - Patrol 1');
DELETE FROM `spawn_group_spawn` WHERE id = 19051;
INSERT INTO `spawn_group_spawn` (`Id`, `Guid`, `SlotId`) VALUES
(19051, 27968, 0),
(19051, 27969, 1),
(19051, 27970, 2),
(19051, 27971, 3),
(19051, 27972, 4);
DELETE FROM `waypoint_path_name` WHERE `PathId` = 19051;
INSERT INTO `waypoint_path_name` (`PathId`, `Name`) VALUES (19051, 'Desolace - Rabid Bonepaw (5) - Patrol 1');
DELETE FROM `waypoint_path` WHERE `PathId` = 19051;
INSERT INTO `waypoint_path` (`PathId`, `Point`, `PositionX`, `PositionY`, `PositionZ`, `Orientation`) VALUES
(19051, 1, -1056.83, 2296.27, 92.2567, 100),
(19051, 2, -1077.63, 2308.44, 94.0364, 100),
(19051, 3, -1096.04, 2339.33, 93.0886, 100),
(19051, 4, -1114.09, 2375.46, 95.8369, 100),
(19051, 5, -1096.4, 2386.39, 92.5813, 100),
(19051, 6, -1048.19, 2388.31, 92.4429, 100),
(19051, 7, -1021.91, 2378.97, 96.4861, 100),
(19051, 8, -985.994, 2376.23, 93.2747, 100),
(19051, 9, -963.931, 2392.05, 92.8812, 100),
(19051, 10, -943.655, 2417.3, 94.1265, 100),
(19051, 11, -921.571, 2426.13, 93.0329, 100),
(19051, 12, -894.623, 2411.73, 92.5764, 100),
(19051, 13, -880.186, 2392.29, 92.4103, 100),
(19051, 14, -854.854, 2360.55, 92.8212, 100),
(19051, 15, -823.379, 2342.21, 92.9331, 100),
(19051, 16, -795.543, 2339.64, 93.5066, 100),
(19051, 17, -764.551, 2320.38, 92.5986, 100),
(19051, 18, -787.362, 2337.31, 93.525, 100),
(19051, 19, -815.014, 2339.96, 93.0621, 100),
(19051, 20, -851.183, 2357.4, 92.8545, 100),
(19051, 21, -874.773, 2385.03, 92.6137, 100),
(19051, 22, -888.727, 2404.97, 92.2384, 100),
(19051, 23, -913.421, 2425.52, 93.0094, 100),
(19051, 24, -936.025, 2421.63, 93.803, 100),
(19051, 25, -957.827, 2398.75, 92.9573, 100),
(19051, 26, -977.777, 2379, 93.0203, 100),
(19051, 27, -1012.82, 2377.3, 96.539, 100),
(19051, 28, -1043.24, 2387.13, 92.9214, 100),
(19051, 29, -1087.57, 2388.58, 91.7494, 100),
(19051, 30, -1113.63, 2379.13, 95.8739, 100),
(19051, 31, -1098.44, 2344.02, 92.7512, 100),
(19051, 32, -1083.48, 2315.25, 94.2635, 100),
(19051, 33, -1061.57, 2298.17, 92.4757, 100),
(19051, 34, -1026.16, 2290.3, 91.0404, 100),
(19051, 35, -1011.48, 2259.42, 87.0563, 100),
(19051, 36, -984.063, 2230.18, 88.0576, 100),
(19051, 37, -956.86, 2249.19, 84.3583, 100),
(19051, 38, -943.641, 2282.62, 86.4864, 100),
(19051, 39, -911.19, 2282.34, 88.9967, 100),
(19051, 40, -884.791, 2305.12, 92.7057, 100),
(19051, 41, -863.112, 2315.18, 93.3281, 100),
(19051, 42, -846.733, 2354.45, 92.9641, 100),
(19051, 43, -825.339, 2383.66, 93.0266, 100),
(19051, 44, -816.977, 2415.04, 93.6934, 100),
(19051, 45, -806.979, 2433.38, 93.3316, 100),
(19051, 46, -789.745, 2442.58, 96.1088, 100),
(19051, 47, -800.946, 2438.22, 94.2856, 100),
(19051, 48, -813.625, 2423.31, 93.4578, 100),
(19051, 49, -821.834, 2392.23, 93.4458, 100),
(19051, 50, -842.44, 2362.73, 92.9717, 100),
(19051, 51, -856.762, 2320.75, 93.2593, 100),
(19051, 52, -877.201, 2310.28, 92.8653, 100),
(19051, 53, -903.639, 2285.88, 89.8801, 100),
(19051, 54, -937.882, 2286.81, 86.9589, 100),
(19051, 55, -952.319, 2256.97, 84.4559, 100),
(19051, 56, -977.141, 2231.51, 87.6701, 100),
(19051, 57, -1009.04, 2254.87, 86.6962, 100),
(19051, 58, -1020.11, 2284.9, 90.6242, 100);

DELETE FROM `creature` WHERE `id` = 4689 AND `guid` BETWEEN 190991 AND 190995; -- nonexistant
INSERT INTO `creature` (`guid`, `id`, `map`, `position_x`, `position_y`, `position_z`, `orientation`, `spawntimesecsmin`, `spawntimesecsmax`, `spawndist`, `MovementType`) VALUES
(190991, 4689, 1, -516.018, 1446.09, 88.6802, 0, 300, 300, 0, 0),
(190992, 4689, 1, -516.018, 1446.09, 88.6802, 0, 300, 300, 0, 0),
(190993, 4689, 1, -516.018, 1446.09, 88.6802, 0, 300, 300, 0, 0),
(190994, 4689, 1, -516.018, 1446.09, 88.6802, 0, 300, 300, 0, 0),
(190995, 4689, 1, -516.018, 1446.09, 88.6802, 0, 300, 300, 0, 0);
DELETE FROM `spawn_group` WHERE id = 19052;
INSERT INTO `spawn_group` (`Id`, `Name`, `Type`, `MaxCount`, `WorldState`, `Flags`) VALUES (19052,'Desolace - Starving Bonepaw (5) - Patrol 1', 0, 0, 0, 0);
DELETE FROM `spawn_group_formation` WHERE id = 19052;
INSERT INTO `spawn_group_formation` (`Id`, `FormationType`, `FormationSpread`, `FormationOptions`, `PathId`, `MovementType`, `Comment`) VALUES
(19052, 4, 3, 0, 19052, 2, 'Desolace - Starving Bonepaw (5) - Patrol 1');
DELETE FROM `spawn_group_spawn` WHERE id = 19052;
INSERT INTO `spawn_group_spawn` (`Id`, `Guid`, `SlotId`) VALUES
(19052, 190991, 0),
(19052, 190992, 1),
(19052, 190993, 2),
(19052, 190994, 3),
(19052, 190995, 4);
DELETE FROM `waypoint_path_name` WHERE `PathId` = 19052;
INSERT INTO `waypoint_path_name` (`PathId`, `Name`) VALUES (19052, 'Desolace - Starving Bonepaw (5) - Patrol 1');
DELETE FROM `waypoint_path` WHERE `PathId` = 19052;
INSERT INTO `waypoint_path` (`PathId`, `Point`, `PositionX`, `PositionY`, `PositionZ`, `Orientation`) VALUES
(19052, 1, -516.018, 1446.09, 88.6802, 100),
(19052, 2, -525.312, 1438.2, 89.0121, 100),
(19052, 3, -540.464, 1425.34, 92.2793, 100),
(19052, 4, -576.697, 1407.91, 90.6718, 100),
(19052, 5, -605.306, 1385.57, 90.1433, 100),
(19052, 6, -616.291, 1343.12, 89.4774, 100),
(19052, 7, -652.625, 1321.33, 95.1796, 100),
(19052, 8, -678.174, 1311.76, 90.4643, 100),
(19052, 9, -715.179, 1281.63, 88.5369, 100),
(19052, 10, -746.572, 1280.95, 88.3429, 100),
(19052, 11, -790.337, 1285.38, 91.2179, 100),
(19052, 12, -820.173, 1275.02, 96.3809, 100),
(19052, 13, -848.123, 1250.33, 96.2473, 100),
(19052, 14, -824.195, 1272.31, 96.5678, 100),
(19052, 15, -795.09, 1284.96, 91.2199, 100),
(19052, 16, -755.628, 1281.66, 88.3764, 100),
(19052, 17, -723.377, 1279.77, 88.6413, 100),
(19052, 18, -686.059, 1307.59, 90.3709, 100),
(19052, 19, -657.084, 1319.33, 95.9786, 100),
(19052, 20, -619.348, 1339.89, 89.4798, 100),
(19052, 21, -607.092, 1383.03, 89.6688, 100),
(19052, 22, -583.171, 1404.27, 90.7298, 100),
(19052, 23, -546.539, 1421.22, 92.4847, 100),
(19052, 24, -518.583, 1443.87, 88.7168, 100),
(19052, 25, -493.947, 1474.97, 91.8648, 100),
(19052, 26, -461.235, 1504.51, 91.3711, 100),
(19052, 27, -430.76, 1514.46, 90.1666, 100),
(19052, 28, -391.822, 1492.87, 91.0296, 100),
(19052, 29, -350.312, 1518.81, 89.4798, 100),
(19052, 30, -326.761, 1558.18, 91.736, 100),
(19052, 31, -346.683, 1523.13, 89.4798, 100),
(19052, 32, -383.732, 1492.45, 91.5576, 100),
(19052, 33, -424.764, 1513.16, 90.8618, 100),
(19052, 34, -455.341, 1507.35, 90.6899, 100),
(19052, 35, -489.601, 1479.63, 90.7679, 100),
(19052, 36, -514.035, 1448.7, 88.7933, 100);

UPDATE `creature` SET `position_x` = -591.641, `position_y` = 1030.97, `position_z` = 90.8032, `orientation` = 0, `Spawndist` = 0, `MovementType` = 0 WHERE `guid` IN (27954, 27955, 27956, 27957, 27958);
DELETE FROM `spawn_group` WHERE id = 19053;
INSERT INTO `spawn_group` (`Id`, `Name`, `Type`, `MaxCount`, `WorldState`, `Flags`) VALUES (19053,'Desolace - Starving Bonepaw (5) - Patrol 2', 0, 0, 0, 0);
DELETE FROM `spawn_group_formation` WHERE id = 19053;
INSERT INTO `spawn_group_formation` (`Id`, `FormationType`, `FormationSpread`, `FormationOptions`, `PathId`, `MovementType`, `Comment`) VALUES
(19053, 4, 3, 0, 19053, 2, 'Desolace - Starving Bonepaw (5) - Patrol 2');
DELETE FROM `spawn_group_spawn` WHERE id = 19053;
INSERT INTO `spawn_group_spawn` (`Id`, `Guid`, `SlotId`) VALUES
(19053, 27954, 0),
(19053, 27955, 1),
(19053, 27956, 2),
(19053, 27957, 3),
(19053, 27958, 4);
DELETE FROM `waypoint_path_name` WHERE `PathId` = 19053;
INSERT INTO `waypoint_path_name` (`PathId`, `Name`) VALUES (19053, 'Desolace - Starving Bonepaw (5) - Patrol 2');
DELETE FROM `waypoint_path` WHERE `PathId` = 19053;
INSERT INTO `waypoint_path` (`PathId`, `Point`, `PositionX`, `PositionY`, `PositionZ`, `Orientation`) VALUES
(19053, 1, -591.641, 1030.97, 90.8032, 100),
(19053, 2, -604.426, 1016.71, 92.3667, 100),
(19053, 3, -617.997, 992.465, 93.5601, 100),
(19053, 4, -606.858, 959.089, 90.9037, 100),
(19053, 5, -593.569, 925.385, 90.4117, 100),
(19053, 6, -593.569, 925.385, 90.4117, 100),
(19053, 7, -609.89, 888.265, 90.7244, 100),
(19053, 8, -596.534, 855.77, 90.4028, 100),
(19053, 9, -580.147, 827.723, 90.5805, 100),
(19053, 10, -562.324, 798.501, 90.7838, 100),
(19053, 11, -532.082, 794.304, 91.1618, 100),
(19053, 12, -518.083, 811.364, 91.8805, 100),
(19053, 13, -521.605, 842.761, 92.6933, 100),
(19053, 14, -526.614, 870.599, 90.4791, 100),
(19053, 15, -523.6, 890.463, 90.6855, 100),
(19053, 16, -489.495, 909.271, 90.4394, 100),
(19053, 17, -461.385, 911.438, 90.5542, 100),
(19053, 18, -422.668, 939.092, 91.0567, 100),
(19053, 19, -408.853, 969.2, 91.8706, 100),
(19053, 20, -380.325, 990.914, 91.116, 100),
(19053, 21, -355.381, 1011.59, 90.3484, 100),
(19053, 22, -318.646, 1028.26, 90.3711, 100),
(19053, 23, -310.051, 1050.15, 91.4585, 100),
(19053, 24, -319.995, 1075.2, 92.5174, 100),
(19053, 25, -341.58, 1084.09, 92.3133, 100),
(19053, 26, -372.87, 1078.72, 90.7421, 100),
(19053, 27, -390.543, 1057.76, 92.2859, 100),
(19053, 28, -411.739, 1058.02, 90.6677, 100),
(19053, 29, -435.898, 1060.38, 91.3662, 100),
(19053, 30, -452.648, 1076.12, 93.0829, 100),
(19053, 31, -478.755, 1106.08, 90.9499, 100),
(19053, 32, -513.785, 1123.84, 91.7888, 100),
(19053, 33, -538.495, 1143.99, 96.0895, 100),
(19053, 34, -582.731, 1128.61, 90.4028, 100),
(19053, 35, -594.845, 1086.64, 90.9434, 100),
(19053, 36, -592.105, 1056.16, 90.5546, 100);

UPDATE `creature` SET  `position_x` = -223.012, `position_y` = 1480.89, `position_z` = 92.2696, `orientation` = 0, `Spawndist` = 0, `MovementType` = 0 WHERE `guid` IN (27959, 27960, 27961, 27962, 27963);
DELETE FROM `spawn_group` WHERE id = 19054;
INSERT INTO `spawn_group` (`Id`, `Name`, `Type`, `MaxCount`, `WorldState`, `Flags`) VALUES (19054,'Desolace - Starving Bonepaw (5) - Patrol 3', 0, 0, 0, 0);
DELETE FROM `spawn_group_formation` WHERE id = 19054;
INSERT INTO `spawn_group_formation` (`Id`, `FormationType`, `FormationSpread`, `FormationOptions`, `PathId`, `MovementType`, `Comment`) VALUES
(19054, 4, 3, 0, 19054, 2, 'Desolace - Starving Bonepaw (5) - Patrol 3');
DELETE FROM `spawn_group_spawn` WHERE id = 19054;
INSERT INTO `spawn_group_spawn` (`Id`, `Guid`, `SlotId`) VALUES
(19054, 27959, 0),
(19054, 27960, 1),
(19054, 27961, 2),
(19054, 27962, 3),
(19054, 27963, 4);
DELETE FROM `waypoint_path_name` WHERE `PathId` = 19054;
INSERT INTO `waypoint_path_name` (`PathId`, `Name`) VALUES (19054, 'Desolace - Starving Bonepaw (5) - Patrol 3');
DELETE FROM `waypoint_path` WHERE `PathId` = 19054;
INSERT INTO `waypoint_path` (`PathId`, `Point`, `PositionX`, `PositionY`, `PositionZ`, `Orientation`) VALUES
(19054, 1, -223.012, 1480.89, 92.2696, 100),
(19054, 2, -234.783, 1459.62, 92.423, 100),
(19054, 3, -236.749, 1427.77, 96.3663, 100),
(19054, 4, -236.734, 1395.46, 96.3049, 100),
(19054, 5, -222.611, 1372.54, 93.3343, 100),
(19054, 6, -210.576, 1356.61, 89.6603, 100),
(19054, 7, -207.299, 1316.38, 89.2497, 100),
(19054, 8, -213.887, 1293.1, 89.7079, 100),
(19054, 9, -210.712, 1273.52, 90.1271, 100),
(19054, 10, -194.617, 1250.82, 89.6351, 100),
(19054, 11, -171.227, 1228.36, 89.4896, 100),
(19054, 12, -150.301, 1198.87, 89.4678, 100),
(19054, 13, -141.57, 1156.22, 89.4306, 100),
(19054, 14, -140.46, 1131.99, 89.8964, 100),
(19054, 15, -122.096, 1112.94, 90.5833, 100),
(19054, 16, -85.5378, 1086.91, 91.6585, 100),
(19054, 17, -115.347, 1108.04, 90.6259, 100),
(19054, 18, -138.236, 1124.83, 89.1856, 100),
(19054, 19, -141.196, 1151.96, 89.4306, 100),
(19054, 20, -146.858, 1191.5, 89.427, 100),
(19054, 21, -166.141, 1221.88, 89.4777, 100),
(19054, 22, -188.911, 1244.97, 89.6325, 100),
(19054, 23, -207.774, 1266.34, 90.0969, 100),
(19054, 24, -213.749, 1285.44, 90.0735, 100),
(19054, 25, -208.982, 1308.55, 89.411, 100),
(19054, 26, -208.175, 1348.89, 89.176, 100),
(19054, 27, -217.52, 1365.93, 91.6162, 100),
(19054, 28, -234.572, 1387.8, 97.2335, 100),
(19054, 29, -236.891, 1419.26, 97.1425, 100),
(19054, 30, -236.003, 1455.35, 92.5582, 100),
(19054, 31, -225.219, 1476.9, 92.2696, 100),
(19054, 32, -203.701, 1485.39, 91.5451, 100),
(19054, 33, -167.396, 1485.13, 91.6647, 100),
(19054, 34, -132.961, 1496.36, 92.9567, 100),
(19054, 35, -113.016, 1521.03, 92.0836, 100),
(19054, 36, -110.801, 1552.6, 92.9916, 100),
(19054, 37, -116.944, 1576.21, 92.0108, 100),
(19054, 38, -135.303, 1607.33, 90.5433, 100),
(19054, 39, -140.466, 1642.99, 89.5251, 100),
(19054, 40, -127.728, 1657.02, 91.1904, 100),
(19054, 41, -104.997, 1664.23, 91.4665, 100),
(19054, 42, -68.867, 1664, 89.3669, 100),
(19054, 43, -54.2228, 1685.34, 89.6857, 100),
(19054, 44, -49.8627, 1716.76, 98.849, 100),
(19054, 45, -52.4537, 1690.38, 89.0682, 100),
(19054, 46, -62.566, 1669.08, 90.7499, 100),
(19054, 47, -99.6577, 1664.73, 90.382, 100),
(19054, 48, -123.147, 1659.66, 91.5317, 100),
(19054, 49, -139.007, 1647.55, 89.5523, 100),
(19054, 50, -136.854, 1612.51, 90.6119, 100),
(19054, 51, -120.596, 1584.96, 91.3611, 100),
(19054, 52, -111.754, 1558.21, 93.0853, 100),
(19054, 53, -110.524, 1529.98, 91.2036, 100),
(19054, 54, -161.707, 1485.9, 91.6201, 100),
(19054, 55, -198.076, 1485.75, 91.7982, 100),
(19054, 56, -217.887, 1482.09, 91.9747, 100);

UPDATE `creature` SET  `position_x` = -976.517, `position_y` = 1692.22, `position_z` = 61.2361, `orientation` = 0, `Spawndist` = 0, `MovementType` = 0 WHERE `guid` IN (27964, 27965, 27966, 27967, 27973);
DELETE FROM `spawn_group` WHERE id = 19055;
INSERT INTO `spawn_group` (`Id`, `Name`, `Type`, `MaxCount`, `WorldState`, `Flags`) VALUES (19055,'Desolace - Rabid Bonepaw (5) - Patrol 2', 0, 0, 0, 0);
DELETE FROM `spawn_group_formation` WHERE id = 19055;
INSERT INTO `spawn_group_formation` (`Id`, `FormationType`, `FormationSpread`, `FormationOptions`, `PathId`, `MovementType`, `Comment`) VALUES
(19055, 4, 3, 0, 19055, 2, 'Desolace - Rabid Bonepaw (5) - Patrol 2');
DELETE FROM `spawn_group_spawn` WHERE id = 19055;
INSERT INTO `spawn_group_spawn` (`Id`, `Guid`, `SlotId`) VALUES
(19055, 27964, 0),
(19055, 27965, 1),
(19055, 27966, 2),
(19055, 27967, 3),
(19055, 27973, 4);
DELETE FROM `waypoint_path_name` WHERE `PathId` = 19055;
INSERT INTO `waypoint_path_name` (`PathId`, `Name`) VALUES (19055, 'Desolace - Rabid Bonepaw (5) - Patrol 2');
DELETE FROM `waypoint_path` WHERE `PathId` = 19055;
INSERT INTO `waypoint_path` (`PathId`, `Point`, `PositionX`, `PositionY`, `PositionZ`, `Orientation`) VALUES
(19055, 1, -976.517, 1692.22, 61.2361, 100),
(19055, 2, -957.345, 1712.62, 61.22, 100),
(19055, 3, -952.957, 1755.73, 62.3276, 100),
(19055, 4, -941.536, 1789.82, 60.7657, 100),
(19055, 5, -914.646, 1818.9, 62.6623, 100),
(19055, 6, -886.863, 1832.12, 62.3846, 100),
(19055, 7, -905.737, 1824.51, 63.5225, 100),
(19055, 8, -935.892, 1798.56, 59.3195, 100),
(19055, 9, -951.854, 1762.34, 62.8508, 100),
(19055, 10, -953.413, 1721.96, 61.2053, 100),
(19055, 11, -971.752, 1696.63, 61.2334, 100),
(19055, 12, -1001.92, 1676.28, 61.2361, 100),
(19055, 13, -1009.31, 1657.9, 61.3529, 100),
(19055, 14, -1005.24, 1630.27, 61.2592, 100),
(19055, 15, -992.469, 1610.14, 61.2361, 100),
(19055, 16, -962.337, 1583.36, 61.7044, 100),
(19055, 17, -955.152, 1556.97, 61.2326, 100),
(19055, 18, -957.57, 1528.98, 61.3099, 100),
(19055, 19, -969.114, 1518.44, 61.4942, 100),
(19055, 20, -984.98, 1486.71, 62.7984, 100),
(19055, 21, -1004.21, 1451.19, 61.7694, 100),
(19055, 22, -1010.79, 1427.89, 61.2862, 100),
(19055, 23, -1038.15, 1406.75, 64.7124, 100),
(19055, 24, -1073.8, 1404.93, 61.4555, 100),
(19055, 25, -1112.38, 1417.05, 61.3507, 100),
(19055, 26, -1148.16, 1411.21, 61.6115, 100),
(19055, 27, -1177.49, 1430.51, 61.1823, 100),
(19055, 28, -1214.32, 1447.08, 62.0592, 100),
(19055, 29, -1241.69, 1476.21, 61.2353, 100),
(19055, 30, -1271.78, 1484.43, 61.2361, 100),
(19055, 31, -1302.63, 1475.71, 62.4025, 100),
(19055, 32, -1340.13, 1460.15, 61.5487, 100),
(19055, 33, -1364.21, 1445.63, 60.691, 100),
(19055, 34, -1383.23, 1421.24, 60.3131, 100),
(19055, 35, -1371.96, 1438.17, 60.5877, 100),
(19055, 36, -1346.01, 1456.97, 61.405, 100),
(19055, 37, -1308.88, 1473.27, 62.791, 100),
(19055, 38, -1278.29, 1484.06, 61.2361, 100),
(19055, 39, -1250.42, 1481.3, 61.2361, 100),
(19055, 40, -1222.85, 1453.39, 61.792, 100),
(19055, 41, -1186.91, 1436.02, 61.0782, 100),
(19055, 42, -1154.36, 1411.99, 61.703, 100),
(19055, 43, -1119.05, 1416.85, 61.3529, 100),
(19055, 44, -1080.31, 1406.33, 61.388, 100),
(19055, 45, -1048.19, 1404.3, 63.3984, 100),
(19055, 46, -1016.26, 1419.65, 61.6447, 100),
(19055, 47, -1006.82, 1444.96, 61.6332, 100),
(19055, 48, -988.016, 1480.69, 63.5501, 100),
(19055, 49, -973.433, 1514.08, 61.5387, 100),
(19055, 50, -960.28, 1522.27, 61.3228, 100),
(19055, 51, -955.445, 1548.74, 61.2378, 100),
(19055, 52, -957.995, 1576.99, 61.5376, 100),
(19055, 53, -986.694, 1604.62, 61.259, 100),
(19055, 54, -1008.86, 1650.06, 61.3415, 100),
(19055, 55, -1005.53, 1669.59, 61.2737, 100),
(19055, 56, -977.827, 1691.4, 61.2361, 100);

-- ----------------------------------------------------------------------

-- Add Desolace Kodo Herd Waypoints
UPDATE `creature` SET  `position_x` = 2.14633, `position_y` = 2138.41, `position_z` = 118.573, spawntimesecsmin = 180, spawntimesecsmax = 180, `orientation` = 0, `Spawndist` = 0, `MovementType` = 0 WHERE `guid` IN (28275, 28276, 28277, 28297);
DELETE FROM `spawn_group` WHERE id = 19056;
INSERT INTO `spawn_group` (`Id`, `Name`, `Type`, `MaxCount`, `WorldState`, `Flags`, `StringId`) VALUES (19056,'Desolace - Aged Kodo / Dying Kodo (4) - Patrol 1', 0, 0, 0, 0, 0);
DELETE FROM `spawn_group_formation` WHERE id = 19056;
INSERT INTO `spawn_group_formation` (`Id`, `FormationType`, `FormationSpread`, `FormationOptions`, `PathId`, `MovementType`, `Comment`) VALUES
(19056, 4, 15, 0, 19056, 2, 'Desolace - Aged Kodo / Dying Kodo (4) - Patrol 1'); -- dist 25-35
DELETE FROM `spawn_group_spawn` WHERE id = 19056;
INSERT INTO `spawn_group_spawn` (`Id`, `Guid`, `SlotId`) VALUES
(19056, 28275, 0),
(19056, 28276, 1),
(19056, 28277, 2),
(19056, 28297, 3);
DELETE FROM `waypoint_path_name` WHERE `PathId` = 19056;
INSERT INTO `waypoint_path_name` (`PathId`, `Name`) VALUES (19056, 'Desolace - Aged Kodo / Dying Kodo (4) - Patrol 1');
DELETE FROM `waypoint_path` WHERE `PathId` = 19056;
INSERT INTO `waypoint_path` (`PathId`, `Point`, `PositionX`, `PositionY`, `PositionZ`, `Orientation`) VALUES
(19056, 1, 2.14633, 2138.41, 118.573, 100),
(19056, 2, -29.9821, 2151.19, 114.268, 100),
(19056, 3, -61.3338, 2169.46, 105.287, 100),
(19056, 4, -68.5327, 2197.25, 93.8725, 100),
(19056, 5, -92.9872, 2213.6, 85.1394, 100),
(19056, 6, -124.529, 2216.8, 86.4632, 100),
(19056, 7, -144.02, 2215.89, 83.7682, 100),
(19056, 8, -182.699, 2207.98, 90.0451, 100),
(19056, 9, -210.754, 2208.32, 93.7486, 100),
(19056, 10, -240.141, 2200.66, 101.749, 100),
(19056, 11, -270.231, 2202.92, 110.257, 100),
(19056, 12, -319.491, 2211.04, 96.0404, 100),
(19056, 13, -350.644, 2205.41, 90.9393, 100),
(19056, 14, -381.951, 2182.01, 87.9917, 100),
(19056, 15, -417.776, 2185.39, 89.1427, 100),
(19056, 16, -440.716, 2189.44, 90.0821, 100),
(19056, 17, -476.996, 2196.29, 93.3062, 100),
(19056, 18, -516.137, 2217.31, 92.4034, 100),
(19056, 19, -544.274, 2218.66, 91.2865, 100),
(19056, 20, -556.636, 2245.84, 90.9296, 100),
(19056, 21, -577.739, 2254.19, 89.5989, 100),
(19056, 22, -609.541, 2254.44, 94.172, 100),
(19056, 23, -657.327, 2262.51, 92.5137, 100),
(19056, 24, -686.158, 2282.78, 90.1616, 100),
(19056, 25, -709.842, 2306.21, 91.255, 100),
(19056, 26, -744.724, 2323.48, 91.9196, 100),
(19056, 27, -776.966, 2323.63, 93.794, 100),
(19056, 28, -812.46, 2324.64, 92.8703, 100),
(19056, 29, -845.888, 2326.61, 92.7821, 100),
(19056, 30, -882.414, 2324.5, 92.9169, 100),
(19056, 31, -914.138, 2320.89, 92.9062, 100),
(19056, 32, -947.508, 2320.36, 91.2654, 100),
(19056, 33, -983.587, 2315.08, 92.3273, 100),
(19056, 34, -1013.58, 2296.35, 91.5824, 100),
(19056, 35, -1044.58, 2284.16, 89.0891, 100),
(19056, 36, -1072.16, 2256.61, 79.4771, 100),
(19056, 37, -1084.69, 2223.78, 71.5286, 100),
(19056, 38, -1084.84, 2188.26, 64.4286, 100),
(19056, 39, -1082.36, 2152.54, 62.8577, 100),
(19056, 40, -1081.36, 2115.15, 61.7034, 100),
(19056, 41, -1083.98, 2086.9, 61.2621, 100),
(19056, 42, -1107.35, 2074.16, 61.4949, 100),
(19056, 43, -1137.73, 2047.82, 61.3302, 100),
(19056, 44, -1174.53, 2024.46, 59.9088, 100);

DELETE FROM `dbscripts_on_creature_movement` WHERE `id` = 470001;
INSERT INTO `dbscripts_on_creature_movement` (`id`, `delay`, `command`, `buddy_entry`, `search_radius`, `data_flags`, `comments`) VALUES
(470001, 0, 18, 19056, 19056, 1+256+512, 'Aged Kodo - Despawn spawn_group 19056');
UPDATE `waypoint_path` SET `ScriptId` = 470001, `WaitTime` = 1 WHERE `PathId` = 19056 AND `Point` = 44;

UPDATE `creature` SET  `position_x` = 152.458, `position_y` = 1745.22, `position_z` = 92.4667, spawntimesecsmin = 180, spawntimesecsmax = 180, `orientation` = 0, `Spawndist` = 0, `MovementType` = 0 WHERE `guid` IN (28278, 28279, 28280, 28298);
DELETE FROM `spawn_group` WHERE id = 19057;
INSERT INTO `spawn_group` (`Id`, `Name`, `Type`, `MaxCount`, `WorldState`, `Flags`, `StringId`) VALUES (19057,'Desolace - Aged Kodo / Dying Kodo (4) - Patrol 2', 0, 0, 0, 0, 0);
DELETE FROM `spawn_group_formation` WHERE id = 19057;
INSERT INTO `spawn_group_formation` (`Id`, `FormationType`, `FormationSpread`, `FormationOptions`, `PathId`, `MovementType`, `Comment`) VALUES
(19057, 4, 15, 0, 19057, 2, 'Desolace - Aged Kodo / Dying Kodo (4) - Patrol 2');
DELETE FROM `spawn_group_spawn` WHERE id = 19057;
INSERT INTO `spawn_group_spawn` (`Id`, `Guid`, `SlotId`) VALUES
(19057, 28278, 0),
(19057, 28279, 1),
(19057, 28298, 2),
(19057, 28280, 3);
DELETE FROM `waypoint_path_name` WHERE `PathId` = 19057;
INSERT INTO `waypoint_path_name` (`PathId`, `Name`) VALUES (19057, 'Desolace - Aged Kodo / Dying Kodo (4) - Patrol 2');
DELETE FROM `waypoint_path` WHERE `PathId` = 19057;
INSERT INTO `waypoint_path` (`PathId`, `Point`, `PositionX`, `PositionY`, `PositionZ`, `Orientation`) VALUES
(19057, 1, 152.458, 1745.22, 92.4667, 100),
(19057, 2, 124.412, 1722.02, 91.1262, 100),
(19057, 3, 85.142, 1717.81, 88.2065, 100),
(19057, 4, 49.2628, 1714.32, 91.2173, 100),
(19057, 5, 12.4704, 1711.89, 101.448, 100),
(19057, 6, -11.8528, 1712.62, 102.215, 100),
(19057, 7, -43.9398, 1711.47, 98.3406, 100),
(19057, 8, -79.9862, 1711.96, 93.62, 100),
(19057, 9, -117.389, 1712.73, 95.8257, 100),
(19057, 10, -142.005, 1690.78, 92.4451, 100),
(19057, 11, -153.801, 1650.33, 92.2136, 100),
(19057, 12, -155.346, 1622.37, 90.1586, 100),
(19057, 13, -183.846, 1616.01, 89.5507, 100),
(19057, 14, -219.233, 1599.49, 89.5969, 100),
(19057, 15, -249.902, 1573.18, 89.4893, 100),
(19057, 16, -290.366, 1571.84, 91.69, 100),
(19057, 17, -311.707, 1561.53, 91.024, 100),
(19057, 18, -342.883, 1553.88, 91.2511, 100),
(19057, 19, -383.192, 1551.59, 90.2569, 100),
(19057, 20, -411.356, 1554.25, 91.2129, 100),
(19057, 21, -443.539, 1551.35, 92.0964, 100),
(19057, 22, -483.28, 1550.1, 92.1452, 100),
(19057, 23, -519.594, 1546.95, 90.1048, 100),
(19057, 24, -547.632, 1550.85, 91.2167, 100),
(19057, 25, -583.959, 1582.33, 89.9707, 100),
(19057, 26, -591.274, 1609.12, 89.6891, 100),
(19057, 27, -592.605, 1641.28, 90.9548, 100),
(19057, 28, -569.857, 1673.94, 90.795, 100),
(19057, 29, -564.207, 1713.27, 88.6108, 100),
(19057, 30, -574.648, 1734.09, 89.1775, 100),
(19057, 31, -605.19, 1759.6, 90.8514, 100),
(19057, 32, -624.713, 1798.84, 89.3244, 100),
(19057, 33, -621.999, 1842.49, 91.4147, 100),
(19057, 34, -620.668, 1870.83, 91.9755, 100),
(19057, 35, -604.006, 1901.9, 88.5617, 100),
(19057, 36, -592.23, 1918.45, 88.5674, 100),
(19057, 37, -590.551, 1949.99, 88.8068, 100),
(19057, 38, -606.826, 1971.11, 91.7943, 100),
(19057, 39, -643.221, 1987.05, 90.7209, 100),
(19057, 40, -678.943, 1987.92, 93.1782, 100),
(19057, 41, -709.94, 2004.17, 92.4514, 100),
(19057, 42, -749.241, 2012.99, 90.6637, 100),
(19057, 43, -781.26, 2014.24, 86.193, 100),
(19057, 44, -817.766, 2035.49, 73.9203, 100),
(19057, 45, -849.069, 2038.18, 68.7252, 100),
(19057, 46, -876.668, 2043.3, 65.0561, 100),
(19057, 47, -912.491, 2053.91, 63.1584, 100),
(19057, 48, -944.538, 2071.13, 63.2459, 100),
(19057, 49, -980.794, 2075.14, 62.117, 100),
(19057, 50, -1016.1, 2083.85, 63.5064, 100),
(19057, 51, -1056.04, 2079.71, 62.4426, 100),
(19057, 52, -1088.18, 2082.39, 61.2361, 100),
(19057, 53, -1113.92, 2071.24, 62.0882, 100),
(19057, 54, -1144.86, 2040.23, 58.7336, 100);

DELETE FROM `dbscripts_on_creature_movement` WHERE `id` = 470002;
INSERT INTO `dbscripts_on_creature_movement` (`id`, `delay`, `command`, `buddy_entry`, `search_radius`, `data_flags`, `comments`) VALUES
(470002, 0, 18, 19057, 19057, 1+256+512, 'Aged Kodo - Despawn spawn_group 19057');
UPDATE `waypoint_path` SET `ScriptId` = 470002, `WaitTime` = 1 WHERE `PathId` = 19057 AND `Point` = 44;

UPDATE `creature` SET  `position_x` = -2170.64, `position_y` = 1625.81, `position_z` = 60.3131, spawntimesecsmin = 180, spawntimesecsmax = 180, `orientation` = 0, `Spawndist` = 0, `MovementType` = 0 WHERE `guid` IN (28282, 28283, 28284, 28299);
DELETE FROM `spawn_group` WHERE id = 19058;
INSERT INTO `spawn_group` (`Id`, `Name`, `Type`, `MaxCount`, `WorldState`, `Flags`, `StringId`) VALUES (19058,'Desolace - Aged Kodo / Dying Kodo (4) - Patrol 3', 0, 0, 0, 0, 0);
DELETE FROM `spawn_group_formation` WHERE id = 19058;
INSERT INTO `spawn_group_formation` (`Id`, `FormationType`, `FormationSpread`, `FormationOptions`, `PathId`, `MovementType`, `Comment`) VALUES
(19058, 4, 15, 0, 19058, 2, 'Desolace - Aged Kodo / Dying Kodo (4) - Patrol 3');
DELETE FROM `spawn_group_spawn` WHERE id = 19058;
INSERT INTO `spawn_group_spawn` (`Id`, `Guid`, `SlotId`) VALUES
(19058, 28282, 0),
(19058, 28283, 1),
(19058, 28299, 2),
(19058, 28284, 3);
DELETE FROM `waypoint_path_name` WHERE `PathId` = 19058;
INSERT INTO `waypoint_path_name` (`PathId`, `Name`) VALUES (19058, 'Desolace - Aged Kodo / Dying Kodo (4) - Patrol 3');
DELETE FROM `waypoint_path` WHERE `PathId` = 19058;
INSERT INTO `waypoint_path` (`PathId`, `Point`, `PositionX`, `PositionY`, `PositionZ`, `Orientation`) VALUES
(19058, 1, -2170.64, 1625.81, 60.3131, 100),
(19058, 2, -2153.99, 1645.58, 61.2237, 100),
(19058, 3, -2122.31, 1647.67, 57.9369, 100),
(19058, 4, -2081.54, 1672.54, 60.8947, 100),
(19058, 5, -2058.02, 1677.17, 60.7013, 100),
(19058, 6, -2017.72, 1681.4, 61.1105, 100),
(19058, 7, -1981.53, 1685.78, 63.5432, 100),
(19058, 8, -1948.99, 1681.96, 61.7688, 100),
(19058, 9, -1917.72, 1679.02, 61.3717, 100),
(19058, 10, -1887.45, 1651.62, 61.2595, 100),
(19058, 11, -1864.87, 1619.36, 61.541, 100),
(19058, 12, -1838.37, 1588.65, 61.8641, 100),
(19058, 13, -1816.62, 1578.41, 61.8078, 100),
(19058, 14, -1788.53, 1577.8, 61.5363, 100),
(19058, 15, -1755.24, 1579.29, 61.2741, 100),
(19058, 16, -1718.76, 1580.4, 61.2143, 100),
(19058, 17, -1686.65, 1610.16, 61.6809, 100),
(19058, 18, -1676.07, 1644.51, 61.5459, 100),
(19058, 19, -1650.62, 1674.63, 62.299, 100),
(19058, 20, -1622.14, 1714.02, 61.89, 100),
(19058, 21, -1620.15, 1746.49, 59.6935, 100),
(19058, 22, -1592.62, 1772.87, 62.091, 100),
(19058, 23, -1553.82, 1786.5, 61.6803, 100),
(19058, 24, -1526.3, 1804.88, 60.9553, 100),
(19058, 25, -1487.95, 1812.1, 63.5721, 100),
(19058, 26, -1439.9, 1799.24, 50.1445, 100);

DELETE FROM `dbscripts_on_creature_movement` WHERE `id` = 470003;
INSERT INTO `dbscripts_on_creature_movement` (`id`, `delay`, `command`, `buddy_entry`, `search_radius`, `data_flags`, `comments`) VALUES
(470003, 0, 18, 19058, 19058, 1+256+512, 'Aged Kodo - Despawn spawn_group 19058');
UPDATE `waypoint_path` SET `ScriptId` = 470003, `WaitTime` = 1 WHERE `PathId` = 19058 AND `Point` = 26;

UPDATE `creature` SET  `position_x` = -1313.12, `position_y` = 957.979, `position_z` = 91.9389, spawntimesecsmin = 180, spawntimesecsmax = 180, `orientation` = 0, `Spawndist` = 0, `MovementType` = 0 WHERE `guid` IN (28272, 28273, 28274, 28295);
DELETE FROM `spawn_group` WHERE id = 19059;
INSERT INTO `spawn_group` (`Id`, `Name`, `Type`, `MaxCount`, `WorldState`, `Flags`, `StringId`) VALUES (19059,'Desolace - Aged Kodo / Dying Kodo (4) - Patrol 4', 0, 0, 0, 0, 0);
DELETE FROM `spawn_group_formation` WHERE id = 19059;
INSERT INTO `spawn_group_formation` (`Id`, `FormationType`, `FormationSpread`, `FormationOptions`, `PathId`, `MovementType`, `Comment`) VALUES
(19059, 4, 15, 0, 19059, 2, 'Desolace - Aged Kodo / Dying Kodo (4) - Patrol 4');
DELETE FROM `spawn_group_spawn` WHERE id = 19059;
INSERT INTO `spawn_group_spawn` (`Id`, `Guid`, `SlotId`) VALUES
(19059, 28272, 0),
(19059, 28273, 1),
(19059, 28295, 2),
(19059, 28274, 3);
DELETE FROM `waypoint_path_name` WHERE `PathId` = 19059;
INSERT INTO `waypoint_path_name` (`PathId`, `Name`) VALUES (19059, 'Desolace - Aged Kodo / Dying Kodo (4) - Patrol 4');
DELETE FROM `waypoint_path` WHERE `PathId` = 19059;
INSERT INTO `waypoint_path` (`PathId`, `Point`, `PositionX`, `PositionY`, `PositionZ`, `Orientation`) VALUES
(19059, 1, -1313.12, 957.979, 91.9389, 100),
(19059, 2, -1309.85, 973.866, 93.0568, 100),
(19059, 3, -1332.15, 1006.26, 91.5588, 100),
(19059, 4, -1373.22, 1020.72, 89.5353, 100),
(19059, 5, -1403.84, 1038.95, 92.2057, 100),
(19059, 6, -1437.18, 1060.33, 89.4952, 100),
(19059, 7, -1447.66, 1081.91, 89.5077, 100),
(19059, 8, -1474.07, 1099.84, 91.6482, 100),
(19059, 9, -1504.01, 1120.72, 91.9498, 100),
(19059, 10, -1519.87, 1138.88, 92.8214, 100),
(19059, 11, -1543.14, 1154.65, 91.3034, 100),
(19059, 12, -1553.75, 1179.99, 91.6141, 100),
(19059, 13, -1548.91, 1198.84, 89.2524, 100),
(19059, 14, -1530.31, 1213.29, 92.4118, 100),
(19059, 15, -1520.29, 1220.14, 91.9138, 100),
(19059, 16, -1511.34, 1241.19, 85.2397, 100),
(19059, 17, -1510.96, 1286.24, 68.6046, 100),
(19059, 18, -1488.61, 1318.65, 63.0649, 100),
(19059, 19, -1481.67, 1349.84, 61.6828, 100),
(19059, 20, -1456.42, 1374.27, 60.2529, 100),
(19059, 21, -1415.52, 1390.69, 60.3462, 100),
(19059, 22, -1389.74, 1415.8, 60.4332, 100),
(19059, 23, -1351.87, 1452.27, 61.3819, 100),
(19059, 24, -1334.04, 1479.34, 61.3023, 100),
(19059, 25, -1331.53, 1515.24, 61.447, 100),
(19059, 26, -1348.41, 1542.12, 61.3026, 100),
(19059, 27, -1360.7, 1571.8, 59.1053, 100),
(19059, 28, -1379.9, 1585.73, 59.0515, 100),
(19059, 29, -1384.93, 1612.07, 60.8464, 100),
(19059, 30, -1388.16, 1644.38, 61.35, 100),
(19059, 31, -1418.92, 1668.01, 61.7026, 100),
(19059, 32, -1445.51, 1708.06, 62.2747, 100),
(19059, 33, -1458.01, 1748.56, 54.8912, 100);

DELETE FROM `dbscripts_on_creature_movement` WHERE `id` = 470004;
INSERT INTO `dbscripts_on_creature_movement` (`id`, `delay`, `command`, `buddy_entry`, `search_radius`, `data_flags`, `comments`) VALUES
(470004, 0, 18, 19059, 19059, 1+256+512, 'Aged Kodo - Despawn spawn_group 19059');
UPDATE `waypoint_path` SET `ScriptId` = 470004, `WaitTime` = 1 WHERE `PathId` = 19059 AND `Point` = 33;

-- ----------------------------------------------------------------------

-- Update Heroes of Old Scripts
-- Main Script
UPDATE `creature_template` SET `UnitFlags` = 768 WHERE `entry` = 7750;
DELETE FROM `dbscripts_on_quest_start` WHERE `id`=2702;
INSERT INTO `dbscripts_on_quest_start` (`id`, `delay`, `priority`, `command`, `datalong`, `datalong2`, `datalong3`, `buddy_entry`, `search_radius`, `data_flags`, `dataint`, `dataint2`, `dataint3`, `dataint4`, `datafloat`,
`x`, `y`, `z`, `o`, `speed`, `condition_id`, `comments`) VALUES
(2702, 0, 0, 31, 0, 50, 0, 7750, 50, 0, 0, 0, 0, 0, 0, 0, 0, 0, 0, 0, 0, 'Fallen Hero of the Horde: Abort Script if Corporal Thund Splithoof is spawned'),
(2702, 1000, 0, 10, 7750, 180000, 0, 0, 0, 0, 0, 0, 0, 0, 0, -10630, -2987.64, 29.0025, 4.7473, 0, 0, 'Fallen Hero of the Horde: Summon Creature Corporal Thund Splithoof'),
(2702, 1000, 1, 3, 0, 0, 0, 0, 0, 0, 0, 0, 0, 0, 0, 0, 0, 0, 1.64061, 0, 0, 'Fallen Hero of the Horde - Set Orientation'),
(2702, 1000, 2, 1, 25, 0, 0, 0, 0, 0, 0, 0, 0, 0, 0, 0, 0, 0, 0, 0, 0, 'Fallen Hero of the Horde - Emote OneShotPoint'),
(2702, 1000, 3, 0, 0, 0, 0, 0, 0, 0, 3741, 0, 0, 0, 0, 0, 0, 0, 0, 0, 0, 'Fallen Hero of the Horde - Talk'),
(2702, 4000, 0, 3, 0, 0, 0, 0, 0, 0, 0, 0, 0, 0, 0, 0, 0, 0, 6.195920, 0, 0, 'Fallen Hero of the Horde - Set Orientation');
UPDATE `broadcast_text` SET `ChatTypeId` = 2 WHERE `Id` = 3741; -- %s points to the west.
UPDATE `dbscripts_on_gossip` SET `x` = -10630, `y` = -2987.64, `z` = 29.0025, `o` = 4.7473 WHERE `id` = 84001 AND `command` = 10; -- gossip to summon Corporal Thund Splithoof

-- Main script
UPDATE `dbscripts_on_quest_start` SET `datalong2` = 180, `comments` = 'spawn 44732 (Spectral Lockbox)' WHERE `id` = 2701 AND `datalong`  = 44732;
UPDATE `dbscripts_on_quest_start` SET `datalong2` = 180, `comments` = 'spawn 44733 (Spectral Lockbox Particles)' WHERE `id` = 2701 AND `datalong` = 44733;
UPDATE `gameobject` SET `position_x` = -10632.1, `position_y` = -2988.86, `position_z` = 28.7832, `orientation` = 4.7473, `rotation2` = -0.694658, `rotation3` = 0.71934 WHERE `id` = 141980;
UPDATE `gameobject` SET `position_x` = -10631.8, `position_y` = -2988.59, `position_z` = 28.3735, `orientation` = 3.97935, `rotation2` = -0.913545, `rotation3` = 0.406738 WHERE `id` = 141981;

-- ----------------------------------------------------------------------

-- Crystal Fang Should Not Be Skinnable
UPDATE `creature_template` SET `SkinningLootId` = 0 WHERE  `entry` = 10376; -- https://www.wowhead.com/classic/npc=10376/crystal-fang
UPDATE `creature_template` SET `SkinningLootId` = 0 WHERE  `entry` = 15041; -- https://www.wowhead.com/classic/npc=15041/spawn-of-marli
UPDATE `creature_template` SET `SkinningLootId` = 0 WHERE  `entry` = 2707; -- https://www.wowhead.com/classic/npc=2707/shadra
UPDATE `creature_template` SET `SkinningLootId` = 0 WHERE  `entry` = 9032; -- https://www.wowhead.com/classic/npc=9032/hedrum-the-creeper
UPDATE `creature_template` SET `SkinningLootId` = 0 WHERE  `entry` = 10596; -- https://www.wowhead.com/classic/npc=10596/mother-smolderweb

-- ----------------------------------------------------------------------

-- Unstuck Creature 34982
UPDATE `creature` SET `position_x` = 2738.18, `position_y` = 675.899 WHERE `guid` = 34982 AND `id` = 3823;

-- ----------------------------------------------------------------------
 
-- Add Missing Gossip Option
DELETE FROM `gossip_menu_option` WHERE `menu_id` = 3801 AND `id` = 1;
INSERT INTO `gossip_menu_option` (`menu_id`, `id`, `option_icon`, `option_text`, `option_broadcast_text`, `option_id`, `npc_option_npcflag`, `action_menu_id`, `action_poi_id`, `action_script_id`, `box_coded`, `box_money`, `box_text`, `box_broadcast_text`, `condition_id`) VALUES
(3801, 1, 0, 'Myranda, do you have enough eyeballs to make another amulet? I have lost the old one.', 8324, 1, 1, -1, 0, 380101, 0, 0, '', 0, 3782);

-- INSERT INTO `spell_template` (`Id`, `SchoolMask`, `Category`, `CastUI`, `Dispel`, `Mechanic`, `Attributes`, `AttributesEx`, `AttributesEx2`, `AttributesEx3`, `AttributesEx4`, `Stances`, `StancesNot`, `Targets`, `TargetCreatureType`, `RequiresSpellFocus`, `CasterAuraState`, `TargetAuraState`, `CastingTimeIndex`, `RecoveryTime`, `CategoryRecoveryTime`, `InterruptFlags`, `AuraInterruptFlags`, `ChannelInterruptFlags`, `ProcFlags`, `ProcChance`, `ProcCharges`, `MaxLevel`, `BaseLevel`, `SpellLevel`, `DurationIndex`, `PowerType`, `ManaCost`, `ManaCostPerlevel`, `ManaPerSecond`, `ManaPerSecondPerLevel`, `RangeIndex`, `Speed`, `ModalNextSpell`, `StackAmount`, `Totem1`, `Totem2`, `Reagent1`, `Reagent2`, `Reagent3`, `Reagent4`, `Reagent5`, `Reagent6`, `Reagent7`, `Reagent8`, `ReagentCount1`, `ReagentCount2`, `ReagentCount3`, `ReagentCount4`, `ReagentCount5`, `ReagentCount6`, `ReagentCount7`, `ReagentCount8`, `EquippedItemClass`, `EquippedItemSubClassMask`, `EquippedItemInventoryTypeMask`, `Effect1`, `Effect2`, `Effect3`, `EffectDieSides1`, `EffectDieSides2`, `EffectDieSides3`, `EffectBaseDice1`, `EffectBaseDice2`, `EffectBaseDice3`, `EffectDicePerLevel1`, `EffectDicePerLevel2`, `EffectDicePerLevel3`, `EffectRealPointsPerLevel1`, `EffectRealPointsPerLevel2`, `EffectRealPointsPerLevel3`, `EffectBasePoints1`, `EffectBasePoints2`, `EffectBasePoints3`, `EffectMechanic1`, `EffectMechanic2`, `EffectMechanic3`, `EffectImplicitTargetA1`, `EffectImplicitTargetA2`, `EffectImplicitTargetA3`, `EffectImplicitTargetB1`, `EffectImplicitTargetB2`, `EffectImplicitTargetB3`, `EffectRadiusIndex1`, `EffectRadiusIndex2`, `EffectRadiusIndex3`, `EffectApplyAuraName1`, `EffectApplyAuraName2`, `EffectApplyAuraName3`, `EffectAmplitude1`, `EffectAmplitude2`, `EffectAmplitude3`, `EffectMultipleValue1`, `EffectMultipleValue2`, `EffectMultipleValue3`, `EffectChainTarget1`, `EffectChainTarget2`, `EffectChainTarget3`, `EffectItemType1`, `EffectItemType2`, `EffectItemType3`, `EffectMiscValue1`, `EffectMiscValue2`, `EffectMiscValue3`, `EffectTriggerSpell1`, `EffectTriggerSpell2`, `EffectTriggerSpell3`, `EffectPointsPerComboPoint1`, `EffectPointsPerComboPoint2`, `EffectPointsPerComboPoint3`, `SpellVisual`, `SpellIconID`, `ActiveIconID`, `SpellPriority`, `SpellName`, `SpellName2`, `SpellName3`, `SpellName4`, `SpellName5`, `SpellName6`, `SpellName7`, `SpellName8`, `Rank1`, `Rank2`, `Rank3`, `Rank4`, `Rank5`, `Rank6`, `Rank7`, `Rank8`, `ManaCostPercentage`, `StartRecoveryCategory`, `StartRecoveryTime`, `MaxTargetLevel`, `SpellFamilyName`, `SpellFamilyFlags`, `MaxAffectedTargets`, `DmgClass`, `PreventionType`, `StanceBarOrder`, `DmgMultiplier1`, `DmgMultiplier2`, `DmgMultiplier3`, `MinFactionId`, `MinReputation`, `RequiredAuraVision`, `EffectBonusCoefficient1`, `EffectBonusCoefficient2`, `EffectBonusCoefficient3`, `EffectBonusCoefficientFromAP1`, `EffectBonusCoefficientFromAP2`, `EffectBonusCoefficientFromAP3`, `IsServerSide`, `AttributesServerside`) VALUES (20693, 0, 0, 0, 0, 0, 256, 0, 0, 0, 0, 0, 0, 256, 0, 0, 0, 0, 4, 0, 0, 0, 0, 0, 0, 101, 0, 0, 0, 0, 0, 0, 0, 0, 0, 0, 7, 0, 0, 0, 0, 0, 0, 0, 0, 0, 0, 0, 0, 0, 0, 0, 0, 0, 0, 0, 0, 0, -1, 0, 0, 24, 0, 0, 0, 0, 0, 0, 0, 0, 0, 0, 0, 0, 0, 0, 0, 0, 0, 0, 0, 0, 0, 0, 0, 0, 0, 0, 0, 0, 0, 0, 0, 0, 0, 0, 0, 0, 0, 0, 0, 0, 0, 16787, 0, 0, 0, 0, 0, 0, 0, 0, 0, 0, 0, 0, 1, 0, 0, 'Summon Lost Amulet', '', '', '', '', '', '', '', '', '', '', '', '', '', '', '', 0, 0, 0, 0, 0, 0, 0, 0, 0, 0, 1, 0, 0, 0, 0, 0, 1, 0, 0, 0, 0, 0, 0, 0);
DELETE FROM `dbscripts_on_gossip` WHERE `id` = 380101;
INSERT INTO `dbscripts_on_gossip` (`id`, `delay`, `command`, `datalong`, `data_flags`, `comments`) VALUES
(380101, 0, 15, 20693, 0, 'Myranda the Hag - Cast Spell');

DELETE FROM `conditions` WHERE `condition_entry` BETWEEN 3780 AND 3782;
INSERT INTO `conditions` (`condition_entry`, `type`, `value1`, `value2`, `flags`) VALUES
(3780, 9, 6570, 0, 0),
(3781, 23, 16787, 1, 1),
(3782, -1, 3780, 3781, 0);

-- ----------------------------------------------------------------------

-- Arch Druid Fandral Staghelm Should Not Offer Quest 3803 - https://www.wowhead.com/classic/npc=3516/arch-druid-fandral-staghelm#starts
DELETE FROM `creature_questrelation` WHERE `id` = 3516 AND `quest` = 3803; -- wotlkmangos still has this

-- ----------------------------------------------------------------------

-- Quest 3483 Should Be Repeatable And Disable Once Chain is Complete
-- https://www.wowhead.com/classic/quest=3483/signal-for-pickup
UPDATE `quest_template` SET `SpecialFlags` = 1 WHERE `entry` = 3483; -- his gossip is seemingly wrong or tied to game_event
DELETE FROM `conditions` WHERE `condition_entry` = 3483;
INSERT INTO `conditions` (`condition_entry`, `type`, `value1`, `flags`) VALUES (3483, 8, 3461, 1);
UPDATE `quest_template` SET `RequiredCondition` = 3483 WHERE `entry` = 3483;

-- ----------------------------------------------------------------------

-- Blackwood Stores Should Summon Creature
-- https://youtu.be/9BdD5ggQWvI?si=Sp0Hbk9_7enXfqT9&t=260 - Chanced? Cooldown?
DELETE FROM `dbscripts_on_go_template_use` WHERE `id` IN (175331,175329,175330);
INSERT INTO `dbscripts_on_go_template_use` (`id`, `delay`, `priority`, `command`, `datalong`, `datalong2`, `comments`) VALUES
(175329, 0, 0, 10, 2168, 300000, 'Blackwood Grain Store - Summon Creature'),
(175329, 30000, 0, 31, 2168, 50, 'Blackwood Grain Store - Spam Prevention'),
(175330, 0, 0, 10, 2168, 300000, 'Blackwood Nut Store - Summon Creature'),
(175330, 30000, 0, 31, 2168, 50, 'Blackwood Nut Store - Spam Prevention'),
(175331, 0, 0, 10, 2168, 300000, 'Blackwood Fruit Store - Summon Creature'),
(175331, 30000, 0, 31, 2168, 50, 'Blackwood Nut Store - Spam Prevention');

-- ----------------------------------------------------------------------

-- Quests Required Wrong Pre Quest 
-- https://www.wowhead.com/classic/quest=1654/the-test-of-righteousness
UPDATE `quest_template` SET `PrevQuestId` = -1654 WHERE `entry` IN (1442, 1655);

-- ----------------------------------------------------------------------

-- Quests Required Wrong Pre Quest 
-- https://www.wowhead.com/classic/quest=4782/components-for-the-enchanted-gold-bloodrobe
UPDATE `quest_template` SET `PrevQuestId` = -4784 WHERE `entry` = 4785; -- 4785 was not offered

-- ----------------------------------------------------------------------

-- Stop Yeh'kinya Being Kited Away From Spawn
UPDATE `creature_template` SET `Leash` = 15 WHERE `entry` = 8579;

-- ----------------------------------------------------------------------

-- Remove Gossip From Creatures
UPDATE `creature_template` SET `NpcFlags` = 0 WHERE `entry` IN (3210, 3211, 3213, 3214);

-- ----------------------------------------------------------------------

-- Add Spell Target To Healing Circle Used By Blackwing Taskmaster
DELETE FROM `spell_script_target` WHERE `entry` = 22458; -- nonexistant
INSERT INTO `spell_script_target` (`entry`, `type`, `targetEntry`, `inverseEffectMask`) VALUES
(22458, 1, 12468, 0),
(22458, 1, 12458, 0),
(22458, 1, 14022, 0),
(22458, 1, 14024, 0),
(22458, 1, 14023, 0);

-- ----------------------------------------------------------------------

-- Timmy Should Despawn at Night - all other npcs with kids too seemingly. (partly spawn_groups by now so needs condition)
UPDATE `creature` SET `guid` = 53705 WHERE `guid` = 160487; -- set guid to tbc/wotlk, linking is template done.
DELETE FROM `game_event_creature` WHERE `guid` IN (45501,53705) AND `event` = -27;
INSERT INTO `game_event_creature` (`guid`, `event`) VALUES
(45501, -27),(53705, -27);

-- ----------------------------------------------------------------------

-- Unstuck Creature
UPDATE `creature` SET `position_z` = 75.6233 WHERE `guid` = 51729;

-- ----------------------------------------------------------------------

-- Sync Trainer Greeting With Sniffs (Diff inbetween cmangos)
REPLACE INTO `trainer_greeting` (`entry`, `Text`) VALUES
(223, 'Greetings!  Can I teach you how to turn beast hides into armor?'),
(459, 'Hello, warlock!  Ready for some training?'),
(460, 'Hello, warlock!  Ready for some training?'),
(461, 'Hello, warlock!  Ready for some training?'),
(906, 'Hello, warlock!  Ready for some training?'),
(957, 'Care to learn how to turn the ore that you find into weapons and metal armor?'),
(988, 'Hello, warlock!  Ready for some training?'),
(1246, 'With alchemy you can turn found herbs into healing and other types of potions.'),
(1383, 'Care to learn how to turn the ore that you find into weapons and metal armor?'),
(1466, 'Greetings!  Can I teach you how to turn beast hides into armor?'),
(2126, 'Hello, warlock!  Ready for some training?'),
(2127, 'Hello, warlock!  Ready for some training?'),
(2857, 'Engineering is very simple once you grasp the basics.'),
(3008, 'Greetings!  Can I teach you how to turn beast hides into armor?'),
(3156, 'Hello, warlock!  Ready for some training?'),
(3172, 'Hello, warlock!  Ready for some training?'),
(3324, 'Hello, warlock!  Ready for some training?'),
(3325, 'Hello, warlock!  Ready for some training?'),
(3326, 'Hello, warlock!  Ready for some training?'),
(3412, 'Engineering is very simple once you grasp the basics.'),
(4563, 'Hello, warlock!  Ready for some training?'),
(4564, 'Hello, warlock!  Ready for some training?'),
(4565, 'Hello, warlock!  Ready for some training?'),
(4586, 'Engineering is very simple once you grasp the basics.'),
(4605, 'Care to learn how to turn the ore that you find into weapons and metal armor?'),
(4609, 'With alchemy you can turn found herbs into healing and other types of potions.'),
(5164, 'Care to learn how to turn the ore that you find into weapons and metal armor?'), -- Armorsmith Trainer
(5171, 'Hello, warlock!  Ready for some training?'),
(5172, 'Hello, warlock!  Ready for some training?'),
(5173, 'Hello, warlock!  Ready for some training?'),
(5495, 'Hello, warlock!  Ready for some training?'),
(5496, 'Hello, warlock!  Ready for some training?'),
(5500, 'With alchemy you can turn found herbs into healing and other types of potions.'),
(5567, 'Greetings!  Can I teach you how to turn found cloth into cloth armor?'),
(5612, 'Hello, warlock!  Ready for some training?'),
(5811, 'Greetings!  Can I teach you how to turn beast hides into armor?'),
(7230, 'Care to learn how to turn the ore that you find into weapons and metal armor?'), -- Armorsmith Trainer
(7231, 'Care to learn how to turn the ore that you find into weapons and metal armor?'), -- Weaponsmith Trainer
(7232, 'Care to learn how to turn the ore that you find into weapons and metal armor?'), -- Weaponsmith Trainer
(7406, 'Engineering is very simple once you grasp the basics.'),
(7866, 'Greetings! Can I teach you how to turn beast hides into armor?'),
(7867, 'Greetings! Can I teach you how to turn beast hides into armor?'),
(7868, 'Greetings! Can I teach you how to turn beast hides into armor?'),
(7869, 'Greetings! Can I teach you how to turn beast hides into armor?'),
(7870, 'Greetings! Can I teach you how to turn beast hides into armor?'),
(8126, 'Engineering is very simple once you grasp the basics.'),
(10266, 'Care to learn how to turn the ore that you find into weapons and metal armor?'),
(10276, 'Care to learn how to turn the ore that you find into weapons and metal armor?'),
(10277, 'Care to learn how to turn the ore that you find into weapons and metal armor?'),
(10278, 'Care to learn how to turn the ore that you find into weapons and metal armor?'),
(11026, 'Engineering is very simple once you grasp the basics.'),
(11028, 'Engineering is very simple once you grasp the basics.'),
(11029, 'Engineering is very simple once you grasp the basics.'),
(11041, 'With alchemy you can turn found herbs into healing and other types of potions.'),
(11042, 'With alchemy you can turn found herbs into healing and other types of potions.'),
(11044, 'With alchemy you can turn found herbs into healing and other types of potions.'),
(11046, 'With alchemy you can turn found herbs into healing and other types of potions.'),
(11047, 'With alchemy you can turn found herbs into healing and other types of potions.'),
(11049, 'Greetings!  Can I teach you how to turn found cloth into cloth armor?'),
(11065, 'Enchanting is the art of improving existing items through magic. '),
(11066, 'Enchanting is the art of improving existing items through magic. '),
(11067, 'Enchanting is the art of improving existing items through magic. '),
(11068, 'Enchanting is the art of improving existing items through magic. '),
(11070, 'Enchanting is the art of improving existing items through magic. '),
(11071, 'Enchanting is the art of improving existing items through magic. '),
(11081, 'Greetings!  Can I teach you how to turn beast hides into armor?'),
(11083, 'Greetings!  Can I teach you how to turn beast hides into armor?'),
(11084, 'Greetings!  Can I teach you how to turn beast hides into armor?'),
(11096, 'Greetings!  Can I teach you how to turn beast hides into armor?'),
(11146, 'Care to learn how to turn the ore that you find into weapons and metal armor?'), -- Weaponsmith Trainer
(11177, 'Care to learn how to turn the ore that you find into weapons and metal armor?'), -- Armorsmith Trainer
(11178, 'Care to learn how to turn the ore that you find into weapons and metal armor?'); -- Weaponsmith Trainer

-- ----------------------------------------------------------------------

-- Update Some Creatures
-- Update Creatures Movement Type
UPDATE `creature` SET `spawndist` = 5, `MovementType` = 1 WHERE `guid` = 38336;

-- Update Immunities (credit Trinity Core)
UPDATE `creature_template` SET `SchoolImmuneMask`= 4 WHERE `entry` IN (
89, -- Infernal 0
4676, -- Lesser Infernal 0 - https://www.wowhead.com/tbc/npc=4676/lesser-infernal#comments:id=5165766
7137, -- Immolatus 0
9016); -- Bael'Gar 0 - https://www.wowhead.com/tbc/npc=9016/baelgar#comments:id=2830936

UPDATE `creature_template` SET `SchoolImmuneMask`= 8 WHERE `entry` IN (
2791, -- Enraged Rock Elemental 0
11744, -- Dust Stormer 0 - https://www.wowhead.com/tbc/npc=11744/dust-stormer#comments:id=1754
11777, -- Shadowshard Rumbler 0 - https://www.wowhead.com/tbc/npc=11777/shadowshard-rumbler#comments:id=134170
11778, -- Shadowshard Smasher 0
11783, -- Theradrim Shardling 0
11784, -- Theradrim Guardian 0
12237); -- Meshlok the Harvester 0 - https://www.wowhead.com/tbc/npc=12237/meshlok-the-harvester#comments:id=219771

UPDATE `creature_template` SET `SchoolImmuneMask`= `SchoolImmuneMask`|16 WHERE `entry` IN (
510, -- Water Elemental 0
5462, -- Sea Spray 0 - https://www.wowhead.com/tbc/npc=5462/sea-spray#comments:id=102619 frost damage -> frost immune
7132, -- Toxic Horror 0
7429, -- Frostmaul Preserver 0
9453, -- Aquementas 0 - https://www.wowhead.com/tbc/npc=9453/aquementas#comments:id=2816840
10642, -- Eck'alom 0 - https://www.wowhead.com/tbc/npc=10642/eckalom#comments:id=2821118
17358, -- Fouled Water Spirit 0 - https://www.wowhead.com/tbc/npc=17358/fouled-water-spirit#comments:id=213934
22009); -- Tainted Elemental 0 - https://warcraft.wiki.gg/wiki/Tainted_Elemental "Immune to frost effects and damage"

UPDATE `creature_template` SET `SchoolImmuneMask`= 64 WHERE `entry` IN (
16488); -- Arcane Anomaly 0 - https://www.wowhead.com/tbc/npc=16488/arcane-anomaly#comments:id=120644:reply=305108

-- ToDo find out Immunities!
-- 7664 Razelikh the Defiler 0 - https://www.wowhead.com/tbc/npc=7664/razelikh-the-defiler#comments 50 shadow 50 fire
-- 7734 Ilifar 0
UPDATE `creature_template` SET `ResistanceArcane` = 0 WHERE `entry` = 7734;
-- 7735 Felcular 0 120 Nature Frost Shadow

UPDATE `creature_template` SET `SchoolImmuneMask` = 126 WHERE `entry` = 8317; -- Atal'ai Deathwalker's Spirit 0

-- ----------------------------------------------------------------------

-- https://www.wowhead.com/tbc/npc=4083/jeeda
UPDATE `npc_vendor` SET `maxcount` = 3 WHERE `entry` = 4083 AND `item` = 2449;
DELETE FROM `npc_vendor` WHERE `entry` = 4083 AND `item` IN (785,3355);
INSERT INTO `npc_vendor` (`entry`, `item`, `maxcount`, `incrtime`, `slot`, `condition_id`, `comments`) VALUES
(4083, 785, 2, 7200, 0, 0, 'Mageroyal'),
(4083, 3355, 1, 7200, 0, 0, 'Wild Steelbloom');

-- https://www.wowhead.com/tbc/npc=4878/montarr
UPDATE `npc_vendor` SET `maxcount` = 2 WHERE `entry` = 4878 AND `item` = 785;
DELETE FROM `npc_vendor` WHERE `entry` = 4878 AND `item` IN (3355,2449,2453);
INSERT INTO `npc_vendor` (`entry`, `item`, `maxcount`, `incrtime`, `slot`, `condition_id`, `comments`) VALUES
(4878, 3355, 1, 7200, 0, 0, 'Wild Steelbloom'),
(4878, 2449, 3, 7200, 0, 0, 'Earthroot'),
(4878, 2453, 2, 7200, 0, 0, 'Bruiseweed');

-- https://www.wowhead.com/tbc/npc=3548/selina-weston
UPDATE `npc_vendor` SET `maxcount` = 3 WHERE `entry` = 3548 AND `item` = 765;
UPDATE `npc_vendor` SET `maxcount` = 2 WHERE `entry` = 3548 AND `item` = 785;
DELETE FROM `npc_vendor` WHERE `entry` = 3548 AND `item` IN (2449,2453);
INSERT INTO `npc_vendor` (`entry`, `item`, `maxcount`, `incrtime`, `slot`, `condition_id`, `comments`) VALUES
(3548, 2449, 3, 7200, 0, 0, 'Earthroot'),
(3548, 2453, 2, 7200, 0, 0, 'Bruiseweed');

-- ----------------------------------------------------------------------

-- Add Missing Pamelas Doll
DELETE FROM `gameobject` WHERE `guid` IN (55583,55584,55585) AND `id` IN (176116,176143);
INSERT INTO `gameobject` (`guid`, `id`, `map`, `position_x`, `position_y`, `position_z`, `orientation`, `rotation0`, `rotation1`, `rotation2`, `rotation3`, `spawntimesecsmin`, `spawntimesecsmax`) VALUES
(55583, 176116, 0, 1420.38, -3659.88, 82.0166, 2.74016, 0, 0, 0.979924, 0.19937, 300, 300),
(55584, 176116, 0, 1411.69, -3719.98, 78.1738, 1.09956, 0, 0, 0.522498, 0.85264, 300, 300),
(55585, 176143, 0, 1408.95, -3657.77, 82.0193, 5.74214, 0, 0, -0.267238, 0.963631, 300, 300);
UPDATE `gameobject` SET `spawntimesecsmin` = 30, `spawntimesecsmax` = 60 WHERE `id` IN (176116,176142,176143); -- 2

-- ----------------------------------------------------------------------

-- Add Missing Repair Option To Vendors
UPDATE `creature_template` SET `NpcFlags` = `NpcFlags`|16388 WHERE `entry` IN (3612,4171,4175,4177,4180,4232,4233,4234,4236); -- classic only

-- ----------------------------------------------------------------------

-- Tarindrella 1992 & Mirador 11710
UPDATE `creature` SET `spawndist` = 4, `MovementType` = 1 WHERE `guid` IN (47347, 53838);

-- ----------------------------------------------------------------------

-- https://youtu.be/DbrZF4mKgEc?si=XOeTKxXpylcPgJRH&t=80
UPDATE `quest_template` SET `OfferRewardEmote1` = 66 WHERE `entry` = 1678;
UPDATE `quest_template` SET `CompleteEmote` = 6 WHERE `entry` = 1678;

-- ----------------------------------------------------------------------

-- Mor'zul Bloodbringer
DELETE FROM `npc_gossip` WHERE `npc_guid` = 3329;
UPDATE `creature_template` SET `GossipMenuId` = 5817 WHERE `entry` = 14436;
DELETE FROM `gossip_menu` WHERE `entry` = 5817 AND `text_id` = 6990;
INSERT INTO `gossip_menu` (`entry`, `text_id`, `condition_id`) VALUES
(5817, 6990, 0);

-- ----------------------------------------------------------------------

-- bubbly bubbles using wrong id -> req. core fix
-- https://github.com/cmangos/mangos-tbc/commit/299e73b2c43067d40ccdc3425e6de7d755ec42bc
-- Correct Bubbly Fissure Data
UPDATE `gameobject_template` SET `type` = 8, `faction` = 14, `data1` = 10, `data2` = 0, `data3` = 0, `data5` = 0, `data14` = 0, `CustomData1` = 0 WHERE `entry` = 177524; -- NOTE: USING THE CORRECT TEMPLATE DATA CAUSES THE OBJECT NOT TO FUNCTION
UPDATE `gameobject` SET `id` = 177524, `position_x` = -10168.7, `position_y` = 2389.03, `position_z` = -139.214, `orientation` = 0.453785, `rotation2` = 0.224951, `rotation3` = 0.97437 WHERE `guid` = 24682 AND `id` = 180057;
UPDATE `gameobject` SET `id` = 177524, `position_x` = 840.744, `position_y` = 2208.33, `position_z` = -136.858, `orientation` = 3.4034, `rotation2` = -0.991445, `rotation3` = 0.130528 WHERE `guid` = 24681 AND `id` = 180057;
UPDATE `gameobject` SET `position_x` = -1985.92, `position_y` = 3374.38, `position_z` = -80.1733, `orientation` = 0, `rotation2` = 0, `rotation3` = 1 WHERE `guid` = 31900 AND `id` = 177524;
UPDATE `gameobject` SET `position_x` = -1944, `position_y` = 3222.99, `position_z` = -69.3751, `orientation` = 4.08407, `rotation2` = -0.891006, `rotation3` = 0.453991 WHERE `guid` = 31901 AND `id` = 177524;
UPDATE `gameobject` SET `position_x` = -1876.68, `position_y` = 3378.85, `position_z` = -70.1771, `orientation` = 0, `rotation2` = 0, `rotation3` = 1 WHERE `guid` = 31684 AND `id` = 177524;
UPDATE `gameobject` SET `position_x` = -1829.4, `position_y` = 3280.41, `position_z` = -68.2534, `orientation` = 1.58825, `rotation2` = 0.71325, `rotation3` = 0.70091 WHERE `guid` = 31907 AND `id` = 177524;
UPDATE `gameobject` SET `position_x` = -588.114, `position_y` = 2858.04, `position_z` = -38.5369, `orientation` = 0.628317, `rotation2` = 0.309016, `rotation3` = 0.951057 WHERE `guid` = 31896 AND `id` = 177524;
UPDATE `gameobject` SET `position_x` = -498.033, `position_y` = 2739.48, `position_z` = -30.6666, `orientation` = 5.53269, `rotation2` = -0.366501, `rotation3` = 0.930418 WHERE `guid` = 31897 AND `id` = 177524;
UPDATE `gameobject` SET `position_x` = -147.745, `position_y` = 2589.38, `position_z` = -48.1679, `orientation` = 5.58505, `rotation2` = -0.34202, `rotation3` = 0.939693 WHERE `guid` = 31902 AND `id` = 177524;
UPDATE `gameobject` SET `position_x` = -76.6455, `position_y` = 2685.81, `position_z` = -99.1043, `orientation` = 1.88495, `rotation2` = 0.809016, `rotation3` = 0.587786 WHERE `guid` = 31899 AND `id` = 177524;
UPDATE `gameobject` SET `position_x` = -22.3517, `position_y` = 2831.51, `position_z` = -34.2596, `orientation` = 5.48033, `rotation2` = -0.390731, `rotation3` = 0.920505 WHERE `guid` = 31905 AND `id` = 177524;
UPDATE `gameobject` SET `position_x` = 55.2842, `position_y` = 2842.69, `position_z` = -83.0677, `orientation` = 2.53072, `rotation2` = 0.953716, `rotation3` = 0.300708 WHERE `guid` = 31906 AND `id` = 177524;
UPDATE `gameobject` SET `position_x` = 161.034, `position_y` = 2742.56, `position_z` = -71.4729, `orientation` = 3.57793, `rotation2` = -0.976295, `rotation3` = 0.216442 WHERE `guid` = 31903 AND `id` = 177524;
UPDATE `gameobject` SET `position_x` = 7675.39, `position_y` = -2659.36, `position_z` = 406.346, `orientation` = 1.01229, `rotation2` = 0.484809, `rotation3` = 0.87462 WHERE `guid` = 49216 AND `id` = 177524;
UPDATE `gameobject` SET `position_x` = 7697.36, `position_y` = -2569.16, `position_z` = 400.31, `orientation` = 5.51524, `rotation2` = -0.374606, `rotation3` = 0.927184 WHERE `guid` = 49217 AND `id` = 177524;
DELETE FROM `gameobject` WHERE `guid` BETWEEN 31685 AND 31688;
INSERT INTO `gameobject` (`guid`, `id`, `map`, `position_x`, `position_y`, `position_z`, `orientation`, `rotation0`, `rotation1`, `rotation2`, `rotation3`) VALUES
(31685, 177524, 1, -2131.99, 3370.51, -68.7632, 0, 0, 0, 0, 1),
(31686, 177524, 1, -711.781, 3090.01, -31.6782, 5.09636, 0, 0, -0.559193, 0.829038),
(31687, 177524, 1, 78.8569, 2616.05, -83.6589, 4.95674, 0, 0, -0.615661, 0.788011),
(31688, 177524, 1, 203.143, 2559.87, -63.163, 3.22886, 0, 0, -0.999048, 0.0436193);

UPDATE `gameobject` SET `spawntimesecsmin` = 0, `spawntimesecsmax` = 0 WHERE `id` = 177524;

-- Bonus Remove Shellfish from creature Loot
DELETE FROM `creature_loot_template` WHERE `item` = 13545 AND `entry` IN (11562,11563);

-- ----------------------------------------------------------------------

-- Correct Strange Lockbox Data
UPDATE `gameobject` SET `position_x` = -10172.3, `position_y` = 2389.11, `position_z` = -138.894, `orientation` = 1.6057, `rotation2` = 0.719339, `rotation3` = 0.694659 WHERE `guid` = 27813 AND `id` = 177790;
UPDATE `gameobject` SET `position_x` = 846.182, `position_y` = 2207.69, `position_z` = -136.864, `orientation` = 1.71042, `rotation2` = 0.754709, `rotation3` = 0.656059 WHERE `guid` = 27812 AND `id` = 177844;

-- ----------------------------------------------------------------------

-- Fix Error In Blacksmith Quest Chains
UPDATE `quest_template` SET `NextQuestId` = 2757, `NextQuestInChain` = 0 WHERE `entry` = 2756;
UPDATE `quest_template` SET `NextQuestId` = 2759, `NextQuestInChain` = 0 WHERE `entry` = 2758;

-- ----------------------------------------------------------------------

-- Ape next to A-Me 01 has issues
-- 5045	%s looks tired. He then yawns and lies down next to A-Me 01
-- 5046	%s snores loudly and cuddles up next to A-Me 01.

-- ----------------------------------------------------------------------

-- Add Missing Creature Mor'vek 11701
DELETE FROM `creature` WHERE `id` = 11701 AND `guid` = 88163; -- wotlk guid used
INSERT INTO `creature` (`guid`, `id`, `map`, `position_x`, `position_y`, `position_z`, `orientation`, `spawntimesecsmin`, `spawntimesecsmax`, `spawndist`, `MovementType`) VALUES
(88163, 11701, 1, -7788.08, -2109.55, -266.63, 0, 180, 180, 5, 1);

-- ----------------------------------------------------------------------

-- Add Niby the Almighty Gossip - https://www.wowhead.com/tbc/npc=14469/niby-the-almighty
DELETE FROM `gossip_menu` WHERE `entry` BETWEEN 5841 AND 5844;
INSERT INTO `gossip_menu` (`entry`, `text_id`) VALUES
(5841, 7005),
(5842, 7004),
(5843, 7003),
(5844, 7002);
DELETE FROM `gossip_menu_option` WHERE `menu_id` BETWEEN 5842 AND 5845;
INSERT INTO `gossip_menu_option` (`menu_id`, `id`, `option_icon`, `option_text`, `option_broadcast_text`, `option_id`, `npc_option_npcflag`) VALUES
(5845, 0, 0, 'I am in search of a great and powerful Warlock.', 0, 1, 1),
(5842, 0, 0, 'How do I do that?', 0, 1, 1),
(5843, 0, 0, 'This is all very interesting but what is it that you want?', 0, 1, 1),
(5844, 0, 0, 'What task?', 0, 1, 1);

UPDATE `gossip_menu_option` SET `action_menu_id`=5841, `action_poi_id`=0 WHERE `menu_id`=5842 && `id`=0;
UPDATE `gossip_menu_option` SET `action_menu_id`=5842, `action_poi_id`=0 WHERE `menu_id`=5843 && `id`=0;
UPDATE `gossip_menu_option` SET `action_menu_id`=5843, `action_poi_id`=0 WHERE `menu_id`=5844 && `id`=0;
UPDATE `gossip_menu_option` SET `action_menu_id`=5844, `action_poi_id`=0 WHERE `menu_id`=5845 && `id`=0;

DELETE FROM `conditions` WHERE `condition_entry` IN (9040,9041);
INSERT INTO `conditions` (`condition_entry`, `type`, `value1`, `value2`) VALUES
(9040, 22, 7601, 0), -- quest 7601 not taken
(9041, -1, 19, 9040); -- warlock and quest 7601 not taken
UPDATE `gossip_menu_option` SET `condition_id` = 9041 WHERE `menu_id` = 5845 AND `id` = 0;

-- ----------------------------------------------------------------------

-- Add Impsy Gossip
UPDATE `creature_template` SET `GossipMenuId` = 6595 WHERE `entry`=14470;
DELETE FROM `gossip_menu` WHERE `entry` = 6595;
INSERT INTO `gossip_menu` (`entry`, `text_id`) VALUES
(6595, 7814);

-- ----------------------------------------------------------------------

-- textemote for Deepmoss Matriarch
UPDATE `broadcast_text` SET `ChatTypeId` = 2 WHERE `Id` = 1415;

-- ----------------------------------------------------------------------

-- Add Missing Raene Wolfrunner Gossip
DELETE FROM `gossip_menu_option` WHERE `menu_id` = 5502;
INSERT INTO `gossip_menu_option` (`menu_id`, `option_text`, `option_broadcast_text`, `option_id`, `npc_option_npcflag`, `action_menu_id`, `action_script_id`, `condition_id`) VALUES
(5502, 'Raene, I lost Dartol\'s Rod of Transformation.', 9025, 1, 1, 5501, 5502, 9044);
DELETE FROM `dbscripts_on_gossip` WHERE `id` = 5502;
INSERT INTO `dbscripts_on_gossip` (`id`, `delay`, `priority`, `command`, `datalong`, `comments`) VALUES
(5502, 0, 0, 15, 22227, 'Raene Wolfrunner - Cast Spell');
DELETE FROM `gossip_menu` WHERE `entry` = 5501;
INSERT INTO `gossip_menu` (`entry`, `text_id`) VALUES
(5501, 6554);
DELETE FROM `npc_text_broadcast_text` WHERE `ID` = 6554 AND `BroadcastTextID0` = 9026;
INSERT INTO `npc_text_broadcast_text` (`ID`, `BroadcastTextID0`, `Prob0`) VALUES
(6554, 9026, 1);

DELETE FROM `conditions` WHERE `condition_entry` IN (9042,9043,9044);
INSERT INTO `conditions` (`condition_entry`, `type`, `value1`, `value2`, `value3`, `value4`, `flags`) VALUES
(9042, 23, 5462, 1, 0, 0, 1), -- Not (Target Has 1 Stacks of Item 5462 In Inventory Or Bank)
(9043, 8, 1046, 0, 0, 0, 1), -- quest 1046 not rewarded
-- condition 1009 instead of 975 for classic - Quest ID 1029 Rewarded
(9044, -1, 1009, 9042, 9043, 0, 0); -- Quest ID 1029 Rewarded & Not (Target Has 1 Stacks of Item 5462 In Inventory Or Bank) & quest 1046 not rewarded

-- ----------------------------------------------------------------------

-- Update Some Creature Abilities
-- Events list for Webwood Lurker
-- https://www.wowhead.com/tbc/npc=1998/webwood-lurker#abilities - ACID

-- ----------------------------------------------------------------------

-- Supplies for the Crossroads Has No Pre Quest
-- https://www.wowhead.com/tbc/quest=5041/supplies-for-the-crossroads#comments:id=5190679
UPDATE `quest_template` SET `PrevQuestId`=0 WHERE  `entry`=5041;

-- ----------------------------------------------------------------------

-- Add Missing Timberling Spawns
DELETE FROM `creature` WHERE `guid` IN (49413,49414,49415,49416,49421) AND `id` = 2022;
INSERT INTO `creature` (`guid`, `id`, `map`, `position_x`, `position_y`, `position_z`, `orientation`, `spawntimesecsmin`, `spawntimesecsmax`, `spawndist`, `MovementType`) VALUES
(49413, 2022, 1, 9381.51, 850.173, 1261.25, 3.92492, 300, 300, 5, 1),
(49414, 2022, 1, 9416.69, 851.614, 1255.5, 5.3344, 300, 300, 5, 1),
(49415, 2022, 1, 9417.65, 881.206, 1259.13, 5.3344, 300, 300, 5, 1),
(49416, 2022, 1, 9449.68, 885.044, 1256.24, 5.3344, 300, 300, 5, 1),
(49421, 2022, 1, 9450.4, 850.795, 1249.93, 5.3344, 300, 300, 5, 1);

-- ----------------------------------------------------------------------

-- Lunar Fungal Bloom Can Drop In Stacks Of 2
-- https://www.wowhead.com/tbc/object=177750/lunar-fungal-bloom
UPDATE `gameobject_loot_template` SET `maxcount` = 2 WHERE `entry` = 14562 AND `item` = 15851;

-- ----------------------------------------------------------------------

-- Unstuck Creatures
UPDATE `creature` SET `position_z` = -1.4250 WHERE `guid` = 89490 AND `id` = 171;
UPDATE `creature` SET `position_x`=634.3214, `position_y`=-1760.85, `position_z`=35.417 WHERE `guid`=16635;
UPDATE `creature` SET `position_x`=2433.82, `position_y`=586.784, `position_z`=119.387 WHERE `guid`=34954;
UPDATE `creature` SET `position_x`=2410.72, `position_y`=602.581, `position_z`=129.689 WHERE `guid`=34804;
UPDATE `creature` SET `position_x`=-4918.08, `position_y`=1172.32, `position_z`=63.24, `spawndist` = 5 WHERE `guid`=50190;

-- ----------------------------------------------------------------------

-- Fix Skinning Templates
UPDATE `skinning_loot_template` SET `ChanceOrQuestChance` = 0 WHERE `item` = 8170 AND `entry` = 10077;
UPDATE `skinning_loot_template` SET `ChanceOrQuestChance` = 30 WHERE `item` = 4304 AND `entry` = 10077;
UPDATE `skinning_loot_template` SET `ChanceOrQuestChance` = 5 WHERE `item` IN (8169,8171) AND `entry` = 10077;
DELETE FROM `skinning_loot_template` WHERE `item` = 8368 AND `entry` = 10077;
INSERT INTO `skinning_loot_template` (`entry`, `item`, `ChanceOrQuestChance`, `groupid`, `mincountOrRef`, `maxcount`, `condition_id`) VALUES
(10077, 8368, 5, 1, 1, 1, 0); -- Thick Wolfhide

UPDATE `skinning_loot_template` SET `groupid` = 1 WHERE `entry` IN (14232,14233);
UPDATE `skinning_loot_template` SET `ChanceOrQuestChance` = 0 WHERE `item` = 4234 AND `entry` IN (14232,14233);

-- End of migration.

