UPDATE broadcast_text SET ChatTypeID=7, SoundEntriesID1=0, EmoteID1=0 WHERE Id=12391;
UPDATE broadcast_text SET ChatTypeID=1, SoundEntriesID1=9088, EmoteID1=0 WHERE Id=13492;
UPDATE broadcast_text SET ChatTypeID=6, SoundEntriesID1=8823, EmoteID1=0 WHERE Id=12987;
UPDATE broadcast_text SET ChatTypeID=6, SoundEntriesID1=8822, EmoteID1=0 WHERE Id=12986;
UPDATE broadcast_text SET ChatTypeID=6, SoundEntriesID1=8821, EmoteID1=0 WHERE Id=12985;
UPDATE broadcast_text SET ChatTypeID=6, SoundEntriesID1=8820, EmoteID1=0 WHERE Id=12984;
UPDATE broadcast_text SET ChatTypeID=6, SoundEntriesID1=0, EmoteID1=0 WHERE Id=13150;
UPDATE broadcast_text SET ChatTypeID=6, SoundEntriesID1=8880, EmoteID1=0 WHERE Id=12992;
UPDATE broadcast_text SET ChatTypeID=6, SoundEntriesID1=8882, EmoteID1=0 WHERE Id=12989;
UPDATE broadcast_text SET ChatTypeID=6, SoundEntriesID1=8879, EmoteID1=0 WHERE Id=12991;
UPDATE broadcast_text SET ChatTypeID=6, SoundEntriesID1=8881, EmoteID1=0 WHERE Id=12988;
UPDATE broadcast_text SET ChatTypeID=6, SoundEntriesID1=8878, EmoteID1=0 WHERE Id=12990;

UPDATE broadcast_text SET ChatTypeID=6, SoundEntriesID1=8844, EmoteID1=0 WHERE Id=13060;
UPDATE broadcast_text SET ChatTypeID=6, SoundEntriesID1=8843, EmoteID1=0 WHERE Id=13059;
UPDATE broadcast_text SET ChatTypeID=6, SoundEntriesID1=8842, EmoteID1=0 WHERE Id=13058;
UPDATE broadcast_text SET ChatTypeID=6, SoundEntriesID1=8919, EmoteID1=0 WHERE Id=13103;
UPDATE broadcast_text SET ChatTypeID=6, SoundEntriesID1=8918, EmoteID1=0 WHERE Id=13102;
UPDATE broadcast_text SET ChatTypeID=6, SoundEntriesID1=8917, EmoteID1=0 WHERE Id=13101;
UPDATE broadcast_text SET ChatTypeID=6, SoundEntriesID1=8905, EmoteID1=0 WHERE Id=13040;
UPDATE broadcast_text SET ChatTypeID=6, SoundEntriesID1=8904, EmoteID1=0 WHERE Id=13039;
UPDATE broadcast_text SET ChatTypeID=6, SoundEntriesID1=8903, EmoteID1=0 WHERE Id=13038;
UPDATE broadcast_text SET ChatTypeID=6, SoundEntriesID1=8898, EmoteID1=0 WHERE Id=13016;
UPDATE broadcast_text SET ChatTypeID=6, SoundEntriesID1=8897, EmoteID1=0 WHERE Id=13015;
UPDATE broadcast_text SET ChatTypeID=6, SoundEntriesID1=8896, EmoteID1=0 WHERE Id=13014;
UPDATE broadcast_text SET ChatTypeID=1, SoundEntriesID1=8799, EmoteID1=0 WHERE Id=12852;

UPDATE broadcast_text SET ChatTypeID=1, SoundEntriesID1=8789 WHERE Id=13005;
UPDATE broadcast_text SET ChatTypeID=1, SoundEntriesID1=8793 WHERE Id=13009;
UPDATE broadcast_text SET ChatTypeID=1, SoundEntriesID1=8792 WHERE Id=13008;
UPDATE broadcast_text SET ChatTypeID=1, SoundEntriesID1=8791 WHERE Id=13007;
UPDATE broadcast_text SET ChatTypeID=1, SoundEntriesID1=8790 WHERE Id=13006;
UPDATE broadcast_text SET ChatTypeID=1, SoundEntriesID1=8787 WHERE Id=13003;
UPDATE broadcast_text SET ChatTypeID=1, SoundEntriesID1=8786 WHERE Id=13002;
UPDATE broadcast_text SET ChatTypeID=1, SoundEntriesID1=8785 WHERE Id=13000;
UPDATE broadcast_text SET ChatTypeID=1, SoundEntriesID1=8788 WHERE Id=13004;

UPDATE broadcast_text SET ChatTypeID=1, SoundEntriesID1=8798 WHERE Id=12853;
UPDATE broadcast_text SET ChatTypeID=1, SoundEntriesID1=8801 WHERE Id=12855;
UPDATE broadcast_text SET ChatTypeID=1, SoundEntriesID1=8800 WHERE Id=12854;
UPDATE broadcast_text SET ChatTypeID=1, SoundEntriesID1=8797 WHERE Id=12859;
UPDATE broadcast_text SET ChatTypeID=1, SoundEntriesID1=8796 WHERE Id=12858;
UPDATE broadcast_text SET ChatTypeID=1, SoundEntriesID1=8795 WHERE Id=12857;
UPDATE broadcast_text SET ChatTypeID=1, SoundEntriesID1=8794 WHERE Id=12856;

UPDATE broadcast_text SET ChatTypeID=0, SoundEntriesID1=8838, EmoteID1=0 WHERE Id=13054;
UPDATE broadcast_text SET ChatTypeID=0, SoundEntriesID1=8841, EmoteID1=0 WHERE Id=13057;
UPDATE broadcast_text SET ChatTypeID=0, SoundEntriesID1=8840, EmoteID1=0 WHERE Id=13056;
UPDATE broadcast_text SET ChatTypeID=0, SoundEntriesID1=8839, EmoteID1=0 WHERE Id=13055;
UPDATE broadcast_text SET ChatTypeID=0, SoundEntriesID1=8837, EmoteID1=0 WHERE Id=13053;
UPDATE broadcast_text SET ChatTypeID=0, SoundEntriesID1=8836, EmoteID1=0 WHERE Id=13052;
UPDATE broadcast_text SET ChatTypeID=0, SoundEntriesID1=8835, EmoteID1=0 WHERE Id=13051;
UPDATE broadcast_text SET ChatTypeID=0, SoundEntriesID1=8914, EmoteID1=0 WHERE Id=13098;
UPDATE broadcast_text SET ChatTypeID=0, SoundEntriesID1=8915, EmoteID1=0 WHERE Id=13099;
UPDATE broadcast_text SET ChatTypeID=0, SoundEntriesID1=8916, EmoteID1=0 WHERE Id=13100;
UPDATE broadcast_text SET ChatTypeID=0, SoundEntriesID1=8913, EmoteID1=0 WHERE Id=13097;
UPDATE broadcast_text SET ChatTypeID=0, SoundEntriesID1=8900, EmoteID1=0 WHERE Id=13035;
UPDATE broadcast_text SET ChatTypeID=0, SoundEntriesID1=8901, EmoteID1=0 WHERE Id=13036;
UPDATE broadcast_text SET ChatTypeID=0, SoundEntriesID1=8902, EmoteID1=0 WHERE Id=13037;
UPDATE broadcast_text SET ChatTypeID=0, SoundEntriesID1=8899, EmoteID1=0 WHERE Id=13034;
UPDATE broadcast_text SET ChatTypeID=0, SoundEntriesID1=8893, EmoteID1=0 WHERE Id=13011;
UPDATE broadcast_text SET ChatTypeID=0, SoundEntriesID1=8894, EmoteID1=0 WHERE Id=13012;
UPDATE broadcast_text SET ChatTypeID=0, SoundEntriesID1=8895, EmoteID1=0 WHERE Id=13013;
UPDATE broadcast_text SET ChatTypeID=0, SoundEntriesID1=8892, EmoteID1=0 WHERE Id=13010;

UPDATE broadcast_text SET ChatTypeID=2, SoundEntriesID1=0, EmoteID1=0 WHERE Id=12242;

UPDATE broadcast_text SET ChatTypeID=1, SoundEntriesID1=0, EmoteID1=0 WHERE Id=13033;
UPDATE broadcast_text SET ChatTypeID=1, SoundEntriesID1=0, EmoteID1=0 WHERE Id=13032;
UPDATE broadcast_text SET ChatTypeID=1, SoundEntriesID1=0, EmoteID1=0 WHERE Id=13031;
UPDATE broadcast_text SET ChatTypeID=1, SoundEntriesID1=8808, EmoteID1=0 WHERE Id=13028;
UPDATE broadcast_text SET ChatTypeID=1, SoundEntriesID1=8805, EmoteID1=0 WHERE Id=13026;
UPDATE broadcast_text SET ChatTypeID=1, SoundEntriesID1=8806, EmoteID1=0 WHERE Id=13027;
UPDATE broadcast_text SET ChatTypeID=1, SoundEntriesID1=8807, EmoteID1=0 WHERE Id=13030;

UPDATE broadcast_text SET ChatTypeID=2, SoundEntriesID1=8828, EmoteID1=0 WHERE Id=13044;
UPDATE broadcast_text SET ChatTypeID=1, SoundEntriesID1=8834, EmoteID1=0 WHERE Id=13050;
UPDATE broadcast_text SET ChatTypeID=1, SoundEntriesID1=8833, EmoteID1=0 WHERE Id=13049;
UPDATE broadcast_text SET ChatTypeID=1, SoundEntriesID1=8832, EmoteID1=0 WHERE Id=13048;
UPDATE broadcast_text SET ChatTypeID=1, SoundEntriesID1=8831, EmoteID1=0 WHERE Id=13047;
UPDATE broadcast_text SET ChatTypeID=1, SoundEntriesID1=8830, EmoteID1=0 WHERE Id=13046;
UPDATE broadcast_text SET ChatTypeID=1, SoundEntriesID1=8829, EmoteID1=0 WHERE Id=13045;
UPDATE broadcast_text SET ChatTypeID=1, SoundEntriesID1=8827, EmoteID1=0 WHERE Id=13043;
UPDATE broadcast_text SET ChatTypeID=1, SoundEntriesID1=8826, EmoteID1=0 WHERE Id=13042;
UPDATE broadcast_text SET ChatTypeID=1, SoundEntriesID1=8825, EmoteID1=0 WHERE Id=13041;

UPDATE broadcast_text SET ChatTypeID=1, SoundEntriesID1=8819, EmoteID1=0 WHERE Id=12999;
UPDATE broadcast_text SET ChatTypeID=1, SoundEntriesID1=8824, EmoteID1=0 WHERE Id=12994;
UPDATE broadcast_text SET ChatTypeID=1, SoundEntriesID1=8816, EmoteID1=0 WHERE Id=12998;
UPDATE broadcast_text SET ChatTypeID=1, SoundEntriesID1=8813, EmoteID1=0 WHERE Id=13018;
UPDATE broadcast_text SET ChatTypeID=1, SoundEntriesID1=8812, EmoteID1=0 WHERE Id=13017;
UPDATE broadcast_text SET ChatTypeID=1, SoundEntriesID1=8814, EmoteID1=0 WHERE Id=13019;
UPDATE broadcast_text SET ChatTypeID=1, SoundEntriesID1=8818, EmoteID1=0 WHERE Id=13022;
UPDATE broadcast_text SET ChatTypeID=1, SoundEntriesID1=8817, EmoteID1=0 WHERE Id=13021;
UPDATE broadcast_text SET ChatTypeID=1, SoundEntriesID1=8811, EmoteID1=0 WHERE Id=12997;
UPDATE broadcast_text SET ChatTypeID=1, SoundEntriesID1=8810, EmoteID1=0 WHERE Id=12996;
UPDATE broadcast_text SET ChatTypeID=1, SoundEntriesID1=8809, EmoteID1=0 WHERE Id=12995;

UPDATE broadcast_text SET ChatTypeID=1, SoundEntriesID1=8848, EmoteID1=0 WHERE Id=13064;
UPDATE broadcast_text SET ChatTypeID=1, SoundEntriesID1=8850, EmoteID1=0 WHERE Id=13066;
UPDATE broadcast_text SET ChatTypeID=1, SoundEntriesID1=8849, EmoteID1=0 WHERE Id=13065;
UPDATE broadcast_text SET ChatTypeID=1, SoundEntriesID1=8851, EmoteID1=0 WHERE Id=13067;
UPDATE broadcast_text SET ChatTypeID=1, SoundEntriesID1=8847, EmoteID1=0 WHERE Id=13063;
UPDATE broadcast_text SET ChatTypeID=1, SoundEntriesID1=8846, EmoteID1=0 WHERE Id=13062;
UPDATE broadcast_text SET ChatTypeID=1, SoundEntriesID1=8845, EmoteID1=0 WHERE Id=13061;

UPDATE broadcast_text SET ChatTypeID=1, SoundEntriesID1=8911, EmoteID1=0 WHERE Id=13070;
UPDATE broadcast_text SET ChatTypeID=1, SoundEntriesID1=8912, EmoteID1=0 WHERE Id=13071;
UPDATE broadcast_text SET ChatTypeID=1, SoundEntriesID1=8910, EmoteID1=0 WHERE Id=13069;
UPDATE broadcast_text SET ChatTypeID=1, SoundEntriesID1=8909, EmoteID1=0 WHERE Id=13068;

UPDATE broadcast_text SET ChatTypeID=2, SoundEntriesID1=0, EmoteID1=0 WHERE Id=13082;
UPDATE broadcast_text SET ChatTypeID=1, SoundEntriesID1=8860, EmoteID1=0 WHERE Id=13079;
UPDATE broadcast_text SET ChatTypeID=1, SoundEntriesID1=8854, EmoteID1=0 WHERE Id=13074;
UPDATE broadcast_text SET ChatTypeID=1, SoundEntriesID1=8853, EmoteID1=0 WHERE Id=13073;
UPDATE broadcast_text SET ChatTypeID=1, SoundEntriesID1=8852, EmoteID1=0 WHERE Id=13072;
UPDATE broadcast_text SET ChatTypeID=1, SoundEntriesID1=8858, EmoteID1=0 WHERE Id=13077;
UPDATE broadcast_text SET ChatTypeID=1, SoundEntriesID1=8862, EmoteID1=0 WHERE Id=13081;

UPDATE broadcast_text SET ChatTypeID=7, SoundEntriesID1=0, EmoteID1=0 WHERE Id=7213;

UPDATE broadcast_text SET ChatTypeID=7, SoundEntriesID1=0, EmoteID1=0 WHERE Id=10755;

UPDATE broadcast_text SET ChatTypeID=7, SoundEntriesID1=0, EmoteID1=0 WHERE Id=12178;
UPDATE broadcast_text SET ChatTypeID=1, SoundEntriesID1=8870, EmoteID1=0 WHERE Id=13089;
UPDATE broadcast_text SET ChatTypeID=1, SoundEntriesID1=8871, EmoteID1=0 WHERE Id=13090;
UPDATE broadcast_text SET ChatTypeID=1, SoundEntriesID1=8877, EmoteID1=0 WHERE Id=13096;
UPDATE broadcast_text SET ChatTypeID=1, SoundEntriesID1=8869, EmoteID1=0 WHERE Id=13088;
UPDATE broadcast_text SET ChatTypeID=1, SoundEntriesID1=8868, EmoteID1=0 WHERE Id=13087;
UPDATE broadcast_text SET ChatTypeID=1, SoundEntriesID1=8867, EmoteID1=0 WHERE Id=13086;
UPDATE broadcast_text SET ChatTypeID=1, SoundEntriesID1=8803, EmoteID1=0 WHERE Id=13024;
UPDATE broadcast_text SET ChatTypeID=1, SoundEntriesID1=8804, EmoteID1=0 WHERE Id=13025;
UPDATE broadcast_text SET ChatTypeID=1, SoundEntriesID1=8802, EmoteID1=0 WHERE Id=13023;
UPDATE broadcast_text SET ChatTypeID=1, SoundEntriesID1=8865, EmoteID1=0 WHERE Id=13084;
UPDATE broadcast_text SET ChatTypeID=1, SoundEntriesID1=8866, EmoteID1=0 WHERE Id=13085;
UPDATE broadcast_text SET ChatTypeID=1, SoundEntriesID1=8864, EmoteID1=0 WHERE Id=13083;

INSERT INTO creature_spell_list_entry(Id, Name, ChanceSupportAction, ChanceRangedAttack) VALUES
('1650501', 'Naxxramas - Naxxramas Follower', '0', '0'),
('1650605', 'Naxxramas - Naxxramas Worshipper - Charmed', '0', '0'),
('1680305', 'Naxxramas - Deathknight Understudy - Charmed', '0', '0'),
('1592801', 'Naxxramas - Thaddius', '0', '0'),
('1592901', 'Naxxramas - Stalagg', '0', '0'),
('1593001', 'Naxxramas - Feugen', '0', '0'),
('1593101', 'Naxxramas - Grobbulus', '0', '0'),
('1593201', 'Naxxramas - Gluth', '0', '0'),
('1593601', 'Naxxramas - Heigan', '0', '0'),
('1595201', 'Naxxramas - Maexxna', '0', '0'),
('1595301', 'Naxxramas - Faerlina', '0', '0'),
('1595401', 'Naxxramas - Noth', '0', '0'),
('1595601', 'Naxxramas - Anub\'Rekhan', '0', '0'),
('1598901', 'Naxxramas - Sapphiron', '0', '0'),
('1598902', 'Naxxramas - Sapphiron - Air Phase', '0', '0'),
('1598903', 'Naxxramas - Sapphiron - NULL list', '0', '0'),
('1599001', 'Naxxramas - KelThuzad', '0', '0'),
('1601101', 'Naxxramas - Loatheb', '0', '0'),
('1601102', 'Naxxramas - Loatheb(P2)', '0', '0'),
('1602801', 'Naxxramas - Patchwerk', '0', '0'),
('1602802', 'Naxxramas - Patchwerk - Berserk', '0', '0'),
('1606001', 'Naxxramas - Gothik', '0', '0'),
('1606101', 'Naxxramas - Razuvious', '0', '0'),
('1606201', 'Naxxramas - Highlord Mograine', '0', '0'),
('1606301', 'Naxxramas - Sir Zeliek', '0', '0'),
('1606401', 'Naxxramas - Thane Korthazz', '0', '0'),
('1606501', 'Naxxramas - Lady Blaumeux', '0', '0'),
('1606202', 'Naxxramas - Highlord Mograine Enrage', '0', '0'),
('1606302', 'Naxxramas - Sir Zeliek Enrage', '0', '0'),
('1606402', 'Naxxramas - Thane Korthazz Enrage', '0', '0'),
('1606502', 'Naxxramas - Lady Blaumeux Enrage', '0', '0');

UPDATE creature_template SET SpellList=entry*100+1 WHERE entry IN(16505,15928,15929,15930,15931,15932,15936,15952,15953,15954,15956,15989,15990,16011,16028,16060,16061,16062,16063,16064,16065);
UPDATE creature_template SET CharmedSpellList=entry*100+5 WHERE entry IN(16506,16803);

INSERT INTO creature_spell_list(Id, Position, SpellId, Flags, CombatCondition, TargetId, ScriptId, Availability, Probability, InitialMin, InitialMax, RepeatMin, RepeatMax, Comments) VALUES
('1595601', '1', '28783', '0', '-1', '100', '0', '100', '2', '15000', '15000', '12000', '18000', 'Anub\'Rekhan - Impale'),
('1595601', '2', '28785', '0', '-1', '2', '0', '100', '100', '80000', '120000', '90000', '90000', 'Anub\'Rekhan - Locust Swarm'),
('1595601', '3', '28961', '0', '-1', '0', '0', '0', '1', '5000', '5000', '5000', '5000', 'Anub\'Rekhan - Summon Corpse Scarabs'),

('1595301', '1', '28796', '0', '-1', '1', '0', '100', '1', '8000', '8000', '11000', '11000', 'Faerlina - Poison Bolt'),
('1595301', '2', '28794', '0', '-1', '100', '0', '100', '2', '16000', '16000', '16000', '16000', 'Faerlina - Rain of Fire'),
('1595301', '3', '28798', '0', '-1', '2', '23010', '100', '0', '60000', '60000', '60000', '60000', 'Faerlina - Enrage');

INSERT INTO creature_spell_list(Id, Position, SpellId, Flags, CombatCondition, TargetId, ScriptId, Availability, Probability, InitialMin, InitialMax, RepeatMin, RepeatMax, Comments) VALUES
('1650605', '1', '28732', '0', '-1', '0', '0', '100', '0', '0', '0', '0', '0', 'Naxxramas Worshipper - Widow''s Embrace'),
('1650501', '1', '22886', '0', '-1', '101', '0', '100', '0', '1000','21000','10000','30000', 'Naxxramas Follower - Berserker Charge'),
('1650501', '2', '30225', '0', '-1', '0', '0', '100', '0', '4000','16000','15000','30000', 'Naxxramas Follower - Silence');

INSERT INTO creature_spell_list(Id, Position, SpellId, Flags, CombatCondition, TargetId, ScriptId, Availability, Probability, InitialMin, InitialMax, RepeatMin, RepeatMax, Comments) VALUES
('1606301', '0', '28835', '0', '-1', '0', '0', '100', '10', '20000', '20000', '12000', '12000', 'Sir Zeliek - Mark of Zeliek'),
('1606301', '1', '28883', '0', '-1', '100', '0', '100', '1', '12000', '12000', '15000', '15000', 'Sir Zeliek - Holy Wrath'),
('1606301', '2', '26662', '0', '-1', '0', '0', '100', '1', '2000000', '2000000', '300000', '300000', 'Sir Zeliek - Berserk'),
('1606401', '0', '28832', '0', '-1', '0', '0', '100', '0', '20000', '20000', '12000', '12000', 'Thane Korthazz - Mark of Korthazz'),
('1606401', '1', '28884', '0', '-1', '1', '0', '100', '0', '20000', '20000', '20000', '20000', 'Thane Korthazz - Meteor'),
('1606401', '2', '26662', '0', '-1', '0', '0', '100', '0', '2000000', '2000000', '300000', '300000', 'Thane Korthazz - Berserk'),
('1606501', '0', '28833', '0', '-1', '0', '0', '100', '0', '20000', '20000', '12000', '12000', 'Lady Blaumeux - Mark of Blaumeux'),
('1606501', '1', '28863', '0', '-1', '100', '0', '100', '0', '12000', '12000', '12000', '12000', 'Lady Blaumeux - Void Zone'),
('1606501', '2', '26662', '0', '-1', '0', '0', '100', '0', '2000000', '2000000', '300000', '300000', 'Lady Blaumeux - Berserk'),
('1606201', '0', '28834', '0', '-1', '0', '0', '100', '0', '20000', '20000', '12000', '12000', 'Highlord Mograine - Mark of Mograine'),
('1606201', '1', '28882', '0', '-1', '1', '0', '100', '0', '15000', '15000', '15000', '15000', 'Highlord Mograine - Righteous Fire'),
('1606201', '2', '26662', '0', '-1', '0', '0', '100', '0', '2000000', '2000000', '300000', '300000', 'Highlord Mograine - Berserk');

INSERT INTO creature_spell_list(Id, Position, SpellId, Flags, CombatCondition, TargetId, ScriptId, Availability, Probability, InitialMin, InitialMax, RepeatMin, RepeatMax, Comments) VALUES
('1606302', '0', '28835', '0', '-1', '0', '0', '100', '0', '0', '0', '1000', '1000', 'Sir Zeliek Enrage - Mark of Zeliek'),
('1606302', '1', '57376', '0', '-1', '1', '0', '100', '0', '0', '0', '2000', '3000', 'Sir Zeliek Enrage - Holy Bolt'),
('1606302', '2', '28883', '0', '-1', '100', '0', '100', '0', '0', '0', '15000', '15000', 'Sir Zeliek Enrage - Holy Wrath'),
('1606302', '3', '26662', '0', '-1', '0', '0', '100', '0', '0', '0', '300000', '300000', 'Sir Zeliek Enrage - Berserk'),
('1606302', '4', '57377', '0', '925', '0', '0', '100', '0', '0', '0', '5000', '5000', 'Sir Zeliek Enrage - Condemnation'),
('1606402', '0', '28832', '0', '-1', '0', '0', '100', '0', '0', '0', '1000', '1000', 'Thane Korthazz Enrage - Mark of Korthazz'),
('1606402', '1', '28884', '0', '-1', '1', '0', '100', '0', '0', '0', '20000', '20000', 'Thane Korthazz Enrage - Meteor'),
('1606402', '2', '26662', '0', '-1', '0', '0', '100', '0', '0', '0', '300000', '300000', 'Thane Korthazz Enrage - Berserk'),
('1606502', '0', '28833', '0', '-1', '0', '0', '100', '0', '0', '0', '1000', '1000', 'Lady Blaumeux Enrage - Mark of Blaumeux'),
('1606502', '1', '28863', '0', '-1', '100', '0', '100', '0', '0', '0', '15000', '15000', 'Lady Blaumeux Enrage - Void Zone'),
('1606502', '2', '26662', '0', '-1', '0', '0', '100', '0', '0', '0', '300000', '300000', 'Lady Blaumeux Enrage - Berserk'),
('1606202', '0', '28834', '0', '-1', '0', '0', '100', '0', '0', '0', '1000', '1000', 'Highlord Mograine Enrage - Mark of Mograine'),
('1606202', '1', '28882', '0', '-1', '1', '0', '100', '0', '0', '0', '15000', '15000', 'Highlord Mograine Enrage - Righteous Fire'),
('1606202', '2', '26662', '0', '-1', '0', '0', '100', '0', '0', '0', '300000', '300000', 'Highlord Mograine Enrage - Berserk');

INSERT INTO creature_spell_list(Id, Position, SpellId, Flags, CombatCondition, TargetId, ScriptId, Availability, Probability, InitialMin, InitialMax, RepeatMin, RepeatMax, Comments) VALUES
('1593201', '1', '25646', '0', '-1', '1', '0', '100', '30', '10000', '10000', '10000', '10000', 'Gluth - Mortal Wound'),
('1593201', '2', '28371', '0', '-1', '0', '0', '100', '50', '10000', '10000', '10000', '12000', 'Gluth - Frenzy'),
('1593201', '3', '28374', '0', '-1', '0', '0', '100', '0', '105000', '105000', '100000', '110000', 'Gluth - Decimate'),
('1593201', '4', '29685', '0', '-1', '0', '0', '100', '0', '20000', '20000', '20000', '20000', 'Gluth - Terrifying Roar'),
('1593201', '5', '26662', '0', '-1', '0', '0', '100', '0', '390000', '390000', '300000', '300000', 'Gluth - Berserk');

INSERT INTO creature_spell_list(Id, Position, SpellId, Flags, CombatCondition, TargetId, ScriptId, Availability, Probability, InitialMin, InitialMax, RepeatMin, RepeatMax, Comments) VALUES
('1606001', '0', '28679', '0', '-1', '0', '0', '100', '10', '2500', '2500', '15000', '15000', 'Gothik - Harvest Soul'),
('1606001', '1', '29317', '0', '-1', '1', '0', '100', '1', '2500', '2500', '1000', '1000', 'Gothik - Shadowbolt');

INSERT INTO creature_spell_list(Id, Position, SpellId, Flags, CombatCondition, TargetId, ScriptId, Availability, Probability, InitialMin, InitialMax, RepeatMin, RepeatMax, Comments) VALUES
('1593101', '0', '28157', '0', '-1', '0', '0', '100', '1', '20000', '30000', '20000', '30000', 'Grobbulus - Slime Spray'),
('1593101', '1', '28240', '0', '-1', '0', '0', '100', '1', '20000', '25000', '15000', '15000', 'Grobbulus - Poison Cloud'),
('1593101', '2', '28169', '0', '1105', '101', '0', '100', '1', '13000', '13000', '13000', '13000', 'Grobbulus - Mutating Injection Above 30%'),
('1593101', '3', '28169', '0', '1128', '101', '0', '100', '1', '0', '0', '7000', '7000', 'Grobbulus - Mutating Injection Below 30%'),
('1593101', '4', '26662', '0', '-1', '0', '0', '100', '1', '720000', '720000', '720000', '720000', 'Grobbulus - Berserk (12min)');

INSERT INTO creature_spell_list(Id, Position, SpellId, Flags, CombatCondition, TargetId, ScriptId, Availability, Probability, InitialMin, InitialMax, RepeatMin, RepeatMax, Comments) VALUES
('1593601', '0', '29310', '0', '-1', '0', '0', '100', '0', '5000', '5000', '10000', '10000', 'Heigan - Mana Burn'),
('1593601', '1', '29998', '0', '-1', '0', '0', '100', '0', '4000', '4000', '21000', '21000', 'Heigan - Decrepit Fever'),
('1593601', '2', '29499', '0', '-1', '0', '0', '100', '0', '35000', '45000', '35000', '45000', 'Heigan - Teleport Trigger');

INSERT INTO creature_spell_list(Id, Position, SpellId, Flags, CombatCondition, TargetId, ScriptId, Availability, Probability, InitialMin, InitialMax, RepeatMin, RepeatMax, Comments) VALUES
('1601101', '1', '29865', '0', '-1', '0', '0', '100', '10', '5000', '5000', '12000', '12000', 'Loatheb - Poison Aura'),
('1601101', '2', '29234', '0', '-1', '0', '0', '100', '10', '12000', '12000', '12000', '12000', 'Loatheb - Summon Spore'),
('1601101', '3', '29201', '0', '-1', '0', '0', '100', '0', '4000', '4000', '60000', '60000', 'Loatheb - Corrupted Mind'),
('1601101', '4', '29204', '0', '-1', '0', '0', '100', '10', '120000', '120000', '30000', '30000', 'Loatheb - Inevitable Doom (P1)'),
('1601101', '5', '30281', '0', '-1', '0', '0', '100', '10', '30000', '30000', '30000', '30000', 'Loatheb - Decurse'),
('1601102', '1', '29865', '0', '-1', '0', '0', '100', '10', '0', '0', '12000', '12000', 'Loatheb - Poison Aura'),
('1601102', '2', '29234', '0', '-1', '0', '0', '100', '10', '0', '0', '12000', '12000', 'Loatheb - Summon Spore'),
('1601102', '3', '29201', '0', '-1', '0', '0', '100', '0', '0', '0', '60000', '60000', 'Loatheb - Corrupted Mind'),
('1601102', '4', '29204', '0', '-1', '0', '0', '100', '10', '0', '0', '15000', '15000', 'Loatheb - Inevitable Doom(P2)'),
('1601102', '5', '30281', '0', '-1', '0', '0', '100', '10', '30000', '30000', '30000', '30000', 'Loatheb - Decurse');

INSERT INTO creature_spell_list(Id, Position, SpellId, Flags, CombatCondition, TargetId, ScriptId, Availability, Probability, InitialMin, InitialMax, RepeatMin, RepeatMax, Comments) VALUES
('1602801', '1', '28307', '0', '-1', '0', '0', '100', '50', '1200', '1200', '1200', '1200', 'Patchwerk - Hateful Strike Primer'),
('1602802', '1', '28307', '0', '-1', '0', '0', '100', '50', '0', '0', '1000', '1000', 'Patchwerk - Hateful Strike Primer (Berserk)'),
('1602802', '2', '32309', '0', '-1', '1', '0', '100', '1', '1000', '1000', '1000', '1000', 'Patchwerk - Slimebolt (Berserk)');

INSERT INTO creature_spell_list(Id, Position, SpellId, Flags, CombatCondition, TargetId, ScriptId, Availability, Probability, InitialMin, InitialMax, RepeatMin, RepeatMax, Comments) VALUES
('1606101', '1', '26613', '0', '-1', '1', '0', '100', '0', '30000', '30000', '30000', '30000', 'Razuvious - Unbalancing Strike'),
('1606101', '2', '29107', '0', '-1', '0', '0', '100', '0', '25000', '25000', '25000', '25000', 'Razuvious - Disrupting Shout');

INSERT INTO creature_spell_list(Id, Position, SpellId, Flags, CombatCondition, TargetId, ScriptId, Availability, Probability, InitialMin, InitialMax, RepeatMin, RepeatMax, Comments) VALUES
('1595401', '0', '29213', '0', '-1', '0', '0', '100', '0', '4000', '4000', '28000', '28000', 'Noth - Curse of the Plaguebringer'),
('1595401', '1', '29208', '4', '-1', '0', '0', '100', '0', '25000', '25000', '25000', '25000', 'Noth - Blink - Category CD'),
('1595401', '2', '29209', '4', '-1', '0', '0', '100', '0', '25000', '25000', '25000', '25000', 'Noth - Blink - Category CD'),
('1595401', '3', '29210', '4', '-1', '0', '0', '100', '0', '25000', '25000', '25000', '25000', 'Noth - Blink - Category CD'),
('1595401', '4', '29211', '4', '-1', '0', '0', '100', '0', '25000', '25000', '25000', '25000', 'Noth - Blink - Category CD');

INSERT INTO creature_spell_list(Id, Position, SpellId, Flags, CombatCondition, TargetId, ScriptId, Availability, Probability, InitialMin, InitialMax, RepeatMin, RepeatMax, Comments) VALUES
('1598901', '1', '19983', '0', '-1', '1', '0', '100', '0', '5000', '5000', '5000', '10000', 'Sapphiron - Cleave'),
('1598901', '2', '15847', '0', '-1', '0', '0', '100', '0', '12000', '12000', '7000', '10000', 'Sapphiron - Tail Sweep'),
('1598901', '3', '28542', '0', '-1', '0', '0', '100', '0', '11000', '11000', '24000', '24000', 'Sapphiron - Life Drain'),
('1598901', '4', '28560', '0', '-1', '0', '0', '100', '0', '15000', '15000', '10000', '30000', 'Sapphiron - Blizzard'),
('1598902', '1', '28526', '0', '-1', '0', '0', '100', '0', '2000', '2000', '3000', '3000', 'Sapphiron - Icebolt');

INSERT INTO creature_spell_list(Id, Position, SpellId, Flags, CombatCondition, TargetId, ScriptId, Availability, Probability, InitialMin, InitialMax, RepeatMin, RepeatMax, Comments) VALUES
('1595201', '0', '28673', '0', '-1', '0', '0', '100', '1', '20000', '20000', '40000', '40000', 'Maexxna - Web Wrap'),
('1595201', '1', '29484', '0', '-1', '0', '0', '100', '1', '40000', '40000', '40000', '40000', 'Maexxna - Web Spray'),
('1595201', '2', '28741', '0', '-1', '0', '0', '100', '1', '10000', '20000', '10000', '20000', 'Maexxna - Poison Shock'),
('1595201', '3', '28776', '0', '-1', '1', '0', '100', '1', '20000', '30000', '10000', '30000', 'Maexxna - Necrotic Poison'),
('1595201', '4', '29434', '0', '-1', '0', '0', '100', '1', '30000', '30000', '40000', '40000', 'Maexxna - Summon Spiderlings'),
('1595201', '5', '28747', '0', '1128', '0', '0', '100', '100', '0', '0', '600000', '600000', 'Maexxna - Enrage below 30%');

INSERT INTO creature_spell_list(Id, Position, SpellId, Flags, CombatCondition, TargetId, ScriptId, Availability, Probability, InitialMin, InitialMax, RepeatMin, RepeatMax, Comments) VALUES
('1592901', '0', '28134', '0', '-1', '0', '0', '100', '0', '10000', '15000', '10000', '15000', 'Stalagg - Powersurge'),
('1592901', '1', '28125', '0', '-1', '0', '0', '100', '0', '8000', '10000', '8000', '10000', 'Stalagg - Warstomp'),
('1592901', '2', '28338', '0', '-1', '0', '0', '100', '0', '20000', '20000', '20000', '20000', 'Stalagg - Magnetic Pull'),
('1593001', '0', '28135', '0', '-1', '0', '0', '100', '0', '10000', '15000', '10000', '15000', 'Feugen - Static Field'),
('1593001', '1', '28125', '0', '-1', '0', '0', '100', '0', '8000', '10000', '8000', '10000', 'Feugen - Warstomp');

INSERT INTO creature_spell_list(Id, Position, SpellId, Flags, CombatCondition, TargetId, ScriptId, Availability, Probability, InitialMin, InitialMax, RepeatMin, RepeatMax, Comments) VALUES
('1592801', '0', '27680', '0', '-1', '0', '0', '100', '0', '360000', '360000', '600000', '600000', 'Thaddius - Berserk'),
('1592801', '1', '28089', '0', '-1', '0', '0', '100', '0', '15000', '15000', '30000', '30000', 'Thaddius - Polarity Shift'),
('1592801', '2', '28167', '0', '-1', '100', '0', '100', '0', '8000', '8000', '15000', '15000', 'Thaddius - Chain Lightning'),
('1592801', '3', '28299', '0', '321', '100', '0', '100', '0', '3000', '3000', '3000', '3000', 'Thaddius - Ball Lightning when none in melee');

INSERT INTO creature_spell_list(Id, Position, SpellId, Flags, CombatCondition, TargetId, ScriptId, Availability, Probability, InitialMin, InitialMax, RepeatMin, RepeatMax, Comments) VALUES
('1599001', '0', '28478', '0', '-1', '100', '0', '100', '0', '5000', '8000', '5000', '25000', 'KelThuzad - Frost Bolt'),
('1599001', '1', '28479', '0', '-1', '0', '0', '100', '0', '20000', '20000', '20000', '20000', 'KelThuzad - Frost Bolt Nova'),
('1599001', '2', '27819', '0', '-1', '106', '0', '100', '0', '27000', '40000', '27000', '40000', 'KelThuzad - Detonate Mana'),
('1599001', '3', '27810', '0', '-1', '100', '0', '100', '0', '15000', '25000', '15000', '25000', 'KelThuzad - Shadow Fissure'),
('1599001', '4', '27808', '0', '-1', '1', '0', '100', '0', '40000', '60000', '40000', '60000', 'KelThuzad - Frost Blast'),
('1599001', '5', '28408', '0', '-1', '0', '0', '100', '0', '60000', '120000', '60000', '220000', 'KelThuzad - Chains of Kelthuzad');

INSERT INTO creature_spell_list(Id, Position, SpellId, Flags, CombatCondition, TargetId, ScriptId, Availability, Probability, InitialMin, InitialMax, RepeatMin, RepeatMax, Comments) VALUES
('1680305', '1', '29060', '0', '-1', '0', '0', '100', '0', '0','0','60000','60000', 'Deathknight Understudy - Taunt'),
('1680305', '2', '29061', '0', '-1', '0', '0', '100', '0', '0','0','30000','30000', 'Deathknight Understudy - Shield Wall');

DELETE FROM creature_template_spells WHERE entry IN(16506,16803);

UPDATE `creature_template` SET UnitFlags=33554432 WHERE Entry=17025;
REPLACE INTO `creature_template_addon` (entry, auras) VALUES
(17025, 29327);
-- Various Fixes
UPDATE creature_model_info SET combat_reach=3 WHERE modelid=16586;
UPDATE `creature_template` SET UnitFlags=UnitFlags|256|33554432 WHERE entry=17293;

DELETE FROM spell_script_target WHERE entry IN(28338,28339);
INSERT INTO spell_script_target(entry, type, targetEntry, inverseEffectMask) VALUES
('28338', '1', '15930', '0'),
('28339', '1', '15929', '0');





