DELETE FROM `creature` WHERE (`guid` IN ('51211', '51212', '51213', '51214', '51215', '51216', '51217', '51218', '51219', '51220', '51221', '51222', '51223', '51224', '51225', '51226', '51227', '51228', '51229', '51230'));

SET @CGUID := 51211;
SET @SGUID := 10265;

INSERT INTO `creature` (`guid`, `id`, `map`, `spawnMask`, `position_x`, `position_y`, `position_z`, `orientation`, `spawntimesecsmin`, `spawntimesecsmax`, `spawndist`, `MovementType`) VALUES
(@CGUID + 000, '0', '1', '1', '-4574.577148437500', '1869.4381103515625', '89.91979217529296875', '1.863777279853820800', '300', '300', '0', '4'),
(@CGUID + 001, '0', '1', '1', '-4761.953125000000', '1137.2559814453125', '100.0132446289062500', '2.446890354156494140', '300', '300', '0', '4'),
(@CGUID + 002, '0', '1', '1', '-4685.536132812500', '1453.8483886718750', '89.01643371582031250', '1.131093621253967285', '300', '300', '0', '4'),
(@CGUID + 003, '0', '1', '1', '-4604.086425781250', '1512.0654296875000', '103.8043289184570312', '6.195918560028076171', '300', '300', '0', '4'),
(@CGUID + 004, '0', '1', '1', '-4560.777832031250', '1784.0496826171875', '98.45512390136718750', '5.016015529632568359', '300', '300', '0', '4'),
(@CGUID + 005, '0', '1', '1', '-4586.141113281250', '1945.1918945312500', '88.29705810546875000', '3.759233474731445312', '300', '300', '0', '4'),
(@CGUID + 006, '0', '1', '1', '-5113.031738281250', '2122.3781738281250', '23.24321746826171875', '4.131970882415771484', '300', '300', '20', '1'),
(@CGUID + 007, '0', '1', '1', '-4951.037109375000', '2113.7326660156250', '16.61865806579589843', '1.115846395492553710', '300', '300', '20', '1'),
(@CGUID + 008, '0', '1', '1', '-4682.456542968750', '2016.2606201171875', '9.123137474060058593', '0.122597232460975646', '300', '300', '20', '1'),
(@CGUID + 009, '0', '1', '1', '-4650.683105468750', '2252.2185058593750', '5.784881591796875000', '6.010355472564697265', '300', '300', '20', '1'),
(@CGUID + 010, '0', '1', '1', '-4584.676269531250', '2216.6652832031250', '4.043761253356933593', '1.927553176879882812', '300', '300', '20', '1'),
(@CGUID + 011, '0', '1', '1', '-4680.670898437500', '2219.2814941406250', '8.026483535766601562', '0.760258197784423828', '300', '300', '20', '1'),
(@CGUID + 012, '0', '1', '1', '-4614.876953125000', '2183.0205078125000', '2.316192150115966796', '1.684255838394165039', '300', '300', '20', '1'),
(@CGUID + 013, '0', '1', '1', '-4249.042480468750', '2215.9289550781250', '10.12828922271728515', '4.022363662719726562', '300', '300', '20', '1'),
(@CGUID + 014, '0', '1', '1', '-4186.002441406250', '2217.1965332031250', '6.823201656341552734', '4.395192146301269531', '300', '300', '20', '1'),
(@CGUID + 015, '0', '1', '1', '-4115.104003906250', '2250.8081054687500', '9.565248489379882812', '1.169492602348327636', '300', '300', '20', '1'),
(@CGUID + 016, '0', '1', '1', '-4049.003906250000', '2318.3906250000000', '10.06009578704833984', '4.983179092407226562', '300', '300', '20', '1'),
(@CGUID + 017, '0', '1', '1', '-4051.578613281250', '2383.8269042968750', '8.850608825683593750', '0.107827574014663696', '300', '300', '20', '1'),
(@CGUID + 018, '0', '1', '1', '-4083.045166015625', '2448.3593750000000', '12.73272895812988281', '0.344558954238891601', '300', '300', '20', '1'),
(@CGUID + 019, '0', '1', '1', '-4048.096435546875', '2516.6242675781250', '16.82751274108886718', '3.306601047515869140', '300', '300', '20', '1');

INSERT INTO `creature_movement` (`Id`, `Point`, `PositionX`, `PositionY`, `PositionZ`, `Orientation`, `WaitTime`, `ScriptId`) VALUES
(@CGUID + 000, '01', '-4576.03369140625', '1874.2691650390625', '89.45692443847656250', '100', '0', '0'),
(@CGUID + 000, '02', '-4546.14062500000', '1854.3433837890625', '89.51613616943359375', '100', '0', '0'),
(@CGUID + 000, '03', '-4514.18261718750', '1833.7619628906250', '92.97362518310546875', '100', '0', '0'),
(@CGUID + 000, '04', '-4518.08789062500', '1814.1523437500000', '96.55426788330078125', '100', '0', '0'),
(@CGUID + 000, '05', '-4493.39404296875', '1807.5449218750000', '106.2294998168945312', '100', '0', '0'),
(@CGUID + 000, '06', '-4490.90087890625', '1786.2847900390625', '107.2412567138671875', '100', '0', '0'),
(@CGUID + 000, '07', '-4483.81103515625', '1754.6072998046875', '92.16266632080078125', '100', '0', '0'),
(@CGUID + 000, '08', '-4513.80468750000', '1741.0075683593750', '91.87436676025390625', '100', '0', '0'),
(@CGUID + 000, '09', '-4546.85400390625', '1741.4650878906250', '93.17506408691406250', '100', '0', '0'),
(@CGUID + 000, '10', '-4560.76074218750', '1726.0465087890625', '100.0414428710937500', '100', '0', '0'),
(@CGUID + 000, '11', '-4567.47656250000', '1708.2714843750000', '104.0390319824218750', '100', '0', '0'),
(@CGUID + 000, '12', '-4584.85888671875', '1700.6361083984375', '111.0718154907226562', '100', '0', '0'),
(@CGUID + 000, '13', '-4586.37060546875', '1676.4483642578125', '110.4337921142578125', '100', '0', '0'),
(@CGUID + 000, '14', '-4599.35693359375', '1678.6318359375000', '113.7660140991210937', '100', '0', '0'),
(@CGUID + 000, '15', '-4616.04931640625', '1681.5399169921875', '115.4789352416992187', '100', '0', '0'),
(@CGUID + 000, '16', '-4629.45166015625', '1671.4832763671875', '115.4902725219726562', '100', '0', '0'),
(@CGUID + 001, '01', '-4764.63134765625', '1139.4876708984375', '100.0757446289062500', '100', '0', '0'),
(@CGUID + 001, '02', '-4744.49072265625', '1144.4019775390625', '98.56440734863281250', '100', '0', '0'),
(@CGUID + 001, '03', '-4726.18066406250', '1154.8072509765625', '102.1230850219726562', '100', '0', '0'),
(@CGUID + 001, '04', '-4737.52197265625', '1175.0953369140625', '102.2510681152343750', '100', '0', '0'),
(@CGUID + 001, '05', '-4741.91894531250', '1196.3454589843750', '103.9346466064453125', '100', '0', '0'),
(@CGUID + 001, '06', '-4729.35595703125', '1220.0537109375000', '104.5897445678710937', '100', '0', '0'),
(@CGUID + 001, '07', '-4705.27929687500', '1234.1068115234375', '101.9646759033203125', '100', '0', '0'),
(@CGUID + 001, '08', '-4684.40576171875', '1231.9442138671875', '99.03939819335937500', '100', '0', '0'),
(@CGUID + 001, '09', '-4672.22314453125', '1215.6166992187500', '94.99605560302734375', '100', '0', '0'),
(@CGUID + 001, '10', '-4663.01416015625', '1210.3004150390625', '97.16683959960937500', '100', '0', '0'),
(@CGUID + 001, '11', '-4646.56103515625', '1226.9040527343750', '102.4438400268554687', '100', '0', '0'),
(@CGUID + 001, '12', '-4645.57373046875', '1242.8535156250000', '99.99595642089843750', '100', '0', '0'),
(@CGUID + 001, '13', '-4650.00732421875', '1261.7235107421875', '100.9300308227539062', '100', '0', '0'),
(@CGUID + 001, '14', '-4645.18994140625', '1280.2860107421875', '99.91553497314453125', '100', '0', '0'),
(@CGUID + 001, '15', '-4631.12695312500', '1287.9423828125000', '102.7052764892578125', '100', '0', '0'),
(@CGUID + 001, '16', '-4625.23437500000', '1298.3587646484375', '104.6052780151367187', '100', '0', '0'),
(@CGUID + 001, '17', '-4616.14941406250', '1323.4427490234375', '102.7422332763671875', '100', '0', '0'),
(@CGUID + 002, '01', '-4685.37792968750', '1454.1846923828125', '88.92830657958984375', '100', '0', '0'),
(@CGUID + 002, '02', '-4693.03662109375', '1453.4361572265625', '88.00296783447265625', '100', '0', '0'),
(@CGUID + 002, '03', '-4711.13378906250', '1435.6593017578125', '87.48910522460937500', '100', '0', '0'),
(@CGUID + 002, '04', '-4716.89697265625', '1411.6247558593750', '88.22608947753906250', '100', '0', '0'),
(@CGUID + 002, '05', '-4714.81005859375', '1387.5559082031250', '89.82581329345703125', '100', '0', '0'),
(@CGUID + 002, '06', '-4721.28125000000', '1363.7222900390625', '88.07629394531250000', '100', '0', '0'),
(@CGUID + 002, '07', '-4733.43066406250', '1342.8179931640625', '86.85855102539062500', '100', '0', '0'),
(@CGUID + 002, '08', '-4746.57373046875', '1328.7626953125000', '91.02413177490234375', '100', '0', '0'),
(@CGUID + 002, '09', '-4761.86181640625', '1319.8006591796875', '89.72641754150390625', '100', '0', '0'),
(@CGUID + 002, '10', '-4799.71191406250', '1322.2194824218750', '85.96935272216796875', '100', '0', '0'),
(@CGUID + 002, '11', '-4816.44433593750', '1348.5571289062500', '91.50769042968750000', '100', '0', '0'),
(@CGUID + 002, '12', '-4804.93505859375', '1354.8090820312500', '101.2602233886718750', '100', '0', '0'),
(@CGUID + 002, '13', '-4780.77685546875', '1377.7261962890625', '105.6959991455078125', '100', '0', '0'),
(@CGUID + 002, '14', '-4768.20751953125', '1395.7109375000000', '106.1122817993164062', '100', '0', '0'),
(@CGUID + 002, '15', '-4764.35498046875', '1406.5970458984375', '105.7160186767578125', '100', '0', '0'),
(@CGUID + 003, '01', '-4606.26025390625', '1510.9594726562500', '104.3623504638671875', '100', '0', '0'),
(@CGUID + 003, '02', '-4595.74609375000', '1488.3825683593750', '99.38313293457031250', '100', '0', '0'),
(@CGUID + 003, '03', '-4574.27294921875', '1492.2550048828125', '99.00223541259765625', '100', '0', '0'),
(@CGUID + 003, '04', '-4549.36962890625', '1480.2823486328125', '100.3690490722656250', '100', '0', '0'),
(@CGUID + 003, '05', '-4533.66015625000', '1466.3369140625000', '106.5976257324218750', '100', '0', '0'),
(@CGUID + 003, '06', '-4540.93652343750', '1444.2159423828125', '108.7863769531250000', '100', '0', '0'),
(@CGUID + 003, '07', '-4550.14404296875', '1420.5004882812500', '107.1605758666992187', '100', '0', '0'),
(@CGUID + 003, '08', '-4575.08203125000', '1391.8515625000000', '106.5254821777343750', '100', '0', '0'),
(@CGUID + 003, '09', '-4587.85302734375', '1407.8378906250000', '100.2478790283203125', '100', '0', '0'),
(@CGUID + 003, '10', '-4605.95947265625', '1412.6900634765625', '102.8494720458984375', '100', '0', '0'),
(@CGUID + 003, '11', '-4624.45166015625', '1413.2954101562500', '108.4576416015625000', '100', '0', '0'),
(@CGUID + 003, '12', '-4627.55224609375', '1433.9528808593750', '105.0372009277343750', '100', '0', '0'),
(@CGUID + 003, '13', '-4636.18994140625', '1449.3698730468750', '105.7990951538085937', '100', '0', '0'),
(@CGUID + 003, '14', '-4644.74462890625', '1457.6334228515625', '106.9445419311523437', '100', '0', '0'),
(@CGUID + 003, '15', '-4644.04589843750', '1485.4622802734375', '111.1268615722656250', '100', '0', '0'),
(@CGUID + 003, '16', '-4656.29492187500', '1500.0826416015625', '112.3075866699218750', '100', '0', '0'),
(@CGUID + 003, '17', '-4665.67675781250', '1508.3778076171875', '111.0559921264648437', '100', '0', '0'),
(@CGUID + 003, '18', '-4675.36572265625', '1512.6585693359375', '110.0716476440429687', '100', '0', '0'),
(@CGUID + 003, '19', '-4690.81103515625', '1542.6319580078125', '108.5093002319335937', '100', '0', '0'),
(@CGUID + 004, '01', '-4560.84570312500', '1784.0836181640625', '98.37911987304687500', '100', '0', '0'),
(@CGUID + 004, '02', '-4549.56640625000', '1748.2086181640625', '94.38655090332031250', '100', '0', '0'),
(@CGUID + 004, '03', '-4533.78173828125', '1723.3051757812500', '92.71911621093750000', '100', '0', '0'),
(@CGUID + 004, '04', '-4528.98291015625', '1708.0681152343750', '96.62891387939453125', '100', '0', '0'),
(@CGUID + 004, '05', '-4547.06933593750', '1692.8925781250000', '96.82414245605468750', '100', '0', '0'),
(@CGUID + 004, '06', '-4564.08837890625', '1679.3083496093750', '98.42119598388671875', '100', '0', '0'),
(@CGUID + 004, '07', '-4550.64306640625', '1651.1993408203125', '102.4737777709960937', '100', '0', '0'),
(@CGUID + 004, '08', '-4541.19628906250', '1637.8122558593750', '102.8788223266601562', '100', '0', '0'),
(@CGUID + 004, '09', '-4551.41259765625', '1620.6481933593750', '100.2071228027343750', '100', '0', '0'),
(@CGUID + 004, '10', '-4549.31298828125', '1594.0789794921875', '101.2765045166015625', '100', '0', '0'),
(@CGUID + 004, '11', '-4543.45019531250', '1572.1829833984375', '102.5691680908203125', '100', '0', '0'),
(@CGUID + 004, '12', '-4514.54101562500', '1565.5493164062500', '113.6959457397460937', '100', '0', '0'),
(@CGUID + 004, '13', '-4507.83886718750', '1553.0241699218750', '117.8566436767578125', '100', '0', '0'),
(@CGUID + 005, '01', '-4588.53710937500', '1943.4913330078125', '87.33139038085937500', '100', '0', '0'),
(@CGUID + 005, '02', '-4573.69287109375', '1944.4179687500000', '96.67699432373046875', '100', '0', '0'),
(@CGUID + 005, '03', '-4566.20556640625', '1941.7689208984375', '101.8572845458984375', '100', '0', '0'),
(@CGUID + 005, '04', '-4566.11083984375', '1926.0264892578125', '108.8559341430664062', '100', '0', '0'),
(@CGUID + 005, '05', '-4571.44384765625', '1911.9787597656250', '114.4181671142578125', '100', '0', '0'),
(@CGUID + 005, '06', '-4594.75292968750', '1907.0262451171875', '109.5113372802734375', '100', '0', '0'),
(@CGUID + 005, '07', '-4604.70947265625', '1889.9461669921875', '106.1067962646484375', '100', '0', '0'),
(@CGUID + 005, '08', '-4623.50146484375', '1872.0399169921875', '98.72746276855468750', '100', '0', '0'),
(@CGUID + 005, '09', '-4635.16455078125', '1844.2213134765625', '90.59637451171875000', '100', '0', '0'),
(@CGUID + 005, '10', '-4646.00000000000', '1807.7802734375000', '94.23432922363281250', '100', '0', '0'),
(@CGUID + 005, '11', '-4647.12207031250', '1768.7685546875000', '95.54505920410156250', '100', '0', '0'),
(@CGUID + 005, '12', '-4638.33447265625', '1750.2075195312500', '96.33341217041015625', '100', '0', '0'),
(@CGUID + 005, '13', '-4627.59960937500', '1734.6163330078125', '100.8741302490234375', '100', '0', '0'),
(@CGUID + 005, '14', '-4631.33105468750', '1704.6823730468750', '101.6610412597656250', '100', '0', '0');

INSERT INTO `spawn_group` (`Id`, `Name`, `Type`, `MaxCount`, `WorldState`, `Flags`, `StringId`) VALUES
(@SGUID + 000, 'Feralas - Rogue Vale Screecher (1) Patrol 000', '0', '0', '0', '0', '0'),
(@SGUID + 001, 'Feralas - Rogue Vale Screecher (1) Patrol 001', '0', '0', '0', '0', '0'),
(@SGUID + 002, 'Feralas - Rogue Vale Screecher (1) Patrol 002', '0', '0', '0', '0', '0'),
(@SGUID + 003, 'Feralas - Rogue Vale Screecher (1) Patrol 003', '0', '0', '0', '0', '0'),
(@SGUID + 004, 'Feralas - Rogue Vale Screecher (1) Patrol 004', '0', '0', '0', '0', '0'),
(@SGUID + 005, 'Feralas - Rogue Vale Screecher (1) Patrol 005', '0', '0', '0', '0', '0'),
(@SGUID + 006, 'Feralas - Rogue Vale Screecher (1) Wandering 000', '0', '0', '0', '0', '0'),
(@SGUID + 007, 'Feralas - Rogue Vale Screecher (1) Wandering 001', '0', '0', '0', '0', '0'),
(@SGUID + 008, 'Feralas - Rogue Vale Screecher (1) Wandering 002', '0', '0', '0', '0', '0'),
(@SGUID + 009, 'Feralas - Rogue Vale Screecher (1) Wandering 003', '0', '0', '0', '0', '0'),
(@SGUID + 010, 'Feralas - Rogue Vale Screecher (1) Wandering 004', '0', '0', '0', '0', '0'),
(@SGUID + 011, 'Feralas - Rogue Vale Screecher (1) Wandering 005', '0', '0', '0', '0', '0'),
(@SGUID + 012, 'Feralas - Rogue Vale Screecher (1) Wandering 006', '0', '0', '0', '0', '0'),
(@SGUID + 013, 'Feralas - Rogue Vale Screecher (1) Wandering 007', '0', '0', '0', '0', '0'),
(@SGUID + 014, 'Feralas - Rogue Vale Screecher (1) Wandering 008', '0', '0', '0', '0', '0'),
(@SGUID + 015, 'Feralas - Rogue Vale Screecher (1) Wandering 009', '0', '0', '0', '0', '0'),
(@SGUID + 016, 'Feralas - Rogue Vale Screecher (1) Wandering 010', '0', '0', '0', '0', '0'),
(@SGUID + 017, 'Feralas - Rogue Vale Screecher (1) Wandering 011', '0', '0', '0', '0', '0'),
(@SGUID + 018, 'Feralas - Rogue Vale Screecher (1) Wandering 012', '0', '0', '0', '0', '0'),
(@SGUID + 019, 'Feralas - Rogue Vale Screecher (1) Wandering 013', '0', '0', '0', '0', '0');

INSERT INTO `spawn_group_spawn` (`Id`, `Guid`, `SlotId`, `Chance`) VALUES
(@SGUID + 000, @CGUID + 000, '0', '0'),
(@SGUID + 001, @CGUID + 001, '0', '0'),
(@SGUID + 002, @CGUID + 002, '0', '0'),
(@SGUID + 003, @CGUID + 003, '0', '0'),
(@SGUID + 004, @CGUID + 004, '0', '0'),
(@SGUID + 005, @CGUID + 005, '0', '0'),
(@SGUID + 006, @CGUID + 006, '0', '0'),
(@SGUID + 007, @CGUID + 007, '0', '0'),
(@SGUID + 008, @CGUID + 008, '0', '0'),
(@SGUID + 009, @CGUID + 009, '0', '0'),
(@SGUID + 010, @CGUID + 010, '0', '0'),
(@SGUID + 011, @CGUID + 011, '0', '0'),
(@SGUID + 012, @CGUID + 012, '0', '0'),
(@SGUID + 013, @CGUID + 013, '0', '0'),
(@SGUID + 014, @CGUID + 014, '0', '0'),
(@SGUID + 015, @CGUID + 015, '0', '0'),
(@SGUID + 016, @CGUID + 016, '0', '0'),
(@SGUID + 017, @CGUID + 017, '0', '0'),
(@SGUID + 018, @CGUID + 018, '0', '0'),
(@SGUID + 019, @CGUID + 019, '0', '0');

INSERT INTO `spawn_group_entry` (`Id`, `Entry`, `MinCount`, `MaxCount`, `Chance`) VALUES
(@SGUID + 000, '5308', '0', '0', '0'),
(@SGUID + 001, '5308', '0', '0', '0'),
(@SGUID + 002, '5308', '0', '0', '0'),
(@SGUID + 003, '5308', '0', '0', '0'),
(@SGUID + 004, '5308', '0', '0', '0'),
(@SGUID + 005, '5308', '0', '0', '0'),
(@SGUID + 006, '5308', '0', '0', '0'),
(@SGUID + 007, '5308', '0', '0', '0'),
(@SGUID + 008, '5308', '0', '0', '0'),
(@SGUID + 009, '5308', '0', '0', '0'),
(@SGUID + 010, '5308', '0', '0', '0'),
(@SGUID + 011, '5308', '0', '0', '0'),
(@SGUID + 012, '5308', '0', '0', '0'),
(@SGUID + 013, '5308', '0', '0', '0'),
(@SGUID + 014, '5308', '0', '0', '0'),
(@SGUID + 015, '5308', '0', '0', '0'),
(@SGUID + 016, '5308', '0', '0', '0'),
(@SGUID + 017, '5308', '0', '0', '0'),
(@SGUID + 018, '5308', '0', '0', '0'),
(@SGUID + 019, '5308', '0', '0', '0');
