DELETE FROM `creature` WHERE (`guid` IN ('16306', '16311', '16328', '16330', '16346', '16360', '16367', '16369', '16380', '16388', '16389', '16391', '16393', '16480', '16491', '16497', '16499', '16503', '16504', '16505', '16512', '16515', '16521', '16528', '16533', '16537', '16540', '16542', '16546', '16548', '16550', '16552', '16555', '16558'));
DELETE FROM `creature_movement` WHERE (`id` IN ('16480', '16552'));

SET @CGUID := 16230;
SET @SGUID := 503;

INSERT INTO `creature` (`guid`, `id`, `map`, `spawnMask`, `position_x`, `position_y`, `position_z`, `orientation`, `spawntimesecsmin`, `spawntimesecsmax`, `spawndist`, `MovementType`) VALUES
(@CGUID + 000, '0', '0', '1', '-281.678924560546875', '-415.949340820312500', '67.86560058593750000', '4.437731742858886718', '300', '300', '10', '1'),
(@CGUID + 001, '0', '0', '1', '-316.470001220703125', '-382.149322509765625', '64.87321472167968750', '5.511671066284179687', '300', '300', '10', '1'),
(@CGUID + 002, '0', '0', '1', '-265.162200927734375', '-383.891510009765625', '66.94466400146484375', '1.880924820899963378', '300', '300', '10', '1'),
(@CGUID + 003, '0', '0', '1', '-284.295745849609375', '-448.095672607421875', '64.27499389648437500', '5.312092304229736328', '300', '300', '10', '1'),
(@CGUID + 004, '0', '0', '1', '-315.952911376953125', '-415.509490966796875', '62.59800720214843750', '5.543312072753906250', '300', '300', '10', '1'),
(@CGUID + 005, '0', '0', '1', '-252.410217285156250', '-450.736663818359375', '65.71086120605468750', '5.107076644897460937', '300', '300', '10', '1'),
(@CGUID + 006, '0', '0', '1', '-250.425506591796875', '-421.264739990234375', '69.73593902587890625', '1.918177008628845214', '300', '300', '10', '1'),
(@CGUID + 007, '0', '0', '1', '-175.859542846679687', '-341.292968750000000', '52.96933746337890625', '4.275863647460937500', '300', '300', '0', '4'),
(@CGUID + 008, '0', '0', '1', '-233.250839233398437', '-349.458618164062500', '48.12525177001953125', '3.098870515823364257', '300', '300', '0', '4'),
(@CGUID + 009, '0', '0', '1', '-244.327423095703125', '-299.697875976562500', '53.30650329589843750', '1.712427139282226562', '300', '300', '0', '4'),
(@CGUID + 010, '0', '0', '1', '-265.556579589843750', '-360.219787597656250', '66.68646240234375000', '4.466641902923583984', '300', '300', '2', '1'),
(@CGUID + 011, '0', '0', '1', '-231.663925170898437', '-382.126525878906250', '70.16932678222656250', '3.670102834701538085', '300', '300', '2', '1'),
(@CGUID + 012, '0', '0', '1', '-204.441116333007812', '-368.950103759765625', '72.96348571777343750', '1.211269378662109375', '300', '300', '2', '1'),
(@CGUID + 013, '0', '0', '1', '-235.838134765625000', '-327.896636962890625', '59.58116912841796875', '4.696682453155517578', '300', '300', '2', '1'),
(@CGUID + 014, '0', '0', '1', '-191.179321289062500', '-346.088928222656250', '72.96348571777343750', '2.732425928115844726', '300', '300', '2', '1'),
(@CGUID + 015, '0', '0', '1', '-240.761291503906250', '-368.050994873046875', '48.23273468017578125', '4.586112022399902343', '300', '300', '2', '1'),
(@CGUID + 016, '0', '0', '1', '-211.522033691406250', '-339.075347900390625', '57.00561523437500000', '3.577924966812133789', '300', '300', '2', '1'),
(@CGUID + 017, '0', '0', '1', '-186.864639282226562', '-322.342346191406250', '73.01432800292968750', '4.865082263946533203', '300', '300', '2', '1'),
(@CGUID + 018, '0', '0', '1', '-261.576538085937500', '-339.489318847656250', '64.74534606933593750', '0.890117883682250976', '300', '300', '2', '1'),
(@CGUID + 019, '0', '0', '1', '-226.977355957031250', '-357.353149414062500', '48.50907516479492187', '1.670808553695678710', '300', '300', '2', '1'),
(@CGUID + 020, '0', '0', '1', '-173.138183593750000', '-329.957855224609375', '52.98387527465820312', '0.872664630413055419', '300', '300', '2', '1'),
(@CGUID + 021, '0', '0', '1', '-133.047821044921875', '-353.998687744140625', '52.85220336914062500', '2.354539632797241210', '300', '300', '2', '1'),
(@CGUID + 022, '0', '0', '1', '-146.029861450195312', '-324.174713134765625', '52.89397430419921875', '2.660317897796630859', '300', '300', '2', '1'),
(@CGUID + 023, '0', '0', '1', '-184.327331542968750', '-339.421875000000000', '53.31945800781250000', '0.226892799139022827', '300', '300', '2', '1'),
(@CGUID + 024, '0', '0', '1', '-177.804580688476562', '-377.701385498046875', '51.62563705444335937', '5.742647171020507812', '300', '300', '2', '1'),
(@CGUID + 025, '0', '0', '1', '-134.282608032226562', '-369.066955566406250', '52.82077026367187500', '6.249055862426757812', '300', '300', '2', '1'),
(@CGUID + 026, '0', '0', '1', '-297.923919677734375', '-300.809692382812500', '43.50025177001953125', '4.003170967102050781', '300', '300', '2', '1'),
(@CGUID + 027, '0', '0', '1', '-277.208953857421875', '-303.783538818359375', '42.00616455078125000', '2.210766792297363281', '300', '300', '2', '1'),
(@CGUID + 028, '0', '0', '1', '-253.679794311523437', '-323.699279785156250', '44.74136352539062500', '4.599831581115722656', '300', '300', '2', '1'),
(@CGUID + 029, '0', '0', '1', '-312.877929687500000', '-304.696685791015625', '43.82530975341796875', '3.527936935424804687', '300', '300', '2', '1'),
(@CGUID + 030, '0', '0', '1', '-250.766311645507812', '-287.362030029296875', '53.00169754028320312', '5.586233139038085937', '300', '300', '2', '1'),
(@CGUID + 031, '0', '0', '1', '-263.198120117187500', '-280.612243652343750', '52.30828857421875000', '4.704873085021972656', '300', '300', '2', '1'),
(@CGUID + 032, '0', '0', '1', '-282.885040283203125', '-283.577850341796875', '51.86797332763671875', '2.024581909179687500', '300', '300', '2', '1'),
(@CGUID + 033, '0', '0', '1', '-307.329345703125000', '-277.534454345703125', '45.86845779418945312', '5.432825088500976562', '300', '300', '2', '1');

INSERT INTO `creature_movement` (`Id`, `Point`, `PositionX`, `PositionY`, `PositionZ`, `Orientation`, `WaitTime`, `ScriptId`) VALUES
(@CGUID + 007, '01', '-176.071044921875000', '-341.746307373046875', '53.03261947631835937', '100', '0', '0'),
(@CGUID + 007, '02', '-169.510147094726562', '-323.047088623046875', '53.03994750976562500', '100', '0', '0'),
(@CGUID + 007, '03', '-148.502517700195312', '-324.115142822265625', '52.93767929077148437', '100', '0', '0'),
(@CGUID + 007, '04', '-136.872909545898437', '-334.441680908203125', '52.90792846679687500', '100', '0', '0'),
(@CGUID + 007, '05', '-135.521743774414062', '-354.872680664062500', '53.01922988891601562', '100', '0', '0'),
(@CGUID + 007, '06', '-141.063400268554687', '-366.048187255859375', '52.59134292602539062', '100', '0', '0'),
(@CGUID + 007, '07', '-158.928665161132812', '-375.296661376953125', '51.99215698242187500', '100', '0', '0'),
(@CGUID + 007, '08', '-182.360549926757812', '-378.166351318359375', '51.34747314453125000', '100', '0', '0'),
(@CGUID + 007, '09', '-208.201553344726562', '-366.306640625000000', '49.28047943115234375', '100', '0', '0'),
(@CGUID + 007, '10', '-223.513870239257812', '-369.434844970703125', '48.43597793579101562', '100', '0', '0'),
(@CGUID + 007, '11', '-232.354812622070312', '-370.808715820312500', '48.39902496337890625', '100', '0', '0'),
(@CGUID + 007, '12', '-235.358474731445312', '-360.675933837890625', '48.48664855957031250', '100', '0', '0'),
(@CGUID + 007, '13', '-245.574081420898437', '-375.203948974609375', '47.76996231079101562', '100', '0', '0'),
(@CGUID + 008, '01', '-236.804824829101562', '-349.306701660156250', '48.25175476074218750', '100', '0', '0'),
(@CGUID + 008, '02', '-228.877761840820312', '-371.909759521484375', '48.44144821166992187', '100', '0', '0'),
(@CGUID + 008, '03', '-209.409271240234375', '-363.793853759765625', '49.65924835205078125', '100', '0', '0'),
(@CGUID + 008, '04', '-207.301223754882812', '-344.808013916015625', '54.46499252319335937', '100', '0', '0'),
(@CGUID + 008, '05', '-213.468627929687500', '-335.402984619140625', '58.03432846069335937', '100', '0', '0'),
(@CGUID + 008, '06', '-231.967285156250000', '-325.832672119140625', '58.48109436035156250', '100', '0', '0'),
(@CGUID + 008, '07', '-254.434982299804687', '-331.710083007812500', '62.94460296630859375', '100', '0', '0'),
(@CGUID + 008, '08', '-268.082427978515625', '-353.103515625000000', '66.35244750976562500', '100', '0', '0'),
(@CGUID + 008, '09', '-265.553863525390625', '-385.314575195312500', '67.09784698486328125', '100', '0', '0'),
(@CGUID + 008, '10', '-229.939025878906250', '-385.830841064453125', '70.27935791015625000', '100', '0', '0'),
(@CGUID + 008, '11', '-204.791656494140625', '-373.837951660156250', '72.90792846679687500', '100', '0', '0'),
(@CGUID + 008, '12', '-186.736389160156250', '-352.406951904296875', '73.05039215087890625', '100', '0', '0'),
(@CGUID + 008, '13', '-188.906311035156250', '-328.062316894531250', '72.90062713623046875', '100', '0', '0'),
(@CGUID + 008, '14', '-179.796081542968750', '-321.778808593750000', '73.16043090820312500', '100', '0', '0'),
(@CGUID + 008, '15', '-205.624084472656250', '-321.062896728515625', '73.01275634765625000', '100', '0', '0'),
(@CGUID + 009, '01', '-244.510528564453125', '-298.413696289062500', '53.29855728149414062', '100', '0', '0'),
(@CGUID + 009, '02', '-265.084594726562500', '-280.246582031250000', '52.30096435546875000', '100', '0', '0'),
(@CGUID + 009, '03', '-285.181427001953125', '-268.796997070312500', '50.19335556030273437', '100', '0', '0'),
(@CGUID + 009, '04', '-309.136871337890625', '-276.407562255859375', '46.02527618408203125', '100', '0', '0'),
(@CGUID + 009, '05', '-307.904907226562500', '-300.111694335937500', '43.77861785888671875', '100', '0', '0'),
(@CGUID + 009, '06', '-274.538513183593750', '-305.921997070312500', '42.35778427124023437', '100', '0', '0'),
(@CGUID + 009, '07', '-260.400299072265625', '-310.149902343750000', '43.08839416503906250', '100', '0', '0'),
(@CGUID + 009, '08', '-253.901931762695312', '-326.765045166015625', '44.84787750244140625', '100', '0', '0'),
(@CGUID + 009, '09', '-237.012893676757812', '-350.895446777343750', '48.30540084838867187', '100', '0', '0');

INSERT INTO `spawn_group` (`Id`, `Name`, `Type`, `MaxCount`, `WorldState`, `Flags`, `StringId`) VALUES
(@SGUID + 000, 'Hillsbrad Foothills - Cave Yeti (1) Wandering 000', '0', '0', '0', '0', '0'),
(@SGUID + 001, 'Hillsbrad Foothills - Cave Yeti (1) Wandering 001', '0', '0', '0', '0', '0'),
(@SGUID + 002, 'Hillsbrad Foothills - Cave Yeti (1) Wandering 002', '0', '0', '0', '0', '0'),
(@SGUID + 003, 'Hillsbrad Foothills - Cave Yeti (1) Wandering 003', '0', '0', '0', '0', '0'),
(@SGUID + 004, 'Hillsbrad Foothills - Cave Yeti (1) Wandering 004', '0', '0', '0', '0', '0'),
(@SGUID + 005, 'Hillsbrad Foothills - Cave Yeti (1) Wandering 005', '0', '0', '0', '0', '0'),
(@SGUID + 006, 'Hillsbrad Foothills - Cave Yeti (1) Wandering 006', '0', '0', '0', '0', '0'),
(@SGUID + 007, 'Hillsbrad Foothills - Cave Yeti | Ferocious Yeti (1) Patrol 000', '0', '0', '0', '0', '0'),
(@SGUID + 008, 'Hillsbrad Foothills - Cave Yeti | Ferocious Yeti (1) Patrol 001', '0', '0', '0', '0', '0'),
(@SGUID + 009, 'Hillsbrad Foothills - Cave Yeti | Ferocious Yeti (1) Patrol 002', '0', '0', '0', '0', '0'),
(@SGUID + 010, 'Hillsbrad Foothills - Cave Yeti | Ferocious Yeti (1) Wandering 000', '0', '0', '0', '0', '0'),
(@SGUID + 011, 'Hillsbrad Foothills - Cave Yeti | Ferocious Yeti (1) Wandering 001', '0', '0', '0', '0', '0'),
(@SGUID + 012, 'Hillsbrad Foothills - Cave Yeti | Ferocious Yeti (1) Wandering 002', '0', '0', '0', '0', '0'),
(@SGUID + 013, 'Hillsbrad Foothills - Cave Yeti | Ferocious Yeti (1) Wandering 003', '0', '0', '0', '0', '0'),
(@SGUID + 014, 'Hillsbrad Foothills - Cave Yeti | Ferocious Yeti (1) Wandering 004', '0', '0', '0', '0', '0'),
(@SGUID + 015, 'Hillsbrad Foothills - Cave Yeti | Ferocious Yeti (1) Wandering 005', '0', '0', '0', '0', '0'),
(@SGUID + 016, 'Hillsbrad Foothills - Cave Yeti | Ferocious Yeti (1) Wandering 006', '0', '0', '0', '0', '0'),
(@SGUID + 017, 'Hillsbrad Foothills - Cave Yeti | Ferocious Yeti (1) Wandering 007', '0', '0', '0', '0', '0'),
(@SGUID + 018, 'Hillsbrad Foothills - Cave Yeti | Ferocious Yeti (1) Wandering 008', '0', '0', '0', '0', '0'),
(@SGUID + 019, 'Hillsbrad Foothills - Cave Yeti | Ferocious Yeti (1) Wandering 009', '0', '0', '0', '0', '0'),
(@SGUID + 020, 'Hillsbrad Foothills - Cave Yeti | Ferocious Yeti (1) Wandering 010', '0', '0', '0', '0', '0'),
(@SGUID + 021, 'Hillsbrad Foothills - Cave Yeti | Ferocious Yeti (1) Wandering 011', '0', '0', '0', '0', '0'),
(@SGUID + 022, 'Hillsbrad Foothills - Cave Yeti | Ferocious Yeti (1) Wandering 012', '0', '0', '0', '0', '0'),
(@SGUID + 023, 'Hillsbrad Foothills - Cave Yeti | Ferocious Yeti (1) Wandering 013', '0', '0', '0', '0', '0'),
(@SGUID + 024, 'Hillsbrad Foothills - Cave Yeti | Ferocious Yeti (1) Wandering 014', '0', '0', '0', '0', '0'),
(@SGUID + 025, 'Hillsbrad Foothills - Cave Yeti | Ferocious Yeti (1) Wandering 015', '0', '0', '0', '0', '0'),
(@SGUID + 026, 'Hillsbrad Foothills - Cave Yeti | Ferocious Yeti (1) Wandering 016', '0', '0', '0', '0', '0'),
(@SGUID + 027, 'Hillsbrad Foothills - Cave Yeti | Ferocious Yeti (1) Wandering 017', '0', '0', '0', '0', '0'),
(@SGUID + 028, 'Hillsbrad Foothills - Cave Yeti | Ferocious Yeti (1) Wandering 018', '0', '0', '0', '0', '0'),
(@SGUID + 029, 'Hillsbrad Foothills - Cave Yeti | Ferocious Yeti (1) Wandering 019', '0', '0', '0', '0', '0'),
(@SGUID + 030, 'Hillsbrad Foothills - Cave Yeti | Ferocious Yeti (1) Wandering 020', '0', '0', '0', '0', '0'),
(@SGUID + 031, 'Hillsbrad Foothills - Cave Yeti | Ferocious Yeti (1) Wandering 021', '0', '0', '0', '0', '0'),
(@SGUID + 032, 'Hillsbrad Foothills - Cave Yeti | Ferocious Yeti (1) Wandering 022', '0', '0', '0', '0', '0'),
(@SGUID + 033, 'Hillsbrad Foothills - Cave Yeti | Ferocious Yeti (1) Wandering 023', '0', '0', '0', '0', '0');

INSERT INTO `spawn_group_spawn` (`Id`, `Guid`, `SlotId`, `Chance`) VALUES
(@SGUID + 000, @CGUID + 000, '0', '0'),
(@SGUID + 001, @CGUID + 001, '0', '0'),
(@SGUID + 002, @CGUID + 002, '0', '0'),
(@SGUID + 003, @CGUID + 003, '0', '0'),
(@SGUID + 004, @CGUID + 004, '0', '0'),
(@SGUID + 005, @CGUID + 005, '0', '0'),
(@SGUID + 006, @CGUID + 006, '0', '0'),
(@SGUID + 007, @CGUID + 007, '0', '0'),
(@SGUID + 008, @CGUID + 008, '0', '0'),
(@SGUID + 009, @CGUID + 009, '0', '0'),
(@SGUID + 010, @CGUID + 010, '0', '0'),
(@SGUID + 011, @CGUID + 011, '0', '0'),
(@SGUID + 012, @CGUID + 012, '0', '0'),
(@SGUID + 013, @CGUID + 013, '0', '0'),
(@SGUID + 014, @CGUID + 014, '0', '0'),
(@SGUID + 015, @CGUID + 015, '0', '0'),
(@SGUID + 016, @CGUID + 016, '0', '0'),
(@SGUID + 017, @CGUID + 017, '0', '0'),
(@SGUID + 018, @CGUID + 018, '0', '0'),
(@SGUID + 019, @CGUID + 019, '0', '0'),
(@SGUID + 020, @CGUID + 020, '0', '0'),
(@SGUID + 021, @CGUID + 021, '0', '0'),
(@SGUID + 022, @CGUID + 022, '0', '0'),
(@SGUID + 023, @CGUID + 023, '0', '0'),
(@SGUID + 024, @CGUID + 024, '0', '0'),
(@SGUID + 025, @CGUID + 025, '0', '0'),
(@SGUID + 026, @CGUID + 026, '0', '0'),
(@SGUID + 027, @CGUID + 027, '0', '0'),
(@SGUID + 028, @CGUID + 028, '0', '0'),
(@SGUID + 029, @CGUID + 029, '0', '0'),
(@SGUID + 030, @CGUID + 030, '0', '0'),
(@SGUID + 031, @CGUID + 031, '0', '0'),
(@SGUID + 032, @CGUID + 032, '0', '0'),
(@SGUID + 033, @CGUID + 033, '0', '0');

INSERT INTO `spawn_group_entry` (`Id`, `Entry`, `MinCount`, `MaxCount`, `Chance`) VALUES
(@SGUID + 000, '2248', '0', '0', '0'),
(@SGUID + 001, '2248', '0', '0', '0'),
(@SGUID + 002, '2248', '0', '0', '0'),
(@SGUID + 003, '2248', '0', '0', '0'),
(@SGUID + 004, '2248', '0', '0', '0'),
(@SGUID + 005, '2248', '0', '0', '0'),
(@SGUID + 006, '2248', '0', '0', '0'),
(@SGUID + 007, '2248', '0', '0', '0'), (@SGUID + 007, '2249', '0', '0', '0'),
(@SGUID + 008, '2248', '0', '0', '0'), (@SGUID + 008, '2249', '0', '0', '0'),
(@SGUID + 009, '2248', '0', '0', '0'), (@SGUID + 009, '2249', '0', '0', '0'),
(@SGUID + 010, '2248', '0', '0', '0'), (@SGUID + 010, '2249', '0', '0', '0'),
(@SGUID + 011, '2248', '0', '0', '0'), (@SGUID + 011, '2249', '0', '0', '0'),
(@SGUID + 012, '2248', '0', '0', '0'), (@SGUID + 012, '2249', '0', '0', '0'),
(@SGUID + 013, '2248', '0', '0', '0'), (@SGUID + 013, '2249', '0', '0', '0'),
(@SGUID + 014, '2248', '0', '0', '0'), (@SGUID + 014, '2249', '0', '0', '0'),
(@SGUID + 015, '2248', '0', '0', '0'), (@SGUID + 015, '2249', '0', '0', '0'),
(@SGUID + 016, '2248', '0', '0', '0'), (@SGUID + 016, '2249', '0', '0', '0'),
(@SGUID + 017, '2248', '0', '0', '0'), (@SGUID + 017, '2249', '0', '0', '0'),
(@SGUID + 018, '2248', '0', '0', '0'), (@SGUID + 018, '2249', '0', '0', '0'),
(@SGUID + 019, '2248', '0', '0', '0'), (@SGUID + 019, '2249', '0', '0', '0'),
(@SGUID + 020, '2248', '0', '0', '0'), (@SGUID + 020, '2249', '0', '0', '0'),
(@SGUID + 021, '2248', '0', '0', '0'), (@SGUID + 021, '2249', '0', '0', '0'),
(@SGUID + 022, '2248', '0', '0', '0'), (@SGUID + 022, '2249', '0', '0', '0'),
(@SGUID + 023, '2248', '0', '0', '0'), (@SGUID + 023, '2249', '0', '0', '0'),
(@SGUID + 024, '2248', '0', '0', '0'), (@SGUID + 024, '2249', '0', '0', '0'),
(@SGUID + 025, '2248', '0', '0', '0'), (@SGUID + 025, '2249', '0', '0', '0'),
(@SGUID + 026, '2248', '0', '0', '0'), (@SGUID + 026, '2249', '0', '0', '0'),
(@SGUID + 027, '2248', '0', '0', '0'), (@SGUID + 027, '2249', '0', '0', '0'),
(@SGUID + 028, '2248', '0', '0', '0'), (@SGUID + 028, '2249', '0', '0', '0'),
(@SGUID + 029, '2248', '0', '0', '0'), (@SGUID + 029, '2249', '0', '0', '0'),
(@SGUID + 030, '2248', '0', '0', '0'), (@SGUID + 030, '2249', '0', '0', '0'),
(@SGUID + 031, '2248', '0', '0', '0'), (@SGUID + 031, '2249', '0', '0', '0'),
(@SGUID + 032, '2248', '0', '0', '0'), (@SGUID + 032, '2249', '0', '0', '0'),
(@SGUID + 033, '2248', '0', '0', '0'), (@SGUID + 033, '2249', '0', '0', '0');
