DELETE FROM `creature` WHERE (`guid` IN ('21042', '21043', '21044', '21064', '21066', '21065', '21039', '21050', '21052', '21054', '21056', '21067', '21098', '21099', '21101', '21041', '21051', '21057', '21040', '21053', '21100', '21102', '21103'));
DELETE FROM `creature_movement` WHERE (`id` IN ('21040', '21053', '21100', '21103'));

SET @CGUID := 20970;
SET @SGUID := 11079;

INSERT INTO `creature` (`guid`, `id`, `map`, `spawnMask`, `position_x`, `position_y`, `position_z`, `orientation`, `spawntimesecsmin`, `spawntimesecsmax`, `spawndist`, `MovementType`) VALUES
(@CGUID + 000, '0', '1', '1', '-5467.08544921875', '-1651.0065917968750', '26.94258689880371093', '2.316157102584838867', '300', '300', '00', '4'),
(@CGUID + 001, '0', '1', '1', '-5416.70751953125', '-1651.8118896484375', '-50.7205314636230468', '2.251474618911743164', '300', '300', '45', '1'),
(@CGUID + 002, '0', '1', '1', '-5349.09179687500', '-1650.2734375000000', '-53.8759765625000000', '3.484354019165039062', '300', '300', '45', '1'),
(@CGUID + 003, '0', '1', '1', '-5382.30761718750', '-1682.9986572265625', '-53.4824943542480468', '1.248679399490356445', '300', '300', '45', '1'),
(@CGUID + 004, '0', '1', '1', '-5382.42480468750', '-1649.1652832031250', '-54.4458312988281250', '4.157047271728515625', '300', '300', '45', '1'),
(@CGUID + 005, '0', '1', '1', '-5416.39404296875', '-1681.7926025390625', '-51.3021850585937500', '6.118137359619140625', '300', '300', '45', '1'),
(@CGUID + 006, '0', '1', '1', '-5437.96191406250', '-1699.8831787109375', '-38.4809875488281250', '1.591293692588806152', '300', '300', '45', '1'),
(@CGUID + 007, '0', '1', '1', '-5383.07275390625', '-1615.7891845703125', '-55.2583007812500000', '4.367116928100585937', '300', '300', '45', '1'),
(@CGUID + 008, '0', '1', '1', '-5485.42822265625', '-1628.8088378906250', '27.63051795959472656', '0.034906584769487380', '300', '300', '00', '4'),
(@CGUID + 009, '0', '1', '1', '-5606.99316406250', '-1583.2797851562500', '12.50986671447753906', '1.063697814941406250', '300', '300', '00', '4'),
(@CGUID + 010, '0', '1', '1', '-5515.55957031250', '-1580.3743896484375', '29.19502258300781250', '4.980279922485351562', '300', '300', '00', '4'),
(@CGUID + 011, '0', '1', '1', '-5578.64892578125', '-1576.3264160156250', '10.53929710388183593', '5.169055938720703125', '300', '300', '05', '1'),
(@CGUID + 012, '0', '1', '1', '-5615.49511718750', '-1584.2303466796875', '12.57625865936279296', '3.868321895599365234', '300', '300', '05', '1'),
(@CGUID + 013, '0', '1', '1', '-5598.57275390625', '-1576.6748046875000', '12.28646659851074218', '5.242191314697265625', '300', '300', '05', '1'),
(@CGUID + 014, '0', '1', '1', '-5584.75732421875', '-1623.6773681640625', '15.54309654235839843', '5.179795265197753906', '300', '300', '05', '1'),
(@CGUID + 015, '0', '1', '1', '-5599.30468750000', '-1607.2213134765625', '13.56645393371582031', '4.947752952575683593', '300', '300', '05', '1'),
(@CGUID + 016, '0', '1', '1', '-5612.57666015625', '-1607.9229736328125', '14.62030887603759765', '3.816843509674072265', '300', '300', '05', '1'),
(@CGUID + 017, '0', '1', '1', '-5513.06250000000', '-1575.7592773437500', '28.57674217224121093', '4.000764846801757812', '300', '300', '05', '1'),
(@CGUID + 018, '0', '1', '1', '-5510.72607421875', '-1589.2917480468750', '28.07126235961914062', '1.190461039543151855', '300', '300', '05', '1'),
(@CGUID + 019, '0', '1', '1', '-5557.96337890625', '-1631.9249267578125', '22.06213569641113281', '5.992482662200927734', '300', '300', '05', '1'),
(@CGUID + 020, '0', '1', '1', '-5532.98779296875', '-1601.9055175781250', '29.33683395385742187', '0.097705513238906860', '300', '300', '05', '1'),
(@CGUID + 021, '0', '1', '1', '-5539.39892578125', '-1593.1744384765625', '29.02005386352539062', '2.425678253173828125', '300', '300', '05', '1'),
(@CGUID + 022, '0', '1', '1', '-5498.43115234375', '-1624.7369384765625', '26.83120727539062500', '0.929371237754821777', '300', '300', '05', '1'),
(@CGUID + 023, '0', '1', '1', '-5492.40039062500', '-1606.8350830078125', '27.64176940917968750', '2.433421373367309570', '300', '300', '05', '1'),
(@CGUID + 024, '0', '1', '1', '-5464.86718750000', '-1636.3170166015625', '29.18745040893554687', '3.082686901092529296', '300', '300', '05', '1');

INSERT INTO `creature_movement` (`Id`, `Point`, `PositionX`, `PositionY`, `PositionZ`, `Orientation`, `WaitTime`, `ScriptId`) VALUES
(@CGUID + 000, '01', '-5467.72314453125', '-1650.3156738281250', '27.46588134765625000', '100', '0', '0'),
(@CGUID + 000, '02', '-5466.55371093750', '-1658.9676513671875', '23.92840385437011718', '100', '0', '0'),
(@CGUID + 000, '03', '-5467.97070312500', '-1664.8027343750000', '21.43744277954101562', '100', '0', '0'),
(@CGUID + 000, '04', '-5470.65966796875', '-1675.3095703125000', '15.51346874237060546', '100', '0', '0'),
(@CGUID + 000, '05', '-5470.73828125000', '-1685.3105468750000', '9.571016311645507812', '100', '0', '0'),
(@CGUID + 000, '06', '-5470.86132812500', '-1694.0899658203125', '4.298313140869140625', '100', '0', '0'),
(@CGUID + 000, '07', '-5468.28027343750', '-1696.3398437500000', '1.190879464149475097', '100', '0', '0'),
(@CGUID + 000, '08', '-5465.54150390625', '-1696.6258544921875', '-1.36230051517486572', '100', '0', '0'),
(@CGUID + 000, '09', '-5462.47998046875', '-1692.8060302734375', '-4.24744462966918945', '100', '0', '0'),
(@CGUID + 000, '10', '-5457.72509765625', '-1685.7762451171875', '-9.46290969848632812', '100', '0', '0'),
(@CGUID + 000, '11', '-5453.38037109375', '-1676.8728027343750', '-14.6738204956054687', '100', '0', '0'),
(@CGUID + 000, '12', '-5448.44091796875', '-1668.5014648437500', '-20.1577758789062500', '100', '0', '0'),
(@CGUID + 000, '13', '-5441.35644531250', '-1659.4566650390625', '-26.9077739715576171', '100', '0', '0'),
(@CGUID + 000, '14', '-5437.03466796875', '-1654.8862304687500', '-30.9707298278808593', '100', '0', '0'),

(@CGUID + 008, '01', '-5484.05859375000', '-1629.8177490234375', '28.04794883728027343', '100', '0', '0'),
(@CGUID + 008, '02', '-5491.51416015625', '-1628.7612304687500', '27.38097381591796875', '100', '0', '0'),
(@CGUID + 008, '03', '-5498.06738281250', '-1626.4549560546875', '26.86795616149902343', '100', '0', '0'),
(@CGUID + 008, '04', '-5499.20654296875', '-1621.5977783203125', '27.80634498596191406', '100', '0', '0'),
(@CGUID + 008, '05', '-5498.26757812500', '-1617.8590087890625', '28.35617065429687500', '100', '0', '0'),
(@CGUID + 008, '06', '-5496.34277343750', '-1613.2043457031250', '29.19667053222656250', '100', '0', '0'),
(@CGUID + 008, '07', '-5495.56005859375', '-1603.8742675781250', '27.83534622192382812', '100', '0', '0'),
(@CGUID + 008, '08', '-5499.52832031250', '-1598.8344726562500', '28.25476646423339843', '100', '0', '0'),
(@CGUID + 008, '09', '-5502.49169921875', '-1594.7166748046875', '28.37257003784179687', '100', '0', '0'),
(@CGUID + 008, '10', '-5506.98242187500', '-1591.5554199218750', '28.26099967956542968', '100', '0', '0'),

(@CGUID + 009, '01', '-5606.65625000000', '-1582.6733398437500', '12.50210952758789062', '100', '0', '0'),
(@CGUID + 009, '02', '-5608.41357421875', '-1588.9626464843750', '13.21165466308593750', '100', '0', '0'),
(@CGUID + 009, '03', '-5604.49121093750', '-1595.5447998046875', '10.97657012939453125', '100', '0', '0'),
(@CGUID + 009, '04', '-5601.57910156250', '-1602.7539062500000', '13.02133178710937500', '100', '0', '0'),
(@CGUID + 009, '05', '-5596.50097656250', '-1609.2404785156250', '13.91601181030273437', '100', '0', '0'),
(@CGUID + 009, '06', '-5592.20214843750', '-1615.3583984375000', '14.98151111602783203', '100', '0', '0'),
(@CGUID + 009, '07', '-5587.00341796875', '-1620.8582763671875', '15.11227893829345703', '100', '0', '0'),
(@CGUID + 009, '08', '-5581.19189453125', '-1625.3519287109375', '16.26929664611816406', '100', '0', '0'),
(@CGUID + 009, '09', '-5576.55957031250', '-1627.0507812500000', '17.95885658264160156', '100', '0', '0'),
(@CGUID + 009, '10', '-5569.80371093750', '-1629.8892822265625', '20.11680412292480468', '100', '0', '0'),

(@CGUID + 010, '01', '-5515.47363281250', '-1580.4672851562500', '29.24455642700195312', '100', '0', '0'),
(@CGUID + 010, '02', '-5514.00195312500', '-1586.0496826171875', '28.20516967773437500', '100', '0', '0'),
(@CGUID + 010, '03', '-5514.09912109375', '-1589.2888183593750', '28.41573715209960937', '100', '0', '0'),
(@CGUID + 010, '04', '-5518.25683593750', '-1593.3613281250000', '29.48577690124511718', '100', '0', '0'),
(@CGUID + 010, '05', '-5525.84228515625', '-1596.0346679687500', '30.02995300292968750', '100', '0', '0'),
(@CGUID + 010, '06', '-5534.33837890625', '-1596.6674804687500', '29.56578063964843750', '100', '0', '0'),
(@CGUID + 010, '07', '-5537.77978515625', '-1601.5468750000000', '28.36096763610839843', '100', '0', '0'),
(@CGUID + 010, '08', '-5539.97021484375', '-1606.9886474609375', '26.99191474914550781', '100', '0', '0'),
(@CGUID + 010, '09', '-5541.49707031250', '-1612.3616943359375', '25.92737960815429687', '100', '0', '0'),
(@CGUID + 010, '10', '-5542.80908203125', '-1619.9669189453125', '23.99998283386230468', '100', '0', '0'),
(@CGUID + 010, '11', '-5545.72119140625', '-1625.3647460937500', '23.31828117370605468', '100', '0', '0'),
(@CGUID + 010, '12', '-5550.23681640625', '-1629.3040771484375', '22.88010406494140625', '100', '0', '0'),
(@CGUID + 010, '13', '-5556.14794921875', '-1631.1412353515625', '22.22649765014648437', '100', '0', '0'),
(@CGUID + 010, '14', '-5562.71777343750', '-1631.3007812500000', '21.62122535705566406', '100', '0', '0');

INSERT INTO `spawn_group` (`Id`, `Name`, `Type`, `MaxCount`, `WorldState`, `Flags`, `StringId`) VALUES
(@SGUID + 000, 'Thousand Needles - Screeching Harpy | Screeching Roguefeather (1) Patrol 000', '0', '0', '0', '0', '0'),
(@SGUID + 001, 'Thousand Needles - Screeching Harpy | Screeching Roguefeather (1) Wandering 000', '0', '0', '0', '0', '0'),
(@SGUID + 002, 'Thousand Needles - Screeching Harpy | Screeching Roguefeather (1) Wandering 001', '0', '0', '0', '0', '0'),
(@SGUID + 003, 'Thousand Needles - Screeching Harpy | Screeching Roguefeather (1) Wandering 002', '0', '0', '0', '0', '0'),
(@SGUID + 004, 'Thousand Needles - Screeching Harpy | Screeching Roguefeather (1) Wandering 003', '0', '0', '0', '0', '0'),
(@SGUID + 005, 'Thousand Needles - Screeching Harpy | Screeching Roguefeather (1) Wandering 004', '0', '0', '0', '0', '0'),
(@SGUID + 006, 'Thousand Needles - Screeching Harpy | Screeching Roguefeather (1) Wandering 005', '0', '0', '0', '0', '0'),
(@SGUID + 007, 'Thousand Needles - Screeching Harpy | Screeching Roguefeather (1) Wandering 006', '0', '0', '0', '0', '0'),
(@SGUID + 008, 'Thousand Needles - Screeching Harpy | Screeching Roguefeather | Screeching Windcaller (1) Patrol 000', '0', '0', '0', '0', '0'),
(@SGUID + 009, 'Thousand Needles - Screeching Harpy | Screeching Roguefeather | Screeching Windcaller (1) Patrol 001', '0', '0', '0', '0', '0'),
(@SGUID + 010, 'Thousand Needles - Screeching Harpy | Screeching Roguefeather | Screeching Windcaller (1) Patrol 002', '0', '0', '0', '0', '0'),
(@SGUID + 011, 'Thousand Needles - Screeching Harpy | Screeching Roguefeather | Screeching Windcaller (1) Wandering 000', '0', '0', '0', '0', '0'),
(@SGUID + 012, 'Thousand Needles - Screeching Harpy | Screeching Roguefeather | Screeching Windcaller (1) Wandering 001', '0', '0', '0', '0', '0'),
(@SGUID + 013, 'Thousand Needles - Screeching Harpy | Screeching Roguefeather | Screeching Windcaller (1) Wandering 002', '0', '0', '0', '0', '0'),
(@SGUID + 014, 'Thousand Needles - Screeching Harpy | Screeching Roguefeather | Screeching Windcaller (1) Wandering 003', '0', '0', '0', '0', '0'),
(@SGUID + 015, 'Thousand Needles - Screeching Harpy | Screeching Roguefeather | Screeching Windcaller (1) Wandering 004', '0', '0', '0', '0', '0'),
(@SGUID + 016, 'Thousand Needles - Screeching Harpy | Screeching Roguefeather | Screeching Windcaller (1) Wandering 005', '0', '0', '0', '0', '0'),
(@SGUID + 017, 'Thousand Needles - Screeching Harpy | Screeching Roguefeather | Screeching Windcaller (1) Wandering 006', '0', '0', '0', '0', '0'),
(@SGUID + 018, 'Thousand Needles - Screeching Harpy | Screeching Roguefeather | Screeching Windcaller (1) Wandering 007', '0', '0', '0', '0', '0'),
(@SGUID + 019, 'Thousand Needles - Screeching Harpy | Screeching Roguefeather | Screeching Windcaller (1) Wandering 008', '0', '0', '0', '0', '0'),
(@SGUID + 020, 'Thousand Needles - Screeching Harpy | Screeching Roguefeather | Screeching Windcaller (1) Wandering 009', '0', '0', '0', '0', '0'),
(@SGUID + 021, 'Thousand Needles - Screeching Harpy | Screeching Roguefeather | Screeching Windcaller (1) Wandering 010', '0', '0', '0', '0', '0'),
(@SGUID + 022, 'Thousand Needles - Screeching Harpy | Screeching Roguefeather | Screeching Windcaller (1) Wandering 011', '0', '0', '0', '0', '0'),
(@SGUID + 023, 'Thousand Needles - Screeching Harpy | Screeching Roguefeather | Screeching Windcaller (1) Wandering 012', '0', '0', '0', '0', '0'),
(@SGUID + 024, 'Thousand Needles - Screeching Harpy | Screeching Roguefeather | Screeching Windcaller (1) Wandering 013', '0', '0', '0', '0', '0');

INSERT INTO `spawn_group_spawn` (`Id`, `Guid`, `SlotId`, `Chance`) VALUES
(@SGUID + 000, @CGUID + 000, '0', '0'),
(@SGUID + 001, @CGUID + 001, '0', '0'),
(@SGUID + 002, @CGUID + 002, '0', '0'),
(@SGUID + 003, @CGUID + 003, '0', '0'),
(@SGUID + 004, @CGUID + 004, '0', '0'),
(@SGUID + 005, @CGUID + 005, '0', '0'),
(@SGUID + 006, @CGUID + 006, '0', '0'),
(@SGUID + 007, @CGUID + 007, '0', '0'),
(@SGUID + 008, @CGUID + 008, '0', '0'),
(@SGUID + 009, @CGUID + 009, '0', '0'),
(@SGUID + 010, @CGUID + 010, '0', '0'),
(@SGUID + 011, @CGUID + 011, '0', '0'),
(@SGUID + 012, @CGUID + 012, '0', '0'),
(@SGUID + 013, @CGUID + 013, '0', '0'),
(@SGUID + 014, @CGUID + 014, '0', '0'),
(@SGUID + 015, @CGUID + 015, '0', '0'),
(@SGUID + 016, @CGUID + 016, '0', '0'),
(@SGUID + 017, @CGUID + 017, '0', '0'),
(@SGUID + 018, @CGUID + 018, '0', '0'),
(@SGUID + 019, @CGUID + 019, '0', '0'),
(@SGUID + 020, @CGUID + 020, '0', '0'),
(@SGUID + 021, @CGUID + 021, '0', '0'),
(@SGUID + 022, @CGUID + 022, '0', '0'),
(@SGUID + 023, @CGUID + 023, '0', '0'),
(@SGUID + 024, @CGUID + 024, '0', '0');

INSERT INTO `spawn_group_entry` (`Id`, `Entry`, `MinCount`, `MaxCount`, `Chance`) VALUES
(@SGUID + 000, '4100', '0', '0', '0'), (@SGUID + 000, '4101', '0', '0', '0'),
(@SGUID + 001, '4100', '0', '0', '0'), (@SGUID + 001, '4101', '0', '0', '0'),
(@SGUID + 002, '4100', '0', '0', '0'), (@SGUID + 002, '4101', '0', '0', '0'),
(@SGUID + 003, '4100', '0', '0', '0'), (@SGUID + 003, '4101', '0', '0', '0'),
(@SGUID + 004, '4100', '0', '0', '0'), (@SGUID + 004, '4101', '0', '0', '0'),
(@SGUID + 005, '4100', '0', '0', '0'), (@SGUID + 005, '4101', '0', '0', '0'),
(@SGUID + 006, '4100', '0', '0', '0'), (@SGUID + 006, '4101', '0', '0', '0'),
(@SGUID + 007, '4100', '0', '0', '0'), (@SGUID + 007, '4101', '0', '0', '0'),
(@SGUID + 008, '4100', '0', '0', '0'), (@SGUID + 008, '4101', '0', '0', '0'), (@SGUID + 008, '4104', '0', '0', '0'),
(@SGUID + 009, '4100', '0', '0', '0'), (@SGUID + 009, '4101', '0', '0', '0'), (@SGUID + 009, '4104', '0', '0', '0'),
(@SGUID + 010, '4100', '0', '0', '0'), (@SGUID + 010, '4101', '0', '0', '0'), (@SGUID + 010, '4104', '0', '0', '0'),
(@SGUID + 011, '4100', '0', '0', '0'), (@SGUID + 011, '4101', '0', '0', '0'), (@SGUID + 011, '4104', '0', '0', '0'),
(@SGUID + 012, '4100', '0', '0', '0'), (@SGUID + 012, '4101', '0', '0', '0'), (@SGUID + 012, '4104', '0', '0', '0'),
(@SGUID + 013, '4100', '0', '0', '0'), (@SGUID + 013, '4101', '0', '0', '0'), (@SGUID + 013, '4104', '0', '0', '0'),
(@SGUID + 014, '4100', '0', '0', '0'), (@SGUID + 014, '4101', '0', '0', '0'), (@SGUID + 014, '4104', '0', '0', '0'),
(@SGUID + 015, '4100', '0', '0', '0'), (@SGUID + 015, '4101', '0', '0', '0'), (@SGUID + 015, '4104', '0', '0', '0'),
(@SGUID + 016, '4100', '0', '0', '0'), (@SGUID + 016, '4101', '0', '0', '0'), (@SGUID + 016, '4104', '0', '0', '0'),
(@SGUID + 017, '4100', '0', '0', '0'), (@SGUID + 017, '4101', '0', '0', '0'), (@SGUID + 017, '4104', '0', '0', '0'),
(@SGUID + 018, '4100', '0', '0', '0'), (@SGUID + 018, '4101', '0', '0', '0'), (@SGUID + 018, '4104', '0', '0', '0'),
(@SGUID + 019, '4100', '0', '0', '0'), (@SGUID + 019, '4101', '0', '0', '0'), (@SGUID + 019, '4104', '0', '0', '0'),
(@SGUID + 020, '4100', '0', '0', '0'), (@SGUID + 020, '4101', '0', '0', '0'), (@SGUID + 020, '4104', '0', '0', '0'),
(@SGUID + 021, '4100', '0', '0', '0'), (@SGUID + 021, '4101', '0', '0', '0'), (@SGUID + 021, '4104', '0', '0', '0'),
(@SGUID + 022, '4100', '0', '0', '0'), (@SGUID + 022, '4101', '0', '0', '0'), (@SGUID + 022, '4104', '0', '0', '0'),
(@SGUID + 023, '4100', '0', '0', '0'), (@SGUID + 023, '4101', '0', '0', '0'), (@SGUID + 023, '4104', '0', '0', '0'),
(@SGUID + 024, '4100', '0', '0', '0'), (@SGUID + 024, '4101', '0', '0', '0'), (@SGUID + 024, '4104', '0', '0', '0');
