DELETE FROM `creature` WHERE (`guid` IN ('22730', '22735', '23410' , '23411'));

SET @CGUID := 22780;
SET @SGUID := 11110;

INSERT INTO `creature` (`guid`, `id`, `map`, `spawnMask`, `position_x`, `position_y`, `position_z`, `orientation`, `spawntimesecsmin`, `spawntimesecsmax`, `spawndist`, `MovementType`) VALUES
(@CGUID + 000, '0', '1', '1', '-9447.3535156250', '-2311.487792968750', '13.04445171356201171', '4.885818481445312500', '300', '300', '0', '2'),
(@CGUID + 001, '0', '1', '1', '-9344.1679687500', '-3254.193847656250', '9.951151847839355468', '4.993139743804931640', '300', '300', '0', '2'),
(@CGUID + 002, '0', '1', '1', '-8547.3281250000', '-2521.588623046875', '47.38054275512695312', '1.220149397850036621', '300', '300', '0', '2'),
(@CGUID + 003, '0', '1', '1', '-9419.0732421875', '-2519.353515625000', '13.13672828674316406', '5.936859130859375000', '300', '300', '0', '2'),
(@CGUID + 004, '0', '1', '1', '-9380.8808593750', '-3191.871093750000', '9.565829277038574218', '6.169725894927978515', '300', '300', '0', '4');

INSERT INTO `creature_movement` (`Id`, `Point`, `PositionX`, `PositionY`, `PositionZ`, `Orientation`, `WaitTime`, `ScriptId`) VALUES
(@CGUID + 000, '01', '-9432.2910156250', '-2286.458984375000', '11.17045021057128906', '100', '0', '0'),
(@CGUID + 000, '02', '-9418.4072265625', '-2265.040039062500', '10.55861759185791015', '100', '0', '0'),
(@CGUID + 000, '03', '-9387.7080078125', '-2255.407714843750', '10.89895534515380859', '100', '0', '0'),
(@CGUID + 000, '04', '-9355.4130859375', '-2249.829345703125', '9.670322418212890625', '100', '0', '0'),
(@CGUID + 000, '05', '-9319.6171875000', '-2255.700927734375', '9.303171157836914062', '100', '0', '0'),
(@CGUID + 000, '06', '-9290.3320312500', '-2255.886962890625', '8.147867202758789062', '100', '0', '0'),
(@CGUID + 000, '07', '-9269.6289062500', '-2230.687500000000', '8.893816947937011718', '100', '0', '0'),
(@CGUID + 000, '08', '-9250.2529296875', '-2213.952636718750', '8.069734573364257812', '100', '0', '0'),
(@CGUID + 000, '09', '-9221.3330078125', '-2232.869873046875', '8.454463958740234375', '100', '0', '0'),
(@CGUID + 000, '10', '-9182.2695312500', '-2258.175048828125', '12.89111995697021484', '100', '0', '0'),
(@CGUID + 000, '11', '-9154.7255859375', '-2279.561767578125', '11.69612121582031250', '100', '0', '0'),
(@CGUID + 000, '12', '-9120.7988281250', '-2286.664550781250', '8.724493026733398437', '100', '0', '0'),
(@CGUID + 000, '13', '-9101.9384765625', '-2323.848876953125', '12.39300251007080078', '100', '0', '0'),
(@CGUID + 000, '14', '-9076.5566406250', '-2349.373046875000', '14.66810417175292968', '100', '0', '0'),
(@CGUID + 000, '15', '-9065.7724609375', '-2367.703369140625', '15.07260704040527343', '100', '0', '0'),
(@CGUID + 000, '16', '-9050.1660156250', '-2412.041015625000', '12.35745525360107421', '100', '0', '0'),
(@CGUID + 000, '17', '-9052.1855468750', '-2448.200195312500', '11.30616188049316406', '100', '0', '0'),
(@CGUID + 000, '18', '-9085.8769531250', '-2479.466796875000', '13.07320213317871093', '100', '0', '0'),
(@CGUID + 000, '19', '-9108.3710937500', '-2450.712158203125', '13.44131183624267578', '100', '0', '0'),
(@CGUID + 000, '20', '-9122.2783203125', '-2424.206542968750', '12.01519393920898437', '100', '0', '0'),
(@CGUID + 000, '21', '-9150.5048828125', '-2410.171142578125', '13.99623680114746093', '100', '0', '0'),
(@CGUID + 000, '22', '-9190.2480468750', '-2421.655029296875', '11.31167221069335937', '100', '0', '0'),
(@CGUID + 000, '23', '-9186.6542968750', '-2381.810546875000', '14.29308605194091796', '100', '0', '0'),
(@CGUID + 000, '24', '-9221.6005859375', '-2378.989501953125', '9.194367408752441406', '100', '0', '0'),
(@CGUID + 000, '25', '-9249.5996093750', '-2379.208984375000', '9.674419403076171875', '100', '0', '0'),
(@CGUID + 000, '26', '-9294.3427734375', '-2389.738281250000', '9.353342056274414062', '100', '0', '0'),
(@CGUID + 000, '27', '-9313.3789062500', '-2384.879638671875', '10.63077735900878906', '100', '0', '0'),
(@CGUID + 000, '28', '-9315.5126953125', '-2350.405761718750', '10.10389709472656250', '100', '0', '0'),
(@CGUID + 000, '29', '-9325.8281250000', '-2321.473632812500', '13.23990821838378906', '100', '0', '0'),
(@CGUID + 000, '30', '-9353.4355468750', '-2311.291259765625', '10.61248779296875000', '100', '0', '0'),
(@CGUID + 000, '31', '-9385.0595703125', '-2295.812500000000', '13.63875579833984375', '100', '0', '0'),
(@CGUID + 000, '32', '-9417.5957031250', '-2303.720458984375', '10.19332981109619140', '100', '0', '0'),
(@CGUID + 000, '33', '-9437.9296875000', '-2326.656250000000', '11.71352958679199218', '100', '0', '0'),
(@CGUID + 000, '34', '-9451.1806640625', '-2328.438232421875', '12.87790870666503906', '100', '0', '0'),
(@CGUID + 000, '35', '-9446.8115234375', '-2314.581542968750', '12.90997505187988281', '100', '0', '0'),

(@CGUID + 001, '01', '-9320.7685546875', '-3248.845703125000', '13.20740032196044921', '100', '0', '0'),
(@CGUID + 001, '02', '-9283.1308593750', '-3232.589843750000', '14.97260475158691406', '100', '0', '0'),
(@CGUID + 001, '03', '-9260.1298828125', '-3243.360107421875', '19.27468490600585937', '100', '0', '0'),
(@CGUID + 001, '04', '-9242.4052734375', '-3245.273925781250', '18.20835876464843750', '100', '0', '0'),
(@CGUID + 001, '05', '-9215.4375000000', '-3240.296142578125', '21.53125572204589843', '100', '0', '0'),
(@CGUID + 001, '06', '-9183.9667968750', '-3226.774414062500', '27.85487365722656250', '100', '0', '0'),
(@CGUID + 001, '07', '-9151.3164062500', '-3256.741699218750', '36.13136291503906250', '100', '0', '0'),
(@CGUID + 001, '08', '-9147.2412109375', '-3283.485107421875', '35.22916793823242187', '100', '0', '0'),
(@CGUID + 001, '09', '-9119.9042968750', '-3309.420654296875', '36.97422027587890625', '100', '0', '0'),
(@CGUID + 001, '10', '-9106.6093750000', '-3344.773925781250', '33.84967041015625000', '100', '0', '0'),
(@CGUID + 001, '11', '-9080.5605468750', '-3354.991455078125', '31.51989364624023437', '100', '0', '0'),
(@CGUID + 001, '12', '-9078.4492187500', '-3384.667480468750', '29.53237915039062500', '100', '0', '0'),
(@CGUID + 001, '13', '-9105.9863281250', '-3408.255126953125', '26.99789047241210937', '100', '0', '0'),
(@CGUID + 001, '14', '-9120.4482421875', '-3443.803466796875', '19.10015869140625000', '100', '0', '0'),
(@CGUID + 001, '15', '-9125.4072265625', '-3473.292968750000', '16.28382110595703125', '100', '0', '0'),
(@CGUID + 001, '16', '-9127.7050781250', '-3515.210937500000', '11.99044990539550781', '100', '0', '0'),
(@CGUID + 001, '17', '-9151.4980468750', '-3509.113281250000', '12.76969051361083984', '100', '0', '0'),
(@CGUID + 001, '18', '-9162.5878906250', '-3475.293212890625', '17.19145584106445312', '100', '0', '0'),
(@CGUID + 001, '19', '-9184.3652343750', '-3462.753173828125', '15.22582149505615234', '100', '0', '0'),
(@CGUID + 001, '20', '-9225.4746093750', '-3460.253173828125', '11.14323425292968750', '100', '0', '0'),
(@CGUID + 001, '21', '-9247.8115234375', '-3462.593994140625', '9.839579582214355468', '100', '0', '0'),
(@CGUID + 001, '22', '-9281.6933593750', '-3487.072509765625', '13.07864475250244140', '100', '0', '0'),
(@CGUID + 001, '23', '-9302.3359375000', '-3520.207031250000', '10.20482254028320312', '100', '0', '0'),
(@CGUID + 001, '24', '-9340.5576171875', '-3543.768798828125', '10.39544486999511718', '100', '0', '0'),
(@CGUID + 001, '25', '-9352.8203125000', '-3575.061279296875', '11.25701522827148437', '100', '0', '0'),
(@CGUID + 001, '26', '-9381.9130859375', '-3588.235595703125', '10.54041385650634765', '100', '0', '0'),
(@CGUID + 001, '27', '-9384.9707031250', '-3554.053710937500', '12.34381866455078125', '100', '0', '0'),
(@CGUID + 001, '28', '-9403.2919921875', '-3513.729492187500', '11.61666488647460937', '100', '0', '0'),
(@CGUID + 001, '29', '-9414.9306640625', '-3478.192626953125', '11.05865764617919921', '100', '0', '0'),
(@CGUID + 001, '30', '-9390.1933593750', '-3451.469238281250', '9.250702857971191406', '100', '0', '0'),
(@CGUID + 001, '31', '-9371.9003906250', '-3410.523925781250', '9.409759521484375000', '100', '0', '0'),
(@CGUID + 001, '32', '-9355.7158203125', '-3391.891113281250', '12.11553478240966796', '100', '0', '0'),
(@CGUID + 001, '33', '-9373.3095703125', '-3345.792724609375', '10.19577503204345703', '100', '0', '0'),
(@CGUID + 001, '34', '-9356.4570312500', '-3312.271728515625', '9.987246513366699218', '100', '0', '0'),
(@CGUID + 001, '35', '-9345.4101562500', '-3283.310302734375', '11.35177135467529296', '100', '0', '0'),
(@CGUID + 001, '36', '-9343.3642578125', '-3256.980957031250', '9.805130958557128906', '100', '0', '0'),

(@CGUID + 002, '01', '-8552.9931640625', '-2480.630126953125', '43.58976745605468750', '100', '0', '0'),
(@CGUID + 002, '02', '-8554.1386718750', '-2452.038330078125', '39.49771118164062500', '100', '0', '0'),
(@CGUID + 002, '03', '-8560.8164062500', '-2418.295166015625', '35.95244979858398437', '100', '0', '0'),
(@CGUID + 002, '04', '-8584.9394531250', '-2394.041748046875', '36.06273651123046875', '100', '0', '0'),
(@CGUID + 002, '05', '-8602.7001953125', '-2365.413330078125', '33.89320373535156250', '100', '0', '0'),
(@CGUID + 002, '06', '-8612.2070312500', '-2331.177001953125', '28.96505355834960937', '100', '0', '0'),
(@CGUID + 002, '07', '-8613.2031250000', '-2298.274414062500', '23.00893020629882812', '100', '0', '0'),
(@CGUID + 002, '08', '-8596.2255859375', '-2272.710205078125', '20.16155433654785156', '100', '0', '0'),
(@CGUID + 002, '09', '-8587.1699218750', '-2244.272705078125', '17.46678543090820312', '100', '0', '0'),
(@CGUID + 002, '10', '-8556.1289062500', '-2235.965332031250', '24.50625228881835937', '100', '0', '0'),
(@CGUID + 002, '11', '-8519.9658203125', '-2241.717041015625', '26.05261611938476562', '100', '0', '0'),
(@CGUID + 002, '12', '-8490.1386718750', '-2218.689208984375', '25.54828071594238281', '100', '0', '0'),
(@CGUID + 002, '13', '-8456.7324218750', '-2228.298583984375', '19.90684700012207031', '100', '0', '0'),
(@CGUID + 002, '14', '-8417.1601562500', '-2237.218750000000', '18.88458251953125000', '100', '0', '0'),
(@CGUID + 002, '15', '-8380.1962890625', '-2227.798583984375', '15.36701774597167968', '100', '0', '0'),
(@CGUID + 002, '16', '-8349.3574218750', '-2249.828125000000', '17.69555091857910156', '100', '0', '0'),
(@CGUID + 002, '17', '-8343.8095703125', '-2287.210205078125', '23.53313064575195312', '100', '0', '0'),
(@CGUID + 002, '18', '-8340.6699218750', '-2320.668457031250', '25.14926719665527343', '100', '0', '0'),
(@CGUID + 002, '19', '-8339.4863281250', '-2350.835205078125', '22.57168960571289062', '100', '0', '0'),
(@CGUID + 002, '20', '-8355.2656250000', '-2382.774414062500', '27.90193176269531250', '100', '0', '0'),
(@CGUID + 002, '21', '-8348.7812500000', '-2413.644042968750', '31.92746734619140625', '100', '0', '0'),
(@CGUID + 002, '22', '-8346.2255859375', '-2452.965332031250', '40.40525054931640625', '100', '0', '0'),
(@CGUID + 002, '23', '-8344.2607421875', '-2486.059082031250', '44.48834991455078125', '100', '0', '0'),
(@CGUID + 002, '24', '-8378.2138671875', '-2514.703125000000', '43.99817657470703125', '100', '0', '0'),
(@CGUID + 002, '25', '-8410.6005859375', '-2519.810791015625', '46.89253234863281250', '100', '0', '0'),
(@CGUID + 002, '26', '-8416.4794921875', '-2544.899414062500', '46.23678588867187500', '100', '0', '0'),
(@CGUID + 002, '27', '-8444.4511718750', '-2533.020751953125', '49.78962707519531250', '100', '0', '0'),
(@CGUID + 002, '28', '-8483.6474609375', '-2531.137207031250', '43.50554656982421875', '100', '0', '0'),
(@CGUID + 002, '29', '-8508.5957031250', '-2526.782958984375', '43.14655685424804687', '100', '0', '0'),
(@CGUID + 002, '30', '-8545.7011718750', '-2517.154541015625', '46.86783599853515625', '100', '0', '0'),

(@CGUID + 003, '01', '-9396.6396484375', '-2547.475585937500', '14.51880550384521484', '100', '0', '0'),
(@CGUID + 003, '02', '-9380.9238281250', '-2583.621582031250', '12.29161071777343750', '100', '0', '0'),
(@CGUID + 003, '03', '-9384.1025390625', '-2630.790771484375', '13.31372356414794921', '100', '0', '0'),
(@CGUID + 003, '04', '-9372.1318359375', '-2649.452148437500', '11.96731567382812500', '100', '0', '0'),
(@CGUID + 003, '05', '-9342.2001953125', '-2655.097656250000', '10.49068737030029296', '100', '0', '0'),
(@CGUID + 003, '06', '-9313.8476562500', '-2651.707519531250', '9.817366600036621093', '100', '0', '0'),
(@CGUID + 003, '07', '-9281.8876953125', '-2662.852050781250', '10.97669410705566406', '100', '0', '0'),
(@CGUID + 003, '08', '-9284.8427734375', '-2699.722656250000', '10.70173645019531250', '100', '0', '0'),
(@CGUID + 003, '09', '-9264.0234375000', '-2725.310546875000', '12.86223125457763671', '100', '0', '0'),
(@CGUID + 003, '10', '-9224.1757812500', '-2711.190673828125', '16.59833335876464843', '100', '0', '0'),
(@CGUID + 003, '11', '-9190.3007812500', '-2711.890625000000', '20.04908370971679687', '100', '0', '0'),
(@CGUID + 003, '12', '-9174.6191406250', '-2678.359375000000', '17.80528450012207031', '100', '0', '0'),
(@CGUID + 003, '13', '-9137.4277343750', '-2659.137451171875', '25.92065048217773437', '100', '0', '0'),
(@CGUID + 003, '14', '-9115.6816406250', '-2656.976318359375', '26.36733055114746093', '100', '0', '0'),
(@CGUID + 003, '15', '-9107.6025390625', '-2614.376220703125', '23.18203926086425781', '100', '0', '0'),
(@CGUID + 003, '16', '-9124.0205078125', '-2590.663818359375', '21.52391815185546875', '100', '0', '0'),
(@CGUID + 003, '17', '-9152.5000000000', '-2584.329589843750', '19.12607192993164062', '100', '0', '0'),
(@CGUID + 003, '18', '-9180.4550781250', '-2546.749267578125', '12.54204654693603515', '100', '0', '0'),
(@CGUID + 003, '19', '-9180.0966796875', '-2518.708251953125', '15.00188636779785156', '100', '0', '0'),
(@CGUID + 003, '20', '-9188.7626953125', '-2486.136230468750', '11.50319480895996093', '100', '0', '0'),
(@CGUID + 003, '21', '-9223.4970703125', '-2482.448730468750', '10.54748249053955078', '100', '0', '0'),
(@CGUID + 003, '22', '-9222.1767578125', '-2460.598876953125', '12.18933010101318359', '100', '0', '0'),
(@CGUID + 003, '23', '-9250.3505859375', '-2443.025390625000', '11.82130336761474609', '100', '0', '0'),
(@CGUID + 003, '24', '-9288.9111328125', '-2416.033691406250', '8.978369712829589843', '100', '0', '0'),
(@CGUID + 003, '25', '-9324.5781250000', '-2424.419189453125', '11.48021316528320312', '100', '0', '0'),
(@CGUID + 003, '26', '-9353.8789062500', '-2444.981201171875', '11.89876651763916015', '100', '0', '0'),
(@CGUID + 003, '27', '-9380.1035156250', '-2457.328125000000', '13.06135082244873046', '100', '0', '0'),
(@CGUID + 003, '28', '-9384.6337890625', '-2483.430175781250', '11.29103279113769531', '100', '0', '0'),
(@CGUID + 003, '29', '-9406.7187500000', '-2495.613525390625', '11.84807395935058593', '100', '0', '0'),
(@CGUID + 003, '30', '-9413.5078125000', '-2521.359619140625', '13.28790283203125000', '100', '0', '0'),

(@CGUID + 004, '01', '-9375.8261718750', '-3192.447509765625', '9.814928054809570312', '100', '0', '0'),
(@CGUID + 004, '02', '-9354.8906250000', '-3207.339355468750', '9.649846076965332031', '100', '0', '0'),
(@CGUID + 004, '03', '-9322.0039062500', '-3239.536865234375', '13.09112930297851562', '100', '0', '0'),
(@CGUID + 004, '04', '-9290.3027343750', '-3262.082031250000', '12.98227596282958984', '100', '0', '0'),
(@CGUID + 004, '05', '-9283.6455078125', '-3281.194091796875', '14.43091201782226562', '100', '0', '0'),
(@CGUID + 004, '06', '-9275.9130859375', '-3322.461914062500', '14.85074996948242187', '100', '0', '0'),
(@CGUID + 004, '07', '-9250.7070312500', '-3340.007080078125', '18.72478675842285156', '100', '0', '0'),
(@CGUID + 004, '08', '-9228.2851562500', '-3366.873046875000', '18.21942329406738281', '100', '0', '0'),
(@CGUID + 004, '09', '-9218.2236328125', '-3391.592529296875', '16.72125434875488281', '100', '0', '0'),
(@CGUID + 004, '10', '-9196.4082031250', '-3401.498779296875', '17.78776931762695312', '100', '0', '0'),
(@CGUID + 004, '11', '-9172.1376953125', '-3421.335205078125', '16.75361633300781250', '100', '0', '0'),
(@CGUID + 004, '12', '-9150.8017578125', '-3446.058593750000', '16.40876197814941406', '100', '0', '0'),
(@CGUID + 004, '13', '-9125.3535156250', '-3480.507080078125', '16.14061546325683593', '100', '0', '0'),
(@CGUID + 004, '14', '-9113.6787109375', '-3522.532470703125', '11.78295612335205078', '100', '0', '0'),
(@CGUID + 004, '15', '-9107.5058593750', '-3550.616455078125', '10.73529243469238281', '100', '0', '0'),
(@CGUID + 004, '16', '-9087.2470703125', '-3576.774414062500', '9.771128654479980468', '100', '0', '0'),
(@CGUID + 004, '17', '-9081.3798828125', '-3613.214111328125', '10.20491504669189453', '100', '0', '0'),
(@CGUID + 004, '18', '-9058.0527343750', '-3652.335205078125', '9.570553779602050781', '100', '0', '0');

INSERT INTO `spawn_group` (`Id`, `Name`, `Type`, `MaxCount`, `WorldState`, `Flags`, `StringId`) VALUES
(@SGUID + 000, 'Tanaris - Searing Roc | Living Storm (1) Patrol 000', '0', '0', '0', '0', '0'),
(@SGUID + 001, 'Tanaris - Searing Roc | Living Storm (1) Patrol 001', '0', '0', '0', '0', '0'),
(@SGUID + 002, 'Tanaris - Searing Roc | Living Storm (1) Patrol 002', '0', '0', '0', '0', '0'),
(@SGUID + 003, 'Tanaris - Searing Roc | Living Storm (1) Patrol 003', '0', '0', '0', '0', '0'),
(@SGUID + 004, 'Tanaris - Searing Roc | Living Storm (1) Patrol 004', '0', '0', '0', '0', '0');

INSERT INTO `spawn_group_spawn` (`Id`, `Guid`, `SlotId`, `Chance`) VALUES
(@SGUID + 000, @CGUID + 000, '0', '0'),
(@SGUID + 001, @CGUID + 001, '0', '0'),
(@SGUID + 002, @CGUID + 002, '0', '0'),
(@SGUID + 003, @CGUID + 003, '0', '0'),
(@SGUID + 004, @CGUID + 004, '0', '0');

INSERT INTO `spawn_group_entry` (`Id`, `Entry`, `MinCount`, `MaxCount`, `Chance`) VALUES
(@SGUID + 000, '5430', '0', '0', '0'), (@SGUID + 000, '9397', '0', '0', '0'),
(@SGUID + 001, '5430', '0', '0', '0'), (@SGUID + 001, '9397', '0', '0', '0'),
(@SGUID + 002, '5430', '0', '0', '0'), (@SGUID + 002, '9397', '0', '0', '0'),
(@SGUID + 003, '5430', '0', '0', '0'), (@SGUID + 003, '9397', '0', '0', '0'),
(@SGUID + 004, '5430', '0', '0', '0'), (@SGUID + 004, '9397', '0', '0', '0');
